{"type":"FeatureCollection","features":[{"type":"Feature","properties":{"GEOID":"0403","NAME":"Congressional District 3","BASENAME":"3","STATE":"04","CD119":"03"},"geometry":{"type":"Polygon","coordinates":[[[-112.31278799970457,33.49322600013337],[-112.27244400003303,33.49379899985932],[-112.27242200029171,33.46473400002583],[-112.23818600017316,33.465329999735644],[-112.23836500027329,33.451799000035216],[-112.22115200022859,33.451776999688136],[-112.2209699997554,33.43714600007458],[-112.27235500034456,33.435591000026186],[-112.27251699982796,33.381259000160746],[-112.26060200012263,33.38358999980238],[-112.24937500033046,33.382610999880846],[-112.24238800017032,33.383832999773965],[-112.23494800027366,33.388969999657434],[-112.22020099965135,33.37459199991572],[-112.21997100039592,33.37011299967433],[-112.21533699968026,33.37007099965892],[-112.1479139999296,33.3046469998632],[-112.08361500027561,33.305142000253255],[-112.08362000029848,33.31970599973122],[-112.03182399980555,33.31967299969996],[-112.03180700008711,33.323304000114376],[-112.02238000044383,33.32331700006424],[-112.02232099999428,33.32684900011463],[-112.01450700000379,33.32683800025661],[-112.01449399958499,33.33421200025081],[-112.01800500019428,33.334220999782396],[-112.01786000042932,33.33859400019349],[-112.01445799959998,33.33852099962515],[-112.01443199966072,33.34147699978433],[-111.99718299963101,33.34149099963874],[-111.99715800041497,33.352429000263875],[-111.99433300006905,33.352460999654866],[-111.99521900034892,33.355193999884605],[-111.9891269997912,33.35616799977413],[-111.98374999980912,33.35988300005868],[-111.98245900037159,33.362622999929684],[-111.97873500022529,33.364232999796336],[-111.9692940003383,33.363645000009996],[-111.97011399959763,33.3598440000684],[-111.96297499999983,33.359950999961406],[-111.96297400017491,33.35642999974229],[-111.95702300008249,33.35640699979956],[-111.95720399983246,33.36729099977969],[-111.96330100041305,33.37549499985696],[-111.9633030000629,33.378006000282724],[-111.97818000038151,33.378185999967144],[-111.97847999995714,33.43458300001537],[-111.98293499967433,33.45798800000209],[-111.9784260004288,33.456932999738974],[-111.9784680002616,33.465666000345706],[-112.00421499999702,33.46570700017712],[-112.00464299961916,33.46873600007718],[-112.00857199980489,33.467937000284586],[-112.00857500017796,33.465712000100396],[-112.01291799974211,33.46573199979059],[-112.01290900041961,33.47311199981444],[-112.01521300035863,33.47310099972311],[-112.01521599983337,33.47430799964215],[-112.01290400039674,33.47495900024993],[-112.01297800001657,33.495234999766694],[-112.04761800036621,33.49472199979064],[-112.04752499958147,33.516488000273675],[-112.09976700013823,33.51687100030285],[-112.09963999991663,33.53139000000853],[-112.10826900004189,33.529589999936576],[-112.108264000019,33.5313290003096],[-112.11220800027336,33.53131800012609],[-112.1125999999105,33.533155999799824],[-112.11260599975829,33.53132099990394],[-112.13425599997682,33.53122100001278],[-112.13427799971812,33.53268799969109],[-112.13857500014986,33.53267699968048],[-112.13860100008912,33.53849400009181],[-112.20306100029993,33.53832299981704],[-112.20316400023209,33.50925700023588],[-112.27248099984294,33.50820700001262],[-112.27247599982009,33.52276799987674],[-112.2943789997586,33.52212799982723],[-112.29437399973573,33.51893300028857],[-112.29867299981728,33.518752999629854],[-112.29866100012174,33.51513199979589],[-112.30646400024155,33.51480700011515],[-112.30640899998996,33.507541999823125],[-112.31278799970457,33.49322600013337]]]}},{"type":"Feature","properties":{"GEOID":"0409","NAME":"Congressional District 9","BASENAME":"9","STATE":"04","CD119":"09"},"geometry":{"type":"Polygon","coordinates":[[[-114.75450800006612,36.08617099997761],[-114.74889099988454,36.07498099995154],[-114.74354200038988,36.0710370002629],[-114.74006000009291,36.0624370003626],[-114.73528499981028,36.05664800025217],[-114.73570099973689,36.053393000173074],[-114.74247899965967,36.04569699978638],[-114.74126199984198,36.03804399964776],[-114.73341699988936,36.0379130002794],[-114.72209600038587,36.028951999879226],[-114.72887400030862,36.02138699965489],[-114.73855500039515,36.01522300006293],[-114.74300500008945,36.00844999989724],[-114.73931799975307,35.99180400014743],[-114.74363799975102,35.98578499992761],[-114.74053600029397,35.97554500006092],[-114.72866599989617,35.96175699967003],[-114.72976200023835,35.95989500025546],[-114.71331199955158,35.93384399979332],[-114.71341299983392,35.93189999968326],[-114.70760300020679,35.92795000028146],[-114.70739800016737,35.918057000215384],[-114.70918700044558,35.91682700009315],[-114.70811200001982,35.90993299978652],[-114.70571400036947,35.90931600030218],[-114.70025799984636,35.90175699996675],[-114.69492799971994,35.897594000363476],[-114.69606400024507,35.896463999996854],[-114.67897199967591,35.885509999737764],[-114.67200899980521,35.878018000048016],[-114.6632139999986,35.87369200030037],[-114.66163599960757,35.871232999750745],[-114.66967999975184,35.86503600016163],[-114.687798000343,35.860727999886855],[-114.69145600036703,35.858661000192185],[-114.69437000040143,35.854463000098335],[-114.70190400000945,35.85322300012213],[-114.70585599976137,35.850508000345044],[-114.7062879995815,35.84621800016211],[-114.69527699969942,35.8310909998345],[-114.70366499980027,35.81461399995501],[-114.70932399981463,35.81004999990519],[-114.71202600013693,35.80552899973275],[-114.6993180000381,35.790479999703],[-114.70102699995039,35.76967999984003],[-114.69426699957094,35.75663299993846],[-114.6977260003017,35.75096599984524],[-114.69639999980576,35.74265299972407],[-114.69785900037108,35.73165700017854],[-114.70559700019359,35.708274000304655],[-114.70141600011281,35.70108400035608],[-114.68265700036247,35.688570999837594],[-114.68063100025779,35.684045999878975],[-114.68231699970552,35.67782500018715],[-114.69021400043499,35.66515899965715],[-114.68950700025526,35.65142899999577],[-114.67761500011615,35.64177400002574],[-114.66668200005185,35.623072999742256],[-114.6594610004383,35.61955199980374],[-114.65353399973701,35.60967199999097],[-114.65390000033318,35.598491000289336],[-114.65923799995721,35.58747700001496],[-114.67566699982928,35.58003300010464],[-114.66839299961393,35.57433100011637],[-114.6644330003644,35.568426000323676],[-114.66280499974465,35.564268000228275],[-114.66145700040573,35.54406200012115],[-114.65676999998666,35.534964000021354],[-114.65775300035092,35.53074099968811],[-114.66460099969558,35.521519000102124],[-114.66954000000972,35.52078999965675],[-114.67568500027093,35.51562999989211],[-114.67748000039693,35.51094799990501],[-114.67864199996302,35.49762800019905],[-114.67625699983313,35.49310300014167],[-114.67681500004997,35.48978700016939],[-114.67190699969795,35.4820870003636],[-114.67316399969862,35.4748140000432],[-114.66565100000702,35.4669110003465],[-114.66721699980415,35.46036999992319],[-114.66421699955602,35.45584500014456],[-114.66289599998126,35.446448999705474],[-114.6542950003434,35.436853999968704],[-114.65208000009284,35.43013399972315],[-114.62676500017756,35.4096439998946],[-114.62088699988007,35.39686699976254],[-114.6176980003844,35.380130999801615],[-114.61120599979355,35.370118999675284],[-114.60460699997094,35.35523899992858],[-114.59555299969823,35.32654699996372],[-114.59668199965236,35.29455700012195],[-114.58660399990582,35.26238599973244],[-114.58605300026001,35.24889099988138],[-114.58284200012467,35.23870299967282],[-114.58352300036515,35.23034800013771],[-114.58031200022985,35.220095000164534],[-114.5795349997299,35.20891100018818],[-114.57495799981399,35.20671400002208],[-114.57208399996257,35.20079400023595],[-114.56925799979174,35.18342400018934],[-114.56952899995338,35.16231699984324],[-114.57387900008858,35.145350999730134],[-114.57259699997356,35.13955700014484],[-114.57826299966065,35.128810000001394],[-114.58487699955188,35.12519400033527],[-114.59779399988804,35.121734999645916],[-114.61858600031411,35.12155700007158],[-114.62842700023417,35.11894299969341],[-114.63743200010309,35.112489000347146],[-114.64676400021014,35.10186799976946],[-114.64283099982646,35.09650299966913],[-114.62251700014963,35.08870300022019],[-114.61313200033914,35.08309699993614],[-114.60473599984236,35.07483000019739],[-114.60290800010439,35.0685879999082],[-114.60669400017498,35.058940999772055],[-114.6290270002838,35.042530999952255],[-114.63752400016457,35.0270529999579],[-114.63707100042807,35.010371000234805],[-114.63024400010148,34.99463999978727],[-114.62912900039103,34.98613199982633],[-114.63523699994401,34.96514900016618],[-114.63495300026189,34.95891800010212],[-114.62981099955815,34.94480999979762],[-114.6297529998318,34.93868399995768],[-114.63325299967212,34.924607999670265],[-114.63087699976309,34.907263000248975],[-114.63672499992333,34.8891070000245],[-114.63517599984463,34.87500300007463],[-114.63097899987034,34.86680500006225],[-114.62393900000671,34.85973800032415],[-114.60065299967086,34.847361000127655],[-114.58684199955721,34.835672000207055],[-114.57645199964111,34.815299999690914],[-114.57101000026002,34.79429399994109],[-114.5586529997905,34.773851999806055],[-114.55268199960658,34.76687100019022],[-114.52961499955383,34.75082199994299],[-114.51661899957496,34.73674499986073],[-114.49201699968718,34.72570199993473],[-114.48750800044165,34.71662599990958],[-114.4827790001898,34.714511000330255],[-114.47368200025939,34.713963999875915],[-114.47047699997185,34.71136799966876],[-114.46524599957964,34.69120200013724],[-114.45553600007912,34.67733500021061],[-114.45430500001774,34.671233999828836],[-114.45050600042667,34.666835999665196],[-114.45178500016864,34.663891000264435],[-114.45770199992589,34.659328000360304],[-114.45798499978311,34.65711299980356],[-114.4495490000017,34.65142299977064],[-114.44146499967447,34.642530000163184],[-114.44029399988753,34.638240000288285],[-114.44139799972731,34.63017099978531],[-114.43873899996103,34.62145500005755],[-114.42420200029936,34.610453000316596],[-114.42533799992619,34.600841999967],[-114.43680999994072,34.59607400014771],[-114.422382000059,34.58071099999928],[-114.40522799956554,34.56963699987259],[-114.38083800028821,34.52972400027739],[-114.37822300000455,34.5165210003569],[-114.37812400027036,34.507288000041214],[-114.3823580000546,34.49575799963086],[-114.38170100010358,34.4760400002075],[-114.38718699986559,34.462021000184514],[-114.38669899996896,34.457910999700864],[-114.37371899988358,34.446937999796674],[-114.3426150002576,34.45144199981558],[-114.33537200000443,34.450037999641516],[-114.33066899969181,34.445295000235724],[-114.32613000030906,34.43725100020631],[-114.3122510004233,34.43272599974484],[-114.30101600023522,34.426807000208825],[-114.29483599981393,34.42138899966145],[-114.29222599955317,34.41760599987562],[-114.29175100007532,34.41110399971708],[-114.28866299996366,34.4066230003178],[-114.28010800035653,34.40314700020705],[-114.26431700016894,34.40132900016965],[-114.25273899984919,34.39010000000764],[-114.23427499965162,34.376662000079435],[-114.22968600004015,34.368907999761646],[-114.22610699965881,34.36591600032316],[-114.21377400037704,34.36245999995397],[-114.19948200003944,34.36137299999831],[-114.1769089997311,34.34930599987107],[-114.16880699986051,34.33951299988784],[-114.15720599997455,34.31786200012285],[-114.13828200036775,34.30322999991018],[-114.13953400034552,34.29584399963547],[-114.13605000039874,34.28083300030116],[-114.13667100036476,34.27437699975114],[-114.1312109996437,34.26272999987095],[-114.13148900037636,34.260386999670686],[-114.13545000034912,34.257886000144154],[-114.14477900008313,34.259623000151834],[-114.15334600028412,34.25828900000467],[-114.16464800041935,34.25969899986284],[-114.16386699972145,34.25334900033661],[-114.1661239998048,34.250014999897516],[-114.17459700029447,34.24730299998749],[-114.17805000027911,34.239969000009715],[-114.1908760003787,34.230857999729004],[-114.21176099979284,34.21153899988895],[-114.22519399961475,34.20364199973486],[-114.22494099989474,34.19389599972306],[-114.22703399994657,34.18886599989514],[-114.22971500035247,34.18692800026988],[-114.24071199999085,34.18323200009307],[-114.24442100006856,34.17940300036064],[-114.25703399973278,34.172836999888446],[-114.26845999971658,34.170177000070346],[-114.27526699995168,34.17214899979662],[-114.28729399981002,34.1705290001584],[-114.29280600040961,34.1667249999847],[-114.31220600021747,34.14477600002474],[-114.3207769997181,34.13863499984503],[-114.3361119997961,34.134033999825256],[-114.3480509997909,34.13445700036413],[-114.35303000028803,34.13311999982168],[-114.36040200041263,34.12357700014115],[-114.36651699963829,34.11857699989823],[-114.37922300008728,34.115989999929525],[-114.39056500040549,34.11008400035297],[-114.40133600008807,34.11163800029877],[-114.41167999997339,34.11003099998684],[-114.42049900006944,34.103466000157326],[-114.42802600000476,34.09278699991011],[-114.4341810003117,34.08737899974361],[-114.43933999983558,34.05789299983726],[-114.43494899969251,34.037784000362684],[-114.43826600013301,34.02260899992671],[-114.44382100039033,34.01617600010656],[-114.4502059999527,34.01257399990919],[-114.45480700015808,34.01096800030665],[-114.46333599982592,34.01225899982252],[-114.46586700044398,34.01098699981833],[-114.46731000021747,34.00518999983074],[-114.45918400005745,34.00001599967461],[-114.45802800033914,33.997158000341166],[-114.45925799967728,33.994711000269454],[-114.4679320000084,33.99287700028749],[-114.47113800012083,33.98804000016956],[-114.48145500024197,33.98126099982951],[-114.48478400037807,33.975519000347724],[-114.49988299955622,33.96178900004412],[-114.50874699985815,33.957501999772326],[-114.51586000041499,33.95810599979123],[-114.5227339996989,33.95503900016041],[-114.52867999976846,33.947817000251604],[-114.53567600014944,33.933551999642354],[-114.53495100042635,33.925700000347014],[-114.52536099967811,33.92227199971466],[-114.51843399979244,33.917518000175335],[-114.5115110001047,33.91109199989191],[-114.5079200000278,33.90380700034147],[-114.50870800039839,33.900639999697134],[-114.5137149995863,33.89795899963143],[-114.52587200003927,33.90100800001006],[-114.52276800003409,33.892583000052774],[-114.50433999982152,33.876881999907006],[-114.50301699969864,33.867998000008015],[-114.50563799983006,33.86427599982801],[-114.51467299983621,33.858638000135045],[-114.52429199999844,33.86013299995733],[-114.52988300024076,33.85756299975502],[-114.5295970000105,33.84806299974534],[-114.51997000035065,33.82538100035309],[-114.52271399960742,33.81897899994251],[-114.5280499995816,33.814962999961054],[-114.51894199978054,33.797301999707216],[-114.51673400010098,33.78834500026182],[-114.50486299987827,33.76046500018878],[-114.50448299993667,33.75099799963117],[-114.51234799998078,33.73421399981813],[-114.50417599979001,33.728054999944014],[-114.50078800010267,33.722203999793145],[-114.49656500018911,33.71915499993195],[-114.49419699977766,33.707922000262414],[-114.49648900002111,33.696901000083024],[-114.5239589999125,33.68587900018128],[-114.53034799967286,33.679244999683455],[-114.53152299965774,33.67510800014028],[-114.53212299970735,33.669702000132666],[-114.53026700038032,33.666820999769676],[-114.52643899957863,33.66388000026603],[-114.51711200039276,33.662877000275344],[-114.51405699989307,33.66017899996544],[-114.51455900003339,33.65801399997229],[-114.51833699970805,33.65592699990556],[-114.5305829998495,33.65446099997739],[-114.5331939999352,33.65166000020296],[-114.53321499985157,33.64844299966037],[-114.5253940001884,33.64066900015359],[-114.52380199955367,33.634700000009296],[-114.52636999998165,33.63025899974952],[-114.5310339999362,33.62821299980213],[-114.53121499968617,33.62391300027507],[-114.52184499994428,33.61254400003098],[-114.52918600010675,33.606650000186164],[-114.54061700011343,33.59141200023204],[-114.54029999992102,33.58061500011409],[-114.53678400018717,33.570958999794925],[-114.53161300006943,33.56170199983364],[-114.52822000035924,33.55931799982781],[-114.52421500000554,33.5530679997355],[-114.55889800001287,33.53181899978139],[-114.5609629995773,33.51673899990548],[-114.56953300015135,33.50921899983938],[-114.58046799986546,33.506465000000986],[-114.5923690002254,33.49867500016034],[-114.60169399976147,33.48139599982555],[-114.61247200001506,33.47076800016519],[-114.62291800000762,33.45656099981376],[-114.62228299979787,33.44755800001163],[-114.6296399998539,33.428136999650036],[-114.64330200000465,33.41674599964192],[-114.64954000015226,33.413633000216834],[-114.65673499982655,33.41281300025645],[-114.6736909999533,33.41915700025952],[-114.68794999978064,33.417933999699045],[-114.69565800036423,33.4151279996741],[-114.69770799986004,33.41094199963003],[-114.70178799965849,33.408376999804474],[-114.7200650002583,33.40789099993785],[-114.7252820004068,33.40504800019626],[-114.72424999963874,33.40042000018151],[-114.7073089995806,33.382540000007964],[-114.70734799993866,33.37662699978815],[-114.6990560000973,33.3611479996339],[-114.6980350000982,33.35244200036962],[-114.70093800026193,33.337014000141494],[-114.70787000017046,33.32331600024141],[-114.72362299982495,33.312109000176626],[-114.72990399963022,33.30574499978524],[-114.73122299955519,33.302433000220375],[-114.72167000041352,33.28698200006509],[-114.69444900004414,33.27978500030904],[-114.68050700040921,33.27357600017514],[-114.67703199978496,33.270169000230624],[-114.67208800034625,33.25849900017514],[-114.67449100001947,33.255597000014276],[-114.68954099969213,33.24642800022418],[-114.67362599965597,33.22312099980958],[-114.67874900009316,33.203448000124006],[-114.67535899985769,33.185488000051045],[-114.68088999982555,33.16907400015203],[-114.67994499999443,33.15905900017594],[-114.6874049999826,33.14198300031675],[-114.69691399964164,33.131119000202254],[-114.703682000417,33.11376800007516],[-114.70789600010976,33.097430999680995],[-114.70648799959805,33.088160000058586],[-114.68902000018353,33.08403500008699],[-114.68911999974264,33.076120999705886],[-114.68699099970581,33.07096800007293],[-114.67429500020089,33.057169000250255],[-114.67510299976465,33.04752999992626],[-114.67365900016625,33.041895999756754],[-114.67080299985818,33.03798300017147],[-114.66231699984803,33.03267000019643],[-114.6578269999708,33.03382399968945],[-114.64900100020202,33.046761999862085],[-114.64597900021258,33.04890199997234],[-114.63955199991909,33.04529000003269],[-114.62829400016477,33.03105000031002],[-114.61878799998044,33.02720200012409],[-114.6010140002442,33.025410000079745],[-114.58977800023119,33.0262279999847],[-114.5847650002972,33.028230000121965],[-114.57936999987346,33.03456300015781],[-114.5751610002036,33.03654100011762],[-114.53845899976426,33.03342199990037],[-114.52013000018422,33.02998399992462],[-114.5113429998752,33.02345499974607],[-114.50287000028385,33.011153999691736],[-114.49979700024082,33.003904999980726],[-114.49293800012717,32.97178099969671],[-114.48862499980191,32.96994600031015],[-114.47676299980003,32.97490500008641],[-114.47276400019244,32.9746870000331],[-114.46860499985296,32.97164900029341],[-114.46736700011888,32.96538399995972],[-114.46739899990592,32.957912000089394],[-114.46921300029851,32.952454999766395],[-114.48092499961425,32.93627600026564],[-114.4766399997764,32.92362800019358],[-114.4644480000616,32.91312799974017],[-114.46292900012014,32.90794399981124],[-114.46897099955083,32.84515500004095],[-114.49411599958681,32.82328699964225],[-114.51032699989896,32.81648799978645],[-114.52203099971712,32.80167499980799],[-114.52963299999551,32.79547699979853],[-114.53166900014592,32.79118500019681],[-114.53243200040217,32.77692199997799],[-114.52663500029551,32.76029699985419],[-114.52621599999587,32.75274399974148],[-114.52750399995865,32.7452579997067],[-114.5348290002276,32.732500999854025],[-114.54534200016734,32.7231709998264],[-114.5555200003713,32.71967599983217],[-114.57358700001052,32.720738999760094],[-114.58964099996385,32.724609999771246],[-114.59908199985085,32.72096099978368],[-114.59903300034537,32.71696400028806],[-114.60745900008104,32.716910999918255],[-114.60943300030718,32.71783000032922],[-114.61178499992677,32.72304399969866],[-114.61381699987926,32.726014000193395],[-114.61434699960867,32.725794000302564],[-114.61193899991258,32.7230090003041],[-114.613462000052,32.72181100017778],[-114.60935499959108,32.70052500011281],[-114.60514599992119,32.695009999962984],[-114.59888500020736,32.69211300010143],[-114.5988459998493,32.6800559996797],[-114.6288930003895,32.68028200017994],[-114.62892600000144,32.68399200011592],[-114.638566999905,32.68398200023359],[-114.63606999962215,32.678454999932434],[-114.64088300043792,32.66946799991757],[-114.6673549998964,32.669284999965015],[-114.66746100020163,32.68379899976946],[-114.68460099955306,32.68379099969517],[-114.68424900009887,32.625554000011576],[-114.63265099997267,32.62582600006907],[-114.63199499984654,32.55279800010662],[-114.56289300032083,32.5529779997748],[-114.5631870000487,32.581861000217906],[-114.55438100037142,32.58184799975449],[-114.5544850001285,32.59704299964484],[-114.54628199997558,32.59724000008137],[-114.546487000015,32.61907299973719],[-114.54217000039009,32.61912799967242],[-114.54223800016214,32.62638199985106],[-114.3581739997433,32.626922000224646],[-114.35799700019126,32.619807999795185],[-114.11616900036697,32.61980400029915],[-114.11614699972735,32.62684400032998],[-114.09052600038862,32.62732900002718],[-114.09058999996272,32.63474899970625],[-114.03888700025455,32.63484099994403],[-114.03902500034678,32.64231100004423],[-114.02196399973975,32.64236600007084],[-114.02207199969477,32.64965600000943],[-113.97014200020588,32.64981900021801],[-113.97027600010018,32.66440099983099],[-113.88403799962435,32.664937000088926],[-113.88442900033492,32.67913099983881],[-113.81536600026894,32.67922299977947],[-113.81535399967505,32.69403100026902],[-113.74710599974385,32.6942939998624],[-113.74725999972965,32.72570699986621],[-113.73762399984898,32.726719000239655],[-113.73512200044155,32.72484400024331],[-113.72045099998726,32.727618000274795],[-113.61693599989262,32.766958000173055],[-113.33370900006248,32.76785099998705],[-113.33378600005534,33.023476000193895],[-113.19593600010795,33.08790500029074],[-113.18781599979569,33.088630000216575],[-113.18463200032288,33.09132299978126],[-113.17219600021065,33.091219999799954],[-113.1582749995938,33.093593999908336],[-113.14469199998408,33.097883000370395],[-113.09958100042581,33.13905999999495],[-113.09216599974518,33.141173000205015],[-113.08975600039925,33.14810299967573],[-113.08596000028295,33.14997199964516],[-113.08467499979488,33.15272100003459],[-113.06756899988031,33.16773300006421],[-113.06175400023032,33.170175000280715],[-113.0552120003091,33.17867200035739],[-113.05031400000283,33.181191999930725],[-113.04684299957651,33.18678100024226],[-113.02657800030347,33.204394000359535],[-112.92200100020186,33.205046000169474],[-112.92200100020186,33.203436000053806],[-112.82842999995948,33.20346700029449],[-112.82827599997368,33.11651999966166],[-112.63403099987612,33.11592599985585],[-112.63402000000546,33.1309160001854],[-112.49592599966057,33.13095800020151],[-112.49600299965346,33.21793599977128],[-112.46100599982677,33.21792199962671],[-112.46120400019349,33.188793000101604],[-112.35794299964375,33.18874900024021],[-112.35786900002392,33.36278299978628],[-112.3406769998956,33.36268899969985],[-112.33960099964494,33.37184500026012],[-112.34067299969766,33.371851000355555],[-112.34067799972053,33.37561800031978],[-112.34491700042595,33.37561900029234],[-112.34490800020512,33.37698000029378],[-112.361859000309,33.37719699967247],[-112.36197599958655,33.387498000078494],[-112.36623399966022,33.38832900004389],[-112.36623600020837,33.39184099969403],[-112.35733500009653,33.39202199977284],[-112.35792199972735,33.42473200031482],[-112.34988199978106,33.42894700000575],[-112.35373899999675,33.42804100026202],[-112.35387000041632,33.431708999866395],[-112.35621600018813,33.43170999994325],[-112.35633699966364,33.435333000348514],[-112.35396099975459,33.435330000243134],[-112.35394099966312,33.44258100003692],[-112.34980300013835,33.44258000008533],[-112.34979800011547,33.44621599969515],[-112.35395800027986,33.44620799966787],[-112.3539399998382,33.44983399993175],[-112.34110399969288,33.449871000285114],[-112.34093800001153,33.47879700033548],[-112.35533699958093,33.478866999901214],[-112.35800600029125,33.480320999691294],[-112.3580079999411,33.48608399975571],[-112.34284299974237,33.493245000098796],[-112.31282500041281,33.49313299972998],[-112.30640899998996,33.507541999823125],[-112.30646400024155,33.51480700011515],[-112.29866100012174,33.51513199979589],[-112.29867299981728,33.518752999629854],[-112.29437399973573,33.51893300028857],[-112.2943789997586,33.52212799982723],[-112.27247599982009,33.52276799987674],[-112.27248099984294,33.50820700001262],[-112.20316400023209,33.50925700023588],[-112.20306100029993,33.53832299981704],[-112.22045400026968,33.53792499970672],[-112.22029799973575,33.55241799983016],[-112.3067620001674,33.55072800009778],[-112.30717899991892,33.565371999929305],[-112.30021699987313,33.56550400017645],[-112.30307300018119,33.57548999980421],[-112.302854999723,33.57935300022821],[-112.29869200008388,33.5800059998075],[-112.29869299990878,33.60519100004073],[-112.30464499982612,33.606813999991125],[-112.30310599979316,33.6106649998501],[-112.30319500037992,33.623407999647206],[-112.30752600024854,33.62345600025185],[-112.30996300025697,33.63070300005479],[-112.3076640003408,33.63068300036653],[-112.30768100005923,33.638752999687235],[-112.46032999960917,33.63844500030164],[-112.45132300009043,33.653291000074454],[-112.44691000020605,33.65619099967504],[-112.43622800021194,33.659220000047085],[-112.43292199964205,33.66686100029572],[-112.42274799963604,33.67758200023044],[-112.4105430004008,33.68556599986899],[-112.40401300017514,33.68047400028358],[-112.4059820003784,33.68227400010024],[-112.40164399993878,33.682258000367554],[-112.39107300027275,33.691629999770115],[-112.37588200013478,33.6956060002035],[-112.36192100023327,33.69622899978206],[-112.35281400025711,33.69837899988978],[-112.320942000352,33.6989239999279],[-112.31589000005992,33.70244599981442],[-112.31078599988935,33.71375400014477],[-112.30804799958206,33.714072999696114],[-112.3080869999401,33.717678000213894],[-112.30552000023535,33.717647999996785],[-112.30807600006945,33.71846199968017],[-112.30806900039677,33.72132999963477],[-112.30562599964226,33.72141500006389],[-112.3057699995823,33.724944000312654],[-112.32845800041666,33.72491500006709],[-112.32973700015863,33.72343800008158],[-112.33542799996005,33.723662000039454],[-112.34264699992382,33.72069000003007],[-112.34265899961936,33.731280999961065],[-112.3513279999276,33.731273000175875],[-112.35132700010269,33.73850999966802],[-112.36019300005444,33.738526000129276],[-112.36018800003156,33.75314800032159],[-112.39463300038753,33.75304900015342],[-112.39484299955147,33.782119000105176],[-112.44710799967447,33.78214499966788],[-112.44712299974307,33.83218199964567],[-112.42974700039007,33.82903800005298],[-112.42958300035855,33.89818400006944],[-112.42803799957949,33.898202000287604],[-112.42793200017259,33.92070400021358],[-112.74395099962464,33.99989799974146],[-113.33331300022734,34.00003900012844],[-113.3330920002944,34.478459999893865],[-113.3343590003408,34.561314000262165],[-113.33304799991348,34.69177300033833],[-113.33281199991194,35.34628099990828],[-113.33410499989759,35.508416000139185],[-113.35449499974241,35.49438300030055],[-113.44163799986639,35.493246000210135],[-113.52487600009412,35.49500199999534],[-113.62036399976292,35.4945050001038],[-113.78430100010269,35.654620000245174],[-113.8188979998963,35.66607500006365],[-113.8264089999381,35.67060700035621],[-113.82982500011282,35.6695689998216],[-113.83108700013635,35.60692200015134],[-113.83406100044517,35.60615999976916],[-113.8456089997294,35.597168999868906],[-113.86585200015945,35.588522000306384],[-113.87275399993077,35.589048999728604],[-113.87436300028392,35.591851999786016],[-113.8754870002152,35.605544999724],[-113.8685879999186,35.613268999768025],[-113.85658399962651,35.6178849997973],[-113.85038499983693,35.618012999972315],[-113.84924400018726,35.61987999989698],[-113.85195900003,35.621331999761026],[-113.85172600040151,35.62329999986434],[-113.86357099978663,35.62770499996688],[-113.86896000036259,35.632170999730334],[-113.87680699996505,35.628586999951835],[-113.88859399962386,35.62722399968805],[-113.89944999969528,35.62888099973152],[-113.91222899993917,35.6343300002332],[-113.91302700035551,35.637253999811186],[-113.91714300013898,35.63080699967938],[-113.91993099977667,35.62074199972616],[-113.93523599971746,35.64358999980489],[-113.9535280003859,35.661875999667906],[-113.9713120001679,35.68387299969941],[-113.98498600001423,35.70806899992863],[-114.02391600022459,35.714582999779935],[-114.04287599981639,35.724745999888015],[-114.01353499963102,35.74063599994906],[-114.00907200041624,35.744956000058224],[-114.00184800042965,35.74863299971682],[-113.99569599959744,35.754692999985025],[-113.99560400043426,35.7643570000417],[-113.97908699980033,35.77570899969056],[-113.97032299995584,35.77800199976958],[-113.96335900026024,35.77767500000612],[-113.96201600004585,35.776317000024676],[-113.96308499972555,35.77444899975214],[-113.95878200034434,35.7738940002736],[-113.96069200009805,35.769327999796744],[-113.95313400020059,35.76749299980482],[-113.94465200038842,35.768462000128295],[-113.939061999971,35.77205300008062],[-113.9299580003679,35.7833020002361],[-113.92891599955409,35.78906099966925],[-113.930310999647,35.79262299991875],[-113.92972800021413,35.797248000027096],[-113.9385670004017,35.80339300009407],[-113.94047499960729,35.807025000193704],[-113.93306300019802,35.80564199989769],[-113.91110400018302,35.81799399968259],[-113.90479900008825,35.81992399980806],[-113.90353200004185,36.09283799992275],[-113.8977490001789,36.092056000082785],[-113.89522799960658,36.088883999666315],[-113.89542900034635,36.077168999937776],[-113.89121200028056,36.067596000111166],[-113.87675300043671,36.05735300004895],[-113.84390900003797,36.049480000136406],[-113.81063500036726,36.04835500015614],[-113.7955670002529,36.02922399991266],[-113.7862669999329,36.028230000096535],[-113.78242499978583,36.02531900004929],[-113.78469299973986,36.01132699979312],[-113.78106800022607,36.002146000343906],[-113.77965899988945,35.99118900035573],[-113.77683199989369,35.98503400014467],[-113.77133600008594,35.978659999946764],[-113.76921399972179,35.97267199977984],[-113.76561199977422,35.97009500010795],[-113.7567170004085,35.96751900034889],[-113.74957399971441,35.968554999837515],[-113.73769900019207,35.95614799993844],[-113.74113600028318,35.94749799996747],[-113.7396730004182,35.94062900013253],[-113.72214900002889,35.93919199972522],[-113.71379899956285,35.92786800011711],[-113.71667800033548,35.907378000226515],[-113.71217099984145,35.89414800036121],[-113.71343600023802,35.885380999662374],[-113.70796700019444,35.87964000007942],[-113.68111900009399,35.874936000176184],[-113.67572299984533,35.868855000089376],[-113.66883299976956,35.86578399964084],[-113.66378899987342,35.855558999855184],[-113.65592499965423,35.8484280003563],[-113.65621400025753,35.836302999898166],[-113.64743299979631,35.8238840002984],[-113.63669399990076,35.81902800015612],[-113.63184300034847,35.81960899976286],[-113.62822499960907,35.8224169998186],[-113.62587100033966,35.82932099969515],[-113.61903800016528,35.83689300023855],[-113.61593599980992,35.84596699990317],[-113.61157399997917,35.84967900026017],[-113.60592400018562,35.84945700028578],[-113.56964199987087,35.8215770002349],[-113.56645699967483,35.80949300012147],[-113.56308900007899,35.80425100006111],[-113.54337899975143,35.79564499966057],[-113.52825799993363,35.77836600029139],[-113.51416599961257,35.76754200008425],[-113.49988000002107,35.765570000358814],[-113.48643799997834,35.76667900005864],[-113.46920800021519,35.7648709998535],[-113.43730399962473,35.75297399982274],[-113.42094599989778,35.75095200008001],[-113.39044399997123,35.75262900031619],[-113.38385600001926,35.75455199983151],[-113.37771099975808,35.763378999946625],[-113.3687290003537,35.77132000012665],[-113.35636500021148,35.776829999878885],[-113.34157300028167,35.787886000250204],[-113.33788000009753,35.79274600032258],[-113.32951100026324,35.8130210000965],[-113.3332670001966,35.82167899996653],[-113.32584599966818,35.82984900008385],[-113.32689099995673,35.840697000145525],[-113.31503099960464,35.85446399976754],[-113.3103929995894,35.863212000168325],[-113.31279299978789,35.87254999965485],[-113.30933099958239,35.88539099973213],[-113.31006600024953,35.892002000188306],[-113.32283299989959,35.89874000020623],[-113.32785800042747,35.90768599989606],[-113.33484999971216,35.91385900031],[-113.3341409998826,35.91871900020912],[-113.3287830001671,35.92601000016116],[-113.3255100001075,35.93472900032572],[-113.32551900032834,35.9399040003543],[-113.32865900031854,35.95014199988685],[-113.32569000003257,35.95501699992756],[-113.31741699955944,35.96081999985882],[-113.3190240002628,35.96578499972116],[-113.31725900027402,35.968611000228265],[-113.31937499989208,35.973906000339205],[-113.32183199999196,35.975942999683205],[-113.33279199982043,35.97854200005238],[-113.33977700033076,35.98515000010949],[-113.34141099989998,35.99070599983127],[-113.34013600035597,36.003284000079915],[-113.34383799986263,36.0100079999589],[-113.34836000042529,36.01311499993419],[-113.35170799992963,36.03425000002045],[-113.35417599990018,36.040368000015384],[-113.35203900036574,36.0475280000455],[-113.34733100003025,36.055181999980725],[-113.33077199956354,36.06832200002684],[-113.32617299990632,36.07842400031813],[-113.3236580000801,36.090834000324556],[-113.31997099974372,36.09676899984214],[-113.31034900010675,36.10004899976942],[-113.30058400035465,36.09572999985106],[-113.27924700013058,36.09733600004785],[-113.25716000006908,36.088500000123126],[-113.24628899992906,36.09333599989624],[-113.23114600036996,36.08952400005967],[-113.22491900009302,36.091143999974335],[-113.21844499994386,36.09937700026124],[-113.21583200020834,36.10761399984405],[-113.2016710002903,36.11904100016891],[-113.20529400015425,36.13318799999643],[-113.20092499975249,36.14410899993218],[-113.20126899970909,36.14957299989954],[-113.19675100024273,36.15294900035174],[-113.17256899958122,36.16273499981496],[-113.16293000022583,36.171742000129484],[-113.15688200004902,36.174304999971625],[-113.1491719998156,36.173676000018645],[-113.1431959996088,36.17161100016762],[-113.13707999965995,36.166424000029345],[-113.12800500036916,36.16947600016427],[-113.12135999961745,36.17377600010313],[-113.11409200014822,36.18322300000336],[-113.09547399996488,36.19356599983052],[-113.08717000042793,36.19539800029809],[-113.06226200021844,36.20716300009934],[-113.05275900040715,36.20936500005785],[-113.03826399967996,36.22660800002744],[-113.01756699968848,36.2371849996804],[-113.00634300026937,36.238753999706475],[-112.98972500025143,36.232735999661664],[-112.98120999992896,36.23176899989305],[-112.9359090003999,36.242599999758696],[-112.93009800004957,36.24606600029531],[-112.92757099962947,36.25300500025424],[-112.92340600034052,36.25773999965587],[-112.9150840003619,36.2581390003291],[-112.90294899965023,36.25376099975672],[-112.8907450002399,36.25913399986007],[-112.88254299991189,36.265794000175276],[-112.87846399993836,36.27626400025461],[-112.86923399993854,36.282303999661515],[-112.84366899977805,36.276729999965305],[-112.83773500030235,36.27884599987932],[-112.82963400025668,36.287041999646505],[-112.82450400014682,36.28834100028279],[-112.81255000008342,36.28856300035842],[-112.79854800017402,36.28388599980812],[-112.79376100019584,36.28439800025486],[-112.78930499975543,36.28909299968763],[-112.78910399991399,36.29765300017857],[-112.78747700001749,36.30082099972836],[-112.7827119997806,36.30303300027815],[-112.7717150001422,36.303108999739976],[-112.76614800018932,36.305711000022484],[-112.76168099987828,36.310047999772785],[-112.75871300031552,36.32072099991251],[-112.75578599986231,36.324346999653805],[-112.74906499984097,36.32543600015126],[-112.73179400006997,36.31776200008231],[-112.72287200004172,36.3199700002694],[-112.72013499955932,36.325167000159645],[-112.7264959997306,36.34204300023905],[-112.7225740001159,36.34694100011285],[-112.69748199978338,36.35536300031873],[-112.68930999959261,36.353844999971784],[-112.68568900027678,36.34426999993826],[-112.68157099994518,36.34166200022436],[-112.66842400035354,36.34661299985886],[-112.65320499972816,36.361718999787165],[-112.64698800039528,36.38386900023563],[-112.63991099982344,36.38880899964925],[-112.6294899999452,36.39161100024008],[-112.63253899969882,36.39458200029383],[-112.63000999962891,36.39664099976426],[-112.63155600023286,36.401240000240676],[-112.62789099963781,36.403468999818465],[-112.62820199998242,36.40601899969223],[-112.6251239999165,36.40670199965356],[-112.6241000004427,36.410389999830485],[-112.62567899976028,36.41234000026044],[-112.6241649998417,36.41461000019762],[-112.62674699961507,36.41521099980935],[-112.6281929997616,36.41765600001379],[-112.62806600043831,36.42329399997142],[-112.6308399998323,36.42339899986634],[-112.62911000000364,36.427705999756505],[-112.6308909998859,36.42877799986801],[-112.63867800011222,36.425128000172876],[-112.64173400043686,36.4315359998173],[-112.6399510000064,36.43433700027694],[-112.64464300044837,36.43442700019683],[-112.6423360001363,36.43741500000876],[-112.64645600011771,36.43883400008574],[-112.64687000039449,36.440399999875616],[-112.64454399981585,36.44164700000435],[-112.64013199975638,36.439244000252856],[-112.6369940003143,36.444077999836544],[-112.64032699975004,36.44312899968256],[-112.64261599962046,36.44659100029038],[-112.64759400029267,36.4468950000779],[-112.64060100028476,36.44906800004884],[-112.64279700026874,36.45320099977614],[-112.64134600009932,36.456717000071045],[-112.64510700005555,36.45676699990843],[-112.64338399989957,36.461090999764274],[-112.64088800033993,36.460589999723425],[-112.63477099966782,36.46404900024355],[-112.63290799976977,36.462691000309135],[-112.62895400036801,36.46528299991547],[-112.62923100037746,36.46899700016836],[-112.63234600025329,36.470103000093516],[-112.62771200043598,36.47089200019069],[-112.62281300030477,36.4749839999555],[-112.62539300042833,36.47623999991026],[-112.62399300031255,36.47775800019498],[-112.62606000042511,36.479319999868274],[-112.62445199989688,36.48190000027867],[-112.62203699962974,36.481977999868725],[-112.62182099971969,36.48490199971105],[-112.62646499958274,36.48335800035524],[-112.62564699997324,36.48639900007898],[-112.62896000021581,36.486695000271055],[-112.6356629997955,36.484082000334965],[-112.63620599994371,36.487032999639176],[-112.64064099956943,36.488474000181576],[-112.63971500000487,36.49043000033125],[-112.63527100015834,36.49200499964196],[-112.63682100006196,36.49476399991397],[-112.64005300011367,36.49557799990627],[-112.64056100010177,36.49827099994662],[-112.64311500028607,36.495568000181834],[-112.64582900030392,36.496871000265365],[-112.64616200038984,36.498481000279334],[-112.64264300028294,36.499008000353186],[-112.64167800036034,36.50199400014316],[-112.64811499980127,36.503425000185366],[-112.64485400033556,36.50608900016524],[-112.64643799967605,36.510100000113894],[-112.65163100043343,36.50910800027057],[-112.6561210003107,36.514624999986374],[-112.65253899955631,36.51844800016972],[-112.65507099999928,36.520152000041634],[-112.65566199982807,36.52279000030522],[-112.65311400038989,36.52843699965705],[-112.65890700029856,36.529038000147175],[-112.65872800019842,36.53472999975528],[-112.65577200033123,36.537372000230704],[-112.66025200016276,36.53846599968017],[-112.66009999982681,36.54339500011018],[-112.65167699956585,36.54456299987841],[-112.65405300037322,36.546042000255994],[-112.6500599997151,36.55119899978587],[-112.65636499980985,36.55391499970916],[-112.65336700010988,36.55814499975763],[-112.64735900011604,36.56162699990164],[-112.64811999982415,36.56426999966042],[-112.64162800013163,36.565735000204995],[-112.64136799984064,36.56915200001736],[-112.64420700043027,36.57111500009728],[-112.6327980001649,36.570324999826994],[-112.6323320000096,36.574406999933025],[-112.63548500041858,36.57592999989669],[-112.63426500022786,36.577578000272034],[-112.62854299956598,36.5767509998481],[-112.62999799993332,36.581481999793205],[-112.62613499986986,36.581733000350866],[-112.62936500027176,36.58945399966068],[-112.62258399997593,36.59144100007719],[-112.62640600003151,36.593155999958526],[-112.62094500038386,36.5956449997039],[-112.62358599970847,36.60011000023109],[-112.61983300014815,36.60236500010054],[-112.62246799962497,36.607177000091156],[-112.61893299962456,36.61044799994644],[-112.61857500032258,36.61349200026548],[-112.62344900033943,36.61512100022891],[-112.62426500029912,36.62152199969468],[-112.62271899969514,36.6267529998956],[-112.62704299989106,36.62992499964133],[-112.6249480001894,36.635142000027216],[-112.62914400033881,36.63761200032697],[-112.62741699998489,36.63933099982681],[-112.6293619998987,36.64581600008039],[-112.62580199978393,36.64762699964327],[-112.62992599996332,36.64930500009655],[-112.63074199992302,36.65176600023481],[-112.62748099955898,36.65482499974365],[-112.63362900019322,36.65882799981773],[-112.63282900012706,36.661839000321855],[-112.63635699955645,36.66831800029241],[-112.63458900009296,36.670965000197775],[-112.63867899993713,36.674477999799784],[-112.63659699975597,36.67777900017612],[-112.63335600038175,36.67889299998314],[-112.63283599979977,36.68110099977194],[-112.63519400016546,36.68437699998115],[-112.6343260003272,36.68717300016002],[-112.63134399962246,36.688095000181214],[-112.6287490003286,36.69177000024006],[-112.6304380001494,36.69654499997269],[-112.62854799958883,36.69725299995292],[-112.62701000027911,36.701163999711184],[-112.63124400006333,36.70544599990596],[-112.6266710003454,36.70688899972083],[-112.62378999992296,36.711161000071236],[-112.62763500044308,36.714344999785325],[-112.62795400028533,36.716729999673014],[-112.62380900018954,36.717274999694936],[-112.62267199983948,36.72038699965627],[-112.61657799963193,36.72146099996182],[-112.62276300007606,36.723408999708376],[-112.62020100039418,36.728063999668265],[-112.6208709998657,36.73025600009758],[-112.61816799971851,36.73017999996975],[-112.61538900030163,36.72678799982018],[-112.61718100005459,36.73115999994124],[-112.61648999976836,36.73368499984871],[-112.6225189996786,36.734644000299646],[-112.622110000323,36.73719499995317],[-112.61879500043062,36.738150000043916],[-112.61480900034351,36.73542000019937],[-112.61223400024282,36.736853999762715],[-112.61448899977805,36.74060900018768],[-112.6182809996964,36.74105000001783],[-112.61678000019658,36.7445759998922],[-112.61209600015054,36.74292400021534],[-112.61366399959752,36.74905499985705],[-112.6170339997415,36.75040699990974],[-112.6169209997636,36.75492899964995],[-112.61421000011879,36.754957999818224],[-112.61171600020897,36.75197000000424],[-112.60981999980064,36.75548700031913],[-112.61165799958435,36.757744000260004],[-112.61550999977715,36.75785199997018],[-112.61535599979136,36.76264899966547],[-112.6203009999533,36.76366800032672],[-112.61949699968918,36.766332999743575],[-112.62094700003368,36.76966199974994],[-112.61831099983362,36.76914699966495],[-112.61220999995338,36.77588599967576],[-112.61352899987831,36.77679199978116],[-112.61658699985274,36.77488400017426],[-112.61972799966786,36.7827440000637],[-112.61388399970555,36.78673000029675],[-112.61422299963927,36.79171900003297],[-112.61194299998967,36.79495000031653],[-112.61467799992394,36.79765800007006],[-112.60844099960121,36.79803900009863],[-112.61056799998825,36.80207100020605],[-112.60382400040068,36.79960099983836],[-112.60546499964256,36.80229799981138],[-112.60371800009547,36.805375999962095],[-112.60649300021267,36.80759999982718],[-112.602968000258,36.80867199978783],[-112.60092399971167,36.80658500033777],[-112.59729699964974,36.80920699981433],[-112.60009199985845,36.810157000146084],[-112.59920700030179,36.81556900003952],[-112.6015249995862,36.817452000146254],[-112.59961999985535,36.82024399988436],[-112.60084500006896,36.824090000048685],[-112.59738700006143,36.824420000150006],[-112.59690500001258,36.829536000024255],[-112.60038099956346,36.831928000020625],[-112.82737100032556,36.83198900002247],[-112.82735299988387,36.90331599973637],[-112.82932100026223,36.90341500026029],[-112.8295029998371,37.00051599971132],[-114.05061600018703,37.00016699983864],[-114.04993499994656,36.70952100010287],[-114.04284300020443,36.44817500030192],[-114.04405099980129,36.317627999780825],[-114.04555899987211,36.28883699971788],[-114.04394399967116,36.19335000002779],[-114.05866199998111,36.18783499981812],[-114.0667980001869,36.17908700007748],[-114.07883199971789,36.15743400029922],[-114.08123399956624,36.15020799982534],[-114.0917010003735,36.13730300027746],[-114.09699399979168,36.12082299973032],[-114.10838100031573,36.11915400033712],[-114.1184969996971,36.11389999973545],[-114.12086500010854,36.1108499996413],[-114.12103300033806,36.10388499986965],[-114.115207999744,36.09987800002824],[-114.11199800033191,36.09491000011726],[-114.11964800029087,36.08582200026946],[-114.12401900034244,36.075563000078226],[-114.13338900008434,36.06166499978653],[-114.13620600003436,36.053231999794185],[-114.13484100007868,36.04387300033745],[-114.13711200040572,36.03849099975594],[-114.14466600010522,36.03427200014877],[-114.14590700021236,36.027229000249115],[-114.15138999960134,36.02313299995271],[-114.16440200037206,36.02685199965127],[-114.17468299960986,36.0266699998192],[-114.19122100016018,36.02001899988761],[-114.21193200039538,36.01483400009408],[-114.22479799977963,36.013699000186044],[-114.22801499976269,36.01473100008531],[-114.23344299979841,36.01283500000088],[-114.24386500039985,36.015266000223654],[-114.26437999991813,36.02791099968178],[-114.26858600011329,36.03503399987665],[-114.2708619995649,36.045522999746055],[-114.27963700017835,36.04610300032177],[-114.28799199976892,36.04906999985249],[-114.2985929995722,36.05726299985482],[-114.30862400036139,36.05697599986374],[-114.31359100026462,36.05904800033639],[-114.3143279996833,36.0620159998606],[-114.3124199995794,36.066117000357764],[-114.30438399983106,36.074018999927254],[-114.30693899984024,36.0824870000549],[-114.32086600030487,36.09646300010521],[-114.32581399994156,36.10393300022608],[-114.33463200021271,36.10678399968301],[-114.34509999994658,36.11855600002103],[-114.35896799996166,36.12779499965801],[-114.37018100040844,36.14262399993292],[-114.37527800000804,36.143592000139876],[-114.38147900034573,36.14134900003755],[-114.40562400029897,36.14698300024855],[-114.41525299960864,36.14512299982767],[-114.42311400035312,36.13735000007801],[-114.44504200040598,36.12534600011315],[-114.45133099970889,36.12983100022086],[-114.45648699975803,36.138031999679825],[-114.46260000023217,36.139643999971604],[-114.46867400034823,36.138889000187795],[-114.48382699995308,36.129719999813744],[-114.49884900003664,36.12661200014009],[-114.50471499974027,36.12718799978345],[-114.50846700037397,36.1299130001136],[-114.50920999964042,36.133247000226724],[-114.50514999993345,36.1380780000608],[-114.5003389996658,36.14069999968579],[-114.50023599973363,36.143225999722844],[-114.50810400015081,36.14971300009079],[-114.51121800020174,36.150576000129625],[-114.53109099983762,36.147644000239964],[-114.53923299989115,36.15176400017564],[-114.54874200044853,36.15069699987616],[-114.55616200025374,36.15247000016332],[-114.56117299963958,36.150920999753346],[-114.57108999972766,36.15109899974367],[-114.58070700024005,36.1459869999253],[-114.59647400013822,36.14153700025774],[-114.60928799964391,36.13222900006771],[-114.6154549996464,36.129652999858045],[-114.62060499984779,36.13175899987038],[-114.62707899999694,36.14076100014526],[-114.63047400025525,36.142218000081236],[-114.63580900040452,36.13617000013325],[-114.64012500020452,36.13512600024638],[-114.6555120001611,36.12618699991803],[-114.66434299995274,36.11630000001182],[-114.67186700041329,36.115963999729885],[-114.68184700025057,36.10919200030444],[-114.69365499982577,36.112482000100854],[-114.7037369997703,36.108348000359975],[-114.73485700018811,36.10442600032962],[-114.74891299962586,36.09518299968458],[-114.75450800006612,36.08617099997761]]]}},{"type":"Feature","properties":{"GEOID":"0401","NAME":"Congressional District 1","BASENAME":"1","STATE":"04","CD119":"01"},"geometry":{"type":"Polygon","coordinates":[[[-112.11456300026599,33.69987499980546],[-112.11229600013688,33.6855529996499],[-112.11322900027245,33.668557999981914],[-112.09979100042769,33.66922400011919],[-112.09976700013823,33.51687100030285],[-112.04752499958147,33.516488000273675],[-112.04761800036621,33.49472199979064],[-112.01297800001657,33.495234999766694],[-112.01290400039674,33.47495900024993],[-112.01521599983337,33.47430799964215],[-112.01521300035863,33.47310099972311],[-112.01290900041961,33.47311199981444],[-112.01291799974211,33.46573199979059],[-112.00857500017796,33.465712000100396],[-112.00857199980489,33.467937000284586],[-112.00464299961916,33.46873600007718],[-112.00421499999702,33.46570700017712],[-111.9784680002616,33.465666000345706],[-111.9784260004288,33.456932999738974],[-111.98293499967433,33.45798800000209],[-111.98252600031873,33.45114999981733],[-111.96099099972794,33.45101699980705],[-111.96101199964434,33.448897000166134],[-111.95474000005986,33.44825499992143],[-111.95463600030278,33.444526000221735],[-111.95190999969107,33.44856900033593],[-111.95093399989779,33.44733199964282],[-111.9414660002466,33.44735600016099],[-111.94009500044315,33.44986700006534],[-111.94324999960365,33.45494899968269],[-111.9393389998596,33.464602000315416],[-111.93940699963166,33.45830600023103],[-111.92634399970562,33.45850199995145],[-111.92646099988147,33.451245000021025],[-111.9179089997491,33.451259000192124],[-111.91792299999281,33.447628999966156],[-111.9157689998416,33.447631999646276],[-111.91575299994808,33.45126500005061],[-111.90927899979891,33.45128099992108],[-111.90964700004496,33.436754999634246],[-111.89204300018801,33.43676299978366],[-111.8910709996944,33.44045399976723],[-111.87459499996667,33.44041200001182],[-111.87457099967723,33.43691900029995],[-111.86965200035289,33.43672699985528],[-111.86527399973028,33.44036099969257],[-111.86517300034625,33.436772999969314],[-111.85618699984562,33.43671499962598],[-111.85631499989213,33.44289200015893],[-111.8609310001661,33.44291099991815],[-111.86097200017396,33.44399899997938],[-111.85452300013917,33.444001999785016],[-111.85216399994857,33.44753600008786],[-111.85218800023802,33.451229000143904],[-111.84798799989065,33.45124000001285],[-111.84813699985357,33.45498299992694],[-111.83625899995816,33.45508099985099],[-111.83374800032989,33.458756999628044],[-111.83545899989198,33.45877300036451],[-111.83550699957257,33.46248499998399],[-111.82676299981956,33.46258600033383],[-111.82678000043633,33.46638299962749],[-111.7872839996132,33.46640299991226],[-111.78729899968181,33.48090800001634],[-111.77886899974817,33.48092300015126],[-111.7790889998562,33.4719819998952],[-111.77521400009717,33.471972999635106],[-111.7703450001032,33.47675499963296],[-111.7703309998595,33.478773999812944],[-111.77186700041773,33.48066199968142],[-111.77691799998657,33.48104200013029],[-111.77571899971224,33.482035999916256],[-111.76592700019597,33.48369000033097],[-111.76593600041679,33.48104500015281],[-111.76195899965218,33.48093500025728],[-111.76035400039531,33.48453199981766],[-111.74434200027477,33.48467500001009],[-111.74425400041122,33.48199100008195],[-111.73944599961831,33.48213399997389],[-111.73784399983617,33.48488600023484],[-111.7324269996711,33.48789199989562],[-111.72709400006997,33.48671800002018],[-111.72331200019735,33.49333299980536],[-111.72006400025212,33.494224999955364],[-111.71982900007548,33.49642299990887],[-111.71544399978019,33.49798900035258],[-111.7148449995555,33.499739999789334],[-111.7126219998073,33.49970199970863],[-111.7126569999674,33.49794499988019],[-111.70125400044815,33.49774499997082],[-111.7012789996642,33.4996790002431],[-111.6840370002055,33.499888999826474],[-111.68388599969444,33.48081400036068],[-111.68118199972233,33.4810639997937],[-111.67568000006678,33.47132999978167],[-111.67205300000487,33.469371999947704],[-111.66110300022214,33.47787000033566],[-111.65887399972786,33.48162300006049],[-111.65922299970732,33.48484199984691],[-111.66339000044273,33.48769800032334],[-111.6589110004361,33.489818000251354],[-111.65105300006468,33.488782000318885],[-111.64992599976037,33.495156999939994],[-111.6037719995634,33.49579000036561],[-111.60044599980036,33.486108000034584],[-111.60307399960448,33.467182000257395],[-111.58063400026384,33.46580000005176],[-111.03990499969933,33.46610400008202],[-111.15335399960045,33.67760599963856],[-111.16947899969888,33.66751400015897],[-111.17353699975604,33.66012299995841],[-111.18061900035072,33.65979199981353],[-111.20028199992433,33.6402569997637],[-111.20703999975561,33.63687800017],[-111.20944400015206,33.633499000372424],[-111.20745300020748,33.620571999863124],[-111.21607899995969,33.6127009997272],[-111.21674900032953,33.60831700003218],[-111.22205500016648,33.60244599980933],[-111.22368700008587,33.60285700036793],[-111.23194799996512,33.60950600035604],[-111.23153399968831,33.613175000019815],[-111.23736799960488,33.61540099963509],[-111.23835799964183,33.6184470000654],[-111.2467459997427,33.6214929998055],[-111.24953799957835,33.62433100013628],[-111.25570399975594,33.621127999965466],[-111.26282999983326,33.623157000257294],[-111.26929499976157,33.629229000343116],[-111.27360999973668,33.638448000097],[-111.27612399973799,33.63896599984177],[-111.28022500035114,33.644518000202794],[-111.2797869997849,33.64586500023573],[-111.28228300024287,33.646480000321226],[-111.28719300024471,33.652021000180625],[-111.28618800013915,33.656570000307276],[-111.28718700039691,33.6586149997367],[-111.2995139998309,33.66382300004025],[-111.30421299994556,33.671403000276854],[-111.30916300013038,33.6738569999293],[-111.31490300033559,33.681393999914945],[-111.326012000127,33.684378999700286],[-111.33139400013195,33.68833799978702],[-111.33622200011803,33.700777000354904],[-111.33832100001763,33.702746000068714],[-111.3370160003364,33.70898900009711],[-111.3386149997455,33.71589899985478],[-111.33636900043112,33.72035500029591],[-111.34362600002969,33.724839000175656],[-111.34426299988924,33.7274010001696],[-111.35230200001064,33.73228600029003],[-111.35191200002328,33.73351999980482],[-111.35483100008054,33.73324599969211],[-111.35629099957247,33.73883499990735],[-111.37213700001165,33.74521099974195],[-111.3730140000707,33.749343000351594],[-111.37663000026197,33.74963399985673],[-111.38113600003278,33.747658999726504],[-111.3868119997656,33.75004400022757],[-111.38216100022984,33.760956999634665],[-111.38330000022972,33.76279099970644],[-111.38712399993513,33.763230999862884],[-111.38937099997275,33.770806999933114],[-111.38655300019784,33.77321499983093],[-111.38944399976768,33.776662999971556],[-111.38546400042667,33.783185000343686],[-111.38119899978197,33.785229000124076],[-111.38279700026447,33.78812999990928],[-111.37850200038086,33.7937149997674],[-111.38791200030573,33.803213999856915],[-111.3883259996842,33.80535300007486],[-111.38508699995978,33.81030499971561],[-111.38424099986287,33.816489999867045],[-111.37201099961497,33.81824500030742],[-111.37231699993671,33.82392400032703],[-111.3780270000047,33.827393000086175],[-111.37861500035878,33.829580999766804],[-111.38356299999545,33.83362200021724],[-111.39249699971924,33.835899999833494],[-111.39014599992456,33.83770000035407],[-111.39547699987588,33.84086200032825],[-111.39585299961949,33.8446230002519],[-111.3917820000419,33.85295899974821],[-111.39232299964196,33.854832000345866],[-111.38699000004083,33.86044699979654],[-111.38721000014887,33.86248799969888],[-111.396309999554,33.86856599969547],[-111.39608299977327,33.87278499980564],[-111.39758300034649,33.87504199972128],[-111.39604599996336,33.87693300020077],[-111.4056519997068,33.8795350002305],[-111.40552200001045,33.88210799999728],[-111.40805100008038,33.883859000251604],[-111.41119899956819,33.883596000059995],[-111.41282399981486,33.88588099982672],[-111.41331000006167,33.88871599999824],[-111.41143499956974,33.891600999670935],[-111.4136630002391,33.89870599963432],[-111.41158400043098,33.903726999631154],[-111.4079969996537,33.90528600013596],[-111.4086029995511,33.91196999966089],[-111.40520300016824,33.9194359996587],[-111.42593199994676,33.92610800011374],[-111.4306379997341,33.9239989999553],[-111.43748699980198,33.916173999901275],[-111.45173599958356,33.92099499982313],[-111.44926699978811,33.92973299982831],[-111.4520400002555,33.93376700010811],[-111.44707199962902,33.934858999983256],[-111.44730400033093,33.94154899966649],[-111.45226700003622,33.94879100016871],[-111.45162099995584,33.953950999742624],[-111.44801200033558,33.95778600002416],[-111.45235400007485,33.96100600031188],[-111.45255200044157,33.96592799987019],[-111.44888699984651,33.968601999778585],[-111.44809000015339,33.973285000193606],[-111.44127200004765,33.97837500030473],[-111.4347069996619,33.980892999876595],[-111.4330959996589,33.98440099982821],[-111.43465399995846,33.98680600035671],[-111.43722300021135,33.986748999733784],[-111.44281299973045,33.99137200026689],[-111.44032999969126,33.99491499994634],[-111.44178400023372,33.99807900011011],[-111.44429700041012,33.99885999989389],[-111.44507900003464,34.00117600003542],[-111.44939800020768,34.00015000009409],[-111.45441500033965,34.00474999988312],[-111.4583760003124,34.00220700027928],[-111.46653199971134,34.005943000357334],[-111.47069900044673,34.00276099998121],[-111.47243799959791,34.00468700011196],[-111.47354499981076,34.003210000360454],[-111.48986900010084,34.001351999651085],[-111.49172199995313,33.99980899977816],[-111.72633400018677,34.00004099974669],[-111.9961959999671,34.029866000115234],[-111.9956960003749,33.900934000281374],[-112.03078000024024,33.90112000008176],[-112.03066999973707,33.84386100016364],[-112.03046499969766,33.8281320001173],[-112.02284300022609,33.8281320001173],[-112.02175399955662,33.8263209997846],[-112.0215679997838,33.79912800014504],[-112.01910800020916,33.79913000000149],[-111.9955130000768,33.77203199966837],[-111.99544100010678,33.74768600019077],[-112.0256879997652,33.699368000228326],[-112.0300310002277,33.70205999999372],[-112.03070900009513,33.70410900023443],[-112.03351000015161,33.70414199969728],[-112.03349300043317,33.7018660002382],[-112.03132599986318,33.701844999957196],[-112.03131900019049,33.70043600015779],[-112.03524500000316,33.70038599996466],[-112.03609000027515,33.70230699972257],[-112.03416100025487,33.70551699967454],[-112.03741199967483,33.70367199997015],[-112.0428520003044,33.70775599974714],[-112.04802699972178,33.704831999964256],[-112.04822900028647,33.693876000281534],[-112.05672799981708,33.69334999965278],[-112.06572299964027,33.701987999812],[-112.06707900027342,33.698412000058994],[-112.10057300005217,33.698318000177785],[-112.10804800010897,33.700525000175375],[-112.11456300026599,33.69987499980546]]]}},{"type":"Feature","properties":{"GEOID":"0408","NAME":"Congressional District 8","BASENAME":"8","STATE":"04","CD119":"08"},"geometry":{"type":"Polygon","coordinates":[[[-112.46032999960917,33.63844500030164],[-112.30768100005923,33.638752999687235],[-112.3076640003408,33.63068300036653],[-112.30996300025697,33.63070300005479],[-112.30752600024854,33.62345600025185],[-112.30319500037992,33.623407999647206],[-112.30310599979316,33.6106649998501],[-112.30464499982612,33.606813999991125],[-112.29869299990878,33.60519100004073],[-112.29869200008388,33.5800059998075],[-112.302854999723,33.57935300022821],[-112.30307300018119,33.57548999980421],[-112.30021699987313,33.56550400017645],[-112.30717899991892,33.565371999929305],[-112.3067620001674,33.55072800009778],[-112.22029799973575,33.55241799983016],[-112.22045400026968,33.53792499970672],[-112.13860100008912,33.53849400009181],[-112.13857500014986,33.53267699968048],[-112.13427799971812,33.53268799969109],[-112.13425599997682,33.53122100001278],[-112.11260599975829,33.53132099990394],[-112.1125999999105,33.533155999799824],[-112.11220800027336,33.53131800012609],[-112.108264000019,33.5313290003096],[-112.10826900004189,33.529589999936576],[-112.09963999991663,33.53139000000853],[-112.09979100042769,33.66922400011919],[-112.11322900027245,33.668557999981914],[-112.11229600013688,33.6855529996499],[-112.11456300026599,33.69987499980546],[-112.10804800010897,33.700525000175375],[-112.10057300005217,33.698318000177785],[-112.06707900027342,33.698412000058994],[-112.06572299964027,33.701987999812],[-112.05672799981708,33.69334999965278],[-112.04822900028647,33.693876000281534],[-112.04802699972178,33.704831999964256],[-112.0428520003044,33.70775599974714],[-112.03741199967483,33.70367199997015],[-112.03416100025487,33.70551699967454],[-112.03609000027515,33.70230699972257],[-112.03524500000316,33.70038599996466],[-112.03131900019049,33.70043600015779],[-112.03132599986318,33.701844999957196],[-112.03349300043317,33.7018660002382],[-112.03351000015161,33.70414199969728],[-112.03070900009513,33.70410900023443],[-112.0300310002277,33.70205999999372],[-112.0256879997652,33.699368000228326],[-111.99544100010678,33.74768600019077],[-111.9955130000768,33.77203199966837],[-112.01910800020916,33.79913000000149],[-112.0215679997838,33.79912800014504],[-112.02175399955662,33.8263209997846],[-112.02284300022609,33.8281320001173],[-112.03046499969766,33.8281320001173],[-112.03066999973707,33.84386100016364],[-112.03078000024024,33.90112000008176],[-111.9956960003749,33.900934000281374],[-111.9961959999671,34.029866000115234],[-112.16475799990336,34.04816999976194],[-112.1628199996622,34.04687300017709],[-112.16163100033197,34.042287000059424],[-112.15840699977785,34.04377199981083],[-112.15364699956385,34.04090900033623],[-112.15869499965794,34.04004299963503],[-112.16471500024565,34.03626599989665],[-112.16477399979688,34.0269540002664],[-112.1611280003667,34.01771699975097],[-112.16553700005312,34.01258600031491],[-112.1715829996818,34.017806000306216],[-112.17635499959137,34.01442099994865],[-112.18291199958122,34.012482999755996],[-112.18327499980437,34.009913999925196],[-112.18052200032676,34.003577999738965],[-112.19271300021664,33.991927999682595],[-112.19414000009661,33.97792900036767],[-112.19677100027378,33.97393500003382],[-112.20137900015183,33.97072000012678],[-112.2150079997923,33.96714500029277],[-112.21461799980496,33.96362599984445],[-112.223040000241,33.96003599975871],[-112.22923099963462,33.954185999627995],[-112.24034799982195,33.956642999660666],[-112.24025800030857,33.95049000010825],[-112.23579799967021,33.94728599995003],[-112.24137100036918,33.94052699977525],[-112.23601399958027,33.9395340001128],[-112.23156499971088,33.93604300032046],[-112.23505100020581,33.91640800002538],[-112.23655099988069,33.91506400013533],[-112.24294800003698,33.9154620003118],[-112.24364299962282,33.91313799996538],[-112.24072600011372,33.9082610000985],[-112.24303900027358,33.90536100036448],[-112.25889900005814,33.905043000284365],[-112.26574599957787,33.89807000009072],[-112.2751580000509,33.89340399978721],[-112.27760400028014,33.890439000198],[-112.27616800017933,33.88246899997447],[-112.42793200017259,33.92070400021358],[-112.42803799957949,33.898202000287604],[-112.42958300035855,33.89818400006944],[-112.42974700039007,33.82903800005298],[-112.44712299974307,33.83218199964567],[-112.44710799967447,33.78214499966788],[-112.39484299955147,33.782119000105176],[-112.39463300038753,33.75304900015342],[-112.36018800003156,33.75314800032159],[-112.36019300005444,33.738526000129276],[-112.35132700010269,33.73850999966802],[-112.3513279999276,33.731273000175875],[-112.34265899961936,33.731280999961065],[-112.34264699992382,33.72069000003007],[-112.33542799996005,33.723662000039454],[-112.32973700015863,33.72343800008158],[-112.32845800041666,33.72491500006709],[-112.3057699995823,33.724944000312654],[-112.30562599964226,33.72141500006389],[-112.30806900039677,33.72132999963477],[-112.30807600006945,33.71846199968017],[-112.30549900031897,33.718653000068606],[-112.30552000023535,33.717647999996785],[-112.3080869999401,33.717678000213894],[-112.30804799958206,33.714072999696114],[-112.31078599988935,33.71375400014477],[-112.31589000005992,33.70244599981442],[-112.320942000352,33.6989239999279],[-112.35281400025711,33.69837899988978],[-112.36192100023327,33.69622899978206],[-112.37588200013478,33.6956060002035],[-112.39107300027275,33.691629999770115],[-112.40164399993878,33.682258000367554],[-112.4059820003784,33.68227400010024],[-112.40401300017514,33.68047400028358],[-112.4105430004008,33.68556599986899],[-112.42274799963604,33.67758200023044],[-112.43292199964205,33.66686100029572],[-112.43622800021194,33.659220000047085],[-112.44691000020605,33.65619099967504],[-112.45132300009043,33.653291000074454],[-112.46032999960917,33.63844500030164]]]}},{"type":"Feature","properties":{"GEOID":"0405","NAME":"Congressional District 5","BASENAME":"5","STATE":"04","CD119":"05"},"geometry":{"type":"Polygon","coordinates":[[[-111.89358899989365,33.29140000022078],[-111.89289900033069,33.20332599995969],[-111.6859109999742,33.2046370001174],[-111.68603200034802,33.117659000247066],[-111.4861080001446,33.11837400016877],[-111.49093100010779,33.12344499999125],[-111.49121399996504,33.132837999970405],[-111.47389600033833,33.13317899991695],[-111.47412899996687,33.147676999708615],[-111.49176299996103,33.14740800030408],[-111.49178499970233,33.15274100019697],[-111.4874250004197,33.152800999904706],[-111.48768499981239,33.16204599978364],[-111.47982399996624,33.16216099989583],[-111.47978499960819,33.16035300019792],[-111.47439400028071,33.16041900031256],[-111.47411999974602,33.14841000011559],[-111.46612199963252,33.15348099999093],[-111.47420699978467,33.17710200006659],[-111.48775000010974,33.19118000005198],[-111.50601900031361,33.23124799980941],[-111.50520300035393,33.24919500012458],[-111.52879199974019,33.24908800023276],[-111.52879099991527,33.263660999764205],[-111.5115030004258,33.263662000270905],[-111.51489100011314,33.28458799983586],[-111.51865799991715,33.29269199964836],[-111.4595160001372,33.29273699996072],[-111.45948400035012,33.30711799995848],[-111.41204600038833,33.30752500028008],[-111.40852700028144,33.30878999990578],[-111.47688599964242,33.365429999837836],[-111.47682600026626,33.382463999857954],[-111.4897960003059,33.38246700028953],[-111.48977100019152,33.3860730001508],[-111.49410799990794,33.38606599968402],[-111.49410899973283,33.38972999980086],[-111.4897619999707,33.38971300002429],[-111.48978999955979,33.39336100013436],[-111.4768429999847,33.39337599966083],[-111.47671400011326,33.43413700034817],[-111.47908900019739,33.43841999983081],[-111.47714799958324,33.43861100028005],[-111.4767159997631,33.44050999990911],[-111.47681200002256,33.465885000115804],[-111.58063400026384,33.46580000005176],[-111.60307399960448,33.467182000257395],[-111.60044599980036,33.486108000034584],[-111.6037719995634,33.49579000036561],[-111.64992599976037,33.495156999939994],[-111.65105300006468,33.488782000318885],[-111.6589110004361,33.489818000251354],[-111.66339000044273,33.48769800032334],[-111.65922299970732,33.48484199984691],[-111.65887399972786,33.48162300006049],[-111.66110300022214,33.47787000033566],[-111.67205300000487,33.469371999947704],[-111.67568000006678,33.47132999978167],[-111.68118199972233,33.4810639997937],[-111.68388599969444,33.48081400036068],[-111.68392099985454,33.47256699980973],[-111.67149899998599,33.452729000335744],[-111.655426999591,33.43947599965296],[-111.63766899974829,33.42991600020826],[-111.6359609996609,33.42567799997335],[-111.63704600013243,33.41513099972788],[-111.65005700017994,33.41515800020732],[-111.65013599982265,33.40785399968231],[-111.65285800023642,33.40788300012716],[-111.65284999984051,33.40999200008319],[-111.65442400003356,33.40999599989158],[-111.65443599972915,33.407885000079894],[-111.66039500021748,33.40899000030099],[-111.66040100006528,33.40789899974781],[-111.66748699995962,33.407887000032595],[-111.6675220001197,33.393394999757334],[-111.68473199979137,33.3939800001438],[-111.68488800032527,33.38442399998188],[-111.68805699972948,33.37935900025034],[-111.71816899966869,33.379288999902954],[-111.71810300044476,33.38580399970131],[-111.72120499990183,33.38583100029425],[-111.72801299996182,33.385801999990434],[-111.72725999975133,33.37924100023226],[-111.8410700002258,33.378791000155765],[-111.84230700013495,33.37618400020137],[-111.84182900028408,33.3613129998865],[-111.83304000032524,33.36132899982616],[-111.83309800005155,33.33881799975636],[-111.82418600006908,33.33885799980527],[-111.8243579995982,33.28264200008932],[-111.8383670000786,33.28715999971381],[-111.87623100008402,33.28734799985139],[-111.88971800033258,33.29184000036779],[-111.89358899989365,33.29140000022078]]]}},{"type":"Feature","properties":{"GEOID":"0406","NAME":"Congressional District 6","BASENAME":"6","STATE":"04","CD119":"06"},"geometry":{"type":"Polygon","coordinates":[[[-111.87758400034413,32.879505000182746],[-111.87760600008544,32.8722170000367],[-111.84337599981465,32.87212399978078],[-111.8433380001798,32.85023599983663],[-111.82597899964692,32.85010200033093],[-111.82594299966193,32.82786000026822],[-111.757355999797,32.827863000070344],[-111.75729399987273,32.79927799976989],[-111.7399300002153,32.7993809998753],[-111.74057999959531,32.76305199994945],[-111.72280599985906,32.762924999998404],[-111.72286399958539,32.74096900009647],[-111.69467399999378,32.71932399981784],[-111.71427600036633,32.71914600025216],[-111.71463299984339,32.68997499977488],[-111.68887199986428,32.689930999754544],[-111.68895200023022,32.675365000132444],[-111.6719569997454,32.67537900025951],[-111.67203000043865,32.646126000368895],[-111.49960200006586,32.64664799968514],[-111.4995419997914,32.617649000298336],[-111.48250199999909,32.61772699988265],[-111.482390999671,32.61435300007359],[-111.46545700018387,32.614796000031234],[-111.4656849997895,32.501341999742756],[-111.35157700028753,32.501390000267946],[-111.34246799976324,32.499239999821846],[-111.33853899957751,32.49458000036788],[-111.33850699979045,32.471611999709374],[-111.32845400015829,32.464036999863886],[-111.3246660004379,32.463280999738494],[-111.31318699985233,32.45110399976356],[-111.3042570003265,32.451133000212025],[-111.30395600002761,32.392022999915405],[-111.250209999598,32.39522299990981],[-111.24725200008099,32.39679699963571],[-111.24396700032582,32.40197100031387],[-111.23396800022199,32.40249199976482],[-111.23377300022834,32.36583999968058],[-111.21643700015998,32.36589399982094],[-111.21647599961973,32.3699380003632],[-111.18244999956343,32.37003000029035],[-111.18246600035528,32.380846999699436],[-111.17390099980409,32.380857999885095],[-111.17398899966766,32.3881450000801],[-111.16544800030425,32.38815799973192],[-111.16539399987757,32.385074999914636],[-111.1692889997281,32.380892000312684],[-111.15908200011012,32.38090899976304],[-111.14863699994245,32.3781470000305],[-111.14865899968378,32.38094699968306],[-111.14439899996026,32.38097799968587],[-111.14434299988376,32.37824600005999],[-111.13887700021323,32.37829200035865],[-111.14014599990944,32.36828600015086],[-111.13794499990259,32.36822199973537],[-111.1379109995674,32.36646900003204],[-111.14002799990867,32.36645999968881],[-111.13999699994653,32.36280700033505],[-111.14853499983519,32.36279700030725],[-111.1484999996751,32.35198399979824],[-111.1399319996492,32.35202599976944],[-111.14006200024386,32.34496600012255],[-111.13551499956685,32.34489399996173],[-111.13559099973484,32.33758799977514],[-111.13147900014935,32.33759100008846],[-111.13126099969115,32.330487999997324],[-111.1226199998703,32.330398999867775],[-111.12253000035693,32.31591300010779],[-111.11159800011755,32.31526999963658],[-111.10534800027436,32.30865300010306],[-111.10364299966176,32.308561999934014],[-111.05449800033581,32.308632000305764],[-111.05456699993277,32.31234699970215],[-111.0460070003028,32.313300999715075],[-111.0459860003864,32.31531500023727],[-111.04353299958615,32.31573699963674],[-111.04024199998321,32.31190300001364],[-111.03095000005914,32.31030700033848],[-111.02131900020133,32.30533699976441],[-111.01203300012503,32.30294400032105],[-110.99179999974073,32.29282699997206],[-110.98190299974416,32.295064000183885],[-110.97815699985655,32.294186000130324],[-110.97805800012235,32.28281499990953],[-110.97220300028938,32.28284700032353],[-110.9716900002784,32.280600999673766],[-110.96107500023142,32.28148599989536],[-110.96098399999482,32.26481099974536],[-110.92673700000557,32.264945999913174],[-110.92681399999847,32.23600700000322],[-110.90967999959649,32.23618899996009],[-110.909595000106,32.221569999672894],[-110.82947699977699,32.22098300002299],[-110.82535900034371,32.206330999769754],[-110.81027600016077,32.191827999769814],[-110.87685700001248,32.19229600002071],[-110.88526199983177,32.19524799987738],[-110.90928200011156,32.195150999842824],[-110.9082860002268,32.177979000311545],[-110.90950899989227,32.13425000037801],[-110.88401400005195,32.134351999910045],[-110.87605199992343,32.141454000234226],[-110.8579540003221,32.141550999654655],[-110.8588919995822,31.963064999779515],[-110.864030000088,31.962344999646213],[-110.87374299996155,31.95763800015107],[-110.91045200007358,31.95761900010498],[-110.9106029996863,31.94287299962875],[-110.9325609998764,31.943037999944874],[-110.93285999962714,31.950367000112387],[-110.94435099990825,31.95031000002359],[-110.94494799958484,31.939457000260184],[-110.94873299983051,31.939457000260184],[-110.94842999988181,31.92111499989993],[-110.95902400001238,31.921452000016476],[-110.96095800005557,31.90205599975198],[-110.96370999970824,31.895563999759133],[-110.96882099955153,31.899438999658912],[-110.99743799983872,31.899619999704882],[-111.01173299965106,31.890725000326366],[-111.01806200003526,31.88140099995558],[-111.01810999971583,31.85313600008478],[-111.0091230002886,31.852784999997606],[-111.05020900029999,31.76975000006954],[-111.03961699981922,31.75817600006132],[-111.05804000000892,31.726229999909876],[-110.85576599983571,31.72670499999767],[-110.85576500001079,31.731697000024493],[-110.45229999958775,31.73121899992945],[-110.45224699988431,31.613936000132156],[-110.46075200016104,31.613882999818763],[-110.45990400041428,31.399877000309736],[-110.45790800044684,31.403947000063994],[-110.44519000030228,31.410274000210038],[-110.44307999963371,31.417446000006343],[-110.43627400012184,31.424816999736578],[-110.43367999975459,31.4174029997844],[-110.42914600039468,31.4188760000994],[-110.42932499959653,31.416836000023867],[-110.42783900016533,31.41678999973615],[-110.42963000009338,31.41437100015414],[-110.4264859999052,31.414843000240086],[-110.4241619998747,31.408685999885346],[-110.42115099975591,31.41004000034425],[-110.42043400042874,31.40750699997184],[-110.41776600044165,31.405790999671986],[-110.41922299956055,31.403889000330157],[-110.41498600030157,31.400376000198648],[-110.40346700043135,31.378889000363095],[-110.4020630001176,31.38040000007684],[-110.39893700037112,31.376775999747114],[-110.3888830000157,31.37772599961739],[-110.38396399979302,31.376357000123765],[-110.3795779996728,31.378112999619415],[-110.36545100008995,31.376636999636276],[-110.36269000021646,31.380101999893046],[-110.36139300003282,31.377170999822543],[-110.35865200025079,31.37680699975486],[-110.35777600001666,31.374780999660487],[-110.34678699987586,31.373942999925664],[-110.34543100014099,31.37059999983382],[-110.3420440002786,31.368461999867492],[-110.32924599976809,31.37249599999858],[-110.31830000018333,31.365486000371206],[-110.31065000022437,31.36500299971269],[-110.30813000037527,31.362722999798315],[-110.3003940002026,31.362525000159184],[-110.28917699955787,31.356431999763362],[-110.28720099968189,31.352588999925885],[-110.28668299964802,31.35568300029897],[-110.28921799956574,31.3606999998681],[-110.28700599968822,31.366919999732318],[-110.28446499992275,31.36770199974935],[-110.26959699982496,31.360159000037328],[-110.26563500002726,31.35947799970233],[-110.26469299967088,31.361136999681587],[-110.24497099964775,31.354363000056573],[-110.23911199961682,31.347776999736595],[-110.23556499992087,31.349962000317202],[-110.22087699974811,31.348494000266754],[-110.21545299991038,31.350885000268665],[-110.20722100034347,31.35118199990092],[-110.2070830002512,31.37994100019305],[-110.21835000022632,31.38072099987094],[-110.22493800017831,31.38406700035469],[-110.23958299979503,31.39862200033283],[-110.24074400043453,31.409077000120625],[-110.12233299975469,31.40909200028349],[-110.12232600008201,31.394478000211855],[-110.1065059995821,31.39440800028895],[-110.10935100001952,31.391254999749417],[-110.1061180001429,31.387973000271053],[-110.11093699990813,31.38286700032623],[-110.1111319999018,31.379977000249944],[-110.06877800001911,31.380986000131053],[-110.0374890004452,31.37985000030728],[-110.03755700021725,31.423353999837687],[-110.00352100011519,31.42368499977121],[-110.00469100007722,31.4361450000121],[-110.0035420000316,31.468519000017782],[-110.05320799976444,31.46864199991527],[-110.05337000014616,31.553072999921973],[-109.85194299989479,31.553227000180296],[-109.85192899965108,31.557055999855383],[-109.8244660003307,31.518715999990416],[-109.82237900012666,31.45820500025693],[-109.82645399990224,31.442431999821483],[-109.81707199956647,31.436466000012697],[-109.81707599976444,31.4379609999116],[-109.63019600011879,31.43695900015319],[-109.63009300018662,31.45196399964656],[-109.64701599980309,31.452140000100865],[-109.64647500020301,31.46605300006111],[-109.59744700015462,31.465779000227922],[-109.59562000024157,31.4669419998707],[-109.59104199960241,31.465752000167395],[-109.50292799970806,31.46543299996964],[-109.50302099959447,31.458713000083065],[-109.49478400000467,31.45859100016206],[-109.49114799972192,31.45632399998085],[-109.48232399960298,31.454651000254977],[-109.47982899986826,31.451527999639517],[-109.48732400001653,31.446792000051172],[-109.48934000007546,31.437743999987635],[-109.48968599968187,31.429830000079928],[-109.48528000036849,31.428131999933168],[-109.49227500002624,31.418028999840054],[-109.47858899958605,31.417340000065426],[-109.4750929999437,31.408809999887364],[-109.4668980001867,31.40164399987736],[-109.46889499997906,31.398663000228158],[-109.4662360002128,31.393211000278228],[-109.46411300002373,31.39291699981114],[-109.46571499980587,31.39040600024753],[-109.46436999994167,31.385815999879547],[-109.46960399980863,31.375138999974133],[-109.47887800018937,31.370770000137117],[-109.47751700043162,31.353152999985987],[-109.48274200007775,31.350252000193173],[-109.48027099973415,31.345511000130205],[-109.4836889995587,31.342071999705006],[-109.48376800009972,31.33798499972794],[-109.48704199998423,31.334057000192065],[-109.49448799972868,31.333985000187706],[-109.05003299955374,31.332348000358696],[-109.04671699983645,33.777406999682654],[-109.34858100011652,33.77812300002303],[-109.34714800038876,33.77629099993284],[-109.35509399972544,33.77019300000588],[-109.35492200019628,33.76341999997313],[-109.36299399992964,33.751666999676566],[-109.36351899963618,33.74847199993807],[-109.36193100009774,33.746224000360556],[-109.36474800004775,33.73998499971681],[-109.36125099968218,33.73547400026801],[-109.357633999666,33.734920999667935],[-109.35276300002222,33.728947999992926],[-109.35288799969567,33.724919000256094],[-109.35538599980347,33.72505299975687],[-109.35716099983799,33.72775000024896],[-109.36110300044248,33.72798200025282],[-109.36886600037934,33.72239700022811],[-109.37861699988775,33.724625000060826],[-109.39520599959337,33.7164749997285],[-109.39588799965877,33.71294899972567],[-109.39799499995429,33.713280999788125],[-109.39897699959535,33.716766000137405],[-109.40101100009593,33.717650000260605],[-109.40553699995822,33.71040300004852],[-109.40998800037575,33.71568000021597],[-109.41241699998825,33.70854099999856],[-109.4139350001048,33.70788399990265],[-109.41813700010198,33.70898400005387],[-109.42147000043603,33.711893999919766],[-109.42357600000835,33.71012599983167],[-109.42663800018073,33.712148000016484],[-109.43244100013517,33.711206000008815],[-109.44042300035514,33.71323200015672],[-109.44406899978532,33.710508999749415],[-109.44818100026914,33.71126599970347],[-109.44954100020196,33.70848500010216],[-109.44589800024652,33.70844399964773],[-109.45301000008013,33.70363599981507],[-109.45594099983296,33.69941900023712],[-109.46148199984655,33.69669799986884],[-109.46196700026846,33.69274500025116],[-109.46801500044528,33.69386699996535],[-109.47269100009538,33.696843000070785],[-109.47476200040592,33.69519699984391],[-109.47512599955566,33.69041499976827],[-109.48030599989424,33.69134699991824],[-109.48017899967263,33.687560000309645],[-109.48364599990099,33.68672800012816],[-109.4812189999383,33.68401700005479],[-109.48399200040572,33.67262799969421],[-109.48010800042584,33.66831000011734],[-109.47966300018692,33.66460400010978],[-109.48255399975677,33.6614720003518],[-109.48634200037549,33.66139000017286],[-109.4816549999564,33.654935999798546],[-109.48348799971721,33.65413400023135],[-109.48684000031786,33.65654799970658],[-109.4901879998222,33.65513699970006],[-109.48999600020159,33.65904300006406],[-109.4954400001308,33.652696999627146],[-109.49573999970647,33.07840899970461],[-109.51483800028885,33.03458199999742],[-109.51820800043281,33.03624299971027],[-109.51698599969394,33.04200399963057],[-109.51848600026716,33.04528200012187],[-109.51587500018147,33.047994999736666],[-109.5211080002235,33.05139099974675],[-109.56022699968143,33.051701999770685],[-109.59478300036547,33.01591799993611],[-109.60093399957614,33.01856099976774],[-109.60374200020364,33.022591999935536],[-109.61614700035373,33.024344000014636],[-109.62030999999287,33.028169000268456],[-109.63059000030408,33.02557399969865],[-109.64353799970408,33.0153450002871],[-109.64634299995853,33.01890399988774],[-109.65498499960428,33.01770199995588],[-109.65963199984039,33.01425699982281],[-109.66569099988784,33.01487900032085],[-109.67397100003367,33.02208699982497],[-109.67914999964904,33.022003999946065],[-109.68635899956702,33.02978800023216],[-109.69439600003857,33.035314000172164],[-109.7012540003273,33.04417400018854],[-109.70783100040863,33.04445500015406],[-109.71401900032751,33.04031699967361],[-109.71343299962328,33.04450800004708],[-109.716271000388,33.0480230000647],[-109.72033299974478,33.04849000018884],[-109.72489799996514,33.04651499963286],[-109.73104200040142,33.05041599977416],[-109.73109799957957,33.05563899966266],[-109.73941600025856,33.05568999985966],[-109.73765299991962,33.065381999845656],[-109.73332100022607,33.07076600003951],[-109.733606999558,33.07278099994174],[-109.74031599988383,33.077810000133056],[-109.74226900019359,33.07831099997838],[-109.74749499966458,33.07370800010004],[-109.74743600011335,33.07107200013288],[-109.75131000004748,33.072083000115036],[-109.75535700023397,33.06957100027967],[-109.75954400016256,33.07035700006112],[-109.76210099982156,33.07921099999755],[-109.76422300018571,33.08073299982041],[-109.76346199957929,33.08744200035386],[-109.76614600035822,33.08951999987829],[-109.76588299969418,33.09258099990688],[-109.77505699961749,33.10027899995782],[-109.77240899972188,33.10391399998672],[-109.7738680002872,33.108342000061434],[-109.77046999965583,33.11298000009893],[-109.76990800013935,33.11950699989698],[-109.76697900003634,33.12300899986997],[-109.77020199986721,33.125869000304895],[-109.77359200010268,33.12572399994529],[-109.78020900036697,33.120712999891374],[-109.79064000029095,33.11753700029682],[-109.79516100013034,33.123657000137676],[-109.79898999985862,33.12487899996085],[-109.8030079997328,33.12257399970371],[-109.80846500008082,33.122041999627335],[-109.80673899955178,33.11785499989866],[-109.81215499989193,33.11681899979579],[-109.81745999990399,33.118770999888255],[-109.81751199978251,33.12243099965057],[-109.82249399975439,33.125496999825096],[-109.82388299999951,33.13038400024882],[-109.82923900006519,33.13201899965535],[-109.83332999973429,33.135277999730256],[-109.83394900005051,33.13827800016368],[-109.83136499972899,33.139603999790516],[-109.83325000026669,33.147018999642114],[-109.83485200004883,33.1478909999012],[-109.83304500022726,33.15791900033422],[-109.83942399994187,33.157154000126944],[-109.84963399993289,33.16190900036863],[-109.86612899992718,33.15830399995903],[-109.87316200011809,33.15959299962807],[-109.87356299997609,33.15442900032503],[-109.88113500011723,33.15403099990941],[-109.88302300012964,33.14954099969409],[-109.88613499963243,33.14899100020281],[-109.88794300017723,33.144432999968124],[-109.89386599978225,33.146064999878035],[-109.89118100007673,33.15676099966724],[-109.89292099995114,33.160023999819714],[-109.9002460002201,33.162021000164344],[-109.902338000447,33.16407000002834],[-109.90911899984451,33.162428000359334],[-109.91118000010928,33.165757000050505],[-109.9168769997585,33.16914299996999],[-109.92118599988581,33.16814900016999],[-109.92396100000303,33.1706679999871],[-109.92587499995471,33.17015500033476],[-109.92886199978405,33.17432400010368],[-109.92731899955312,33.176486999749216],[-109.93434800044437,33.181416999671],[-109.93802400001177,33.18133399976054],[-109.94444399973426,33.18481700000932],[-109.95140099975718,33.19072200031896],[-109.95193899988253,33.193114000126386],[-109.94307299993079,33.199754999904485],[-109.9494580003915,33.214529999710685],[-109.94583700017736,33.2168699998529],[-109.94988799966349,33.21867400014241],[-109.95179300029265,33.22210500023092],[-109.95085900033219,33.225682000346666],[-109.95262199977282,33.23157499996731],[-109.95898700014203,33.2325600003132],[-109.96052000032722,33.234308000299066],[-109.96021999985325,33.236937999869234],[-109.9645740001864,33.23627999984477],[-109.973036999732,33.244842999807304],[-109.97733900018662,33.24782599969188],[-109.98052799968231,33.24646400002022],[-109.98230699991477,33.24898399998071],[-109.99142999978446,33.249452999682944],[-109.99128099982154,33.24567700013807],[-109.99924799997291,33.2415990000887],[-110.00063999969277,33.23567300025352],[-110.0114199995962,33.23962700029668],[-110.014025999659,33.24383699996675],[-110.02239299984346,33.24553099964223],[-110.01584400024954,33.25198699980176],[-110.0187209995757,33.25890899985118],[-110.01716800019733,33.26001199964047],[-110.02134099988221,33.26306100012725],[-110.01962399957402,33.26489399993111],[-110.03858999991193,33.2745410002033],[-110.04259100006766,33.27394700029067],[-110.04668599993471,33.28332400019548],[-110.04465300015734,33.290348000179115],[-110.0493380000283,33.296254999681445],[-110.04981300040444,33.30154300022382],[-110.05202199990892,33.301433999751815],[-110.0554289998628,33.30451500013552],[-110.05675299981061,33.30429100023153],[-110.05628300035563,33.04125200013083],[-110.05734199998957,33.03586499970454],[-110.05475500019334,32.87513700031583],[-110.09295899995739,32.89556599990007],[-110.13674800011596,32.95837800014106],[-110.19093600041147,32.97169300036762],[-110.23037299988671,32.98952399963517],[-110.281533000345,32.98884699974993],[-110.31319299963968,32.997705000071576],[-110.37172500022258,33.00657900022965],[-110.39513799988174,33.006611000362724],[-110.40759099971241,32.995337000082024],[-110.41741400008914,32.981317999892184],[-110.4360609996865,32.98126800032324],[-110.44938700027659,32.98741600029505],[-110.44853299978375,32.771158999999386],[-110.6265699999422,32.771242000352046],[-110.66116799956072,32.77288800028389],[-110.69586499981177,32.77142000010094],[-110.94506300011088,32.7716479996328],[-111.04686099989732,32.77321199970506],[-111.06777499962378,32.77262399979955],[-111.07667400008579,32.76917099964946],[-111.09496300038118,32.77250899979289],[-111.11465699991689,32.77251700021849],[-111.12185300031442,32.77088200025549],[-111.13421300025868,32.77394299964025],[-111.14002299988579,32.77130999962767],[-111.14322300015047,32.77222500007905],[-111.15147900000683,32.77065300019799],[-111.15070599970484,32.76914200003424],[-111.16101699997819,32.773539000337664],[-111.1706829999961,32.78640599973497],[-111.20907500008113,32.78712499984921],[-111.22438800041782,32.78195899969977],[-111.24281400008225,32.78548300008663],[-111.24339400004038,32.787207999658385],[-111.24861399966363,32.78722900032573],[-111.25976000016325,32.78697999996946],[-111.25964700018535,32.7625910000119],[-111.3616070003535,32.76291799962703],[-111.36147500010901,32.84969899990529],[-111.49798199984205,32.85042599984766],[-111.49817400036099,32.8214470001345],[-111.49242199956187,32.82145199991405],[-111.49243099978273,32.814203999761226],[-111.4932390002448,32.8069979998478],[-111.49830499988222,32.80692799982726],[-111.49828200031601,32.79969799972209],[-111.49389500037093,32.79970899996569],[-111.49392700015797,32.79237300022845],[-111.49826700024741,32.79231200000629],[-111.49837000017958,32.777882999814885],[-111.51517999981814,32.777844000084876],[-111.51517300014545,32.778969999762865],[-111.51146400006776,32.77927500013346],[-111.51153000018999,32.79153099969162],[-111.51541699964461,32.791528000173194],[-111.5153470002227,32.810522000128685],[-111.51116899961666,32.81052899977468],[-111.51115000024842,32.81631499969908],[-111.51533499962882,32.81630900006964],[-111.51532600030632,32.8198740002664],[-111.51113799965452,32.81988500027769],[-111.51113400035487,32.82117400027076],[-111.51532299993326,32.82143500005858],[-111.51526699985676,32.83591200028141],[-111.56768000011776,32.835786000299976],[-111.56763499991192,32.84307399995049],[-111.57507399998367,32.84304500028562],[-111.57612500012002,32.852099999886285],[-111.59745999979594,32.85400699987488],[-111.60209199996343,32.850420000258715],[-111.60198800020636,32.865032000051706],[-111.61070299964705,32.86028899971581],[-111.6105729999507,32.87235800014133],[-111.59327299986737,32.872327000116144],[-111.59321400031615,32.87967800009718],[-111.62781000028482,32.87972399986937],[-111.6280339996925,32.865025999941345],[-111.62364900029554,32.865032000051706],[-111.6236679996638,32.86138799991452],[-111.61932500009964,32.861395000078794],[-111.61934600001601,32.857725999925776],[-111.6280470001113,32.85772000007583],[-111.62805100030927,32.85409699983935],[-111.6367199997192,32.854102000044286],[-111.63662799965769,32.86501999983064],[-111.64531299985944,32.86505100014687],[-111.64537300013392,32.85044400012155],[-111.65409099994764,32.850447999846516],[-111.65363900003601,32.89429700032994],[-111.73995699997948,32.89413900016888],[-111.73996000035253,32.899238000347715],[-111.75731700033727,32.901468000191116],[-111.75726200008569,32.9087799996248],[-111.80465200036691,32.90851700028913],[-111.80460799998598,32.91218699996499],[-111.80896899999183,32.912221000340224],[-111.80898300023553,32.909739999734015],[-111.80702599972783,32.90852999993055],[-111.80915499976466,32.90958199997288],[-111.80892899980884,32.889817999735165],[-111.83050500040753,32.89088699966984],[-111.83054800006525,32.889832000099915],[-111.83448999977142,32.88984999991909],[-111.83447100040317,32.89405199994076],[-111.84820799999866,32.89450899985504],[-111.84335300024843,32.892562999742054],[-111.84335999992112,32.890094000375555],[-111.85591800023208,32.89019400003459],[-111.86068599994371,32.89462700016792],[-111.86060399992795,32.87944899972817],[-111.87758400034413,32.879505000182746]]]}},{"type":"Feature","properties":{"GEOID":"0404","NAME":"Congressional District 4","BASENAME":"4","STATE":"04","CD119":"04"},"geometry":{"type":"Polygon","coordinates":[[[-112.08361500027561,33.305142000253255],[-112.1479139999296,33.3046469998632],[-112.13378899999657,33.290259999723524],[-111.91939099988066,33.290896999882484],[-111.89359599956637,33.2911480003182],[-111.89280399989613,33.29224599971955],[-111.87844499961135,33.2875780003556],[-111.84017899992303,33.28735399976126],[-111.8243579995982,33.28264200008932],[-111.82418600006908,33.33885799980527],[-111.83309800005155,33.33881799975636],[-111.83304000032524,33.36132899982616],[-111.84182900028408,33.3613129998865],[-111.84230700013495,33.37618400020137],[-111.8410700002258,33.378791000155765],[-111.72725999975133,33.37924100023226],[-111.72801299996182,33.385801999990434],[-111.72120499990183,33.38583100029425],[-111.71810300044476,33.38580399970131],[-111.71816899966869,33.379288999902954],[-111.68792200001027,33.37938499991494],[-111.68488800032527,33.38442399998188],[-111.68473199979137,33.3939800001438],[-111.6675220001197,33.393394999757334],[-111.66748699995962,33.407887000032595],[-111.66040100006528,33.40789899974781],[-111.66039500021748,33.40899000030099],[-111.65443599972915,33.407885000079894],[-111.65442400003356,33.40999599989158],[-111.65284999984051,33.40999200008319],[-111.65285800023642,33.40788300012716],[-111.65013599982265,33.40785399968231],[-111.65005700017994,33.41515800020732],[-111.63704600013243,33.41513099972788],[-111.63620699970821,33.42723699971955],[-111.63916599994843,33.43130999976622],[-111.65784799970591,33.44121100009995],[-111.67513899956839,33.457108000354594],[-111.68392099985454,33.47256699980973],[-111.6840370002055,33.499888999826474],[-111.7012789996642,33.4996790002431],[-111.70125400044815,33.49774499997082],[-111.7126569999674,33.49794499988019],[-111.7126219998073,33.49970199970863],[-111.7148449995555,33.499739999789334],[-111.71544399978019,33.49798900035258],[-111.71982900007548,33.49642299990887],[-111.72006400025212,33.494224999955364],[-111.72331200019735,33.49333299980536],[-111.72709400006997,33.48671800002018],[-111.7324269996711,33.48789199989562],[-111.74062800017421,33.48183599997438],[-111.74425400041122,33.48199100008195],[-111.74434200027477,33.48467500001009],[-111.76035400039531,33.48453199981766],[-111.76195899965218,33.48093500025728],[-111.76593600041679,33.48104500015281],[-111.76592700019597,33.48369000033097],[-111.77571899971224,33.482035999916256],[-111.77691799998657,33.48104200013029],[-111.77186700041773,33.48066199968142],[-111.7703309998595,33.478773999812944],[-111.7703450001032,33.47675499963296],[-111.77521400009717,33.471972999635106],[-111.7790889998562,33.4719819998952],[-111.77886899974817,33.48092300015126],[-111.78729899968181,33.48090800001634],[-111.7872839996132,33.46640299991226],[-111.82678000043633,33.46638299962749],[-111.82676299981956,33.46258600033383],[-111.83550699957257,33.46248499998399],[-111.83545899989198,33.45877300036451],[-111.83374800032989,33.458756999628044],[-111.83625899995816,33.45508099985099],[-111.84813699985357,33.45498299992694],[-111.84798799989065,33.45124000001285],[-111.85218800023802,33.451229000143904],[-111.85216399994857,33.44753600008786],[-111.85452300013917,33.444001999785016],[-111.86097200017396,33.44399899997938],[-111.8609310001661,33.44291099991815],[-111.85631499989213,33.44289200015893],[-111.85618699984562,33.43671499962598],[-111.86517300034625,33.436772999969314],[-111.86527399973028,33.44036099969257],[-111.86965200035289,33.43672699985528],[-111.87457099967723,33.43691900029995],[-111.87459499996667,33.44041200001182],[-111.8910709996944,33.44045399976723],[-111.89204300018801,33.43676299978366],[-111.90964700004496,33.436754999634246],[-111.90927899979891,33.45128099992108],[-111.91575299994808,33.45126500005061],[-111.9157689998416,33.447631999646276],[-111.91792299999281,33.447628999966156],[-111.9179089997491,33.451259000192124],[-111.92646099988147,33.451245000021025],[-111.92634399970562,33.45850199995145],[-111.93940699963166,33.45830600023103],[-111.9393389998596,33.464602000315416],[-111.94324999960365,33.45494899968269],[-111.94009500044315,33.44986700006534],[-111.9414660002466,33.44735600016099],[-111.95093399989779,33.44733199964282],[-111.95190999969107,33.44856900033593],[-111.9541659999495,33.44447400014246],[-111.95476099997626,33.448275999776975],[-111.96101199964434,33.448897000166134],[-111.96099099972794,33.45101699980705],[-111.98140700041036,33.45113999978981],[-111.97847999995714,33.43458300001537],[-111.97818000038151,33.378185999967144],[-111.9633030000629,33.378006000282724],[-111.96330100041305,33.37549499985696],[-111.95720399983246,33.36729099977969],[-111.95702300008249,33.35640699979956],[-111.96297400017491,33.35642999974229],[-111.96297499999983,33.359950999961406],[-111.97011399959763,33.3598440000684],[-111.9692940003383,33.363645000009996],[-111.97873500022529,33.364232999796336],[-111.98245900037159,33.362622999929684],[-111.98374999980912,33.35988300005868],[-111.9891269997912,33.35616799977413],[-111.99521900034892,33.355193999884605],[-111.99433300006905,33.352460999654866],[-111.99715800041497,33.352429000263875],[-111.99718299963101,33.34149099963874],[-112.01443199966072,33.34147699978433],[-112.01445799959998,33.33852099962515],[-112.01786000042932,33.33859400019349],[-112.01800500019428,33.334220999782396],[-112.01449399958499,33.33421200025081],[-112.01450700000379,33.32683800025661],[-112.02232099999428,33.32684900011463],[-112.02238000044383,33.32331700006424],[-112.03180700008711,33.323304000114376],[-112.03182399980555,33.31967299969996],[-112.08362000029848,33.31970599973122],[-112.08361500027561,33.305142000253255]]]}},{"type":"Feature","properties":{"GEOID":"0402","NAME":"Congressional District 2","BASENAME":"2","STATE":"04","CD119":"02"},"geometry":{"type":"Polygon","coordinates":[[[-114.04237700004911,35.72514000003599],[-114.02391600022459,35.714582999779935],[-113.98498600001423,35.70806899992863],[-113.9713120001679,35.68387299969941],[-113.9535280003859,35.661875999667906],[-113.93523599971746,35.64358999980489],[-113.91993099977667,35.62074199972616],[-113.91714300013898,35.63080699967938],[-113.91302700035551,35.637253999811186],[-113.91222899993917,35.6343300002332],[-113.89944999969528,35.62888099973152],[-113.88859399962386,35.62722399968805],[-113.87680699996505,35.628586999951835],[-113.86896000036259,35.632170999730334],[-113.86357099978663,35.62770499996688],[-113.85172600040151,35.62329999986434],[-113.85195900003,35.621331999761026],[-113.84924400018726,35.61987999989698],[-113.85038499983693,35.618012999972315],[-113.85658399962651,35.6178849997973],[-113.8685879999186,35.613268999768025],[-113.8754870002152,35.605544999724],[-113.87436300028392,35.591851999786016],[-113.87275399993077,35.589048999728604],[-113.86585200015945,35.588522000306384],[-113.8456089997294,35.597168999868906],[-113.83406100044517,35.60615999976916],[-113.83108700013635,35.60692200015134],[-113.82982500011282,35.6695689998216],[-113.8264089999381,35.67060700035621],[-113.8188979998963,35.66607500006365],[-113.78430100010269,35.654620000245174],[-113.62036399976292,35.4945050001038],[-113.52487600009412,35.49500199999534],[-113.44163799986639,35.493246000210135],[-113.35449499974241,35.49438300030055],[-113.33410499989759,35.508416000139185],[-113.33281199991194,35.34628099990828],[-113.33304799991348,34.69177300033833],[-113.3343590003408,34.561314000262165],[-113.3330920002944,34.478459999893865],[-113.33331300022734,34.00003900012844],[-112.74395099962464,33.99989799974146],[-112.27616800017933,33.88246899997447],[-112.27760400028014,33.890439000198],[-112.2751580000509,33.89340399978721],[-112.26574599957787,33.89807000009072],[-112.25889900005814,33.905043000284365],[-112.24303900027358,33.90536100036448],[-112.24072600011372,33.9082610000985],[-112.24364299962282,33.91313799996538],[-112.24294800003698,33.9154620003118],[-112.23655099988069,33.91506400013533],[-112.23505100020581,33.91640800002538],[-112.23156499971088,33.93604300032046],[-112.23601399958027,33.9395340001128],[-112.24137100036918,33.94052699977525],[-112.23579799967021,33.94728599995003],[-112.24025800030857,33.95049000010825],[-112.24034799982195,33.956642999660666],[-112.22923099963462,33.954185999627995],[-112.223040000241,33.96003599975871],[-112.21461799980496,33.96362599984445],[-112.2150079997923,33.96714500029277],[-112.20137900015183,33.97072000012678],[-112.19677100027378,33.97393500003382],[-112.19414000009661,33.97792900036767],[-112.19271300021664,33.991927999682595],[-112.18052200032676,34.003577999738965],[-112.18327499980437,34.009913999925196],[-112.18291199958122,34.012482999755996],[-112.17635499959137,34.01442099994865],[-112.1715829996818,34.017806000306216],[-112.16553700005312,34.01258600031491],[-112.1611280003667,34.01771699975097],[-112.16477399979688,34.0269540002664],[-112.16471500024565,34.03626599989665],[-112.15869499965794,34.04004299963503],[-112.15364699956385,34.04090900033623],[-112.15840699977785,34.04377199981083],[-112.16163100033197,34.042287000059424],[-112.1628199996622,34.04687300017709],[-112.16475799990336,34.04816999976194],[-111.72633400018677,34.00004099974669],[-111.49172199995313,33.99980899977816],[-111.48986900010084,34.001351999651085],[-111.47354499981076,34.003210000360454],[-111.47243799959791,34.00468700011196],[-111.47069900044673,34.00276099998121],[-111.46653199971134,34.005943000357334],[-111.4583760003124,34.00220700027928],[-111.45441500033965,34.00474999988312],[-111.44939800020768,34.00015000009409],[-111.44507900003464,34.00117600003542],[-111.44429700041012,33.99885999989389],[-111.44178400023372,33.99807900011011],[-111.44032999969126,33.99491499994634],[-111.44281299973045,33.99137200026689],[-111.43722300021135,33.986748999733784],[-111.43465399995846,33.98680600035671],[-111.4330959996589,33.98440099982821],[-111.4347069996619,33.980892999876595],[-111.44127200004765,33.97837500030473],[-111.44809000015339,33.973285000193606],[-111.44888699984651,33.968601999778585],[-111.45255200044157,33.96592799987019],[-111.45235400007485,33.96100600031188],[-111.44801200033558,33.95778600002416],[-111.45162099995584,33.953950999742624],[-111.45226700003622,33.94879100016871],[-111.44730400033093,33.94154899966649],[-111.44707199962902,33.934858999983256],[-111.4520400002555,33.93376700010811],[-111.44926699978811,33.92973299982831],[-111.45173599958356,33.92099499982313],[-111.43748699980198,33.916173999901275],[-111.4306379997341,33.9239989999553],[-111.42593199994676,33.92610800011374],[-111.40520300016824,33.9194359996587],[-111.4086029995511,33.91196999966089],[-111.4079969996537,33.90528600013596],[-111.41158400043098,33.903726999631154],[-111.4136630002391,33.89870599963432],[-111.41143499956974,33.891600999670935],[-111.41331000006167,33.88871599999824],[-111.41282399981486,33.88588099982672],[-111.41119899956819,33.883596000059995],[-111.40805100008038,33.883859000251604],[-111.40552200001045,33.88210799999728],[-111.4056519997068,33.8795350002305],[-111.39604599996336,33.87693300020077],[-111.39758300034649,33.87504199972128],[-111.39608299977327,33.87278499980564],[-111.396309999554,33.86856599969547],[-111.38721000014887,33.86248799969888],[-111.38699000004083,33.86044699979654],[-111.39232299964196,33.854832000345866],[-111.3917820000419,33.85295899974821],[-111.39585299961949,33.8446230002519],[-111.39547699987588,33.84086200032825],[-111.39014599992456,33.83770000035407],[-111.39249699971924,33.835899999833494],[-111.38356299999545,33.83362200021724],[-111.37861500035878,33.829580999766804],[-111.3780270000047,33.827393000086175],[-111.37231699993671,33.82392400032703],[-111.37201099961497,33.81824500030742],[-111.38424099986287,33.816489999867045],[-111.38508699995978,33.81030499971561],[-111.3883259996842,33.80535300007486],[-111.38791200030573,33.803213999856915],[-111.37850200038086,33.7937149997674],[-111.38279700026447,33.78812999990928],[-111.38119899978197,33.785229000124076],[-111.38546400042667,33.783185000343686],[-111.38944399976768,33.776662999971556],[-111.38655300019784,33.77321499983093],[-111.38937099997275,33.770806999933114],[-111.38712399993513,33.763230999862884],[-111.38330000022972,33.76279099970644],[-111.38216100022984,33.760956999634665],[-111.3868119997656,33.75004400022757],[-111.38113600003278,33.747658999726504],[-111.37663000026197,33.74963399985673],[-111.3730140000707,33.749343000351594],[-111.37213700001165,33.74521099974195],[-111.3582149995699,33.7403690003718],[-111.35575699964507,33.73803099965197],[-111.35483100008054,33.73324599969211],[-111.35191200002328,33.73351999980482],[-111.35230200001064,33.73228600029003],[-111.34426299988924,33.7274010001696],[-111.34362600002969,33.724839000175656],[-111.33636900043112,33.72035500029591],[-111.3386149997455,33.71589899985478],[-111.3370160003364,33.70898900009711],[-111.33832100001763,33.702746000068714],[-111.33622200011803,33.700777000354904],[-111.33139400013195,33.68833799978702],[-111.326012000127,33.684378999700286],[-111.31490300033559,33.681393999914945],[-111.30916300013038,33.6738569999293],[-111.30421299994556,33.671403000276854],[-111.2995139998309,33.66382300004025],[-111.28718700039691,33.6586149997367],[-111.28618800013915,33.656570000307276],[-111.28719300024471,33.652021000180625],[-111.28228300024287,33.646480000321226],[-111.2797869997849,33.64586500023573],[-111.28022500035114,33.644518000202794],[-111.27612399973799,33.63896599984177],[-111.27360999973668,33.638448000097],[-111.26929499976157,33.629229000343116],[-111.26282999983326,33.623157000257294],[-111.25570399975594,33.621127999965466],[-111.24953799957835,33.62433100013628],[-111.2467459997427,33.6214929998055],[-111.23835799964183,33.6184470000654],[-111.23736799960488,33.61540099963509],[-111.23153399968831,33.613175000019815],[-111.23194799996512,33.60950600035604],[-111.22205500016648,33.60244599980933],[-111.21674900032953,33.60831700003218],[-111.21607899995969,33.6127009997272],[-111.20745300020748,33.620571999863124],[-111.20871900042896,33.63507399967809],[-111.20028199992433,33.6402569997637],[-111.18061900035072,33.65979199981353],[-111.17353699975604,33.66012299995841],[-111.16947899969888,33.66751400015897],[-111.15335399960045,33.67760599963856],[-111.03990499969933,33.46610400008202],[-111.47681200002256,33.465885000115804],[-111.4767159997631,33.44050999990911],[-111.47714799958324,33.43861100028005],[-111.47908900019739,33.43841999983081],[-111.47671400011326,33.43413700034817],[-111.4768429999847,33.39337599966083],[-111.48978999955979,33.39336100013436],[-111.4897619999707,33.38971300002429],[-111.49410899973283,33.38972999980086],[-111.49410799990794,33.38606599968402],[-111.48977100019152,33.3860730001508],[-111.4897960003059,33.38246700028953],[-111.47682600026626,33.382463999857954],[-111.47688599964242,33.365429999837836],[-111.40852700028144,33.30878999990578],[-111.41204600038833,33.30752500028008],[-111.45948400035012,33.30711799995848],[-111.4595160001372,33.29273699996072],[-111.51865799991715,33.29269199964836],[-111.51489100011314,33.28458799983586],[-111.5115030004258,33.263662000270905],[-111.52879099991527,33.263660999764205],[-111.52879199974019,33.24908800023276],[-111.50520300035393,33.24919500012458],[-111.50601900031361,33.23124799980941],[-111.48775000010974,33.19118000005198],[-111.47420699978467,33.17710200006659],[-111.46612199963252,33.15348099999093],[-111.47411999974602,33.14841000011559],[-111.47439400028071,33.16041900031256],[-111.47978499960819,33.16035300019792],[-111.47982399996624,33.16216099989583],[-111.48768499981239,33.16204599978364],[-111.4874250004197,33.152800999904706],[-111.49178499970233,33.15274100019697],[-111.49176299996103,33.14740800030408],[-111.47412899996687,33.147676999708615],[-111.47389600033833,33.13317899991695],[-111.49121399996504,33.132837999970405],[-111.49093100010779,33.12344499999125],[-111.4861080001446,33.11837400016877],[-111.68603200034802,33.117659000247066],[-111.6859109999742,33.2046370001174],[-111.89289900033069,33.20332599995969],[-111.89359599956637,33.2911480003182],[-112.13378899999657,33.290259999723524],[-112.21533699968026,33.37007099965892],[-112.21997100039592,33.37011299967433],[-112.22020099965135,33.37459199991572],[-112.23494800027366,33.388969999657434],[-112.24060100044024,33.384410000282294],[-112.24897000027453,33.38264900027497],[-112.26060200012263,33.38358999980238],[-112.28851800007784,33.37929099976362],[-112.30231999997069,33.383014999628145],[-112.30867299974602,33.381029999992684],[-112.30648699980776,33.38080399971056],[-112.30711500034481,33.379090999965356],[-112.30613100015562,33.380575999760126],[-112.30618399985909,33.24692100035765],[-112.20208700015648,33.24686099975093],[-112.20298400030703,32.99281399983747],[-112.19920999993201,32.99283500004759],[-112.1974779995552,32.98852900028528],[-112.19696000041968,32.97843399984306],[-112.16472699994121,32.97831599976402],[-112.1638520004303,32.97467300028095],[-112.15814700038516,32.97124699969646],[-112.13453200016131,32.97102099979102],[-112.13448199993262,32.98257100009892],[-112.13258200022463,32.9855120002547],[-112.09790300041524,32.98454999990816],[-112.04801099982829,32.985628999846554],[-112.04791799994184,32.971172000068705],[-112.04989299999292,32.971034000044696],[-112.04791999959168,32.971034000044696],[-112.04966200001425,32.92335600021107],[-112.04927000037706,32.879285000348894],[-112.06651699985864,32.87928599995502],[-112.0665000001402,32.850383999697556],[-112.03191300039234,32.85017100035512],[-112.03204999976137,32.87932299970766],[-111.98052399960518,32.879352999944324],[-111.98031500026613,32.86465499962513],[-111.94684499987852,32.86465999998951],[-111.94686099977204,32.87936099980456],[-111.90992099968135,32.87939499995684],[-111.90990800016085,32.87486000021195],[-111.91202600032706,32.87486200027846],[-111.91203399982467,32.872140999737454],[-111.87760600008544,32.8722170000367],[-111.87758400034413,32.879505000182746],[-111.86060399992795,32.87944899972817],[-111.86068599994371,32.89462700016792],[-111.85591800023208,32.89019400003459],[-111.84335999992112,32.890094000375555],[-111.84335300024843,32.892562999742054],[-111.84820799999866,32.89450899985504],[-111.83447100040317,32.89405199994076],[-111.83448999977142,32.88984999991909],[-111.83054800006525,32.889832000099915],[-111.83050500040753,32.89088699966984],[-111.80892899980884,32.889817999735165],[-111.80915499976466,32.90958199997288],[-111.80702599972783,32.90852999993055],[-111.80898300023553,32.909739999734015],[-111.80896899999183,32.912221000340224],[-111.80460799998598,32.91218699996499],[-111.80465200036691,32.90851700028913],[-111.75726200008569,32.9087799996248],[-111.75731700033727,32.901468000191116],[-111.73996000035253,32.899238000347715],[-111.73995699997948,32.89413900016888],[-111.65363900003601,32.89429700032994],[-111.65409099994764,32.850447999846516],[-111.64537300013392,32.85044400012155],[-111.64531299985944,32.86505100014687],[-111.63662799965769,32.86501999983064],[-111.6367199997192,32.854102000044286],[-111.62805100030927,32.85409699983935],[-111.6280470001113,32.85772000007583],[-111.61934600001601,32.857725999925776],[-111.61932500009964,32.861395000078794],[-111.6236679996638,32.86138799991452],[-111.62364900029554,32.865032000051706],[-111.6280339996925,32.865025999941345],[-111.62781000028482,32.87972399986937],[-111.59321400031615,32.87967800009718],[-111.59327299986737,32.872327000116144],[-111.6105729999507,32.87235800014133],[-111.61070299964705,32.86028899971581],[-111.60198800020636,32.865032000051706],[-111.60209199996343,32.850420000258715],[-111.59745999979594,32.85400699987488],[-111.57612500012002,32.852099999886285],[-111.57507399998367,32.84304500028562],[-111.56763499991192,32.84307399995049],[-111.56768000011776,32.835786000299976],[-111.51526699985676,32.83591200028141],[-111.51532299993326,32.82143500005858],[-111.51113400035487,32.82117400027076],[-111.51113799965452,32.81988500027769],[-111.51532600030632,32.8198740002664],[-111.51533499962882,32.81630900006964],[-111.51115000024842,32.81631499969908],[-111.51116899961666,32.81052899977468],[-111.5153470002227,32.810522000128685],[-111.51541699964461,32.791528000173194],[-111.51153000018999,32.79153099969162],[-111.51146400006776,32.77927500013346],[-111.51517300014545,32.778969999762865],[-111.51517999981814,32.777844000084876],[-111.49837000017958,32.777882999814885],[-111.49826700024741,32.79231200000629],[-111.49392700015797,32.79237300022845],[-111.49389500037093,32.79970899996569],[-111.49828200031601,32.79969799972209],[-111.49830499988222,32.80692799982726],[-111.4932390002448,32.8069979998478],[-111.49243099978273,32.814203999761226],[-111.49242199956187,32.82145199991405],[-111.49817400036099,32.8214470001345],[-111.49798199984205,32.85042599984766],[-111.45376099986335,32.8506360003001],[-111.36147500010901,32.84969899990529],[-111.3616070003535,32.76291799962703],[-111.25964700018535,32.7625910000119],[-111.25976000016325,32.78697999996946],[-111.24861399966363,32.78722900032573],[-111.24339400004038,32.787207999658385],[-111.24281400008225,32.78548300008663],[-111.22438800041782,32.78195899969977],[-111.20907500008113,32.78712499984921],[-111.1706829999961,32.78640599973497],[-111.16101699997819,32.773539000337664],[-111.15070599970484,32.76914200003424],[-111.15147900000683,32.77065300019799],[-111.14322300015047,32.77222500007905],[-111.14002299988579,32.77130999962767],[-111.13421300025868,32.77394299964025],[-111.12185300031442,32.77088200025549],[-111.11465699991689,32.77251700021849],[-111.09496300038118,32.77250899979289],[-111.07667400008579,32.76917099964946],[-111.06777499962378,32.77262399979955],[-111.04686099989732,32.77321199970506],[-110.94506300011088,32.7716479996328],[-110.69586499981177,32.77142000010094],[-110.66116799956072,32.77288800028389],[-110.6265699999422,32.771242000352046],[-110.44853299978375,32.771158999999386],[-110.44938700027659,32.98741600029505],[-110.4360609996865,32.98126800032324],[-110.41741400008914,32.981317999892184],[-110.40759099971241,32.995337000082024],[-110.39513799988174,33.006611000362724],[-110.37172500022258,33.00657900022965],[-110.31319299963968,32.997705000071576],[-110.281533000345,32.98884699974993],[-110.23037299988671,32.98952399963517],[-110.19093600041147,32.97169300036762],[-110.13674800011596,32.95837800014106],[-110.09295899995739,32.89556599990007],[-110.05475500019334,32.87513700031583],[-110.05734199998957,33.03586499970454],[-110.05628300035563,33.04125200013083],[-110.05675299981061,33.30429100023153],[-110.0554289998628,33.30451500013552],[-110.05202199990892,33.301433999751815],[-110.04981300040444,33.30154300022382],[-110.0493380000283,33.296254999681445],[-110.04465300015734,33.290348000179115],[-110.04668599993471,33.28332400019548],[-110.04259100006766,33.27394700029067],[-110.03858999991193,33.2745410002033],[-110.01962399957402,33.26489399993111],[-110.02134099988221,33.26306100012725],[-110.01716800019733,33.26001199964047],[-110.0187209995757,33.25890899985118],[-110.01584400024954,33.25198699980176],[-110.02239299984346,33.24553099964223],[-110.014025999659,33.24383699996675],[-110.0114199995962,33.23962700029668],[-110.00063999969277,33.23567300025352],[-109.99924799997291,33.2415990000887],[-109.99128099982154,33.24567700013807],[-109.99142999978446,33.249452999682944],[-109.98230699991477,33.24898399998071],[-109.98052799968231,33.24646400002022],[-109.97733900018662,33.24782599969188],[-109.973036999732,33.244842999807304],[-109.9645740001864,33.23627999984477],[-109.96021999985325,33.236937999869234],[-109.96052000032722,33.234308000299066],[-109.95898700014203,33.2325600003132],[-109.95262199977282,33.23157499996731],[-109.95085900033219,33.225682000346666],[-109.95179300029265,33.22210500023092],[-109.94988799966349,33.21867400014241],[-109.94583700017736,33.2168699998529],[-109.9494580003915,33.214529999710685],[-109.94307299993079,33.199754999904485],[-109.95193899988253,33.193114000126386],[-109.95140099975718,33.19072200031896],[-109.94444399973426,33.18481700000932],[-109.93802400001177,33.18133399976054],[-109.93434800044437,33.181416999671],[-109.92731899955312,33.176486999749216],[-109.92886199978405,33.17432400010368],[-109.92587499995471,33.17015500033476],[-109.92396100000303,33.1706679999871],[-109.92118599988581,33.16814900016999],[-109.9168769997585,33.16914299996999],[-109.91118000010928,33.165757000050505],[-109.90911899984451,33.162428000359334],[-109.902338000447,33.16407000002834],[-109.9002460002201,33.162021000164344],[-109.89292099995114,33.160023999819714],[-109.89118100007673,33.15676099966724],[-109.89386599978225,33.146064999878035],[-109.88794300017723,33.144432999968124],[-109.88613499963243,33.14899100020281],[-109.88302300012964,33.14954099969409],[-109.88113500011723,33.15403099990941],[-109.87356299997609,33.15442900032503],[-109.87316200011809,33.15959299962807],[-109.86612899992718,33.15830399995903],[-109.84963399993289,33.16190900036863],[-109.83942399994187,33.157154000126944],[-109.83304500022726,33.15791900033422],[-109.83485200004883,33.1478909999012],[-109.83325000026669,33.147018999642114],[-109.83136499972899,33.139603999790516],[-109.83394900005051,33.13827800016368],[-109.83332999973429,33.135277999730256],[-109.82923900006519,33.13201899965535],[-109.82388299999951,33.13038400024882],[-109.82249399975439,33.125496999825096],[-109.81751199978251,33.12243099965057],[-109.81745999990399,33.118770999888255],[-109.81215499989193,33.11681899979579],[-109.80673899955178,33.11785499989866],[-109.80846500008082,33.122041999627335],[-109.8030079997328,33.12257399970371],[-109.79898999985862,33.12487899996085],[-109.79516100013034,33.123657000137676],[-109.79064000029095,33.11753700029682],[-109.78020900036697,33.120712999891374],[-109.77359200010268,33.12572399994529],[-109.77020199986721,33.125869000304895],[-109.76697900003634,33.12300899986997],[-109.76990800013935,33.11950699989698],[-109.77046999965583,33.11298000009893],[-109.7738680002872,33.108342000061434],[-109.77240899972188,33.10391399998672],[-109.77505699961749,33.10027899995782],[-109.76588299969418,33.09258099990688],[-109.76614600035822,33.08951999987829],[-109.76346199957929,33.08744200035386],[-109.76422300018571,33.08073299982041],[-109.76210099982156,33.07921099999755],[-109.75954400016256,33.07035700006112],[-109.75535700023397,33.06957100027967],[-109.75131000004748,33.072083000115036],[-109.74743600011335,33.07107200013288],[-109.74749499966458,33.07370800010004],[-109.74226900019359,33.07831099997838],[-109.74031599988383,33.077810000133056],[-109.733606999558,33.07278099994174],[-109.73332100022607,33.07076600003951],[-109.73765299991962,33.065381999845656],[-109.73941600025856,33.05568999985966],[-109.73109799957957,33.05563899966266],[-109.73104200040142,33.05041599977416],[-109.72489799996514,33.04651499963286],[-109.72033299974478,33.04849000018884],[-109.716271000388,33.0480230000647],[-109.71343299962328,33.04450800004708],[-109.71401900032751,33.04031699967361],[-109.70783100040863,33.04445500015406],[-109.7012540003273,33.04417400018854],[-109.69439600003857,33.035314000172164],[-109.68635899956702,33.02978800023216],[-109.67914999964904,33.022003999946065],[-109.67397100003367,33.02208699982497],[-109.66569099988784,33.01487900032085],[-109.65963199984039,33.01425699982281],[-109.65498499960428,33.01770199995588],[-109.64634299995853,33.01890399988774],[-109.64353799970408,33.0153450002871],[-109.63059000030408,33.02557399969865],[-109.62030999999287,33.028169000268456],[-109.61614700035373,33.024344000014636],[-109.60374200020364,33.022591999935536],[-109.60093399957614,33.01856099976774],[-109.59478300036547,33.01591799993611],[-109.56022699968143,33.051701999770685],[-109.5211080002235,33.05139099974675],[-109.51587500018147,33.047994999736666],[-109.51848600026716,33.04528200012187],[-109.51698599969394,33.04200399963057],[-109.51820800043281,33.03624299971027],[-109.51483800028885,33.03458199999742],[-109.49573999970647,33.07840899970461],[-109.4954400001308,33.652696999627146],[-109.48999600020159,33.65904300006406],[-109.4901879998222,33.65513699970006],[-109.48684000031786,33.65654799970658],[-109.48348799971721,33.65413400023135],[-109.4816549999564,33.654935999798546],[-109.48634200037549,33.66139000017286],[-109.48255399975677,33.6614720003518],[-109.47966300018692,33.66460400010978],[-109.48010800042584,33.66831000011734],[-109.48399200040572,33.67262799969421],[-109.4812189999383,33.68401700005479],[-109.48364599990099,33.68672800012816],[-109.48017899967263,33.687560000309645],[-109.48030599989424,33.69134699991824],[-109.47512599955566,33.69041499976827],[-109.47476200040592,33.69519699984391],[-109.47269100009538,33.696843000070785],[-109.46801500044528,33.69386699996535],[-109.46196700026846,33.69274500025116],[-109.46148199984655,33.69669799986884],[-109.45594099983296,33.69941900023712],[-109.45301000008013,33.70363599981507],[-109.44589800024652,33.70844399964773],[-109.44954100020196,33.70848500010216],[-109.44818100026914,33.71126599970347],[-109.44406899978532,33.710508999749415],[-109.44042300035514,33.71323200015672],[-109.43244100013517,33.711206000008815],[-109.42663800018073,33.712148000016484],[-109.42357600000835,33.71012599983167],[-109.42147000043603,33.711893999919766],[-109.41813700010198,33.70898400005387],[-109.4139350001048,33.70788399990265],[-109.41241699998825,33.70854099999856],[-109.40998800037575,33.71568000021597],[-109.40553699995822,33.71040300004852],[-109.40101100009593,33.717650000260605],[-109.39897699959535,33.716766000137405],[-109.39799499995429,33.713280999788125],[-109.39588799965877,33.71294899972567],[-109.39520599959337,33.7164749997285],[-109.37861699988775,33.724625000060826],[-109.36886600037934,33.72239700022811],[-109.36110300044248,33.72798200025282],[-109.35716099983799,33.72775000024896],[-109.35538599980347,33.72505299975687],[-109.35288799969567,33.724919000256094],[-109.35276300002222,33.728947999992926],[-109.357633999666,33.734920999667935],[-109.36125099968218,33.73547400026801],[-109.36474800004775,33.73998499971681],[-109.36193100009774,33.746224000360556],[-109.36351899963618,33.74847199993807],[-109.36299399992964,33.751666999676566],[-109.35492200019628,33.76341999997313],[-109.35509399972544,33.77019300000588],[-109.34714800038876,33.77629099993284],[-109.34858100011652,33.77812300002303],[-109.04671699983645,33.777406999682654],[-109.04536299975139,34.785406000077266],[-109.04687900021813,35.78372299971001],[-109.04517199995568,36.9989769999816],[-110.46973299974047,36.99765700001516],[-110.49029900021071,37.00362799979258],[-110.62569100023332,37.0037249997718],[-111.1505760000085,37.000949999809755],[-112.8295029998371,37.00051599971132],[-112.82932100026223,36.90341500026029],[-112.82735299988387,36.90331599973637],[-112.82737100032556,36.83198900002247],[-112.60038099956346,36.831928000020625],[-112.59656299970582,36.8287390002444],[-112.59738700006143,36.824420000150006],[-112.60084500006896,36.824090000048685],[-112.59961999985535,36.82024399988436],[-112.6015249995862,36.817452000146254],[-112.59920700030179,36.81556900003952],[-112.60009199985845,36.810157000146084],[-112.59729699964974,36.80920699981433],[-112.60092399971167,36.80658500033777],[-112.602968000258,36.80867199978783],[-112.60649300021267,36.80759999982718],[-112.60371800009547,36.805375999962095],[-112.60546499964256,36.80229799981138],[-112.60382400040068,36.79960099983836],[-112.61056799998825,36.80207100020605],[-112.60844099960121,36.79803900009863],[-112.61467799992394,36.79765800007006],[-112.61194299998967,36.79495000031653],[-112.61422299963927,36.79171900003297],[-112.61388399970555,36.78673000029675],[-112.61972799966786,36.7827440000637],[-112.61658699985274,36.77488400017426],[-112.61352899987831,36.77679199978116],[-112.61220999995338,36.77588599967576],[-112.61831099983362,36.76914699966495],[-112.62094700003368,36.76966199974994],[-112.61949699968918,36.766332999743575],[-112.6203009999533,36.76366800032672],[-112.61535599979136,36.76264899966547],[-112.61550999977715,36.75785199997018],[-112.61165799958435,36.757744000260004],[-112.60981999980064,36.75548700031913],[-112.61171600020897,36.75197000000424],[-112.61421000011879,36.754957999818224],[-112.6169209997636,36.75492899964995],[-112.6170339997415,36.75040699990974],[-112.61366399959752,36.74905499985705],[-112.61209600015054,36.74292400021534],[-112.61678000019658,36.7445759998922],[-112.6182809996964,36.74105000001783],[-112.61448899977805,36.74060900018768],[-112.61223400024282,36.736853999762715],[-112.61480900034351,36.73542000019937],[-112.61879500043062,36.738150000043916],[-112.622110000323,36.73719499995317],[-112.6225189996786,36.734644000299646],[-112.61648999976836,36.73368499984871],[-112.61718100005459,36.73115999994124],[-112.61538900030163,36.72678799982018],[-112.61816799971851,36.73017999996975],[-112.6208709998657,36.73025600009758],[-112.62020100039418,36.728063999668265],[-112.62276300007606,36.723408999708376],[-112.61657799963193,36.72146099996182],[-112.62267199983948,36.72038699965627],[-112.62380900018954,36.717274999694936],[-112.62795400028533,36.716729999673014],[-112.62763500044308,36.714344999785325],[-112.62378999992296,36.711161000071236],[-112.6266710003454,36.70688899972083],[-112.63124400006333,36.70544599990596],[-112.62701000027911,36.701163999711184],[-112.62854799958883,36.69725299995292],[-112.6304380001494,36.69654499997269],[-112.6287490003286,36.69177000024006],[-112.63134399962246,36.688095000181214],[-112.6343260003272,36.68717300016002],[-112.63519400016546,36.68437699998115],[-112.63283599979977,36.68110099977194],[-112.63335600038175,36.67889299998314],[-112.63659699975597,36.67777900017612],[-112.63867899993713,36.674477999799784],[-112.63458900009296,36.670965000197775],[-112.63635699955645,36.66831800029241],[-112.63282900012706,36.661839000321855],[-112.63362900019322,36.65882799981773],[-112.62748099955898,36.65482499974365],[-112.63074199992302,36.65176600023481],[-112.62992599996332,36.64930500009655],[-112.62580199978393,36.64762699964327],[-112.6293619998987,36.64581600008039],[-112.62741699998489,36.63933099982681],[-112.62914400033881,36.63761200032697],[-112.6249480001894,36.635142000027216],[-112.62704299989106,36.62992499964133],[-112.62271899969514,36.6267529998956],[-112.62426500029912,36.62152199969468],[-112.62344900033943,36.61512100022891],[-112.61857500032258,36.61349200026548],[-112.61893299962456,36.61044799994644],[-112.62246799962497,36.607177000091156],[-112.61983300014815,36.60236500010054],[-112.62358599970847,36.60011000023109],[-112.62094500038386,36.5956449997039],[-112.62640600003151,36.593155999958526],[-112.62258399997593,36.59144100007719],[-112.62936500027176,36.58945399966068],[-112.62613499986986,36.581733000350866],[-112.62999799993332,36.581481999793205],[-112.62854299956598,36.5767509998481],[-112.63426500022786,36.577578000272034],[-112.63548500041858,36.57592999989669],[-112.6323320000096,36.574406999933025],[-112.6327980001649,36.570324999826994],[-112.64420700043027,36.57111500009728],[-112.64136799984064,36.56915200001736],[-112.64162800013163,36.565735000204995],[-112.64811999982415,36.56426999966042],[-112.64735900011604,36.56162699990164],[-112.65336700010988,36.55814499975763],[-112.65636499980985,36.55391499970916],[-112.6500599997151,36.55119899978587],[-112.65405300037322,36.546042000255994],[-112.65167699956585,36.54456299987841],[-112.66009999982681,36.54339500011018],[-112.66025200016276,36.53846599968017],[-112.65577200033123,36.537372000230704],[-112.65872800019842,36.53472999975528],[-112.65890700029856,36.529038000147175],[-112.65311400038989,36.52843699965705],[-112.65566199982807,36.52279000030522],[-112.65507099999928,36.520152000041634],[-112.65253899955631,36.51844800016972],[-112.6561210003107,36.514624999986374],[-112.65163100043343,36.50910800027057],[-112.64643799967605,36.510100000113894],[-112.64485400033556,36.50608900016524],[-112.64811499980127,36.503425000185366],[-112.64167800036034,36.50199400014316],[-112.64264300028294,36.499008000353186],[-112.64616200038984,36.498481000279334],[-112.64582900030392,36.496871000265365],[-112.64311500028607,36.495568000181834],[-112.64056100010177,36.49827099994662],[-112.64005300011367,36.49557799990627],[-112.63682100006196,36.49476399991397],[-112.63527100015834,36.49200499964196],[-112.63971500000487,36.49043000033125],[-112.64064099956943,36.488474000181576],[-112.63620599994371,36.487032999639176],[-112.6356629997955,36.484082000334965],[-112.62896000021581,36.486695000271055],[-112.62564699997324,36.48639900007898],[-112.62646499958274,36.48335800035524],[-112.62182099971969,36.48490199971105],[-112.62203699962974,36.481977999868725],[-112.62445199989688,36.48190000027867],[-112.62606000042511,36.479319999868274],[-112.62399300031255,36.47775800019498],[-112.62539300042833,36.47623999991026],[-112.62281300030477,36.4749839999555],[-112.62771200043598,36.47089200019069],[-112.63234600025329,36.470103000093516],[-112.62923100037746,36.46899700016836],[-112.62895400036801,36.46528299991547],[-112.63290799976977,36.462691000309135],[-112.63477099966782,36.46404900024355],[-112.64088800033993,36.460589999723425],[-112.64338399989957,36.461090999764274],[-112.64510700005555,36.45676699990843],[-112.64134600009932,36.456717000071045],[-112.64279700026874,36.45320099977614],[-112.64060100028476,36.44906800004884],[-112.64759400029267,36.4468950000779],[-112.64261599962046,36.44659100029038],[-112.64032699975004,36.44312899968256],[-112.6369940003143,36.444077999836544],[-112.64002999964912,36.439288000078626],[-112.64465199977087,36.44165800034514],[-112.64679599987635,36.439432999722115],[-112.64238299999195,36.437530000305806],[-112.64453399977012,36.434322000039195],[-112.6399510000064,36.43433700027694],[-112.64173400043686,36.4315359998173],[-112.63867800011222,36.425128000172876],[-112.6308909998859,36.42877799986801],[-112.62885899993346,36.42739800002655],[-112.6308399998323,36.42339899986634],[-112.6276859995984,36.42262299971301],[-112.62823399976948,36.417799000091016],[-112.62674699961507,36.41521099980935],[-112.62428799986533,36.414911999899374],[-112.62567899976028,36.41234000026044],[-112.62413399987955,36.41002699986297],[-112.62518500001588,36.40659300003276],[-112.62820199998242,36.40601899969223],[-112.62789099963781,36.403468999818465],[-112.63155600023286,36.401240000240676],[-112.63000999962891,36.39664099976426],[-112.63253899969882,36.39458200029383],[-112.6294899999452,36.39161100024008],[-112.63991099982344,36.38880899964925],[-112.64698800039528,36.38386900023563],[-112.6490529999597,36.379780999785396],[-112.65103200020872,36.36609300018036],[-112.65662599992577,36.35722900007507],[-112.66842400035354,36.34661299985886],[-112.68073499989399,36.341658000214316],[-112.68531600000789,36.3438310000109],[-112.68862900025043,36.35324000033869],[-112.6928510003391,36.3551630000293],[-112.69882699964758,36.355327999871115],[-112.7225740001159,36.34694100011285],[-112.7264959997306,36.34204300023905],[-112.72013499955932,36.325167000159645],[-112.72287200004172,36.3199700002694],[-112.73179400006997,36.31776200008231],[-112.74906499984097,36.32543600015126],[-112.75578599986231,36.324346999653805],[-112.75871300031552,36.32072099991251],[-112.76168099987828,36.310047999772785],[-112.76614800018932,36.305711000022484],[-112.7717150001422,36.303108999739976],[-112.7827119997806,36.30303300027815],[-112.78747700001749,36.30082099972836],[-112.78910399991399,36.29765300017857],[-112.78930499975543,36.28909299968763],[-112.79376100019584,36.28439800025486],[-112.79854800017402,36.28388599980812],[-112.81255000008342,36.28856300035842],[-112.82450400014682,36.28834100028279],[-112.82963400025668,36.287041999646505],[-112.83773500030235,36.27884599987932],[-112.84366899977805,36.276729999965305],[-112.86923399993854,36.282303999661515],[-112.87846399993836,36.27626400025461],[-112.88254299991189,36.265794000175276],[-112.8907450002399,36.25913399986007],[-112.90294899965023,36.25376099975672],[-112.9150840003619,36.2581390003291],[-112.92340600034052,36.25773999965587],[-112.92757099962947,36.25300500025424],[-112.93009800004957,36.24606600029531],[-112.9359090003999,36.242599999758696],[-112.98120999992896,36.23176899989305],[-112.98972500025143,36.232735999661664],[-113.00634300026937,36.238753999706475],[-113.01756699968848,36.2371849996804],[-113.03826399967996,36.22660800002744],[-113.05275900040715,36.20936500005785],[-113.06226200021844,36.20716300009934],[-113.08717000042793,36.19539800029809],[-113.09547399996488,36.19356599983052],[-113.11409200014822,36.18322300000336],[-113.12135999961745,36.17377600010313],[-113.12800500036916,36.16947600016427],[-113.13707999965995,36.166424000029345],[-113.1431959996088,36.17161100016762],[-113.1491719998156,36.173676000018645],[-113.15688200004902,36.174304999971625],[-113.16293000022583,36.171742000129484],[-113.17256899958122,36.16273499981496],[-113.19675100024273,36.15294900035174],[-113.20126899970909,36.14957299989954],[-113.20092499975249,36.14410899993218],[-113.20529400015425,36.13318799999643],[-113.2016710002903,36.11904100016891],[-113.21583200020834,36.10761399984405],[-113.21844499994386,36.09937700026124],[-113.22491900009302,36.091143999974335],[-113.23114600036996,36.08952400005967],[-113.24628899992906,36.09333599989624],[-113.25716000006908,36.088500000123126],[-113.27924700013058,36.09733600004785],[-113.30058400035465,36.09572999985106],[-113.31034900010675,36.10004899976942],[-113.31997099974372,36.09676899984214],[-113.3236580000801,36.090834000324556],[-113.32617299990632,36.07842400031813],[-113.33077199956354,36.06832200002684],[-113.34733100003025,36.055181999980725],[-113.35203900036574,36.0475280000455],[-113.35417599990018,36.040368000015384],[-113.35170799992963,36.03425000002045],[-113.34836000042529,36.01311499993419],[-113.34383799986263,36.0100079999589],[-113.34013600035597,36.003284000079915],[-113.34141099989998,35.99070599983127],[-113.33977700033076,35.98515000010949],[-113.33279199982043,35.97854200005238],[-113.32183199999196,35.975942999683205],[-113.31937499989208,35.973906000339205],[-113.31725900027402,35.968611000228265],[-113.3190240002628,35.96578499972116],[-113.31741699955944,35.96081999985882],[-113.32569000003257,35.95501699992756],[-113.32865900031854,35.95014199988685],[-113.32551900032834,35.9399040003543],[-113.3255100001075,35.93472900032572],[-113.3287830001671,35.92601000016116],[-113.3341409998826,35.91871900020912],[-113.33484999971216,35.91385900031],[-113.32785800042747,35.90768599989606],[-113.32283299989959,35.89874000020623],[-113.31006600024953,35.892002000188306],[-113.30933099958239,35.88539099973213],[-113.31279299978789,35.87254999965485],[-113.3103929995894,35.863212000168325],[-113.31503099960464,35.85446399976754],[-113.32689099995673,35.840697000145525],[-113.32584599966818,35.82984900008385],[-113.3332670001966,35.82167899996653],[-113.32951100026324,35.8130210000965],[-113.33788000009753,35.79274600032258],[-113.34157300028167,35.787886000250204],[-113.35636500021148,35.776829999878885],[-113.3687290003537,35.77132000012665],[-113.37771099975808,35.763378999946625],[-113.38190799973239,35.75643399966685],[-113.38688499968136,35.753296999685006],[-113.4194620001164,35.75082400013328],[-113.43554299983393,35.75256900005916],[-113.46920800021519,35.7648709998535],[-113.48643799997834,35.76667900005864],[-113.49988000002107,35.765570000358814],[-113.51416599961257,35.76754200008425],[-113.52825799993363,35.77836600029139],[-113.54337899975143,35.79564499966057],[-113.56308900007899,35.80425100006111],[-113.56645699967483,35.80949300012147],[-113.56964199987087,35.8215770002349],[-113.60592400018562,35.84945700028578],[-113.61157399997917,35.84967900026017],[-113.61593599980992,35.84596699990317],[-113.61903800016528,35.83689300023855],[-113.62587100033966,35.82932099969515],[-113.62822499960907,35.8224169998186],[-113.63184300034847,35.81960899976286],[-113.63669399990076,35.81902800015612],[-113.64743299979631,35.8238840002984],[-113.65621400025753,35.836302999898166],[-113.65592499965423,35.8484280003563],[-113.66378899987342,35.855558999855184],[-113.66883299976956,35.86578399964084],[-113.67572299984533,35.868855000089376],[-113.68111900009399,35.874936000176184],[-113.70796700019444,35.87964000007942],[-113.71343600023802,35.885380999662374],[-113.71217099984145,35.89414800036121],[-113.71667800033548,35.907378000226515],[-113.71379899956285,35.92786800011711],[-113.72214900002889,35.93919199972522],[-113.7396730004182,35.94062900013253],[-113.74113600028318,35.94749799996747],[-113.73769900019207,35.95614799993844],[-113.74957399971441,35.968554999837515],[-113.7567170004085,35.96751900034889],[-113.76561199977422,35.97009500010795],[-113.76921399972179,35.97267199977984],[-113.77133600008594,35.978659999946764],[-113.77683199989369,35.98503400014467],[-113.77965899988945,35.99118900035573],[-113.78106800022607,36.002146000343906],[-113.78469299973986,36.01132699979312],[-113.78242499978583,36.02531900004929],[-113.7862669999329,36.028230000096535],[-113.7955670002529,36.02922399991266],[-113.81063500036726,36.04835500015614],[-113.84390900003797,36.049480000136406],[-113.87675300043671,36.05735300004895],[-113.89121200028056,36.067596000111166],[-113.89542900034635,36.077168999937776],[-113.89522799960658,36.088883999666315],[-113.8977490001789,36.092056000082785],[-113.90353200004185,36.09283799992275],[-113.90479900008825,35.81992399980806],[-113.91110400018302,35.81799399968259],[-113.93306300019802,35.80564199989769],[-113.94047499960729,35.807025000193704],[-113.9385670004017,35.80339300009407],[-113.92972800021413,35.797248000027096],[-113.930310999647,35.79262299991875],[-113.92891599955409,35.78906099966925],[-113.9299580003679,35.7833020002361],[-113.939061999971,35.77205300008062],[-113.94465200038842,35.768462000128295],[-113.95313400020059,35.76749299980482],[-113.96069200009805,35.769327999796744],[-113.95878200034434,35.7738940002736],[-113.96308499972555,35.77444899975214],[-113.96201600004585,35.776317000024676],[-113.96335900026024,35.77767500000612],[-113.97032299995584,35.77800199976958],[-113.97908699980033,35.77570899969056],[-113.99560400043426,35.7643570000417],[-113.99569599959744,35.754692999985025],[-114.00184800042965,35.74863299971682],[-114.00907200041624,35.744956000058224],[-114.01353499963102,35.74063599994906],[-114.04237700004911,35.72514000003599]]]}},{"type":"Feature","properties":{"GEOID":"0407","NAME":"Congressional District 7","BASENAME":"7","STATE":"04","CD119":"07"},"geometry":{"type":"Polygon","coordinates":[[[-114.81630000028981,32.507827000196315],[-114.81238600017274,32.50033999988173],[-114.81407300034371,32.49678399992842],[-114.81354600008902,32.494021999773864],[-114.08691900041819,32.273547000310266],[-113.6547759996086,32.139648999912595],[-113.1553260002976,31.9825069997232],[-112.71857799998304,31.84979299977105],[-112.23804800008087,31.701377999800517],[-111.65706400043157,31.518656999964115],[-111.07498000024214,31.33234199999572],[-110.84774799963071,31.333738000223153],[-109.48704199998423,31.334057000192065],[-109.48376800009972,31.33798499972794],[-109.4836889995587,31.342071999705006],[-109.48027099973415,31.345511000130205],[-109.48274200007775,31.350252000193173],[-109.47751700043162,31.353152999985987],[-109.47887800018937,31.370770000137117],[-109.46960399980863,31.375138999974133],[-109.46436999994167,31.385815999879547],[-109.46571499980587,31.39040600024753],[-109.46411300002373,31.39291699981114],[-109.4662360002128,31.393211000278228],[-109.46889499997906,31.398663000228158],[-109.4668980001867,31.40164399987736],[-109.4750929999437,31.408809999887364],[-109.47858899958605,31.417340000065426],[-109.49227500002624,31.418028999840054],[-109.48528000036849,31.428131999933168],[-109.48969999992558,31.429884000205735],[-109.4877170003769,31.446025000139027],[-109.47982899986826,31.451527999639517],[-109.48005700037221,31.452723000297784],[-109.49478400000467,31.45859100016206],[-109.50302099959447,31.458713000083065],[-109.50292799970806,31.46543299996964],[-109.59104199960241,31.465752000167395],[-109.59562000024157,31.4669419998707],[-109.59744700015462,31.465779000227922],[-109.64647500020301,31.46605300006111],[-109.64701599980309,31.452140000100865],[-109.63009300018662,31.45196399964656],[-109.63019600011879,31.43695900015319],[-109.81707599976444,31.4379609999116],[-109.81707199956647,31.436466000012697],[-109.82645399990224,31.442431999821483],[-109.82237900012666,31.45820500025693],[-109.8244660003307,31.518715999990416],[-109.85192899965108,31.557055999855383],[-109.85194299989479,31.553227000180296],[-110.05337000014616,31.553072999921973],[-110.05320799976444,31.46864199991527],[-110.0035420000316,31.468519000017782],[-110.00469100007722,31.4361450000121],[-110.00352100011519,31.42368499977121],[-110.03755700021725,31.423353999837687],[-110.0374890004452,31.37985000030728],[-110.06877800001911,31.380986000131053],[-110.1111319999018,31.379977000249944],[-110.11093699990813,31.38286700032623],[-110.1061180001429,31.387973000271053],[-110.10935100001952,31.391254999749417],[-110.1065059995821,31.39440800028895],[-110.12232600008201,31.394478000211855],[-110.12233299975469,31.40909200028349],[-110.24074400043453,31.409077000120625],[-110.23958299979503,31.39862200033283],[-110.22493800017831,31.38406700035469],[-110.21835000022632,31.38072099987094],[-110.2070830002512,31.37994100019305],[-110.20722100034347,31.35118199990092],[-110.21545299991038,31.350885000268665],[-110.22087699974811,31.348494000266754],[-110.23556499992087,31.349962000317202],[-110.23911199961682,31.347776999736595],[-110.24497099964775,31.354363000056573],[-110.26469299967088,31.361136999681587],[-110.26563500002726,31.35947799970233],[-110.26959699982496,31.360159000037328],[-110.28446499992275,31.36770199974935],[-110.28700599968822,31.366919999732318],[-110.28921799956574,31.3606999998681],[-110.28668299964802,31.35568300029897],[-110.28624800035315,31.353176000379108],[-110.28720099968189,31.352588999925885],[-110.28917699955787,31.356431999763362],[-110.3003940002026,31.362525000159184],[-110.30813000037527,31.362722999798315],[-110.31065000022437,31.36500299971269],[-110.31830000018333,31.365486000371206],[-110.32924599976809,31.37249599999858],[-110.3420440002786,31.368461999867492],[-110.34543100014099,31.37059999983382],[-110.34678699987586,31.373942999925664],[-110.35777600001666,31.374780999660487],[-110.35865200025079,31.37680699975486],[-110.36139300003282,31.377170999822543],[-110.36269000021646,31.380101999893046],[-110.36545100008995,31.376636999636276],[-110.3795779996728,31.378112999619415],[-110.38387599992946,31.376366000290908],[-110.3888830000157,31.37772599961739],[-110.39714600044306,31.376154000300602],[-110.4020630001176,31.38040000007684],[-110.40322800005674,31.378605999653413],[-110.41498600030157,31.400376000198648],[-110.41916499983421,31.403780000204588],[-110.41776600044165,31.405790999671986],[-110.42043400042874,31.40750699997184],[-110.42115099975591,31.41004000034425],[-110.4241619998747,31.408685999885346],[-110.4264859999052,31.414843000240086],[-110.42963000009338,31.41437100015414],[-110.42783900016533,31.41678999973615],[-110.42932499959653,31.416836000023867],[-110.42914600039468,31.4188760000994],[-110.43367999975459,31.4174029997844],[-110.43627400012184,31.424816999736578],[-110.44307999963371,31.417446000006343],[-110.44519000030228,31.410274000210038],[-110.45790800044684,31.403947000063994],[-110.45990400041428,31.399877000309736],[-110.46075200016104,31.613882999818763],[-110.45224699988431,31.613936000132156],[-110.45229999958775,31.73121899992945],[-110.85576500001079,31.731697000024493],[-110.85576599983571,31.72670499999767],[-111.05804000000892,31.726229999909876],[-111.03961699981922,31.75817600006132],[-111.05020900029999,31.76975000006954],[-111.0091230002886,31.852784999997606],[-111.01810999971583,31.85313600008478],[-111.01806200003526,31.88140099995558],[-111.01173299965106,31.890725000326366],[-110.99743799983872,31.899619999704882],[-110.96882099955153,31.899438999658912],[-110.96370999970824,31.895563999759133],[-110.96095800005557,31.90205599975198],[-110.95902400001238,31.921452000016476],[-110.94842999988181,31.92111499989993],[-110.94873299983051,31.939457000260184],[-110.94494799958484,31.939457000260184],[-110.94435099990825,31.95031000002359],[-110.93285999962714,31.950367000112387],[-110.9325609998764,31.943037999944874],[-110.9106029996863,31.94287299962875],[-110.91045200007358,31.95761900010498],[-110.87374299996155,31.95763800015107],[-110.864030000088,31.962344999646213],[-110.8588919995822,31.963064999779515],[-110.8579540003221,32.141550999654655],[-110.87605199992343,32.141454000234226],[-110.88401400005195,32.134351999910045],[-110.90950899989227,32.13425000037801],[-110.9082860002268,32.177979000311545],[-110.90928200011156,32.195150999842824],[-110.88526199983177,32.19524799987738],[-110.87685700001248,32.19229600002071],[-110.81027600016077,32.191827999769814],[-110.82535900034371,32.206330999769754],[-110.82947699977699,32.22098300002299],[-110.909595000106,32.221569999672894],[-110.90967999959649,32.23618899996009],[-110.92681399999847,32.23600700000322],[-110.92673700000557,32.264945999913174],[-110.96098399999482,32.26481099974536],[-110.96107500023142,32.28148599989536],[-110.9716900002784,32.280600999673766],[-110.97220300028938,32.28284700032353],[-110.97805800012235,32.28281499990953],[-110.97815699985655,32.294186000130324],[-110.98190299974416,32.295064000183885],[-110.99179999974073,32.29282699997206],[-111.01203300012503,32.30294400032105],[-111.02131900020133,32.30533699976441],[-111.03095000005914,32.31030700033848],[-111.04024199998321,32.31190300001364],[-111.04353299958615,32.31573699963674],[-111.0459860003864,32.31531500023727],[-111.0460070003028,32.313300999715075],[-111.05456699993277,32.31234699970215],[-111.05449800033581,32.308632000305764],[-111.10364299966176,32.308561999934014],[-111.10534800027436,32.30865300010306],[-111.11159800011755,32.31526999963658],[-111.12253000035693,32.31591300010779],[-111.1226199998703,32.330398999867775],[-111.13126099969115,32.330487999997324],[-111.13147900014935,32.33759100008846],[-111.13559099973484,32.33758799977514],[-111.13551499956685,32.34489399996173],[-111.14006200024386,32.34496600012255],[-111.1399319996492,32.35202599976944],[-111.1484999996751,32.35198399979824],[-111.14853499983519,32.36279700030725],[-111.13999699994653,32.36280700033505],[-111.14002799990867,32.36645999968881],[-111.1379109995674,32.36646900003204],[-111.13794499990259,32.36822199973537],[-111.14014599990944,32.36828600015086],[-111.13887700021323,32.37829200035865],[-111.14434299988376,32.37824600005999],[-111.14439899996026,32.38097799968587],[-111.14865899968378,32.38094699968306],[-111.14863699994245,32.3781470000305],[-111.15908200011012,32.38090899976304],[-111.1692889997281,32.380892000312684],[-111.16539399987757,32.385074999914636],[-111.16544800030425,32.38815799973192],[-111.17398899966766,32.3881450000801],[-111.17390099980409,32.380857999885095],[-111.18246600035528,32.380846999699436],[-111.18244999956343,32.37003000029035],[-111.21647599961973,32.3699380003632],[-111.21643700015998,32.36589399982094],[-111.23377300022834,32.36583999968058],[-111.23396800022199,32.40249199976482],[-111.24396700032582,32.40197100031387],[-111.24725200008099,32.39679699963571],[-111.250209999598,32.39522299990981],[-111.30395600002761,32.392022999915405],[-111.3042570003265,32.451133000212025],[-111.31318699985233,32.45110399976356],[-111.3246660004379,32.463280999738494],[-111.32845400015829,32.464036999863886],[-111.33850699979045,32.471611999709374],[-111.33853899957751,32.49458000036788],[-111.34246799976324,32.499239999821846],[-111.35157700028753,32.501390000267946],[-111.4656849997895,32.501341999742756],[-111.46545700018387,32.614796000031234],[-111.482390999671,32.61435300007359],[-111.48250199999909,32.61772699988265],[-111.4995419997914,32.617649000298336],[-111.49960200006586,32.64664799968514],[-111.67203000043865,32.646126000368895],[-111.6719569997454,32.67537900025951],[-111.68895200023022,32.675365000132444],[-111.68887199986428,32.689930999754544],[-111.71463299984339,32.68997499977488],[-111.71427600036633,32.71914600025216],[-111.69467399999378,32.71932399981784],[-111.72286399958539,32.74096900009647],[-111.72280599985906,32.762924999998404],[-111.74057999959531,32.76305199994945],[-111.7399300002153,32.7993809998753],[-111.75729399987273,32.79927799976989],[-111.757355999797,32.827863000070344],[-111.82594299966193,32.82786000026822],[-111.82597899964692,32.85010200033093],[-111.8433380001798,32.85023599983663],[-111.84337599981465,32.87212399978078],[-111.91203399982467,32.872140999737454],[-111.91202600032706,32.87486200027846],[-111.90990800016085,32.87486000021195],[-111.90992099968135,32.87939499995684],[-111.94686099977204,32.87936099980456],[-111.94684499987852,32.86465999998951],[-111.98031500026613,32.86465499962513],[-111.98052399960518,32.879352999944324],[-112.03204999976137,32.87932299970766],[-112.03191300039234,32.85017100035512],[-112.0665000001402,32.850383999697556],[-112.06651699985864,32.87928599995502],[-112.04927000037706,32.879285000348894],[-112.04966200001425,32.92335600021107],[-112.04791999959168,32.971034000044696],[-112.04989299999292,32.971034000044696],[-112.04791799994184,32.971172000068705],[-112.04801099982829,32.985628999846554],[-112.09790300041524,32.98454999990816],[-112.13258200022463,32.9855120002547],[-112.13448199993262,32.98257100009892],[-112.13453200016131,32.97102099979102],[-112.15654100040507,32.971027000256164],[-112.16365800026153,32.97446800015675],[-112.16472699994121,32.97831599976402],[-112.19696000041968,32.97843399984306],[-112.1974779995552,32.98852900028528],[-112.19920999993201,32.99283500004759],[-112.20298400030703,32.99281399983747],[-112.20208700015648,33.24686099975093],[-112.30618399985909,33.24692100035765],[-112.30613100015562,33.380575999760126],[-112.30711500034481,33.379090999965356],[-112.30648699980776,33.38080399971056],[-112.30867299974602,33.381029999992684],[-112.30396500030888,33.38309100004672],[-112.29137100001287,33.379363999897954],[-112.27251699982796,33.381259000160746],[-112.27235500034456,33.435591000026186],[-112.2209699997554,33.43714600007458],[-112.22115200022859,33.451776999688136],[-112.23836500027329,33.451799000035216],[-112.23818600017316,33.465329999735644],[-112.27242200029171,33.46473400002583],[-112.27244400003303,33.49379899985932],[-112.34227700002795,33.49330400020139],[-112.3580079999411,33.48608399975571],[-112.35800600029125,33.480320999691294],[-112.35533699958093,33.478866999901214],[-112.34093800001153,33.47879700033548],[-112.34110399969288,33.449871000285114],[-112.3539399998382,33.44983399993175],[-112.35395800027986,33.44620799966787],[-112.34979800011547,33.44621599969515],[-112.34980300013835,33.44258000008533],[-112.35394099966312,33.44258100003692],[-112.35396099975459,33.435330000243134],[-112.35633699966364,33.435333000348514],[-112.35621600018813,33.43170999994325],[-112.35387000041632,33.431708999866395],[-112.35373899999675,33.42804100026202],[-112.34988199978106,33.42894700000575],[-112.35792199972735,33.42473200031482],[-112.35733500009653,33.39202199977284],[-112.36623600020837,33.39184099969403],[-112.36623399966022,33.38832900004389],[-112.36197599958655,33.387498000078494],[-112.361859000309,33.37719699967247],[-112.34490800020512,33.37698000029378],[-112.34491700042595,33.37561900029234],[-112.34067799972053,33.37561800031978],[-112.34067299969766,33.371851000355555],[-112.33960099964494,33.37184500026012],[-112.3406769998956,33.36268899969985],[-112.35786900002392,33.36278299978628],[-112.35794299964375,33.18874900024021],[-112.46120400019349,33.188793000101604],[-112.46100599982677,33.21792199962671],[-112.49600299965346,33.21793599977128],[-112.49592599966057,33.13095800020151],[-112.63402000000546,33.1309160001854],[-112.63403099987612,33.11592599985585],[-112.82827599997368,33.11651999966166],[-112.82842999995948,33.20346700029449],[-112.92200100020186,33.203436000053806],[-112.92200100020186,33.205046000169474],[-113.02657800030347,33.204394000359535],[-113.04684299957651,33.18678100024226],[-113.05031400000283,33.181191999930725],[-113.0552120003091,33.17867200035739],[-113.06175400023032,33.170175000280715],[-113.06756899988031,33.16773300006421],[-113.08467499979488,33.15272100003459],[-113.08596000028295,33.14997199964516],[-113.08975600039925,33.14810299967573],[-113.09216599974518,33.141173000205015],[-113.09958100042581,33.13905999999495],[-113.14469199998408,33.097883000370395],[-113.1582749995938,33.093593999908336],[-113.17219600021065,33.091219999799954],[-113.18463200032288,33.09132299978126],[-113.18781599979569,33.088630000216575],[-113.19593600010795,33.08790500029074],[-113.33378600005534,33.023476000193895],[-113.33370900006248,32.76785099998705],[-113.61693599989262,32.766958000173055],[-113.72045099998726,32.727618000274795],[-113.73512200044155,32.72484400024331],[-113.73762399984898,32.726719000239655],[-113.74725999972965,32.72570699986621],[-113.74710599974385,32.6942939998624],[-113.81535399967505,32.69403100026902],[-113.81536600026894,32.67922299977947],[-113.88442900033492,32.67913099983881],[-113.88403799962435,32.664937000088926],[-113.97027600010018,32.66440099983099],[-113.97014200020588,32.64981900021801],[-114.02207199969477,32.64965600000943],[-114.02196399973975,32.64236600007084],[-114.03902500034678,32.64231100004423],[-114.03888700025455,32.63484099994403],[-114.09058999996272,32.63474899970625],[-114.09052600038862,32.62732900002718],[-114.11614699972735,32.62684400032998],[-114.11616900036697,32.61980400029915],[-114.35799700019126,32.619807999795185],[-114.3581739997433,32.626922000224646],[-114.54223800016214,32.62638199985106],[-114.54217000039009,32.61912799967242],[-114.546487000015,32.61907299973719],[-114.54628199997558,32.59724000008137],[-114.5544850001285,32.59704299964484],[-114.55438100037142,32.58184799975449],[-114.5631870000487,32.581861000217906],[-114.56289300032083,32.5529779997748],[-114.63199499984654,32.55279800010662],[-114.63265099997267,32.62582600006907],[-114.68424900009887,32.625554000011576],[-114.68460099955306,32.68379099969517],[-114.66746100020163,32.68379899976946],[-114.6673549998964,32.669284999965015],[-114.64088300043792,32.66946799991757],[-114.63606999962215,32.678454999932434],[-114.638566999905,32.68398200023359],[-114.62892600000144,32.68399200011592],[-114.6288930003895,32.68028200017994],[-114.5988459998493,32.6800559996797],[-114.59888500020736,32.69211300010143],[-114.60514599992119,32.695009999962984],[-114.60935499959108,32.70052500011281],[-114.613462000052,32.72181100017778],[-114.61193899991258,32.7230090003041],[-114.61434699960867,32.725794000302564],[-114.61178499992677,32.72304399969866],[-114.60943300030718,32.71783000032922],[-114.60745900008104,32.716910999918255],[-114.59903300034537,32.71696400028806],[-114.59908199985085,32.72096099978368],[-114.58964099996385,32.724609999771246],[-114.56465999995942,32.71983800011914],[-114.55028599960605,32.72078199982823],[-114.53917799963959,32.72777899993594],[-114.53074000020833,32.73889499973919],[-114.52695400013776,32.74674399996474],[-114.52663500029551,32.76029699985419],[-114.52685600022848,32.757094000045264],[-114.53909200032416,32.756949000335744],[-114.53922399967031,32.749812000336306],[-114.5644470004224,32.74955399977463],[-114.56450799962347,32.74227400021207],[-114.58173599973676,32.74232000013722],[-114.58178400031566,32.73494600036928],[-114.61511200041305,32.734515000088265],[-114.61566999973155,32.72845399981903],[-114.61739500043568,32.72825699971399],[-114.68823000016313,32.73752999970945],[-114.70158199979416,32.74563200033836],[-114.71452199969656,32.73038999984687],[-114.7221070002565,32.71367199968321],[-114.72975499966735,32.70470799968088],[-114.73178599979487,32.695442000075424],[-114.74449700026673,32.67846699962637],[-114.74859899980649,32.66303899966003],[-114.76454800017785,32.6498319998924],[-114.76378400009668,32.64340300029391],[-114.78058100021477,32.632144999859015],[-114.78272500032024,32.624336000191306],[-114.79171500012052,32.62197000011518],[-114.79975099986885,32.62529200028166],[-114.80668500032556,32.622076000024116],[-114.80844000026859,32.619426000206204],[-114.80943699997825,32.61598600033564],[-114.80782599997525,32.603221000266586],[-114.80642800040762,32.60109900009553],[-114.80175299968407,32.59936200008434],[-114.7994019998894,32.59261800020343],[-114.8039510002162,32.58199300004258],[-114.80135600002407,32.57893999963295],[-114.80155199984264,32.57640599991752],[-114.80356500042684,32.57352199997731],[-114.81291599990215,32.56884600005763],[-114.81393400042651,32.56221300011262],[-114.81145700023515,32.55911700033722],[-114.8064919999817,32.559244999639425],[-114.7972829998983,32.56479899998434],[-114.79280800008964,32.5695240001819],[-114.79140799997384,32.55646099973693],[-114.79392799982296,32.55198500016182],[-114.80550000029493,32.54667399981555],[-114.80457100035733,32.54174300019663],[-114.80180200008789,32.53974300028448],[-114.80198200001296,32.53632100022114],[-114.81318799988873,32.52476699990281],[-114.81046100035039,32.52211100033011],[-114.81021799977782,32.51830700020374],[-114.8023369998402,32.51575100031893],[-114.80251599994034,32.51213499991964],[-114.8080050000754,32.50870299995794],[-114.81412299967411,32.50915499965152],[-114.81630000028981,32.507827000196315]]]}}]}