{"type":"FeatureCollection","features":[{"type":"Feature","properties":{"GEOID":"24034","NAME":"State Senate District 34","BASENAME":"34","STATE":"24","SLDU":"034"},"geometry":{"type":"Polygon","coordinates":[[[-76.36778599973333,39.525307000001334],[-76.35980000021368,39.524177999777216],[-76.3618499997095,39.52241400013796],[-76.35940400037858,39.52138199974561],[-76.35712700020373,39.52374299995096],[-76.35138799982342,39.520212999715284],[-76.34552399976963,39.50871199966304],[-76.33118799994939,39.49919700024122],[-76.32697699973137,39.4923420002264],[-76.32903700017124,39.490078999932784],[-76.32751099965876,39.481979999953104],[-76.33014500020899,39.48148199985243],[-76.33051299955669,39.479706999696816],[-76.32901899972957,39.47614299965433],[-76.32671300014073,39.477069999961266],[-76.32550200017083,39.4759569997047],[-76.3299140002303,39.46476200023443],[-76.32357599962526,39.45904599967587],[-76.32068800042845,39.44854299995678],[-76.3178820003491,39.444463000123505],[-76.3118900002488,39.442716999902956],[-76.31036000043666,39.439267999681185],[-76.30358800036166,39.43957500011354],[-76.30103099980434,39.43760400012045],[-76.35568400043023,39.428997000143944],[-76.35386199964175,39.42589800011696],[-76.35441900003366,39.4229619998127],[-76.35904799982812,39.423469999690525],[-76.36293099998306,39.421658999784945],[-76.36313000017469,39.418984000254575],[-76.3602439997294,39.417167000163474],[-76.36146499974504,39.41560600005396],[-76.35118699998196,39.411277000128536],[-76.34461999994639,39.40585800002647],[-76.34827299994755,39.398718999983046],[-76.34618800029166,39.395504999701636],[-76.34839099994834,39.3945359999739],[-76.34587600012212,39.38997099983978],[-76.34918199979367,39.38591299975041],[-76.32368000028065,39.374407000300124],[-76.3205789997502,39.36880700010944],[-76.32117899979981,39.36630699999317],[-76.32858000023676,39.360107000236184],[-76.33007999991165,39.35620699996677],[-76.31557900023498,39.33760699983963],[-76.31627899984372,39.32990700014004],[-76.30657900038895,39.31010699965403],[-76.30817899962297,39.3074070002719],[-76.31427899967831,39.304007000281764],[-76.32337899998178,39.30280700026758],[-76.3318790002356,39.2986070001779],[-76.33807899985007,39.292806999831484],[-76.34427900036283,39.282506999991455],[-76.28768900021902,39.254104000241114],[-76.14121199979617,39.38041299985318],[-76.12469400023565,39.38996799995015],[-76.08355700017064,39.40374299989841],[-76.05798199996437,39.41955700012122],[-76.04424600019375,39.435608000030335],[-76.03695600008493,39.45544499996159],[-76.03576600003142,39.46569199971369],[-76.03685099960461,39.47604099974353],[-76.0441299998428,39.49944800017061],[-76.08597200043775,39.559011000135584],[-76.10608299972499,39.58052500009884],[-76.11462499981162,39.577032999703604],[-76.12789100012726,39.57636600018391],[-76.13513400038045,39.57364300008173],[-76.14530500001341,39.56321999971629],[-76.16852199985398,39.54527699980121],[-76.17689099968824,39.53397100016063],[-76.18342599993679,39.53018200022179],[-76.18362000010552,39.53490599971565],[-76.19050699980826,39.53634000024986],[-76.19018100029334,39.538119999925996],[-76.18898000036917,39.53704400024141],[-76.18451700025608,39.53947100004343],[-76.18498000003835,39.54495299968645],[-76.18715299955781,39.54523199993344],[-76.18741100019898,39.54133899983893],[-76.19135399973008,39.54442500026042],[-76.19531600042608,39.544247999963076],[-76.20386900038335,39.53433300005744],[-76.19503400039376,39.532233999876226],[-76.19633300022721,39.53437200024944],[-76.19219800017717,39.53343099984184],[-76.19608800000483,39.53008600009813],[-76.18919700010414,39.52821999991074],[-76.18851400021386,39.52425200023309],[-76.19439800035913,39.524024999886166],[-76.21399499981048,39.50677999985673],[-76.23092400017303,39.49979599996506],[-76.2428129999391,39.488332999964655],[-76.25139799968343,39.48429799997808],[-76.26069100033075,39.4934749999312],[-76.26950200003091,39.50709000025169],[-76.27592099992846,39.50891900014436],[-76.27857100037222,39.51606799982468],[-76.28651599988396,39.524508999715074],[-76.29641100023072,39.51582100034603],[-76.30723200014202,39.523043999708214],[-76.31409899975326,39.523551999676144],[-76.31702100018357,39.528659999895595],[-76.32144499993859,39.53177400001035],[-76.32489399972528,39.532227999876525],[-76.32620199977957,39.5372370002084],[-76.33071299957324,39.53912500018199],[-76.3316819996938,39.541073000066014],[-76.33300999983956,39.54171000026244],[-76.33510100024158,39.539586999851124],[-76.33990999996107,39.54079999967656],[-76.34083999972358,39.542107000087576],[-76.336067999814,39.54859700028917],[-76.33780000019081,39.54784999995019],[-76.33792999988715,39.54919199988481],[-76.34164200033788,39.55054100018501],[-76.34473200009937,39.54997399992534],[-76.346538000096,39.55242000033853],[-76.3497049998504,39.548019000268994],[-76.35347699967728,39.549587000121996],[-76.35340399988235,39.54807500020597],[-76.3568700002858,39.546515999659704],[-76.36518499969338,39.54457699994021],[-76.36351900033713,39.54182199988297],[-76.36526599988423,39.54021199982669],[-76.35759400018397,39.53687000031727],[-76.35932099963959,39.535279999752724],[-76.35788200006407,39.533827000163],[-76.35872800016097,39.532501000031615],[-76.3552679996053,39.52937500016015],[-76.357153000143,39.52843099976009],[-76.36495600026284,39.531556000090944],[-76.36778599973333,39.525307000001334]]]}},{"type":"Feature","properties":{"GEOID":"24027","NAME":"State Senate District 27","BASENAME":"27","STATE":"24","SLDU":"027"},"geometry":{"type":"Polygon","coordinates":[[[-76.97760900032598,38.69312299987914],[-76.97298700020423,38.689500999983835],[-76.96660599994149,38.68060899978711],[-76.97136799980532,38.677207000037086],[-76.9713949995695,38.673655000124924],[-76.97444199967329,38.672170000324975],[-76.96737099984755,38.661002000278074],[-76.95450100026534,38.65845799987729],[-76.94687300004769,38.65901699978311],[-76.93972400040415,38.65454299971208],[-76.92748199956235,38.6548500001469],[-76.91351599963798,38.65292800019108],[-76.91100099981178,38.64999000000614],[-76.91529300022064,38.644337999793926],[-76.91648400009905,38.63852999965035],[-76.91406299998415,38.63424599996724],[-76.91761300005318,38.62978299979319],[-76.8979789998936,38.61920300001756],[-76.88180100009171,38.614473000012715],[-76.89002099996306,38.606759000080444],[-76.89880800027208,38.60521000004056],[-76.89839099962225,38.6042659999901],[-76.89427400001387,38.60240099969745],[-76.89195400018133,38.598365999685385],[-76.89180299967028,38.59566400030549],[-76.89386399993504,38.59435499973932],[-76.89291800027901,38.59298899966372],[-76.87750200001015,38.59565299989274],[-76.86845699995827,38.59204899968902],[-76.86224200027519,38.58465700018727],[-76.86116900039757,38.56647499973145],[-76.85447500014037,38.5606309997461],[-76.86432299973313,38.553848000028125],[-76.8682960002998,38.54800800017076],[-76.86665099996162,38.54841100013657],[-76.86201399977125,38.542762000130466],[-76.85578900004244,38.53072199997673],[-76.84608500038969,38.5300960000098],[-76.84059999955427,38.52794900002207],[-76.84260599956747,38.52614900013599],[-76.84057600016315,38.52174400001228],[-76.82418900012388,38.52562999997723],[-76.81659699989125,38.530856999696844],[-76.80474199956205,38.52858799986253],[-76.77962900021146,38.53365100021565],[-76.77132599960112,38.53615299986146],[-76.76331599979204,38.54120699980185],[-76.74794499972901,38.539665999714714],[-76.73945200004619,38.558210000320685],[-76.73328400021877,38.557432999790116],[-76.72327800044226,38.55139399997555],[-76.71512799999277,38.54977200004862],[-76.71630100032785,38.547981000080085],[-76.71184400006254,38.5488949999571],[-76.70781699996753,38.54653999999713],[-76.70652399998187,38.54320800024725],[-76.704547000281,38.543086000175],[-76.7061399998423,38.545416000040994],[-76.70387500026135,38.54708099992243],[-76.70114500034997,38.544676000288106],[-76.70116200006841,38.54247399988038],[-76.69706399982829,38.54316499998622],[-76.6925370001411,38.54116500029048],[-76.6907839998479,38.53794399998582],[-76.6754570001658,38.535876000283864],[-76.66988400036514,38.5327049998669],[-76.66251399989035,38.52549000000969],[-76.67443500034179,38.500121000032166],[-76.66594900033164,38.49438899990037],[-76.65214200041594,38.473752999667575],[-76.65387200024462,38.46335899980851],[-76.63981400025872,38.45545600018753],[-76.62419200012553,38.44349799977848],[-76.60837300034882,38.424444999977226],[-76.59752800014809,38.423424999833415],[-76.57863100030548,38.41128299981715],[-76.5656150002351,38.40705100021846],[-76.55838799987545,38.39586099989105],[-76.55065199970277,38.39524800016026],[-76.53407499969269,38.39776599989564],[-76.52464499967635,38.39034299986843],[-76.51893899980631,38.383363000224506],[-76.50783099983983,38.37750299995785],[-76.50627099989048,38.375096000167716],[-76.50290999996733,38.382885000334966],[-76.4996750004409,38.387626999851214],[-76.49858999996937,38.386230000244296],[-76.49615499961078,38.39150899973849],[-76.49230900016404,38.389865000341956],[-76.48637599961496,38.39280299986071],[-76.48619499986499,38.39409700006038],[-76.48528699984381,38.39491299967999],[-76.4828709997518,38.393500000086],[-76.47948999973717,38.3939420000962],[-76.48426900021775,38.394664000223656],[-76.48587199982481,38.39746399975383],[-76.4827440004285,38.39911199976546],[-76.4832509996934,38.40206699998269],[-76.48148700042783,38.40563999984818],[-76.48538399992819,38.407700999738736],[-76.4837160000238,38.40864899978626],[-76.48222100037178,38.414857999835384],[-76.48514999957646,38.416331000006394],[-76.4866290002333,38.420584000238165],[-76.48363999985581,38.42595299997059],[-76.4801099998783,38.42681799976358],[-76.47308599990822,38.42470500011113],[-76.46977799968852,38.428700000305945],[-76.46567399960061,38.43001599975885],[-76.4709290002823,38.444040999667784],[-76.46644699990262,38.43449200033455],[-76.44700600008687,38.43573599965637],[-76.446600000206,38.43363600029895],[-76.44403299960294,38.434583000001325],[-76.44216800005506,38.433128999875485],[-76.44431999965812,38.43117299969471],[-76.44593999988193,38.43227800028214],[-76.44602100007278,38.43030999993019],[-76.44324799960539,38.42793600017448],[-76.43799899966983,38.42612700008198],[-76.43611400003046,38.429217999995565],[-76.43449999965443,38.425896999667586],[-76.43276399997798,38.4272829996826],[-76.43276399997798,38.429576000052364],[-76.4362360002292,38.432365000159216],[-76.43523000029872,38.43321799999369],[-76.44028699971533,38.435056999720516],[-76.45312399968557,38.44454100033264],[-76.45492300000952,38.4475270000687],[-76.45452899982422,38.45131100013565],[-76.46364599984612,38.45743100014506],[-76.47073799958827,38.465157000303144],[-76.47802400039745,38.46937899993097],[-76.46955000008289,38.46939100010607],[-76.48391199984239,38.47903400023654],[-76.492305999791,38.48981200016096],[-76.41578899958466,38.48980200026971],[-76.42630400007252,38.50806400016107],[-76.46363599980039,38.711099000170385],[-76.52846599990703,38.712742999910105],[-76.53558399958843,38.721480000278014],[-76.61564500001602,38.72070400031484],[-76.62293699977471,38.72659099972362],[-76.62307200039223,38.74393199975123],[-76.62097699979226,38.74629399970114],[-76.62304100043008,38.74908799977248],[-76.6230790000649,38.767278000209785],[-76.63483800013465,38.76668000016848],[-76.64143699995726,38.76918700023193],[-76.64763300027208,38.76870599965352],[-76.65434099987466,38.76452300028869],[-76.65888000015575,38.76476499966082],[-76.66348300001093,38.76182800030671],[-76.66663999971955,38.762051000333436],[-76.66770000007672,38.76110199996554],[-76.66669800034418,38.759914000159434],[-76.67206299973238,38.755717000235656],[-76.67897600027267,38.75551400010912],[-76.68094399975273,38.75763399973544],[-76.6829410004434,38.75572300024096],[-76.68521500024521,38.75608700032009],[-76.68423100005603,38.75130200006031],[-76.68635800044304,38.74847500024458],[-76.69637400026531,38.749425999849564],[-76.69927099968294,38.75340999969414],[-76.69645899975579,38.7442570000699],[-76.69937699998816,38.745175000167215],[-76.70227699977883,38.74299699989808],[-76.70082700033267,38.74504500034725],[-76.7058920001452,38.74740699991027],[-76.70522299960028,38.74548899989873],[-76.70767700022546,38.74630599989409],[-76.7055699999299,38.74402000029402],[-76.7140810000544,38.740600000110476],[-76.71501800038793,38.73884500010426],[-76.72228699968205,38.737573000177655],[-76.72310500018989,38.73591500014601],[-76.73316299984494,38.73445500003136],[-76.74002799980634,38.73147399989962],[-76.75275500017173,38.731558999709605],[-76.75495799982842,38.72990400026957],[-76.7641860001784,38.73254800013006],[-76.7605950001015,38.730221999903144],[-76.76743699959839,38.72524799968878],[-76.77505800014332,38.72510699986885],[-76.77677499955321,38.72733800024657],[-76.79939200024246,38.73316299967597],[-76.80675400032135,38.73781000032949],[-76.81027599990297,38.742305000114364],[-76.81286900044532,38.74028500003327],[-76.82028500005254,38.73930200021929],[-76.81657400032503,38.74599300003928],[-76.83238200023105,38.75333100017627],[-76.83281900007407,38.744418000311555],[-76.84653899995115,38.74619599991792],[-76.85999000021471,38.73647299980303],[-76.87036699971199,38.74296499976438],[-76.8749999997044,38.75027799988661],[-76.87945899961953,38.750450000334624],[-76.87915499984592,38.75755699993942],[-76.88480299998965,38.76831199987235],[-76.89809299969643,38.76525200009761],[-76.8950489999657,38.75527200018736],[-76.90301199991909,38.75317199979084],[-76.90195199956192,38.751935000214075],[-76.90862499990271,38.748631999682175],[-76.91409499977121,38.74361299967709],[-76.92726700037551,38.74835600022218],[-76.92712300043546,38.75198399968646],[-76.93210799988206,38.74754700008726],[-76.92928699973409,38.73812799980322],[-76.92199599980034,38.72998599981249],[-76.92559400044824,38.72288199987578],[-76.93392899994734,38.71836300017829],[-76.93665899985871,38.71306100021576],[-76.94020899992773,38.711503000185665],[-76.93931799962498,38.70935500002025],[-76.94147299960109,38.70825999996749],[-76.94776600000027,38.70799399980429],[-76.95000899983992,38.70580200012603],[-76.95390600023859,38.708205000146656],[-76.96114100009586,38.70768399987274],[-76.96551899982015,38.70550199983515],[-76.97153900040786,38.70672600012343],[-76.97094299965788,38.70437400009597],[-76.97452899971192,38.703295000015316],[-76.97523099986878,38.696363000186324],[-76.97760900032598,38.69312299987914]]]}},{"type":"Feature","properties":{"GEOID":"24026","NAME":"State Senate District 26","BASENAME":"26","STATE":"24","SLDU":"026"},"geometry":{"type":"Polygon","coordinates":[[[-77.08639099989949,38.70622700013605],[-77.0748290003716,38.68537900019958],[-77.04780999966859,38.61617100034838],[-77.03844400012467,38.62992600016762],[-77.02713799979148,38.63483999997532],[-77.02634799977105,38.638596999733664],[-77.01792200003537,38.648983999968436],[-77.00193400020429,38.654768000017896],[-76.99906100017778,38.65418300013803],[-76.99142700011235,38.6571559997965],[-76.97250799963011,38.65841699978523],[-76.96737099984755,38.661002000278074],[-76.97443300035076,38.67198800028814],[-76.9713949995695,38.673655000124924],[-76.97136799980532,38.677207000037086],[-76.96660599994149,38.68060899978711],[-76.97298700020423,38.689500999983835],[-76.97776999998446,38.69288500032406],[-76.97523099986878,38.696363000186324],[-76.97452899971192,38.703295000015316],[-76.97094299965788,38.70437400009597],[-76.97153900040786,38.70672600012343],[-76.96551899982015,38.70550199983515],[-76.96114100009586,38.70768399987274],[-76.95390600023859,38.708205000146656],[-76.95000899983992,38.70580200012603],[-76.94776600000027,38.70799399980429],[-76.94147299960109,38.70825999996749],[-76.93931799962498,38.70935500002025],[-76.94020899992773,38.711503000185665],[-76.93665899985871,38.71306100021576],[-76.93399900026753,38.71829599972858],[-76.92607200029914,38.72244600018142],[-76.92300500010387,38.72636600023088],[-76.92199599980034,38.72998599981249],[-76.92928699973409,38.73812799980322],[-76.93210799988206,38.74754700008726],[-76.92712300043546,38.75198399968646],[-76.94209100009238,38.758737000085986],[-76.93988000003976,38.75974099980568],[-76.93859499955171,38.76609600009739],[-76.93405500034402,38.769618000274136],[-76.92699500038894,38.76942700027605],[-76.92238300031295,38.78441599965245],[-76.90479399962629,38.79071300017085],[-76.90162799969683,38.79894399983439],[-76.90365700017456,38.80187399982921],[-76.90158000001625,38.80462499968075],[-76.90318400034653,38.80663599977235],[-76.89771699995278,38.8087649997575],[-76.89386499975996,38.815816000125395],[-76.88941599989056,38.81938000013101],[-76.88991399983294,38.820226000163224],[-76.89968799980588,38.817728000279565],[-76.90253099969516,38.817997999752606],[-76.8926499995921,38.8204939996788],[-76.89269499979795,38.82203599983674],[-76.89007100019178,38.822498999717226],[-76.89473400032142,38.82240000022104],[-76.89233300029801,38.82435400019166],[-76.89493000013998,38.82613899973147],[-76.89549099983157,38.82856799999611],[-76.89393699972999,38.83076000004466],[-76.89426200031832,38.83375200011419],[-76.89961599983586,38.83296300011511],[-76.90112899992954,38.83437600021207],[-76.89017400012393,38.83519200032091],[-76.89906299964188,38.836083000076044],[-76.9116850004253,38.83436400014065],[-76.92524700011863,38.82772199970351],[-76.92728400009396,38.82813099991408],[-76.931158999853,38.8188429999393],[-76.94877000028094,38.81727900000397],[-76.9461059995935,38.81372299965013],[-76.95555499987641,38.808365000327306],[-76.95858400043684,38.804977000023555],[-76.97316600030436,38.80568299969343],[-76.96279399993165,38.81565500001113],[-76.96893599981976,38.822419000318824],[-76.96775400016219,38.829569999755066],[-76.95976000024665,38.83302000033368],[-76.95543600005072,38.82864900021148],[-76.95343900025837,38.82847600005446],[-76.9518290000803,38.833320000179064],[-76.94805899990324,38.83378100024107],[-76.94859000035589,38.83581900017118],[-76.94502400039333,38.8377029998686],[-76.9581099998856,38.85490900020579],[-77.04046500020648,38.79040499975551],[-77.04226799983007,38.741155000035505],[-77.04347799997508,38.73924099977358],[-77.04158999996267,38.73681700022977],[-77.04146899958883,38.72584700000716],[-77.04334400008078,38.71844000018867],[-77.04616500022874,38.71446000026943],[-77.05354499985097,38.709802000089724],[-77.07143300028835,38.709980999813745],[-77.07430399976673,38.71290199988928],[-77.07819799979232,38.71340900009291],[-77.08079600035754,38.711142999651294],[-77.080003999789,38.70894699996356],[-77.08639099989949,38.70622700013605]]]}},{"type":"Feature","properties":{"GEOID":"24040","NAME":"State Senate District 40","BASENAME":"40","STATE":"24","SLDU":"040"},"geometry":{"type":"Polygon","coordinates":[[[-76.67966800038383,39.26469900031588],[-76.65986000014696,39.255509000314945],[-76.65278699977308,39.258282999732636],[-76.63659100042784,39.27068800028478],[-76.63829600014215,39.27234399993952],[-76.62955300021407,39.28067699998572],[-76.62372299959715,39.27977399984674],[-76.62318600019503,39.28123800015842],[-76.62753899980495,39.28605699999893],[-76.6193320003524,39.286316000257806],[-76.6194799995921,39.28938600026242],[-76.61515000044669,39.29043500027315],[-76.61552899966507,39.29472100018611],[-76.61991999980815,39.29626099977113],[-76.6200360001591,39.29843000018133],[-76.615749999598,39.29860999982048],[-76.61597800010196,39.30240500020848],[-76.61098600008434,39.30255200029037],[-76.61211300038866,39.30577100029293],[-76.61755599959467,39.30540599999886],[-76.61779300031945,39.309025999695365],[-76.61380999970706,39.31113600005508],[-76.61398100030961,39.31435600012557],[-76.61814099957567,39.314180999888],[-76.61791499961986,39.31099000009865],[-76.62022100010702,39.31094500019825],[-76.62770899968426,39.317954999661595],[-76.62270699962092,39.32065600000118],[-76.62613200001648,39.323849000175834],[-76.62534799984385,39.326223999982105],[-76.6230489999277,39.32638200017672],[-76.62006799994614,39.32312899998114],[-76.61736399997403,39.32320700015171],[-76.61795099960487,39.32896200013639],[-76.62448500002849,39.33112000008359],[-76.6221340002338,39.33430600034469],[-76.62317000030151,39.3359249998322],[-76.62556600030206,39.337349999964026],[-76.63308099964348,39.33714600002549],[-76.63453500018595,39.341360999856775],[-76.63715499959413,39.341992999933396],[-76.6512329996715,39.33692399968164],[-76.65313699957746,39.33525200020679],[-76.65280799968949,39.33337300029069],[-76.65471900016644,39.333178999756285],[-76.6559639995732,39.33354900030267],[-76.65840999980246,39.340832000085584],[-76.6571949996346,39.342743999883865],[-76.65885300039155,39.34438299991995],[-76.66834500033217,39.3450250000465],[-76.67146100003292,39.343611999943995],[-76.67514900019422,39.34536899982379],[-76.67822100041235,39.33964100003971],[-76.67015399980357,39.33465300025213],[-76.67412599964699,39.330429999863426],[-76.66911699991093,39.32892799969899],[-76.67306399964,39.3209180002091],[-76.67229100023633,39.30720500031316],[-76.67412300017224,39.30626799991981],[-76.67356300030559,39.30326400011041],[-76.67507600039929,39.30087400025109],[-76.67190399972372,39.29573400026142],[-76.67148899962203,39.273886999954236],[-76.66878800002297,39.26942999989179],[-76.67212600037988,39.266800999766595],[-76.67510300016347,39.26823600032069],[-76.67966800038383,39.26469900031588]]]}},{"type":"Feature","properties":{"GEOID":"24013","NAME":"State Senate District 13","BASENAME":"13","STATE":"24","SLDU":"013"},"geometry":{"type":"Polygon","coordinates":[[[-77.0403539998784,39.23468399984574],[-77.03207399973257,39.224405000123284],[-77.03232499980277,39.22031699971926],[-77.01929299983884,39.21292000005231],[-77.01756999968286,39.209750999834746],[-77.00942000013171,39.20673200004773],[-77.01216500011171,39.19518100001285],[-77.00416799982311,39.192334999746386],[-77.00432900037991,39.18925700031255],[-77.00846299970672,39.18174299988609],[-76.99887600022984,39.17779999989534],[-77.00552600010612,39.17614100004527],[-77.00434100007546,39.17427599986139],[-76.99752600034279,39.17446999972944],[-77.00139899955369,39.17087900033779],[-77.00097500012947,39.169537000224366],[-76.99716599959434,39.16639700013483],[-76.98754099958434,39.16638499982923],[-76.97334200003145,39.16207499979347],[-76.9767380001147,39.15401899971077],[-76.97542500003755,39.14958100017305],[-76.96504799964194,39.14859600021434],[-76.96221800017146,39.14565999976475],[-76.95074799980672,39.1453219998884],[-76.94994400044092,39.14396299974083],[-76.95288100004154,39.142762999982025],[-76.95306699981437,39.13897000003569],[-76.95851699959137,39.13402300000064],[-76.94674900019913,39.12940700016245],[-76.94369200004961,39.132105000299724],[-76.93827800025763,39.132779000074976],[-76.93341500011145,39.13660399976503],[-76.92821200020664,39.13825300001457],[-76.92643799999703,39.13530600001717],[-76.91847199967059,39.13171599986303],[-76.91544700020643,39.12679799982306],[-76.90673100004251,39.125403000030204],[-76.89872299988328,39.12650499982317],[-76.88913700023133,39.13114800026173],[-76.88565599975927,39.13129199995621],[-76.88431500009303,39.126884999719124],[-76.87010899996913,39.11271199985394],[-76.8628769995866,39.110327000174216],[-76.8490839999146,39.10909700010699],[-76.84158999959124,39.10586099971668],[-76.84036199990291,39.10314200011771],[-76.82817699986083,39.107984000330525],[-76.8255690001482,39.11585500028248],[-76.82195399978184,39.11905300011737],[-76.81164300040679,39.12279800007316],[-76.79740299994772,39.122578000236075],[-76.79005400028764,39.12580600009809],[-76.78537500026448,39.131589000007565],[-76.78216999997696,39.14455299997026],[-76.76439899971543,39.16553499967131],[-76.75145100031541,39.173859000285994],[-76.74654399978832,39.179591999844824],[-76.74063100022903,39.17922099998683],[-76.75617999966899,39.188637999881855],[-76.76660499974516,39.19736999965833],[-76.77284299989276,39.191613999920285],[-76.77929199992757,39.195855999692924],[-76.7811029999471,39.19905899977547],[-76.79083000006436,39.20261000032296],[-76.79537099999527,39.202640999870255],[-76.79671599985947,39.2073310002527],[-76.79998200024635,39.21074200000726],[-76.80566800002492,39.20697799976353],[-76.81481000016119,39.20806300018954],[-76.8167700001436,39.212074000206584],[-76.8217189996052,39.21338500013109],[-76.82149900039548,39.21672200033032],[-76.82463600001263,39.219730999954166],[-76.82315200023126,39.222778000008496],[-76.81852099988868,39.22372699984339],[-76.81697500018302,39.225936999708765],[-76.8263650000164,39.22799700004482],[-76.82996000029128,39.233032000042705],[-76.83192899959622,39.23242300023654],[-76.83523099996812,39.23444899973849],[-76.84162300010152,39.233099000233366],[-76.85917599990485,39.20288699999201],[-76.87450199976203,39.181869999768026],[-76.87777900001957,39.182847999659515],[-76.88170700038039,39.187014999681914],[-76.88959099979276,39.186350999849736],[-76.89342899974187,39.18924399991417],[-76.89576100016829,39.18796500016084],[-76.89740700033138,39.19003199990315],[-76.89757300001274,39.19524099992215],[-76.9058070001278,39.203493999965815],[-76.90987400040576,39.20351300028174],[-76.90924599986874,39.20262999980789],[-76.91321100003945,39.20035800032019],[-76.91722300006585,39.201777999996665],[-76.9270909997501,39.200539000209794],[-76.92915500038792,39.19996000010747],[-76.92445999957295,39.196426999702986],[-76.92942800019941,39.199858000190176],[-76.9321510004381,39.19585999997495],[-76.93572400007334,39.19468699976395],[-76.93421000015475,39.192663000259856],[-76.92221599990836,39.18799199987022],[-76.92958499965994,39.185112000264255],[-76.93537000007102,39.177656999924984],[-76.93298800031418,39.17444499975493],[-76.94291999957254,39.1734939996685],[-76.94393300007403,39.16679699986411],[-76.95167900029246,39.171984000240684],[-76.96051599993187,39.18167299965572],[-76.97139700011763,39.18720300013914],[-76.97714800019352,39.19780800025337],[-76.98151699969696,39.20136299995909],[-76.98176699994224,39.204739000201336],[-76.97424400020488,39.221916999925476],[-76.9764369998158,39.226302000046125],[-76.97597999988133,39.23022699973373],[-76.98941500025137,39.24125100003534],[-76.99452000024687,39.253404999719585],[-77.00609400036868,39.25102200006913],[-77.00614600024721,39.24730999994474],[-77.00844299961523,39.245044999996374],[-77.02249899995128,39.237469000115034],[-77.02459299982803,39.23705900004329],[-77.02362100023272,39.240237999703346],[-77.02719200021814,39.24305600002671],[-77.02979300025808,39.24010500015719],[-77.03734399958452,39.23804799987049],[-77.0403539998784,39.23468399984574]]]}},{"type":"Feature","properties":{"GEOID":"24042","NAME":"State Senate District 42","BASENAME":"42","STATE":"24","SLDU":"042"},"geometry":{"type":"Polygon","coordinates":[[[-77.05804099957602,39.60301100020783],[-77.04811799964017,39.5970639997024],[-77.03947799964425,39.59539000029317],[-77.03160199972947,39.590423000282904],[-77.02629699971743,39.59016599984229],[-77.0209640001163,39.59589200016334],[-77.01204000043823,39.601687000094365],[-77.00797900000804,39.60670899967068],[-77.0130940000493,39.60832799994562],[-77.01931499958015,39.60798200031288],[-77.02406100044877,39.61105199976881],[-77.02221299972102,39.613515000151324],[-77.01718100041877,39.61577299980327],[-77.01164100023006,39.6213849997021],[-76.99743799958092,39.61462099994609],[-76.99701800035467,39.62050399982471],[-76.99115299957764,39.619443999991034],[-76.99436500043618,39.617591999909706],[-76.99088899998699,39.61334800026738],[-76.98954199957466,39.607441000254155],[-76.99157699990016,39.60513299987817],[-76.99026600037116,39.602418999779125],[-76.99383099961048,39.604019999943546],[-76.99460899993534,39.6067289998802],[-76.9983520003482,39.60512800005718],[-76.99912300010205,39.59687700000586],[-76.99558700027673,39.596566999766836],[-76.99562599973648,39.59277899974916],[-76.99919199969904,39.59328200012434],[-76.99914999986625,39.59097099975451],[-76.9919519998189,39.585961000299854],[-76.99001600012589,39.58803999987945],[-76.98016500016007,39.584614000185525],[-76.97608600018654,39.585184000199334],[-76.9590670003106,39.575075000129054],[-76.94387299979958,39.56822500009678],[-76.95057200007963,39.56343399985437],[-76.95774599983754,39.55199700019897],[-76.97020600023923,39.53925300004744],[-76.973133999619,39.53347799993515],[-76.97979500026423,39.531499000208846],[-76.99025600032542,39.52381899995776],[-76.98775099964662,39.52058000034579],[-76.97525199978519,39.51312999985736],[-76.97350900043604,39.49122199990132],[-76.97212699986359,39.489332000166755],[-76.96209799962254,39.48747899971142],[-76.96139200016603,39.490874999835604],[-76.94994600009073,39.496890999734326],[-76.9503150001617,39.501666000095746],[-76.94692300027641,39.50658099965466],[-76.94071799974077,39.50229799970274],[-76.93807200039329,39.49667999973413],[-76.93048900038147,39.48985400029657],[-76.92879100033984,39.48717300017754],[-76.93032299980182,39.485520999985845],[-76.93185199978902,39.47667100026853],[-76.93973399955159,39.47145100013841],[-76.93925900007375,39.46803600020001],[-76.94913000013105,39.47451099977697],[-76.95383900029144,39.46743600008884],[-76.95364199974964,39.459591999738926],[-76.95631099956165,39.45508799989139],[-76.95538599982201,39.451864999878396],[-76.94888800028173,39.45117100001613],[-76.94573499987271,39.446169000231755],[-76.93849199961956,39.44235700006448],[-76.93505100022878,39.44315300006781],[-76.92987400026324,39.44863899966139],[-76.92724700028403,39.449345000230046],[-76.91166899963345,39.44359300029286],[-76.88730000027252,39.440501999824384],[-76.89180000019553,39.44540199972021],[-76.88850000037176,39.446102000004664],[-76.882299999859,39.4442020002055],[-76.87794899989889,39.44895800022215],[-76.87639899999527,39.450802000038145],[-76.87709899960402,39.45280199980468],[-76.88389900016642,39.4506020003006],[-76.89300000029478,39.45530199970059],[-76.8930999998539,39.45740199992654],[-76.88570000014019,39.45640200012322],[-76.8920000002121,39.46180199970432],[-76.88691000028518,39.463241999811],[-76.88450000004094,39.466902000028604],[-76.88780499988758,39.46706700033276],[-76.8885720003418,39.46852300025548],[-76.88403399988563,39.470026000252616],[-76.88176000008384,39.47722700009746],[-76.8769010001356,39.476665000323464],[-76.8754430002935,39.478950000333555],[-76.87733799997861,39.48085699968138],[-76.87661200043061,39.48297700033484],[-76.86930899990297,39.482458999748516],[-76.8669659996059,39.484912000329196],[-76.8686000000734,39.4938030003121],[-76.85699800036252,39.530565000288966],[-76.84714999987142,39.53920900009867],[-76.83770499978645,39.54415000000737],[-76.83980600023422,39.55955499977354],[-76.83754800032594,39.557357999850204],[-76.82382000005295,39.5524390001189],[-76.81148100002508,39.5504519998278],[-76.80423299974903,39.5445549999251],[-76.79065900036015,39.54193599996669],[-76.77729599996012,39.52667299985044],[-76.77449400007872,39.52144499985654],[-76.75053900009627,39.52319100028697],[-76.72810300005528,39.53552900013648],[-76.72451600017634,39.528687999712105],[-76.7257809996746,39.527863999696464],[-76.72444099983326,39.52858100017928],[-76.72209599988635,39.52607600010244],[-76.71500699961895,39.51248899987257],[-76.70856900035314,39.495779999778726],[-76.69671999987172,39.49650799975291],[-76.68282900029041,39.495186999841465],[-76.68651599972848,39.49748199984737],[-76.68253600038746,39.49785500014262],[-76.67132399976558,39.49494000030647],[-76.65907099995145,39.4955589996768],[-76.6591520001423,39.49922800019041],[-76.65062000010143,39.50070799981246],[-76.65021400022054,39.495435999789436],[-76.64250700036017,39.47810000006673],[-76.6401659997129,39.47871399966634],[-76.63942699974612,39.4770759998714],[-76.63793200009408,39.477453000236714],[-76.6381019999734,39.47596199982543],[-76.63231200043778,39.474345999789485],[-76.63307200032095,39.46893200008243],[-76.63135400018786,39.46713299979006],[-76.63320000036748,39.463723999821255],[-76.63046100023527,39.462698000097575],[-76.63500600036414,39.46072300011617],[-76.6298009999112,39.44855699970519],[-76.63505900006757,39.44884100003836],[-76.63009600036229,39.439640999968766],[-76.62636999966786,39.440860999842414],[-76.61453699997828,39.41675800020156],[-76.62081199993582,39.41429500000709],[-76.62673999956371,39.417982999779596],[-76.62899099979927,39.41773899967076],[-76.63046399971,39.41345500019544],[-76.64150999975222,39.41320699982962],[-76.6441579996478,39.41182799979486],[-76.64517899964692,39.40222399991368],[-76.63086000044345,39.402655000272],[-76.62628600000228,39.39918700025726],[-76.62722900018356,39.39547499970781],[-76.62609600003147,39.39838599974499],[-76.62596100031226,39.40176399985927],[-76.62019400034283,39.40866199969336],[-76.60823100005862,39.40368700026561],[-76.60826700004363,39.40597100012187],[-76.60397100033512,39.40841300016356],[-76.60303900002448,39.41069499975537],[-76.60060299984097,39.410678000339274],[-76.60049700043406,39.41310600009944],[-76.59303599972267,39.41430500008433],[-76.58429600016764,39.41276599984327],[-76.56610399995664,39.40138399975942],[-76.56789900008263,39.40568900033438],[-76.56463699989371,39.40682400018011],[-76.56381000006336,39.408951000335186],[-76.56757299966941,39.409987000028984],[-76.56345000021325,39.4097650000518],[-76.55990699981692,39.41103200002212],[-76.55992100006063,39.41233299999285],[-76.563087999815,39.41398400028922],[-76.56464500028962,39.412356000329794],[-76.57122099964772,39.4125239997246],[-76.57429700006381,39.41550699975482],[-76.5683979998499,39.41831800017313],[-76.5641780003094,39.417118999806924],[-76.56179599965425,39.41877899999874],[-76.56660400044716,39.42027999969177],[-76.56649999979176,39.42141600002772],[-76.56081599966302,39.42577800031674],[-76.55294899996909,39.43821199993892],[-76.55844099957888,39.43981699997072],[-76.55803800007106,39.44553200016629],[-76.5564620002282,39.44717900017278],[-76.55586800002635,39.44183799985508],[-76.55464000033801,39.44783599998491],[-76.54584800000612,39.454082999835585],[-76.53980800022524,39.454259000102326],[-76.53278599990499,39.44957799983017],[-76.53252499978908,39.4401050000868],[-76.52703099963115,39.434178999830706],[-76.51965500020688,39.43968400012462],[-76.50215500010701,39.447620000227005],[-76.50606699967597,39.48679399965393],[-76.51577600024987,39.4887529999808],[-76.5223030001025,39.48827599996999],[-76.52585800019439,39.49559800015364],[-76.51978900010118,39.49971099996093],[-76.50709199987303,39.50404499984647],[-76.50265899989715,39.5078419997067],[-76.5087780002191,39.51196000018691],[-76.49772399978096,39.52281299995193],[-76.49753700018323,39.524594999752615],[-76.49900300042124,39.52350399989819],[-76.50497899972972,39.525055000062835],[-76.50785900032723,39.52358199995365],[-76.51038699967393,39.52438800024729],[-76.51255699971865,39.529046999996396],[-76.51649099992724,39.52908000011466],[-76.51592799968753,39.53187399966812],[-76.51816700022755,39.532888999960655],[-76.51848199987182,39.53636700003083],[-76.52253300025626,39.53672399999669],[-76.52204700000947,39.53888099997952],[-76.52581700018652,39.53986699985437],[-76.52780499975803,39.543516999850745],[-76.53217400015981,39.54397700017899],[-76.53183000020321,39.551096999956606],[-76.53424200009728,39.55142199996713],[-76.53482600025337,39.553248999878015],[-76.53105799972614,39.55539899997306],[-76.53201000012827,39.561466000162866],[-76.53596199988019,39.56165499992757],[-76.53688300032017,39.565578000156925],[-76.53983499998941,39.56775499969239],[-76.5401220000446,39.57375299966521],[-76.54403199996372,39.57526000013356],[-76.54351499975478,39.57863499994915],[-76.54705399995316,39.58767799982452],[-76.55324900044306,39.589434000115794],[-76.55661899968872,39.59453800027533],[-76.56006699965049,39.596055999917176],[-76.55946400012614,39.59765999967899],[-76.56290399969198,39.60623900000448],[-76.56198700034827,39.607959000279976],[-76.56518900026275,39.614503999726146],[-76.56944899998626,39.72117799967888],[-76.83772499987796,39.72050200007833],[-76.8389259998021,39.7170209998259],[-76.84484500010748,39.71840099969575],[-76.85175799974947,39.71448899994868],[-76.85410500024452,39.70715299992242],[-76.85771899988764,39.70724700008325],[-76.87116599995325,39.69877200018452],[-76.88120299969191,39.686763999798906],[-76.88764000003115,39.682145999695884],[-76.88458100023179,39.680608000000724],[-76.88800699955395,39.67808200018138],[-76.88667000008566,39.67621700021955],[-76.89050999968461,39.67431099983606],[-76.89045000030848,39.67692700023406],[-76.89176099983747,39.676400000127785],[-76.89009600030613,39.66868000012634],[-76.88233199964606,39.67301899994034],[-76.8833779997595,39.671525999762565],[-76.88052900002243,39.67134499975341],[-76.88044299980872,39.66893399988571],[-76.87323399989072,39.6671519996568],[-76.8703800001308,39.66435200026904],[-76.87193400023236,39.66482200009623],[-76.87725299958981,39.66067899998497],[-76.87566000002849,39.65999899969133],[-76.8769570002121,39.658338999755465],[-76.87220600021892,39.65532999989822],[-76.8741550003307,39.65234099993936],[-76.87921799959511,39.651088999745426],[-76.8783439999091,39.649450000016195],[-76.88386900002918,39.64682499992057],[-76.88655000043508,39.647215000333176],[-76.8820389997431,39.642337000239465],[-76.88768799971172,39.64249900014614],[-76.89208499970256,39.63694200025123],[-76.89582899994036,39.63923500015141],[-76.89504599959264,39.635964000015456],[-76.90002300043994,39.63773600004626],[-76.89754600024855,39.64238000020045],[-76.89441499958087,39.640699999746076],[-76.8932620002356,39.6416520001029],[-76.89857599957018,39.6429170000995],[-76.9016040003057,39.648329999788615],[-76.89576600019117,39.6518329999249],[-76.89617899974473,39.65317599995458],[-76.89275400024749,39.65629199994756],[-76.89346399990197,39.65782199995528],[-76.89171200033199,39.65760300003636],[-76.89023299967516,39.65991300021904],[-76.89101000017511,39.66090899970905],[-76.89601899991115,39.659818999917505],[-76.89792799983996,39.661527999954075],[-76.89704099973517,39.66313500033593],[-76.90092499971504,39.660664000111666],[-76.90102500017247,39.66408600026565],[-76.89609699972897,39.66561599991921],[-76.89743999994334,39.66750099974814],[-76.90356599993795,39.6680930000881],[-76.92334900006045,39.6563939999413],[-76.92660000037874,39.659095000226095],[-76.92960899994938,39.658385000212434],[-76.93325199990481,39.6598339999742],[-76.93572800027128,39.663173999988324],[-76.9384189998246,39.66387499970364],[-76.94030900038517,39.667379000281194],[-76.9474449996099,39.66210899992585],[-76.9532519997623,39.66353900001225],[-76.95543299967767,39.66261199998061],[-76.95859399958428,39.6683340001006],[-76.96819299965502,39.674219000043216],[-76.96772800022292,39.68074200017387],[-76.9727110000197,39.68492100032886],[-76.97739099986777,39.68350600011863],[-76.98418600040729,39.675564999990854],[-76.98434299986782,39.66756599965963],[-76.99004200006517,39.65915699970565],[-76.9954299999179,39.65815200030357],[-76.9997030000602,39.662014999845],[-77.0075329999442,39.66045400016065],[-77.00926100012305,39.66387700028556],[-77.01361799993094,39.662548000214066],[-77.01482700025103,39.665614000079174],[-77.01987500034514,39.667229000040514],[-77.0263379997253,39.66545600008623],[-77.02751199988529,39.66161800009442],[-77.02201299970449,39.64693200030951],[-77.0222820002163,39.64342399967062],[-77.02365300001978,39.642224000182395],[-77.02890100013042,39.64294800018406],[-77.03316000002903,39.645719000201176],[-77.03860399995826,39.646791000305335],[-77.04673699979095,39.64387799971747],[-77.04619199999293,39.63439000011023],[-77.04179800037512,39.63431099975474],[-77.04651099983515,39.63199300011441],[-77.05804099957602,39.60301100020783]]]}},{"type":"Feature","properties":{"GEOID":"24009","NAME":"State Senate District 9","BASENAME":"9","STATE":"24","SLDU":"009"},"geometry":{"type":"Polygon","coordinates":[[[-77.32495099968712,39.28119000021158],[-77.32188600003998,39.27615200001838],[-77.31456900016695,39.27119599973747],[-77.3122910001672,39.265797000246266],[-77.29831199982404,39.24706900016919],[-77.29063400027599,39.24648200007103],[-77.27793000037514,39.2375339998979],[-77.27133599967706,39.239594999827],[-77.26485400003031,39.24528500005543],[-77.25438600029642,39.244716000210005],[-77.24876400009195,39.24826000022779],[-77.24659700042028,39.24722199973011],[-77.23841000016088,39.25141899989996],[-77.2341300003459,39.246912999809396],[-77.23210099986817,39.25143799976715],[-77.22150400026287,39.26208799967219],[-77.21212699994997,39.25954399981424],[-77.202681999865,39.26005900006176],[-77.20507799986554,39.2674439998814],[-77.20190400043846,39.28364099965265],[-77.19925599964455,39.28445000013918],[-77.19820399968332,39.28666999986781],[-77.19659400040355,39.28621600033847],[-77.1926490003243,39.29271299993361],[-77.1827079999468,39.295802999706616],[-77.17903099965616,39.2952109997468],[-77.17351499975692,39.29965899997964],[-77.16504600036353,39.299972000163784],[-77.15847000010713,39.29786999973457],[-77.14712899961383,39.29719799995912],[-77.14359399961342,39.29303200034659],[-77.140058999613,39.29209500002215],[-77.14019500005544,39.28928400029533],[-77.13787500022289,39.288091000269404],[-77.13996900009964,39.28309599996943],[-77.13405900001509,39.27656900006751],[-77.1342070001531,39.271045999764766],[-77.13058699976385,39.26841200005282],[-77.11699400010839,39.26753500003224],[-77.1150159996843,39.265174000070914],[-77.11080899966424,39.26413799985754],[-77.10575100042271,39.2643090001457],[-77.10362099966264,39.26599900004756],[-77.08165599979985,39.25986600026369],[-77.07741299979479,39.25627400009442],[-77.07145599985458,39.25500799965965],[-77.06557199970928,39.25095599993368],[-77.0621370001663,39.247227999937955],[-77.06069699986756,39.24296500010206],[-77.06172799991238,39.24154300032492],[-77.06003700044178,39.240193000256546],[-77.05579500026163,39.23830499983616],[-77.04481199996863,39.23766600032061],[-77.04100099978368,39.234190999691386],[-77.03734399958452,39.23804799987049],[-77.02979300025808,39.24010500015719],[-77.02719200021814,39.24305600002671],[-77.02362100023272,39.240237999703346],[-77.02459299982803,39.23705900004329],[-77.02249899995128,39.237469000115034],[-77.00844299961523,39.245044999996374],[-77.00614600024721,39.24730999994474],[-77.00609400036868,39.25102200006913],[-76.99452000024687,39.253404999719585],[-76.98941500025137,39.24125100003534],[-76.97597999988133,39.23022699973373],[-76.9764369998158,39.226302000046125],[-76.97424400020488,39.221916999925476],[-76.98176699994224,39.204739000201336],[-76.98151699969696,39.20136299995909],[-76.97714800019352,39.19780800025337],[-76.97139700011763,39.18720300013914],[-76.96051599993187,39.18167299965572],[-76.95167900029246,39.171984000240684],[-76.94393300007403,39.16679699986411],[-76.94291999957254,39.1734939996685],[-76.93298800031418,39.17444499975493],[-76.93537000007102,39.177656999924984],[-76.92958499965994,39.185112000264255],[-76.92221599990836,39.18799199987022],[-76.93421000015475,39.192663000259856],[-76.93572400007334,39.19468699976395],[-76.9321510004381,39.19585999997495],[-76.92942800019941,39.199858000190176],[-76.92445999957295,39.196426999702986],[-76.92915500038792,39.19996000010747],[-76.92757699999692,39.2004300000514],[-76.91722300006585,39.201777999996665],[-76.91321100003945,39.20035800032019],[-76.90924599986874,39.20262999980789],[-76.90987400040576,39.20351300028174],[-76.9058070001278,39.203493999965815],[-76.90841700038857,39.204849999823544],[-76.90587300025003,39.2080129997653],[-76.9068070002105,39.210632999672576],[-76.90477699990787,39.21416000014749],[-76.91125899955463,39.21911099998878],[-76.91294800027373,39.22586499968308],[-76.91704899998857,39.229446000000166],[-76.91594799962353,39.230388999882805],[-76.8840530001522,39.235426999684854],[-76.8676920000522,39.23567600000397],[-76.84720799959774,39.23945000009983],[-76.84597800025959,39.24540100023021],[-76.83417999983179,39.24595699974772],[-76.83171100003632,39.248199999704575],[-76.82975899955149,39.24742499986906],[-76.83199999974133,39.24501599982348],[-76.8292380000429,39.24158099983959],[-76.83072099999937,39.24127699966723],[-76.8312239999646,39.23863399977444],[-76.81781700008197,39.23520500022283],[-76.8139029999649,39.23557899973883],[-76.8131079999216,39.23285900023076],[-76.81428700010444,39.238771999754555],[-76.81035899974364,39.23908999967339],[-76.80570300018502,39.23677199975024],[-76.80177900002217,39.23964199994296],[-76.79058099964402,39.22819399970596],[-76.78290499974578,39.23248699992657],[-76.78188600029482,39.237397000092635],[-76.77676799988052,39.24098399988606],[-76.77570800042167,39.2449169998146],[-76.76930600024254,39.249800000031776],[-76.76457500034084,39.24907799989849],[-76.76366399994659,39.25070599995349],[-76.77354099985168,39.256204999965824],[-76.78013700019959,39.25715999989539],[-76.79449499976111,39.266614999799344],[-76.79452900009629,39.270131000002124],[-76.78979399999665,39.27318499985317],[-76.78516600002712,39.28285500014032],[-76.78518199992062,39.29184500007668],[-76.77845400022657,39.295304000070715],[-76.77891600018394,39.29705099975668],[-76.78703399994802,39.29992399984883],[-76.79031500040354,39.3034419999764],[-76.79580000034065,39.30373399979943],[-76.79659700003376,39.30565900021283],[-76.79394599976511,39.30683399988174],[-76.79248399972505,39.31113600005508],[-76.7946000002414,39.31423199982371],[-76.80451800015437,39.316732999953764],[-76.8101300003131,39.31523700025301],[-76.81405399957762,39.31800600032113],[-76.81743399976733,39.313129000117364],[-76.82487000036437,39.31934899967451],[-76.82933299957914,39.317204000307626],[-76.8335680000866,39.3115140003454],[-76.83557900012268,39.31208000027562],[-76.83534200029622,39.31572499986513],[-76.84045599961424,39.3154779998275],[-76.84427699984492,39.31833299994628],[-76.85092400024644,39.31586200018256],[-76.85408000013017,39.31785100017741],[-76.85543900023806,39.32322400002589],[-76.86279600029407,39.3300790002655],[-76.87504099971228,39.33215399994234],[-76.87836999984837,39.33645399991366],[-76.87519700024622,39.33764599985168],[-76.87529699980533,39.34010799997073],[-76.87825299967251,39.342420000306554],[-76.88425200034384,39.352257999977404],[-76.88609699980022,39.352552000103735],[-76.88671399956829,39.35061300016288],[-76.88902900027628,39.353804999869354],[-76.89790100007579,39.35163000007224],[-76.90132300009829,39.3541839997172],[-76.90510599979584,39.354317000131346],[-76.90888000017083,39.35265299997505],[-76.90800099956364,39.349382000061404],[-76.90957700030484,39.34846300016543],[-76.91291499976344,39.35096799994141],[-76.91828800044587,39.35085599998101],[-76.929251999574,39.35392499986579],[-76.93740700004635,39.35884799991098],[-76.94137399986688,39.35747199975835],[-76.94642899963368,39.36103900029481],[-76.95072500024051,39.35961700023318],[-76.9504840002161,39.35779400001328],[-76.95995500024031,39.356636000040915],[-76.96449699999613,39.361433999959104],[-76.96961000038755,39.36402600003912],[-76.97489299975999,39.36115200005057],[-76.98300100037667,39.362860000321334],[-76.98940400038072,39.361338000295355],[-76.99774800010063,39.35486200022331],[-77.0091380000994,39.35482600010365],[-77.01598200014442,39.35254099993699],[-77.02090499966675,39.35353399973839],[-77.02252999991342,39.35078800023999],[-77.02541200016077,39.350587999719146],[-77.02833899971563,39.35243999990378],[-77.03095700037234,39.35133199978851],[-77.03361100011573,39.355337999829544],[-77.04857399974975,39.36215400017664],[-77.05103500004762,39.36116800027781],[-77.05117999981258,39.35910600009112],[-77.06127699982568,39.359179000241056],[-77.06520000016363,39.36203700012539],[-77.07434300012478,39.36264800023861],[-77.07746999969619,39.36609600002977],[-77.080448000203,39.36568300029698],[-77.0849969996315,39.36783999991951],[-77.0922830004407,39.36714700018206],[-77.10136000027964,39.36932300025219],[-77.10759699970401,39.366581000083755],[-77.12521599962956,39.36464299998859],[-77.13590699984454,39.360107000236184],[-77.14511400027813,39.351203999989714],[-77.15146600022854,39.34870199991716],[-77.16755100014402,39.35439399999947],[-77.32495099968712,39.28119000021158]]]}},{"type":"Feature","properties":{"GEOID":"24028","NAME":"State Senate District 28","BASENAME":"28","STATE":"24","SLDU":"028"},"geometry":{"type":"Polygon","coordinates":[[[-77.32300900014634,38.43345399987089],[-77.31878600023275,38.417671000274936],[-77.31044499998758,38.400101000262346],[-77.31083599979982,38.39688200027709],[-77.30493800030916,38.37527100022615],[-77.29679200005765,38.37050000004807],[-77.28819499971944,38.359384999930434],[-77.28726400013201,38.35309199969392],[-77.28840700032985,38.351401000255265],[-77.28379600007875,38.342855000262475],[-77.27658100031297,38.33788100031221],[-77.26529500007126,38.333163999740115],[-77.2400710003926,38.331597000207736],[-77.20469399972598,38.34109599982758],[-77.17933899962773,38.34191400004789],[-77.16321899955217,38.34582299982208],[-77.15519100019975,38.35104600011605],[-77.13773399975759,38.368022999984014],[-77.12469900031896,38.36675999982932],[-77.10487400036365,38.36974599977286],[-77.09353399969527,38.367297000294826],[-77.08667799995469,38.36792799978596],[-77.07688999973806,38.37276300028068],[-77.07055000038152,38.37815099968128],[-77.05342000017748,38.39881300012781],[-77.04150499957385,38.400691999771816],[-77.01801900011975,38.38160100030223],[-77.01146399977974,38.37442499965466],[-77.0159109999993,38.37102399981751],[-77.01464800015087,38.354043000192284],[-77.01680700032495,38.341687999987116],[-77.0143479996769,38.337723000171486],[-77.01452699977706,38.332633999875824],[-77.03068299983762,38.31162200019015],[-77.02876499968798,38.31138200006059],[-77.0281310002015,38.305316999818544],[-77.02350800025482,38.30145500027764],[-77.01644900012465,38.2988370001844],[-77.00090200033453,38.28000400033383],[-76.99086899989553,38.273638999972995],[-76.98134599999274,38.27454199968295],[-76.96208599992697,38.25696400011916],[-76.95692300020515,38.23747200029578],[-76.95809900001495,38.23405800026823],[-76.96225099978344,38.229888000156826],[-76.9490199996279,38.20841799971564],[-76.93683799995885,38.202384999922124],[-76.91598699998158,38.19966700009055],[-76.89118900027525,38.183732000220864],[-76.88101000024638,38.175199000251055],[-76.86888399975554,38.17132799972032],[-76.82890900015494,38.25012800001205],[-76.82669300007946,38.259526000338354],[-76.82095100022441,38.27134200032307],[-76.84616700040547,38.327785000344484],[-76.85289000007667,38.33259800022845],[-76.85362300019567,38.34009999999202],[-76.84776800036272,38.355775000124765],[-76.84792499982323,38.36223000030365],[-76.85223099957749,38.36811099987833],[-76.87365800021325,38.37957099966716],[-76.87422999977547,38.38372499969177],[-76.87145999968112,38.38993699971561],[-76.86874900003633,38.389809000231914],[-76.86648799975501,38.392812000036756],[-76.86226800021447,38.39184600009653],[-76.8503169996258,38.39833599998004],[-76.84668100024136,38.40798999994818],[-76.84085099962445,38.410163999733534],[-76.83488199998867,38.4179350000192],[-76.82955699988514,38.421118999968854],[-76.82732300026632,38.42518600021386],[-76.82269500029678,38.42837800001457],[-76.8224080002416,38.43241000032143],[-76.77495500021115,38.5088999998699],[-76.76689900037134,38.51327799969634],[-76.75292500005105,38.51375500031146],[-76.72662699977151,38.511768999762566],[-76.7156490003997,38.5094460002622],[-76.71383500000712,38.51048199984543],[-76.71053000016047,38.509170000086954],[-76.71061300000115,38.50746900030526],[-76.7053079999891,38.50168300024243],[-76.702203000159,38.5016680000644],[-76.69931699971369,38.4971250000001],[-76.68459799957883,38.49500900028195],[-76.67411800014938,38.49962199979635],[-76.66251399989035,38.52549000000969],[-76.66988400036514,38.5327049998669],[-76.6754570001658,38.535876000283864],[-76.6907839998479,38.53794399998582],[-76.6925370001411,38.54116500029048],[-76.69706399982829,38.54316499998622],[-76.70116200006841,38.54247399988038],[-76.70114500034997,38.544676000288106],[-76.70387500026135,38.54708099992243],[-76.7061399998423,38.545416000040994],[-76.704547000281,38.543086000175],[-76.70652399998187,38.54320800024725],[-76.70781699996753,38.54653999999713],[-76.71184400006254,38.5488949999571],[-76.71630100032785,38.547981000080085],[-76.71512799999277,38.54977200004862],[-76.72327800044226,38.55139399997555],[-76.73328400021877,38.557432999790116],[-76.73945200004619,38.558210000320685],[-76.74794499972901,38.539665999714714],[-76.76331599979204,38.54120699980185],[-76.77216699967515,38.535842999679616],[-76.80474199956205,38.52858799986253],[-76.81659699989125,38.530856999696844],[-76.82379199956553,38.5257820002962],[-76.84006999982485,38.52151099976951],[-76.84258600037431,38.52582999996033],[-76.84059999955427,38.52794900002207],[-76.84608500038969,38.5300960000098],[-76.85578900004244,38.53072199997673],[-76.86201399977125,38.542762000130466],[-76.86665099996162,38.54841100013657],[-76.8682960002998,38.54800800017076],[-76.86432299973313,38.553848000028125],[-76.85447500014037,38.5606309997461],[-76.86116900039757,38.56647499973145],[-76.86224200027519,38.58465700018727],[-76.86845699995827,38.59204899968902],[-76.87750200001015,38.59565299989274],[-76.89291800027901,38.59298899966372],[-76.89386399993504,38.59435499973932],[-76.89180299967028,38.59566400030549],[-76.89195400018133,38.598365999685385],[-76.89427400001387,38.60240099969745],[-76.89839099962225,38.6042659999901],[-76.89880800027208,38.60521000004056],[-76.89002099996306,38.606759000080444],[-76.88180100009171,38.614473000012715],[-76.8979789998936,38.61920300001756],[-76.91761300005318,38.62978299979319],[-76.91406299998415,38.63424599996724],[-76.91648400009905,38.63852999965035],[-76.91529300022064,38.644337999793926],[-76.91100099981178,38.64999000000614],[-76.91351599963798,38.65292800019108],[-76.92748199956235,38.6548500001469],[-76.93972400040415,38.65454299971208],[-76.9467550000469,38.658986999832415],[-76.95786800003627,38.65881900001681],[-76.965748000149,38.66126999966149],[-76.97050400016505,38.66044700015889],[-76.97250799963011,38.65841699978523],[-76.99142700011235,38.6571559997965],[-76.99906100017778,38.65418300013803],[-77.00193400020429,38.654768000017896],[-77.02008899970706,38.647595999917016],[-77.02237199972967,38.6420599997631],[-77.02634799977105,38.638596999733664],[-77.02713799979148,38.63483999997532],[-77.03844400012467,38.62992600016762],[-77.04780999966859,38.61617100034838],[-77.0748290003716,38.68537900019958],[-77.08639099989949,38.70622700013605],[-77.09827200016798,38.69905300016018],[-77.10376499960267,38.69785999989506],[-77.12263200020638,38.685255999818416],[-77.13243899979128,38.674142999824205],[-77.13635299990837,38.64754899995513],[-77.13293199971078,38.644714999840104],[-77.13350699964604,38.64252499976241],[-77.12968200011572,38.634703999859774],[-77.16636500028848,38.62510599967789],[-77.18027199976329,38.62324599979031],[-77.1914869998599,38.619174999853236],[-77.20369600019141,38.61817200014346],[-77.24636200024364,38.59344100015755],[-77.25645400023389,38.56058699979966],[-77.2607480002926,38.55966399990228],[-77.26219799973876,38.55616999976938],[-77.27403299997648,38.55015200024178],[-77.27655399965049,38.54626299967027],[-77.27633899956534,38.53944500033749],[-77.27897399994048,38.536509999775845],[-77.28291399999682,38.525558000268866],[-77.28729400026924,38.52146300003598],[-77.28530900017245,38.51969499973143],[-77.28712100001688,38.5204009998522],[-77.28973799995035,38.518055999853296],[-77.29577600008142,38.50738400022582],[-77.30308399973362,38.49918800032105],[-77.31055799996548,38.49399300031637],[-77.31531599963137,38.47854900029292],[-77.31854199983529,38.474437000131466],[-77.32039999971047,38.43522099998837],[-77.32300900014634,38.43345399987089]]]}},{"type":"Feature","properties":{"GEOID":"24023","NAME":"State Senate District 23","BASENAME":"23","STATE":"24","SLDU":"023"},"geometry":{"type":"Polygon","coordinates":[[[-76.88503399996833,39.06210799974951],[-76.87054099978927,39.05630300017651],[-76.85407199973424,39.055693000292194],[-76.86178899964034,39.04954800034663],[-76.85332100007187,39.04660200029197],[-76.85323999988103,39.04224400010253],[-76.85037600007536,39.038337000323274],[-76.85389799965697,39.033147999898006],[-76.8412070001749,39.033406000024605],[-76.81994899959355,39.012260999789234],[-76.80742299996793,39.00519799977778],[-76.8022090001925,39.00957500006169],[-76.78341699993186,39.010655999938066],[-76.78470599971956,39.007765999984805],[-76.79112499961714,39.00508599981313],[-76.78717700006317,39.002744000295294],[-76.79898200016366,38.99611399994234],[-76.79817600024971,38.99509699978119],[-76.80005099984334,38.99408700032176],[-76.79700999958732,38.9883270000761],[-76.78975499963857,38.98894100002502],[-76.78783900003708,38.98549200019743],[-76.78389599960767,38.98741499998755],[-76.78391400004931,38.99149899990795],[-76.78015200026817,38.99196700023359],[-76.78318000010539,38.99442000018725],[-76.77817600039222,38.99630399986099],[-76.78006500022956,38.99865200009959],[-76.77725699960205,38.99701800022709],[-76.77038999999083,38.999170999728655],[-76.76892700012584,38.99689000031401],[-76.76463700026511,38.99846299993479],[-76.76674500038557,38.99549300026549],[-76.76598600032726,38.99137300015085],[-76.76280299978104,38.98808700016305],[-76.76149399990186,38.9833490001783],[-76.75685500006166,38.98258199968407],[-76.75643599976202,38.98067400034913],[-76.77871199996943,38.97781099988827],[-76.77849699988427,38.975228999762905],[-76.77588199960063,38.97534799990781],[-76.7756199996598,38.972788000073],[-76.77352800033121,38.972262999820515],[-76.77314400019165,38.96785000029207],[-76.76538399972951,38.9676839999566],[-76.76510099987229,38.969650999966824],[-76.75791100022087,38.96959800023557],[-76.7563420000507,38.96582499983441],[-76.76552299964669,38.966662999904],[-76.76536000033839,38.963682999921055],[-76.75478200010132,38.962262000164856],[-76.75230699955976,38.95680999980656],[-76.7574480004386,38.95813000022347],[-76.75792499956626,38.9567890000521],[-76.7601950000684,38.95703099980567],[-76.761312000327,38.95919700026201],[-76.76505999986442,38.96064800034281],[-76.77035400000581,38.96018900011333],[-76.7713459996926,38.9487870001131],[-76.77020199966985,38.9454049996536],[-76.79042599983332,38.94375999989057],[-76.7893549996055,38.94049799980858],[-76.79031600022846,38.93777899988044],[-76.7955080002626,38.93531500010944],[-76.7942279997974,38.93501500019408],[-76.79658000031533,38.932181999730574],[-76.79842499977174,38.9325959999003],[-76.7961760000843,38.93149399985936],[-76.7954730001025,38.92865099972149],[-76.7959869999384,38.92696300008316],[-76.79860899989474,38.92638199988979],[-76.79505499962775,38.92589000018025],[-76.7990139999507,38.92489300006847],[-76.80092700007748,38.92227999986966],[-76.7948110001286,38.921656000295286],[-76.7790419996823,38.92736200010376],[-76.76251900009893,38.92465000024687],[-76.76225100031031,38.92130800032627],[-76.77046299978575,38.92093900015765],[-76.77379799976963,38.91464700012562],[-76.78016599961357,38.91197700025828],[-76.78261799969061,38.90721499991182],[-76.79301799965242,38.900853000193536],[-76.78529499989853,38.89226699974376],[-76.78073300005123,38.88091800032039],[-76.7806529996853,38.87712999998125],[-76.76933700020467,38.87785999969888],[-76.76382499960506,38.8752699999824],[-76.74836400002866,38.87364100020911],[-76.75238600010078,38.853020999825326],[-76.7515690003162,38.85017100012557],[-76.75552299971795,38.85174700006341],[-76.76307599959253,38.849860999860844],[-76.76514000023035,38.84718199982949],[-76.7608200002324,38.843271000127],[-76.7667699996016,38.8392069999269],[-76.77524100044143,38.83962099998752],[-76.77105399961455,38.831137999818225],[-76.76581100042509,38.83175799980272],[-76.76499799994014,38.82734600007876],[-76.76940099977878,38.82601999980146],[-76.76365999974864,38.819222000156145],[-76.77830799973839,38.81558600015075],[-76.77700800008003,38.812993999762575],[-76.78585200029045,38.81182000005384],[-76.79814799976229,38.81340100009455],[-76.81494800025344,38.8111360000328],[-76.82497800031939,38.814119000263936],[-76.82383699977137,38.80591300014346],[-76.8255690001482,38.80110700014823],[-76.83500500001232,38.79540800007943],[-76.84325199964785,38.78689800031349],[-76.83015699993476,38.77340399999893],[-76.8309479997801,38.76257099970212],[-76.84137600022933,38.75651899997569],[-76.84653899995115,38.74619599991792],[-76.83281900007407,38.744418000311555],[-76.83217100034386,38.7532800001573],[-76.81657400032503,38.74599300003928],[-76.82028500005254,38.73930200021929],[-76.81286900044532,38.74028500003327],[-76.81027599990297,38.742305000114364],[-76.80675400032135,38.73781000032949],[-76.79939200024246,38.73316299967597],[-76.77677499955321,38.72733800024657],[-76.77505800014332,38.72510699986885],[-76.76743699959839,38.72524799968878],[-76.7605950001015,38.730221999903144],[-76.7641860001784,38.73254800013006],[-76.75495799982842,38.72990400026957],[-76.75275500017173,38.731558999709605],[-76.74002799980634,38.73147399989962],[-76.73316299984494,38.73445500003136],[-76.72310500018989,38.73591500014601],[-76.72228699968205,38.737573000177655],[-76.71501800038793,38.73884500010426],[-76.7140810000544,38.740600000110476],[-76.7055699999299,38.74402000029402],[-76.70767700022546,38.74630599989409],[-76.70522299960028,38.74548899989873],[-76.7058920001452,38.74740699991027],[-76.70082700033267,38.74504500034725],[-76.70227699977883,38.74299699989808],[-76.69937699998816,38.745175000167215],[-76.69634999997585,38.744320999865664],[-76.69984099959535,38.75273600002293],[-76.70094699998324,38.76874700027188],[-76.71401699958199,38.77689599982544],[-76.7143899998509,38.780760999862366],[-76.71225099976832,38.78435599989625],[-76.70614499986519,38.78566499973077],[-76.70202499988378,38.78874700012296],[-76.71011599988368,38.796003000042425],[-76.71067599975034,38.79843000020342],[-76.70806499966466,38.80486700019076],[-76.71145700044825,38.809021999861855],[-76.71230699984481,38.81292300032635],[-76.70942399977257,38.8162640003235],[-76.70260900003986,38.81531799966321],[-76.69696500009408,38.8187839999346],[-76.69637099989224,38.822723999905385],[-76.69971699974678,38.836778000242624],[-76.69827300014838,38.84302999979929],[-76.69116899981236,38.85440100022222],[-76.69152700001266,38.85979999987841],[-76.68840899976375,38.86434600017309],[-76.68252299996867,38.867339999800265],[-76.68065599987266,38.87227899968784],[-76.67677899956546,38.875486999914685],[-76.67550400002146,38.88542900011927],[-76.67178599972294,38.88756800026717],[-76.67630099971457,38.89190999977073],[-76.67625899988178,38.89594900010012],[-76.67150500041386,38.89941900018604],[-76.66951500029421,38.90442599990805],[-76.6703329999037,38.90727099971768],[-76.67851799961497,38.9105390001514],[-76.67794100002989,38.91370699984826],[-76.6793710002829,38.91651299980598],[-76.68319699963813,38.919084999894665],[-76.68620399955894,38.91795800028273],[-76.69059200022728,38.923455999686915],[-76.69032699991341,38.92487600023458],[-76.68283199976514,38.92651599965412],[-76.68142499997667,38.93126500004397],[-76.68994100012402,38.93394900011845],[-76.69216200022238,38.93627600016635],[-76.69117399983523,38.94157500026172],[-76.69543299973382,38.94821699982542],[-76.69332700016152,38.95192799999619],[-76.69397999991459,38.95636799983641],[-76.69897899960489,38.962676000018384],[-76.69925899998738,38.96891000027055],[-76.7037449996667,38.97152499985334],[-76.70102999982393,38.97572400016654],[-76.70245900025205,38.97947399978813],[-76.69886700035022,38.98121100011293],[-76.69816600001826,38.983494999834406],[-76.7116020002132,38.99542999978132],[-76.71313399967516,38.99483600013869],[-76.7210299996814,38.99965799976973],[-76.72561499999324,38.99894900023624],[-76.72399599959434,39.00417300033041],[-76.72546299965727,39.00592499978723],[-76.72830499972164,39.007364999651585],[-76.73327900019589,39.00682400020752],[-76.73752800004875,39.01229200010541],[-76.74037900033395,39.012867999882594],[-76.74463099966155,39.01738500008467],[-76.74278399965701,39.0204699997493],[-76.74374600010486,39.02513599981913],[-76.75025500041413,39.03079699971869],[-76.747732000192,39.033646999651744],[-76.7558290000397,39.03771899976891],[-76.76221500032533,39.035165000340434],[-76.76539100030053,39.04043499997548],[-76.7690019995706,39.038948999813165],[-76.77029000043171,39.04086899976407],[-76.77405300003775,39.04099999981148],[-76.77487499984522,39.0448700002293],[-76.7839330003159,39.046251000061275],[-76.78759299998977,39.04463100006257],[-76.79235499985361,39.04599500030569],[-76.79450599963177,39.05324800000875],[-76.80139300023278,39.05588499981776],[-76.80422899955107,39.06263199995265],[-76.81053700001887,39.060922000101314],[-76.81599099999384,39.06264200006243],[-76.81787399998339,39.06175800008832],[-76.82692499988303,39.06585299994323],[-76.82897100007922,39.06444100004672],[-76.83153199993617,39.06916200026411],[-76.83584100006351,39.06796599981046],[-76.83772400005304,39.07180200018273],[-76.8418399998365,39.06895000005663],[-76.84421699957045,39.07073900002957],[-76.8426209996361,39.071783999948615],[-76.84338399989232,39.07373599990667],[-76.84786200007404,39.07366300015445],[-76.84866499961493,39.07726599996757],[-76.85554200017023,39.07697499978776],[-76.85575300005742,39.073507999828294],[-76.8655930001526,39.07553899973187],[-76.88503399996833,39.06210799974951]]]}},{"type":"Feature","properties":{"GEOID":"24001","NAME":"State Senate District 1","BASENAME":"1","STATE":"24","SLDU":"001"},"geometry":{"type":"Polygon","coordinates":[[[-79.48607200002265,39.34429999990489],[-79.4872739997717,39.265204999809775],[-79.48587399965591,39.2649050003253],[-79.48687499956353,39.20589600010885],[-79.47299700040102,39.20212399995044],[-79.4697929999384,39.20373400013469],[-79.46960399979251,39.207216000043665],[-79.46738699989214,39.208765000076916],[-79.460555000441,39.211555999921835],[-79.4533039997919,39.21046999965472],[-79.44742399984457,39.21568199994024],[-79.44064699974672,39.21650600021052],[-79.43298400026728,39.22388700034381],[-79.42571300042502,39.22531400027896],[-79.42405399984312,39.227398000076604],[-79.42522100033041,39.2344770002367],[-79.4206800003995,39.23542400011994],[-79.42026100009986,39.23888299984404],[-79.41221699995559,39.240193000256546],[-79.40833499962555,39.24506999989593],[-79.40945199988413,39.246199000263054],[-79.39966500039073,39.25150499977041],[-79.39838800029857,39.253407999906884],[-79.39955999991042,39.255041999838184],[-79.39500399991091,39.257074000005],[-79.39328499995287,39.26162700026279],[-79.39025799994059,39.2613639998134],[-79.38737599969326,39.263548999767586],[-79.3873380000584,39.267820000145136],[-79.38185700031926,39.26686500008244],[-79.37880900039058,39.27181799989773],[-79.37601400018187,39.27321700023267],[-79.35752499986997,39.27630500008953],[-79.35229600002589,39.28020200031566],[-79.35130799963875,39.28507100029776],[-79.34491499968044,39.28496900030365],[-79.34365600002997,39.287117999661],[-79.34738900039709,39.291102000131694],[-79.3460110000226,39.29395999973075],[-79.34037499957445,39.29367100000817],[-79.33264699979767,39.30012999986733],[-79.32624600034177,39.30107700002257],[-79.32126500019481,39.30000499975293],[-79.3170470003041,39.30403800021571],[-79.31394400012383,39.304706000031686],[-79.30343100018409,39.29962299993313],[-79.29039500002223,39.299452000328316],[-79.2901609996705,39.30351600014677],[-79.28388400006315,39.30984399978222],[-79.28422600036993,39.31548200024023],[-79.28213199959487,39.323273000335035],[-79.270425000302,39.32888200030712],[-79.2686800004047,39.33616300026961],[-79.26017400030308,39.334296999753505],[-79.25384999994176,39.337143999743866],[-79.25735399998001,39.34190699998841],[-79.2534800000459,39.34789599977202],[-79.25686799973322,39.35539299983333],[-79.25630799986655,39.357227000321664],[-79.2506010001716,39.35547199966193],[-79.24260999973079,39.35941500033703],[-79.23496300014489,39.35867699990448],[-79.23291899959855,39.35962199967646],[-79.23095500031646,39.36490499996295],[-79.21428000039711,39.36348200001514],[-79.21258499983021,39.37024800015205],[-79.20244400033448,39.37880199976095],[-79.19769099979317,39.38837299986582],[-79.19330300002315,39.38863199971678],[-79.1855690003986,39.38520799988976],[-79.17695899964158,39.389027999946336],[-79.18112800002682,39.39439399999931],[-79.17918399993789,39.396494999897826],[-79.17456900038715,39.39537900033493],[-79.16606499993534,39.387442999662106],[-79.16227100036716,39.38812900028754],[-79.1614779999737,39.39090200008875],[-79.16544800016729,39.395472000054774],[-79.16670500016794,39.400942999967164],[-79.16451199965867,39.40567899971551],[-79.159415999884,39.409543000061944],[-79.15946600011272,39.417036000182364],[-79.15535000032926,39.41829899980025],[-79.1512410002185,39.4169679996554],[-79.1495590000704,39.41372700034351],[-79.14997900019496,39.40607700005725],[-79.14673399972447,39.404539999801415],[-79.1437510000931,39.405202000179884],[-79.14113800035759,39.408682000074144],[-79.1418429999892,39.417097999727346],[-79.13649899961908,39.41888699991754],[-79.1298260001766,39.41730300006884],[-79.12744199987165,39.41817700005865],[-79.12904700002686,39.42954200006776],[-79.12403599974266,39.43320400024074],[-79.11273199995762,39.43085399975298],[-79.11082100037898,39.43185400011195],[-79.11212000021243,39.435510999935154],[-79.11686000033494,39.438857999958486],[-79.11388799967592,39.4435209999922],[-79.10777799957484,39.445896000124385],[-79.10281599969446,39.450482000043586],[-79.101805999566,39.4571650002247],[-79.10832999994388,39.45712400007732],[-79.10787899985716,39.4612209997106],[-79.10517400006016,39.463011999688625],[-79.09631200030637,39.46242099998015],[-79.09454200029475,39.46484900005493],[-79.0972780000539,39.4684560000428],[-79.10442000002476,39.47076499967135],[-79.10549200007748,39.47394399998477],[-79.1023830000494,39.47639400030024],[-79.0999600002847,39.476948999698386],[-79.09113000031797,39.47251999977989],[-79.08301699967843,39.47147299973415],[-79.069315000243,39.47396700009317],[-79.068033000128,39.47900800018692],[-79.06634199975908,39.47997099980588],[-79.0609770003709,39.47187699983639],[-79.05690400024514,39.47067199985062],[-79.05496500017908,39.47228799993443],[-79.0527480002787,39.48167799970223],[-79.04702499979189,39.483346000296066],[-79.04443200014786,39.47979500007563],[-79.03702300021334,39.47665299973836],[-79.03541999970795,39.46949299993627],[-79.03087600030231,39.46525399982047],[-79.01803099993619,39.46765600010618],[-79.01092400012543,39.461121000314655],[-78.9777349999452,39.44833299992476],[-78.969433999883,39.44325899965726],[-78.96568100032269,39.43847000021851],[-78.95657299962332,39.44033100007154],[-78.95595300038052,39.44783900015992],[-78.96054500036504,39.45103599986191],[-78.95429299997375,39.454703000279984],[-78.95896199995114,39.45975800015395],[-78.9589100000726,39.46283800020067],[-78.95241699965688,39.46358300005004],[-78.94249200007121,39.46894999983648],[-78.9385200002278,39.4745720002742],[-78.94253899992687,39.48062999968994],[-78.93429800013912,39.486283999742994],[-78.91672000022145,39.48631999997363],[-78.91324399977228,39.49459399969821],[-78.90776700023108,39.4978390000781],[-78.90408099971962,39.50407199970839],[-78.90551299962245,39.51154500002729],[-78.89239100014518,39.51327900001862],[-78.89113699961926,39.51821700008365],[-78.89310199962458,39.523995999687614],[-78.88891600041923,39.524912000155695],[-78.88705199979793,39.5229639999366],[-78.87874400006304,39.52127400011548],[-78.87514899978817,39.52266500005218],[-78.8693569997044,39.53179299990101],[-78.87137899961112,39.5356839997518],[-78.87068700039829,39.538766999727194],[-78.86143099956092,39.540964999888104],[-78.85205499997124,39.55097199965374],[-78.85097600024581,39.56010999996077],[-78.84722699998515,39.5625079998301],[-78.84326000016462,39.562784000058315],[-78.83924200029045,39.56700799997734],[-78.82945900009669,39.564993999715604],[-78.82193299998629,39.56062100033161],[-78.81584600034974,39.56288099999057],[-78.81322199984525,39.56720800010034],[-78.81485299993972,39.57128700018469],[-78.81990500023178,39.57633299970162],[-78.82620500030367,39.577335000229894],[-78.82572200042992,39.58917700016022],[-78.81933199994634,39.589889000303984],[-78.81786499988341,39.59185999985306],[-78.81839899981078,39.59405900009549],[-78.81187100013328,39.59799399996704],[-78.809028000244,39.60818199985541],[-78.80157499992853,39.60676299980787],[-78.79982300035854,39.605035000136425],[-78.79646200043541,39.60590199975409],[-78.7957850003929,39.61340200007086],[-78.8016440004238,39.62767700022256],[-78.79748300043451,39.629312000163644],[-78.79409700039702,39.63455899977083],[-78.79528200042763,39.63676599990071],[-78.79077099973564,39.63827499997215],[-78.78119500012944,39.63684599986402],[-78.7760030000953,39.64526199983883],[-78.76899300036892,39.64630700026695],[-78.7664070003976,39.64843199977227],[-78.76475299983859,39.64470700031266],[-78.76849200005351,39.63931500002602],[-78.77263499960114,39.636884999821184],[-78.77815800007141,39.625343999786736],[-78.77797700032144,39.62231900003881],[-78.76343700028671,39.61882699990259],[-78.74676700039024,39.62672199980037],[-78.7367959998755,39.62218699976634],[-78.73398999979615,39.61852399971824],[-78.73317899985932,39.61438100018666],[-78.74683299961416,39.605661000125906],[-78.74894400010766,39.60597400007474],[-78.75196400044726,39.610195999907866],[-78.76348999999016,39.60982799985154],[-78.7764960000148,39.60431900017352],[-78.77802199962896,39.60128499997172],[-78.77030999974573,39.595001000084444],[-78.76706099997558,39.58751099993428],[-78.75698599970377,39.58084900023126],[-78.75105300005302,39.581804999742985],[-78.74446000007815,39.580161999786085],[-78.74024100036254,39.586406000181164],[-78.73338999974652,39.58645800017369],[-78.73159399979562,39.57460999971544],[-78.72458900009211,39.56391899984586],[-78.71457800029272,39.5628170000648],[-78.70745999971301,39.55583900013833],[-78.69502399960078,39.55383499978318],[-78.69170700005857,39.55104899982812],[-78.68955799993023,39.54582399987814],[-78.68118999992087,39.54381299980333],[-78.67545100043887,39.54016500013616],[-78.66790900043493,39.54020100016726],[-78.66415000012853,39.53698700001569],[-78.65469699964764,39.53460499982107],[-78.63029800014951,39.53712999999502],[-78.62865100016151,39.53939000013436],[-78.62310099992708,39.539695000095094],[-78.6068750004446,39.535205999964546],[-78.60256999961693,39.53202899982299],[-78.59599300043394,39.536061000281315],[-78.59093799976884,39.53674799982372],[-78.59005800023503,39.535431000339656],[-78.59219800014253,39.531696999926346],[-78.587606000158,39.52772100003079],[-78.57859899974096,39.52673100007819],[-78.56611499994816,39.51937099974889],[-78.52308599967274,39.52485399979448],[-78.50327900015913,39.518582000242105],[-78.49000299979775,39.5176499997814],[-78.48363900015175,39.51954100006576],[-78.47194200000631,39.51593800017208],[-78.46623000028848,39.517796000019366],[-78.46178800009179,39.52225399974402],[-78.4607269999097,39.528578000021646],[-78.46296899992446,39.533397999713124],[-78.46236700022502,39.53636200009785],[-78.45800399967102,39.53834899997121],[-78.45045699964423,39.53793400022262],[-78.44864200032505,39.53995999994948],[-78.4499190004172,39.54338499971758],[-78.46053399956585,39.546188999699],[-78.46194600027553,39.548950000191056],[-78.46111699989704,39.55083299987809],[-78.45035999955984,39.549829999880174],[-78.43785800022368,39.538515999824334],[-78.43462500034705,39.542188999915034],[-78.43655400036737,39.54824899974647],[-78.43911400039943,39.550791000040626],[-78.43771699975836,39.5533659996695],[-78.43151200012105,39.55228399982665],[-78.42452900015886,39.545180000188495],[-78.41948000023984,39.5456020000578],[-78.41701899994199,39.54856000023078],[-78.4263200000869,39.559221999884215],[-78.43739700009124,39.56313699979568],[-78.45427899969982,39.57408200027977],[-78.45803999965604,39.579707999892904],[-78.45677199978473,39.58760799988636],[-78.45040800013875,39.59055100033523],[-78.44349799997148,39.59133099999927],[-78.4260880002833,39.58613699970306],[-78.41829900040717,39.580931999720164],[-78.40738300006132,39.578607000205736],[-78.39971300001086,39.58070199991651],[-78.3948440000169,39.58515200015276],[-78.39620300012481,39.589279999769325],[-78.39888399963239,39.59159200007993],[-78.41161699984553,39.59744199982016],[-78.42548599968553,39.60767199994947],[-78.43354700044655,39.61820700010848],[-78.43329899985112,39.62069899978538],[-78.43013899976943,39.623415999691424],[-78.42050700008673,39.62407299978256],[-78.3964550000199,39.616436000120515],[-78.38394100008983,39.60898099981428],[-78.37561099971532,39.60830700014121],[-78.37204200027804,39.61186899992307],[-78.38335500028393,39.62291300022504],[-78.38236299969883,39.6277929998477],[-78.37378100032753,39.63037300010179],[-78.36050999998902,39.625433999982555],[-78.35550600027584,39.62611099974077],[-78.35345699970664,39.630568999662216],[-78.35925399981329,39.637208000253395],[-78.35801299970615,39.639783000032715],[-78.35532299997774,39.64066299973503],[-78.33523699990656,39.637359000257156],[-78.31085699977665,39.6306090001256],[-78.286029999758,39.621192000031684],[-78.26608799962685,39.61905499996139],[-78.26286300014614,39.6224790000735],[-78.26233800043958,39.63049499985107],[-78.25406699961631,39.64018399974972],[-78.2381070002726,39.652151999938475],[-78.22721100001826,39.65708500022011],[-78.22382499998075,39.66053899965787],[-78.22425299960292,39.663513999873196],[-78.23299999972897,39.67066199977609],[-78.23256799990882,39.67358299995763],[-78.22707899977377,39.6762470001244],[-78.20220400007454,39.67685600021533],[-78.1960250003765,39.682669000128456],[-78.19100800024452,39.69029999986772],[-78.18275800023594,39.69510999969192],[-78.17654199982964,39.695979000213],[-78.16265399972308,39.69391799992222],[-78.15430099978232,39.6906230002654],[-78.13981500017427,39.68981599967879],[-78.13151999995983,39.68678800020646],[-78.10531399974181,39.68168199970271],[-78.09704399964173,39.67821599972462],[-78.08952000007949,39.67144499998517],[-78.08055600021845,39.670501999873274],[-78.05421100008326,39.650986000091756],[-78.04814899966273,39.64350499978162],[-78.03732100007875,39.636983000131],[-78.02349900009442,39.621698999697216],[-78.01010899993022,39.603043999751975],[-78.00261200013213,39.600554000236286],[-77.97761199986114,39.59960800028142],[-77.97317899988526,39.6013170001806],[-77.96715800037094,39.607108999995425],[-77.96095799985817,39.608877999739626],[-77.95504000027603,39.60807799991626],[-77.95056899976701,39.603836000012215],[-77.95227600002946,39.59567499982474],[-77.9510330002725,39.58952799985338],[-77.94610200035427,39.58479200034106],[-77.94047000010409,39.585813999751544],[-77.93696600006581,39.59141799990466],[-77.93550599967554,39.60847599983665],[-77.93873500025252,39.61288799990029],[-77.94285799970868,39.61376599990285],[-77.94482400043721,39.6158399998075],[-77.94240499997215,39.618602000200795],[-77.93823200028729,39.61919499986813],[-77.93361900038637,39.61813599996851],[-77.92964499999482,39.61494699971099],[-77.92271999975895,39.60471100028535],[-77.89197299961,39.59775599974852],[-77.8853610002669,39.59767699979473],[-77.8811509998738,39.60097900003948],[-77.88117599998814,39.606369000069364],[-77.88699700038424,39.61359999991271],[-77.88491600002797,39.61583300017158],[-77.87426499999599,39.614078999889465],[-77.86392899960828,39.60879900001524],[-77.83777099996912,39.605894999805436],[-77.8322070003893,39.60144500017612],[-77.82968499999207,39.591083000138845],[-77.83462900032912,39.56868400009393],[-77.7813199997425,39.57608000032871],[-77.77168999970961,39.588240000246124],[-77.76224999964752,39.58417000027862],[-77.76340799991398,39.58189600020769],[-77.75565500002286,39.58258899988007],[-77.75458799999299,39.58097699996873],[-77.74128999989031,39.6134199997653],[-77.74110599976729,39.61621100025819],[-77.74293100003052,39.61447200007515],[-77.74554799996399,39.61652199969325],[-77.74131400017976,39.62210499974288],[-77.74553000042066,39.624771000061706],[-77.74192400027512,39.62511599968932],[-77.75127499975042,39.62741299980199],[-77.75022000031446,39.63247499990963],[-77.76064100019266,39.62932000026514],[-77.77300100013693,39.63059800027722],[-77.76722499994668,39.63629000024692],[-77.77105600022311,39.639470999688385],[-77.76888700000329,39.64326600013748],[-77.760113999938,39.63636099974765],[-77.76558600035463,39.6337210000092],[-77.74488500016517,39.6422219996655],[-77.7433100001472,39.646166999881366],[-77.74636999977145,39.646650000013636],[-77.74250599988308,39.64818600004383],[-77.7417819999849,39.64999799987551],[-77.74452500031506,39.649835000097276],[-77.74223300007161,39.65322499999583],[-77.74437700017705,39.65389599973439],[-77.7429989998026,39.65662999970232],[-77.74001000032344,39.65585800033917],[-77.73816900016668,39.66000799970229],[-77.74068800019087,39.657296000074474],[-77.74529100004604,39.65858500000939],[-77.75312099993006,39.65344299985731],[-77.76082799979042,39.654503999656235],[-77.76197000016336,39.652042999787184],[-77.76181299980452,39.64933299989374],[-77.76032400000025,39.6486460002525],[-77.76128899992288,39.646067999931674],[-77.75871999966998,39.645914999856394],[-77.76012900000659,39.643833000217704],[-77.76420700015522,39.64448599989564],[-77.76309699956936,39.64647400015852],[-77.76638399987264,39.64785800019716],[-77.76351800041714,39.64941100022791],[-77.76306999980518,39.65387900028422],[-77.76582900002887,39.65490699991636],[-77.76608000009904,39.65355999994041],[-77.76677800005794,39.66226200012236],[-77.75699800023725,39.66247999983527],[-77.75354299970444,39.660921000256984],[-77.75185999973145,39.664740000132944],[-77.75124499961322,39.66014199972691],[-77.74891300008508,39.66402900008227],[-77.74797300027683,39.66246900021513],[-77.74500300016595,39.662726999833616],[-77.74095799962929,39.668067000329195],[-77.74283499977105,39.66650200011942],[-77.74670899970519,39.6709850000714],[-77.74336799987353,39.67372200032851],[-77.73776300028582,39.67135399966958],[-77.7384379997802,39.66618399986075],[-77.73516499972061,39.666585999878144],[-77.7333820001885,39.6882359999127],[-77.7349599996812,39.69378000031148],[-77.73950999983292,39.700360000196945],[-77.72241899998697,39.70274500000134],[-77.72260099956183,39.70808099995967],[-77.71883600030598,39.7085769997939],[-77.72168099984509,39.712521000267394],[-77.72074000021192,39.71415999984661],[-77.72366299956883,39.71612900032588],[-77.720190000391,39.71993600019363],[-77.72731999976797,39.721253000321944],[-77.87471899955743,39.722217000099405],[-78.31513900013978,39.722877000200135],[-79.04554799968321,39.72288300027257],[-79.47666200009778,39.72107800030686],[-79.47656099981543,39.64273799967418],[-79.47776400028775,39.64228199992867],[-79.47886599957937,39.53168900032661],[-79.482366000318,39.53168900032661],[-79.48435300006462,39.345044000229834],[-79.48607200002265,39.34429999990489]]]}},{"type":"Feature","properties":{"GEOID":"24039","NAME":"State Senate District 39","BASENAME":"39","STATE":"24","SLDU":"039"},"geometry":{"type":"Polygon","coordinates":[[[-77.30766800022053,39.14637700028596],[-77.26386900001621,39.1162340003194],[-77.2595819996302,39.11823999965657],[-77.25275000017909,39.1179329998311],[-77.24399899985508,39.127620999738596],[-77.24487400026432,39.13304699970257],[-77.24259100024169,39.13815300013691],[-77.24349800043797,39.14011899988272],[-77.23992900010236,39.14369300032456],[-77.24408500006881,39.14386499984022],[-77.24302600043485,39.149676999716775],[-77.23055199978948,39.147135999811326],[-77.22376200017113,39.143672000326546],[-77.2200709996368,39.14516800007017],[-77.21685399965371,39.14884400009074],[-77.23249300040366,39.16096799978962],[-77.23036099999378,39.16563400019363],[-77.22749999966281,39.16479400026485],[-77.22628000037041,39.166552999742656],[-77.22206900015239,39.16294299992201],[-77.22108199959015,39.16675800012988],[-77.21684100013323,39.16634800015087],[-77.21480800035586,39.16829999982564],[-77.2127699996573,39.16725100014363],[-77.21409299978018,39.16616800010167],[-77.20774099982977,39.1638710000086],[-77.20781500034794,39.15615099985616],[-77.20435200031753,39.158215999660165],[-77.19834099995064,39.15234700008417],[-77.19238999985822,39.152526000328606],[-77.1920850002597,39.160144000069145],[-77.1876499997357,39.159618000215126],[-77.18971199982538,39.156291000211375],[-77.18583600024145,39.15112300020965],[-77.18805599961655,39.14966500004223],[-77.1827289998632,39.1431399999131],[-77.18355200039389,39.13994599975449],[-77.17593199967385,39.13437800016667],[-77.17196200037857,39.13449500019236],[-77.17365700004714,39.13581600027463],[-77.1716619999046,39.138043000246796],[-77.16613000011182,39.13792900009069],[-77.16605300011894,39.139094000319076],[-77.16989299971786,39.139960999850885],[-77.16781599955956,39.14292000021712],[-77.17281299960005,39.144389999954896],[-77.16928699982046,39.14740099998691],[-77.17445499956517,39.150843000251385],[-77.16549599972701,39.15630300014926],[-77.17174499974529,39.15815699975056],[-77.17430899997531,39.164247999702745],[-77.17211899983909,39.16696500018637],[-77.1664730002435,39.163715000024496],[-77.16674000020718,39.16134599993173],[-77.1650079998304,39.15950700019496],[-77.16269600039377,39.16059399990553],[-77.15982300036725,39.15969700015412],[-77.15068500042895,39.178334000042895],[-77.15314400017867,39.1950409997933],[-77.16226899969817,39.19480800011225],[-77.16773199989397,39.190817999823146],[-77.17293499979877,39.19026500010344],[-77.19282500005139,39.19771099986899],[-77.19958399970761,39.19763099977422],[-77.20717599994023,39.20402099978784],[-77.22056100008157,39.20762800024824],[-77.22844600021718,39.20752300026676],[-77.239727000436,39.21015299972367],[-77.23704799967994,39.23136500022945],[-77.24982600009895,39.231761999990766],[-77.2562860000044,39.22838199991251],[-77.25987999955605,39.220981000073344],[-77.2670359997706,39.21557899974852],[-77.27716100027112,39.21398299980724],[-77.27457899959941,39.20811200033412],[-77.26386999984113,39.19830999972916],[-77.25457100024435,39.184408000283085],[-77.26732000035103,39.178753000168236],[-77.28165799982108,39.16208599993507],[-77.28465399987124,39.16358999975183],[-77.28806300037328,39.16179999987216],[-77.28707099978816,39.158695000305954],[-77.2945929997006,39.151343999701076],[-77.2962039997036,39.15238499980439],[-77.30766800022053,39.14637700028596]]]}},{"type":"Feature","properties":{"GEOID":"24041","NAME":"State Senate District 41","BASENAME":"41","STATE":"24","SLDU":"041"},"geometry":{"type":"Polygon","coordinates":[[[-76.7113129996099,39.371932999732365],[-76.71105400004211,39.277889000333495],[-76.68002499986086,39.2644129998932],[-76.67510300016347,39.26823600032069],[-76.67212600037988,39.266800999766595],[-76.66878800002297,39.26942999989179],[-76.67148899962203,39.273886999954236],[-76.67190399972372,39.29573400026142],[-76.67507600039929,39.30087400025109],[-76.67356300030559,39.30326400011041],[-76.67412300017224,39.30626799991981],[-76.67229100023633,39.30720500031316],[-76.67306399964,39.3209180002091],[-76.66911699991093,39.32892799969899],[-76.67412599964699,39.330429999863426],[-76.67015399980357,39.33465300025213],[-76.67822100041235,39.33964100003971],[-76.67575199971859,39.344427999845074],[-76.65885300039155,39.34438299991995],[-76.6571949996346,39.342743999883865],[-76.65840999980246,39.340832000085584],[-76.6559639995732,39.33354900030267],[-76.65471900016644,39.333178999756285],[-76.65280799968949,39.33337300029069],[-76.65313699957746,39.33525200020679],[-76.6512329996715,39.33692399968164],[-76.63715499959413,39.341992999933396],[-76.63453500018595,39.341360999856775],[-76.63308099964348,39.33714600002549],[-76.62402399989604,39.33647899985524],[-76.62578499968684,39.34159099992827],[-76.62140399958953,39.34108899966548],[-76.62352199975571,39.35322600013322],[-76.61609799975255,39.35378900003947],[-76.61668100008374,39.360591000054015],[-76.61232000007789,39.361516000319796],[-76.61777800025082,39.367314000062244],[-76.61834399996526,39.37203400005416],[-76.7113129996099,39.371932999732365]]]}},{"type":"Feature","properties":{"GEOID":"24010","NAME":"State Senate District 10","BASENAME":"10","STATE":"24","SLDU":"010"},"geometry":{"type":"Polygon","coordinates":[[[-76.89559600031185,39.429282000304795],[-76.8947679997583,39.42834700007857],[-76.88938599975334,39.430183000057326],[-76.89067799991409,39.42865099976009],[-76.8885720003418,39.42551300011263],[-76.88626500002971,39.425917999716646],[-76.88649199981043,39.42174500006148],[-76.87532899959238,39.42050300017975],[-76.87452900042452,39.41910299994708],[-76.875928999642,39.41760299992202],[-76.88142899964771,39.417402999932],[-76.88442800007093,39.404603000263194],[-76.8789280000652,39.40390300018813],[-76.88551699984208,39.3976210000441],[-76.88005299982137,39.39505000014442],[-76.87952100044214,39.39173299997881],[-76.87744799958347,39.39255300027248],[-76.87761699963787,39.390951000159674],[-76.87336399958706,39.38878199968942],[-76.87865600007864,39.390498000204374],[-76.87921900031836,39.38788499985614],[-76.88471199975305,39.3884080002959],[-76.88343600038415,39.38548999985546],[-76.88579399985153,39.38351400012489],[-76.88835200023377,39.38412899974237],[-76.89146700010961,39.38126299972203],[-76.89116099978786,39.37985900026655],[-76.88866400040331,39.38045499988065],[-76.89099299955836,39.37673100014238],[-76.88894899991034,39.370568999834504],[-76.88680599962979,39.369684000231814],[-76.88501999972463,39.365161999908004],[-76.88171599970289,39.36437900022374],[-76.87941299958878,39.36609800017725],[-76.87795300009685,39.364184000222274],[-76.88166700019741,39.36293799992121],[-76.88070099955158,39.36046900008598],[-76.87337799983077,39.357150000102955],[-76.87456100021157,39.35583900032332],[-76.87979699972834,39.35680899990024],[-76.88007999958556,39.34983199985891],[-76.88227399991973,39.35018500022348],[-76.87825299967251,39.342420000306554],[-76.87513399959872,39.33974699998382],[-76.87519700024622,39.33764599985168],[-76.87836999984837,39.33645399991366],[-76.87504099971228,39.33215399994234],[-76.86402700035545,39.33079399967001],[-76.85543900023806,39.32322400002589],[-76.85370100001347,39.317488999871586],[-76.84936199974894,39.31589399982744],[-76.84427699984492,39.31833299994628],[-76.83979600018847,39.31528800011398],[-76.83556300022914,39.31583699982],[-76.83445400036649,39.311526000177786],[-76.83194700003789,39.31256300033226],[-76.82933299957914,39.317204000307626],[-76.82520599992505,39.31934899967451],[-76.8229370001461,39.31883400022614],[-76.81784300002124,39.31320100019896],[-76.81599699984163,39.313484999952614],[-76.81405399957762,39.31800600032113],[-76.8101300003131,39.31523700025301],[-76.80451800015437,39.316732999953764],[-76.79347399976201,39.31358800023671],[-76.7925020001667,39.31100800032873],[-76.79394599976511,39.30683399988174],[-76.79659700003376,39.30565900021283],[-76.79580000034065,39.30373399979943],[-76.79031500040354,39.3034419999764],[-76.78703399994802,39.29992399984883],[-76.77891600018394,39.29705099975668],[-76.77845400022657,39.295304000070715],[-76.78518199992062,39.29184500007668],[-76.78516600002712,39.28285500014032],[-76.78979399999665,39.27318499985317],[-76.79452900009629,39.270131000002124],[-76.79401699991021,39.266019999669844],[-76.78013700019959,39.25715999989539],[-76.77354099985168,39.256204999965824],[-76.76892999960059,39.252650000209066],[-76.76402100032196,39.2514780001298],[-76.76494500023668,39.24852000004683],[-76.7636000003725,39.246373000272854],[-76.75717599955371,39.24749599965559],[-76.75428300033404,39.246258999715444],[-76.73979099997989,39.23227100030391],[-76.72456700022997,39.22861099975025],[-76.7219650003651,39.226255000040524],[-76.71681799963848,39.225343000245566],[-76.7130950002154,39.221722000144545],[-76.70644600016405,39.2211739997088],[-76.7060889997887,39.21829599986539],[-76.69670999982598,39.22566399977143],[-76.69549999968098,39.22706099985008],[-76.6976069999765,39.22728799988111],[-76.70554399999065,39.23413399997376],[-76.71147199961854,39.24110400000853],[-76.71742699990894,39.24282700002172],[-76.7342519996161,39.26038899970359],[-76.73649700000391,39.26193700020256],[-76.73948899985609,39.25910500018853],[-76.74320100030683,39.26014000016826],[-76.74444200041397,39.26464500005794],[-76.74955999992996,39.26410899993003],[-76.75038400028558,39.26830699989831],[-76.75968600025539,39.26721400013514],[-76.76855999970472,39.27294199997154],[-76.7661290004424,39.27528500002611],[-76.77023799965487,39.2767799997587],[-76.76298299970611,39.2883649996727],[-76.76621999978069,39.28951200034383],[-76.76532400035337,39.29135799985577],[-76.76845599994766,39.29424599982143],[-76.76764199963779,39.29722999979677],[-76.77104600011695,39.29840200019586],[-76.77108299992688,39.30051899983506],[-76.76629299957563,39.30205399970067],[-76.76086899973788,39.307337000228344],[-76.74398200010643,39.30601000001978],[-76.7448039999139,39.32194300001713],[-76.75880599982327,39.32149600001945],[-76.75995300021908,39.335942999899444],[-76.76398299978882,39.34316700031371],[-76.76523200029187,39.348980000181186],[-76.75842800042983,39.35380199981469],[-76.7563439997005,39.35778999993723],[-76.76171200036006,39.36150600031483],[-76.75819099970505,39.36648399978681],[-76.7644599998148,39.36757300027583],[-76.76728799963547,39.369846000194975],[-76.7677139996078,39.37553800034659],[-76.77057499993875,39.37714199997429],[-76.76913899983795,39.380073999797226],[-76.77188899984081,39.38160499980742],[-76.75952100039895,39.384564000043724],[-76.7629400000484,39.38531899982025],[-76.76649699979014,39.3884919997291],[-76.77414699974908,39.39024000006473],[-76.78684300015233,39.3881629996938],[-76.78919200029719,39.38247400016012],[-76.81102400009058,39.38659999992176],[-76.81360000001617,39.3891190003127],[-76.80944300022485,39.3920009999564],[-76.80768699955857,39.39797100020428],[-76.81360900023701,39.39438399984355],[-76.815256000225,39.39770900005926],[-76.8128550002016,39.39997400011158],[-76.81537199967765,39.401170999773456],[-76.81266100003285,39.405316999667946],[-76.81643299985971,39.40700799984911],[-76.81532399999708,39.41125000034028],[-76.81203199967091,39.41085199967865],[-76.80931099998034,39.41517700005572],[-76.80578799967553,39.42616200033792],[-76.80237400004893,39.423911999907574],[-76.80042400011223,39.425344000181596],[-76.80132600028563,39.427776000079504],[-76.79211499965409,39.42922999981946],[-76.79480500028082,39.43142900022131],[-76.7976330001015,39.42983100019225],[-76.8016740004402,39.43225900032998],[-76.79870900035218,39.43461299975115],[-76.79761899985779,39.43373300032173],[-76.78985699974584,39.43684799970445],[-76.78330499977888,39.443221999681434],[-76.78684999982502,39.44983000014259],[-76.78025000017749,39.46466199968463],[-76.78058099971528,39.47070699987978],[-76.7778290000626,39.472173999948076],[-76.77652500020628,39.475439000228754],[-76.77375000008905,39.47492200026316],[-76.77169399984716,39.47846199991498],[-76.76514199988019,39.476729999816385],[-76.7605330001772,39.487022000051866],[-76.75335900041934,39.49145900007559],[-76.7424799998834,39.491488999653924],[-76.73957800044288,39.493237999696845],[-76.73989200026223,39.49555999997375],[-76.70856900035314,39.495779999778726],[-76.71500699961895,39.51248899987257],[-76.72209599988635,39.52607600010244],[-76.72444099983326,39.52858100017928],[-76.7257809996746,39.527863999696464],[-76.72451600017634,39.528687999712105],[-76.72810300005528,39.53552900013648],[-76.75053900009627,39.52319100028697],[-76.77449400007872,39.52144499985654],[-76.77729599996012,39.52667299985044],[-76.79065900036015,39.54193599996669],[-76.80423299974903,39.5445549999251],[-76.81148100002508,39.5504519998278],[-76.82382000005295,39.5524390001189],[-76.83754800032594,39.557357999850204],[-76.83980600023422,39.55955499977354],[-76.83770499978645,39.54415000000737],[-76.84714999987142,39.53920900009867],[-76.85699800036252,39.530565000288966],[-76.8686000000734,39.4938030003121],[-76.8669659996059,39.484912000329196],[-76.86930899990297,39.482458999748516],[-76.87661200043061,39.48297700033484],[-76.87733799997861,39.48085699968138],[-76.8754430002935,39.478950000333555],[-76.8769010001356,39.476665000323464],[-76.88176000008384,39.47722700009746],[-76.88403399988563,39.470026000252616],[-76.8885720003418,39.46852300025548],[-76.88780499988758,39.46706700033276],[-76.88450000004094,39.466902000028604],[-76.88691000028518,39.463241999811],[-76.8920000002121,39.46180199970432],[-76.88570000014019,39.45640200012322],[-76.8930999998539,39.45740199992654],[-76.89300000029478,39.45530199970059],[-76.88389900016642,39.4506020003006],[-76.8793990002434,39.45290200005368],[-76.87709899960402,39.45280199980468],[-76.87639899999527,39.450802000038145],[-76.882299999859,39.4442020002055],[-76.88850000037176,39.446102000004664],[-76.89180000019553,39.44540199972021],[-76.88730000027252,39.440501999824384],[-76.89429999995315,39.43980200014161],[-76.89064299975401,39.43539900031536],[-76.89113800022164,39.43318300015073],[-76.89505399998855,39.43414000030335],[-76.89482200018496,39.43195200026585],[-76.8931209997703,39.431188000200805],[-76.89559600031185,39.429282000304795]]]}},{"type":"Feature","properties":{"GEOID":"24008","NAME":"State Senate District 8","BASENAME":"8","STATE":"24","SLDU":"008"},"geometry":{"type":"Polygon","coordinates":[[[-76.58843000039276,39.40160799986417],[-76.58422400019762,39.39544600004858],[-76.58311699998478,39.39057100016759],[-76.57951099983927,39.38724800019759],[-76.57979899971934,39.37952800004335],[-76.57830200041751,39.3794320002556],[-76.57821000035601,39.37784299975078],[-76.57121300015011,39.378225000106994],[-76.57122800021874,39.375225000137554],[-76.56833400027581,39.37581999980124],[-76.57106800038515,39.37464700013212],[-76.56825499973479,39.37406700028321],[-76.56999700015733,39.372120999712266],[-76.52979300022788,39.3720579997791],[-76.52978599965687,39.310391000149856],[-76.48611500039739,39.339877000128496],[-76.47457100041282,39.3322500000983],[-76.4620180001247,39.3390279999695],[-76.45484500019172,39.33489900015047],[-76.44434899997043,39.33192099979003],[-76.44726399982973,39.330192999953944],[-76.43885200033776,39.33272600016959],[-76.4410590001924,39.33362799981263],[-76.43970400028245,39.333391000320134],[-76.43900700014845,39.33706199995952],[-76.43502000023643,39.34131399987896],[-76.43666800004934,39.3531439997659],[-76.42954399962184,39.35801799973803],[-76.43717500021253,39.36319400004383],[-76.4362089995667,39.36512600023479],[-76.45419400008848,39.374502000100826],[-76.44577500002549,39.38233299978113],[-76.45489500042044,39.38433299998666],[-76.45629999966077,39.381720000007824],[-76.45860299977488,39.383703999806194],[-76.46948899998351,39.38535599998926],[-76.46921199997409,39.387447999890455],[-76.4719519999312,39.38806699997995],[-76.47412000032611,39.39090200008875],[-76.47400899999803,39.396977999846285],[-76.47145099961578,39.39624999992334],[-76.47096000024442,39.39733199965532],[-76.4706060002421,39.40408099997492],[-76.4724230001094,39.40544299982485],[-76.46732800015964,39.40980699976407],[-76.46926999970039,39.411187000331125],[-76.47795599972707,39.41264199993328],[-76.47901100006138,39.41101700024258],[-76.47698800032974,39.4072640000898],[-76.48050400006358,39.405195000114425],[-76.48565099989189,39.40599399978107],[-76.48536499966161,39.40726999976966],[-76.49437799992643,39.410266000076554],[-76.49663199963676,39.40316399982586],[-76.49125100035504,39.40291800012754],[-76.48602300033586,39.39759799970632],[-76.4943400002916,39.39449099970032],[-76.50442399988593,39.395460000053134],[-76.50609299961525,39.39139900000616],[-76.51078400023229,39.38993600019368],[-76.51262600021396,39.39086099981878],[-76.51250499984012,39.39503600005759],[-76.52462999960774,39.39363800014839],[-76.52331900007871,39.39482500014414],[-76.53651900027212,39.39837100002203],[-76.53359199981894,39.400142999768946],[-76.53484499962164,39.40334800012778],[-76.5324629998648,39.405734999831125],[-76.54081099978268,39.408986000158684],[-76.5463250000321,39.402112000246234],[-76.552512999951,39.40353099971273],[-76.55642899971791,39.40156900015795],[-76.5659390001002,39.4032100002939],[-76.56729300018523,39.40271700011084],[-76.56610399995664,39.40138399975942],[-76.579224999609,39.40938999986383],[-76.58283999997536,39.40334300034481],[-76.58843000039276,39.40160799986417]]]}},{"type":"Feature","properties":{"GEOID":"24043","NAME":"State Senate District 43","BASENAME":"43","STATE":"24","SLDU":"043"},"geometry":{"type":"Polygon","coordinates":[[[-76.62852800001701,39.39061699991498],[-76.62424999985184,39.387296000287265],[-76.62708600006843,39.38350200014959],[-76.62751799988857,39.382527999786625],[-76.62738700036732,39.38155500026498],[-76.62422399991257,39.38057300018635],[-76.61936699961419,39.375678999869095],[-76.6179310004117,39.36759800019739],[-76.61232000007789,39.361516000319796],[-76.61668100008374,39.360591000054015],[-76.61609799975255,39.35378900003947],[-76.62352199975571,39.35322600013322],[-76.62140399958953,39.34108899966548],[-76.62578499968684,39.34159099992827],[-76.62213699970853,39.3343759998079],[-76.62448500002849,39.33112000008359],[-76.61795099960487,39.32896200013639],[-76.61736399997403,39.32320700015171],[-76.62006799994614,39.32312899998114],[-76.6230489999277,39.32638200017672],[-76.62534799984385,39.326223999982105],[-76.62613200001648,39.323849000175834],[-76.62270699962092,39.32065600000118],[-76.62770899968426,39.317954999661595],[-76.62022100010702,39.31094500019825],[-76.61791499961986,39.31099000009865],[-76.61814099957567,39.314180999888],[-76.61119199994867,39.31443900024407],[-76.61097100001572,39.31125900011994],[-76.60615800009828,39.31160500023904],[-76.60530600015356,39.31406900006226],[-76.5919109999665,39.32390199997837],[-76.59206900015025,39.32717700033952],[-76.59070400019456,39.32835900012393],[-76.58931499994944,39.32753899984559],[-76.5789919999805,39.331761999732436],[-76.57135899973999,39.34118299989213],[-76.57568499958572,39.34609399999135],[-76.5749380001213,39.352180000260816],[-76.57254899979348,39.35380799992383],[-76.58216100028302,39.35775900020849],[-76.57780199992699,39.36308399977511],[-76.57816900034811,39.36796599970113],[-76.57356300011989,39.36853899995748],[-76.56793599989255,39.37330499983188],[-76.57111500024084,39.374198999685774],[-76.56833400027581,39.37581999980124],[-76.57122800021874,39.375225000137554],[-76.57121300015011,39.378225000106994],[-76.57821000035601,39.37784299975078],[-76.57830200041751,39.3794320002556],[-76.57979899971934,39.37952800004335],[-76.57951099983927,39.38724800019759],[-76.58311699998478,39.39057100016759],[-76.58422400019762,39.39544600004858],[-76.58843000039276,39.40160799986417],[-76.58283999997536,39.40334300034481],[-76.579224999609,39.40938999986383],[-76.58722600009557,39.413841000263496],[-76.60049700043406,39.41310600009944],[-76.60060299984097,39.410678000339274],[-76.60303900002448,39.41069499975537],[-76.60397100033512,39.40841300016356],[-76.60826700004363,39.40597100012187],[-76.60823100005862,39.40368700026561],[-76.62019400034283,39.40866199969336],[-76.62596100031226,39.40176399985927],[-76.62852800001701,39.39061699991498]]]}},{"type":"Feature","properties":{"GEOID":"24014","NAME":"State Senate District 14","BASENAME":"14","STATE":"24","SLDU":"014"},"geometry":{"type":"Polygon","coordinates":[[[-77.25761900017304,39.244469000121704],[-77.2489919996976,39.23600300005322],[-77.25384200032329,39.23043000034661],[-77.24833200027182,39.23202699994331],[-77.23704799967994,39.23136500022945],[-77.239727000436,39.21015299972367],[-77.22844600021718,39.20752300026676],[-77.22056100008157,39.20762800024824],[-77.20717599994023,39.20402099978784],[-77.19958399970761,39.19763099977422],[-77.19282500005139,39.19771099986899],[-77.17293499979877,39.19026500010344],[-77.16773199989397,39.190817999823146],[-77.16226899969817,39.19480800011225],[-77.15314400017867,39.1950409997933],[-77.15080199970652,39.18524899975651],[-77.13916700038365,39.18476799984883],[-77.12059000020818,39.18928100007776],[-77.11720199962255,39.18614100018263],[-77.10607100008984,39.18104100014987],[-77.11054199970053,39.16490900025491],[-77.10881000022205,39.160540999856096],[-77.10457600043782,39.15814500012888],[-77.1040190000459,39.15480799985418],[-77.10567400042983,39.153327000242655],[-77.1030270003591,39.15168700027646],[-77.10457600043782,39.14860100009686],[-77.1035529998906,39.14661699972373],[-77.10626199988555,39.14491999978148],[-77.1060479996253,39.1423600001053],[-77.1035529998906,39.13925099967909],[-77.10015099995955,39.141863999769605],[-77.0923610002585,39.14389399998855],[-77.09156700004013,39.14057499984699],[-77.08721899955476,39.137686999893056],[-77.0795050000217,39.12681099991846],[-77.07222400013369,39.12610300028745],[-77.07591099957173,39.10941300028962],[-77.07230199995149,39.11223299995253],[-77.05918799997181,39.11248700022862],[-77.04522700007031,39.11960899976705],[-77.03400399957779,39.1204830001362],[-77.03644499978417,39.117084000041714],[-77.03713900044343,39.108111999799526],[-77.04057300016152,39.10169899968585],[-77.0391499995812,39.10131800021405],[-77.03808299955134,39.09601699989554],[-77.03907799961117,39.09492300033341],[-77.03723300015477,39.09511300029634],[-77.03694399955145,39.09343000007296],[-77.03143299967508,39.09229999966217],[-77.026167999846,39.09336399966951],[-77.02559600028378,39.0919760003271],[-77.02318500021464,39.07547700017471],[-77.02934200017138,39.066496999987564],[-77.01956099962744,39.06658499985358],[-77.00393799966933,39.075549000105255],[-76.99407900020593,39.0755039998086],[-76.99008899992083,39.0737219997212],[-76.98398499966753,39.06662299980939],[-76.9744790003815,39.06600899981739],[-76.9573280002611,39.060851999689916],[-76.95381900019996,39.05489299967276],[-76.95177200017888,39.04530699998457],[-76.90883400014008,39.103849999748405],[-76.90389700037407,39.11461799994827],[-76.90729199973407,39.117907999979394],[-76.90292999990332,39.121102999755266],[-76.89427499983879,39.12386099968873],[-76.88880199959725,39.129986000150254],[-76.88913700023133,39.13114800026173],[-76.90283299981895,39.12556200000036],[-76.9150019999675,39.12669699969676],[-76.91847199967059,39.13171599986303],[-76.92643799999703,39.13530600001717],[-76.92910199978617,39.138391999901245],[-76.93827800025763,39.132779000074976],[-76.94369200004961,39.132105000299724],[-76.94674900019913,39.12940700016245],[-76.95851699959137,39.13402300000064],[-76.95306699981437,39.13897000003569],[-76.95288100004154,39.142762999982025],[-76.94994400044092,39.14396299974083],[-76.95074799980672,39.1453219998884],[-76.96221800017146,39.14565999976475],[-76.96504799964194,39.14859600021434],[-76.97542500003755,39.14958100017305],[-76.9767380001147,39.15401899971077],[-76.97334200003145,39.16207499979347],[-76.98754099958434,39.16638499982923],[-76.99716599959434,39.16639700013483],[-77.00097500012947,39.169537000224366],[-77.00139899955369,39.17087900033779],[-76.99752600034279,39.17446999972944],[-77.00434100007546,39.17427599986139],[-77.00552600010612,39.17614100004527],[-76.99887600022984,39.17779999989534],[-77.00846299970672,39.18174299988609],[-77.00432900037991,39.18925700031255],[-77.00416799982311,39.192334999746386],[-77.01216500011171,39.19518100001285],[-77.00942000013171,39.20673200004773],[-77.01756999968286,39.209750999834746],[-77.01929299983884,39.21292000005231],[-77.03232499980277,39.22031699971926],[-77.03207399973257,39.224405000123284],[-77.04481199996863,39.23766600032061],[-77.05579500026163,39.23830499983616],[-77.06003700044178,39.240193000256546],[-77.06172799991238,39.24154300032492],[-77.06069699986756,39.24296500010206],[-77.0621370001663,39.247227999937955],[-77.06557199970928,39.25095599993368],[-77.07145599985458,39.25500799965965],[-77.07741299979479,39.25627400009442],[-77.08210400041183,39.260032999741526],[-77.10362099966264,39.26599900004756],[-77.10575100042271,39.2643090001457],[-77.11080899966424,39.26413799985754],[-77.1150159996843,39.265174000070914],[-77.11699400010839,39.26753500003224],[-77.13058699976385,39.26841200005282],[-77.1342070001531,39.271045999764766],[-77.13405900001509,39.27656900006751],[-77.13996900009964,39.28309599996943],[-77.13787500022289,39.288091000269404],[-77.14019500005544,39.28928400029533],[-77.140058999613,39.29209500002215],[-77.14359399961342,39.29303200034659],[-77.14813600026754,39.297643999809964],[-77.17351499975692,39.29965899997964],[-77.17903099965616,39.2952109997468],[-77.1827079999468,39.295802999706616],[-77.19232899975886,39.29289199994111],[-77.19659400040355,39.28621600033847],[-77.19820399968332,39.28666999986781],[-77.19925599964455,39.28445000013918],[-77.20190400043846,39.28364099965265],[-77.20364299958965,39.278553000269405],[-77.20507799986554,39.2674439998814],[-77.202681999865,39.26005900006176],[-77.21212699994997,39.25954399981424],[-77.22150400026287,39.26208799967219],[-77.23210099986817,39.25143799976715],[-77.2341300003459,39.246912999809396],[-77.23841000016088,39.25141899989996],[-77.24635300002282,39.24729899992393],[-77.24876400009195,39.24826000022779],[-77.25415799979248,39.24477699995707],[-77.25761900017304,39.244469000121704]]]}},{"type":"Feature","properties":{"GEOID":"24045","NAME":"State Senate District 45","BASENAME":"45","STATE":"24","SLDU":"045"},"geometry":{"type":"Polygon","coordinates":[[[-76.61779300031945,39.309025999695365],[-76.61755599959467,39.30540599999886],[-76.61163899983742,39.305378000023374],[-76.61096000014507,39.301247999828675],[-76.6049060001205,39.301491000224814],[-76.6048919998768,39.300241999757944],[-76.60280399984782,39.30018799978339],[-76.6040559998256,39.298001000218136],[-76.60191099989524,39.298107000016046],[-76.60177100015316,39.29484300019871],[-76.57567799991304,39.294664000312494],[-76.57257899993071,39.29564400027835],[-76.57266099994648,39.29923700016333],[-76.55762299996938,39.299819999980436],[-76.55894299971922,39.298260999751285],[-76.55432700034356,39.29705000008529],[-76.53294300026383,39.29873299965529],[-76.53092300000692,39.29758900025315],[-76.53124100002424,39.29611599975149],[-76.52951700004336,39.297056000199],[-76.52979300022788,39.3720579997791],[-76.56999700015733,39.372120999712266],[-76.57356300011989,39.36853899995748],[-76.57816900034811,39.36796599970113],[-76.57780199992699,39.36308399977511],[-76.58216100028302,39.35775900020849],[-76.57254899979348,39.35380799992383],[-76.5749380001213,39.352180000260816],[-76.57568499958572,39.34609399999135],[-76.57135899973999,39.34118299989213],[-76.57522099997853,39.33524299973743],[-76.5789919999805,39.331761999732436],[-76.58931499994944,39.32753899984559],[-76.59070400019456,39.32835900012393],[-76.59206900015025,39.32717700033952],[-76.5919109999665,39.32390199997837],[-76.60530600015356,39.31406900006226],[-76.60615800009828,39.31160500023904],[-76.61097100001572,39.31125900011994],[-76.61119199994867,39.31443900024407],[-76.61398100030961,39.31435600012557],[-76.61380999970706,39.31113600005508],[-76.61779300031945,39.309025999695365]]]}},{"type":"Feature","properties":{"GEOID":"24046","NAME":"State Senate District 46","BASENAME":"46","STATE":"24","SLDU":"046"},"geometry":{"type":"Polygon","coordinates":[[[-76.65966699980311,39.25562500027282],[-76.61169499991391,39.23439999988344],[-76.58328000019141,39.20740400005159],[-76.55008599998831,39.197207000187646],[-76.52978499983195,39.20990699999214],[-76.52951700004336,39.297056000199],[-76.53124100002424,39.29611599975149],[-76.53092300000692,39.29758900025315],[-76.53294300026383,39.29873299965529],[-76.55319400019147,39.296990000310345],[-76.55894299971922,39.298260999751285],[-76.55762299996938,39.299819999980436],[-76.57266099994648,39.29923700016333],[-76.57257899993071,39.29564400027835],[-76.57567799991304,39.294664000312494],[-76.59411699999623,39.29396800023537],[-76.59417899992053,39.29514300011201],[-76.60177100015316,39.29484300019871],[-76.60191099989524,39.298107000016046],[-76.6040559998256,39.298001000218136],[-76.60280399984782,39.30018799978339],[-76.6048919998768,39.300241999757944],[-76.6049060001205,39.301491000224814],[-76.61597800010196,39.30240500020848],[-76.615749999598,39.29860999982048],[-76.6200360001591,39.29843000018133],[-76.61991999980815,39.29626099977113],[-76.61552899966507,39.29472100018611],[-76.61515000044669,39.29043500027315],[-76.6194799995921,39.28938600026242],[-76.6193320003524,39.286316000257806],[-76.62753899980495,39.28605699999893],[-76.62318600019503,39.28123800015842],[-76.62372299959715,39.27977399984674],[-76.62955300021407,39.28067699998572],[-76.63829600014215,39.27234399993952],[-76.63659100042784,39.27068800028478],[-76.65184199994196,39.2587709998914],[-76.65966699980311,39.25562500027282]]]}},{"type":"Feature","properties":{"GEOID":"24047","NAME":"State Senate District 47","BASENAME":"47","STATE":"24","SLDU":"047"},"geometry":{"type":"Polygon","coordinates":[[[-77.00233800043533,38.965777999802775],[-76.9235990003057,38.90399800009567],[-76.9115170001958,38.905721999859225],[-76.91069000036546,38.89964000008576],[-76.90049999956761,38.90219800001026],[-76.89180699986824,38.90963999989793],[-76.88539200016861,38.912623999724076],[-76.88106200012491,38.9128290000778],[-76.88027899977718,38.91108299998081],[-76.87881599991222,38.91280799987785],[-76.87000299966391,38.913136999966675],[-76.86870300000557,38.916053999672364],[-76.86978199973099,38.918448000155806],[-76.87908000040117,38.91957400022521],[-76.87444999988351,38.926129999783036],[-76.88867799974868,38.92677600015409],[-76.89627900020214,38.92995299969024],[-76.8768159997468,38.94404800011693],[-76.85850200023538,38.94554400011146],[-76.86489400036876,38.95685199999537],[-76.86852100043069,38.95246499975441],[-76.8719729996921,38.95306399977735],[-76.87341800001374,38.95552800026351],[-76.87935999988532,38.95257200004361],[-76.88456399961504,38.95226499989062],[-76.88826299964698,38.948196000319314],[-76.899830999921,38.944795000076574],[-76.90676700002753,38.939631000277245],[-76.91035800010444,38.93883899972813],[-76.91435699971203,38.93915799988757],[-76.91009000031583,38.94487599992745],[-76.90990600019282,38.953444000340696],[-76.92281199976001,38.95392000011312],[-76.92974600021672,38.944994000269155],[-76.93374800019737,38.943245999767036],[-76.94002300015491,38.945829999824326],[-76.94503299971585,38.94388500002331],[-76.95362400020628,38.948651000335765],[-76.95819199990136,38.948874999829926],[-76.96273399965717,38.95398499983543],[-76.96639000003142,38.95238999969699],[-76.96227000005,38.95589199974077],[-76.96621099993126,38.95564600033726],[-76.97024999972183,38.96271599974785],[-76.96928899999719,38.963535999702415],[-76.96675999992726,38.96283999974356],[-76.96579500000465,38.96462899994165],[-76.95944200022932,38.965024000234294],[-76.9595169996741,38.96697100002036],[-76.94831400017137,38.966485000165],[-76.94959200008842,38.97173500023494],[-76.95342500001466,38.97742499993902],[-76.95784200009699,38.97626599999077],[-76.96051000008408,38.97322000007975],[-76.95898100009688,38.97152200021249],[-76.95502400032208,38.97262200013587],[-76.95400099977485,38.969895000062905],[-76.96045900003047,38.97033899971858],[-76.96135299980797,38.967627000176655],[-76.96666899969068,38.96861199965108],[-76.96455300007261,38.97062299969368],[-76.96403599986368,38.973983999790455],[-76.96571600036195,38.97753599966052],[-76.96136200002879,38.98127399998605],[-76.96391399966494,38.98217000018241],[-76.96428500028402,38.984891999996705],[-76.97368099996517,38.983982000216855],[-76.9723510001696,38.985819999749346],[-76.97612499964629,38.98629100033087],[-76.97148400015628,38.993717999829485],[-76.97579300028357,38.99516999974967],[-76.97101700017603,39.00463400029798],[-76.96881399962103,39.005006000028956],[-76.96535099959064,39.00242500017019],[-76.96115199996652,39.00494900027592],[-76.95883200013397,39.004305000328245],[-76.9482039996682,39.020815000343134],[-76.95020600038175,39.020502000075496],[-76.94943599955448,39.024030999799294],[-76.95087300037852,39.024975000100476],[-76.94959799993619,39.025883000218144],[-76.95228900038784,39.02765600030139],[-76.9505000001096,39.03021100033172],[-76.953161000424,39.03158900001225],[-76.96618599981691,39.0262039999994],[-76.99109800022437,38.992405000133886],[-76.98478700028183,38.98718199971734],[-76.98675099956391,38.977149000273634],[-76.99418299996299,38.975291000010095],[-77.00233800043533,38.965777999802775]]]}},{"type":"Feature","properties":{"GEOID":"24002","NAME":"State Senate District 2","BASENAME":"2","STATE":"24","SLDU":"002"},"geometry":{"type":"Polygon","coordinates":[[[-77.88889799991713,39.55679300011293],[-77.88671700000177,39.55222600016896],[-77.87164600041271,39.54428099978273],[-77.8652750001957,39.53841199992982],[-77.86450600009168,39.534536999806875],[-77.86640900017271,39.52116600031736],[-77.86475399978879,39.5158699998944],[-77.86020299981216,39.514292999731055],[-77.84943700015243,39.515595000171515],[-77.84194500037722,39.51842799983581],[-77.84056000033004,39.52914199966457],[-77.83696099985721,39.53211200024192],[-77.8322700001385,39.532340000247665],[-77.82473900000524,39.52848400009766],[-77.8234979998981,39.52378500022029],[-77.82579299961628,39.51671000004293],[-77.84660000011093,39.50455899975573],[-77.84784600024093,39.50182000022906],[-77.8453780002704,39.49810900015331],[-77.82756500017607,39.49308599993149],[-77.81936100019824,39.493548000185804],[-77.8028910003183,39.48946000029831],[-77.79156999991649,39.49095800021271],[-77.78215300031893,39.499036000193236],[-77.77090899991002,39.498935000140705],[-77.76638300004774,39.49629300021775],[-77.76554100014877,39.493427000168325],[-77.76727799965013,39.491271000158626],[-77.78780999978518,39.48546300001722],[-77.79719600031889,39.48013899979483],[-77.79800399988268,39.47523199989229],[-77.79538399957616,39.47124700027752],[-77.77760499981703,39.46225300020315],[-77.78060099986719,39.459843999870685],[-77.79267399975627,39.462064000316],[-77.7980060004308,39.46076900004981],[-77.79826900019654,39.45613100024798],[-77.7861209999644,39.447440000032564],[-77.78526499982173,39.44540300004472],[-77.78823900013059,39.44295000017471],[-77.80091100024438,39.440674000243625],[-77.80320500013765,39.43711100031639],[-77.79678600024009,39.43179199981596],[-77.7877479998609,39.42915100019548],[-77.7636830002736,39.42834799995412],[-77.75785199983176,39.42642399975244],[-77.75294299965482,39.42304100020762],[-77.74640300028175,39.40936900023232],[-77.73840699981807,39.39897599970949],[-77.73586900042561,39.391171999910384],[-77.73660900021733,39.38714800013626],[-77.74917599985083,39.38435299970621],[-77.75297699999001,39.38167899989774],[-77.75230900016834,39.37739800010635],[-77.74383999987663,39.36510200021087],[-77.74338399976703,39.36113900025396],[-77.74759599980997,39.35132699975191],[-77.7598269998828,39.34445600016983],[-77.76093300027073,39.34031200029743],[-77.75819400013853,39.33552999977613],[-77.73469199989259,39.32706599971633],[-77.72607000033834,39.321650999731176],[-77.70767399991283,39.32172800014626],[-77.69200499992397,39.31861200012036],[-77.68649999989537,39.320198999761935],[-77.681722000138,39.32388800021799],[-77.67716399959036,39.32453400014049],[-77.6734419999922,39.344225000107784],[-77.66642600041806,39.3514060000102],[-77.64785699974017,39.38324700001286],[-77.63931999967642,39.40735599975153],[-77.64087600032613,39.415390000292604],[-77.63807600009456,39.42277899987158],[-77.63792399975858,39.43533299990993],[-77.63468900023216,39.44554900009995],[-77.63015699962376,39.4483749999818],[-77.6265179998663,39.44845500028472],[-77.6285540000167,39.4515469996927],[-77.62681099976925,39.45710600003887],[-77.62185599956157,39.45967399987642],[-77.62173400026114,39.46396200013472],[-77.61598099963712,39.46876800002854],[-77.62202399979105,39.48175399996233],[-77.61440999981711,39.491551000174226],[-77.62300799998023,39.49989799969411],[-77.62086399987479,39.50580500029797],[-77.62248900012146,39.50816300010072],[-77.61978099995139,39.51179100009211],[-77.61811700024496,39.518576999721326],[-77.61443900012942,39.52279700009034],[-77.61480099962935,39.525993999948575],[-77.61289699972342,39.52967400025427],[-77.61067200032541,39.53025700031265],[-77.60607199994497,39.53671900008943],[-77.59706799990097,39.54197500004349],[-77.59937199984,39.5501929996953],[-77.5954510000502,39.55179900020535],[-77.5944359998989,39.56344599999789],[-77.58930800033716,39.5670920000716],[-77.58676099982557,39.57136499986389],[-77.58530399980837,39.583297000277355],[-77.57817799973107,39.59801100000079],[-77.57570599956254,39.60971399994502],[-77.5701820001657,39.61999800028816],[-77.55076499974108,39.62531200030395],[-77.54844599973346,39.63122499991256],[-77.54541100022354,39.63335000002889],[-77.54068000032184,39.63356099967988],[-77.53366800004734,39.63120700000556],[-77.529799999961,39.63197999967294],[-77.52625999993772,39.63500200006119],[-77.526329000433,39.637027000295504],[-77.52000400024676,39.640815000083975],[-77.51335900039338,39.649542999741705],[-77.51097099989045,39.65586400001449],[-77.50446499995424,39.6626060001995],[-77.50120199994039,39.66035799991123],[-77.50121500035918,39.65812400020527],[-77.49813399992021,39.66018199968393],[-77.49415899970374,39.6584279998753],[-77.49360800005793,39.65527300010063],[-77.49669600016959,39.65349299980475],[-77.49279499957298,39.651458999894736],[-77.49586299959316,39.64789700016973],[-77.49239600026313,39.643686000079654],[-77.49108099963783,39.645355999877076],[-77.48634999973613,39.642951999792345],[-77.48352399956529,39.645617999883136],[-77.47655099964885,39.647591999655496],[-77.47257299995766,39.64590399967518],[-77.47069199961791,39.642302999800975],[-77.46710200026423,39.64201999973419],[-77.45900399969331,39.64607099984841],[-77.45982100037622,39.63132799994369],[-77.4538700002838,39.633402000058396],[-77.4463850001813,39.63220000021541],[-77.44369000043,39.630230000065026],[-77.44458500003239,39.62700699976306],[-77.43764499972792,39.62590800000472],[-77.43794600002681,39.62124099990218],[-77.42630400013296,39.62029600013754],[-77.42528800015671,39.61863800034063],[-77.4263019995848,39.61521299985492],[-77.42429899994467,39.61504399999634],[-77.42461399958893,39.61365800012961],[-77.4224849995521,39.61324299979837],[-77.42089399964058,39.61492000007112],[-77.41954299992861,39.61433600018237],[-77.42097499983143,39.612349000110946],[-77.41931100012502,39.611060999922174],[-77.41090299993269,39.610392999895836],[-77.41218800042076,39.60810400008869],[-77.41108700005569,39.606269999914346],[-77.41305600025898,39.605754999991625],[-77.4118269998474,39.60347900007498],[-77.40803999995192,39.603111000309084],[-77.40588199960276,39.59994200017397],[-77.40102799967741,39.60095299996032],[-77.39846400034571,39.598782999946216],[-77.39683200042633,39.599817000015236],[-77.39909799983221,39.60374600010849],[-77.39223899971857,39.61020000002563],[-77.39125700007754,39.60821799987782],[-77.38803599989649,39.61191300014231],[-77.38941300044605,39.6115789998548],[-77.3873320000898,39.612275000192305],[-77.3829900003505,39.61192100017913],[-77.38115199966849,39.609108000132125],[-77.37064200010182,39.61254100022312],[-77.3717960001703,39.61340000010455],[-77.35911400001078,39.613479000115085],[-77.36264700036136,39.61644900002256],[-77.36184100044741,39.61805800034473],[-77.36623599989012,39.625506999863255],[-77.3649799997144,39.632174999811625],[-77.36646400039407,39.634676999661544],[-77.36477300002517,39.640354000066495],[-77.361776999975,39.64306199999618],[-77.36337200008445,39.64679199980603],[-77.35793099962997,39.65209199993988],[-77.3630570004402,39.658384000187816],[-77.35907899985068,39.66066800007821],[-77.35376200014306,39.660825999954],[-77.34989700042976,39.66386400030561],[-77.34666000035519,39.66470299984782],[-77.33029199968418,39.659119999889086],[-77.31853000013972,39.66045100017651],[-77.31526700012589,39.65495500003962],[-77.31205000014278,39.65436700020997],[-77.30976000044745,39.656249000339045],[-77.30214999977315,39.65450699989851],[-77.30251800001918,39.647591999655496],[-77.30084500009191,39.644531999887285],[-77.30260000003494,39.64021299979262],[-77.29865800032877,39.63840399974219],[-77.2946549996249,39.6318830002933],[-77.29145699990838,39.63058000020708],[-77.27719999973085,39.631289000312634],[-77.27576100015533,39.63245700032787],[-77.2789410003285,39.63688299984167],[-77.2712670000801,39.64200000003765],[-77.27560700016953,39.647196000250545],[-77.27241399957758,39.65160100018514],[-77.26547099979835,39.65592400019714],[-77.26624300027544,39.662268999901755],[-77.26201100014103,39.665190000183586],[-77.25583900011564,39.66321099970912],[-77.25460600040445,39.66760199990339],[-77.24928299995074,39.66747700024414],[-77.24306200041987,39.669978000104116],[-77.2345379998766,39.67743399996019],[-77.23634899989612,39.68089600028907],[-77.23615100042771,39.68564799997764],[-77.2443379997888,39.69136800016256],[-77.24305599967377,39.69496199990961],[-77.22596800020088,39.69383899985321],[-77.21626100017508,39.69741299995112],[-77.21516900003088,39.6993569998138],[-77.21615900006785,39.7013539996736],[-77.22431899966475,39.70452600033537],[-77.22676599971889,39.70730599986143],[-77.22497099959291,39.71036499999016],[-77.21565100007973,39.712652000210255],[-77.21465900039294,39.71742900020493],[-77.21702400043134,39.71986100019117],[-77.72174100011954,39.720934000182574],[-77.720190000391,39.71993600019363],[-77.72363499997972,39.715846999833154],[-77.72074000021192,39.71415999984661],[-77.72168099984509,39.712521000267394],[-77.71883600030598,39.7085769997939],[-77.72260099956183,39.70808099995967],[-77.72241899998697,39.70274500000134],[-77.73950999983292,39.700360000196945],[-77.7349599996812,39.69378000031148],[-77.7333820001885,39.6882359999127],[-77.73516499972061,39.666585999878144],[-77.7384379997802,39.66618399986075],[-77.73776300028582,39.67135399966958],[-77.74336799987353,39.67372200032851],[-77.74670899970519,39.6709850000714],[-77.74283499977105,39.66650200011942],[-77.74095799962929,39.668067000329195],[-77.74500300016595,39.662726999833616],[-77.74797300027683,39.66246900021513],[-77.74891300008508,39.66402900008227],[-77.75124499961322,39.66014199972691],[-77.75185999973145,39.664740000132944],[-77.75354299970444,39.660921000256984],[-77.75699800023725,39.66247999983527],[-77.76677800005794,39.66226200012236],[-77.76608000009904,39.65355999994041],[-77.76582900002887,39.65490699991636],[-77.76306999980518,39.65387900028422],[-77.76351800041714,39.64941100022791],[-77.76638399987264,39.64785800019716],[-77.76309699956936,39.64647400015852],[-77.76420700015522,39.64448599989564],[-77.76012900000659,39.643833000217704],[-77.75871999966998,39.645914999856394],[-77.76128899992288,39.646067999931674],[-77.76032400000025,39.6486460002525],[-77.76181299980452,39.64933299989374],[-77.76197000016336,39.652042999787184],[-77.76082799979042,39.654503999656235],[-77.75312099993006,39.65344299985731],[-77.74529100004604,39.65858500000939],[-77.74068800019087,39.657296000074474],[-77.73848499963586,39.660320000049396],[-77.73816900016668,39.66000799970229],[-77.74001000032344,39.65585800033917],[-77.7429989998026,39.65662999970232],[-77.74437700017705,39.65389599973439],[-77.74223300007161,39.65322499999583],[-77.74452500031506,39.649835000097276],[-77.7417819999849,39.64999799987551],[-77.74250599988308,39.64818600004383],[-77.74636999977145,39.646650000013636],[-77.7433100001472,39.646166999881366],[-77.74488500016517,39.6422219996655],[-77.76558600035463,39.6337210000092],[-77.760113999938,39.63636099974765],[-77.76888700000329,39.64326600013748],[-77.77105600022311,39.639470999688385],[-77.76722499994668,39.63629000024692],[-77.77300100013693,39.63059800027722],[-77.76064100019266,39.62932000026514],[-77.75022000031446,39.63247499990963],[-77.75127499975042,39.62741299980199],[-77.74192400027512,39.62511599968932],[-77.74553000042066,39.624771000061706],[-77.74131400017976,39.62210499974288],[-77.74554799996399,39.61652199969325],[-77.74293100003052,39.61447200007515],[-77.74110599976729,39.61621100025819],[-77.74128999989031,39.6134199997653],[-77.75458799999299,39.58097699996873],[-77.75565500002286,39.58258899988007],[-77.76340799991398,39.58189600020769],[-77.76224999964752,39.58417000027862],[-77.77168999970961,39.588240000246124],[-77.7813199997425,39.57608000032871],[-77.83462900032912,39.56868400009393],[-77.83635699960963,39.56644199993777],[-77.84192299973759,39.56456900008397],[-77.87795200033236,39.56352900024121],[-77.88691799984322,39.55996999973341],[-77.88889799991713,39.55679300011293]]]}},{"type":"Feature","properties":{"GEOID":"24007","NAME":"State Senate District 7","BASENAME":"7","STATE":"24","SLDU":"007"},"geometry":{"type":"Polygon","coordinates":[[[-76.57429700006381,39.41550699975482],[-76.57122099964772,39.4125239997246],[-76.56464500028962,39.412356000329794],[-76.563087999815,39.41398400028922],[-76.55992100006063,39.41233299999285],[-76.55990699981692,39.41103200002212],[-76.56345000021325,39.4097650000518],[-76.56757299966941,39.409987000028984],[-76.56381000006336,39.408951000335186],[-76.56463699989371,39.40682400018011],[-76.56789900008263,39.40568900033438],[-76.56586600030526,39.40313799991002],[-76.55642899971791,39.40156900015795],[-76.552512999951,39.40353099971273],[-76.5463250000321,39.402112000246234],[-76.54081099978268,39.408986000158684],[-76.5324629998648,39.405734999831125],[-76.53484499962164,39.40334800012778],[-76.53359199981894,39.400142999768946],[-76.53651900027212,39.39837100002203],[-76.52331900007871,39.39482500014414],[-76.52462999960774,39.39363800014839],[-76.51250499984012,39.39503600005759],[-76.51262600021396,39.39086099981878],[-76.51078400023229,39.38993600019368],[-76.50609299961525,39.39139900000616],[-76.50442399988593,39.395460000053134],[-76.4943400002916,39.39449099970032],[-76.48602300033586,39.39759799970632],[-76.49125100035504,39.40291800012754],[-76.49663199963676,39.40316399982586],[-76.49437799992643,39.410266000076554],[-76.48536499966161,39.40726999976966],[-76.48565099989189,39.40599399978107],[-76.48050400006358,39.405195000114425],[-76.47698800032974,39.4072640000898],[-76.47901100006138,39.41101700024258],[-76.47795599972707,39.41264199993328],[-76.46926999970039,39.411187000331125],[-76.46732800015964,39.40980699976407],[-76.4724230001094,39.40544299982485],[-76.4706060002421,39.40408099997492],[-76.47096000024442,39.39733199965532],[-76.47145099961578,39.39624999992334],[-76.47400899999803,39.396977999846285],[-76.47412000032611,39.39090200008875],[-76.4719519999312,39.38806699997995],[-76.46921199997409,39.387447999890455],[-76.46948899998351,39.38535599998926],[-76.45860299977488,39.383703999806194],[-76.45629999966077,39.381720000007824],[-76.45489500042044,39.38433299998666],[-76.44577500002549,39.38233299978113],[-76.45419400008848,39.374502000100826],[-76.4362089995667,39.36512600023479],[-76.43717500021253,39.36319400004383],[-76.42954399962184,39.35801799973803],[-76.43666800004934,39.3531439997659],[-76.43499400029715,39.34149500009313],[-76.43900700014845,39.33706199995952],[-76.43970400028245,39.333391000320134],[-76.4410590001924,39.33362799981263],[-76.43750099972746,39.33168699968468],[-76.43914000021785,39.33023999976528],[-76.42928300040424,39.32340699979968],[-76.42328299990801,39.31500699966861],[-76.38988100019077,39.29720699976288],[-76.34377899987233,39.28450699998349],[-76.3318790002356,39.2986070001779],[-76.32337899998178,39.30280700026758],[-76.31427899967831,39.304007000281764],[-76.30817899962297,39.3074070002719],[-76.30657900038895,39.31010699965403],[-76.31627899984372,39.32990700014004],[-76.31557900023498,39.33760699983963],[-76.33007999991165,39.35620699996677],[-76.32858000023676,39.360107000236184],[-76.32117899979981,39.36630699999317],[-76.3205789997502,39.36880700010944],[-76.32368000028065,39.374407000300124],[-76.34918199979367,39.38591299975041],[-76.34587600012212,39.38997099983978],[-76.34839099994834,39.3945359999739],[-76.34618800029166,39.395504999701636],[-76.34827299994755,39.398718999983046],[-76.34461999994639,39.40585800002647],[-76.35118699998196,39.411277000128536],[-76.36146499974504,39.41560600005396],[-76.3602439997294,39.417167000163474],[-76.3632699999168,39.419400999679496],[-76.36222299997841,39.419495999990055],[-76.36293099998306,39.421658999784945],[-76.3595759999077,39.4232969998706],[-76.35441900003366,39.4229619998127],[-76.35386199964175,39.42589800011696],[-76.35568400043023,39.428997000143944],[-76.30103099980434,39.43760400012045],[-76.30358800036166,39.43957500011354],[-76.31036000043666,39.439267999681185],[-76.3118900002488,39.442716999902956],[-76.3178820003491,39.444463000123505],[-76.32068800042845,39.44854299995678],[-76.32357599962526,39.45904599967587],[-76.3299140002303,39.46476200023443],[-76.32550200017083,39.4759569997047],[-76.32671300014073,39.477069999961266],[-76.32901899972957,39.47614299965433],[-76.33051299955669,39.479706999696816],[-76.33014500020899,39.48148199985243],[-76.32751099965876,39.481979999953104],[-76.32903700017124,39.490078999932784],[-76.32697699973137,39.4923420002264],[-76.33003700025394,39.49745200008235],[-76.33259599956277,39.500908999943434],[-76.34552399976963,39.50871199966304],[-76.35138799982342,39.520212999715284],[-76.35712700020373,39.52374299995096],[-76.35940400037858,39.52138199974561],[-76.3618499997095,39.52241400013796],[-76.35980000021368,39.524177999777216],[-76.36778599973333,39.525307000001334],[-76.37124899976372,39.52103399995106],[-76.3691640001078,39.51919799983896],[-76.36884199989252,39.51776400005989],[-76.36896099971821,39.51555199979131],[-76.36972700034751,39.519540000113984],[-76.37717899993974,39.52157899997945],[-76.38430400019215,39.52103300002083],[-76.38871500042671,39.52472100032437],[-76.39960199956194,39.520155000280305],[-76.40137099974868,39.5133789999756],[-76.40201000015634,39.51941299989029],[-76.40759100035292,39.515031000000135],[-76.41327299993354,39.51913900029189],[-76.44622899958692,39.53219600033113],[-76.44162300025702,39.54545499982334],[-76.44555900011542,39.54818200017013],[-76.44630800012797,39.55478099990478],[-76.45015799977264,39.56372099994778],[-76.46039600025107,39.565407999693996],[-76.46720000011311,39.580587000074665],[-76.47271600001235,39.58676799995861],[-76.47496800007285,39.58643099980964],[-76.47358600039873,39.58957899994484],[-76.47798900023736,39.60307599984017],[-76.47807100025312,39.61018300021567],[-76.47599499991972,39.62434099979258],[-76.4706060002421,39.636534000106614],[-76.47132599994231,39.64368100027651],[-76.46927399989835,39.64799600026744],[-76.46391899965761,39.65298200033939],[-76.45557999996055,39.65612200008457],[-76.44530200019747,39.66450500034011],[-76.44902399979563,39.669700999780254],[-76.44822999957724,39.67528199988072],[-76.45011599993985,39.67620800024559],[-76.44805100037543,39.68439599968168],[-76.45066499993584,39.69053400014185],[-76.45182200037739,39.72130599965845],[-76.56944899998626,39.72117799967888],[-76.56518900026275,39.614503999726146],[-76.56198700034827,39.607959000279976],[-76.56290399969198,39.60623900000448],[-76.55946400012614,39.59765999967899],[-76.56006699965049,39.596055999917176],[-76.55661899968872,39.59453800027533],[-76.55324900044306,39.589434000115794],[-76.54705399995316,39.58767799982452],[-76.54351499975478,39.57863499994915],[-76.54403199996372,39.57526000013356],[-76.5401220000446,39.57375299966521],[-76.53983499998941,39.56775499969239],[-76.53688300032017,39.565578000156925],[-76.53596199988019,39.56165499992757],[-76.53201000012827,39.561466000162866],[-76.53105799972614,39.55539899997306],[-76.53482600025337,39.553248999878015],[-76.53424200009728,39.55142199996713],[-76.53183000020321,39.551096999956606],[-76.53217400015981,39.54397700017899],[-76.52780499975803,39.543516999850745],[-76.52581700018652,39.53986699985437],[-76.52204700000947,39.53888099997952],[-76.52253300025626,39.53672399999669],[-76.51848199987182,39.53636700003083],[-76.51816700022755,39.532888999960655],[-76.51592799968753,39.53187399966812],[-76.51649099992724,39.52908000011466],[-76.51255699971865,39.529046999996396],[-76.51038699967393,39.52438800024729],[-76.49750600022107,39.52437600027715],[-76.5087780002191,39.51196000018691],[-76.50265899989715,39.5078419997067],[-76.50709199987303,39.50404499984647],[-76.51978900010118,39.49971099996093],[-76.52585800019439,39.49559800015364],[-76.5223030001025,39.48827599996999],[-76.51577600024987,39.4887529999808],[-76.50606699967597,39.48679399965393],[-76.50215500010701,39.447620000227005],[-76.51965500020688,39.43968400012462],[-76.52703099963115,39.434178999830706],[-76.53252499978908,39.4401050000868],[-76.53278599990499,39.44957799983017],[-76.53980800022524,39.454259000102326],[-76.54584800000612,39.454082999835585],[-76.55464000033801,39.44783599998491],[-76.55586800002635,39.44183799985508],[-76.5564620002282,39.44717900017278],[-76.55803800007106,39.44553200016629],[-76.55844099957888,39.43981699997072],[-76.55294899996909,39.43821199993892],[-76.56081599966302,39.42577800031674],[-76.56649999979176,39.42141600002772],[-76.56660400044716,39.42027999969177],[-76.56179599965425,39.41877899999874],[-76.5641780003094,39.417118999806924],[-76.5683979998499,39.41831800017313],[-76.57429700006381,39.41550699975482]]]}},{"type":"Feature","properties":{"GEOID":"24011","NAME":"State Senate District 11","BASENAME":"11","STATE":"24","SLDU":"011"},"geometry":{"type":"Polygon","coordinates":[[[-76.81629200029272,39.40718799970428],[-76.81266100003285,39.405316999667946],[-76.81537199967765,39.401170999773456],[-76.8128550002016,39.39997400011158],[-76.815256000225,39.39770900005926],[-76.81360900023701,39.39438399984355],[-76.80768699955857,39.39797100020428],[-76.80944300022485,39.3920009999564],[-76.81360000001617,39.3891190003127],[-76.81102400009058,39.38659999992176],[-76.78919200029719,39.38247400016012],[-76.78684300015233,39.3881629996938],[-76.77414699974908,39.39024000006473],[-76.76649699979014,39.3884919997291],[-76.7629400000484,39.38531899982025],[-76.75952100039895,39.384564000043724],[-76.77188899984081,39.38160499980742],[-76.76913899983795,39.380073999797226],[-76.77057499993875,39.37714199997429],[-76.76780200036967,39.375694000303874],[-76.7675229998121,39.37022899987795],[-76.7644599998148,39.36757300027583],[-76.75646500007433,39.366652999995054],[-76.74810100026293,39.369468999953156],[-76.7463110001598,39.35977899993409],[-76.72152599997396,39.36312400027171],[-76.71912400012565,39.357141999876866],[-76.71118600028659,39.35438300012274],[-76.7113129996099,39.371932999732365],[-76.61834399996526,39.37203400005416],[-76.62169999986553,39.378509000304035],[-76.62745900033734,39.38172499995187],[-76.62423599960815,39.387087000118676],[-76.62852800001701,39.39061699991498],[-76.62645800042972,39.39950600025839],[-76.63086000044345,39.402655000272],[-76.63591400038533,39.40333300008363],[-76.6434100003585,39.4013250002195],[-76.64517899964692,39.40222399991368],[-76.64551099990794,39.406690999826665],[-76.6433400000383,39.41279299973846],[-76.63046399971,39.41345500019544],[-76.62899099979927,39.41773899967076],[-76.62673999956371,39.417982999779596],[-76.62081199993582,39.41429500000709],[-76.61453699997828,39.41675800020156],[-76.62636999966786,39.440860999842414],[-76.63009600036229,39.439640999968766],[-76.63505900006757,39.44884100003836],[-76.6298009999112,39.44855699970519],[-76.63500600036414,39.46072300011617],[-76.63046100023527,39.462698000097575],[-76.63320000036748,39.463723999821255],[-76.63135400018786,39.46713299979006],[-76.63307200032095,39.46893200008243],[-76.63231200043778,39.474345999789485],[-76.6381019999734,39.47596199982543],[-76.63793200009408,39.477453000236714],[-76.63942699974612,39.4770759998714],[-76.6401659997129,39.47871399966634],[-76.64250700036017,39.47810000006673],[-76.65021400022054,39.495435999789436],[-76.65062000010143,39.50070799981246],[-76.6532450004308,39.50110400027019],[-76.65939499981654,39.49904599988846],[-76.65907099995145,39.4955589996768],[-76.67132399976558,39.49494000030647],[-76.68253600038746,39.49785500014262],[-76.68651599972848,39.49748199984737],[-76.68282900029041,39.495186999841465],[-76.69671999987172,39.49650799975291],[-76.73981799974408,39.49556899987228],[-76.73957800044288,39.493237999696845],[-76.74263499969409,39.49143899988735],[-76.75388400012586,39.49123400005241],[-76.7606300002616,39.48693000020018],[-76.76514199988019,39.476729999816385],[-76.77169399984716,39.47846199991498],[-76.77366700024837,39.47498600009844],[-76.77652500020628,39.475439000228754],[-76.7778290000626,39.472173999948076],[-76.78058099971528,39.47070699987978],[-76.78025000017749,39.46466199968463],[-76.78684999982502,39.44983000014259],[-76.78330499977888,39.443221999681434],[-76.78985699974584,39.43684799970445],[-76.79761899985779,39.43373300032173],[-76.79870900035218,39.43461299975115],[-76.8016740004402,39.43225900032998],[-76.7976330001015,39.42983100019225],[-76.79480500028082,39.43142900022131],[-76.79211499965409,39.42922999981946],[-76.80132600028563,39.427776000079504],[-76.80042400011223,39.425344000181596],[-76.80237400004893,39.423911999907574],[-76.80578799967553,39.42616200033792],[-76.80931099998034,39.41517700005572],[-76.81203199967091,39.41085199967865],[-76.81532399999708,39.41125000034028],[-76.81629200029272,39.40718799970428]]]}},{"type":"Feature","properties":{"GEOID":"24020","NAME":"State Senate District 20","BASENAME":"20","STATE":"24","SLDU":"020"},"geometry":{"type":"Polygon","coordinates":[[[-77.04371599962644,39.00144100022496],[-77.04355599979289,38.99966400015787],[-77.04212300006513,39.000056999690614],[-77.04255599971017,38.99428700010809],[-77.04088199995799,38.99584500030949],[-77.00243600034462,38.965673000288255],[-76.99418299996299,38.975291000010095],[-76.98675099956391,38.977149000273634],[-76.98478700028183,38.98718199971734],[-76.99109800022437,38.992405000133886],[-76.95199599958656,39.044808000246235],[-76.9535899998711,39.054205999862546],[-76.95634400007192,39.05989799966106],[-76.97412100018123,39.065924999927994],[-76.98398499966753,39.06662299980939],[-76.99008899992083,39.0737219997212],[-76.99427000000163,39.07553799969446],[-77.00393799966933,39.075549000105255],[-77.01956099962744,39.06658499985358],[-77.02934200017138,39.066496999987564],[-77.02389400004421,39.06085700021987],[-77.01553500025567,39.06094800017663],[-77.01059699976643,39.05848599993446],[-77.01082600009529,39.047995999729466],[-77.00726299960748,39.046642000036584],[-77.00939099981939,39.04221700030581],[-77.00672899968008,39.0406410002847],[-77.01127600035707,39.03887499981454],[-77.00881900025719,39.03697200025994],[-77.01004699994553,39.034064999737176],[-77.00596799997197,39.03001500016455],[-77.01028299994707,39.026977000298],[-77.01265999968102,39.02028499973886],[-77.02005100007223,39.02592900008278],[-77.02462399979017,39.0347680001411],[-77.03095099962623,39.03664599969063],[-77.02883900020615,39.028605999673836],[-77.03028100015472,39.022369000117685],[-77.03307299999037,39.02001099995441],[-77.03226299987847,39.01486200001676],[-77.04198699962268,39.0133099997175],[-77.0390090000142,39.006174999665696],[-77.03372999994141,39.00108099973724],[-77.03772299970123,38.99840799996191],[-77.04371599962644,39.00144100022496]]]}},{"type":"Feature","properties":{"GEOID":"24035","NAME":"State Senate District 35","BASENAME":"35","STATE":"24","SLDU":"035"},"geometry":{"type":"Polygon","coordinates":[[[-76.47599499991972,39.62434099979258],[-76.47798900023736,39.60307599984017],[-76.47358600039873,39.58957899994484],[-76.47496800007285,39.58643099980964],[-76.47271600001235,39.58676799995861],[-76.46720000011311,39.580587000074665],[-76.46039600025107,39.565407999693996],[-76.45026400007785,39.5639049997737],[-76.44630800012797,39.55478099990478],[-76.44555900011542,39.54818200017013],[-76.44162300025702,39.54545499982334],[-76.44622899958692,39.53219600033113],[-76.41327299993354,39.51913900029189],[-76.40759100035292,39.515031000000135],[-76.40201000015634,39.51941299989029],[-76.40232099960265,39.51465500034503],[-76.40137099974868,39.5133789999756],[-76.39960199956194,39.520155000280305],[-76.387679000359,39.524868000125025],[-76.38442100036801,39.521065999789904],[-76.37717899993974,39.52157899997945],[-76.36972700034751,39.519540000113984],[-76.36911100040436,39.51832500030945],[-76.36931499972054,39.51624199990649],[-76.36896099971821,39.51555199979131],[-76.36884199989252,39.51776400005989],[-76.3691640001078,39.51919799983896],[-76.37124899976372,39.52103399995106],[-76.36795399996281,39.52381999984789],[-76.36495600026284,39.531556000090944],[-76.357153000143,39.52843099976009],[-76.3552679996053,39.52937500016015],[-76.35872800016097,39.532501000031615],[-76.35788200006407,39.533827000163],[-76.35932099963959,39.535279999752724],[-76.35759400018397,39.53687000031727],[-76.36526599988423,39.54021199982669],[-76.36351900033713,39.54182199988297],[-76.36518499969338,39.54457699994021],[-76.3568700002858,39.546515999659704],[-76.35340399988235,39.54807500020597],[-76.35347699967728,39.549587000121996],[-76.3497049998504,39.548019000268994],[-76.346538000096,39.55242000033853],[-76.34473200009937,39.54997399992534],[-76.34164200033788,39.55054100018501],[-76.33792999988715,39.54919199988481],[-76.33780000019081,39.54784999995019],[-76.336067999814,39.54859700028917],[-76.34083999972358,39.542107000087576],[-76.33990999996107,39.54079999967656],[-76.33510100024158,39.539586999851124],[-76.33300999983956,39.54171000026244],[-76.3316819996938,39.541073000066014],[-76.33071299957324,39.53912500018199],[-76.32620199977957,39.5372370002084],[-76.32489399972528,39.532227999876525],[-76.32144499993859,39.53177400001035],[-76.31702100018357,39.528659999895595],[-76.31409899975326,39.523551999676144],[-76.30723200014202,39.523043999708214],[-76.29641100023072,39.51582100034603],[-76.28651599988396,39.524508999715074],[-76.27857100037222,39.51606799982468],[-76.27592099992846,39.50891900014436],[-76.26950200003091,39.50709000025169],[-76.26069100033075,39.4934749999312],[-76.25139799968343,39.48429799997808],[-76.2428129999391,39.488332999964655],[-76.23092400017303,39.49979599996506],[-76.21399499981048,39.50677999985673],[-76.19439800035913,39.524024999886166],[-76.18851400021386,39.52425200023309],[-76.18919700010414,39.52821999991074],[-76.19608800000483,39.53008600009813],[-76.19219800017717,39.53343099984184],[-76.19633300022721,39.53437200024944],[-76.19503400039376,39.532233999876226],[-76.20386900038335,39.53433300005744],[-76.19531600042608,39.544247999963076],[-76.19135399973008,39.54442500026042],[-76.18741100019898,39.54133899983893],[-76.18715299955781,39.54523199993344],[-76.18498000003835,39.54495299968645],[-76.18451700025608,39.53947100004343],[-76.18898000036917,39.53704400024141],[-76.1897779998872,39.53827099987732],[-76.19018100029334,39.538119999925996],[-76.19050699980826,39.53634000024986],[-76.18362000010552,39.53490599971565],[-76.18342599993679,39.53018200022179],[-76.17689099968824,39.53397100016063],[-76.16852199985398,39.54527699980121],[-76.14530500001341,39.56321999971629],[-76.13513400038045,39.57364300008173],[-76.12789100012726,39.57636600018391],[-76.11462499981162,39.577032999703604],[-76.10608299972499,39.58052500009884],[-76.08597200043775,39.559011000135584],[-76.05713099984457,39.51758199979363],[-76.02127000037761,39.5228369997374],[-75.99468900024085,39.530207000030124],[-75.98417200010317,39.53949199992744],[-75.97877199965656,39.55828799972309],[-75.9667990002249,39.56926400021485],[-75.95279399994247,39.58702699988566],[-75.94774000000058,39.585353000243565],[-75.95002800004609,39.584122999906775],[-75.94846100042403,39.582279999833254],[-75.9455940002453,39.582848000195604],[-75.94580799960724,39.58092200004556],[-75.9404619995873,39.580254000100524],[-75.93865700031387,39.583563000153234],[-75.93940999962605,39.58490700012841],[-75.9427429999601,39.584704999731],[-75.94252899969986,39.58640099970054],[-75.93324900036966,39.58725399976874],[-75.91665999976573,39.577053999989104],[-75.91289799998458,39.58253800018241],[-75.91438099994105,39.586695999748095],[-75.91177300022841,39.59560200032358],[-75.91678699998732,39.60277600033588],[-75.91721700015763,39.60670800028293],[-75.9138910003946,39.60789900000785],[-75.9244650004337,39.61061399988969],[-75.93338499991378,39.609047000117535],[-75.92872199978416,39.61762300027218],[-75.92649400001312,39.617075999851274],[-75.9203260001857,39.62017399970417],[-75.92022800027641,39.62505000017641],[-75.90668400012643,39.62873399989606],[-75.91603399977683,39.633553000068794],[-75.9103789999604,39.643386000183625],[-75.90147500037384,39.67334499970282],[-75.90523999962971,39.67263299987824],[-75.92359400022242,39.68577200031086],[-75.93160099965844,39.70019700033899],[-75.9035209996717,39.697270999804196],[-75.88642999982574,39.70075900005203],[-75.88395500018248,39.69440800016783],[-75.87894899992118,39.6939409997153],[-75.87598300000823,39.690567000107855],[-75.87404499976711,39.692031999796164],[-75.86692799991063,39.69236300010451],[-75.86269800032434,39.68610100027742],[-75.86050900001305,39.68816200029647],[-75.85652700012389,39.68651800032517],[-75.85140600023485,39.68812099966219],[-75.85298399972756,39.68839199977812],[-75.85458899988275,39.69237200004687],[-75.85294799974254,39.6972209997413],[-75.85384099969514,39.69977399996771],[-75.86819199958398,39.703214999832355],[-75.86875300017385,39.71045400011186],[-75.87791200002854,39.71535200033356],[-75.87512699986559,39.72193999998421],[-76.45182200037739,39.72130599965845],[-76.45066499993584,39.69053400014185],[-76.44805100037543,39.68439599968168],[-76.45011599993985,39.67620800024559],[-76.44822999957724,39.67528199988072],[-76.44902399979563,39.669700999780254],[-76.44530200019747,39.66450500034011],[-76.45557999996055,39.65612200008457],[-76.46391899965761,39.65298200033939],[-76.46969999987071,39.64742800024694],[-76.47169900021122,39.64220500011178],[-76.47067200036433,39.636228000321225],[-76.47599499991972,39.62434099979258]]]}},{"type":"Feature","properties":{"GEOID":"24037","NAME":"State Senate District 37","BASENAME":"37","STATE":"24","SLDU":"037"},"geometry":{"type":"Polygon","coordinates":[[[-76.46393899974909,38.70972600018102],[-76.42630400007252,38.50806400016107],[-76.41745700038736,38.491715000196365],[-76.33633099957973,38.387965999696725],[-76.31541400037854,38.29979699983864],[-76.20195700008148,38.078712000225835],[-76.20471899977991,38.05841000009158],[-76.07857500019877,38.0609199998902],[-76.05428299993243,38.111030000174026],[-76.03161599991276,38.14754800012611],[-75.99384999981663,38.16238700025375],[-75.97479200031555,38.20229300030134],[-75.94845399985302,38.21595999990726],[-75.8809780003989,38.21759499994537],[-75.87465400003758,38.22001299990038],[-75.87103399964833,38.224542000282995],[-75.86734899986011,38.23559499971652],[-75.86097599999329,38.24086599994835],[-75.84951599967431,38.2440620002689],[-75.84577599963448,38.24926100025271],[-75.83511299990693,38.2544859997468],[-75.82634300021466,38.25609899990372],[-75.80389399975489,38.25403399992617],[-75.79921800010477,38.258824000296975],[-75.79601799984013,38.26598599977227],[-75.7812250000854,38.267519000112095],[-75.77395199969499,38.271716000316346],[-75.77138699964006,38.27519800024178],[-75.77024199979239,38.28331899990473],[-75.76867099997239,38.28518300017919],[-75.75295000010499,38.28513300006271],[-75.75320100017515,38.281443000062794],[-75.7518029997092,38.280697000174264],[-75.74937900011956,38.28130500002227],[-75.74896900004073,38.28471299983985],[-75.74631399957413,38.28066100012564],[-75.74164899979465,38.27915499996308],[-75.73505900019286,38.283007999942804],[-75.72845500034737,38.2809519997725],[-75.72881500019747,38.275892000105095],[-75.72347699967513,38.27578399981016],[-75.72382200035496,38.27159400019079],[-75.72041899970071,38.26664400026794],[-75.71456600041589,38.267097000041026],[-75.71037100009138,38.264575999798176],[-75.70540699966288,38.26649400030433],[-75.69944700024793,38.264906999699306],[-75.69443199976578,38.266903999706216],[-75.69357599962314,38.268782000164926],[-75.69640500016702,38.27067500023113],[-75.6964040003421,38.27419399975864],[-75.69053899956508,38.280867000240974],[-75.69101499976615,38.282031999713666],[-75.68603600016735,38.28578800026932],[-75.68797100003543,38.28890899994014],[-75.68722600022086,38.28994700009821],[-75.6818090000558,38.2929420000842],[-75.67377499995727,38.29338699997546],[-75.6631249997502,38.298944000350396],[-75.65713199982497,38.29533300017715],[-75.65052600032966,38.294269000030724],[-75.64414900026487,38.28928000028513],[-75.63308800015406,38.28898500023937],[-75.62649000015635,38.282553000198604],[-75.61262700016412,38.27858000027518],[-75.56838299972088,38.280743000132034],[-75.56879500034785,38.29562299980405],[-75.56676500004521,38.30045800025435],[-75.58042100034817,38.31084900028908],[-75.5832669997122,38.32005200023223],[-75.58989599967205,38.32264900033256],[-75.59297700011102,38.327285000174285],[-75.59789499961047,38.33034700022129],[-75.60244999978508,38.326051999853696],[-75.60352699986069,38.31908199984965],[-75.60536399981946,38.31658199983079],[-75.6002270000369,38.310680000179644],[-75.60500599961918,38.309083000188686],[-75.60747899961261,38.31213900033484],[-75.60639700041244,38.31312799977244],[-75.60791999965357,38.31301700006351],[-75.60740900019071,38.31048899983635],[-75.62029800003948,38.30517400001442],[-75.62336000021189,38.30687400016405],[-75.62617799998682,38.312328000178034],[-75.630640000275,38.30647299983334],[-75.62598899984093,38.305426000165156],[-75.62743300033763,38.303056000316495],[-75.63208100039866,38.302375999699095],[-75.63046000034994,38.30698599967222],[-75.63264899976292,38.30667500032804],[-75.63343799995843,38.31117299994391],[-75.6370900001347,38.31042999968764],[-75.63444899991178,38.31324999987241],[-75.63562499972159,38.31856200025906],[-75.64410400005904,38.31364899974255],[-75.65085799969235,38.31835399980143],[-75.64253099969089,38.32311099984825],[-75.64817999965952,38.3284640002296],[-75.64197900022015,38.33364400015433],[-75.6436029997436,38.33641400002447],[-75.64169399981479,38.336778999965],[-75.64510900016461,38.34050399976227],[-75.64400699997466,38.339878999671946],[-75.64453599987918,38.34268300005804],[-75.64158300038503,38.340216000247324],[-75.63746400022852,38.34082000025152],[-75.6406379996556,38.345657000125385],[-75.63890199997914,38.34756300026559],[-75.63622099957325,38.34767699972955],[-75.63763800030578,38.35072700016537],[-75.64682399992466,38.348230999921604],[-75.65202400035473,38.358155000051156],[-75.64611699974492,38.358609000059666],[-75.64485800009443,38.36019599973841],[-75.6438630000346,38.3660689999288],[-75.64528300024189,38.36927400001884],[-75.63941099979216,38.37050499980976],[-75.63930399966205,38.36707699999703],[-75.6344499997367,38.36028899975501],[-75.63174800031273,38.358605999991404],[-75.62778899998979,38.359679000050775],[-75.6241920000651,38.356139999721464],[-75.62439700010451,38.35784600028826],[-75.61861800043954,38.36159100012131],[-75.61582200040593,38.35912899968697],[-75.61217500025252,38.361960000121094],[-75.61185700023519,38.359204000110694],[-75.609518999961,38.35893200011051],[-75.60903699991212,38.35698200018926],[-75.60731200010635,38.35863499970709],[-75.60205200030013,38.35671099987334],[-75.59725500027619,38.36006499974717],[-75.59626900043719,38.358495000194914],[-75.59928600040375,38.3532919999514],[-75.59899699980043,38.351395999878434],[-75.59690499957352,38.35095799990559],[-75.59783000021146,38.34808100021676],[-75.5933770001441,38.34789300029831],[-75.58958500022575,38.35242300015102],[-75.58431100017583,38.34928099972416],[-75.58505299961736,38.3478429997282],[-75.58213799975806,38.347854999670915],[-75.57563099999693,38.349829999842314],[-75.57245599984664,38.352952999661525],[-75.57585600012784,38.35826599966451],[-75.58355100029264,38.363252999684974],[-75.58650499961169,38.363172000176306],[-75.58822199991987,38.36531899992999],[-75.58692599956117,38.365656999914776],[-75.58801000020776,38.367621999879304],[-75.58294000037237,38.36779799983174],[-75.58069199961152,38.36956100008091],[-75.5813660001793,38.37411200015544],[-75.57232799980012,38.37546300028224],[-75.57265300038844,38.379058000252286],[-75.57043800013788,38.379256999923186],[-75.57033000018285,38.382534000085585],[-75.58320800016097,38.384139000156914],[-75.59818199966566,38.37136199992176],[-75.60034199966464,38.366752000078165],[-75.6041200002376,38.36617399987188],[-75.60259399972512,38.372766999824144],[-75.60023100023487,38.37500500022359],[-75.60063200009286,38.37793099998688],[-75.5986779999582,38.37900400017639],[-75.59335200002974,38.39273900021947],[-75.59237200003852,38.39716500034051],[-75.5938769997363,38.40863200012658],[-75.60424200043634,38.410668000158964],[-75.60656899994159,38.41348000022758],[-75.62336699988458,38.42321499992002],[-75.61891299999232,38.42738100006291],[-75.6190669999781,38.431047999926434],[-75.6090340004374,38.43246799967599],[-75.60224399992074,38.42463100008171],[-75.59416200014167,38.43331200034732],[-75.58673899996342,38.4317690002756],[-75.5830419995813,38.44592699988257],[-75.5814359996012,38.44651600005153],[-75.58388400037857,38.44672499999998],[-75.5876889998174,38.451064000223106],[-75.58426299959694,38.453173000187945],[-75.58209599992527,38.44984900025586],[-75.58097899966668,38.4502629997597],[-75.58114900044433,38.454489999874056],[-75.58317800002372,38.45532099980485],[-75.5816130000515,38.45615999972075],[-75.69367000023277,38.46007999979123],[-75.73099399956472,38.9330889998736],[-75.73504900014711,38.93091399972791],[-75.74060000020646,38.93182599988693],[-75.74793999964571,38.93024800006947],[-75.76013899993148,38.922309000233916],[-75.77654199986428,38.92137099965189],[-75.7789300003672,38.91858200022797],[-75.78643700021104,38.915557000014395],[-75.78952699997251,38.91613299980788],[-75.79113700015058,38.914668999997886],[-75.79527200020063,38.91718599967458],[-75.80097899989558,38.91576699989086],[-75.80905099962894,38.91631999983133],[-75.81262900018535,38.91433700005672],[-75.81188199982265,38.912894999966795],[-75.81334600041086,38.912287999701554],[-75.8198769995631,38.913180999941545],[-75.82390500038133,38.90998799976831],[-75.82908599964652,38.91037299980241],[-75.83029900016456,38.9082600003189],[-75.83325099983377,38.9089809997313],[-75.8355909997578,38.90563599971073],[-75.83822600013295,38.907768000078285],[-75.85219500043036,38.90742399968602],[-75.85399600040415,38.91180400007699],[-75.8645469999787,38.918045000348904],[-75.89439299977914,38.91519900019689],[-75.89263899966103,38.92104300012094],[-75.89460700003939,38.93529899990378],[-75.89901700044904,38.9335819999139],[-75.9029230001702,38.93756800027885],[-75.90933600022001,38.939811000121125],[-75.90826499999218,38.94715899996764],[-75.90943800032726,38.95086300030023],[-75.91375499995215,38.9542129999699],[-75.91326100020775,38.95719500002323],[-75.92658199987666,38.96668999991559],[-75.94302900019038,38.966742999727366],[-75.93810999996771,38.959124000221486],[-75.94193000037346,38.95661400022635],[-75.94233100023146,38.949780999819254],[-75.9448340003621,38.94748400034104],[-75.95129099989452,38.94596000007451],[-75.95035199991118,38.94109099988472],[-75.94735199966306,38.94164699967751],[-75.94707700020176,38.93998299993319],[-75.9533739999006,38.93824599968371],[-75.94802399968272,38.93618499974484],[-75.94797400035232,38.931895000196455],[-75.95278399989674,38.92957499970416],[-75.9494720003774,38.92384200012978],[-75.94933500011004,38.91833300016852],[-76.06539400027195,38.939831000153234],[-76.07832999997639,38.94018900005271],[-76.08113699988066,38.94263999976632],[-76.08434200016818,38.941182000298745],[-76.08859699986881,38.942460000117336],[-76.09029999993331,38.94507300031713],[-76.09695599965734,38.9442589999987],[-76.10367400020397,38.939002000243015],[-76.11097199981043,38.92665099991171],[-76.11074099983175,38.92059799969915],[-76.11550199987067,38.91371599982069],[-76.11146300008012,38.91100599965307],[-76.11335699994031,38.90451699982467],[-76.11023399966855,38.90259000025876],[-76.10267499994617,38.89016700008861],[-76.10351199982227,38.88230800026365],[-76.11431900038819,38.88083800016524],[-76.12140000025967,38.88241999995671],[-76.12516399969061,38.877149000152286],[-76.12800300028026,38.87599200012796],[-76.13396799971807,38.88013699968224],[-76.14764999996031,38.88271999986307],[-76.15558299977648,38.88023699997451],[-76.16245799978364,38.88098599978706],[-76.1699179997718,38.86564899989092],[-76.17786900002965,38.86515799983798],[-76.18224000008122,38.85861100005207],[-76.19105800035238,38.8642849996618],[-76.19238399995002,38.86381399975397],[-76.20327799965627,38.84626100010747],[-76.20289199986688,38.838885000158164],[-76.20486299971995,38.83398799991081],[-76.21145300022006,38.826509999842216],[-76.22434700009173,38.829518999668],[-76.23242999969573,38.82894400016485],[-76.23844600008549,38.83125600029904],[-76.23833700030553,38.83922900007521],[-76.23591399964249,38.843455999946684],[-76.22834499987441,38.84965200002348],[-76.23151099980387,38.85244399983233],[-76.22805899964413,38.85750500012877],[-76.24967299987766,38.87937099976866],[-76.26154800029832,38.88091399965045],[-76.27548200043564,38.876869000098864],[-76.31568399981697,38.85275800018957],[-76.32478999996822,38.843008999952694],[-76.33295299993814,38.82987400018842],[-76.33845399976879,38.82420899983204],[-76.35784500025413,38.81187100021908],[-76.37121899962649,38.8077849998943],[-76.39359899959096,38.809400000242675],[-76.43649200032223,38.80739700028039],[-76.45501300042122,38.750115999818796],[-76.46393899974909,38.70972600018102]]]}},{"type":"Feature","properties":{"GEOID":"24038","NAME":"State Senate District 38","BASENAME":"38","STATE":"24","SLDU":"038"},"geometry":{"type":"Polygon","coordinates":[[[-76.23633200011724,37.887347000305944],[-76.12466099972536,37.92870799990045],[-76.0520209998262,37.953577999979046],[-75.99333799963055,37.95348700006331],[-75.94369299981409,37.946132999695166],[-75.95267199974374,37.90682699975086],[-75.88293900020626,37.91133500000944],[-75.8012400000115,37.912174000344],[-75.76164199997943,37.941365999764386],[-75.70463400025922,37.95469799995367],[-75.6913210000879,37.955496000035744],[-75.66529999981779,37.94951100026231],[-75.65568099965557,37.94543299979535],[-75.64770000015882,37.94696300029594],[-75.64822800023842,37.96677099985753],[-75.63822199956357,37.97939499989824],[-75.63573500022476,37.97953400030592],[-75.63200799970542,37.97601799988599],[-75.62953200023725,37.975962999979146],[-75.62885299964661,37.97779499990651],[-75.63383200014373,37.984517000154504],[-75.63086799988062,37.98781600032202],[-75.62561100044746,37.98979800029144],[-75.62444899998306,37.9941949998984],[-75.24960900024313,38.026715000081225],[-75.1664349995895,38.027834000070314],[-75.13520000044225,38.074469000135615],[-75.12462499967994,38.09390100000776],[-75.08781299963574,38.18935600021897],[-75.04145699977242,38.28700899973378],[-75.03129500036027,38.29473699966347],[-75.02080499998678,38.30975599977982],[-75.01909500024959,38.321424999975875],[-74.99962500012154,38.37166800021313],[-74.99962500012154,38.382970999917596],[-74.99334699979096,38.406447000228184],[-74.98628199981302,38.45163199977536],[-75.39371200040677,38.45212399975195],[-75.5816130000515,38.45615999972075],[-75.58317800002372,38.45532099980485],[-75.58114900044433,38.454489999874056],[-75.58097899966668,38.4502629997597],[-75.58209599992527,38.44984900025586],[-75.58426299959694,38.453173000187945],[-75.5876889998174,38.451064000223106],[-75.58388400037857,38.44672499999998],[-75.5814359996012,38.44651600005153],[-75.5830419995813,38.44592699988257],[-75.58673899996342,38.4317690002756],[-75.59416200014167,38.43331200034732],[-75.60224399992074,38.42463100008171],[-75.6090340004374,38.43246799967599],[-75.6190669999781,38.431047999926434],[-75.61891299999232,38.42738100006291],[-75.62336699988458,38.42321499992002],[-75.60656899994159,38.41348000022758],[-75.60424200043634,38.410668000158964],[-75.5938769997363,38.40863200012658],[-75.59237200003852,38.39716500034051],[-75.59335200002974,38.39273900021947],[-75.5986779999582,38.37900400017639],[-75.60063200009286,38.37793099998688],[-75.60023100023487,38.37500500022359],[-75.60259399972512,38.372766999824144],[-75.6041200002376,38.36617399987188],[-75.60034199966464,38.366752000078165],[-75.59818199966566,38.37136199992176],[-75.58320800016097,38.384139000156914],[-75.57033000018285,38.382534000085585],[-75.57043800013788,38.379256999923186],[-75.57265300038844,38.379058000252286],[-75.57232799980012,38.37546300028224],[-75.5813660001793,38.37411200015544],[-75.58069199961152,38.36956100008091],[-75.58294000037237,38.36779799983174],[-75.58801000020776,38.367621999879304],[-75.58692599956117,38.365656999914776],[-75.58822199991987,38.36531899992999],[-75.58650499961169,38.363172000176306],[-75.58355100029264,38.363252999684974],[-75.57585600012784,38.35826599966451],[-75.57245599984664,38.352952999661525],[-75.57563099999693,38.349829999842314],[-75.58213799975806,38.347854999670915],[-75.58505299961736,38.3478429997282],[-75.58431100017583,38.34928099972416],[-75.58958500022575,38.35242300015102],[-75.5933770001441,38.34789300029831],[-75.59783000021146,38.34808100021676],[-75.59690499957352,38.35095799990559],[-75.59899699980043,38.351395999878434],[-75.59928600040375,38.3532919999514],[-75.59626900043719,38.358495000194914],[-75.59725500027619,38.36006499974717],[-75.60205200030013,38.35671099987334],[-75.60731200010635,38.35863499970709],[-75.60903699991212,38.35698200018926],[-75.609518999961,38.35893200011051],[-75.61185700023519,38.359204000110694],[-75.61217500025252,38.361960000121094],[-75.61582200040593,38.35912899968697],[-75.61861800043954,38.36159100012131],[-75.62439700010451,38.35784600028826],[-75.6241920000651,38.356139999721464],[-75.62778899998979,38.359679000050775],[-75.63174800031273,38.358605999991404],[-75.6344499997367,38.36028899975501],[-75.63930399966205,38.36707699999703],[-75.63941099979216,38.37050499980976],[-75.64528300024189,38.36927400001884],[-75.6438630000346,38.3660689999288],[-75.64485800009443,38.36019599973841],[-75.64611699974492,38.358609000059666],[-75.65202400035473,38.358155000051156],[-75.64682399992466,38.348230999921604],[-75.63763800030578,38.35072700016537],[-75.63622099957325,38.34767699972955],[-75.63890199997914,38.34756300026559],[-75.6406379996556,38.345657000125385],[-75.63746400022852,38.34082000025152],[-75.64158300038503,38.340216000247324],[-75.64453599987918,38.34268300005804],[-75.64400699997466,38.339878999671946],[-75.64510900016461,38.34050399976227],[-75.64169399981479,38.336778999965],[-75.6436029997436,38.33641400002447],[-75.64197900022015,38.33364400015433],[-75.64817999965952,38.3284640002296],[-75.64253099969089,38.32311099984825],[-75.65085799969235,38.31835399980143],[-75.64410400005904,38.31364899974255],[-75.63562499972159,38.31856200025906],[-75.63444899991178,38.31324999987241],[-75.6370900001347,38.31042999968764],[-75.63343799995843,38.31117299994391],[-75.63264899976292,38.30667500032804],[-75.63046000034994,38.30698599967222],[-75.63208100039866,38.302375999699095],[-75.62743300033763,38.303056000316495],[-75.62598899984093,38.305426000165156],[-75.630640000275,38.30647299983334],[-75.62617799998682,38.312328000178034],[-75.62336000021189,38.30687400016405],[-75.62029800003948,38.30517400001442],[-75.60740900019071,38.31048899983635],[-75.60791999965357,38.31301700006351],[-75.60639700041244,38.31312799977244],[-75.60747899961261,38.31213900033484],[-75.60500599961918,38.309083000188686],[-75.6002270000369,38.310680000179644],[-75.60536399981946,38.31658199983079],[-75.60352699986069,38.31908199984965],[-75.60244999978508,38.326051999853696],[-75.59789499961047,38.33034700022129],[-75.59297700011102,38.327285000174285],[-75.58989599967205,38.32264900033256],[-75.5832669997122,38.32005200023223],[-75.58042100034817,38.31084900028908],[-75.56676500004521,38.30045800025435],[-75.56879500034785,38.29562299980405],[-75.56838299972088,38.280743000132034],[-75.61262700016412,38.27858000027518],[-75.62649000015635,38.282553000198604],[-75.63308800015406,38.28898500023937],[-75.64414900026487,38.28928000028513],[-75.65052600032966,38.294269000030724],[-75.65713199982497,38.29533300017715],[-75.6631249997502,38.298944000350396],[-75.67377499995727,38.29338699997546],[-75.6818090000558,38.2929420000842],[-75.68722600022086,38.28994700009821],[-75.68797100003543,38.28890899994014],[-75.68603600016735,38.28578800026932],[-75.69101499976615,38.282031999713666],[-75.69053899956508,38.280867000240974],[-75.6964040003421,38.27419399975864],[-75.69640500016702,38.27067500023113],[-75.69357599962314,38.268782000164926],[-75.69443199976578,38.266903999706216],[-75.69944700024793,38.264906999699306],[-75.70540699966288,38.26649400030433],[-75.71037100009138,38.264575999798176],[-75.71456600041589,38.267097000041026],[-75.72041899970071,38.26664400026794],[-75.72382200035496,38.27159400019079],[-75.72347699967513,38.27578399981016],[-75.72881500019747,38.275892000105095],[-75.72845500034737,38.2809519997725],[-75.73505900019286,38.283007999942804],[-75.74164899979465,38.27915499996308],[-75.74631399957413,38.28066100012564],[-75.74854999974107,38.28460599984288],[-75.74986700001618,38.284314000162446],[-75.74937900011956,38.28130500002227],[-75.7518029997092,38.280697000174264],[-75.75320100017515,38.281443000062794],[-75.75295000010499,38.28513300006271],[-75.7664680003157,38.285654000150316],[-75.77006900043835,38.283953999886236],[-75.77138699964006,38.27519800024178],[-75.77395199969499,38.271716000316346],[-75.7812250000854,38.267519000112095],[-75.79601799984013,38.26598599977227],[-75.79921800010477,38.258824000296975],[-75.80389399975489,38.25403399992617],[-75.82634300021466,38.25609899990372],[-75.83511299990693,38.2544859997468],[-75.84577599963448,38.24926100025271],[-75.84951599967431,38.2440620002689],[-75.86097599999329,38.24086599994835],[-75.86734899986011,38.23559499971652],[-75.87103399964833,38.224542000282995],[-75.87465400003758,38.22001299990038],[-75.8809780003989,38.21759499994537],[-75.94845399985302,38.21595999990726],[-75.97479200031555,38.20229300030134],[-75.99384999981663,38.16238700025375],[-76.03161599991276,38.14754800012611],[-76.05428299993243,38.111030000174026],[-76.07857500019877,38.0609199998902],[-76.20471899977991,38.05841000009158],[-76.23633200011724,37.887347000305944]]]}},{"type":"Feature","properties":{"GEOID":"24021","NAME":"State Senate District 21","BASENAME":"21","STATE":"24","SLDU":"021"},"geometry":{"type":"Polygon","coordinates":[[[-76.97607799979062,38.98636600011197],[-76.9723510001696,38.985819999749346],[-76.97368099996517,38.983982000216855],[-76.96024099957228,38.985158000301226],[-76.95861200002594,38.98320999985762],[-76.95538599982201,38.984073000022924],[-76.95571200023525,38.98564999998394],[-76.94997399967984,38.98471300005871],[-76.94745100035601,38.98114200032063],[-76.9379390003239,38.97696200002308],[-76.93804899992875,38.971044999835584],[-76.92475300037421,38.97120600008766],[-76.92532999995929,38.97532700006111],[-76.91406299998415,38.97512200016617],[-76.91304600018302,38.97997799979139],[-76.91006900039945,38.98356200024066],[-76.90963599985606,38.98514100025389],[-76.91860599956487,38.986705000086445],[-76.9202390002075,38.9910669997071],[-76.92292899993588,38.991397000321356],[-76.91740899983867,39.003700000060874],[-76.90846699971895,39.01519499982086],[-76.90426999974467,39.0130400003267],[-76.90084400042251,39.01352200012988],[-76.8911640001609,39.019530999978485],[-76.89165200005753,39.02083499984041],[-76.87810500043283,39.02385600005285],[-76.8640170003097,39.02371899988523],[-76.84992499998864,39.01636600032639],[-76.84776699963948,39.02123499976485],[-76.84769600039269,39.033066999818175],[-76.85389799965697,39.033147999898006],[-76.85037600007536,39.038337000323274],[-76.85323999988103,39.04224400010253],[-76.85332100007187,39.04660200029197],[-76.86178899964034,39.04954800034663],[-76.85407199973424,39.055693000292194],[-76.87054099978927,39.05630300017651],[-76.88503399996833,39.06210799974951],[-76.8655930001526,39.07553899973187],[-76.85575300005742,39.073507999828294],[-76.85544699973568,39.07700200024316],[-76.84866499961493,39.07726599996757],[-76.84786200007404,39.07366300015445],[-76.84338399989232,39.07373599990667],[-76.8426209996361,39.071783999948615],[-76.84421699957045,39.07073900002957],[-76.8418399998365,39.06895000005663],[-76.83772400005304,39.07180200018273],[-76.83584100006351,39.06796599981046],[-76.8315539996775,39.06917499983171],[-76.82897100007922,39.06444100004672],[-76.82692499988303,39.06585299994323],[-76.81787399998339,39.06175800008832],[-76.81599099999384,39.06264200006243],[-76.81053700001887,39.060922000101314],[-76.80422899955107,39.06263199995265],[-76.80139300023278,39.05588499981776],[-76.79450599963177,39.05324800000875],[-76.79235499985361,39.04599500030569],[-76.78759299998977,39.04463100006257],[-76.7839330003159,39.046251000061275],[-76.77487499984522,39.0448700002293],[-76.77405300003775,39.04099999981148],[-76.77029000043171,39.04086899976407],[-76.7690019995706,39.038948999813165],[-76.76539100030053,39.04043499997548],[-76.76221500032533,39.035165000340434],[-76.7558290000397,39.03771899976891],[-76.747732000192,39.033646999651744],[-76.75025500041413,39.03079699971869],[-76.74589000021034,39.028192000140436],[-76.74313000016173,39.02369899980799],[-76.74278399965701,39.0204699997493],[-76.74451699985873,39.01712000033572],[-76.74028200024956,39.012781000322455],[-76.73752800004875,39.01229200010541],[-76.73327900019589,39.00682400020752],[-76.72830499972164,39.007364999651585],[-76.72546299965727,39.00592499978723],[-76.72399599959434,39.00417300033041],[-76.72561499999324,38.99894900023624],[-76.7210299996814,38.99965799976973],[-76.71313399967516,38.99483600013869],[-76.7116020002132,38.99542999978132],[-76.7041880002558,38.987688999665664],[-76.70096200005187,38.98818099991176],[-76.6958110000256,38.98550100013732],[-76.69220800025313,38.98550700032931],[-76.69133600021694,38.987935000216154],[-76.68101800027088,38.991297000255365],[-76.69822499956949,38.99200000001446],[-76.69861700010496,38.99594999977138],[-76.70107699967959,38.996743999661426],[-76.69571099956818,39.01930400018828],[-76.68250299987717,39.01183399981617],[-76.67600000031402,39.016940000084695],[-76.66395099981607,39.01237300025937],[-76.65855999959028,39.019153999874746],[-76.65790799966213,39.02379800006523],[-76.66126699993545,39.02366899968148],[-76.66257699963953,39.029400000081495],[-76.67175899995877,39.03317099991241],[-76.67478599997105,39.028735000120136],[-76.67510300016347,39.025237000261725],[-76.6909040003968,39.031958999699874],[-76.69175600034151,39.03479799974369],[-76.68907699958545,39.03786100007878],[-76.69075899973353,39.04091700000136],[-76.68665499964564,39.04709099969742],[-76.6877710000793,39.04775599994106],[-76.69154700010414,39.0490879999114],[-76.69428200003838,39.046205999923416],[-76.69803200012396,39.045932999914655],[-76.7038009997432,39.052427000306494],[-76.70734199959138,39.05019699971917],[-76.7142350000402,39.052989999785616],[-76.71654499982701,39.048084000331215],[-76.72109400015383,39.049415999697146],[-76.7273509996697,39.04862899968949],[-76.73374600017614,39.05510599987106],[-76.73181700015584,39.05909999979077],[-76.71963799996155,39.066833999870795],[-76.71307699977375,39.070044000048654],[-76.71171099999314,39.06794900013788],[-76.70917000022764,39.07036899980284],[-76.71210600000336,39.07155900012193],[-76.7089130003097,39.07535500027968],[-76.71191900040562,39.079455999885504],[-76.70628299995744,39.0869489997574],[-76.71393100026658,39.087776000178096],[-76.71420200042824,39.09132499984201],[-76.7170510001653,39.092182999977176],[-76.72141299999606,39.08839899983292],[-76.72560400012259,39.087183000262314],[-76.7539340003546,39.08916700013635],[-76.76727400029006,39.09656099967081],[-76.77784900015408,39.11444200005068],[-76.81097499968678,39.089000000151835],[-76.82338999988264,39.089230000057064],[-76.8264219999178,39.0864469997143],[-76.82414999976584,39.08893600017822],[-76.82669100042963,39.091003999665546],[-76.8238109998321,39.090406999693855],[-76.82472800007415,39.09339700022756],[-76.82747600042718,39.092972999783655],[-76.82932699973136,39.09564200030313],[-76.8376860004182,39.09693300005359],[-76.83764899970997,39.100724999838114],[-76.84158999959124,39.10586099971668],[-76.8490839999146,39.10909700010699],[-76.8628769995866,39.110327000174216],[-76.87010899996913,39.11271199985394],[-76.88431500009303,39.126884999719124],[-76.88565599975927,39.13129199995621],[-76.88825599997429,39.131306999805815],[-76.89427499983879,39.12386099968873],[-76.90292999990332,39.121102999755266],[-76.90729199973407,39.117907999979394],[-76.90389700037407,39.11461799994827],[-76.90883400014008,39.103849999748405],[-76.96618599981691,39.0262039999994],[-76.953161000424,39.03158900001225],[-76.9505000001096,39.03021100033172],[-76.95228900038784,39.02765600030139],[-76.94959799993619,39.025883000218144],[-76.95087300037852,39.024975000100476],[-76.94943599955448,39.024030999799294],[-76.95020600038175,39.020502000075496],[-76.9482039996682,39.020815000343134],[-76.95883200013397,39.004305000328245],[-76.96115199996652,39.00494900027592],[-76.96535099959064,39.00242500017019],[-76.96881399962103,39.005006000028956],[-76.97101700017603,39.00463400029798],[-76.97583099991841,38.994891999878305],[-76.97152199979111,38.99342999970911],[-76.97607799979062,38.98636600011197]]]}},{"type":"Feature","properties":{"GEOID":"24006","NAME":"State Senate District 6","BASENAME":"6","STATE":"24","SLDU":"006"},"geometry":{"type":"Polygon","coordinates":[[[-76.52978599965687,39.310391000149856],[-76.52948600008122,39.21840799973261],[-76.51448400008913,39.20240599968229],[-76.37467900018214,39.15978699980907],[-76.3494789998946,39.15662300005969],[-76.33985100040985,39.1880980003311],[-76.3323589997363,39.204357000336564],[-76.3211129996776,39.21983699985364],[-76.28768900021902,39.254104000241114],[-76.34227900019742,39.2813069999809],[-76.34427900036283,39.282506999991455],[-76.34377899987233,39.28450699998349],[-76.38163500038013,39.294189999968616],[-76.40748199967466,39.30550600031636],[-76.42328299990801,39.31500699966861],[-76.42928300040424,39.32340699979968],[-76.43711499993807,39.327747999659266],[-76.43914000021785,39.33023999976528],[-76.43750099972746,39.33168699968468],[-76.43885200033776,39.33272600016959],[-76.44726399982973,39.330192999953944],[-76.44434899997043,39.33192099979003],[-76.45484500019172,39.33489900015047],[-76.4620180001247,39.3390279999695],[-76.47457100041282,39.3322500000983],[-76.48611500039739,39.339877000128496],[-76.52978599965687,39.310391000149856]]]}},{"type":"Feature","properties":{"GEOID":"24036","NAME":"State Senate District 36","BASENAME":"36","STATE":"24","SLDU":"036"},"geometry":{"type":"Polygon","coordinates":[[[-76.43658600003356,38.80739599995392],[-76.39359899959096,38.809400000242675],[-76.37121899962649,38.8077849998943],[-76.35784500025413,38.81187100021908],[-76.33845399976879,38.82420899983204],[-76.33295299993814,38.82987400018842],[-76.32478999996822,38.843008999952694],[-76.31568399981697,38.85275800018957],[-76.27548200043564,38.876869000098864],[-76.26154800029832,38.88091399965045],[-76.24967299987766,38.87937099976866],[-76.22805899964413,38.85750500012877],[-76.23151099980387,38.85244399983233],[-76.22834499987441,38.84965200002348],[-76.23591399964249,38.843455999946684],[-76.23833700030553,38.83922900007521],[-76.23844600008549,38.83125600029904],[-76.23242999969573,38.82894400016485],[-76.22434700009173,38.829518999668],[-76.21145300022006,38.826509999842216],[-76.20486299971995,38.83398799991081],[-76.20289199986688,38.838885000158164],[-76.20327799965627,38.84626100010747],[-76.19238399995002,38.86381399975397],[-76.19105800035238,38.8642849996618],[-76.18224000008122,38.85861100005207],[-76.17786900002965,38.86515799983798],[-76.1699179997718,38.86564899989092],[-76.16245799978364,38.88098599978706],[-76.15558299977648,38.88023699997451],[-76.14764999996031,38.88271999986307],[-76.13396799971807,38.88013699968224],[-76.12800300028026,38.87599200012796],[-76.12516399969061,38.877149000152286],[-76.12140000025967,38.88241999995671],[-76.11431900038819,38.88083800016524],[-76.10351199982227,38.88230800026365],[-76.10267499994617,38.89016700008861],[-76.11023399966855,38.90259000025876],[-76.11335699994031,38.90451699982467],[-76.11146300008012,38.91100599965307],[-76.11550199987067,38.91371599982069],[-76.11074099983175,38.92059799969915],[-76.11097199981043,38.92665099991171],[-76.10367400020397,38.939002000243015],[-76.09695599965734,38.9442589999987],[-76.09029999993331,38.94507300031713],[-76.08859699986881,38.942460000117336],[-76.08434200016818,38.941182000298745],[-76.08113699988066,38.94263999976632],[-76.07832999997639,38.94018900005271],[-76.06539400027195,38.939831000153234],[-75.94933500011004,38.91833300016852],[-75.9494720003774,38.92384200012978],[-75.95278399989674,38.92957499970416],[-75.94797400035232,38.931895000196455],[-75.94802399968272,38.93618499974484],[-75.9533739999006,38.93824599968371],[-75.94707700020176,38.93998299993319],[-75.94735199966306,38.94164699967751],[-75.95035199991118,38.94109099988472],[-75.95129099989452,38.94596000007451],[-75.9448340003621,38.94748400034104],[-75.94233100023146,38.949780999819254],[-75.94193000037346,38.95661400022635],[-75.93810999996771,38.959124000221486],[-75.94302900019038,38.966742999727366],[-75.92658199987666,38.96668999991559],[-75.91326100020775,38.95719500002323],[-75.91375499995215,38.9542129999699],[-75.90943800032726,38.95086300030023],[-75.90826499999218,38.94715899996764],[-75.90933600022001,38.939811000121125],[-75.9029230001702,38.93756800027885],[-75.89901700044904,38.9335819999139],[-75.89460700003939,38.93529899990378],[-75.89263899966103,38.92104300012094],[-75.89439299977914,38.91519900019689],[-75.8645469999787,38.918045000348904],[-75.85399600040415,38.91180400007699],[-75.85219500043036,38.90742399968602],[-75.83822600013295,38.907768000078285],[-75.8355909997578,38.90563599971073],[-75.83325099983377,38.9089809997313],[-75.83029900016456,38.9082600003189],[-75.82908599964652,38.91037299980241],[-75.82390500038133,38.90998799976831],[-75.8198769995631,38.913180999941545],[-75.81334600041086,38.912287999701554],[-75.81188199982265,38.912894999966795],[-75.81262900018535,38.91433700005672],[-75.80905099962894,38.91631999983133],[-75.80097899989558,38.91576699989086],[-75.79527200020063,38.91718599967458],[-75.79113700015058,38.914668999997886],[-75.78952699997251,38.91613299980788],[-75.78643700021104,38.915557000014395],[-75.7789300003672,38.91858200022797],[-75.77654199986428,38.92137099965189],[-75.76013899993148,38.922309000233916],[-75.74793999964571,38.93024800006947],[-75.74060000020646,38.93182599988693],[-75.73504900014711,38.93091399972791],[-75.73099399956472,38.9330889998736],[-75.78867800040086,39.65014400028409],[-75.7885960003851,39.72219899970666],[-75.87512699986559,39.72193999998421],[-75.87791200002854,39.71535200033356],[-75.86875300017385,39.71045400011186],[-75.86819199958398,39.703214999832355],[-75.8551689998409,39.70091000014551],[-75.85351900037817,39.69931600029914],[-75.85458899988275,39.69237200004687],[-75.85298399972756,39.68839199977812],[-75.85140600023485,39.68812099966219],[-75.85652700012389,39.68651800032517],[-75.86050900001305,39.68816200029647],[-75.86269800032434,39.68610100027742],[-75.86692799991063,39.69236300010451],[-75.87404499976711,39.692031999796164],[-75.87598300000823,39.690567000107855],[-75.87894899992118,39.6939409997153],[-75.88332300034581,39.6940130003404],[-75.88642999982574,39.70075900005203],[-75.9035209996717,39.697270999804196],[-75.93160099965844,39.70019700033899],[-75.92359400022242,39.68577200031086],[-75.90523999962971,39.67263299987824],[-75.90147500037384,39.67334499970282],[-75.9103789999604,39.643386000183625],[-75.91603399977683,39.633553000068794],[-75.90668400012643,39.62873399989606],[-75.92022800027641,39.62505000017641],[-75.9203260001857,39.62017399970417],[-75.92649400001312,39.617075999851274],[-75.92872199978416,39.61762300027218],[-75.93338499991378,39.609047000117535],[-75.9244650004337,39.61061399988969],[-75.9138910003946,39.60789900000785],[-75.91721700015763,39.60670800028293],[-75.91678699998732,39.60277600033588],[-75.91177300022841,39.59560200032358],[-75.91438099994105,39.586695999748095],[-75.91289299996171,39.582582000344615],[-75.91665999976573,39.577053999989104],[-75.93324900036966,39.58725399976874],[-75.94252899969986,39.58640099970054],[-75.9427429999601,39.584704999731],[-75.93940999962605,39.58490700012841],[-75.93865700031387,39.583563000153234],[-75.9404619995873,39.580254000100524],[-75.94580799960724,39.58092200004556],[-75.9455940002453,39.582848000195604],[-75.94846100042403,39.582279999833254],[-75.95002800004609,39.584122999906775],[-75.94774000000058,39.585353000243565],[-75.95279399994247,39.58702699988566],[-75.9667990002249,39.56926400021485],[-75.97877199965656,39.55828799972309],[-75.98417200010317,39.53949199992744],[-75.99227599962356,39.53170099972584],[-75.99966899966458,39.528073000277054],[-76.02127000037761,39.5228369997374],[-76.05713099984457,39.51758199979363],[-76.0441299998428,39.49944800017061],[-76.03824300022279,39.48246000023388],[-76.03581500043522,39.46745500023761],[-76.03695600008493,39.45544499996159],[-76.0407770003156,39.4430680002085],[-76.04546300001144,39.43356500000594],[-76.0523380000186,39.42468599992501],[-76.0625749997738,39.41593899996526],[-76.07690599957117,39.407003999816176],[-76.09372699997868,39.39971500001868],[-76.12469400023565,39.38996799995015],[-76.14121199979617,39.38041299985318],[-76.28768900021902,39.254104000241114],[-76.3211129996776,39.21983699985364],[-76.3323589997363,39.204357000336564],[-76.3458400001371,39.17054299988328],[-76.35395799990123,39.13349199974854],[-76.3548430003562,39.125110999833886],[-76.35173000013017,39.05623199975767],[-76.35328900025462,39.04569399985599],[-76.36748799980748,39.00011100006869],[-76.37464700039509,38.99155100017454],[-76.39337900038126,38.96271200019501],[-76.40357900032653,38.94521299981444],[-76.41117900005679,38.92541300013165],[-76.41927799955431,38.9004140001196],[-76.42957700013211,38.85491500025825],[-76.43377699958116,38.814017000316376],[-76.43658600003356,38.80739599995392]]]}},{"type":"Feature","properties":{"GEOID":"24044","NAME":"State Senate District 44","BASENAME":"44","STATE":"24","SLDU":"044"},"geometry":{"type":"Polygon","coordinates":[[[-76.77132300012639,39.29963699968306],[-76.76767500014806,39.29730400027773],[-76.76845599994766,39.29424599982143],[-76.76532400035337,39.29135799985577],[-76.76621999978069,39.28951200034383],[-76.76298699990407,39.28842400009161],[-76.77023799965487,39.2767799997587],[-76.7661290004424,39.27528500002611],[-76.76855999970472,39.27294199997154],[-76.75968600025539,39.26721400013514],[-76.75038400028558,39.26830699989831],[-76.74955999992996,39.26410899993003],[-76.74444200041397,39.26464500005794],[-76.74320100030683,39.26014000016826],[-76.73948899985609,39.25910500018853],[-76.73649700000391,39.26193700020256],[-76.72707100018552,39.254232999936924],[-76.71730600043341,39.24272400000659],[-76.71147199961854,39.24110400000853],[-76.70554399999065,39.23413399997376],[-76.6976069999765,39.22728799988111],[-76.69549999968098,39.22706099985008],[-76.7060889997887,39.21829599986539],[-76.70504299967523,39.215404999926044],[-76.70078600032477,39.21311200009886],[-76.69635699964854,39.21429499976504],[-76.69693199958382,39.21718299982629],[-76.69283300041711,39.219770000224685],[-76.68839299987025,39.221299999948975],[-76.68017700019684,39.22016299986765],[-76.66991500032728,39.228429999840124],[-76.66364299984447,39.23084100010824],[-76.64721899999529,39.22903599966886],[-76.6394040001799,39.2240290001693],[-76.63152700044023,39.22386099983494],[-76.61861199975387,39.23739799991948],[-76.71105400004211,39.277889000333495],[-76.71118600028659,39.35438300012274],[-76.71912400012565,39.357141999876866],[-76.72152599997396,39.36312400027171],[-76.7463110001598,39.35977899993409],[-76.74895599968237,39.36953700026143],[-76.75819099970505,39.36648399978681],[-76.76077300037673,39.36344999992263],[-76.76171200036006,39.36150600031483],[-76.7563439997005,39.35778999993723],[-76.75842800042983,39.35380199981469],[-76.76523200029187,39.348980000181186],[-76.76398299978882,39.34316700031371],[-76.75995300021908,39.335942999899444],[-76.75897700042582,39.32201100002295],[-76.75838400004889,39.320544000116854],[-76.75192099977039,39.32239399995544],[-76.7448039999139,39.32194300001713],[-76.74398200010643,39.30601000001978],[-76.76086899973788,39.307337000228344],[-76.76629299957563,39.30205399970067],[-76.77132300012639,39.29963699968306]]]}},{"type":"Feature","properties":{"GEOID":"24017","NAME":"State Senate District 17","BASENAME":"17","STATE":"24","SLDU":"017"},"geometry":{"type":"Polygon","coordinates":[[[-77.25275000017909,39.1179329998311],[-77.24498800006712,39.115104999662755],[-77.22965899983689,39.104344000174486],[-77.22060100026455,39.102697999698854],[-77.21818799964726,39.107933000254064],[-77.2115789997789,39.106854000347376],[-77.21255000044758,39.10835300027631],[-77.21047300028928,39.11233099996442],[-77.20730599963657,39.11249300009783],[-77.20591499974162,39.11021899982772],[-77.19522799972464,39.107044000223546],[-77.18975899968105,39.111827999866094],[-77.1879600002554,39.11016399969742],[-77.19665700015274,39.093127000088394],[-77.19442699983357,39.09262800017563],[-77.19435099966557,39.09009900011598],[-77.20022800013815,39.08047699981488],[-77.1973529995635,39.07684900031534],[-77.1911989999798,39.07664999977151],[-77.18585799998274,39.07364899995451],[-77.18509599955141,39.07271999975791],[-77.18741700010719,39.069558000235524],[-77.18031799979404,39.06770899981027],[-77.17943099968925,39.06549799981644],[-77.17565899986238,39.06428100010461],[-77.17742899987401,39.06042800033851],[-77.16693600002579,39.05783800029354],[-77.1614600003095,39.058963000287875],[-77.16091299996332,39.06147499993452],[-77.157813999981,39.062046000250845],[-77.15552199973756,39.061654000225225],[-77.15335500006587,39.05613099966763],[-77.13134699964705,39.05310900030036],[-77.13085200007772,39.05575600010687],[-77.12613000039687,39.05525399996791],[-77.12634999960659,39.0579409999106],[-77.11564800041928,39.057789000104684],[-77.11868799995206,39.060710999806574],[-77.11440700031214,39.06666999981814],[-77.1170789995989,39.06681099965672],[-77.11406900020334,39.06778999992486],[-77.11384599972227,39.07427499970447],[-77.11112699968156,39.07290000020248],[-77.1108279999308,39.075294999945214],[-77.10772800012359,39.0757109996804],[-77.11120600022258,39.08177100018693],[-77.10992400010757,39.083530000266215],[-77.11918599989444,39.095213999682926],[-77.1184379997068,39.10022699970143],[-77.11994099975476,39.10199300003347],[-77.12480899992379,39.101714999925996],[-77.12513699998686,39.106081999772144],[-77.12925500031845,39.106696999868845],[-77.1348409996396,39.10359500007456],[-77.13716100037045,39.09714499984356],[-77.1392279995847,39.097804999870284],[-77.13973200027317,39.09995600022923],[-77.14284799997392,39.09862800033577],[-77.14274500004177,39.09667199993985],[-77.14775799997577,39.097460999925836],[-77.1476819998078,39.09989500021212],[-77.15363999957292,39.099059999963565],[-77.15634899956788,39.10653599995168],[-77.15888100001087,39.10699500004401],[-77.16211700026054,39.11487899983456],[-77.16284199998363,39.11330000015763],[-77.18029100002985,39.12440800004766],[-77.17708699956724,39.126494999706566],[-77.1772370002534,39.13031700009053],[-77.18277999991682,39.126082999938625],[-77.18515400017606,39.12800299986606],[-77.18359699970142,39.128839000056416],[-77.18609800018226,39.13323500019499],[-77.17912199989277,39.137621999675275],[-77.18355200039389,39.13994599975449],[-77.18289000042,39.14353899972926],[-77.18805599961655,39.14966500004223],[-77.18583600024145,39.15112300020965],[-77.18971199982538,39.156291000211375],[-77.1876499997357,39.159618000215126],[-77.1920850002597,39.160144000069145],[-77.19238999985822,39.152526000328606],[-77.19834099995064,39.15234700008417],[-77.20435200031753,39.158215999660165],[-77.20781500034794,39.15615099985616],[-77.20774099982977,39.1638710000086],[-77.21409299978018,39.16616800010167],[-77.2127699996573,39.16725100014363],[-77.21480800035586,39.16829999982564],[-77.21684100013323,39.16634800015087],[-77.22108199959015,39.16675800012988],[-77.22206900015239,39.16294299992201],[-77.22628000037041,39.166552999742656],[-77.22749999966281,39.16479400026485],[-77.23036099999378,39.16563400019363],[-77.23249300040366,39.16096799978962],[-77.21685399965371,39.14884400009074],[-77.2200709996368,39.14516800007017],[-77.22376200017113,39.143672000326546],[-77.23055199978948,39.147135999811326],[-77.24302600043485,39.149676999716775],[-77.24408500006881,39.14386499984022],[-77.23992900010236,39.14369300032456],[-77.24349800043797,39.14011899988272],[-77.24259100024169,39.13815300013691],[-77.24487400026432,39.13304699970257],[-77.24399899985508,39.127620999738596],[-77.25275000017909,39.1179329998311]]]}},{"type":"Feature","properties":{"GEOID":"24003","NAME":"State Senate District 3","BASENAME":"3","STATE":"24","SLDU":"003"},"geometry":{"type":"Polygon","coordinates":[[[-77.50461599956698,39.45345199989616],[-77.50176199980703,39.44531499987305],[-77.48986399982014,39.43813599999162],[-77.48869700023118,39.42739100004217],[-77.48664400036232,39.42330999988805],[-77.47653399993042,39.415708999746265],[-77.47033500014085,39.408010999991234],[-77.46451799994274,39.404801999970715],[-77.46612800012082,39.404383999768314],[-77.46259200029549,39.393881999900984],[-77.46541300044345,39.392258999832755],[-77.46273100021267,39.389876000263634],[-77.46291299978753,39.38817399980443],[-77.45963200023034,39.38507299968015],[-77.45475200036573,39.387573999694226],[-77.4526669998115,39.38617700002512],[-77.45383799959842,39.383089999745735],[-77.45075299985982,39.37976400011765],[-77.45287400039905,39.37510300003987],[-77.44881200014395,39.37321800026021],[-77.45156200014681,39.37330299989083],[-77.45437300024903,39.36909699991334],[-77.44336099964372,39.36080400027876],[-77.43712900024221,39.362616999887564],[-77.4321589999659,39.358461999773546],[-77.42594199973469,39.34870300023996],[-77.43226899957075,39.332472999857835],[-77.42642600033167,39.330811999668526],[-77.42157400005617,39.33230000019973],[-77.41342899962956,39.32614099994802],[-77.40947199985476,39.32699499994524],[-77.40196099981297,39.33278099990478],[-77.39261799983527,39.33410199986155],[-77.38236600001144,39.328970000114275],[-77.37176900040612,39.328795000302094],[-77.3619739996185,39.32184900032944],[-77.34954300042743,39.32441900028537],[-77.3433389997167,39.32802000033658],[-77.35064200024435,39.34047599978781],[-77.35044399987763,39.35200599977764],[-77.35217700007934,39.35449499998653],[-77.35667600017744,39.35514900028214],[-77.35544699976589,39.35787899966471],[-77.35007999982956,39.35815000030618],[-77.34951599976495,39.36099899999321],[-77.35233299971496,39.36448999993866],[-77.34770100044578,39.365392000121666],[-77.34312299980664,39.36285699996099],[-77.34025999982586,39.3656310003021],[-77.33478599975942,39.36713700028887],[-77.32562299970677,39.36244100014301],[-77.32100899998093,39.36788700011267],[-77.32028199970969,39.37196700008394],[-77.32516999997024,39.382815000032195],[-77.32527600027544,39.39210300010226],[-77.31002900006096,39.388050999667655],[-77.31158499981237,39.39529999983361],[-77.30921200027637,39.403193999983635],[-77.3113899998187,39.404852999727595],[-77.31230899971054,39.410392000314246],[-77.31606499964388,39.41465699994658],[-77.32636800041966,39.41594200012605],[-77.32859600019071,39.41761500027796],[-77.32961299999184,39.42157100015065],[-77.32812699966232,39.42266999978073],[-77.32987199955961,39.4246799996621],[-77.32451700021717,39.43171700032423],[-77.3314049997448,39.433229000240594],[-77.33475399997238,39.431906000026714],[-77.34594800015256,39.43469399968949],[-77.34520599981272,39.44019500000896],[-77.35358100039309,39.440083000288574],[-77.35492999955693,39.44175499983847],[-77.35733999980117,39.44166400016637],[-77.35791499973642,39.44547499978714],[-77.36441599964978,39.44367299984596],[-77.3624049996137,39.4479450002475],[-77.36958099991973,39.451750999730166],[-77.37207700037771,39.45731200004702],[-77.36720199963764,39.46056199976227],[-77.3682689996675,39.46346199991035],[-77.36647500026474,39.46527299987143],[-77.37087999975319,39.46609500006678],[-77.37172599985011,39.47377900003937],[-77.3913809999261,39.46851500031628],[-77.39134800031412,39.47161200026576],[-77.3897690000982,39.47226899971852],[-77.39281000035422,39.47185900014608],[-77.39037199962256,39.47388899981532],[-77.38798499984284,39.47998299981856],[-77.39720200032218,39.48270599994315],[-77.39775200014309,39.48566399985728],[-77.40659800000333,39.48428900000714],[-77.40584099959489,39.48317799973352],[-77.40780800014832,39.48008100019123],[-77.41209499963601,39.48117700008787],[-77.40754100018464,39.48566699978836],[-77.40881400007882,39.48751200016523],[-77.41270200025664,39.484720000311846],[-77.41634199983905,39.488523000302735],[-77.41830600001946,39.48624099994388],[-77.42039599969821,39.48749399966752],[-77.42372400000939,39.484327000107626],[-77.4209360003717,39.483122999931645],[-77.41926599991916,39.480014000015046],[-77.41983400018174,39.47779199976215],[-77.41241900039942,39.47438600028466],[-77.41233499983552,39.471408000183466],[-77.4157760001246,39.46965199978788],[-77.41994299996169,39.47119100010232],[-77.42123000009957,39.4695790001061],[-77.4252870003318,39.47012999990597],[-77.42672599990733,39.473170000194344],[-77.43090600016322,39.4752049999236],[-77.4318350001008,39.47302000010429],[-77.44101800024495,39.47583800005395],[-77.44431300004585,39.47158700017565],[-77.44888499993888,39.47325599997993],[-77.45193700006554,39.471971000069544],[-77.45316999977676,39.46750599991764],[-77.45930800036523,39.46784600006575],[-77.45984200029262,39.46568700024189],[-77.45650899995857,39.46521000015695],[-77.456088999834,39.46682400015211],[-77.45433499971588,39.46479899986047],[-77.46103399999593,39.4593570001123],[-77.45735400023058,39.45033700017965],[-77.45454800015122,39.44749799979145],[-77.45718199980313,39.44452300026139],[-77.46008599979177,39.44661899973459],[-77.46741199988564,39.44738799992057],[-77.46763000034385,39.44116800019108],[-77.47038000034671,39.439546999777654],[-77.47682099998559,39.44342999985254],[-77.48487299962746,39.44412799984878],[-77.49278000040269,39.44937100025385],[-77.49523499995443,39.453667000084764],[-77.50089499979374,39.456120999930405],[-77.50375799977449,39.456517999921395],[-77.50461599956698,39.45345199989616]]]}},{"type":"Feature","properties":{"GEOID":"24015","NAME":"State Senate District 15","BASENAME":"15","STATE":"24","SLDU":"015"},"geometry":{"type":"Polygon","coordinates":[[[-77.52765900022858,39.14472500017129],[-77.52517500036451,39.12926600001517],[-77.52030800002038,39.12106800014128],[-77.48540099970704,39.10930999982106],[-77.47895000002242,39.103410000266855],[-77.47349000019969,39.09404399991523],[-77.46865999966546,39.089389000071385],[-77.46895699976638,39.08562200023506],[-77.46250000023397,39.076404000289465],[-77.45697099991594,39.07339900020049],[-77.43483799982366,39.07020199995296],[-77.42073399980703,39.06632899987529],[-77.39835399984254,39.06465699991646],[-77.38579399988174,39.06213200032837],[-77.3371369995541,39.062264999755264],[-77.31982899997317,39.05341900021309],[-77.30610300024831,39.05187899983743],[-77.29407600038998,39.04694599986727],[-77.27419899965783,39.033954999991124],[-77.25474600014653,39.02973299980363],[-77.24893200032145,39.02678599968794],[-77.2443379997888,39.02754500033055],[-77.24439100039056,39.03078600001076],[-77.24038400038704,39.03501799992909],[-77.22769600037971,39.029448999728274],[-77.22189300042528,39.02904500023],[-77.21801699994303,39.02423799984137],[-77.2089459999519,39.01804299965476],[-77.20619900032207,39.02521799996835],[-77.20389500038304,39.02662999970189],[-77.19637199974738,39.026915999994834],[-77.18759100018445,39.02359300028115],[-77.17032600026123,39.021980000012164],[-77.16082000007691,39.023340999701475],[-77.14269599963797,39.02169600019273],[-77.1419240000592,39.023596999884326],[-77.14153900009474,39.029431999854665],[-77.15450099973845,39.05631299978765],[-77.16143699984497,39.057162999924195],[-77.1614600003095,39.058963000287875],[-77.16693600002579,39.05783800029354],[-77.17742899987401,39.06042800033851],[-77.17565899986238,39.06428100010461],[-77.17943099968925,39.06549799981644],[-77.18031799979404,39.06770899981027],[-77.18741700010719,39.069558000235524],[-77.18509599955141,39.07271999975791],[-77.18585799998274,39.07364899995451],[-77.1911989999798,39.07664999977151],[-77.1973529995635,39.07684900031534],[-77.20022800013815,39.08047699981488],[-77.19435099966557,39.09009900011598],[-77.19442699983357,39.09262800017563],[-77.19665700015274,39.093127000088394],[-77.1879600002554,39.11016399969742],[-77.18975899968105,39.111827999866094],[-77.19522799972464,39.107044000223546],[-77.20591499974162,39.11021899982772],[-77.20730599963657,39.11249300009783],[-77.21047300028928,39.11233099996442],[-77.21255000044758,39.10835300027631],[-77.2115789997789,39.106854000347376],[-77.21818799964726,39.107933000254064],[-77.22060100026455,39.102697999698854],[-77.22797500003897,39.10370999967263],[-77.24761400022143,39.11631400032037],[-77.25799800028972,39.118386000207515],[-77.26386900001621,39.1162340003194],[-77.30791699974257,39.14621799993779],[-77.2962039997036,39.15238499980439],[-77.2945929997006,39.151343999701076],[-77.28707099978816,39.158695000305954],[-77.28806300037328,39.16179999987216],[-77.28465399987124,39.16358999975183],[-77.28165799982108,39.16208599993507],[-77.26732000035103,39.178753000168236],[-77.25457100024435,39.184408000283085],[-77.26386999984113,39.19830999972916],[-77.27457899959941,39.20811200033412],[-77.27716100027112,39.21398299980724],[-77.26712700000719,39.21553399979978],[-77.25993300015782,39.220931999861484],[-77.2585599998062,39.22574199996125],[-77.2489919996976,39.23600300005322],[-77.25761900017304,39.244469000121704],[-77.26485400003031,39.24528500005543],[-77.27133599967706,39.239594999827],[-77.27793000037514,39.2375339998979],[-77.29063400027599,39.24648200007103],[-77.29831199982404,39.24706900016919],[-77.3122910001672,39.265797000246266],[-77.31456900016695,39.27119599973747],[-77.32188600003998,39.27615200001838],[-77.32498400019739,39.281174999656464],[-77.45880799987472,39.22026999988172],[-77.47380499984394,39.20835000025175],[-77.47599499998016,39.2018269996531],[-77.47508799978387,39.19543300026213],[-77.47867200018808,39.18967100033515],[-77.48579499989236,39.186025000236796],[-77.5057289996276,39.18203100016032],[-77.51078900031558,39.17877700003833],[-77.51860400013098,39.16773999969477],[-77.52464100043714,39.149382000099486],[-77.52765900022858,39.14472500017129]]]}},{"type":"Feature","properties":{"GEOID":"24029","NAME":"State Senate District 29","BASENAME":"29","STATE":"24","SLDU":"029"},"geometry":{"type":"Polygon","coordinates":[[[-76.87438299993636,38.382241999715774],[-76.87129999984755,38.37764300002885],[-76.85223099957749,38.36811099987833],[-76.84792499982323,38.36223000030365],[-76.84776800036272,38.355775000124765],[-76.85362300019567,38.34009999999202],[-76.85289000007667,38.33259800022845],[-76.84616700040547,38.327785000344484],[-76.82095100022441,38.27134200032307],[-76.82669300007946,38.259526000338354],[-76.82890900015494,38.25012800001205],[-76.86885899964116,38.171371999653594],[-76.85883600014623,38.17099899974659],[-76.85426099988013,38.16730199971191],[-76.83826499965312,38.163483000038745],[-76.82388100015231,38.16370199968985],[-76.79988699981179,38.16893299970028],[-76.76397299974307,38.16779099984873],[-76.75141699998024,38.16468900002581],[-76.69026599981403,38.16054899982673],[-76.63597200011165,38.1525599998867],[-76.62916300022673,38.15348300024442],[-76.62132999996967,38.15063800010422],[-76.60543000000213,38.148933000097145],[-76.60497200024273,38.14798999975017],[-76.61038400038491,38.148516000256066],[-76.60172099992445,38.12512900023025],[-76.60046700029685,38.113087999779154],[-76.59615599962139,38.106676000249685],[-76.5880799996901,38.102208000180696],[-76.58156799990608,38.095908999895265],[-76.55662899973446,38.085873000076546],[-76.53645700034784,38.07490300014254],[-76.53419100004363,38.0635389999172],[-76.52635799978658,38.05310799974666],[-76.51616000038943,38.044919999813416],[-76.516608999928,38.026782999900526],[-76.49197600007813,38.017714000125636],[-76.48089400005091,38.01527699966723],[-76.47339700025283,38.0162319999187],[-76.46500800032709,38.01322000030328],[-76.4338999996048,37.98184700007821],[-76.42545999962542,37.97687099982065],[-76.4129339999998,37.96633199995898],[-76.39067700005897,37.9588029999835],[-76.35932499983755,37.95227300021153],[-76.33861699997541,37.945285999925474],[-76.26584900002972,37.911043999772104],[-76.2575270000511,37.90573800001159],[-76.24790600023906,37.89486899984037],[-76.2407769997887,37.890625999936994],[-76.23657200031677,37.8901460001092],[-76.23614100032154,37.88846800014155],[-76.20147699968247,38.07730800023961],[-76.31541400037854,38.29979699983864],[-76.33633099957973,38.387965999696725],[-76.41578899958466,38.48980200026971],[-76.492305999791,38.48981200016096],[-76.48391199984239,38.47903400023654],[-76.46955000008289,38.46939100010607],[-76.47802400039745,38.46937899993097],[-76.47073799958827,38.465157000303144],[-76.46364599984612,38.45743100014506],[-76.45452899982422,38.45131100013565],[-76.45492300000952,38.4475270000687],[-76.45222800025824,38.443556000075574],[-76.44028699971533,38.435056999720516],[-76.43523000029872,38.43321799999369],[-76.43620400044215,38.43228899964955],[-76.43276399997798,38.429576000052364],[-76.43267399956629,38.427677999721205],[-76.43408600027595,38.4258460001833],[-76.4360389996874,38.42920800014544],[-76.43799899966983,38.42612700008198],[-76.44300499993113,38.42779699966562],[-76.44602100007278,38.43030999993019],[-76.44594999992766,38.432220000071254],[-76.44431999965812,38.43117299969471],[-76.44216800005506,38.433128999875485],[-76.44403299960294,38.434583000001325],[-76.446600000206,38.43363600029895],[-76.44700600008687,38.43573599965637],[-76.46644699990262,38.43449200033455],[-76.46958299969485,38.44250100034112],[-76.4709290002823,38.444040999667784],[-76.46567399960061,38.43001599975885],[-76.46977799968852,38.428700000305945],[-76.47308599990822,38.42470500011113],[-76.4801099998783,38.42681799976358],[-76.48363999985581,38.42595299997059],[-76.4866290002333,38.420584000238165],[-76.48514999957646,38.416331000006394],[-76.48222100037178,38.414857999835384],[-76.4837160000238,38.40864899978626],[-76.48538399992819,38.407700999738736],[-76.48148700042783,38.40563999984818],[-76.4832509996934,38.40206699998269],[-76.4827440004285,38.39911199976546],[-76.48587199982481,38.39746399975383],[-76.48426900021775,38.394664000223656],[-76.47962299980657,38.39491700011101],[-76.47948999973717,38.3939420000962],[-76.4828709997518,38.393500000086],[-76.48528699984381,38.39491299967999],[-76.48637599961496,38.39280299986071],[-76.49230900016404,38.389865000341956],[-76.49615499961078,38.39150899973849],[-76.49858999996937,38.386230000244296],[-76.4996750004409,38.387626999851214],[-76.50290999996733,38.382885000334966],[-76.50627099989048,38.375096000167716],[-76.50783099983983,38.37750299995785],[-76.51893899980631,38.383363000224506],[-76.52464499967635,38.39034299986843],[-76.53407499969269,38.39776599989564],[-76.55065199970277,38.39524800016026],[-76.55838799987545,38.39586099989105],[-76.5656150002351,38.40705100021846],[-76.57863100030548,38.41128299981715],[-76.59752800014809,38.423424999833415],[-76.60837300034882,38.424444999977226],[-76.62419200012553,38.44349799977848],[-76.63981400025872,38.45545600018753],[-76.65387200024462,38.46335899980851],[-76.65214200041594,38.473752999667575],[-76.66594900033164,38.49438899990037],[-76.67411800014938,38.49962199979635],[-76.68665100034599,38.49498700027805],[-76.69931699971369,38.4971250000001],[-76.702203000159,38.5016680000644],[-76.7053079999891,38.50168300024243],[-76.71061300000115,38.50746900030526],[-76.71053000016047,38.509170000086954],[-76.71383500000712,38.51048199984543],[-76.7156490003997,38.5094460002622],[-76.72662699977151,38.511768999762566],[-76.75205100036504,38.513732999707166],[-76.76689900037134,38.51327799969634],[-76.77495500021115,38.5088999998699],[-76.8224080002416,38.43241000032143],[-76.82269500029678,38.42837800001457],[-76.82732300026632,38.42518600021386],[-76.82955699988514,38.421118999968854],[-76.83488199998867,38.4179350000192],[-76.84085099962445,38.410163999733534],[-76.84668100024136,38.40798999994818],[-76.8503169996258,38.39833599998004],[-76.86226800021447,38.39184600009653],[-76.86648799975501,38.392812000036756],[-76.86874900003633,38.389809000231914],[-76.8712820003042,38.390059999858664],[-76.87438299993636,38.382241999715774]]]}},{"type":"Feature","properties":{"GEOID":"24005","NAME":"State Senate District 5","BASENAME":"5","STATE":"24","SLDU":"005"},"geometry":{"type":"Polygon","coordinates":[[[-77.31156200024614,39.63874899987551],[-77.30791199971969,39.62832599977094],[-77.29951899959597,39.623859999899246],[-77.30167600012022,39.621261000065296],[-77.3073769999674,39.61896499977299],[-77.30026199976072,39.612555000159965],[-77.29400600006979,39.61032800021119],[-77.29030399966477,39.60663999966473],[-77.29042199966555,39.60443699972377],[-77.28774700000578,39.60451600027225],[-77.28568099971812,39.60776000015799],[-77.27130499971493,39.606163000300725],[-77.26978999997141,39.603873000338595],[-77.27035999988381,39.600316999988564],[-77.26597700013664,39.59839599981096],[-77.2631500001409,39.59424299969795],[-77.2605940003068,39.593960000340445],[-77.25954999984316,39.594810000041804],[-77.26165899978851,39.60048000017011],[-77.258461000072,39.603635000250684],[-77.25467900019937,39.60327699983998],[-77.25084700009806,39.6015890003209],[-77.24716300013473,39.59371400004279],[-77.23877800040692,39.588974999749645],[-77.23870800008672,39.58441200031862],[-77.23331199983807,39.58845299965565],[-77.22743699991362,39.588073999982484],[-77.2321179995866,39.58614900007093],[-77.23252000016784,39.58463199974752],[-77.22026200033082,39.58210799998998],[-77.21917500020948,39.579692999769414],[-77.22292000027217,39.57745699998224],[-77.22071300041753,39.57562400033662],[-77.21586600016488,39.57443400011958],[-77.21004399994386,39.57909700031391],[-77.19993299968705,39.5784730000901],[-77.1993650003228,39.57640299995066],[-77.18697000021844,39.56667499986388],[-77.18700500037853,39.56248199985739],[-77.18272700021336,39.55934200020327],[-77.17800999965708,39.560894999661556],[-77.1752379999129,39.559981999783744],[-77.1714939996751,39.55463899972542],[-77.16944500000422,39.55411800022596],[-77.16961599970844,39.549851000092985],[-77.17175099959306,39.546645000001966],[-77.17160300035337,39.54382299998094],[-77.16899999976529,39.54229099975108],[-77.17146199988805,39.53923299975928],[-77.17058300017918,39.53439600019687],[-77.16545700026728,39.53416599984007],[-77.16321100005456,39.53253800033804],[-77.15596299977852,39.533690000181494],[-77.15233999991455,39.53249800004337],[-77.15002699975469,39.52198800029156],[-77.13840199957927,39.520489999741855],[-77.13695100030817,39.51740299969106],[-77.13782400016926,39.51515899993448],[-77.13354099998124,39.50854099976457],[-77.12975499991065,39.50955999979916],[-77.12772899980597,39.50854899995157],[-77.11326800031227,39.49776300006805],[-77.10999799972743,39.49748000000206],[-77.10739400021274,39.49419500002241],[-77.10674700030745,39.491858999859524],[-77.1102000002921,39.48600400000942],[-77.11768600021952,39.478618999682936],[-77.11707299975112,39.47547200015516],[-77.11891100043313,39.473037000260184],[-77.1199719997169,39.46525599989904],[-77.11602199961479,39.45984499998776],[-77.12395799980402,39.45130499966884],[-77.13344800009482,39.43240100022081],[-77.14803699963502,39.417755000113644],[-77.14740099960039,39.40913600009563],[-77.15425100039151,39.39173700019329],[-77.155906999702,39.38190099969796],[-77.16096300019204,39.38071099966708],[-77.15999800026944,39.383968000105334],[-77.1648620002405,39.38468000003648],[-77.16506399990688,39.386176000238976],[-77.16380799973115,39.38621399973924],[-77.1654720003359,39.39000100011759],[-77.17001099971864,39.393862000135485],[-77.17556099995308,39.388547999757876],[-77.17010100013033,39.389319000197354],[-77.17082199965546,39.3875070000583],[-77.16921700039859,39.38708000031814],[-77.17300500011898,39.37765800032111],[-77.17949500016167,39.37882799971966],[-77.17887199964751,39.366052000243414],[-77.17273800015528,39.365744000268286],[-77.16760399984746,39.36347499993105],[-77.16845699961708,39.359174000071505],[-77.16709599985933,39.35859999989489],[-77.1692609998812,39.354618000206855],[-77.15177000000214,39.348630999887355],[-77.14511400027813,39.351203999989714],[-77.13590699984454,39.360107000236184],[-77.12641900010186,39.36426399993261],[-77.10759699970401,39.366581000083755],[-77.10101299995,39.3693339998598],[-77.0776749997356,39.36615099989734],[-77.07441300044498,39.36267600020782],[-77.06576900025108,39.362192999687124],[-77.06127699982568,39.359179000241056],[-77.05117999981258,39.35910600009112],[-77.05103500004762,39.36116800027781],[-77.04857399974975,39.36215400017664],[-77.03361100011573,39.355337999829544],[-77.03095700037234,39.35133199978851],[-77.02833899971563,39.35243999990378],[-77.02541200016077,39.350587999719146],[-77.02252999991342,39.35078800023999],[-77.02090499966675,39.35353399973839],[-77.01598200014442,39.35254099993699],[-77.0091380000994,39.35482600010365],[-76.99774800010063,39.35486200022331],[-76.98940400038072,39.361338000295355],[-76.98300100037667,39.362860000321334],[-76.97489299975999,39.36115200005057],[-76.9698249995744,39.36402800024584],[-76.96449699999613,39.361433999959104],[-76.95995500024031,39.356636000040915],[-76.9504840002161,39.35779400001328],[-76.95072500024051,39.35961700023318],[-76.94642899963368,39.36103900029481],[-76.94137399986688,39.35747199975835],[-76.93740700004635,39.35884799991098],[-76.929251999574,39.35392499986579],[-76.91828800044587,39.35085599998101],[-76.91291499976344,39.35096799994141],[-76.90957700030484,39.34846300016543],[-76.90800099956364,39.349382000061404],[-76.9086719997584,39.3528909997203],[-76.90301899959178,39.35440699966213],[-76.89790100007579,39.35163000007224],[-76.88902900027628,39.353804999869354],[-76.88671399956829,39.35061300016288],[-76.88575299984363,39.35262899983316],[-76.8803780004097,39.349650999700586],[-76.87992800014791,39.35670300013365],[-76.87335400043963,39.35685100023508],[-76.88152499990719,39.36172899980745],[-76.8811249998741,39.36342899965862],[-76.87798099968595,39.36411799976723],[-76.87930999965663,39.36602599969371],[-76.88171599970289,39.36437900022374],[-76.88489000002829,39.364993999653734],[-76.88680599962979,39.369684000231814],[-76.88894899991034,39.370568999834504],[-76.89099299955836,39.37673100014238],[-76.88866400040331,39.38045499988065],[-76.89116099978786,39.37985900026655],[-76.89133200039039,39.38222900024978],[-76.88343600038415,39.38548999985546],[-76.88514399957319,39.3881330000144],[-76.87914999982306,39.38790899968601],[-76.87880400021663,39.39049000032739],[-76.87486300033538,39.38860899988683],[-76.8733519998915,39.38882400023498],[-76.87761699963787,39.390951000159674],[-76.87744799958347,39.39255300027248],[-76.87952100044214,39.39173299997881],[-76.88005299982137,39.39505000014442],[-76.88551699984208,39.3976210000441],[-76.8789280000652,39.40390300018813],[-76.88442800007093,39.404603000263194],[-76.88142899964771,39.417402999932],[-76.875928999642,39.41760299992202],[-76.87452900042452,39.41910299994708],[-76.87532899959238,39.42050300017975],[-76.88649199981043,39.42174500006148],[-76.88626500002971,39.425917999716646],[-76.8885720003418,39.42551300011263],[-76.89067799991409,39.42865099976009],[-76.88938599975334,39.430183000057326],[-76.89558200006816,39.42920399990921],[-76.8931209997703,39.431188000200805],[-76.89482200018496,39.43195200026585],[-76.89505399998855,39.43414000030335],[-76.89113800022164,39.43318300015073],[-76.89064299975401,39.43539900031536],[-76.89429999995315,39.43980200014161],[-76.88730000027252,39.440501999824384],[-76.91166899963345,39.44359300029286],[-76.92724700028403,39.449345000230046],[-76.92987400026324,39.44863899966139],[-76.93505100022878,39.44315300006781],[-76.93849199961956,39.44235700006448],[-76.94573499987271,39.446169000231755],[-76.94888800028173,39.45117100001613],[-76.95538599982201,39.451864999878396],[-76.95631099956165,39.45508799989139],[-76.95364199974964,39.459591999738926],[-76.95393499965259,39.4671560000696],[-76.95194100023329,39.471402999735474],[-76.94913000013105,39.47451099977697],[-76.93925900007375,39.46803600020001],[-76.93973399955159,39.47145100013841],[-76.93185199978902,39.47667100026853],[-76.93032299980182,39.485520999985845],[-76.92879100033984,39.48717300017754],[-76.93807200039329,39.49667999973413],[-76.94071799974077,39.50229799970274],[-76.94692300027641,39.50658099965466],[-76.9503150001617,39.501666000095746],[-76.94994600009073,39.496890999734326],[-76.96139200016603,39.490874999835604],[-76.96209799962254,39.48747899971142],[-76.97212699986359,39.489332000166755],[-76.97350900043604,39.49122199990132],[-76.97525199978519,39.51312999985736],[-76.98775099964662,39.52058000034579],[-76.99025600032542,39.52381899995776],[-76.97979500026423,39.531499000208846],[-76.973133999619,39.53347799993515],[-76.97020600023923,39.53925300004744],[-76.95774599983754,39.55199700019897],[-76.95057200007963,39.56343399985437],[-76.94387299979958,39.56822500009678],[-76.9590670003106,39.575075000129054],[-76.97608600018654,39.585184000199334],[-76.98016500016007,39.584614000185525],[-76.99001600012589,39.58803999987945],[-76.9919519998189,39.585961000299854],[-76.99914999986625,39.59097099975451],[-76.99919199969904,39.59328200012434],[-76.99562599973648,39.59277899974916],[-76.99558700027673,39.596566999766836],[-76.99912300010205,39.59687700000586],[-76.9983520003482,39.60512800005718],[-76.99460899993534,39.6067289998802],[-76.99383099961048,39.604019999943546],[-76.99026600037116,39.602418999779125],[-76.99157699990016,39.60513299987817],[-76.98954199957466,39.607441000254155],[-76.99088899998699,39.61334800026738],[-76.99436500043618,39.617591999909706],[-76.99115299957764,39.619443999991034],[-76.99701800035467,39.62050399982471],[-76.99743799958092,39.61462099994609],[-77.01164100023006,39.6213849997021],[-77.01718100041877,39.61577299980327],[-77.02221299972102,39.613515000151324],[-77.02406100044877,39.61105199976881],[-77.01931499958015,39.60798200031288],[-77.0130940000493,39.60832799994562],[-77.00797900000804,39.60670899967068],[-77.01204000043823,39.601687000094365],[-77.0209640001163,39.59589200016334],[-77.02629699971743,39.59016599984229],[-77.03160199972947,39.590423000282904],[-77.03932200000864,39.59531900028814],[-77.04811799964017,39.5970639997024],[-77.05821399982838,39.60258099971894],[-77.04651099983515,39.63199300011441],[-77.04179800037512,39.63431099975474],[-77.04619199999293,39.63439000011023],[-77.04673699979095,39.64387799971747],[-77.03860399995826,39.646791000305335],[-77.03316000002903,39.645719000201176],[-77.02890100013042,39.64294800018406],[-77.02365300001978,39.642224000182395],[-77.0222820002163,39.64342399967062],[-77.02201299970449,39.64693200030951],[-77.02751199988529,39.66161800009442],[-77.0263379997253,39.66545600008623],[-77.01987500034514,39.667229000040514],[-77.01482700025103,39.665614000079174],[-77.01361799993094,39.662548000214066],[-77.00926100012305,39.66387700028556],[-77.0075329999442,39.66045400016065],[-76.9997030000602,39.662014999845],[-76.9954299999179,39.65815200030357],[-76.99004200006517,39.65915699970565],[-76.98434299986782,39.66756599965963],[-76.98418600040729,39.675564999990854],[-76.97739099986777,39.68350600011863],[-76.9727110000197,39.68492100032886],[-76.96772800022292,39.68074200017387],[-76.96819299965502,39.674219000043216],[-76.95859399958428,39.6683340001006],[-76.95543299967767,39.66261199998061],[-76.9532519997623,39.66353900001225],[-76.9474449996099,39.66210899992585],[-76.94030900038517,39.667379000281194],[-76.9384189998246,39.66387499970364],[-76.93572800027128,39.663173999988324],[-76.93325199990481,39.6598339999742],[-76.92960899994938,39.658385000212434],[-76.92660000037874,39.659095000226095],[-76.92334900006045,39.6563939999413],[-76.90356599993795,39.6680930000881],[-76.89743999994334,39.66750099974814],[-76.89609699972897,39.66561599991921],[-76.90102500017247,39.66408600026565],[-76.90092499971504,39.660664000111666],[-76.89704099973517,39.66313500033593],[-76.89792799983996,39.661527999954075],[-76.89601899991115,39.659818999917505],[-76.89101000017511,39.66090899970905],[-76.89023299967516,39.65991300021904],[-76.89171200033199,39.65760300003636],[-76.89346399990197,39.65782199995528],[-76.89275400024749,39.65629199994756],[-76.89617899974473,39.65317599995458],[-76.89576600019117,39.6518329999249],[-76.9016040003057,39.648329999788615],[-76.89857599957018,39.6429170000995],[-76.8932620002356,39.6416520001029],[-76.89441499958087,39.640699999746076],[-76.89754600024855,39.64238000020045],[-76.90002300043994,39.63773600004626],[-76.89504599959264,39.635964000015456],[-76.89582899994036,39.63923500015141],[-76.89208499970256,39.63694200025123],[-76.88768799971172,39.64249900014614],[-76.8820389997431,39.642337000239465],[-76.88655000043508,39.647215000333176],[-76.88386900002918,39.64682499992057],[-76.8783439999091,39.649450000016195],[-76.87921799959511,39.651088999745426],[-76.8741550003307,39.65234099993936],[-76.87220600021892,39.65532999989822],[-76.8769570002121,39.658338999755465],[-76.87566000002849,39.65999899969133],[-76.87725299958981,39.66067899998497],[-76.87193400023236,39.66482200009623],[-76.8703800001308,39.66435200026904],[-76.87323399989072,39.6671519996568],[-76.88044299980872,39.66893399988571],[-76.88052900002243,39.67134499975341],[-76.8833779997595,39.671525999762565],[-76.88233199964606,39.67301899994034],[-76.89009600030613,39.66868000012634],[-76.89176099983747,39.676400000127785],[-76.89045000030848,39.67692700023406],[-76.89050999968461,39.67431099983606],[-76.88667000008566,39.67621700021955],[-76.88800699955395,39.67808200018138],[-76.88458100023179,39.680608000000724],[-76.88764000003115,39.682145999695884],[-76.88120299969191,39.686763999798906],[-76.87116599995325,39.69877200018452],[-76.85771899988764,39.70724700008325],[-76.85410500024452,39.70715299992242],[-76.85175799974947,39.71448899994868],[-76.84484500010748,39.71840099969575],[-76.8389259998021,39.7170209998259],[-76.83772499987796,39.72050200007833],[-77.21702400043134,39.71986100019117],[-77.21460999998914,39.71721800023403],[-77.21559599982812,39.712710000274264],[-77.22497099959291,39.71036499999016],[-77.22676599971889,39.70730599986143],[-77.22431899966475,39.70452600033537],[-77.21615900006785,39.7013539996736],[-77.21516900003088,39.6993569998138],[-77.21626100017508,39.69741299995112],[-77.22596800020088,39.69383899985321],[-77.24003100020963,39.69570299997076],[-77.2432680002842,39.69473100000752],[-77.2443379997888,39.69136800016256],[-77.23615100042771,39.68564799997764],[-77.23634899989612,39.68089600028907],[-77.2345379998766,39.67743399996019],[-77.24306200041987,39.669978000104116],[-77.24928299995074,39.66747700024414],[-77.25460600040445,39.66760199990339],[-77.25583900011564,39.66321099970912],[-77.26201100014103,39.665190000183586],[-77.26624300027544,39.662268999901755],[-77.26547099979835,39.65592400019714],[-77.27241399957758,39.65160100018514],[-77.27560700016953,39.647196000250545],[-77.27137500003514,39.64165500021122],[-77.27673000027589,39.63928600029837],[-77.27917300013209,39.63641900026013],[-77.27597299986743,39.63192799995826],[-77.29150399976405,39.63058199967697],[-77.2946549996249,39.6318830002933],[-77.3000619997442,39.63932599987183],[-77.30717399957781,39.641113999790896],[-77.31156200024614,39.63874899987551]]]}},{"type":"Feature","properties":{"GEOID":"24004","NAME":"State Senate District 4","BASENAME":"4","STATE":"24","SLDU":"004"},"geometry":{"type":"Polygon","coordinates":[[[-77.67708300029783,39.32523199987561],[-77.66507999983061,39.316804999801526],[-77.6508989998211,39.31084600017651],[-77.64408400008838,39.30875000012064],[-77.63092499990287,39.307718999654334],[-77.61591000039031,39.30254799983351],[-77.60626600011372,39.30375999989125],[-77.5926199998565,39.30120100000081],[-77.57922499966944,39.30507999998754],[-77.56659799976147,39.30604699979983],[-77.56182800040004,39.3014689998089],[-77.56277499988097,39.29446899977193],[-77.56069000022507,39.28595999989432],[-77.55415599980145,39.28143100020659],[-77.54308600036812,39.266915999716296],[-77.51066799994175,39.25325600022603],[-77.49726699990691,39.251327999695704],[-77.48664600001214,39.24728100001269],[-77.47110500006978,39.23430299994164],[-77.45949699961281,39.227723999769786],[-77.45763899973764,39.224595000059466],[-77.45880799987472,39.22026999988172],[-77.16808000004852,39.35395700015418],[-77.16973399970921,39.35510199985226],[-77.16709599985933,39.35859999989489],[-77.16845699961708,39.359174000071505],[-77.16760399984746,39.36347499993105],[-77.17273800015528,39.365744000268286],[-77.17887199964751,39.366052000243414],[-77.17949500016167,39.37882799971966],[-77.17300500011898,39.37765800032111],[-77.16921700039859,39.38708000031814],[-77.17082199965546,39.3875070000583],[-77.17010100013033,39.389319000197354],[-77.17556099995308,39.388547999757876],[-77.17001099971864,39.393862000135485],[-77.1654720003359,39.39000100011759],[-77.16380799973115,39.38621399973924],[-77.16506399990688,39.386176000238976],[-77.1648620002405,39.38468000003648],[-77.15999800026944,39.383968000105334],[-77.16096300019204,39.38071099966708],[-77.155906999702,39.38190099969796],[-77.15425100039151,39.39173700019329],[-77.14740099960039,39.40913600009563],[-77.14803699963502,39.417755000113644],[-77.13344800009482,39.43240100022081],[-77.12395799980402,39.45130499966884],[-77.11602199961479,39.45984499998776],[-77.1199719997169,39.46525599989904],[-77.11891100043313,39.473037000260184],[-77.11707299975112,39.47547200015516],[-77.11768600021952,39.478618999682936],[-77.1103550001028,39.48579799965894],[-77.10673300006374,39.492087999940786],[-77.10999799972743,39.49748000000206],[-77.11326800031227,39.49776300006805],[-77.12772899980597,39.50854899995157],[-77.13360499955533,39.50859600025203],[-77.13782400016926,39.51515899993448],[-77.13695100030817,39.51740299969106],[-77.13840199957927,39.520489999741855],[-77.15002699975469,39.52198800029156],[-77.15233999991455,39.53249800004337],[-77.15596299977852,39.533690000181494],[-77.16321100005456,39.53253800033804],[-77.16545700026728,39.53416599984007],[-77.17058300017918,39.53439600019687],[-77.17146199988805,39.53923299975928],[-77.16899999976529,39.54229099975108],[-77.17160300035337,39.54382299998094],[-77.17175099959306,39.546645000001966],[-77.16961599970844,39.549851000092985],[-77.16944500000422,39.55411800022596],[-77.1714939996751,39.55463899972542],[-77.1752379999129,39.559981999783744],[-77.17800999965708,39.560894999661556],[-77.18272700021336,39.55934200020327],[-77.18700500037853,39.56248199985739],[-77.18697000021844,39.56667499986388],[-77.1993650003228,39.57640299995066],[-77.19993299968705,39.5784730000901],[-77.21004399994386,39.57909700031391],[-77.21563900038416,39.574510999867954],[-77.22023700021647,39.57543199966116],[-77.22292000027217,39.57745699998224],[-77.21917500020948,39.579692999769414],[-77.22026200033082,39.58210799998998],[-77.23252000016784,39.58463199974752],[-77.2321179995866,39.58614900007093],[-77.2274779999215,39.58710800024951],[-77.22772099959575,39.58828299990342],[-77.23394399967475,39.58823899989957],[-77.23884299980594,39.58451700019612],[-77.23869999969081,39.588880999954085],[-77.24768199999349,39.594224000295846],[-77.25165600038505,39.602100000186866],[-77.25697100044285,39.603810000313516],[-77.25995999992199,39.6026619998928],[-77.26203500043046,39.59936499983445],[-77.25956200043704,39.59446700008927],[-77.26275900032864,39.594059999665774],[-77.26597700013664,39.59839599981096],[-77.27035999988381,39.600316999988564],[-77.26978999997141,39.603873000338595],[-77.27109700020078,39.60608200006933],[-77.28568099971812,39.60776000015799],[-77.28745400010281,39.604743000295365],[-77.28964400023902,39.60413199999344],[-77.29465399979998,39.61084500007174],[-77.30142500005006,39.613353000186855],[-77.30741600032547,39.619101000258574],[-77.30167600012022,39.621261000065296],[-77.29953600021273,39.62392999987147],[-77.30791199971969,39.62832599977094],[-77.31156200024614,39.63874899987551],[-77.30717399957781,39.641113999790896],[-77.30195200030475,39.64065299969125],[-77.30084500009191,39.644531999887285],[-77.30251800001918,39.647591999655496],[-77.30214999977315,39.65450699989851],[-77.30976000044745,39.656249000339045],[-77.31205000014278,39.65436700020997],[-77.31526700012589,39.65495500003962],[-77.31853000013972,39.66045100017651],[-77.33029199968418,39.659119999889086],[-77.34666000035519,39.66470299984782],[-77.35387900031893,39.66078399969839],[-77.36134900035283,39.659481999860326],[-77.3630570004402,39.658384000187816],[-77.35793099962997,39.65209199993988],[-77.36337200008445,39.64679199980603],[-77.361776999975,39.64306199999618],[-77.36477300002517,39.640354000066495],[-77.36646400039407,39.634676999661544],[-77.3649799997144,39.632174999811625],[-77.36623599989012,39.625506999863255],[-77.36184100044741,39.61805800034473],[-77.36264700036136,39.61644900002256],[-77.35911400001078,39.613479000115085],[-77.3717960001703,39.61340000010455],[-77.37064200010182,39.61254100022312],[-77.38115199966849,39.609108000132125],[-77.3829900003505,39.61192100017913],[-77.3873320000898,39.612275000192305],[-77.38941300044605,39.6115789998548],[-77.38803599989649,39.61191300014231],[-77.39125700007754,39.60821799987782],[-77.39223899971857,39.61020000002563],[-77.39909799983221,39.60374600010849],[-77.39683200042633,39.599817000015236],[-77.39846400034571,39.598782999946216],[-77.40102799967741,39.60095299996032],[-77.40588199960276,39.59994200017397],[-77.40803999995192,39.603111000309084],[-77.4118269998474,39.60347900007498],[-77.41305600025898,39.605754999991625],[-77.41108700005569,39.606269999914346],[-77.41218800042076,39.60810400008869],[-77.41090299993269,39.610392999895836],[-77.41931100012502,39.611060999922174],[-77.42097499983143,39.612349000110946],[-77.41954299992861,39.61433600018237],[-77.42089399964058,39.61492000007112],[-77.4224849995521,39.61324299979837],[-77.42461399958893,39.61365800012961],[-77.42429899994467,39.61504399999634],[-77.4263019995848,39.61521299985492],[-77.42528800015671,39.61863800034063],[-77.42630400013296,39.62029600013754],[-77.43794600002681,39.62124099990218],[-77.43764499972792,39.62590800000472],[-77.44458500003239,39.62700699976306],[-77.44369000043,39.630230000065026],[-77.4463850001813,39.63220000021541],[-77.4538700002838,39.633402000058396],[-77.45982100037622,39.63132799994369],[-77.45900399969331,39.64607099984841],[-77.46710200026423,39.64201999973419],[-77.47069199961791,39.642302999800975],[-77.47257299995766,39.64590399967518],[-77.47655099964885,39.647591999655496],[-77.48352399956529,39.645617999883136],[-77.48634999973613,39.642951999792345],[-77.49108099963783,39.645355999877076],[-77.49239600026313,39.643686000079654],[-77.49586299959316,39.64789700016973],[-77.49279499957298,39.651458999894736],[-77.49669600016959,39.65349299980475],[-77.49360800005793,39.65527300010063],[-77.49415899970374,39.6584279998753],[-77.49813399992021,39.66018199968393],[-77.50121500035918,39.65812400020527],[-77.50120199994039,39.66035799991123],[-77.50470400032884,39.66258500026999],[-77.51097099989045,39.65586400001449],[-77.51335900039338,39.649542999741705],[-77.52000400024676,39.640815000083975],[-77.526329000433,39.637027000295504],[-77.52625999993772,39.63500200006119],[-77.52909799980412,39.63245700032787],[-77.53366800004734,39.63120700000556],[-77.54068000032184,39.63356099967988],[-77.54599700002946,39.63312100032527],[-77.54844599973346,39.63122499991256],[-77.55076499974108,39.62531200030395],[-77.5701820001657,39.61999800028816],[-77.5750269998702,39.61126999969339],[-77.57817799973107,39.59801100000079],[-77.58530399980837,39.583297000277355],[-77.58676099982557,39.57136499986389],[-77.58930800033716,39.5670920000716],[-77.5944359998989,39.56344599999789],[-77.5954510000502,39.55179900020535],[-77.59937199984,39.5501929996953],[-77.59706799990097,39.54197500004349],[-77.60607199994497,39.53671900008943],[-77.61067200032541,39.53025700031265],[-77.61289699972342,39.52967400025427],[-77.61480099962935,39.525993999948575],[-77.61443900012942,39.52279700009034],[-77.61811700024496,39.518576999721326],[-77.61978099995139,39.51179100009211],[-77.62248900012146,39.50816300010072],[-77.62086399987479,39.50580500029797],[-77.62300799998023,39.49989799969411],[-77.61440999981711,39.491551000174226],[-77.62202399979105,39.48175399996233],[-77.61598099963712,39.46876800002854],[-77.62173400026114,39.46396200013472],[-77.62185599956157,39.45967399987642],[-77.62681099976925,39.45710600003887],[-77.6285540000167,39.4515469996927],[-77.6265179998663,39.44845500028472],[-77.63015699962376,39.4483749999818],[-77.63468900023216,39.44554900009995],[-77.63792399975858,39.43533299990993],[-77.63807600009456,39.42277899987158],[-77.64087600032613,39.415390000292604],[-77.63931999967642,39.40735599975153],[-77.64041099999572,39.40253800006769],[-77.65155199957417,39.37511200023649],[-77.66034800010402,39.36368100032647],[-77.66688699965218,39.35073199979063],[-77.6734419999922,39.344225000107784],[-77.67708300029783,39.32523199987561]],[[-77.50457899975706,39.453365999912286],[-77.50375799977449,39.456517999921395],[-77.50089499979374,39.456120999930405],[-77.49523499995443,39.453667000084764],[-77.49278000040269,39.44937100025385],[-77.48487299962746,39.44412799984878],[-77.47682099998559,39.44342999985254],[-77.47038000034671,39.439546999777654],[-77.46763000034385,39.44116800019108],[-77.46741199988564,39.44738799992057],[-77.46008599979177,39.44661899973459],[-77.45718199980313,39.44452300026139],[-77.45454800015122,39.44749799979145],[-77.45735400023058,39.45033700017965],[-77.46103399999593,39.4593570001123],[-77.45433499971588,39.46479899986047],[-77.456088999834,39.46682400015211],[-77.45650899995857,39.46521000015695],[-77.45984200029262,39.46568700024189],[-77.45930800036523,39.46784600006575],[-77.45316999977676,39.46750599991764],[-77.45193700006554,39.471971000069544],[-77.44888499993888,39.47325599997993],[-77.44431300004585,39.47158700017565],[-77.44101800024495,39.47583800005395],[-77.4318350001008,39.47302000010429],[-77.43090600016322,39.4752049999236],[-77.42672599990733,39.473170000194344],[-77.4252870003318,39.47012999990597],[-77.42123000009957,39.4695790001061],[-77.41994299996169,39.47119100010232],[-77.4157760001246,39.46965199978788],[-77.41233499983552,39.471408000183466],[-77.41241900039942,39.47438600028466],[-77.41983400018174,39.47779199976215],[-77.41926599991916,39.480014000015046],[-77.4209360003717,39.483122999931645],[-77.42372400000939,39.484327000107626],[-77.42039599969821,39.48749399966752],[-77.41830600001946,39.48624099994388],[-77.41634199983905,39.488523000302735],[-77.41270200025664,39.484720000311846],[-77.40881400007882,39.48751200016523],[-77.40754100018464,39.48566699978836],[-77.41209499963601,39.48117700008787],[-77.40780800014832,39.48008100019123],[-77.40584099959489,39.48317799973352],[-77.40659800000333,39.48428900000714],[-77.39775200014309,39.48566399985728],[-77.39720200032218,39.48270599994315],[-77.38798499984284,39.47998299981856],[-77.39037199962256,39.47388899981532],[-77.39281000035422,39.47185900014608],[-77.3897690000982,39.47226899971852],[-77.39134800031412,39.47161200026576],[-77.3913809999261,39.46851500031628],[-77.37172599985011,39.47377900003937],[-77.37087999975319,39.46609500006678],[-77.36647500026474,39.46527299987143],[-77.3682689996675,39.46346199991035],[-77.36720199963764,39.46056199976227],[-77.37207700037771,39.45731200004702],[-77.36958099991973,39.451750999730166],[-77.3624049996137,39.4479450002475],[-77.36441599964978,39.44367299984596],[-77.35791499973642,39.44547499978714],[-77.35733999980117,39.44166400016637],[-77.35492999955693,39.44175499983847],[-77.35358100039309,39.440083000288574],[-77.34520599981272,39.44019500000896],[-77.34594800015256,39.43469399968949],[-77.33475399997238,39.431906000026714],[-77.3314049997448,39.433229000240594],[-77.32451700021717,39.43171700032423],[-77.32987199955961,39.4246799996621],[-77.32812699966232,39.42266999978073],[-77.32961299999184,39.42157100015065],[-77.32859600019071,39.41761500027796],[-77.32636800041966,39.41594200012605],[-77.31606499964388,39.41465699994658],[-77.31230899971054,39.410392000314246],[-77.3113899998187,39.404852999727595],[-77.30921200027637,39.403193999983635],[-77.31158499981237,39.39529999983361],[-77.31002900006096,39.388050999667655],[-77.32527600027544,39.39210300010226],[-77.32516999997024,39.382815000032195],[-77.32028199970969,39.37196700008394],[-77.32100899998093,39.36788700011267],[-77.32562299970677,39.36244100014301],[-77.33478599975942,39.36713700028887],[-77.34025999982586,39.3656310003021],[-77.34312299980664,39.36285699996099],[-77.34770100044578,39.365392000121666],[-77.35233299971496,39.36448999993866],[-77.34951599976495,39.36099899999321],[-77.35007999982956,39.35815000030618],[-77.35544699976589,39.35787899966471],[-77.35667600017744,39.35514900028214],[-77.35217700007934,39.35449499998653],[-77.35044399987763,39.35200599977764],[-77.35064200024435,39.34047599978781],[-77.3433389997167,39.32802000033658],[-77.34954300042743,39.32441900028537],[-77.36177600015007,39.32181099985794],[-77.37176900040612,39.328795000302094],[-77.38236600001144,39.328970000114275],[-77.39404800008829,39.33415699990394],[-77.40196099981297,39.33278099990478],[-77.40947199985476,39.32699499994524],[-77.41342899962956,39.32614099994802],[-77.42157400005617,39.33230000019973],[-77.42642600033167,39.330811999668526],[-77.43226899957075,39.332472999857835],[-77.42594199973469,39.34870300023996],[-77.4321589999659,39.358461999773546],[-77.43712900024221,39.362616999887564],[-77.44336099964372,39.36080400027876],[-77.45437300024903,39.36909699991334],[-77.45156200014681,39.37330299989083],[-77.44881200014395,39.37321800026021],[-77.45287400039905,39.37510300003987],[-77.45075299985982,39.37976400011765],[-77.45383799959842,39.383089999745735],[-77.4526669998115,39.38617700002512],[-77.45475200036573,39.387573999694226],[-77.45963200023034,39.38507299968015],[-77.46291299978753,39.38817399980443],[-77.46273100021267,39.389876000263634],[-77.46541300044345,39.392258999832755],[-77.46259200029549,39.393881999900984],[-77.46612800012082,39.404383999768314],[-77.46451799994274,39.404801999970715],[-77.47033500014085,39.408010999991234],[-77.47653399993042,39.415708999746265],[-77.48664400036232,39.42330999988805],[-77.48869700023118,39.42739100004217],[-77.48986399982014,39.43813599999162],[-77.50176199980703,39.44531499987305],[-77.50457899975706,39.453365999912286]]]}},{"type":"Feature","properties":{"GEOID":"24025","NAME":"State Senate District 25","BASENAME":"25","STATE":"24","SLDU":"025"},"geometry":{"type":"Polygon","coordinates":[[[-76.97347199972779,38.805976000295466],[-76.95858400043684,38.804977000023555],[-76.95555499987641,38.808365000327306],[-76.9461059995935,38.81372299965013],[-76.94877000028094,38.81727900000397],[-76.931158999853,38.8188429999393],[-76.92728400009396,38.82813099991408],[-76.92524700011863,38.82772199970351],[-76.9116850004253,38.83436400014065],[-76.89906299964188,38.836083000076044],[-76.89017400012393,38.83519200032091],[-76.90112899992954,38.83437600021207],[-76.89961599983586,38.83296300011511],[-76.89426200031832,38.83375200011419],[-76.89393699972999,38.83076000004466],[-76.89549099983157,38.82856799999611],[-76.89493000013998,38.82613899973147],[-76.89233300029801,38.82435400019166],[-76.89473400032142,38.82240000022104],[-76.89007100019178,38.822498999717226],[-76.89269499979795,38.82203599983674],[-76.8926499995921,38.8204939996788],[-76.90253099969516,38.817997999752606],[-76.88941599989056,38.81938000013101],[-76.89386499975996,38.815816000125395],[-76.89771699995278,38.8087649997575],[-76.90318400034653,38.80663599977235],[-76.90158000001625,38.80462499968075],[-76.90365700017456,38.80187399982921],[-76.90162799969683,38.79894399983439],[-76.90479399962629,38.79071300017085],[-76.92238300031295,38.78441599965245],[-76.92699500038894,38.76942700027605],[-76.93405500034402,38.769618000274136],[-76.93859499955171,38.76609600009739],[-76.93988000003976,38.75974099980568],[-76.94209100009238,38.758737000085986],[-76.92712300043546,38.75198399968646],[-76.92768300030214,38.74868799966581],[-76.92424799986084,38.7465589997566],[-76.92265799977424,38.74737099988041],[-76.91409499977121,38.74361299967709],[-76.90862499990271,38.748631999682175],[-76.90195199956192,38.751935000214075],[-76.90301199991909,38.75317199979084],[-76.8950489999657,38.75527200018736],[-76.89809299969643,38.76525200009761],[-76.88480299998965,38.76831199987235],[-76.87915499984592,38.75755699993942],[-76.87945899961953,38.750450000334624],[-76.8749999997044,38.75027799988661],[-76.87036699971199,38.74296499976438],[-76.85999000021471,38.73647299980303],[-76.84606899959788,38.74631100020747],[-76.84134899956682,38.756546000042476],[-76.8386859996026,38.7569319997767],[-76.8309479997801,38.76257099970212],[-76.83015699993476,38.77340399999893],[-76.84325199964785,38.78689800031349],[-76.83500500001232,38.79540800007943],[-76.8255690001482,38.80110700014823],[-76.82383699977137,38.80591300014346],[-76.82497800031939,38.814119000263936],[-76.81494800025344,38.8111360000328],[-76.79814799976229,38.81340100009455],[-76.78585200029045,38.81182000005384],[-76.77700800008003,38.812993999762575],[-76.77830799973839,38.81558600015075],[-76.76365999974864,38.819222000156145],[-76.76940099977878,38.82601999980146],[-76.76499799994014,38.82734600007876],[-76.76581100042509,38.83175799980272],[-76.77105399961455,38.831137999818225],[-76.77524100044143,38.83962099998752],[-76.7667699996016,38.8392069999269],[-76.7608200002324,38.843271000127],[-76.76514000023035,38.84718199982949],[-76.76307599959253,38.849860999860844],[-76.75552299971795,38.85174700006341],[-76.7515690003162,38.85017100012557],[-76.75238600010078,38.853020999825326],[-76.74822699976133,38.873248000237496],[-76.76382499960506,38.8752699999824],[-76.76933700020467,38.87785999969888],[-76.7806529996853,38.87712999998125],[-76.78073300005123,38.88091800032039],[-76.78529499989853,38.89226699974376],[-76.79677799978373,38.90488000006743],[-76.80073399973362,38.91417400017408],[-76.80365299979088,38.91734900032768],[-76.80331800005513,38.922698000238086],[-76.80355800025465,38.92108499983444],[-76.81528999966189,38.91978000021744],[-76.81196700027189,38.91470600030778],[-76.81365199989472,38.91300100031669],[-76.80362299965367,38.89985300009103],[-76.80750300033388,38.90087599985821],[-76.80763200020532,38.89784800011384],[-76.81005800034308,38.89748500027397],[-76.82942800001369,38.89886800018362],[-76.8393059997437,38.894750999887975],[-76.84228099987746,38.89834299982876],[-76.84175299979788,38.903918000066696],[-76.84997900041532,38.907025000091515],[-76.85053699973383,38.900673000067904],[-76.84734400004018,38.89216400010024],[-76.89270400001877,38.887494000008076],[-76.89134999993375,38.885071000108695],[-76.89597000040568,38.877671999737494],[-76.8948310004058,38.87302900025539],[-76.89393300043035,38.86999899997351],[-76.89125399967426,38.86867500028739],[-76.88511799963392,38.871293999966475],[-76.88659599956752,38.86329400034097],[-76.89444300006829,38.86229499985953],[-76.89508900014867,38.86079199990803],[-76.9030470000792,38.86103500006364],[-76.90076700042961,38.85634200011387],[-76.90293900012415,38.857900000327184],[-76.90512099986444,38.85619000027892],[-76.90279199981106,38.854808999956035],[-76.92258800035236,38.85089200011778],[-76.9288640001348,38.84450899989112],[-76.93416099975093,38.842457999797745],[-76.93335099963902,38.840584000044196],[-76.93521299971218,38.83970900002806],[-76.93371999970996,38.83576799966319],[-76.9364749997357,38.83695699998284],[-76.94310200004573,38.83526399988133],[-76.94502400039333,38.8377029998686],[-76.94859000035589,38.83581900017118],[-76.94805899990324,38.83378100024107],[-76.9518290000803,38.833320000179064],[-76.95343900025837,38.82847600005446],[-76.95543600005072,38.82864900021148],[-76.95976000024665,38.83302000033368],[-76.96728600035705,38.82998699991955],[-76.96893599981976,38.822419000318824],[-76.96279399993165,38.81565500001113],[-76.97347199972779,38.805976000295466]]]}},{"type":"Feature","properties":{"GEOID":"24022","NAME":"State Senate District 22","BASENAME":"22","STATE":"24","SLDU":"022"},"geometry":{"type":"Polygon","coordinates":[[[-76.97016199985829,38.96278999981647],[-76.96621099993126,38.95564600033726],[-76.96227000005,38.95589199974077],[-76.96639000003142,38.95238999969699],[-76.96254000038672,38.95392400016224],[-76.95819199990136,38.948874999829926],[-76.95362400020628,38.948651000335765],[-76.94480099991226,38.94384599994968],[-76.94002300015491,38.945829999824326],[-76.93374800019737,38.943245999767036],[-76.92999399991385,38.9447689998978],[-76.92281199976001,38.95392000011312],[-76.90990600019282,38.953444000340696],[-76.90999499988128,38.94522100019659],[-76.91435699971203,38.93915799988757],[-76.91300799964986,38.9388339996507],[-76.90753799978138,38.9393110002806],[-76.899830999921,38.944795000076574],[-76.88826299964698,38.948196000319314],[-76.88417000032807,38.95239899965218],[-76.87935999988532,38.95257200004361],[-76.87341800001374,38.95552800026351],[-76.8719729996921,38.95306399977735],[-76.86852100043069,38.95246499975441],[-76.86489400036876,38.95685199999537],[-76.85850200023538,38.94554400011146],[-76.8768159997468,38.94404800011693],[-76.89627900020214,38.92995299969024],[-76.88867799974868,38.92677600015409],[-76.8745920001737,38.92619599988088],[-76.87908000040117,38.91957400022521],[-76.87165100037514,38.91945699966815],[-76.87138000021349,38.92348300008492],[-76.8681840001468,38.92404199980485],[-76.8719640003696,38.92634800023265],[-76.86868799993695,38.928191999836535],[-76.86977300040847,38.92893299972631],[-76.87245999976382,38.926654000054306],[-76.87285099957609,38.927836000232894],[-76.86760800038662,38.9321839996697],[-76.8708749997001,38.93145999985724],[-76.8730499997677,38.93548200003191],[-76.86953300020895,38.94021999979504],[-76.8628830003327,38.93767300021205],[-76.8615450001412,38.935809999885514],[-76.86384300023244,38.93436099987892],[-76.85988899993238,38.931286999655526],[-76.85318499962943,38.93370499992557],[-76.85295299982586,38.93116500032599],[-76.85146200037178,38.93105699988519],[-76.85012500000519,38.93712699970002],[-76.85543000001724,38.93646200029606],[-76.85603799956446,38.9394469998093],[-76.84508399958376,38.94638999995612],[-76.81866400000382,38.946636999813535],[-76.81923700028926,38.95075999975451],[-76.8091879999567,38.952490999904825],[-76.80950000012623,38.95682099984181],[-76.81309399967789,38.957024999994935],[-76.81354300011476,38.96234200006865],[-76.81809999993918,38.9633159999647],[-76.82269899959641,38.96278999981647],[-76.82654499994145,38.9588540001453],[-76.83315600035796,38.96266699997135],[-76.84816199964969,38.95768100004061],[-76.84678599982335,38.956369999791875],[-76.85820400030954,38.95581000026734],[-76.8574629997946,38.96371099989485],[-76.86358999961413,38.96204099971658],[-76.86693100034408,38.980223999903416],[-76.85401400000792,38.97800000003507],[-76.84240899992399,38.983414000134125],[-76.83969599973103,38.98072700017147],[-76.84199800002024,38.97981899992001],[-76.83968499986038,38.975967000241255],[-76.8180360003651,38.98831600004554],[-76.82068300043579,38.98953799984578],[-76.82133500036396,38.995104000336156],[-76.82905300009499,38.99853000013595],[-76.82447899965379,39.00182199995017],[-76.81043300026181,39.00723799991629],[-76.81994899959355,39.012260999789234],[-76.8412070001749,39.033406000024605],[-76.84771999978382,39.03381999971988],[-76.84776699963948,39.02123499976485],[-76.84992499998864,39.01636600032639],[-76.8640170003097,39.02371899988523],[-76.87810500043283,39.02385600005285],[-76.89165200005753,39.02083499984041],[-76.8911640001609,39.019530999978485],[-76.90084400042251,39.01352200012988],[-76.90426999974467,39.0130400003267],[-76.90846699971895,39.01519499982086],[-76.91740899983867,39.003700000060874],[-76.92292899993588,38.991397000321356],[-76.9202390002075,38.9910669997071],[-76.91860599956487,38.986705000086445],[-76.90963599985606,38.98514100025389],[-76.91304600018302,38.97997799979139],[-76.91406299998415,38.97512200016617],[-76.92532999995929,38.97532700006111],[-76.92475300037421,38.97120600008766],[-76.93804899992875,38.971044999835584],[-76.9379390003239,38.97696200002308],[-76.94745100035601,38.98114200032063],[-76.94997399967984,38.98471300005871],[-76.95571200023525,38.98564999998394],[-76.95538599982201,38.984073000022924],[-76.95861200002594,38.98320999985762],[-76.96024099957228,38.985158000301226],[-76.9641849998266,38.98478299978798],[-76.96391399966494,38.98217000018241],[-76.96136200002879,38.98119699974556],[-76.96571600036195,38.97753599966052],[-76.96403599986368,38.973983999790455],[-76.96455300007261,38.97062299969368],[-76.96666899969068,38.96861199965108],[-76.96135299980797,38.967627000176655],[-76.96045900003047,38.97033899971858],[-76.95400099977485,38.969895000062905],[-76.95502400032208,38.97262200013587],[-76.95898100009688,38.97152200021249],[-76.96051000008408,38.97322000007975],[-76.95784200009699,38.97626599999077],[-76.95342500001466,38.97742499993902],[-76.94959200008842,38.97173500023494],[-76.9483309998898,38.966294000343886],[-76.9595169996741,38.96697100002036],[-76.95944200022932,38.965024000234294],[-76.97016199985829,38.96278999981647]]]}},{"type":"Feature","properties":{"GEOID":"24031","NAME":"State Senate District 31","BASENAME":"31","STATE":"24","SLDU":"031"},"geometry":{"type":"Polygon","coordinates":[[[-76.7008230001347,39.10349899974508],[-76.68566100030904,39.1023239997448],[-76.68179700042066,39.09294500007238],[-76.67696299968848,39.08760100006071],[-76.67564799996153,39.081480999712966],[-76.6845039998675,39.07811100025851],[-76.66458699985068,39.06460899977005],[-76.66283199990767,39.06085700021987],[-76.658208999961,39.05729500004511],[-76.64860099966943,39.05750200030859],[-76.633364000399,39.054569000153286],[-76.62775200024029,39.05962799965509],[-76.63040400033387,39.06564900028503],[-76.63045200001443,39.07290900017779],[-76.62362999971074,39.0864469997143],[-76.61878800037927,39.08548699970593],[-76.61004200007814,39.08979800013221],[-76.60147599970207,39.08479899998384],[-76.58496599963915,39.0824790003325],[-76.57228699985266,39.07850200024725],[-76.57213100021706,39.08540999997016],[-76.56942800006986,39.092440000084935],[-76.57129599999078,39.09601000027093],[-76.56537400021068,39.09931200020886],[-76.53317199969437,39.063608999875015],[-76.530477999768,39.06881800010587],[-76.52531599987107,39.072936000096824],[-76.51582300010556,39.0738400001015],[-76.50958499995794,39.07631099998122],[-76.4854829996624,39.06880999974162],[-76.45248199980315,39.06321000006874],[-76.43118200028731,39.05381099991864],[-76.35647100007762,39.03452999991195],[-76.35173000013017,39.05623199975767],[-76.3548430003562,39.125110999833886],[-76.3494789998946,39.15662300005969],[-76.37467900018214,39.15978699980907],[-76.51448400008913,39.20240599968229],[-76.52948600008122,39.21840799973261],[-76.52978499983195,39.20990699999214],[-76.55008599998831,39.197207000187646],[-76.58028699961599,39.206606999683736],[-76.57348699995191,39.19350899998924],[-76.57658799958405,39.186908999676504],[-76.58445099997833,39.18637400005367],[-76.59577900005284,39.180380000114376],[-76.60469799970804,39.18238900023441],[-76.60862000022105,39.182106000320985],[-76.60994400016885,39.18167199973153],[-76.60503199961887,39.1822399996568],[-76.60621900019764,39.17736799985187],[-76.60416299995573,39.16321300001365],[-76.60029300021958,39.156194000348144],[-76.59291100004921,39.14796099970479],[-76.59044800010153,39.148796000115475],[-76.59210500013526,39.15156800025204],[-76.58998600014415,39.152521999670434],[-76.59110000002968,39.1551499999621],[-76.58756900022723,39.15736200001636],[-76.5839349995943,39.151906000088275],[-76.58127500000313,39.15497300003431],[-76.57871999999394,39.1532210003009],[-76.5738800003123,39.15678399974728],[-76.57365699983123,39.155250999678074],[-76.56897699998316,39.155232999849666],[-76.56904599958013,39.14446799981698],[-76.56452100044106,39.13829700013874],[-76.56319599977003,39.13129299989984],[-76.59779799958653,39.13621399992045],[-76.6155949997873,39.15339199989137],[-76.62028999970399,39.15104199967694],[-76.61864000024127,39.139818000288095],[-76.61107499977281,39.138012000082064],[-76.61153199970731,39.13672800003485],[-76.60731200016676,39.13202799991274],[-76.61052699960172,39.12464100024066],[-76.61381999975279,39.12416199989586],[-76.6104749997232,39.12274999976185],[-76.61398999963211,39.11886700034067],[-76.61956599980583,39.11784600003006],[-76.62446699958683,39.114052000152874],[-76.62466999997642,39.11222899979268],[-76.63290999993926,39.110832000301606],[-76.63123199998911,39.107801000048866],[-76.64031700022397,39.10671299967166],[-76.64179000013469,39.10767999987593],[-76.64418899960997,39.11782600012472],[-76.64119500010794,39.11912400005255],[-76.64473299958308,39.12203900020566],[-76.64297500016532,39.12485499969703],[-76.656301999682,39.13063399983177],[-76.6592159997164,39.133295000009326],[-76.65572900029487,39.135482000050686],[-76.6553640004219,39.13749599987537],[-76.67270700016293,39.13445599997315],[-76.68571900003535,39.13670799991617],[-76.68498400026652,39.1421979996776],[-76.68730800029702,39.148842000005374],[-76.69737099997496,39.14747499974732],[-76.69577000001773,39.12369000013958],[-76.7008230001347,39.10349899974508]]]}},{"type":"Feature","properties":{"GEOID":"24016","NAME":"State Senate District 16","BASENAME":"16","STATE":"24","SLDU":"016"},"geometry":{"type":"Polygon","coordinates":[[[-77.2557589997497,39.00199100028358],[-77.25294000014988,38.99545099994894],[-77.24861400030413,38.99262399976577],[-77.24502999989993,38.98268400010231],[-77.23995000001877,38.98075399970999],[-77.23487500016049,38.97597599999522],[-77.23232799964889,38.979288000094414],[-77.22989599966334,38.97969300032174],[-77.22356600035253,38.97204699967217],[-77.21152000022765,38.96934399977396],[-77.20813800038812,38.97024700028906],[-77.19777400041131,38.96673999988405],[-77.19409399974762,38.968228000168274],[-77.18144699974818,38.96878800002789],[-77.16980200037959,38.96631500007514],[-77.16435000005443,38.967715999714954],[-77.14719700028421,38.96443900021882],[-77.13525300026656,38.95351299987333],[-77.12840599984848,38.941095999803],[-77.11975900017987,38.934343000278616],[-77.08573099957542,38.96077699969397],[-77.09528799981338,38.9895829997545],[-77.0863409996708,38.989658000237014],[-77.08271699998193,38.991588000166416],[-77.08254200007974,38.99330600020792],[-77.08770099960361,38.99423799983222],[-77.0881080002077,38.99887300009898],[-77.08332200005442,39.000135999777285],[-77.08349600013169,39.00567099980443],[-77.07807700031682,39.00539300000371],[-77.08306099993852,39.008532999804466],[-77.08479999998801,39.007433999708965],[-77.08757699975504,39.010383000099054],[-77.09278800005576,39.01234000020787],[-77.09250600002348,39.014910999968954],[-77.09687799989996,39.01663900010303],[-77.10307599986461,39.022454000261234],[-77.10434100026117,39.02890300034843],[-77.11299899980044,39.04710500028114],[-77.12081500033908,39.058243000068515],[-77.12634999960659,39.0579409999106],[-77.12613000039687,39.05525399996791],[-77.13085200007772,39.05575600010687],[-77.13134699964705,39.05310900030036],[-77.13615999956453,39.052870000107],[-77.13919800034579,39.05449899972165],[-77.15335500006587,39.05613099966763],[-77.15552199973756,39.061654000225225],[-77.157813999981,39.062046000250845],[-77.16091299996332,39.06147499993452],[-77.16143699984497,39.057162999924195],[-77.15450099973845,39.05631299978765],[-77.14153900009474,39.029431999854665],[-77.14269599963797,39.02169600019273],[-77.15441799989776,39.023216000202204],[-77.17032600026123,39.021980000012164],[-77.1871640003872,39.02355099989795],[-77.19756299962579,39.02699200000984],[-77.20589399982522,39.0255690000087],[-77.2089459999519,39.01804299965476],[-77.21801699994303,39.02423799984137],[-77.22189300042528,39.02904500023],[-77.22769600037971,39.029448999728274],[-77.24038400038704,39.03501799992909],[-77.24439100039056,39.03078600001076],[-77.2443379997888,39.02754500033055],[-77.24893200032145,39.02678599968794],[-77.2451760003881,39.022356000308406],[-77.24530799973427,39.01777700012038],[-77.2532589999921,39.00915799993006],[-77.2557589997497,39.00199100028358]]]}},{"type":"Feature","properties":{"GEOID":"24032","NAME":"State Senate District 32","BASENAME":"32","STATE":"24","SLDU":"032"},"geometry":{"type":"Polygon","coordinates":[[[-76.84036199990291,39.10314200011771],[-76.83764899970997,39.100724999838114],[-76.83756400021946,39.096849999761574],[-76.82932699973136,39.09564200030313],[-76.82747600042718,39.092972999783655],[-76.82472800007415,39.09339700022756],[-76.8238109998321,39.090406999693855],[-76.82669100042963,39.091003999665546],[-76.82414999976584,39.08893600017822],[-76.82702500034048,39.086613000285006],[-76.82338999988264,39.089230000057064],[-76.81097499968678,39.089000000151835],[-76.77784900015408,39.11444200005068],[-76.76727400029006,39.09656099967081],[-76.75488699968331,39.089543999674625],[-76.72329000013781,39.087608999689046],[-76.7170510001653,39.092182999977176],[-76.72024700023199,39.0952580001988],[-76.72239800001014,39.105034000165006],[-76.71285300036608,39.108211999811026],[-76.71399499984068,39.11219399995252],[-76.70760500025543,39.10985400018779],[-76.70831800028296,39.10811100022391],[-76.70488500038981,39.11202000001137],[-76.69970500005121,39.10767499987579],[-76.69567399975826,39.12496700004559],[-76.69737099997496,39.14747499974732],[-76.68730800029702,39.148842000005374],[-76.68498400026652,39.1421979996776],[-76.68571900003535,39.13670799991617],[-76.67270700016293,39.13445599997315],[-76.6553640004219,39.13749599987537],[-76.65572900029487,39.135482000050686],[-76.6592159997164,39.133295000009326],[-76.656301999682,39.13063399983177],[-76.64297500016532,39.12485499969703],[-76.64473299958308,39.12203900020566],[-76.64119500010794,39.11912400005255],[-76.64418899960997,39.11782600012472],[-76.64179000013469,39.10767999987593],[-76.63888699997096,39.10655300008585],[-76.63123199998911,39.107801000048866],[-76.63290999993926,39.110832000301606],[-76.62466999997642,39.11222899979268],[-76.62446699958683,39.114052000152874],[-76.61956599980583,39.11784600003006],[-76.6127150000881,39.119794999675726],[-76.6104749997232,39.12274999976185],[-76.61381999975279,39.12416199989586],[-76.61052699960172,39.12464100024066],[-76.60731200016676,39.13202799991274],[-76.61153199970731,39.13672800003485],[-76.61107499977281,39.138012000082064],[-76.61864000024127,39.139818000288095],[-76.62028999970399,39.15104199967694],[-76.61455500041994,39.15368900006227],[-76.6223400000981,39.16422200010092],[-76.61290500005889,39.182934000007286],[-76.6144049997338,39.18321600016663],[-76.61356700003282,39.19369500027727],[-76.63233500000399,39.19735200016672],[-76.6315459998085,39.20273199987702],[-76.64167899980662,39.20634699977326],[-76.64361600022283,39.21475900033278],[-76.64878300014261,39.210255000004715],[-76.65834600022835,39.21924499974465],[-76.67969299959987,39.21181000028092],[-76.69294499967178,39.2016319997665],[-76.70712700040454,39.195539999669165],[-76.715270000283,39.18743699981317],[-76.72074699982419,39.189502999954044],[-76.72011099978955,39.18710300019558],[-76.72209800043449,39.18291299988354],[-76.72795599974218,39.18408000023402],[-76.73819599987046,39.17909300023288],[-76.74654399978832,39.179591999844824],[-76.75145100031541,39.173859000285994],[-76.76373799956644,39.166228999848805],[-76.7815110003761,39.145497999964704],[-76.78385799997282,39.141000000098764],[-76.78537500026448,39.131589000007565],[-76.78902200041789,39.12661800034569],[-76.79740299994772,39.122578000236075],[-76.81164300040679,39.12279800007316],[-76.82195399978184,39.11905300011737],[-76.8255690001482,39.11585500028248],[-76.82817699986083,39.107984000330525],[-76.84036199990291,39.10314200011771]]]}},{"type":"Feature","properties":{"GEOID":"24018","NAME":"State Senate District 18","BASENAME":"18","STATE":"24","SLDU":"018"},"geometry":{"type":"Polygon","coordinates":[[[-77.12081500033908,39.058243000068515],[-77.11299899980044,39.04710500028114],[-77.10434100026117,39.02890300034843],[-77.10307599986461,39.022454000261234],[-77.09687799989996,39.01663900010303],[-77.09250600002348,39.014910999968954],[-77.09278800005576,39.01234000020787],[-77.08757699975504,39.010383000099054],[-77.08479999998801,39.007433999708965],[-77.08306099993852,39.008532999804466],[-77.07807700031682,39.00539300000371],[-77.08349600013169,39.00567099980443],[-77.08332200005442,39.000135999777285],[-77.0881080002077,38.99887300009898],[-77.08770099960361,38.99423799983222],[-77.08254200007974,38.99330600020792],[-77.08271699998193,38.991588000166416],[-77.0863409996708,38.989658000237014],[-77.09528799981338,38.9895829997545],[-77.08573099957542,38.96077699969397],[-77.04255599971017,38.99428700010809],[-77.04212300006513,39.000056999690614],[-77.04355599979289,38.99966400015787],[-77.04371599962644,39.00144100022496],[-77.03772299970123,38.99840799996191],[-77.03372999994141,39.00108099973724],[-77.0390090000142,39.006174999665696],[-77.04198699962268,39.0133099997175],[-77.03226299987847,39.01486200001676],[-77.03307299999037,39.02001099995441],[-77.03028100015472,39.022369000117685],[-77.02883900020615,39.028605999673836],[-77.03096700041807,39.035846000335575],[-77.02938999985196,39.03647699983311],[-77.03149799997242,39.0386270001404],[-77.02806599990417,39.0396109997096],[-77.03426800006676,39.04756900001743],[-77.04171600035936,39.04901499978376],[-77.0482330001662,39.04836600001472],[-77.04825499990751,39.05067400025627],[-77.04596699986202,39.05072699996205],[-77.04633699975788,39.05391199983907],[-77.04482899968706,39.05582499967331],[-77.0499489997512,39.05580200005785],[-77.05047500018095,39.05965400020695],[-77.05944200041503,39.06672499969965],[-77.07342900025579,39.06326600006748],[-77.07639400034381,39.07093299999157],[-77.08592899994215,39.06701199966682],[-77.0876229997858,39.06525400018724],[-77.08737900028666,39.06108399977071],[-77.08909800024466,39.05993500016787],[-77.11384599972227,39.07427499970447],[-77.11406900020334,39.06778999992486],[-77.1170789995989,39.06681099965672],[-77.11440700031214,39.06666999981814],[-77.11868799995206,39.060710999806574],[-77.11564800041928,39.057789000104684],[-77.12081500033908,39.058243000068515]]]}},{"type":"Feature","properties":{"GEOID":"24033","NAME":"State Senate District 33","BASENAME":"33","STATE":"24","SLDU":"033"},"geometry":{"type":"Polygon","coordinates":[[[-76.73404900012483,39.056204000113205],[-76.72755999990707,39.048663999683804],[-76.72109400015383,39.049415999697146],[-76.71654499982701,39.048084000331215],[-76.7142350000402,39.052989999785616],[-76.70734199959138,39.05019699971917],[-76.7038009997432,39.052427000306494],[-76.69803200012396,39.045932999914655],[-76.69428200003838,39.046205999923416],[-76.69154700010414,39.0490879999114],[-76.6877710000793,39.04775599994106],[-76.68665499964564,39.04709099969742],[-76.69075899973353,39.04091700000136],[-76.68907699958545,39.03786100007878],[-76.69175600034151,39.03479799974369],[-76.6909040003968,39.031958999699874],[-76.67510300016347,39.025237000261725],[-76.67478599997105,39.028735000120136],[-76.67175899995877,39.03317099991241],[-76.66257699963953,39.029400000081495],[-76.66126699993545,39.02366899968148],[-76.65790799966213,39.02379800006523],[-76.65855999959028,39.019153999874746],[-76.66395099981607,39.01237300025937],[-76.67600000031402,39.016940000084695],[-76.68250299987717,39.01183399981617],[-76.69571099956818,39.01930400018828],[-76.70107699967959,38.996743999661426],[-76.69861700010496,38.99594999977138],[-76.69822499956949,38.99200000001446],[-76.68101800027088,38.991297000255365],[-76.69133600021694,38.987935000216154],[-76.69220800025313,38.98550700032931],[-76.70327799968646,38.98813099971927],[-76.69798799974303,38.98284099991799],[-76.70245900025205,38.97947399978813],[-76.70102999982393,38.97572400016654],[-76.70396599959963,38.972265000025736],[-76.69925899998738,38.96891000027055],[-76.69897899960489,38.962676000018384],[-76.69397999991459,38.95636799983641],[-76.69332700016152,38.95192799999619],[-76.69543299973382,38.94821699982542],[-76.69117399983523,38.94157500026172],[-76.69216200022238,38.93627600016635],[-76.68994100012402,38.93394900011845],[-76.68151600021326,38.93163099968234],[-76.68283199976514,38.92651599965412],[-76.69032699991341,38.92487600023458],[-76.69059200022728,38.923455999686915],[-76.68620399955894,38.91795800028273],[-76.68319699963813,38.919084999894665],[-76.67919600038071,38.91634700014907],[-76.67851799961497,38.9105390001514],[-76.67011100014587,38.90691899990456],[-76.66957200019561,38.903684999940445],[-76.67150500041386,38.89941900018604],[-76.67630300026272,38.89570700023408],[-76.67146900042884,38.894239999929404],[-76.67166500024744,38.88889199969885],[-76.6624050001104,38.888098999912515],[-76.65298900033775,38.890309999853876],[-76.63574199995789,38.88729300022864],[-76.63220199993461,38.88163699977902],[-76.63257699985331,38.879669999950565],[-76.62599800012218,38.87241200006551],[-76.62614600026018,38.86854999984649],[-76.61982199989886,38.86556700031597],[-76.60515200016779,38.87807299998418],[-76.59683299966392,38.89203499967756],[-76.58020700014836,38.910629000346766],[-76.59260300007763,38.91777400020118],[-76.5981340000455,38.92719199981066],[-76.61090200041876,38.9277860000709],[-76.6072939997251,38.935508000122525],[-76.59798300043276,38.947590000013776],[-76.58880199993844,38.94965499988011],[-76.58818699982021,38.952114999971734],[-76.58598900018639,38.952528000048716],[-76.58196399974122,38.9477279999302],[-76.58426299965737,38.946352000331636],[-76.57716000004457,38.941589999913155],[-76.57633599968898,38.945566000184094],[-76.57192899965239,38.95051100017048],[-76.56690999987059,38.95210399990467],[-76.56739399956926,38.95430000027823],[-76.57567600026321,38.95618699978788],[-76.58773300025877,38.962671999764794],[-76.59373100020684,38.96198300003787],[-76.60167099969573,38.97174600004823],[-76.60486299956446,38.981337999777566],[-76.59784600016542,38.983648000179286],[-76.56840299987279,38.983906000066625],[-76.56763499959368,38.988207000221294],[-76.56320800036391,38.989112999995015],[-76.5643759997778,38.990463999745366],[-76.56760600017968,38.990089999960944],[-76.56805800009131,38.99743299982018],[-76.55930599994238,39.00120899974816],[-76.5538290004012,39.00666299997662],[-76.54929500014298,39.01419199975722],[-76.54094100037733,39.01741100013294],[-76.52766300036613,39.018390999974855],[-76.52349900000377,39.02091700009309],[-76.53408599956335,39.031931000202384],[-76.53168799991299,39.035919000116735],[-76.5261190003103,39.039371000040155],[-76.52899399998661,39.03956799992472],[-76.53065699986816,39.03774500001407],[-76.53403000038517,39.038525000128665],[-76.53281299966918,39.03528500009358],[-76.53564200021306,39.039882000039626],[-76.53504200016344,39.045796999743985],[-76.5335619996817,39.046961000224364],[-76.53439000023529,39.04948499987713],[-76.53054899991311,39.050513999810654],[-76.53306700011238,39.05324399999082],[-76.52900800023033,39.05662399989209],[-76.52245000041557,39.051512000253226],[-76.50383499970697,39.02916699990042],[-76.50235400029865,39.03239699971555],[-76.49294299965055,39.036184999770846],[-76.49376399963312,39.0380180002661],[-76.49173000003083,39.03888399994107],[-76.47936500006371,39.0372629999792],[-76.47505599993639,39.02750000014184],[-76.47580300029912,39.021380000016066],[-76.4815550001999,39.018645999789946],[-76.47577599963661,39.01812800011365],[-76.47472000037574,39.015112999911906],[-76.47240399984283,39.01523700028214],[-76.45676199961814,39.00663000005316],[-76.45550399979258,38.99785899971736],[-76.45272299982757,38.994671000012545],[-76.4481419997137,38.99338400034742],[-76.44118100039114,38.985711000271216],[-76.39337900038126,38.96271200019501],[-76.37464700039509,38.99155100017454],[-76.36748799980748,39.00011100006869],[-76.35647100007762,39.03452999991195],[-76.43118200028731,39.05381099991864],[-76.45248199980315,39.06321000006874],[-76.4854829996624,39.06880999974162],[-76.50958499995794,39.07631099998122],[-76.51582300010556,39.0738400001015],[-76.52531599987107,39.072936000096824],[-76.530477999768,39.06881800010587],[-76.53317199969437,39.063608999875015],[-76.56537400021068,39.09931200020886],[-76.57129599999078,39.09601000027093],[-76.56942800006986,39.092440000084935],[-76.57213100021706,39.08540999997016],[-76.57228699985266,39.07850200024725],[-76.58496599963915,39.0824790003325],[-76.60147599970207,39.08479899998384],[-76.61004200007814,39.08979800013221],[-76.61878800037927,39.08548699970593],[-76.62362999971074,39.0864469997143],[-76.63045200001443,39.07290900017779],[-76.63040400033387,39.06564900028503],[-76.62775200024029,39.05962799965509],[-76.633364000399,39.054569000153286],[-76.64860099966943,39.05750200030859],[-76.658208999961,39.05729500004511],[-76.66283199990767,39.06085700021987],[-76.66458699985068,39.06460899977005],[-76.6845039998675,39.07811100025851],[-76.67564799996153,39.081480999712966],[-76.67696299968848,39.08760100006071],[-76.68179700042066,39.09294500007238],[-76.68566100030904,39.1023239997448],[-76.7008230001347,39.10349899974508],[-76.69970500005121,39.10767499987579],[-76.70488500038981,39.11202000001137],[-76.70831800028296,39.10811100022391],[-76.70760500025543,39.10985400018779],[-76.71399499984068,39.11219399995252],[-76.71285300036608,39.108211999811026],[-76.72239800001014,39.105034000165006],[-76.7201359999039,39.09502100001128],[-76.71333000039205,39.09047899972719],[-76.71393100026658,39.087776000178096],[-76.70628299995744,39.0869489997574],[-76.71191900040562,39.079455999885504],[-76.7089130003097,39.07535500027968],[-76.71210600000336,39.07155900012193],[-76.70917000022764,39.07036899980284],[-76.71171099999314,39.06794900013788],[-76.71307699977375,39.070044000048654],[-76.71963799996155,39.066833999870795],[-76.73181700015584,39.05909999979077],[-76.73404900012483,39.056204000113205]]]}},{"type":"Feature","properties":{"GEOID":"24030","NAME":"State Senate District 30","BASENAME":"30","STATE":"24","SLDU":"030"},"geometry":{"type":"Polygon","coordinates":[[[-76.71439200039903,38.77928499986186],[-76.71254799986924,38.77491000022379],[-76.70094699998324,38.76874700027188],[-76.69927099968294,38.75340999969414],[-76.69727300006568,38.75011500008968],[-76.69437699957463,38.748883000216715],[-76.68635800044304,38.74847500024458],[-76.68423100005603,38.75130200006031],[-76.68521500024521,38.75608700032009],[-76.6829410004434,38.75572300024096],[-76.68094399975273,38.75763399973544],[-76.67897600027267,38.75551400010912],[-76.67206299973238,38.755717000235656],[-76.66669800034418,38.759914000159434],[-76.66770000007672,38.76110199996554],[-76.66663999971955,38.762051000333436],[-76.66348300001093,38.76182800030671],[-76.65888000015575,38.76476499966082],[-76.65434099987466,38.76452300028869],[-76.64672699990072,38.768947000080765],[-76.64143699995726,38.76918700023193],[-76.63483800013465,38.76668000016848],[-76.6230790000649,38.767278000209785],[-76.62304100043008,38.74908799977248],[-76.62097699979226,38.74629399970114],[-76.62307200039223,38.74393199975123],[-76.62293699977471,38.72659099972362],[-76.61537999970216,38.720629999665135],[-76.53558399958843,38.721480000278014],[-76.52846599990703,38.712742999910105],[-76.46363599980039,38.711099000170385],[-76.45501300042122,38.750115999818796],[-76.43377699958116,38.814017000316376],[-76.42957700013211,38.85491500025825],[-76.41697799981326,38.908813000033945],[-76.40357900032653,38.94521299981444],[-76.39337900038126,38.96271200019501],[-76.44118100039114,38.985711000271216],[-76.4481419997137,38.99338400034742],[-76.45272299982757,38.994671000012545],[-76.45550399979258,38.99785899971736],[-76.45676199961814,39.00663000005316],[-76.47240399984283,39.01523700028214],[-76.47472000037574,39.015112999911906],[-76.47577599963661,39.01812800011365],[-76.4815550001999,39.018645999789946],[-76.47580300029912,39.021380000016066],[-76.47505599993639,39.02750000014184],[-76.47936500006371,39.0372629999792],[-76.49173000003083,39.03888399994107],[-76.49376399963312,39.0380180002661],[-76.49294299965055,39.036184999770846],[-76.50235400029865,39.03239699971555],[-76.50383499970697,39.02916699990042],[-76.52245000041557,39.051512000253226],[-76.52900800023033,39.05662399989209],[-76.53306700011238,39.05324399999082],[-76.53054899991311,39.050513999810654],[-76.53439000023529,39.04948499987713],[-76.5335619996817,39.046961000224364],[-76.53504200016344,39.045796999743985],[-76.53564200021306,39.039882000039626],[-76.53473500001677,39.036856000131266],[-76.53281299966918,39.03528500009358],[-76.53403000038517,39.038525000128665],[-76.53065699986816,39.03774500001407],[-76.52899399998661,39.03956799992472],[-76.5261190003103,39.039371000040155],[-76.53168799991299,39.035919000116735],[-76.53408599956335,39.031931000202384],[-76.52349900000377,39.02091700009309],[-76.52766300036613,39.018390999974855],[-76.54094100037733,39.01741100013294],[-76.54929500014298,39.01419199975722],[-76.5538290004012,39.00666299997662],[-76.55930599994238,39.00120899974816],[-76.56805800009131,38.99743299982018],[-76.56760600017968,38.990089999960944],[-76.5643759997778,38.990463999745366],[-76.56320800036391,38.989112999995015],[-76.56763499959368,38.988207000221294],[-76.56840299987279,38.983906000066625],[-76.59784600016542,38.983648000179286],[-76.60486299956446,38.981337999777566],[-76.60167099969573,38.97174600004823],[-76.59373100020684,38.96198300003787],[-76.58773300025877,38.962671999764794],[-76.57567600026321,38.95618699978788],[-76.56739399956926,38.95430000027823],[-76.56690999987059,38.95210399990467],[-76.57192899965239,38.95051100017048],[-76.57633599968898,38.945566000184094],[-76.57716000004457,38.941589999913155],[-76.58426299965737,38.946352000331636],[-76.58196399974122,38.9477279999302],[-76.58598900018639,38.952528000048716],[-76.5888420001214,38.951565000114584],[-76.58880199993844,38.94965499988011],[-76.59789999969377,38.94765199999931],[-76.6072939997251,38.935508000122525],[-76.61090200041876,38.9277860000709],[-76.5981340000455,38.92719199981066],[-76.59268699974322,38.917855000162895],[-76.58144400005752,38.912059000099894],[-76.58076399964197,38.90938299968984],[-76.59683299966392,38.89203499967756],[-76.60515200016779,38.87807299998418],[-76.61982199989886,38.86556700031597],[-76.62614600026018,38.86854999984649],[-76.62599800012218,38.87241200006551],[-76.63257699985331,38.879669999950565],[-76.63220199993461,38.88163699977902],[-76.63574199995789,38.88729300022864],[-76.65298900033775,38.890309999853876],[-76.66963599976971,38.88803700031531],[-76.67189000037834,38.88948299997746],[-76.67146900042884,38.894239999929404],[-76.67627599960021,38.89516300003833],[-76.67630099971457,38.89190999977073],[-76.67187500030973,38.88708499984076],[-76.67550400002146,38.88542900011927],[-76.67657500024929,38.87596399978636],[-76.68065599987266,38.87227899968784],[-76.68252299996867,38.867339999800265],[-76.68840899976375,38.86434600017309],[-76.69186900031941,38.859211999841015],[-76.6910509998116,38.85469500010145],[-76.6965490001675,38.847163999812445],[-76.6994079999503,38.83894099994883],[-76.69917399959856,38.831712999793695],[-76.69637099989224,38.822723999905385],[-76.69696500009408,38.8187839999346],[-76.70177499963852,38.81553799978233],[-76.70885999970794,38.816389999762094],[-76.7120669996453,38.81400200031172],[-76.71197499958379,38.810152999723755],[-76.70806499966466,38.80486700019076],[-76.71067599975034,38.79843000020342],[-76.71011599988368,38.796003000042425],[-76.7025400004429,38.7903970001362],[-76.70208500015822,38.78847800031065],[-76.70614499986519,38.78566499973077],[-76.71225099976832,38.78435599989625],[-76.71439200039903,38.77928499986186]]]}},{"type":"Feature","properties":{"GEOID":"24019","NAME":"State Senate District 19","BASENAME":"19","STATE":"24","SLDU":"019"},"geometry":{"type":"Polygon","coordinates":[[[-77.18609800018226,39.13323500019499],[-77.18359699970142,39.128839000056416],[-77.18485100022735,39.12867199997212],[-77.18441600003416,39.12721000028681],[-77.1813279999225,39.126593000091546],[-77.1772370002534,39.13031700009053],[-77.17708699956724,39.126494999706566],[-77.18029100002985,39.12440800004766],[-77.16284199998363,39.11330000015763],[-77.16211700026054,39.11487899983456],[-77.15888100001087,39.10699500004401],[-77.15634899956788,39.10653599995168],[-77.15363999957292,39.099059999963565],[-77.1476819998078,39.09989500021212],[-77.14775799997577,39.097460999925836],[-77.14274500004177,39.09667199993985],[-77.14284799997392,39.09862800033577],[-77.13973200027317,39.09995600022923],[-77.1392279995847,39.097804999870284],[-77.13716100037045,39.09714499984356],[-77.1348409996396,39.10359500007456],[-77.12925500031845,39.106696999868845],[-77.12513699998686,39.106081999772144],[-77.12480899992379,39.101714999925996],[-77.11994099975476,39.10199300003347],[-77.1185149996997,39.100348999805455],[-77.11918599989444,39.095213999682926],[-77.10992400010757,39.083530000266215],[-77.11120600022258,39.08177100018693],[-77.10772800012359,39.0757109996804],[-77.1108279999308,39.075294999945214],[-77.11112699968156,39.07290000020248],[-77.0923670001063,39.06165299999107],[-77.0878899997495,39.060367000314415],[-77.08645600019683,39.06652800023029],[-77.07639400034381,39.07093299999157],[-77.07342900025579,39.06326600006748],[-77.05944200041503,39.06672499969965],[-77.05047500018095,39.05965400020695],[-77.0499489997512,39.05580200005785],[-77.04482899968706,39.05582499967331],[-77.04633699975788,39.05391199983907],[-77.04596699986202,39.05072699996205],[-77.04825499990751,39.05067400025627],[-77.0482330001662,39.04836600001472],[-77.04171600035936,39.04901499978376],[-77.03426800006676,39.04756900001743],[-77.03195400008198,39.0457319998931],[-77.02806599990417,39.0396109997096],[-77.03149799997242,39.0386270001404],[-77.02462399979017,39.0347680001411],[-77.02005100007223,39.02592900008278],[-77.01609199974928,39.02249000005311],[-77.01265999968102,39.02028499973886],[-77.01028299994707,39.026977000298],[-77.00596799997197,39.03001500016455],[-77.01004699994553,39.034064999737176],[-77.00881900025719,39.03697200025994],[-77.01127600035707,39.03887499981454],[-77.00672899968008,39.0406410002847],[-77.00939099981939,39.04221700030581],[-77.00726299960748,39.046642000036584],[-77.01082600009529,39.047995999729466],[-77.01059699976643,39.05848599993446],[-77.01553500025567,39.06094800017663],[-77.02389400004421,39.06085700021987],[-77.0293349996004,39.0657040002646],[-77.02318500021464,39.07547700017471],[-77.02602300008104,39.09321500021117],[-77.03143299967508,39.09229999966217],[-77.03907799961117,39.09492300033341],[-77.03808299955134,39.09601699989554],[-77.0391499995812,39.10131800021405],[-77.04057300016152,39.10169899968585],[-77.03713900044343,39.108111999799526],[-77.03644499978417,39.117084000041714],[-77.03400399957779,39.1204830001362],[-77.04522700007031,39.11960899976705],[-77.05918799997181,39.11248700022862],[-77.07230199995149,39.11223299995253],[-77.07591099957173,39.10941300028962],[-77.07222400013369,39.12610300028745],[-77.0795050000217,39.12681099991846],[-77.08721899955476,39.137686999893056],[-77.09156700004013,39.14057499984699],[-77.0923610002585,39.14389399998855],[-77.10015099995955,39.141863999769605],[-77.1035529998906,39.13925099967909],[-77.1060479996253,39.1423600001053],[-77.10626199988555,39.14491999978148],[-77.1035529998906,39.14661699972373],[-77.10457600043782,39.14860100009686],[-77.1030270003591,39.15168700027646],[-77.10567400042983,39.153327000242655],[-77.1040190000459,39.15480799985418],[-77.10457600043782,39.15814500012888],[-77.10881000022205,39.160540999856096],[-77.11054199970053,39.16490900025491],[-77.10607100008984,39.18104100014987],[-77.11720199962255,39.18614100018263],[-77.12059000020818,39.18928100007776],[-77.13916700038365,39.18476799984883],[-77.15080199970652,39.18524899975651],[-77.15172499979631,39.17412100000569],[-77.16041900021891,39.15899299993324],[-77.16269600039377,39.16059399990553],[-77.16354099976745,39.15922200033886],[-77.1650079998304,39.15950700019496],[-77.16674000020718,39.16134599993173],[-77.1664730002435,39.163715000024496],[-77.17211899983909,39.16696500018637],[-77.17430899997531,39.164247999702745],[-77.17174499974529,39.15815699975056],[-77.16549599972701,39.15630300014926],[-77.17445499956517,39.150843000251385],[-77.16928699982046,39.14740099998691],[-77.17281299960005,39.144389999954896],[-77.16781599955956,39.14292000021712],[-77.16989299971786,39.139960999850885],[-77.16605300011894,39.139094000319076],[-77.16613000011182,39.13792900009069],[-77.17034999965236,39.13867000024475],[-77.17365700004714,39.13581600027463],[-77.17196200037857,39.13449500019236],[-77.17593199967385,39.13437800016667],[-77.17912199989277,39.137621999675275],[-77.18609800018226,39.13323500019499]]]}},{"type":"Feature","properties":{"GEOID":"24024","NAME":"State Senate District 24","BASENAME":"24","STATE":"24","SLDU":"024"},"geometry":{"type":"Polygon","coordinates":[[[-76.95802600022,38.8549690000083],[-76.94310200004573,38.83526399988133],[-76.9364749997357,38.83695699998284],[-76.93371999970996,38.83576799966319],[-76.93521299971218,38.83970900002806],[-76.93335099963902,38.840584000044196],[-76.93416099975093,38.842457999797745],[-76.9288640001348,38.84450899989112],[-76.92258800035236,38.85089200011778],[-76.90279199981106,38.854808999956035],[-76.90512099986444,38.85619000027892],[-76.90293900012415,38.857900000327184],[-76.90076700042961,38.85634200011387],[-76.9030470000792,38.86103500006364],[-76.89508900014867,38.86079199990803],[-76.89444300006829,38.86229499985953],[-76.88659599956752,38.86329400034097],[-76.88511799963392,38.871293999966475],[-76.89125399967426,38.86867500028739],[-76.89393300043035,38.86999899997351],[-76.8948310004058,38.87302900025539],[-76.89597000040568,38.877671999737494],[-76.89134999993375,38.885071000108695],[-76.89270400001877,38.887494000008076],[-76.84734400004018,38.89216400010024],[-76.85053699973383,38.900673000067904],[-76.84997900041532,38.907025000091515],[-76.84175299979788,38.903918000066696],[-76.84228099987746,38.89834299982876],[-76.8393059997437,38.894750999887975],[-76.82810700043895,38.899023000258694],[-76.80763200020532,38.89784800011384],[-76.80756699990799,38.9008260002737],[-76.80369799999674,38.899840999881256],[-76.8036539996158,38.90120000008789],[-76.81365199989472,38.91300100031669],[-76.81196700027189,38.91470600030778],[-76.81528999966189,38.91978000021744],[-76.80355800025465,38.92108499983444],[-76.80331800005513,38.922698000238086],[-76.8038650004013,38.917788999993974],[-76.79301799965242,38.900853000193536],[-76.78261799969061,38.90721499991182],[-76.78016599961357,38.91197700025828],[-76.77379799976963,38.91464700012562],[-76.77046299978575,38.92093900015765],[-76.76225100031031,38.92130800032627],[-76.76251900009893,38.92465000024687],[-76.76975800015414,38.9248399997096],[-76.77846799957196,38.92737199977945],[-76.7948110001286,38.921656000295286],[-76.80093499957509,38.92215399998114],[-76.7990139999507,38.92489300006847],[-76.79505499962775,38.92589000018025],[-76.79860899989474,38.92638199988979],[-76.7959869999384,38.92696300008316],[-76.7954730001025,38.92865099972149],[-76.7961760000843,38.93149399985936],[-76.79840200020551,38.931959999849326],[-76.79842499977174,38.9325959999003],[-76.79658000031533,38.932181999730574],[-76.7942279997974,38.93501500019408],[-76.7955080002626,38.93531500010944],[-76.79031600022846,38.93777899988044],[-76.7893549996055,38.94049799980858],[-76.79042599983332,38.94375999989057],[-76.77020199966985,38.9454049996536],[-76.7713459996926,38.9487870001131],[-76.77035400000581,38.96018900011333],[-76.76505999986442,38.96064800034281],[-76.761312000327,38.95919700026201],[-76.7601950000684,38.95703099980567],[-76.75792499956626,38.9567890000521],[-76.7574480004386,38.95813000022347],[-76.75230699955976,38.95680999980656],[-76.75478200010132,38.962262000164856],[-76.76536000033839,38.963682999921055],[-76.76552299964669,38.966662999904],[-76.7563420000507,38.96582499983441],[-76.75791100022087,38.96959800023557],[-76.76510099987229,38.969650999966824],[-76.76538399972951,38.9676839999566],[-76.77314400019165,38.96785000029207],[-76.77352800033121,38.972262999820515],[-76.7756199996598,38.972788000073],[-76.77588199960063,38.97534799990781],[-76.77849699988427,38.975228999762905],[-76.77871199996943,38.97781099988827],[-76.75643599976202,38.98067400034913],[-76.75685500006166,38.98258199968407],[-76.76149399990186,38.9833490001783],[-76.76280299978104,38.98808700016305],[-76.76598600032726,38.99137300015085],[-76.76674500038557,38.99549300026549],[-76.76463700026511,38.99846299993479],[-76.76892700012584,38.99689000031401],[-76.77038999999083,38.999170999728655],[-76.77725699960205,38.99701800022709],[-76.78006500022956,38.99865200009959],[-76.77817600039222,38.99630399986099],[-76.78318000010539,38.99442000018725],[-76.78015200026817,38.99196700023359],[-76.78391400004931,38.99149899990795],[-76.78389599960767,38.98741499998755],[-76.78783900003708,38.98549200019743],[-76.78975499963857,38.98894100002502],[-76.79700999958732,38.9883270000761],[-76.80005099984334,38.99408700032176],[-76.79817600024971,38.99509699978119],[-76.79898200016366,38.99611399994234],[-76.78717700006317,39.002744000295294],[-76.79112499961714,39.00508599981313],[-76.78470599971956,39.007765999984805],[-76.78341699993186,39.010655999938066],[-76.8022090001925,39.00957500006169],[-76.80742299996793,39.00519799977778],[-76.8103620001167,39.00694099967278],[-76.82447899965379,39.00182199995017],[-76.82905300009499,38.99853000013595],[-76.82133500036396,38.995104000336156],[-76.82068300043579,38.98953799984578],[-76.8180360003651,38.98831600004554],[-76.83968499986038,38.975967000241255],[-76.84199800002024,38.97981899992001],[-76.83969599973103,38.98072700017147],[-76.84240899992399,38.983414000134125],[-76.85401400000792,38.97800000003507],[-76.86693100034408,38.980223999903416],[-76.86358999961413,38.96204099971658],[-76.8574629997946,38.96371099989485],[-76.85820400030954,38.95581000026734],[-76.84678599982335,38.956369999791875],[-76.84816199964969,38.95768100004061],[-76.83315600035796,38.96266699997135],[-76.82654499994145,38.9588540001453],[-76.82269899959641,38.96278999981647],[-76.81809999993918,38.9633159999647],[-76.81354300011476,38.96234200006865],[-76.81309399967789,38.957024999994935],[-76.80950000012623,38.95682099984181],[-76.8091879999567,38.952490999904825],[-76.81923700028926,38.95075999975451],[-76.81866400000382,38.946636999813535],[-76.84508399958376,38.94638999995612],[-76.85603799956446,38.9394469998093],[-76.85543000001724,38.93646200029606],[-76.85012500000519,38.93712699970002],[-76.85146200037178,38.93105699988519],[-76.85295299982586,38.93116500032599],[-76.85318499962943,38.93370499992557],[-76.85988899993238,38.931286999655526],[-76.86384300023244,38.93436099987892],[-76.8615450001412,38.935809999885514],[-76.8628830003327,38.93767300021205],[-76.86953300020895,38.94021999979504],[-76.8730499997677,38.93548200003191],[-76.8708749997001,38.93145999985724],[-76.86760800038662,38.9321839996697],[-76.87291900024644,38.927593000009445],[-76.86868799993695,38.928191999836535],[-76.8719640003696,38.92634800023265],[-76.8681840001468,38.92404199980485],[-76.87054699963704,38.92451699983106],[-76.87163200010858,38.92297300014897],[-76.87164700017719,38.918789999922204],[-76.86870300000557,38.916157999805876],[-76.87000299966391,38.913136999966675],[-76.87881599991222,38.91280799987785],[-76.88027899977718,38.91108299998081],[-76.88106200012491,38.9128290000778],[-76.88539200016861,38.912623999724076],[-76.89180699986824,38.90963999989793],[-76.90049999956761,38.90219800001026],[-76.91069000036546,38.89964000008576],[-76.9115170001958,38.905721999859225],[-76.9235990003057,38.90399800009567],[-76.90939300018182,38.89285200026212],[-76.95802600022,38.8549690000083]]]}},{"type":"Feature","properties":{"GEOID":"24012","NAME":"State Senate District 12","BASENAME":"12","STATE":"24","SLDU":"012"},"geometry":{"type":"Polygon","coordinates":[[[-76.9167200001006,39.22981899965994],[-76.91294800027373,39.22586499968308],[-76.91125899955463,39.21911099998878],[-76.90477699990787,39.21416000014749],[-76.9068070002105,39.210632999672576],[-76.90587300025003,39.2080129997653],[-76.90840399996976,39.20465100019433],[-76.8977119999299,39.1954479996683],[-76.8961069997747,39.188302999875525],[-76.89342899974187,39.18924399991417],[-76.88945900044659,39.18633599989435],[-76.88170700038039,39.187014999681914],[-76.87777900001957,39.182847999659515],[-76.87450199976203,39.181869999768026],[-76.85917599990485,39.20288699999201],[-76.84162300010152,39.233099000233366],[-76.83523099996812,39.23444899973849],[-76.83192899959622,39.23242300023654],[-76.82996000029128,39.233032000042705],[-76.8263650000164,39.22799700004482],[-76.81697500018302,39.225936999708765],[-76.81852099988868,39.22372699984339],[-76.82315200023126,39.222778000008496],[-76.82463600001263,39.219730999954166],[-76.82149900039548,39.21672200033032],[-76.8217189996052,39.21338500013109],[-76.8167700001436,39.212074000206584],[-76.81481000016119,39.20806300018954],[-76.80566800002492,39.20697799976353],[-76.79998200024635,39.21074200000726],[-76.79671599985947,39.2073310002527],[-76.79537099999527,39.202640999870255],[-76.79083000006436,39.20261000032296],[-76.7811029999471,39.19905899977547],[-76.77929199992757,39.195855999692924],[-76.77284299989276,39.191613999920285],[-76.76660499974516,39.19736999965833],[-76.75617999966899,39.188637999881855],[-76.73990499978271,39.17900600009845],[-76.73431100006566,39.18040899983649],[-76.72966999967733,39.183793999787056],[-76.72209800043449,39.18291299988354],[-76.72011099978955,39.18710300019558],[-76.72064800008998,39.189562999837875],[-76.715270000283,39.18743699981317],[-76.70712700040454,39.195539999669165],[-76.69294499967178,39.2016319997665],[-76.68154100032763,39.210919000164665],[-76.65834600022835,39.21924499974465],[-76.64878300014261,39.210255000004715],[-76.64361600022283,39.21475900033278],[-76.64167899980662,39.20634699977326],[-76.6315459998085,39.20273199987702],[-76.63233500000399,39.19735200016672],[-76.61356700003282,39.19369500027727],[-76.6144049997338,39.18321600016663],[-76.61290500005889,39.182934000007286],[-76.62181100019362,39.16736299991229],[-76.62217699989151,39.163338000259735],[-76.60028999984651,39.13793800012806],[-76.59641699973731,39.135811000180716],[-76.56319599977003,39.13129299989984],[-76.56452100044106,39.13829700013874],[-76.56904599958013,39.14446799981698],[-76.56897699998316,39.155232999849666],[-76.57365699983123,39.155250999678074],[-76.5738800003123,39.15678399974728],[-76.57871999999394,39.1532210003009],[-76.58127500000313,39.15497300003431],[-76.5839349995943,39.151906000088275],[-76.58756900022723,39.15736200001636],[-76.59110000002968,39.1551499999621],[-76.58998600014415,39.152521999670434],[-76.59210500013526,39.15156800025204],[-76.59044800010153,39.148796000115475],[-76.59291100004921,39.14796099970479],[-76.60288800041172,39.15989999985514],[-76.60621900019764,39.17736799985187],[-76.60503199961887,39.1822399996568],[-76.6056679996535,39.18155899984758],[-76.60994400016885,39.18167199973153],[-76.60469799970804,39.18238900023441],[-76.59793499985385,39.180221999953524],[-76.59332100012804,39.18098700025473],[-76.58445099997833,39.18637400005367],[-76.57658799958405,39.186908999676504],[-76.57348699995191,39.19350899998924],[-76.58028699961599,39.206606999683736],[-76.58407699988454,39.20792100008887],[-76.61169499991391,39.23439999988344],[-76.61861199975387,39.23739799991948],[-76.63152700044023,39.22386099983494],[-76.6394040001799,39.2240290001693],[-76.64721899999529,39.22903599966886],[-76.66364299984447,39.23084100010824],[-76.66991500032728,39.228429999840124],[-76.68017700019684,39.22016299986765],[-76.68839299987025,39.221299999948975],[-76.69283300041711,39.219770000224685],[-76.69693199958382,39.21718299982629],[-76.69629700027242,39.21435100012824],[-76.69941399979807,39.212965999763306],[-76.70518400014055,39.21554800034368],[-76.70644600016405,39.2211739997088],[-76.7130950002154,39.221722000144545],[-76.71681799963848,39.225343000245566],[-76.7219650003651,39.226255000040524],[-76.72456700022997,39.22861099975025],[-76.74006999963915,39.23239899990286],[-76.75428300033404,39.246258999715444],[-76.75717599955371,39.24749599965559],[-76.7636000003725,39.246373000272854],[-76.76457500034084,39.24907799989849],[-76.76804800041695,39.25004500013945],[-76.77570800042167,39.2449169998146],[-76.77676799988052,39.24098399988606],[-76.78188600029482,39.237397000092635],[-76.78290499974578,39.23248699992657],[-76.79058099964402,39.22819399970596],[-76.80177900002217,39.23964199994296],[-76.80570300018502,39.23677199975024],[-76.81035899974364,39.23908999967339],[-76.81428700010444,39.238771999754555],[-76.8131079999216,39.23285900023076],[-76.8139029999649,39.23557899973883],[-76.81781700008197,39.23520500022283],[-76.8312239999646,39.23863399977444],[-76.83072099999937,39.24127699966723],[-76.8292380000429,39.24158099983959],[-76.83199999974133,39.24501599982348],[-76.82975899955149,39.24742499986906],[-76.83171100003632,39.248199999704575],[-76.83417999983179,39.24595699974772],[-76.84597800025959,39.24540100023021],[-76.84720799959774,39.23945000009983],[-76.8676920000522,39.23567600000397],[-76.8840530001522,39.235426999684854],[-76.90928100002883,39.232105999921956],[-76.9167200001006,39.22981899965994]]]}}]}