{"type":"FeatureCollection","features":[{"type":"Feature","properties":{"GEOID":"5401","NAME":"Congressional District 1","BASENAME":"1","STATE":"54","CD119":"01"},"geometry":{"type":"Polygon","coordinates":[[[-82.64459099965542,38.16590399993603],[-82.63862799986741,38.155914999855625],[-82.63657300034872,38.13802000009351],[-82.6218349999473,38.13329100024905],[-82.62090199981172,38.12278700024938],[-82.61922800005955,38.12053999984253],[-82.60616099993555,38.12078499984205],[-82.59869099990165,38.11669499980818],[-82.59241199974615,38.110415999650215],[-82.58700600035009,38.108663999884484],[-82.58534199974534,38.10663399984808],[-82.58554599995983,38.09497299988624],[-82.58335699964853,38.09003200016795],[-82.57385300001235,38.0819190002587],[-82.56598899979315,38.08099699986566],[-82.55963199981986,38.072781000310776],[-82.54984899962608,38.06945200033846],[-82.54949999964663,38.063233999708665],[-82.54484300026309,38.059075999836764],[-82.54415500034992,38.05259199970928],[-82.53709899969448,38.04465099988971],[-82.5387180000934,38.03740000009083],[-82.53192099990405,38.02929200022117],[-82.52631799996615,38.026970999655234],[-82.52506900036143,38.017503000008894],[-82.51975500012855,38.00837500034749],[-82.51554700028358,38.00660699978788],[-82.51919299971375,38.00113100021149],[-82.51363599980661,37.99909499992024],[-82.50842399968099,38.00150699989366],[-82.49985999985304,37.99889600020895],[-82.48865499980221,37.998911999999386],[-82.4860579999602,37.995646999913006],[-82.4860720002039,37.98986599966966],[-82.48359400018761,37.98384400035372],[-82.47218999994512,37.986710000172216],[-82.46456599992543,37.983876000125235],[-82.4645569997046,37.97744099971706],[-82.46885099976329,37.973229999867236],[-82.48122400012635,37.973072000112815],[-82.4844310000637,37.970921000162264],[-82.48445899965277,37.963577999823094],[-82.47221699970929,37.96051700028229],[-82.47177499984343,37.95873899981253],[-82.48555900019292,37.94580600001024],[-82.49722000035335,37.94624500005205],[-82.49696900028319,37.942019999648224],[-82.48927699959312,37.93821699983847],[-82.49134000040604,37.93574300026994],[-82.49995399956438,37.936820999986594],[-82.50243400012882,37.93345299998503],[-82.49594099971308,37.92695399967784],[-82.48065699968869,37.926168999848045],[-82.480762000169,37.92464599976288],[-82.48771400016903,37.91999200003513],[-82.4883460000057,37.91772399966829],[-82.47928900025826,37.91470099974917],[-82.47557400033278,37.911842999754896],[-82.47424000033925,37.90736499977721],[-82.47643299995019,37.90272500021741],[-82.47440699984551,37.89995499983944],[-82.47138999987895,37.89908599965867],[-82.46838200013323,37.903206999815886],[-82.46796500038172,37.913927000157216],[-82.46299099990746,37.91481999967379],[-82.4599940000324,37.90953599981834],[-82.45189600035977,37.90855100032196],[-82.44733100013944,37.90385699981038],[-82.43756499966409,37.89978599995293],[-82.43203200004642,37.88987600007151],[-82.41992900002012,37.88486999979136],[-82.41939199971968,37.874614000216134],[-82.41755999978375,37.870278999726374],[-82.40751299999935,37.86729699987028],[-82.40970800015843,37.86554200015805],[-82.42268099967279,37.86385900005196],[-82.4246230001119,37.86144900021629],[-82.41470900039688,37.85596999979562],[-82.42049300008472,37.84643299979447],[-82.4129369998371,37.84480099964533],[-82.4086570000221,37.83606900012885],[-82.39934599983144,37.829523000106185],[-82.39822699992305,37.82137800014832],[-82.40220299996444,37.81293700034766],[-82.40145899997475,37.80966600006805],[-82.39662199976786,37.80893200020677],[-82.38672499977129,37.81822499990734],[-82.3799829998335,37.811188000346476],[-82.37664100017695,37.802206999661465],[-82.36903700024872,37.80125899977652],[-82.36388899969721,37.79500200029646],[-82.35505299988272,37.79335399999973],[-82.3490259996223,37.78693300022109],[-82.34008600005072,37.78562500008821],[-82.33954799992539,37.77709600024016],[-82.33746499991928,37.774913999755775],[-82.3238859996092,37.774995000007735],[-82.32305799995395,37.77267800004322],[-82.33360500022886,37.76715000020657],[-82.33338000009796,37.764413999936075],[-82.32852000032484,37.76211799986012],[-82.31682499982921,37.76545500029612],[-82.31154499993153,37.76457900029905],[-82.31098199969182,37.76124000024074],[-82.3196469998021,37.758290000234624],[-82.32128799994231,37.75156300006918],[-82.32774500037303,37.749216000354366],[-82.33417400031635,37.7427709997678],[-82.32734399961672,37.736409999869636],[-82.31885400030694,37.73369500022286],[-82.31610500012899,37.72108100004432],[-82.3114229997328,37.71847399970243],[-82.31079699974389,37.71325500015574],[-82.30767799967009,37.70800599999899],[-82.30034499990353,37.705815999731904],[-82.29637499970994,37.70218499969892],[-82.2966890004276,37.699859000209706],[-82.30195799955634,37.69680400000753],[-82.3029400000957,37.69361100014478],[-82.29592399962324,37.686181999714464],[-82.30406800022492,37.67830699981105],[-82.30431400027221,37.676092999901336],[-82.29503200039387,37.678053000309404],[-82.2945610002157,37.670432999852636],[-82.28811899985358,37.66810799967733],[-82.28450100001248,37.675235999986576],[-82.28248599977847,37.67592500028076],[-82.27131199968974,37.66361700005767],[-82.25806800001374,37.656883000148206],[-82.25190100001123,37.65684700013746],[-82.2408940003271,37.66153099967873],[-82.23606600034103,37.65963400006753],[-82.23344199983654,37.65568599967728],[-82.22615599992565,37.65291299983837],[-82.22415499993534,37.644713000206714],[-82.21684800010804,37.64159799972474],[-82.22050299975905,37.634768999714396],[-82.21459500022264,37.62743500029828],[-82.21595299960731,37.62620900007242],[-82.21449899996317,37.62540000009962],[-82.20485399986168,37.62523499992996],[-82.20089000041418,37.62799000012593],[-82.19225500044112,37.62565399975272],[-82.18722800026342,37.626984000167994],[-82.18592900042997,37.62891000005005],[-82.18669900035891,37.635141999995774],[-82.19111600044126,37.64458599998378],[-82.18580600040633,37.648595000062535],[-82.17507500000839,37.64783199968656],[-82.17763599986537,37.64084899981281],[-82.17241200004418,37.63263399992357],[-82.18169100044778,37.62714700008131],[-82.18271599974653,37.62436999988218],[-82.18119799962997,37.62151000033543],[-82.17672600019436,37.61815200012884],[-82.16897499995305,37.621906999729134],[-82.16424599970118,37.62029000021313],[-82.16961400036072,37.61302700032244],[-82.1687749999365,37.60907999991336],[-82.16581499987137,37.60769299967252],[-82.15668299978087,37.60896899979851],[-82.15685100001033,37.59272299982097],[-82.14838199971864,37.59072000024981],[-82.13988499983786,37.59496700025217],[-82.13128800039794,37.59270700007992],[-82.12733999994568,37.58654499976845],[-82.12442199971332,37.57735799998225],[-82.12624000030384,37.57373800008394],[-82.12912099982796,37.57213800030533],[-82.14176399962943,37.57108599997751],[-82.14417800007163,37.56996799971803],[-82.14491399966539,37.567654999960595],[-82.14438399993597,37.566311000032144],[-82.13442400019021,37.56292800002686],[-82.13352600021474,37.56034499972287],[-82.13532399981548,37.55735099989363],[-82.13324699965717,37.552832000044695],[-82.12341400013301,37.551529999731365],[-82.11799699996796,37.558987000124425],[-82.10480799964522,37.56019099972058],[-82.10195999973307,37.55842000031647],[-82.10535499999139,37.554261999741286],[-82.10402600002071,37.552872000160214],[-82.08903200042455,37.55610800005422],[-82.07517899957976,37.555853000230556],[-82.0639099999548,37.54312499970556],[-82.06483499969445,37.53719599972553],[-82.05029899985767,37.535436000264426],[-82.04852100034843,37.53369499992996],[-82.04871700016702,37.529274999683466],[-82.0461549995868,37.52793999996349],[-82.04345900001061,37.53003100033496],[-82.04199799979546,37.53419299967712],[-82.04502300015793,37.54472300007715],[-82.04298299980955,37.54806399998936],[-82.0392410001199,37.54779800010466],[-82.0370169996485,37.54245899970407],[-82.0296379998512,37.53784899988663],[-82.02611200007163,37.53772000004295],[-82.01961700000608,37.54064500016648],[-82.01743500026579,37.53921900024245],[-82.01600599983769,37.53395399993455],[-82.01080799995574,37.53286500008529],[-82.00595200038059,37.53457300018249],[-82.00058399972102,37.54220899967354],[-81.99828900000283,37.54329799982442],[-81.99645899971672,37.541753999845774],[-81.99671399998486,37.538616000063904],[-81.99414899992992,37.537744999665634],[-81.9891059998587,37.54277999971919],[-81.98173000043442,37.54214399996994],[-81.97604499958247,37.54582699968617],[-81.97009199984021,37.546723999838406],[-81.96487200021697,37.54293700017519],[-81.96895399966526,37.53567299999096],[-81.967717999581,37.533097000053665],[-81.95752799968146,37.53550499991989],[-81.95738899976428,37.52960499990945],[-81.9541800001771,37.52814400033861],[-81.94647499996657,37.53190299980552],[-81.94385300001022,37.531161000088495],[-81.94761300014152,37.525907999647224],[-81.94350800022872,37.52075999993004],[-81.94545200031762,37.51640299994882],[-81.94425899989109,37.5132770003496],[-81.93776100035078,37.5135800000778],[-81.93405700029598,37.51946899976623],[-81.9264630004135,37.51470499972792],[-81.9276810000561,37.512112999696924],[-81.93191400001544,37.51220399999495],[-81.94304500044646,37.50860899981342],[-81.94391199956144,37.50292899997066],[-81.9459569999327,37.50190100023379],[-81.95314699958412,37.50131399998222],[-81.95436400030012,37.49608400023222],[-81.95273499985547,37.49416200023802],[-81.95326399976,37.49176299965525],[-81.96498600001979,37.49348800016336],[-81.96712900030035,37.4907430002837],[-81.97073000042298,37.48990399997122],[-81.97065900027786,37.4884679998153],[-81.97575199967952,37.48768900019641],[-81.97759299983625,37.484602999710894],[-81.98570300010276,37.48568100012729],[-81.99089599996181,37.484430999731735],[-81.99291600021871,37.48296900031661],[-81.99297399994504,37.479796999807206],[-81.99657800044073,37.4767050000523],[-81.99564899960482,37.4698330002647],[-81.9929720002952,37.468450000355475],[-81.99227000013833,37.46091600004374],[-81.98762899975002,37.45866100026346],[-81.98700600013416,37.45487800035232],[-81.97617600000204,37.45718599982177],[-81.9687949996566,37.45149600008336],[-81.97038300009336,37.4476880002293],[-81.96631800036351,37.44672099977162],[-81.95757899973506,37.44912300033654],[-81.95405600032855,37.44632099987145],[-81.94912399968707,37.445575000074456],[-81.94576500031208,37.4402140002805],[-81.93884299955094,37.44046300030401],[-81.93562100044329,37.43839700025991],[-81.93717399982165,37.433994999708645],[-81.93564700038256,37.43199899996726],[-81.93783800034369,37.43211099982125],[-81.94055300018643,37.4290579997345],[-81.93829000025531,37.42404700006166],[-81.93891200004624,37.42200200029371],[-81.93788000017648,37.42008600028992],[-81.93497299981478,37.420017000285654],[-81.9324680000343,37.41521699979765],[-81.9229560000022,37.41138900033025],[-81.92455199993657,37.40998600035475],[-81.92428199959981,37.407315999993834],[-81.93004199989653,37.405290999688276],[-81.93078599988623,37.40165600031686],[-81.92774999965309,37.398794999931226],[-81.93005000029245,37.39712399997002],[-81.92877800022319,37.393845000212266],[-81.9338830002187,37.39065199995122],[-81.93181100008327,37.3854789997212],[-81.93571000013176,37.38314699979921],[-81.93674399965134,37.38073000015814],[-81.93587199961515,37.37855399998542],[-81.93114300026157,37.3757569996797],[-81.93397399955698,37.37316299998345],[-81.93338199990328,37.369341000342985],[-81.92604499993877,37.36551300003555],[-81.9284619998557,37.36046100001085],[-81.925301999774,37.356969000134946],[-81.92381600034281,37.35827199983832],[-81.92176199975073,37.35707299991115],[-81.91765000016524,37.34915299988111],[-81.9102200003143,37.34895500020745],[-81.90964799985376,37.34545499998957],[-81.9079110003524,37.34522400013049],[-81.90866299983968,37.3439249996719],[-81.90716099961664,37.342636000268634],[-81.90389500012805,37.343225999769544],[-81.89960100006935,37.34160700023434],[-81.89663199978338,37.33538300003767],[-81.89774300019418,37.333214000306974],[-81.89388400032865,37.33001599982851],[-81.89034799960503,37.331878000117655],[-81.88217600031255,37.33015299972164],[-81.87935400033967,37.33249300026475],[-81.87732099966398,37.33141899974429],[-81.87834500003613,37.32882999986319],[-81.8740130003426,37.32762600022899],[-81.87245199967003,37.32236200008406],[-81.86719400041196,37.320717000006994],[-81.86048900028412,37.315942000130505],[-81.85992799969424,37.313965000291496],[-81.86568299996807,37.30948400008629],[-81.85962399992063,37.30476499976623],[-81.85446000037388,37.30657000011478],[-81.8548410001404,37.29803100024361],[-81.85284400034804,37.29810900002003],[-81.85228199993324,37.29657499981324],[-81.85406500036368,37.29003700025826],[-81.85344100002459,37.287626000090455],[-81.84996499957542,37.287428999664876],[-81.84994899968189,37.28522700011337],[-81.834432000029,37.28541699985974],[-81.83340500018213,37.28453700015988],[-81.83446999966382,37.281762000042775],[-81.82850600005094,37.28147000031781],[-81.82575100002519,37.279093000300435],[-81.81670199977536,37.27986500013774],[-81.80723199957603,37.283175000016946],[-81.80472500014574,37.28592599992346],[-81.80067600030944,37.285675999854796],[-81.79359500043796,37.2848380000164],[-81.79312199971163,37.28116799990009],[-81.78929399980825,37.2844160000754],[-81.78244800011342,37.282319999783226],[-81.77936199965157,37.27998199978973],[-81.77935199960584,37.27739000034906],[-81.77324400005288,37.27391199977711],[-81.76921699995788,37.27325000003028],[-81.7571370003961,37.27614700019111],[-81.75757599988893,37.26855200035151],[-81.75010699967994,37.264186000205626],[-81.74608999963067,37.26370200010408],[-81.74566000035868,37.25809399994082],[-81.7408969997716,37.25431699970494],[-81.74437599969554,37.24333000033899],[-81.7410859999175,37.2416479997707],[-81.74012400036796,37.23775200004952],[-81.72306100011107,37.24049299974242],[-81.71624800002822,37.234320999851505],[-81.71572999999435,37.22877099989647],[-81.69933399973425,37.21992100013567],[-81.69875600032427,37.21800599998617],[-81.69604300013133,37.21698899979282],[-81.6951130003688,37.21357000010167],[-81.68702599966852,37.21334900002653],[-81.686023999936,37.211558999686424],[-81.68361799988973,37.21162499979831],[-81.68326800008536,37.20564900019313],[-81.67822099981616,37.2015400000175],[-81.56063100001721,37.2066630001617],[-81.55805400026672,37.20856500011163],[-81.55721999986537,37.2073249997361],[-81.5540110002782,37.20841200016095],[-81.5444590000631,37.22074299988361],[-81.54123700005714,37.220017000239245],[-81.52426199966382,37.22788799998648],[-81.5206759996098,37.22698000003252],[-81.50763600014827,37.23371200004952],[-81.50651999971463,37.24524600000942],[-81.50313100020239,37.25309100034493],[-81.49909599971149,37.25795199970568],[-81.49777500013671,37.25789899997221],[-81.49804499957514,37.254659000046374],[-81.49228699982656,37.25095999993374],[-81.48014399961727,37.2511210000772],[-81.4761399999868,37.25563499989248],[-81.46210700011528,37.25989900032648],[-81.46111899972814,37.26256900013322],[-81.45887300041376,37.26287200029643],[-81.46058499980076,37.265527000204315],[-81.44906799958036,37.26958299995909],[-81.4476549999441,37.2722449996813],[-81.43950700004277,37.270908999685666],[-81.43559600029872,37.274164999755],[-81.42794600033976,37.27101500010597],[-81.4160290000863,37.27362599995931],[-81.41595399974322,37.27893599984887],[-81.4115929997374,37.28032999989714],[-81.40609299973165,37.293271999776856],[-81.40229999998839,37.29580999964991],[-81.40506000003698,37.298793999813384],[-81.3968169997011,37.30449799972287],[-81.39867799994933,37.31024800020621],[-81.3952960001098,37.31260700023612],[-81.39428699980625,37.316410999906836],[-81.39084899989022,37.316901000151425],[-81.38631200015729,37.32063799996054],[-81.38485199976704,37.318596000257784],[-81.37970499993874,37.31759700013433],[-81.37437700036048,37.31908099971393],[-81.37139999967857,37.32423599978434],[-81.36753599979019,37.326899999820526],[-81.36923800002977,37.332401999871635],[-81.36749599960721,37.33287499971556],[-81.36543000021788,37.33774799989968],[-81.36282199960692,37.33809900031641],[-81.3201050003994,37.29932300014894],[-81.225103999904,37.23487399998075],[-81.20477400033363,37.24301300019438],[-81.1670290001539,37.26288099994286],[-81.10414700033411,37.28060499966347],[-81.03613299985633,37.29025200018485],[-80.97958899974329,37.30227900008737],[-80.9791059998695,37.300581000282016],[-80.9821730000648,37.29602299999769],[-80.981321999945,37.29346500002625],[-80.97388899972103,37.291444000306434],[-80.96655599995447,37.29215800026123],[-80.94417299961692,37.29657499981324],[-80.93813500038418,37.30027799968961],[-80.91925899955964,37.30616299996307],[-80.89915999996798,37.31567799968979],[-80.86898600010448,37.33857299990571],[-80.84945099967909,37.34690899966503],[-80.88324699958164,37.38393299988707],[-80.863003000225,37.41151400004902],[-80.86550600035567,37.41689899972705],[-80.86527399965377,37.420112999840015],[-80.85945700035393,37.429490999649154],[-80.85735900027923,37.42720600032562],[-80.85222599979632,37.42665700011564],[-80.8463249999326,37.42339500002361],[-80.84102499994341,37.42612299981478],[-80.83723499967489,37.42540599997738],[-80.80858700032388,37.406536999755495],[-80.80614899959224,37.40402600009094],[-80.80704400009294,37.40164599965917],[-80.80574299971136,37.39795400019255],[-80.8024989999641,37.39826100007503],[-80.79944799966236,37.39574400011366],[-80.7841879999274,37.39458700002008],[-80.7831309999433,37.39024699985267],[-80.77700699959851,37.384840000238],[-80.77008200026094,37.372363000275286],[-80.7598859996153,37.374882000239154],[-80.74872199957234,37.38005000023899],[-80.74339099962101,37.37985099991626],[-80.72780399964792,37.38637900004108],[-80.72570200027357,37.38552200025269],[-80.72068400031671,37.38931899969449],[-80.71629800019649,37.3886940001656],[-80.71547899986378,37.39070700020119],[-80.7052029997505,37.39461799969347],[-80.69747400014882,37.39960099982671],[-80.68510699963356,37.40409499984117],[-80.65242600033976,37.42063399992719],[-80.64589299974105,37.42214700026273],[-80.6369470003217,37.42747099964512],[-80.63737900014183,37.429372000002914],[-80.63438999976437,37.431227000338396],[-80.6226640002049,37.433307000295585],[-80.62211699985875,37.43596899965414],[-80.61680199980094,37.43944299978257],[-80.60020399987448,37.44617299995823],[-80.5858560003587,37.456654000083944],[-80.58288399969969,37.456657999833396],[-80.5814629996675,37.45913800010639],[-80.57625499973982,37.4620480001203],[-80.55203600016671,37.473562999816245],[-80.53688900040967,37.474008000289714],[-80.53237199986991,37.47712400019223],[-80.52348099980381,37.47690499993064],[-80.51864199994709,37.47930400003757],[-80.51513899973372,37.47856599989969],[-80.5113910001963,37.48167200014058],[-80.4929810004254,37.457748999982634],[-80.49727899978375,37.444779999734614],[-80.49486000021699,37.43507200018021],[-80.47546500043201,37.422953000064524],[-80.46481600004985,37.426144999921135],[-80.45730400018314,37.432269999950286],[-80.4430090003708,37.43813099966976],[-80.42562899992151,37.449885000146985],[-80.37195100016227,37.474068999933486],[-80.36317100042427,37.480000999891224],[-80.36683699994595,37.48487899992754],[-80.34377999993893,37.49215100026772],[-80.32709999999672,37.49537699978633],[-80.299789000114,37.50827099968232],[-80.28239100012138,37.53351899985918],[-80.29166700015193,37.53651600000104],[-80.30934700017686,37.52738000003313],[-80.33036800003345,37.53626700010758],[-80.32749099980897,37.540140000302785],[-80.31446999971571,37.544055000077755],[-80.3122009999368,37.54621999982602],[-80.32850400031046,37.56431500007608],[-80.25891900001267,37.59549900033297],[-80.24027200041532,37.60696099976949],[-80.22601699988763,37.62005899964748],[-80.22098399986214,37.62776699966773],[-80.24079100027409,37.638324000247465],[-80.267503999757,37.64615599988975],[-80.27937199960668,37.6570770002218],[-80.29591600000477,37.692837999659524],[-80.28710699995446,37.69640399972758],[-80.2765770002963,37.70554900022815],[-80.272340000139,37.71127900002453],[-80.26814900001249,37.71288299993228],[-80.2644059995996,37.718785999670025],[-80.25814300023595,37.720612000114656],[-80.2530769997002,37.72589899969574],[-80.25202399991403,37.729824999993156],[-80.26031300028069,37.73351700014375],[-80.2627650003577,37.738336000171195],[-80.25931499984779,37.74496100010171],[-80.26028999981615,37.7498910001399],[-80.25741099994185,37.75608400011268],[-80.25087900006636,37.75551599991121],[-80.2493459998812,37.75750100004883],[-80.251655999668,37.763247000275776],[-80.24838900035452,37.768250000189965],[-80.24456300010097,37.7670049998694],[-80.24143700035447,37.76805800021216],[-80.2408630002441,37.77244199982724],[-80.2358920001429,37.77312999990641],[-80.2304580002594,37.77830499967056],[-80.22705299995535,37.77885999993144],[-80.2251630002931,37.77691699974288],[-80.22182699958601,37.77829299967647],[-80.21660500031295,37.77596099982759],[-80.21589200028542,37.78198900018769],[-80.219081999606,37.78336799975033],[-80.22348500034298,37.78244400028543],[-80.22453700030421,37.78459499977776],[-80.22304000010405,37.78672300006311],[-80.22948900013884,37.79233099966194],[-80.2276899998149,37.79789199967217],[-80.21861100032615,37.80978300011238],[-80.216228999671,37.80982000034865],[-80.20648200036057,37.81596999966879],[-80.2028529997505,37.82423999999643],[-80.19296599979967,37.83474999993767],[-80.17939099968756,37.83975100034866],[-80.18355500004989,37.8468099998495],[-80.18275499998374,37.85136499972108],[-80.18141099994443,37.85290300012566],[-80.1767410001421,37.85275699986891],[-80.17619600034408,37.8552650003442],[-80.17164100016947,37.85896600025377],[-80.17203299980663,37.862144000225946],[-80.16895700028886,37.86711599973988],[-80.16507300030898,37.86902499966059],[-80.16537299988464,37.870867000075215],[-80.16220199993231,37.87512200027424],[-80.14984799983581,37.883364000331106],[-80.1489509996853,37.88689200016378],[-80.14152199965925,37.88243599999955],[-80.13798699965885,37.886283999836024],[-80.13193099998443,37.88950000013924],[-80.12976799961241,37.89415899979313],[-80.12361999987648,37.897943000218675],[-80.12061299995567,37.89673500023539],[-80.11774699960186,37.897719999819614],[-80.11896699979259,37.90361399978761],[-80.11146599979655,37.910526999828576],[-80.10720500024813,37.91244200006824],[-80.10293100028092,37.9189109996812],[-80.09656300043697,37.9181119999304],[-80.09105800040838,37.9269060000046],[-80.07610499992178,37.938946000313734],[-80.07451400001028,37.94222099978539],[-80.0560559996605,37.95195899978723],[-80.04687199969145,37.96005500025623],[-80.0444759996909,37.960079999970255],[-80.04042299965666,37.965619999923],[-80.03690799974771,37.96590700018623],[-80.03597999963503,37.96824899983784],[-80.02214099993226,37.97802099985053],[-80.02063100021164,37.9807479998381],[-80.0131450002842,37.98425300021095],[-80.01219299988207,37.98863299981057],[-79.999382999676,37.99490799986462],[-79.99885299994658,37.99971099969445],[-79.9963959998467,38.00060400025322],[-79.99490399966939,38.00407699968681],[-79.9954879998255,38.00712499993426],[-79.99011400021647,38.01324599965939],[-79.98614200037304,38.01418200006209],[-79.98484199981638,38.01661000003055],[-79.98561900031633,38.01916000025235],[-79.98029000001483,38.02759600030272],[-79.9752689996849,38.030074999909836],[-79.97408500037749,38.03439200005779],[-79.97160099961509,38.03523200001773],[-79.9738950004067,38.04000400019042],[-79.96607999969297,38.05082000035156],[-79.96016200011083,38.06254699982729],[-79.95949599993895,38.06429700023259],[-79.96180499990085,38.06587499995579],[-79.9616469997171,38.06741500008625],[-79.95775799971437,38.07204999986821],[-79.95437000002707,38.0804010001894],[-79.94728900015559,38.085046000039114],[-79.94265600016317,38.09129299995395],[-79.93510599976332,38.09654700026228],[-79.92639700017041,38.106542999719736],[-79.92888500023246,38.108876999842536],[-79.93894600026057,38.11162799987392],[-79.94146399956153,38.117368999924],[-79.94066699986841,38.12087299989504],[-79.94324600016705,38.123135000191326],[-79.94117400003161,38.12526999964851],[-79.94525800002803,38.13223899990341],[-79.94274700039975,38.134332999994285],[-79.93274900012085,38.1361590001454],[-79.92903099982233,38.13977100021694],[-79.9286829996678,38.14492799989242],[-79.9261429997272,38.149556999863925],[-79.91866199982266,38.15479000009891],[-79.91951499959225,38.1626489997856],[-79.916206000446,38.16309400009754],[-79.91486400005651,38.167723999810185],[-79.91792500040398,38.16839899981861],[-79.91882300037945,38.17011699994292],[-79.91645400014309,38.17681700015352],[-79.92102600003614,38.17995399994732],[-79.92007500035723,38.182528999973805],[-79.91618200015652,38.18422299994812],[-79.91440999959676,38.188417999805104],[-79.90738700034991,38.18797000011892],[-79.89733499964433,38.19338099999557],[-79.89739499991877,38.195846999686545],[-79.89291599991216,38.199868000153614],[-79.89032200044322,38.20585899982353],[-79.886413000349,38.20795300006915],[-79.88295500034148,38.206938999960606],[-79.87924999956344,38.21091999979468],[-79.8745940000048,38.212975999839735],[-79.87393399968073,38.21538499978934],[-79.86089000002124,38.22524299977085],[-79.8569719997062,38.23106700012124],[-79.8503260000279,38.23332399973604],[-79.84521199981157,38.24107400027531],[-79.83511300014861,38.2418969999871],[-79.83088600003708,38.249689000207646],[-79.8252830000992,38.25048800008085],[-79.81962499990972,38.24823200027674],[-79.81486399987081,38.25156899978805],[-79.8157090001428,38.25506699998125],[-79.81198900019447,38.260397999967175],[-79.80633600002787,38.25919300016958],[-79.80127299986515,38.26147299996144],[-79.79829799973139,38.26595699965831],[-79.79592099999743,38.265551999799634],[-79.78894499970795,38.26870300031467],[-79.78646699969165,38.27464899970346],[-79.79000500006511,38.27735100032104],[-79.78979099980486,38.28116699971949],[-79.79165500042616,38.28465300001252],[-79.79769500020704,38.29200399978987],[-79.80277799956293,38.29207299989618],[-79.80402600024107,38.29862199970314],[-79.80993399977747,38.304680999652184],[-79.8101539998855,38.30670699978945],[-79.8023249998264,38.31626399979504],[-79.79961699965634,38.31714899979198],[-79.79655000035939,38.32347999999601],[-79.79004500024809,38.328238999763315],[-79.7869839999006,38.32843700035147],[-79.78580600044097,38.33109499969324],[-79.77927200001736,38.33160900002307],[-79.77308999994624,38.335528999880026],[-79.76759400013849,38.34430199982087],[-79.77034900016422,38.34779999985844],[-79.76597999976245,38.35129100033867],[-79.76726299970237,38.35339500015736],[-79.76443200040697,38.35651400005708],[-79.75555999970915,38.35737199986699],[-79.74217700011596,38.35324800016758],[-79.7353089997815,38.355240000025205],[-79.73205900018645,38.36016800017959],[-79.72559699973284,38.36382800012201],[-79.7267900001594,38.370831999955314],[-79.73169799961312,38.37337599974645],[-79.72951199967486,38.38119399971691],[-79.72634999994335,38.387070000185616],[-79.72265299956123,38.38951699965969],[-79.71736500016593,38.401561999749426],[-79.70896500036952,38.40955300002765],[-79.70914000027169,38.41206399968251],[-79.70663399976802,38.41572999996823],[-79.69973399964648,38.42187000000553],[-79.69527300008154,38.42368500012023],[-79.69683100038107,38.42675700003638],[-79.68966699977061,38.4314620003121],[-79.691743000104,38.437064000271896],[-79.68924699964603,38.44213399997816],[-79.69147899961504,38.44628299990721],[-79.68810500017142,38.45044400032935],[-79.68836600028733,38.456869999844265],[-79.69108600015295,38.46374299990092],[-79.6955879997258,38.46905799978133],[-79.69912000025148,38.47028800015476],[-79.6994730004289,38.47452700000554],[-79.69339699976469,38.48018299999795],[-79.69546200022744,38.4814539997068],[-79.69757199999769,38.48722300011718],[-79.6922729998334,38.49647400008977],[-79.68834500037094,38.496183000203644],[-79.68297400023664,38.50131699978694],[-79.68037400002162,38.51061700027768],[-79.67407399994973,38.51041700019788],[-79.67048600024586,38.50765899991335],[-79.66847400038489,38.51231699996506],[-79.66217400031299,38.51521699990431],[-79.66677399979513,38.52431700000757],[-79.6729740003079,38.52871700000633],[-79.66687300042766,38.5383170002991],[-79.67087500040829,38.541015999668076],[-79.66917499981854,38.54531600029151],[-79.66977499986817,38.55031600008185],[-79.66727500011055,38.55261600013514],[-79.66507499992859,38.560916000231735],[-79.66257500017099,38.56051600022839],[-79.65927500034722,38.56241599991015],[-79.66287499974663,38.57041599973093],[-79.65797499979055,38.573316000183674],[-79.65587500006603,38.57691600009593],[-79.65517499955897,38.583116000315684],[-79.64917499996106,38.5914149998835],[-79.5717709996499,38.5631169996775],[-79.55547099964927,38.560216999918616],[-79.53687000008267,38.550917000141254],[-79.53197000012658,38.542417000287024],[-79.52146899988242,38.53411799997421],[-79.47663799980832,38.45722799994557],[-79.31227600021943,38.41187599985183],[-79.30555100000012,38.41528900032854],[-79.30008500032957,38.414891000261214],[-79.29069499959787,38.42103799980109],[-79.28294000005695,38.418099999897315],[-79.28031300007774,38.4203609998171],[-79.27968299989088,38.42373300024408],[-79.2827540002841,38.431693999792984],[-79.27451799962093,38.436357999723086],[-79.26731899974867,38.43827400016745],[-79.26110300024068,38.44806999989749],[-79.25697800023639,38.45056700020081],[-79.25448199977842,38.455930000015314],[-79.24747399970187,38.453305999659484],[-79.24266800035542,38.45418100017845],[-79.24218799995641,38.46462300002152],[-79.23988099964433,38.47007900024033],[-79.22566899967265,38.476470999962345],[-79.22096100023549,38.48058999997373],[-79.22148000009426,38.4846930000703],[-79.2190670003753,38.487440999890886],[-79.2105910004109,38.49291299991165],[-79.20695900032611,38.503521999666475],[-79.21095899975862,38.50802200028291],[-79.20585899978599,38.52452099970077],[-79.20145900032038,38.52782099993052],[-79.19885900010537,38.53212100018528],[-79.19905900012189,38.53502099980223],[-79.19345799983384,38.54242100027226],[-79.18405799995472,38.55152000018548],[-79.18165799975623,38.55852000033016],[-79.176658000241,38.565520000165286],[-79.17095400002079,38.56811600030104],[-79.17085799976134,38.57411899969234],[-79.16785800041151,38.579519000058305],[-79.16344200015409,38.58281699994791],[-79.15825699979264,38.59311899993889],[-79.15975800019076,38.595118999723304],[-79.15925799970026,38.60091899984844],[-79.15435699991924,38.60651800027442],[-79.15555899966832,38.61048400015757],[-79.15145700012857,38.620218000349126],[-79.14595700012283,38.626818000235566],[-79.14265700029907,38.634416999697955],[-79.13755700032644,38.638016999900756],[-79.12975599985641,38.65501800015233],[-79.12435600030813,38.655816999703866],[-79.1232569995929,38.658916999664875],[-79.12045300006167,38.66020799966741],[-79.11595499978849,38.658808999773136],[-79.1115560001478,38.659717000208666],[-79.10635599971774,38.65621699981565],[-79.09275499966634,38.659816999911385],[-79.09224599985332,38.66811399997829],[-79.08785499971025,38.67381600023536],[-79.08429999961834,38.686507000111675],[-79.09075500039926,38.69251500026235],[-79.09295499968287,38.701714999751616],[-79.08655500005187,38.716014999716215],[-79.08725499966063,38.7201140002785],[-79.07905499988075,38.73721399984232],[-79.07385500034901,38.742113999880104],[-79.07235499977577,38.74781300015763],[-79.06095399990636,38.75671299981349],[-79.05725300022459,38.761413000276946],[-79.3498670004134,38.95750899985786],[-79.35476700036949,38.953009999837114],[-79.35686700009401,38.94301000005513],[-79.358766999802,38.939210000158624],[-79.36206699962577,38.93731000000215],[-79.36246699965884,38.934409999660645],[-79.36646799981457,38.931510000224684],[-79.36796800038779,38.92481000030639],[-79.37346800039352,38.92310999965599],[-79.37486799961098,38.92081000029373],[-79.3900689997947,38.92330999999678],[-79.41566999994023,38.9230100003225],[-79.42426999975318,38.929110000130564],[-79.44247100018502,38.93261000009003],[-79.45457199966322,38.93021000017944],[-79.45607200023642,38.92931000032827],[-79.45697199986171,38.92461000000089],[-79.45567200020334,38.91860999984597],[-79.4503610003435,38.9127740000069],[-79.45016700017474,38.90916200005873],[-79.44587099956792,38.904610000341016],[-79.44827099976641,38.90201000013616],[-79.44447100035043,38.89860999968727],[-79.45807200040183,38.89620999980853],[-79.46547200011553,38.89210999993553],[-79.47487199999465,38.891610000215564],[-79.4828729995829,38.88631000006298],[-79.49207300034378,38.8887100002555],[-79.49617300023371,38.89170999974197],[-79.50567400039517,38.89351000000317],[-79.5117739995522,38.894010000331285],[-79.5196739997564,38.892010000273125],[-79.5185740001146,38.88440999997993],[-79.51007399986075,38.87580999980828],[-79.5126740000758,38.86721099976712],[-79.52317399959672,38.856210999732404],[-79.53027299990987,38.852111000325046],[-79.53127299999257,38.84821100022936],[-79.5390750002875,38.84141100007765],[-79.52317299977182,38.83021400024929],[-79.52910399977276,38.82297799971133],[-79.52977099976954,38.8193150003167],[-79.52719300019412,38.814155999742184],[-79.51647299966685,38.80871099994458],[-79.5078729998539,38.800910999788854],[-79.50597300014591,38.79371199979498],[-79.50957300044365,38.788311999862714],[-79.50857300036094,38.78441199985697],[-79.51017299959496,38.7806119996934],[-79.51577300005812,38.77941200028782],[-79.51547299958415,38.77761200008461],[-79.52697300008609,38.76311199978231],[-79.52757300013573,38.75931200024087],[-79.53427300024067,38.74771199966818],[-79.54317400035252,38.74651200032348],[-79.54537299981125,38.7372120000228],[-79.55687400013812,38.73121199990678],[-79.55737399973032,38.72791100022924],[-79.56095700030961,38.724002999876696],[-79.56078300023233,38.71747699996108],[-79.5641390001326,38.715153000173615],[-79.56433199957813,38.71315299982429],[-79.57101300031485,38.713601999757664],[-79.5769739995547,38.70191300005535],[-79.58697400038176,38.69471300009362],[-79.58817399958271,38.68951299989987],[-79.59767499974414,38.687613999716056],[-79.59707499969453,38.68291300027773],[-79.60146800038572,38.67870400016082],[-79.59856900041994,38.67700800002301],[-79.59887300019356,38.672712000021356],[-79.59397099968933,38.66584599979341],[-79.59555599975305,38.66305200033921],[-79.60302800033509,38.66372499984109],[-79.61471000041193,38.66769099972967],[-79.61841600011657,38.666607999662],[-79.62307500004823,38.668813999857825],[-79.62947499967923,38.660413999959474],[-79.63547600000037,38.66111400005866],[-79.63477600039164,38.666714000028485],[-79.62797599982923,38.67321299978533],[-79.62617599968037,38.67701300027683],[-79.62707600020396,38.67891299990965],[-79.63387599986805,38.68201300001753],[-79.64367599978024,38.680712999761845],[-79.66097599986357,38.69021200029948],[-79.66507599975351,38.686611999845894],[-79.67857600042088,38.68191099979284],[-79.67927699985452,38.679011000108474],[-79.67757600033815,38.67661099979403],[-79.6796760000627,38.67291100005616],[-79.67897700027888,38.66451199986241],[-79.69777799986201,38.66611299978384],[-79.69957800001087,38.67531299974659],[-79.70227799978504,38.67741299981418],[-79.70187799975194,38.679913000273935],[-79.71017899981415,38.68571299975769],[-79.71887900008453,38.684812999652124],[-79.72537800034804,38.679111000215975],[-79.7333799997612,38.678112999937134],[-79.73898000022436,38.67951299998158],[-79.74388000018044,38.686412000119155],[-79.73767999966768,38.69151199976857],[-79.73927899997508,38.693409999732935],[-79.7372799996346,38.69611200020059],[-79.73718000007548,38.707411999811676],[-79.73078000044448,38.71241199975805],[-79.73548000038403,38.71201200032232],[-79.73948099964146,38.71811200031491],[-79.74768100031964,38.71951199978964],[-79.75088099968598,38.72191199976372],[-79.75048099965291,38.72581100032169],[-79.7552819998748,38.727611000217095],[-79.75468199982517,38.734010999845914],[-79.75838199968202,38.73371100022261],[-79.75968200023871,38.73601100017143],[-79.76688199993586,38.73451099992188],[-79.7751829999981,38.73971099993233],[-79.77748299973914,38.739511000168264],[-79.78178299964563,38.736910999915615],[-79.78138299961253,38.73441100018668],[-79.78428300030153,38.728810999715456],[-79.79338299970668,38.72141099968511],[-79.7934830001641,38.716011000292],[-79.80248300001014,38.71001100012306],[-79.80189999967897,38.70664500016415],[-79.79824000000507,38.70342099997357],[-79.80488300020863,38.693611999867976],[-79.80898300009858,38.69151199976857],[-79.80798300001587,38.682912000309436],[-79.81458299966341,38.676711999803196],[-79.81408300007122,38.67371200005729],[-79.8203830001431,38.66391200030785],[-79.82178300025889,38.65611199968685],[-79.82788300031422,38.65421200032857],[-79.83378300035304,38.64761200028509],[-79.83228299977982,38.640912999728414],[-79.82983400007585,38.63794200011806],[-79.83044099979816,38.63620000027165],[-79.83478300043575,38.63041300028944],[-79.83838299983518,38.62861299992436],[-79.84237599959499,38.62941299989556],[-79.8441940001855,38.6320559999763],[-79.84668300007246,38.62961300024805],[-79.84668300007246,38.62171299971583],[-79.84378300028177,38.61601299971818],[-79.84228299970856,38.60811299972343],[-79.84848300022132,38.60081200002207],[-79.8492830002875,38.59481300022612],[-79.85648299998466,38.58361400028561],[-79.8556829999185,38.57501400020593],[-79.85758299962649,38.57181400024079],[-79.85928300021624,38.56001399987337],[-79.86333299987746,38.55379400000763],[-79.86325000003679,38.550820000127985],[-80.02840400019424,38.45916599966564],[-80.11691999977151,38.47395300027303],[-80.24551799997782,38.38845699990401],[-80.18393099979355,38.52538599973703],[-80.28005899969493,38.694866999796304],[-80.28437700004308,38.69453899973919],[-80.28894100043851,38.690645999849444],[-80.30529400014258,38.68455800003012],[-80.31973200007006,38.6848809998653],[-80.32182099992393,38.68839400012559],[-80.31999900003375,38.69333099976102],[-80.3309639998851,38.70092399978185],[-80.33300800043145,38.7050479998052],[-80.33360400028312,38.71174799993126],[-80.3305760004459,38.716893999876206],[-80.33126299963584,38.71806999987193],[-80.33492400003294,38.72044700009715],[-80.3448679998852,38.72033600009636],[-80.34723299992359,38.72708600031827],[-80.34915500027121,38.726768000041325],[-80.3533020000168,38.730687999841464],[-80.36512700020876,38.73086099982532],[-80.36838199982667,38.73327999986179],[-80.37234199997454,38.7305260001775],[-80.38940699988122,38.7298679998252],[-80.39469699982466,38.72598400020152],[-80.39691899974792,38.72947900017337],[-80.40096900030747,38.73005499983351],[-80.40498800000654,38.72724099972867],[-80.4044509997061,38.72382500032149],[-80.40694600033916,38.72275599987415],[-80.4085609996418,38.724574999886784],[-80.41367700040627,38.724473000083215],[-80.41219299972659,38.72564699996788],[-80.41230099968162,38.72841100025339],[-80.41674500042643,38.72957699977184],[-80.42403399981205,38.728053000160195],[-80.4268730004017,38.73110999976738],[-80.42876300006394,38.7285220003251],[-80.43321699995619,38.729507999989885],[-80.43608400013493,38.725554000249524],[-80.44043000007217,38.72829099969775],[-80.44524800001248,38.72684800027068],[-80.4475439995556,38.73271200005949],[-80.45261500011424,38.73322600033889],[-80.45174499972788,38.73688699987343],[-80.45733199977224,38.73916899986961],[-80.45084000007972,38.75010099967714],[-80.45209799990529,38.75538200018982],[-80.4510280004007,38.756900999918685],[-80.4531549998894,38.76101400016521],[-80.44899800009806,38.76542400018389],[-80.44941700039772,38.76938300027003],[-80.44209100030386,38.771849999810975],[-80.44614799963776,38.77751399988296],[-80.45033700011449,38.77559000030775],[-80.45848199964277,38.77605300020306],[-80.45860100036677,38.778078000272714],[-80.46369799996634,38.783763999922044],[-80.46300699968013,38.78599799988924],[-80.4583939997792,38.78773999997326],[-80.45937700014348,38.791516999721665],[-80.46311200016044,38.79588199989104],[-80.46919799997208,38.79755699969553],[-80.47453200029645,38.79427399987093],[-80.48552800010994,38.80030399998513],[-80.48363699972447,38.80349999975222],[-80.48432800001069,38.80924100022688],[-80.47933900036614,38.814594999954515],[-80.48060899988725,38.81820800034593],[-80.4768799997181,38.82084700013397],[-80.4762549995541,38.825784000180995],[-80.47376800021529,38.82909800017437],[-80.4738100000481,38.833229000044675],[-80.4798160003921,38.83317699981566],[-80.49084499981757,38.845259000245406],[-80.50071800042299,38.84466100020059],[-80.5072159999633,38.854027000275686],[-80.52376700003408,38.8628019998646],[-80.52836999988926,38.861997000286],[-80.53248300019798,38.85589899991876],[-80.54385800012815,38.85379899997554],[-80.55206999960357,38.860561999752825],[-80.55388900001903,38.86592600016968],[-80.5579570001219,38.8676089997452],[-80.57337300039079,38.862849000291746],[-80.58039099961476,38.858319000193916],[-80.58640000033184,38.86140900022911],[-80.58755299967709,38.864859999673754],[-80.59328899968436,38.870417999882974],[-80.59265799967261,38.87374099985154],[-80.59066300042838,38.875021999847874],[-80.59230299984536,38.878642000212515],[-80.59099099959313,38.88367899976851],[-80.59644600029132,38.88754999998447],[-80.599161999959,38.891777000226845],[-80.59708700034882,38.89606199974071],[-80.71681500040545,39.00843000004999],[-80.72887700042388,39.08352699979636],[-80.72832599987973,39.09567900019727],[-80.81297000007103,39.109401000026196],[-80.81222699990627,39.106539999737635],[-80.8088840004248,39.10430399966488],[-80.81162500020682,39.10236300032661],[-80.81104400042378,39.098904999664114],[-80.81770000014782,39.09698700031711],[-80.81881400003334,39.09159800003488],[-80.82275900011257,39.09162099983941],[-80.82344700002574,39.09314399997013],[-80.82808400021611,39.092118000300715],[-80.83188500035531,39.08873800010995],[-80.83131600026782,39.085416999949594],[-80.83361299963583,39.08483099976299],[-80.83502399962227,39.08237600025955],[-80.84084400019347,39.0824680003048],[-80.84347199999758,39.08488899984859],[-80.85458099978896,39.083920000288245],[-80.85455300019986,39.081686000279724],[-80.8518230002885,39.07970799975457],[-80.85825399988163,39.076878000158516],[-80.8590189997877,39.07356899965536],[-80.86451999961834,39.071264999825324],[-80.86760400043035,39.07378999979893],[-80.87162700032741,39.072674999749374],[-80.87366299957951,39.07431499981392],[-80.87695400008077,39.07390399982336],[-80.8784570001287,39.07289499982826],[-80.87741400038828,39.06865999989301],[-80.88136699996514,39.06822800027759],[-80.88548199992368,39.06380999993543],[-80.88777400016716,39.06493599981624],[-80.8897979997237,39.06474399979351],[-80.89077199986713,39.06250499976],[-80.8951060001088,39.0637700001495],[-80.89749500043662,39.06278099983798],[-80.89843900044282,39.06038099966138],[-80.89682900026477,39.057483000319834],[-80.89806799982375,39.05564099974956],[-80.90510500021261,39.05356899965986],[-80.90620900005239,39.050362000063174],[-80.91161799982152,39.0462399999682],[-80.9143129995728,39.04727800018884],[-80.91931100033649,39.04339399990335],[-80.92319500031637,39.04330100005825],[-80.9259999996725,39.04507300015331],[-80.92885699980548,39.04335500020832],[-80.9365810002826,39.04473599965743],[-80.93811899959233,39.042830000177936],[-80.94270800010213,39.042641000160785],[-80.94975100033878,39.038985000274764],[-80.95531099972064,39.0386630000683],[-80.95816700002872,39.03686800017748],[-80.96020300017913,39.038021999750754],[-80.96568399991828,39.03530299986452],[-80.96389999966294,39.0316709996537],[-80.96661600022892,39.03094899969496],[-80.96722600032429,39.0290180002745],[-80.97087099992955,39.02738399981791],[-80.97547200013491,39.0285740002245],[-80.982123999661,39.026133000032054],[-80.98209500024699,39.02022399994237],[-80.99034000023269,39.02059800026923],[-80.99557900012252,39.01406599992651],[-80.99850999987534,39.013360000267134],[-80.9983249999274,39.011276999850615],[-81.00263099968167,39.00958500000452],[-81.00513100033758,39.01148499978704],[-81.0072310000621,39.00878500010969],[-81.01483099979237,39.009284999708264],[-81.0169310004152,39.01088500007959],[-81.02313199985457,39.0081840002397],[-81.02643199967834,39.00988400015523],[-81.02483200044432,39.0124840003197],[-81.02833200028464,39.012583999759556],[-81.03363200027381,39.009583999731106],[-81.03504499991008,39.01202799965762],[-81.03961199978025,39.01280999995509],[-81.04523200033488,39.01078299981859],[-81.04573199992709,39.00898399995172],[-81.05323299992313,39.010383999663134],[-81.05973300001156,39.007884000283646],[-81.06053300007771,39.0092840001286],[-81.06443299995112,39.00898399995172],[-81.06813299980796,39.010684000184135],[-81.07643300004527,39.010383000099054],[-81.08143299956048,39.01668199987975],[-81.09213399982119,39.01498300023595],[-81.09393399997005,39.01558300007535],[-81.0923339998377,39.01978300018022],[-81.09403400042747,39.02208100007842],[-81.10253200013318,39.02148000013641],[-81.10493300015658,39.02718100001423],[-81.10963300009614,39.02808200032527],[-81.10993400039503,39.0298810000294],[-81.11223400013607,39.03068099992088],[-81.11343400023532,39.03378200025348],[-81.11203400011955,39.03708200019402],[-81.11393399982752,39.03648199999572],[-81.11643399958514,39.038481999682865],[-81.11603399955204,39.04248200016452],[-81.12483500010475,39.03978200013672],[-81.12593499974659,39.0425819997344],[-81.12963499960344,39.04518200026359],[-81.13353500037515,39.04308200034452],[-81.13646699995287,39.04511099982679],[-81.13826000042906,39.04329199979667],[-81.14474899974851,39.04283499989097],[-81.15076799961301,39.03971099985454],[-81.15549500021505,39.040241999774196],[-81.16268999988935,39.03474900031641],[-81.16289800030182,39.030519000293744],[-81.1737679997186,39.03386400014155],[-81.1793780002275,39.04141200002305],[-81.18353800039189,39.03927299981866],[-81.1851229995573,39.04104200029188],[-81.19048299982093,39.040125000288405],[-81.19211399991539,39.037619000293375],[-81.19710699975792,39.038954999658785],[-81.20280699978018,39.038100999993034],[-81.2041469996215,39.04250499993159],[-81.21074100031959,39.045180999796095],[-81.22063699959294,39.043379999979514],[-81.22473800020609,39.040879999995774],[-81.22753800043768,39.03577999979949],[-81.22613800032188,39.03398000029735],[-81.2282380000464,39.03227999980026],[-81.2420369995662,39.038180000147],[-81.24898699991643,39.03447500007333],[-81.25336899983867,39.03800700028652],[-81.24892900019009,39.040945000124765],[-81.25024800011505,39.049897000135545],[-81.25390799978892,39.05179299982839],[-81.25368100000819,39.05607000011655],[-81.26061399974166,39.056106999839116],[-81.26298999965071,39.05793900003458],[-81.2660159998381,39.05668200014356],[-81.27143899985091,39.05957900001092],[-81.27393899960853,39.05917900017754],[-81.27243899993364,39.06387900000119],[-81.26183800013037,39.06547899988702],[-81.25722500022944,39.07180499975637],[-81.25816900023565,39.081504000027316],[-81.26063399983315,39.084197000213685],[-81.25799699980819,39.09466900020715],[-81.26352100010335,39.09861700003796],[-81.26095799969826,39.103195999808314],[-81.2644399999952,39.104671000108794],[-81.2633610002698,39.10697100008593],[-81.27638200036306,39.108016000045296],[-81.27742900030141,39.11828399973987],[-81.28053699960626,39.122704000245854],[-81.28716999976407,39.12569499971289],[-81.28623499997869,39.13063499978473],[-81.28731100022938,39.13243200032641],[-81.29687400031513,39.13232800013095],[-81.29984799972564,39.12985600007035],[-81.32404700010557,39.14256799997017],[-81.32912899963655,39.150071000318626],[-81.32856700012009,39.15270900006893],[-81.31980599975034,39.1529099997606],[-81.3190290001487,39.15389600026335],[-81.32104500020765,39.15651500033971],[-81.31056900007783,39.1579420002399],[-81.31127000040979,39.160409000019406],[-81.31890799977488,39.16338799973876],[-81.31643200030672,39.16496299996128],[-81.31620399980277,39.16802100008772],[-81.30588800040485,39.17213599975248],[-81.29775700022195,39.17820999996076],[-81.3014429998351,39.17946100020305],[-81.3019700000898,39.182051999851275],[-81.29605300033255,39.18139200019794],[-81.29801699961465,39.18557199988108],[-81.40314799973513,39.137275999960664],[-81.40775399996335,39.1357240001624],[-81.42490599990867,39.135678999942606],[-81.55354599994777,39.04927900024201],[-81.5814469998344,39.026178999734014],[-81.7472539997449,39.09537900008151],[-81.76075400041228,39.08407699988863],[-81.77555499966459,39.078377000012075],[-81.78575499960988,39.078577999858005],[-81.8030539998683,39.08387800020709],[-81.81065399959854,39.08327800010296],[-81.8138539998632,39.07967799970112],[-81.8138539998632,39.068678999663646],[-81.8123540001883,39.061279000003545],[-81.80805500010673,39.05377700003039],[-81.80035499991907,39.044978000182454],[-81.78505400017625,39.035878999882755],[-81.77285400006555,39.026178999734014],[-81.76425300042767,39.01527900002049],[-81.76515300005295,39.00257899976018],[-81.77197500035666,38.99684500016414],[-81.77506900031611,38.99138699990218],[-81.7767229999768,38.98514200017465],[-81.77573399976474,38.98073700000176],[-81.78085200017905,38.97002900001],[-81.7815889995977,38.96227499984101],[-81.77884500034094,38.95589199974077],[-81.76766700005426,38.9468649998317],[-81.76101600035311,38.93800300018781],[-81.75697500001439,38.937153999785764],[-81.75613099956729,38.93354600031326],[-81.75850499982653,38.92794199992868],[-81.76265800031824,38.92412300029907],[-81.77410500021843,38.92296399995275],[-81.78564699965484,38.9261919996649],[-81.79337199995688,38.9302030001975],[-81.80613699995709,38.94211200019879],[-81.81423499962972,38.94616799983924],[-81.82735399963225,38.9458980000064],[-81.83313999986825,38.94105099982702],[-81.83443899970169,38.941426999758036],[-81.8444860003844,38.928746000098634],[-81.84531200038985,38.91008799997792],[-81.84865300022149,38.901406999984935],[-81.85597099991944,38.8927339998786],[-81.8892329998946,38.87427899993293],[-81.8985409997122,38.87458200018672],[-81.90685600001811,38.8775659997929],[-81.92799900007343,38.89349199982787],[-81.92667000010273,38.901310999651834],[-81.90090999994854,38.92433799968697],[-81.89846999956708,38.929602999875755],[-81.90059500030428,38.937670999728965],[-81.91244300006247,38.95434300021455],[-81.91821500005476,38.9665950000879],[-81.93318600008472,38.98766000020862],[-81.94171700030068,38.993234000217605],[-81.95144699989268,38.99603200025346],[-81.96776899963461,38.99295499991257],[-81.97937100024382,38.993192999763735],[-81.9820319996599,38.99569799982373],[-81.98426100015418,39.00667799980983],[-81.99136100029223,39.01837800013209],[-81.99586100021524,39.023278000288535],[-82.00449899966303,39.02889200034573],[-82.02188400013516,39.029491000096364],[-82.03774899994261,39.02386499999854],[-82.04206200026789,39.01677799967643],[-82.04566300039053,39.00377799991279],[-82.05156300042933,38.994377999932],[-82.09156499979412,38.97377800011688],[-82.09486499961788,38.96457799966909],[-82.10906499989399,38.945579000128504],[-82.11086599986777,38.940378999815564],[-82.11056499956888,38.93527899999098],[-82.11166699975884,38.932578999816045],[-82.11236600044099,38.93177899966805],[-82.11116600034174,38.93657900006008],[-82.11326600006626,38.93057900034664],[-82.12866600044161,38.91067900001764],[-82.12936600005034,38.90787899985926],[-82.13596599969789,38.904878999713034],[-82.13756599983022,38.901879000026284],[-82.13616599971442,38.90167900010747],[-82.14006700031105,38.90117899994304],[-82.14316700011828,38.898079000317],[-82.14536700030023,38.88417900007163],[-82.14136699996942,38.87528000000351],[-82.13922399968887,38.865020000194164],[-82.14546699985934,38.83968000021753],[-82.16359799997099,38.82342400014309],[-82.18077500003066,38.81696199998773],[-82.19117199961943,38.815136999669726],[-82.1975400003617,38.8095390002783],[-82.2114379996157,38.801220000024635],[-82.21726900005753,38.795679999718686],[-82.22156599959095,38.78718700008842],[-82.21964400014167,38.7722830001105],[-82.21661399975632,38.76835000019492],[-82.20714100008227,38.763943000316615],[-82.19888199985284,38.757724999769366],[-82.19560600031853,38.75244099977977],[-82.19326800004431,38.741182000308115],[-82.18796800005512,38.73308200024363],[-82.18686800041331,38.72228199981362],[-82.19136800033633,38.72978200009176],[-82.19166799991199,38.73738199989989],[-82.193098000165,38.73771800023092],[-82.19383299993383,38.73565300032507],[-82.19128499959733,38.727203999994906],[-82.18456699994901,38.715882000167404],[-82.18246700022449,38.70878199985668],[-82.19016700041216,38.68738200020092],[-82.19086700002092,38.680383000022296],[-82.18606699962392,38.66678300009669],[-82.18556700003174,38.65958300019168],[-82.1790669999433,38.64888300013282],[-82.17216699982178,38.62718400001159],[-82.17316600007958,38.61238399992664],[-82.17726699979443,38.60378399967148],[-82.1887670002964,38.594983999899426],[-82.20517100005408,38.59171900014785],[-82.22146799968165,38.591284000190385],[-82.22716799970392,38.593783000016174],[-82.24796900035078,38.59728300003012],[-82.24566899971141,38.59818299987187],[-82.24665899974838,38.59856900018724],[-82.2620699999944,38.59818299987187],[-82.27427000010508,38.59368300015625],[-82.29127100043766,38.57898299994785],[-82.2934709997213,38.57428300033366],[-82.29187099958897,38.575482999749035],[-82.29177100002984,38.5747829998925],[-82.29387099975436,38.57268300013166],[-82.29337100016218,38.556983000215055],[-82.29567099990324,38.53848300018018],[-82.30287099960042,38.52318299979146],[-82.30397100014055,38.517682999929484],[-82.30307099961695,38.504384000027365],[-82.3042230000356,38.496308000330146],[-82.31063899956014,38.48317200034192],[-82.31393500008427,38.4680839996612],[-82.31811100014218,38.45787599965459],[-82.32399899958712,38.44926800032475],[-82.33033499964401,38.44449999978934],[-82.34064000006958,38.44094800001682],[-82.38177299993663,38.434783000149515],[-82.3897459999358,38.43435500031064],[-82.40488199982218,38.43934699978533],[-82.44047600022377,38.4284820002875],[-82.48619699987738,38.4181780001308],[-82.51850999982346,38.4080779997946],[-82.5410060001389,38.40379999976939],[-82.57342500039017,38.40568900030527],[-82.5888030001259,38.41363400033072],[-82.59348200014905,38.418251999733044],[-82.59347999960092,38.421820999963835],[-82.59597199986094,38.417879999976066],[-82.59706700037819,38.41081499965026],[-82.5945540002018,38.39826899977218],[-82.59873299973445,38.39376199987973],[-82.59945800035585,38.390781000210374],[-82.5927380001594,38.37680699978903],[-82.59759399973457,38.364912000020915],[-82.59812099998925,38.34593300029432],[-82.59550700042882,38.3424890001566],[-82.58916100032619,38.34026000019839],[-82.58458799970994,38.33373300015764],[-82.57672000019109,38.328515000050245],[-82.57539500041835,38.32297999972787],[-82.57175599976256,38.31719499990262],[-82.57192300016715,38.31334700026187],[-82.57900499986354,38.30477899981512],[-82.58303500033158,38.29680699999028],[-82.57950100015607,38.29098699977905],[-82.5787859995804,38.28194400031967],[-82.57409800023473,38.27463500032269],[-82.5746239997662,38.2639369997117],[-82.58331700036388,38.246793000022976],[-82.59450899999595,38.24550299966718],[-82.60462500027563,38.247662000346864],[-82.60812799959069,38.244829999705985],[-82.61221599978505,38.23629699975952],[-82.60861499966241,38.22349899971422],[-82.59829500006651,38.21736100003376],[-82.59913699996548,38.19720499991335],[-82.6116009996668,38.17133899988268],[-82.61936500032691,38.16887699983282],[-82.63885499964815,38.17114899966981],[-82.64295200006333,38.1694459997628],[-82.64459099965542,38.16590399993603]]]}},{"type":"Feature","properties":{"GEOID":"5402","NAME":"Congressional District 2","BASENAME":"2","STATE":"54","CD119":"02"},"geometry":{"type":"Polygon","coordinates":[[[-81.7563840001856,39.17801200006125],[-81.74276499969255,39.142669000325974],[-81.74311700004505,39.14132500032242],[-81.7443949999621,39.143739999832924],[-81.74519400020336,39.138239000095986],[-81.7423529999639,39.111276999899054],[-81.74385400036203,39.10237800006201],[-81.7472539997449,39.09537900008151],[-81.5814469998344,39.026178999734014],[-81.55354599994777,39.04927900024201],[-81.42490599990867,39.135678999942606],[-81.40775399996335,39.1357240001624],[-81.40314799973513,39.137275999960664],[-81.29801699961465,39.18557199988108],[-81.29605300033255,39.18139200019794],[-81.3019700000898,39.182051999851275],[-81.3014429998351,39.17946100020305],[-81.29775700022195,39.17820999996076],[-81.30588800040485,39.17213599975248],[-81.31620399980277,39.16802100008772],[-81.31643200030672,39.16496299996128],[-81.31890799977488,39.16338799973876],[-81.31127000040979,39.160409000019406],[-81.31056900007783,39.1579420002399],[-81.32104500020765,39.15651500033971],[-81.3190290001487,39.15389600026335],[-81.31980599975034,39.1529099997606],[-81.32856700012009,39.15270900006893],[-81.32912899963655,39.150071000318626],[-81.32404700010557,39.14256799997017],[-81.29984799972564,39.12985600007035],[-81.29687400031513,39.13232800013095],[-81.28731100022938,39.13243200032641],[-81.28623499997869,39.13063499978473],[-81.28716999976407,39.12569499971289],[-81.28053699960626,39.122704000245854],[-81.27742900030141,39.11828399973987],[-81.27638200036306,39.108016000045296],[-81.2633610002698,39.10697100008593],[-81.2644399999952,39.104671000108794],[-81.26095799969826,39.103195999808314],[-81.26352100010335,39.09861700003796],[-81.25799699980819,39.09466900020715],[-81.26063399983315,39.084197000213685],[-81.25816900023565,39.081504000027316],[-81.25722500022944,39.07180499975637],[-81.26183800013037,39.06547899988702],[-81.27243899993364,39.06387900000119],[-81.27393899960853,39.05917900017754],[-81.27143899985091,39.05957900001092],[-81.2660159998381,39.05668200014356],[-81.26298999965071,39.05793900003458],[-81.26061399974166,39.056106999839116],[-81.25368100000819,39.05607000011655],[-81.25390799978892,39.05179299982839],[-81.25024800011505,39.049897000135545],[-81.24892900019009,39.040945000124765],[-81.25336899983867,39.03800700028652],[-81.24898699991643,39.03447500007333],[-81.2420369995662,39.038180000147],[-81.2282380000464,39.03227999980026],[-81.22613800032188,39.03398000029735],[-81.22753800043768,39.03577999979949],[-81.22473800020609,39.040879999995774],[-81.22063699959294,39.043379999979514],[-81.21074100031959,39.045180999796095],[-81.2041469996215,39.04250499993159],[-81.20280699978018,39.038100999993034],[-81.19710699975792,39.038954999658785],[-81.19211399991539,39.037619000293375],[-81.19048299982093,39.040125000288405],[-81.1851229995573,39.04104200029188],[-81.18353800039189,39.03927299981866],[-81.1793780002275,39.04141200002305],[-81.1737679997186,39.03386400014155],[-81.16289800030182,39.030519000293744],[-81.16268999988935,39.03474900031641],[-81.15549500021505,39.040241999774196],[-81.15076799961301,39.03971099985454],[-81.14474899974851,39.04283499989097],[-81.13826000042906,39.04329199979667],[-81.13646699995287,39.04511099982679],[-81.13353500037515,39.04308200034452],[-81.12963499960344,39.04518200026359],[-81.12593499974659,39.0425819997344],[-81.12483500010475,39.03978200013672],[-81.11603399955204,39.04248200016452],[-81.11643399958514,39.038481999682865],[-81.11393399982752,39.03648199999572],[-81.11203400011955,39.03708200019402],[-81.11343400023532,39.03378200025348],[-81.11223400013607,39.03068099992088],[-81.10993400039503,39.0298810000294],[-81.10963300009614,39.02808200032527],[-81.10493300015658,39.02718100001423],[-81.10253200013318,39.02148000013641],[-81.09403400042747,39.02208100007842],[-81.0923339998377,39.01978300018022],[-81.09393399997005,39.01558300007535],[-81.09213399982119,39.01498300023595],[-81.08143299956048,39.01668199987975],[-81.07643300004527,39.010383000099054],[-81.06813299980796,39.010684000184135],[-81.06443299995112,39.00898399995172],[-81.06053300007771,39.0092840001286],[-81.05973300001156,39.007884000283646],[-81.05323299992313,39.010383999663134],[-81.04573199992709,39.00898399995172],[-81.04523200033488,39.01078299981859],[-81.03961199978025,39.01280999995509],[-81.03504499991008,39.01202799965762],[-81.03363200027381,39.009583999731106],[-81.02833200028464,39.012583999759556],[-81.02483200044432,39.0124840003197],[-81.02643199967834,39.00988400015523],[-81.02313199985457,39.0081840002397],[-81.0169310004152,39.01088500007959],[-81.01483099979237,39.009284999708264],[-81.0072310000621,39.00878500010969],[-81.00513100033758,39.01148499978704],[-81.00263099968167,39.00958500000452],[-80.9983249999274,39.011276999850615],[-80.99850999987534,39.013360000267134],[-80.99557900012252,39.01406599992651],[-80.99034000023269,39.02059800026923],[-80.98209500024699,39.02022399994237],[-80.982123999661,39.026133000032054],[-80.97547200013491,39.0285740002245],[-80.97087099992955,39.02738399981791],[-80.96722600032429,39.0290180002745],[-80.96661600022892,39.03094899969496],[-80.96389999966294,39.0316709996537],[-80.96568399991828,39.03530299986452],[-80.96020300017913,39.038021999750754],[-80.95816700002872,39.03686800017748],[-80.95531099972064,39.0386630000683],[-80.94975100033878,39.038985000274764],[-80.94270800010213,39.042641000160785],[-80.93811899959233,39.042830000177936],[-80.9365810002826,39.04473599965743],[-80.92885699980548,39.04335500020832],[-80.9259999996725,39.04507300015331],[-80.92319500031637,39.04330100005825],[-80.91931100033649,39.04339399990335],[-80.9143129995728,39.04727800018884],[-80.91161799982152,39.0462399999682],[-80.90620900005239,39.050362000063174],[-80.90510500021261,39.05356899965986],[-80.89806799982375,39.05564099974956],[-80.89682900026477,39.057483000319834],[-80.89843900044282,39.06038099966138],[-80.89749500043662,39.06278099983798],[-80.8951060001088,39.0637700001495],[-80.89077199986713,39.06250499976],[-80.8897979997237,39.06474399979351],[-80.88777400016716,39.06493599981624],[-80.88548199992368,39.06380999993543],[-80.88136699996514,39.06822800027759],[-80.87741400038828,39.06865999989301],[-80.8784570001287,39.07289499982826],[-80.87695400008077,39.07390399982336],[-80.87366299957951,39.07431499981392],[-80.87162700032741,39.072674999749374],[-80.86760400043035,39.07378999979893],[-80.86451999961834,39.071264999825324],[-80.8590189997877,39.07356899965536],[-80.85825399988163,39.076878000158516],[-80.8518230002885,39.07970799975457],[-80.85455300019986,39.081686000279724],[-80.85458099978896,39.083920000288245],[-80.84347199999758,39.08488899984859],[-80.84084400019347,39.0824680003048],[-80.83502399962227,39.08237600025955],[-80.83361299963583,39.08483099976299],[-80.83131600026782,39.085416999949594],[-80.83188500035531,39.08873800010995],[-80.82808400021611,39.092118000300715],[-80.82344700002574,39.09314399997013],[-80.82275900011257,39.09162099983941],[-80.81881400003334,39.09159800003488],[-80.81770000014782,39.09698700031711],[-80.81104400042378,39.098904999664114],[-80.81162500020682,39.10236300032661],[-80.8088840004248,39.10430399966488],[-80.81222699990627,39.106539999737635],[-80.81297000007103,39.109401000026196],[-80.72832599987973,39.09567900019727],[-80.72887700042388,39.08352699979636],[-80.71681500040545,39.00843000004999],[-80.59708700034882,38.89606199974071],[-80.599161999959,38.891777000226845],[-80.59644600029132,38.88754999998447],[-80.59099099959313,38.88367899976851],[-80.59230299984536,38.878642000212515],[-80.59066300042838,38.875021999847874],[-80.59265799967261,38.87374099985154],[-80.59328899968436,38.870417999882974],[-80.58755299967709,38.864859999673754],[-80.58640000033184,38.86140900022911],[-80.58039099961476,38.858319000193916],[-80.57337300039079,38.862849000291746],[-80.5579570001219,38.8676089997452],[-80.55388900001903,38.86592600016968],[-80.55206999960357,38.860561999752825],[-80.54385800012815,38.85379899997554],[-80.53248300019798,38.85589899991876],[-80.52836999988926,38.861997000286],[-80.52376700003408,38.8628019998646],[-80.5072159999633,38.854027000275686],[-80.50071800042299,38.84466100020059],[-80.49084499981757,38.845259000245406],[-80.4798160003921,38.83317699981566],[-80.4738100000481,38.833229000044675],[-80.47376800021529,38.82909800017437],[-80.4762549995541,38.825784000180995],[-80.4768799997181,38.82084700013397],[-80.48060899988725,38.81820800034593],[-80.47933900036614,38.814594999954515],[-80.48432800001069,38.80924100022688],[-80.48363699972447,38.80349999975222],[-80.48552800010994,38.80030399998513],[-80.47453200029645,38.79427399987093],[-80.46919799997208,38.79755699969553],[-80.46311200016044,38.79588199989104],[-80.45937700014348,38.791516999721665],[-80.4583939997792,38.78773999997326],[-80.46300699968013,38.78599799988924],[-80.46369799996634,38.783763999922044],[-80.45860100036677,38.778078000272714],[-80.45848199964277,38.77605300020306],[-80.45033700011449,38.77559000030775],[-80.44614799963776,38.77751399988296],[-80.44209100030386,38.771849999810975],[-80.44941700039772,38.76938300027003],[-80.44899800009806,38.76542400018389],[-80.4531549998894,38.76101400016521],[-80.4510280004007,38.756900999918685],[-80.45209799990529,38.75538200018982],[-80.45084000007972,38.75010099967714],[-80.45733199977224,38.73916899986961],[-80.45174499972788,38.73688699987343],[-80.45261500011424,38.73322600033889],[-80.4475439995556,38.73271200005949],[-80.44524800001248,38.72684800027068],[-80.44043000007217,38.72829099969775],[-80.43608400013493,38.725554000249524],[-80.43321699995619,38.729507999989885],[-80.42876300006394,38.7285220003251],[-80.4268730004017,38.73110999976738],[-80.42403399981205,38.728053000160195],[-80.41674500042643,38.72957699977184],[-80.41230099968162,38.72841100025339],[-80.41219299972659,38.72564699996788],[-80.41367700040627,38.724473000083215],[-80.4085609996418,38.724574999886784],[-80.40694600033916,38.72275599987415],[-80.4044509997061,38.72382500032149],[-80.40498800000654,38.72724099972867],[-80.40096900030747,38.73005499983351],[-80.39691899974792,38.72947900017337],[-80.39469699982466,38.72598400020152],[-80.38940699988122,38.7298679998252],[-80.37234199997454,38.7305260001775],[-80.36838199982667,38.73327999986179],[-80.36512700020876,38.73086099982532],[-80.3533020000168,38.730687999841464],[-80.34915500027121,38.726768000041325],[-80.34723299992359,38.72708600031827],[-80.3448679998852,38.72033600009636],[-80.33492400003294,38.72044700009715],[-80.33126299963584,38.71806999987193],[-80.3305760004459,38.716893999876206],[-80.33360400028312,38.71174799993126],[-80.33300800043145,38.7050479998052],[-80.3309639998851,38.70092399978185],[-80.31999900003375,38.69333099976102],[-80.32182099992393,38.68839400012559],[-80.31973200007006,38.6848809998653],[-80.30529400014258,38.68455800003012],[-80.28894100043851,38.690645999849444],[-80.28437700004308,38.69453899973919],[-80.28005899969493,38.694866999796304],[-80.18393099979355,38.52538599973703],[-80.24551799997782,38.38845699990401],[-80.11691999977151,38.47395300027303],[-80.02840400019424,38.45916599966564],[-79.86325000003679,38.550820000127985],[-79.86333299987746,38.55379400000763],[-79.85928300021624,38.56001399987337],[-79.85758299962649,38.57181400024079],[-79.8556829999185,38.57501400020593],[-79.85648299998466,38.58361400028561],[-79.8492830002875,38.59481300022612],[-79.84848300022132,38.60081200002207],[-79.84228299970856,38.60811299972343],[-79.84378300028177,38.61601299971818],[-79.84668300007246,38.62171299971583],[-79.84668300007246,38.62961300024805],[-79.8441940001855,38.6320559999763],[-79.84237599959499,38.62941299989556],[-79.83838299983518,38.62861299992436],[-79.83478300043575,38.63041300028944],[-79.83044099979816,38.63620000027165],[-79.82983400007585,38.63794200011806],[-79.83228299977982,38.640912999728414],[-79.83378300035304,38.64761200028509],[-79.82788300031422,38.65421200032857],[-79.82178300025889,38.65611199968685],[-79.8203830001431,38.66391200030785],[-79.81408300007122,38.67371200005729],[-79.81458299966341,38.676711999803196],[-79.80798300001587,38.682912000309436],[-79.80898300009858,38.69151199976857],[-79.80488300020863,38.693611999867976],[-79.79824000000507,38.70342099997357],[-79.80189999967897,38.70664500016415],[-79.80248300001014,38.71001100012306],[-79.7934830001641,38.716011000292],[-79.79338299970668,38.72141099968511],[-79.78428300030153,38.728810999715456],[-79.78138299961253,38.73441100018668],[-79.78178299964563,38.736910999915615],[-79.77748299973914,38.739511000168264],[-79.7751829999981,38.73971099993233],[-79.76688199993586,38.73451099992188],[-79.75968200023871,38.73601100017143],[-79.75838199968202,38.73371100022261],[-79.75468199982517,38.734010999845914],[-79.7552819998748,38.727611000217095],[-79.75048099965291,38.72581100032169],[-79.75088099968598,38.72191199976372],[-79.74768100031964,38.71951199978964],[-79.73948099964146,38.71811200031491],[-79.73548000038403,38.71201200032232],[-79.73078000044448,38.71241199975805],[-79.73718000007548,38.707411999811676],[-79.7372799996346,38.69611200020059],[-79.73927899997508,38.693409999732935],[-79.73767999966768,38.69151199976857],[-79.74388000018044,38.686412000119155],[-79.73898000022436,38.67951299998158],[-79.7333799997612,38.678112999937134],[-79.72537800034804,38.679111000215975],[-79.71887900008453,38.684812999652124],[-79.71017899981415,38.68571299975769],[-79.70187799975194,38.679913000273935],[-79.70227799978504,38.67741299981418],[-79.69957800001087,38.67531299974659],[-79.69777799986201,38.66611299978384],[-79.67897700027888,38.66451199986241],[-79.6796760000627,38.67291100005616],[-79.67757600033815,38.67661099979403],[-79.67927699985452,38.679011000108474],[-79.67857600042088,38.68191099979284],[-79.66507599975351,38.686611999845894],[-79.66097599986357,38.69021200029948],[-79.64367599978024,38.680712999761845],[-79.63387599986805,38.68201300001753],[-79.62707600020396,38.67891299990965],[-79.62617599968037,38.67701300027683],[-79.62797599982923,38.67321299978533],[-79.63477600039164,38.666714000028485],[-79.63547600000037,38.66111400005866],[-79.62947499967923,38.660413999959474],[-79.62307500004823,38.668813999857825],[-79.61841600011657,38.666607999662],[-79.61471000041193,38.66769099972967],[-79.60302800033509,38.66372499984109],[-79.59555599975305,38.66305200033921],[-79.59397099968933,38.66584599979341],[-79.59887300019356,38.672712000021356],[-79.59856900041994,38.67700800002301],[-79.60146800038572,38.67870400016082],[-79.59707499969453,38.68291300027773],[-79.59767499974414,38.687613999716056],[-79.58817399958271,38.68951299989987],[-79.58697400038176,38.69471300009362],[-79.5769739995547,38.70191300005535],[-79.57101300031485,38.713601999757664],[-79.56433199957813,38.71315299982429],[-79.5641390001326,38.715153000173615],[-79.56078300023233,38.71747699996108],[-79.56095700030961,38.724002999876696],[-79.55737399973032,38.72791100022924],[-79.55687400013812,38.73121199990678],[-79.54537299981125,38.7372120000228],[-79.54317400035252,38.74651200032348],[-79.53427300024067,38.74771199966818],[-79.52757300013573,38.75931200024087],[-79.52697300008609,38.76311199978231],[-79.51547299958415,38.77761200008461],[-79.51577300005812,38.77941200028782],[-79.51017299959496,38.7806119996934],[-79.50857300036094,38.78441199985697],[-79.50957300044365,38.788311999862714],[-79.50597300014591,38.79371199979498],[-79.5078729998539,38.800910999788854],[-79.51647299966685,38.80871099994458],[-79.52719300019412,38.814155999742184],[-79.52977099976954,38.8193150003167],[-79.52910399977276,38.82297799971133],[-79.52317299977182,38.83021400024929],[-79.5390750002875,38.84141100007765],[-79.53127299999257,38.84821100022936],[-79.53027299990987,38.852111000325046],[-79.52317399959672,38.856210999732404],[-79.5126740000758,38.86721099976712],[-79.51007399986075,38.87580999980828],[-79.5185740001146,38.88440999997993],[-79.5196739997564,38.892010000273125],[-79.5117739995522,38.894010000331285],[-79.50567400039517,38.89351000000317],[-79.49617300023371,38.89170999974197],[-79.49207300034378,38.8887100002555],[-79.4828729995829,38.88631000006298],[-79.47487199999465,38.891610000215564],[-79.46547200011553,38.89210999993553],[-79.45807200040183,38.89620999980853],[-79.44447100035043,38.89860999968727],[-79.44827099976641,38.90201000013616],[-79.44587099956792,38.904610000341016],[-79.45016700017474,38.90916200005873],[-79.4503610003435,38.9127740000069],[-79.45567200020334,38.91860999984597],[-79.45697199986171,38.92461000000089],[-79.45607200023642,38.92931000032827],[-79.45457199966322,38.93021000017944],[-79.44247100018502,38.93261000009003],[-79.42426999975318,38.929110000130564],[-79.41566999994023,38.9230100003225],[-79.3900689997947,38.92330999999678],[-79.37486799961098,38.92081000029373],[-79.37346800039352,38.92310999965599],[-79.36796800038779,38.92481000030639],[-79.36646799981457,38.931510000224684],[-79.36246699965884,38.934409999660645],[-79.36206699962577,38.93731000000215],[-79.358766999802,38.939210000158624],[-79.35686700009401,38.94301000005513],[-79.35476700036949,38.953009999837114],[-79.3498670004134,38.95750899985786],[-79.05725300022459,38.761413000276946],[-79.05565399991717,38.77091299976158],[-79.05126799979696,38.77360199985734],[-79.05165399958635,38.7780129998927],[-79.05565399991717,38.78301300021714],[-79.05495400030843,38.78571299991891],[-79.0465539996137,38.79211299979927],[-79.03025399961308,38.79100600001053],[-79.02725300043836,38.79211299979927],[-79.02304100039544,38.79861099994065],[-79.0240530001737,38.80921199990395],[-79.01984199995569,38.8117109998529],[-79.01953399998412,38.8179070003297],[-79.00655200024893,38.823712000070344],[-79.00235199990156,38.83651200028188],[-78.99901400044297,38.84007400017927],[-79.00025200017704,38.8454120001443],[-78.993997000311,38.85010200013612],[-78.868970999915,38.763139000156606],[-78.84981399978142,38.79301200021604],[-78.82905599969055,38.81862499986845],[-78.79633000019093,38.87511100022692],[-78.79161000015988,38.877593000163245],[-78.78602499976535,38.887186999952455],[-78.77919800033708,38.89229800015031],[-78.7727929997849,38.89374200014565],[-78.76935800024192,38.89706400032561],[-78.75908499960339,38.90052899977871],[-78.75451600008338,38.905727999816925],[-78.75369000007797,38.909563999691194],[-78.75035699974393,38.911674999683534],[-78.75051699957747,38.91602800013935],[-78.74450399956078,38.92005900011864],[-78.7391469996702,38.927134000266946],[-78.72244199961361,38.93140800019241],[-78.7170760004005,38.936027999933216],[-78.72009500001688,38.92386299986008],[-78.71934799965416,38.91574899976604],[-78.72083200033386,38.913633000264426],[-78.71929099975276,38.90523000020403],[-78.71663100016157,38.904475000092745],[-78.70432300009585,38.915230999887065],[-78.69743700021806,38.91435900002508],[-78.68826599976947,38.924780000191674],[-78.68045599997694,38.92531299985104],[-78.67067899963097,38.933799999822675],[-78.665885999805,38.94157900030885],[-78.6590500001559,38.947374999846645],[-78.65235199970076,38.96067699968678],[-78.64658899992929,38.96813799971554],[-78.6384229995863,38.96681900013941],[-78.63247099966895,38.97473899972966],[-78.6308460003206,38.97958599978853],[-78.62779800039189,38.981790000062304],[-78.62045300003146,38.98260100025919],[-78.61867600034712,38.97408199971637],[-78.6111839996736,38.97613400006781],[-78.61019700000968,38.970475999907755],[-78.60165499992306,38.96460300005377],[-78.59889400004955,38.96954599990725],[-78.59326099997442,38.97191799989022],[-78.58892900028088,38.97695799987792],[-78.58046500001207,38.990566999822455],[-78.57046199971028,39.00155199998841],[-78.55046699987568,39.01806500024314],[-78.55738000041598,39.021393000004814],[-78.55963999997407,39.02445599997206],[-78.56583700011379,39.026303000237874],[-78.57190100018414,39.03199500023373],[-78.54021599987678,39.06063100018777],[-78.52271400012708,39.071061999868796],[-78.51678899997393,39.077568999749374],[-78.51647900035253,39.08180199999631],[-78.51070300016228,39.085204999765864],[-78.4951599996718,39.10099199973953],[-78.47959699998813,39.109504999917625],[-78.47537599972438,39.107468999981826],[-78.46666200010861,39.11285800001026],[-78.45986900011722,39.113350999835404],[-78.43942900004369,39.1321460002904],[-78.43665800012444,39.14169099974914],[-78.42729400023033,39.15272600020715],[-78.4139430004242,39.15841499982857],[-78.40369700044816,39.16745099995365],[-78.4069660003098,39.170903000109874],[-78.41313099976415,39.17363799978736],[-78.41484399987438,39.177834999858405],[-78.41894399976432,39.17735400005426],[-78.4239890003837,39.182490999746676],[-78.42631500006402,39.18276199990286],[-78.42869699982086,39.1872170000642],[-78.42429200033239,39.19215599985416],[-78.4249049999025,39.19330100034171],[-78.42643700026277,39.194084999709474],[-78.42867599990447,39.19263300025528],[-78.43084599994918,39.1962270001653],[-78.43869500009977,39.19809299967474],[-78.42054800009461,39.21479799988531],[-78.40558499956227,39.231175999748466],[-78.40421399975881,39.24121400011437],[-78.39966899962994,39.243873999866764],[-78.40911600026303,39.25256399965602],[-78.4194219996152,39.25747600013966],[-78.40278299968087,39.27547099992981],[-78.4018129997354,39.27675400007821],[-78.40288599961303,39.27862399982413],[-78.39989100028609,39.28134500019678],[-78.39789600014355,39.2805619996731],[-78.39337100010619,39.28298799995238],[-78.38588400035384,39.29488800002435],[-78.36724199988106,39.310148000070924],[-78.36396200014876,39.315626999757576],[-78.36407400030176,39.31882000014637],[-78.36003499961288,39.31777100014818],[-78.35571399979,39.32717499977269],[-78.34630100039041,39.33910800000147],[-78.34546000031635,39.34102400005562],[-78.34740900042816,39.34340199990947],[-78.34368500028184,39.34671299994502],[-78.34130799964957,39.345554999713],[-78.33928400009303,39.348604999799655],[-78.34041499969699,39.353627999897746],[-78.36686699996231,39.35928999988519],[-78.35483699973094,39.37161600004944],[-78.34321400010366,39.38880699965354],[-78.35092400033707,39.39098500027373],[-78.34943600035773,39.39725199965556],[-78.35794900013207,39.404191999729036],[-78.35991800033531,39.409028000340115],[-78.3569380001787,39.41692900021115],[-78.35123599960828,39.42059499972194],[-78.34671800014192,39.42761800022059],[-78.35322699955286,39.436792000298034],[-78.34654599971448,39.44261599992411],[-78.34733300026016,39.44765899983788],[-78.34514300012397,39.459483999799495],[-78.34979799985767,39.46180700014876],[-78.34708700021288,39.46601199983728],[-78.26278500032834,39.414323000080955],[-78.15819300015811,39.343390999691806],[-78.14091999983896,39.33374500018934],[-77.82829900012,39.13242600006469],[-77.82210100015536,39.14010500033518],[-77.82334599956214,39.14562499981372],[-77.82136999968615,39.15235100005566],[-77.81362600001587,39.16441800018418],[-77.80604899985184,39.17173699981102],[-77.8049049998291,39.17905099977323],[-77.79816399971624,39.19251799965494],[-77.79815700004355,39.200702999957045],[-77.79263199992349,39.20899800010471],[-77.79266299988562,39.21138799966728],[-77.78884099983003,39.21486500008326],[-77.78592699979562,39.21966599968715],[-77.78632199980584,39.22180700018701],[-77.78079900023391,39.2287209999597],[-77.77741599967113,39.229702000224485],[-77.77136500001959,39.23649299978489],[-77.76722699959652,39.249009000340656],[-77.77093700039742,39.249445999871995],[-77.77010200017115,39.25636899975717],[-77.76292800041325,39.25827300026688],[-77.76176799959866,39.26303100034609],[-77.75837999991136,39.26508600001954],[-77.7579670003578,39.272251999749095],[-77.75310500003653,39.27733999989488],[-77.75272599991985,39.28337299974128],[-77.74829499959381,39.29369599994711],[-77.73841000019111,39.308190999729746],[-77.73069699958464,39.315603000107465],[-77.72163800018737,39.31849400007792],[-77.71951900019627,39.32131400013024],[-77.72768499964096,39.32211400026355],[-77.73469199989259,39.32706599971633],[-77.75572799981778,39.333938000008835],[-77.76086200012561,39.340026999941536],[-77.7595160004365,39.344872999783256],[-77.74759599980997,39.35132699975191],[-77.74365800030175,39.35919000005725],[-77.743640999685,39.36466299979329],[-77.75230900016834,39.37739800010635],[-77.75297699999001,39.38167899989774],[-77.7488789997499,39.38444099979289],[-77.73873700042925,39.38573599991431],[-77.73573999965588,39.3894589999144],[-77.7388040003764,39.39976099998485],[-77.74640300028175,39.40936900023232],[-77.75294299965482,39.42304100020762],[-77.76144700010661,39.42794100013821],[-77.78633199985158,39.428876000261255],[-77.79431599972138,39.430925000125505],[-77.80320500013765,39.43711100031639],[-77.80091100024438,39.440674000243625],[-77.78823900013059,39.44295000017471],[-77.78526499982173,39.44540300004472],[-77.7861209999644,39.447440000032564],[-77.79826900019654,39.45613100024798],[-77.7980060004308,39.46076900004981],[-77.79267399975627,39.462064000316],[-77.78060099986719,39.459843999870685],[-77.77760499981703,39.46225300020315],[-77.79538399957616,39.47124700027752],[-77.79800399988268,39.47523199989229],[-77.79719600031889,39.48013899979483],[-77.78780999978518,39.48546300001722],[-77.76727799965013,39.491271000158626],[-77.76554100014877,39.493427000168325],[-77.76634000039003,39.49623799969786],[-77.77090899991002,39.498935000140705],[-77.78215300031893,39.499036000193236],[-77.79156999991649,39.49095800021271],[-77.8028910003183,39.48946000029831],[-77.81936100019824,39.493548000185804],[-77.82756500017607,39.49308599993149],[-77.8453780002704,39.49810900015331],[-77.84784600024093,39.50182000022906],[-77.84660000011093,39.50455899975573],[-77.82579299961628,39.51671000004293],[-77.8234979998981,39.52378500022029],[-77.82473900000524,39.52848400009766],[-77.8322700001385,39.532340000247665],[-77.83696099985721,39.53211200024192],[-77.84056000033004,39.52914199966457],[-77.84194500037722,39.51842799983581],[-77.84943700015243,39.515595000171515],[-77.86117600013068,39.514292999731055],[-77.86475399978879,39.5158699998944],[-77.86613800001105,39.51839900007209],[-77.8652750001957,39.53841199992982],[-77.87164600041271,39.54428099978273],[-77.88602300024081,39.551688000245115],[-77.88873600043374,39.555409999993906],[-77.88691799984322,39.55996999973341],[-77.87854800018403,39.563408000228826],[-77.84322099974615,39.56446399976557],[-77.83608700017122,39.566662000313634],[-77.83335200023699,39.57115199986669],[-77.82976899965766,39.58775700010492],[-77.83188699982387,39.60077599996049],[-77.83414499973213,39.603371000173375],[-77.84151100000895,39.60696999994384],[-77.86448199980222,39.60893100021374],[-77.87426499999599,39.614078999889465],[-77.88491600002797,39.61583300017158],[-77.88699700038424,39.61359999991271],[-77.88117599998814,39.606369000069364],[-77.8811509998738,39.60097900003948],[-77.8853610002669,39.59767699979473],[-77.89197299961,39.59775599974852],[-77.92271999975895,39.60471100028535],[-77.92835399965895,39.61363000000706],[-77.93275999987065,39.61760899997629],[-77.9410850002223,39.61903499985276],[-77.94478900027711,39.61556599969028],[-77.93873500025252,39.61288799990029],[-77.9358610004011,39.60936500019348],[-77.93603700012821,39.59674700011921],[-77.93911400036922,39.58700100010778],[-77.94235599956836,39.584853000258086],[-77.94610200035427,39.58479200034106],[-77.9510330002725,39.58952799985338],[-77.95227600002946,39.59567499982474],[-77.95056899976701,39.603836000012215],[-77.95504000027603,39.60807799991626],[-77.96095799985817,39.608877999739626],[-77.96715800037094,39.607108999995425],[-77.97317899988526,39.6013170001806],[-77.97761199986114,39.59960800028142],[-78.00261200013213,39.600554000236286],[-78.01010899993022,39.603043999751975],[-78.02349900009442,39.621698999697216],[-78.03732100007875,39.636983000131],[-78.04814899966273,39.64350499978162],[-78.05421100008326,39.650986000091756],[-78.08055600021845,39.670501999873274],[-78.08952000007949,39.67144499998517],[-78.09704399964173,39.67821599972462],[-78.10531399974181,39.68168199970271],[-78.13151999995983,39.68678800020646],[-78.13981500017427,39.68981599967879],[-78.15430099978232,39.6906230002654],[-78.16265399972308,39.69391799992222],[-78.17654199982964,39.695979000213],[-78.18275800023594,39.69510999969192],[-78.19100800024452,39.69029999986772],[-78.1960250003765,39.682669000128456],[-78.20220400007454,39.67685600021533],[-78.22707899977377,39.6762470001244],[-78.23256799990882,39.67358299995763],[-78.23299999972897,39.67066199977609],[-78.22425299960292,39.663513999873196],[-78.22382499998075,39.66053899965787],[-78.22721100001826,39.65708500022011],[-78.2381070002726,39.652151999938475],[-78.25406699961631,39.64018399974972],[-78.26233800043958,39.63049499985107],[-78.26286300014614,39.6224790000735],[-78.26608799962685,39.61905499996139],[-78.286029999758,39.621192000031684],[-78.31085699977665,39.6306090001256],[-78.33523699990656,39.637359000257156],[-78.35532299997774,39.64066299973503],[-78.35801299970615,39.639783000032715],[-78.35925399981329,39.637208000253395],[-78.35345699970664,39.630568999662216],[-78.35550600027584,39.62611099974077],[-78.36050999998902,39.625433999982555],[-78.37378100032753,39.63037300010179],[-78.38236299969883,39.6277929998477],[-78.38335500028393,39.62291300022504],[-78.37204200027804,39.61186899992307],[-78.37561099971532,39.60830700014121],[-78.38394100008983,39.60898099981428],[-78.3964550000199,39.616436000120515],[-78.42050700008673,39.62407299978256],[-78.43013899976943,39.623415999691424],[-78.43329899985112,39.62069899978538],[-78.43354700044655,39.61820700010848],[-78.42548599968553,39.60767199994947],[-78.41161699984553,39.59744199982016],[-78.39888399963239,39.59159200007993],[-78.39620300012481,39.589279999769325],[-78.3948440000169,39.58515200015276],[-78.39971300001086,39.58070199991651],[-78.40738300006132,39.578607000205736],[-78.41829900040717,39.580931999720164],[-78.4260880002833,39.58613699970306],[-78.44349799997148,39.59133099999927],[-78.45040800013875,39.59055100033523],[-78.45677199978473,39.58760799988636],[-78.45803999965604,39.579707999892904],[-78.45427899969982,39.57408200027977],[-78.43739700009124,39.56313699979568],[-78.4263200000869,39.559221999884215],[-78.41701899994199,39.54856000023078],[-78.41948000023984,39.5456020000578],[-78.42452900015886,39.545180000188495],[-78.43151200012105,39.55228399982665],[-78.43771699975836,39.5533659996695],[-78.43911400039943,39.550791000040626],[-78.43655400036737,39.54824899974647],[-78.43462500034705,39.542188999915034],[-78.43785800022368,39.538515999824334],[-78.45035999955984,39.549829999880174],[-78.46111699989704,39.55083299987809],[-78.46194600027553,39.548950000191056],[-78.46053399956585,39.546188999699],[-78.4499190004172,39.54338499971758],[-78.44864200032505,39.53995999994948],[-78.45045699964423,39.53793400022262],[-78.45800399967102,39.53834899997121],[-78.46236700022502,39.53636200009785],[-78.46296899992446,39.533397999713124],[-78.4607269999097,39.528578000021646],[-78.46178800009179,39.52225399974402],[-78.46623000028848,39.517796000019366],[-78.47194200000631,39.51593800017208],[-78.48363900015175,39.51954100006576],[-78.49000299979775,39.5176499997814],[-78.50327900015913,39.518582000242105],[-78.52308599967274,39.52485399979448],[-78.56611499994816,39.51937099974889],[-78.57859899974096,39.52673100007819],[-78.587606000158,39.52772100003079],[-78.59219800014253,39.531696999926346],[-78.59005800023503,39.535431000339656],[-78.59093799976884,39.53674799982372],[-78.59599300043394,39.536061000281315],[-78.60256999961693,39.53202899982299],[-78.6068750004446,39.535205999964546],[-78.62310099992708,39.539695000095094],[-78.62865100016151,39.53939000013436],[-78.63029800014951,39.53712999999502],[-78.65469699964764,39.53460499982107],[-78.66415000012853,39.53698700001569],[-78.66790900043493,39.54020100016726],[-78.67545100043887,39.54016500013616],[-78.68118999992087,39.54381299980333],[-78.68955799993023,39.54582399987814],[-78.69170700005857,39.55104899982812],[-78.69502399960078,39.55383499978318],[-78.70745999971301,39.55583900013833],[-78.71457800029272,39.5628170000648],[-78.72458900009211,39.56391899984586],[-78.73159399979562,39.57460999971544],[-78.73338999974652,39.58645800017369],[-78.74024100036254,39.586406000181164],[-78.7430979995972,39.58099699999292],[-78.74633200019706,39.57977800019539],[-78.75105300005302,39.581804999742985],[-78.75698599970377,39.58084900023126],[-78.76706099997558,39.58751099993428],[-78.77030999974573,39.595001000084444],[-78.77814600037584,39.601450999726715],[-78.77680499981129,39.60413199999344],[-78.76776300013248,39.608791999667424],[-78.76076400027674,39.610085000008525],[-78.75121700008454,39.609961000197295],[-78.74894400010766,39.60597400007474],[-78.74683299961416,39.605661000125906],[-78.74257999956335,39.60924499995773],[-78.73857900030592,39.60986000026506],[-78.73318700025524,39.61529499973999],[-78.7367959998755,39.62218699976634],[-78.74676700039024,39.62672199980037],[-78.76343700028671,39.61882699990259],[-78.7776219995959,39.62200000010254],[-78.77815800007141,39.625343999786736],[-78.77263499960114,39.636884999821184],[-78.76849200005351,39.63931500002602],[-78.76465800030235,39.64589199997858],[-78.76610799974854,39.64845400002024],[-78.76899300036892,39.64630700026695],[-78.77527900019712,39.64565699973579],[-78.78119500012944,39.63684599986402],[-78.79077099973564,39.63827499997215],[-78.79488300021946,39.63711499984878],[-78.79409700039702,39.63455899977083],[-78.79748300043451,39.629312000163644],[-78.80140199967616,39.62838499986833],[-78.7957850003929,39.61340200007086],[-78.79646200043541,39.60590199975409],[-78.79982300035854,39.605035000136425],[-78.80157499992853,39.60676299980787],[-78.809028000244,39.60818199985541],[-78.81187100013328,39.59799399996704],[-78.81839899981078,39.59405900009549],[-78.81786499988341,39.59185999985306],[-78.81933199994634,39.589889000303984],[-78.82572200042992,39.58917700016022],[-78.82620500030367,39.577335000229894],[-78.81990500023178,39.57633299970162],[-78.81485299993972,39.57128700018469],[-78.81322199984525,39.56720800010034],[-78.81584600034974,39.56288099999057],[-78.82193299998629,39.56062100033161],[-78.82945900009669,39.564993999715604],[-78.83924200029045,39.56700799997734],[-78.84326000016462,39.562784000058315],[-78.84722699998515,39.5625079998301],[-78.85097600024581,39.56010999996077],[-78.85205499997124,39.55097199965374],[-78.86143099956092,39.540964999888104],[-78.87068700039829,39.538766999727194],[-78.87137899961112,39.5356839997518],[-78.8693569997044,39.53179299990101],[-78.87514899978817,39.52266500005218],[-78.87874400006304,39.52127400011548],[-78.88705199979793,39.5229639999366],[-78.88891600041923,39.524912000155695],[-78.89310199962458,39.523995999687614],[-78.89113699961926,39.51821700008365],[-78.89239100014518,39.51327900001862],[-78.90551299962245,39.51154500002729],[-78.90408099971962,39.50407199970839],[-78.90776700023108,39.4978390000781],[-78.91324399977228,39.49459399969821],[-78.91672000022145,39.48631999997363],[-78.93429800013912,39.486283999742994],[-78.94253899992687,39.48062999968994],[-78.9385200002278,39.4745720002742],[-78.94249200007121,39.46894999983648],[-78.95241699965688,39.46358300005004],[-78.9589100000726,39.46283800020067],[-78.95896199995114,39.45975800015395],[-78.95429299997375,39.454703000279984],[-78.96054500036504,39.45103599986191],[-78.95595300038052,39.44783900015992],[-78.95657299962332,39.44033100007154],[-78.96568100032269,39.43847000021851],[-78.969433999883,39.44325899965726],[-78.9777349999452,39.44833299992476],[-79.01092400012543,39.461121000314655],[-79.01803099993619,39.46765600010618],[-79.03087600030231,39.46525399982047],[-79.03541999970795,39.46949299993627],[-79.03702300021334,39.47665299973836],[-79.04443200014786,39.47979500007563],[-79.04702499979189,39.483346000296066],[-79.0527480002787,39.48167799970223],[-79.05496500017908,39.47228799993443],[-79.05690400024514,39.47067199985062],[-79.0609770003709,39.47187699983639],[-79.06634199975908,39.47997099980588],[-79.068033000128,39.47900800018692],[-79.069315000243,39.47396700009317],[-79.08301699967843,39.47147299973415],[-79.09113000031797,39.47251999977989],[-79.0999600002847,39.476948999698386],[-79.1023830000494,39.47639400030024],[-79.10549200007748,39.47394399998477],[-79.10442000002476,39.47076499967135],[-79.0972780000539,39.4684560000428],[-79.09454200029475,39.46484900005493],[-79.09631200030637,39.46242099998015],[-79.10517400006016,39.463011999688625],[-79.10787899985716,39.4612209997106],[-79.10832999994388,39.45712400007732],[-79.101805999566,39.4571650002247],[-79.10281599969446,39.450482000043586],[-79.10777799957484,39.445896000124385],[-79.11388799967592,39.4435209999922],[-79.11686000033494,39.438857999958486],[-79.11212000021243,39.435510999935154],[-79.11082100037898,39.43185400011195],[-79.11273199995762,39.43085399975298],[-79.12403599974266,39.43320400024074],[-79.12904700002686,39.42954200006776],[-79.12744199987165,39.41817700005865],[-79.1298260001766,39.41730300006884],[-79.13649899961908,39.41888699991754],[-79.1418429999892,39.417097999727346],[-79.14113800035759,39.408682000074144],[-79.1437510000931,39.405202000179884],[-79.14673399972447,39.404539999801415],[-79.14997900019496,39.40607700005725],[-79.1495590000704,39.41372700034351],[-79.1512410002185,39.4169679996554],[-79.15535000032926,39.41829899980025],[-79.15946600011272,39.417036000182364],[-79.159415999884,39.409543000061944],[-79.16451199965867,39.40567899971551],[-79.16670500016794,39.400942999967164],[-79.16544800016729,39.395472000054774],[-79.1614779999737,39.39090200008875],[-79.16227100036716,39.38812900028754],[-79.16606499993534,39.387442999662106],[-79.17456900038715,39.39537900033493],[-79.17918399993789,39.396494999897826],[-79.18112800002682,39.39439399999931],[-79.17695899964158,39.389027999946336],[-79.1855690003986,39.38520799988976],[-79.19330300002315,39.38863199971678],[-79.19769099979317,39.38837299986582],[-79.20244400033448,39.37880199976095],[-79.21258499983021,39.37024800015205],[-79.21428000039711,39.36348200001514],[-79.23095500031646,39.36490499996295],[-79.23291899959855,39.35962199967646],[-79.23496300014489,39.35867699990448],[-79.24260999973079,39.35941500033703],[-79.2506010001716,39.35547199966193],[-79.25630799986655,39.357227000321664],[-79.25686799973322,39.35539299983333],[-79.2534800000459,39.34789599977202],[-79.25735399998001,39.34190699998841],[-79.25384999994176,39.337143999743866],[-79.26017400030308,39.334296999753505],[-79.2686800004047,39.33616300026961],[-79.270425000302,39.32888200030712],[-79.28213199959487,39.323273000335035],[-79.28422600036993,39.31548200024023],[-79.28388400006315,39.30984399978222],[-79.2901609996705,39.30351600014677],[-79.29039500002223,39.299452000328316],[-79.30343100018409,39.29962299993313],[-79.31394400012383,39.304706000031686],[-79.3170470003041,39.30403800021571],[-79.32126500019481,39.30000499975293],[-79.32624600034177,39.30107700002257],[-79.33264699979767,39.30012999986733],[-79.34037499957445,39.29367100000817],[-79.3460110000226,39.29395999973075],[-79.34738900039709,39.291102000131694],[-79.34365600002997,39.287117999661],[-79.34491499968044,39.28496900030365],[-79.35130799963875,39.28507100029776],[-79.35229600002589,39.28020200031566],[-79.35752499986997,39.27630500008953],[-79.37601400018187,39.27321700023267],[-79.37880900039058,39.27181799989773],[-79.38185700031926,39.26686500008244],[-79.3873380000584,39.267820000145136],[-79.38737599969326,39.263548999767586],[-79.39025799994059,39.2613639998134],[-79.39328499995287,39.26162700026279],[-79.39500399991091,39.257074000005],[-79.39955999991042,39.255041999838184],[-79.39838800029857,39.253407999906884],[-79.39966500039073,39.25150499977041],[-79.40945199988413,39.246199000263054],[-79.40833499962555,39.24506999989593],[-79.41221699995559,39.240193000256546],[-79.42026100009986,39.23888299984404],[-79.4206800003995,39.23542400011994],[-79.42522100033041,39.2344770002367],[-79.42405399984312,39.227398000076604],[-79.42571300042502,39.22531400027896],[-79.43298400026728,39.22388700034381],[-79.44064699974672,39.21650600021052],[-79.44742399984457,39.21568199994024],[-79.4533039997919,39.21046999965472],[-79.460555000441,39.211555999921835],[-79.46738699989214,39.208765000076916],[-79.46960399979251,39.207216000043665],[-79.4697929999384,39.20373400013469],[-79.47294899982214,39.20213799968732],[-79.48687499956353,39.20589600010885],[-79.48587399965591,39.2649050003253],[-79.4872739997717,39.265204999809775],[-79.48765100023856,39.27993299984695],[-79.48607200002265,39.34429999990489],[-79.48435300006462,39.345044000229834],[-79.482366000318,39.53168900032661],[-79.47886599957937,39.53168900032661],[-79.47776400028775,39.64228199992867],[-79.47656099981543,39.64273799967418],[-79.47666200009778,39.72107800030686],[-80.5193419995558,39.72140299998133],[-80.51921500023252,40.26834600032622],[-80.51768899972005,40.462216999786705],[-80.5190379997822,40.47736300021016],[-80.51899099992654,40.63880100014802],[-80.52566000006937,40.63606799970109],[-80.5327369997429,40.635590000320896],[-80.55112599959737,40.62884700026309],[-80.56069000040634,40.62370800026756],[-80.56761399991899,40.61767799992264],[-80.5767040001767,40.614222999669046],[-80.58359199970432,40.61550199976183],[-80.59204900030046,40.62249599968339],[-80.59876399957574,40.6252629996649],[-80.62717099980063,40.619936000164],[-80.63435499960427,40.61609499967106],[-80.65171599978697,40.597743999878155],[-80.66354000015403,40.590768000031034],[-80.6678130002963,40.58353599968546],[-80.66691699997068,40.573664000040715],[-80.66265999972191,40.569951999925955],[-80.66437200000723,40.57001600020182],[-80.65243600038549,40.56254400022308],[-80.63310699982445,40.53870499967427],[-80.62750700025961,40.535792999871354],[-80.6180029997251,40.502048999701444],[-80.61544299969304,40.50188700008282],[-80.61360300025952,40.498593999774094],[-80.61573099957313,40.49901000007746],[-80.61365000011519,40.495748000289325],[-80.6087379995652,40.48961100002178],[-80.59919399974605,40.48256599985627],[-80.59540500020074,40.475315999917136],[-80.59595300037182,40.46335400009851],[-80.61219499974781,40.434838000193835],[-80.6125470001003,40.41167299997498],[-80.61425099998971,40.408710000293404],[-80.61232500034247,40.40276199969442],[-80.61519499999592,40.399867000239745],[-80.61610100036731,40.40099599991566],[-80.6321960003285,40.39366699983988],[-80.63273199990573,40.390504999761994],[-80.63139200006438,40.385696000072635],[-80.61910200044032,40.38186199985886],[-80.60968599976937,40.37494999969436],[-80.60758699986975,40.36955999966418],[-80.61279499979743,40.34766900033221],[-80.61079600035525,40.34086800021706],[-80.60289500032613,40.32786800002146],[-80.59989500007802,40.31766599967421],[-80.60289500032613,40.307068999748836],[-80.61488600019945,40.29197100030368],[-80.61679299958011,40.28527799988778],[-80.61620900032234,40.272270999766356],[-80.619297000434,40.26516999973805],[-80.62250799967099,40.261765000320075],[-80.64460300012844,40.25127599988342],[-80.65210099975144,40.24497499988239],[-80.6615399999886,40.22981199981211],[-80.66808299973475,40.199689000309334],[-80.67258199983284,40.19240100014114],[-80.68608099977699,40.181636999910694],[-80.7056110001795,40.15347599979991],[-80.7101660003541,40.138315000009136],[-80.71067000014426,40.125549999999045],[-80.70709499996089,40.11110300020336],[-80.70954500038809,40.100301999937706],[-80.73130000018858,40.086429999688825],[-80.73818100004353,40.07860699979428],[-80.7392360003778,40.07462300023384],[-80.73816500015,40.06653400013552],[-80.73332700011818,40.058635000012345],[-80.73102400000406,40.044291000142756],[-80.73193399967509,40.03700099997908],[-80.73715099982358,40.028537999893786],[-80.73773199960664,40.022056999903526],[-80.74216999960538,40.008575000080356],[-80.7388830002004,39.985583000198915],[-80.74103399997854,39.97315200014193],[-80.74013900037613,39.970794999666836],[-80.75792200033322,39.959707000221705],[-80.76298700014577,39.95378499993577],[-80.76427500010855,39.94996300023588],[-80.76131400021849,39.93014399987749],[-80.756357000361,39.92017299974876],[-80.75611299996352,39.91340200029893],[-80.75859799965252,39.909478999861975],[-80.76339899987443,39.908618999677294],[-80.77080100013627,39.91035000030311],[-80.7870380003877,39.91835500020485],[-80.79968500038714,39.91957999995442],[-80.80677600030435,39.91630800000023],[-80.80904500008327,39.91125200005685],[-80.80917399995471,39.90393599984049],[-80.80292099973849,39.892524000310765],[-80.79399000038774,39.882782999671775],[-80.79015599973829,39.87225200013386],[-80.79076099981076,39.86728000033102],[-80.79313099987203,39.86375099985743],[-80.79989799992414,39.858911999827356],[-80.82127899963085,39.84998200010877],[-80.82612400023366,39.844238000080594],[-80.82622799999075,39.83580200031602],[-80.822479999555,39.82497099976858],[-80.82218099980426,39.81170799989811],[-80.82607900002782,39.79858399969854],[-80.83531099967746,39.79069000024613],[-80.86304800043085,39.775196999844994],[-80.8690920004097,39.76636399989179],[-80.87032199974786,39.763184000261205],[-80.86857000017788,39.762398999703144],[-80.86533899995108,39.75325099968056],[-80.8527379999824,39.74104000028574],[-80.84596000005962,39.738666999786155],[-80.84744800003897,39.738091000050154],[-80.83155100044446,39.719475000122955],[-80.82976399981605,39.71183899977976],[-80.83388200014767,39.70349700012953],[-80.84154700017523,39.70022899972244],[-80.8519999998405,39.69855999969018],[-80.86369799981087,39.69172399981505],[-80.86632999981295,39.68316700011598],[-80.86522400032334,39.66550900009785],[-80.86664600018045,39.65261599978263],[-80.86980100023926,39.64689500017434],[-80.87104900001907,39.63885399969482],[-80.87543099994132,39.6283609999286],[-80.88036000020973,39.620706000313156],[-80.89220799996792,39.61675600003359],[-80.91761999996758,39.61870299983452],[-80.92834600034264,39.616553999780585],[-80.93593500020224,39.6132270000293],[-80.97348299984016,39.588446000020205],[-80.99369500030805,39.571253000155025],[-81.02005499961356,39.555409999993906],[-81.02685600000088,39.547496999993534],[-81.04490199972368,39.53630000006747],[-81.05598600029904,39.52589599985728],[-81.07102500010106,39.51560800028121],[-81.08162099988145,39.5040919997277],[-81.09193600035277,39.4965730001102],[-81.10083400009155,39.48717600004357],[-81.11473300006877,39.46557499991233],[-81.11523299966098,39.46647499966954],[-81.1247329999975,39.453374999722],[-81.1325339995692,39.446275000086644],[-81.13813400003237,39.44377500002733],[-81.15253400032499,39.44317500028384],[-81.1675930002185,39.440064000299536],[-81.1851450001969,39.43147900009808],[-81.19071399979961,39.42356200017396],[-81.20823099961791,39.407146999982515],[-81.21143300043072,39.40203099992227],[-81.21165400036364,39.392977000085146],[-81.21938600033837,39.38680900016026],[-81.22358099976456,39.38606200022545],[-81.24435899994688,39.390410000118656],[-81.25038000035951,39.39010600029397],[-81.25978600008642,39.38669900029545],[-81.27029200035344,39.38604699993576],[-81.28140399961957,39.37925900018896],[-81.30177000007326,39.372227999677946],[-81.34492700039516,39.34679399986775],[-81.35691099969746,39.34317799987194],[-81.37596099970096,39.34169699969437],[-81.38455600038935,39.34344899987275],[-81.39379399988677,39.35170599984329],[-81.40668899958332,39.388089999988495],[-81.42057800041312,39.40037799996328],[-81.43564200032947,39.408474000275596],[-81.44654299970841,39.410373999996764],[-81.45614299960407,39.40927400000249],[-81.46773500016752,39.403778999787335],[-81.49878899956481,39.37612200019495],[-81.51683699983577,39.36522599989857],[-81.53447000000502,39.358234000032695],[-81.55754700010351,39.338773999765],[-81.56504700027466,39.29387399981051],[-81.56524700029118,39.276175000014035],[-81.5702469998064,39.26767499965904],[-81.5855590003182,39.26874699969276],[-81.59516000003877,39.273386999917456],[-81.60840799991276,39.27604299975479],[-81.62130500015745,39.273642999719996],[-81.64317799995872,39.27719500033251],[-81.6561379999526,39.27735499988043],[-81.67759499982728,39.27417099996627],[-81.68948299976843,39.266043000209365],[-81.6963800004152,39.25703500029495],[-81.69663599960994,39.24612299995544],[-81.69106700000722,39.23013899965923],[-81.69239500015301,39.2264429998741],[-81.70090799992731,39.220843999963236],[-81.72562199996807,39.21590500004718],[-81.73267699990026,39.20548100003701],[-81.73450999966109,39.196145000336514],[-81.73687399987458,39.1926280000212],[-81.74148500012568,39.18920000031519],[-81.75199899989032,39.18551399981065],[-81.75590799998454,39.18107300009393],[-81.7563840001856,39.17801200006125]]]}}]}