{"type":"FeatureCollection","features":[{"type":"Feature","properties":{"GEOID":"54006","NAME":"State Senate District 6","BASENAME":"6","STATE":"54","SLDU":"006"},"geometry":{"type":"Polygon","coordinates":[[[-82.62845399986139,38.13598600012889],[-82.62140300012716,38.132783999934205],[-82.6210959999805,38.12385699969462],[-82.61922800005955,38.12053999984253],[-82.60526700015805,38.12045000008338],[-82.59869099990165,38.11669499980818],[-82.59322600005603,38.110937000302016],[-82.58609099975787,38.10787299977792],[-82.58451900011295,38.09154899995757],[-82.57459700000202,38.08240700006549],[-82.56598899979315,38.08099699986566],[-82.55963199981986,38.072781000310776],[-82.55036099981216,38.07010600015282],[-82.54949999964663,38.063233999708665],[-82.54484300026309,38.059075999836764],[-82.54415500034992,38.05259199970928],[-82.53709899969448,38.04465099988971],[-82.5387180000934,38.03740000009083],[-82.53192099990405,38.02929200022117],[-82.52631799996615,38.026970999655234],[-82.52506900036143,38.017503000008894],[-82.51975500012855,38.00837500034749],[-82.51554700028358,38.00660699978788],[-82.51919299971375,38.00113100021149],[-82.51363599980661,37.99909499992024],[-82.50842399968099,38.00150699989366],[-82.49985999985304,37.99889600020895],[-82.48865499980221,37.998911999999386],[-82.4860579999602,37.995646999913006],[-82.4860720002039,37.98986599966966],[-82.48359400018761,37.98384400035372],[-82.47218999994512,37.986710000172216],[-82.46456599992543,37.983876000125235],[-82.4645569997046,37.97744099971706],[-82.46885099976329,37.973229999867236],[-82.48122400012635,37.973072000112815],[-82.4844310000637,37.970921000162264],[-82.48445899965277,37.963577999823094],[-82.47221699970929,37.96051700028229],[-82.47177499984343,37.95873899981253],[-82.48555900019292,37.94580600001024],[-82.49722000035335,37.94624500005205],[-82.49696900028319,37.942019999648224],[-82.48927699959312,37.93821699983847],[-82.49134000040604,37.93574300026994],[-82.49995399956438,37.936820999986594],[-82.50243400012882,37.93345299998503],[-82.49594099971308,37.92695399967784],[-82.48065699968869,37.926168999848045],[-82.480762000169,37.92464599976288],[-82.48771400016903,37.91999200003513],[-82.4883460000057,37.91772399966829],[-82.47928900025826,37.91470099974917],[-82.47557400033278,37.911842999754896],[-82.47424000033925,37.90736499977721],[-82.47643299995019,37.90272500021741],[-82.47440699984551,37.89995499983944],[-82.47138999987895,37.89908599965867],[-82.46838200013323,37.903206999815886],[-82.46796500038172,37.913927000157216],[-82.46299099990746,37.91481999967379],[-82.4599940000324,37.90953599981834],[-82.45189600035977,37.90855100032196],[-82.44733100013944,37.90385699981038],[-82.43756499966409,37.89978599995293],[-82.43203200004642,37.88987600007151],[-82.41992900002012,37.88486999979136],[-82.41939199971968,37.874614000216134],[-82.41755999978375,37.870278999726374],[-82.40751299999935,37.86729699987028],[-82.40970800015843,37.86554200015805],[-82.42268099967279,37.86385900005196],[-82.4246230001119,37.86144900021629],[-82.41470900039688,37.85596999979562],[-82.42049300008472,37.84643299979447],[-82.4129369998371,37.84480099964533],[-82.4086570000221,37.83606900012885],[-82.39934599983144,37.829523000106185],[-82.39822699992305,37.82137800014832],[-82.40220299996444,37.81293700034766],[-82.4013219997074,37.80951200017593],[-82.39662199976786,37.80893200020677],[-82.38672499977129,37.81822499990734],[-82.3799829998335,37.811188000346476],[-82.37664100017695,37.802206999661465],[-82.36903700024872,37.80125899977652],[-82.36388899969721,37.79500200029646],[-82.35505299988272,37.79335399999973],[-82.3490259996223,37.78693300022109],[-82.34008600005072,37.78562500008821],[-82.33954799992539,37.77709600024016],[-82.33746499991928,37.774913999755775],[-82.3238859996092,37.774995000007735],[-82.32305799995395,37.77267800004322],[-82.33360500022886,37.76715000020657],[-82.33338000009796,37.764413999936075],[-82.32852000032484,37.76211799986012],[-82.31682499982921,37.76545500029612],[-82.31154499993153,37.76457900029905],[-82.31098199969182,37.76124000024074],[-82.3196469998021,37.758290000234624],[-82.32128799994231,37.75156300006918],[-82.32774500037303,37.749216000354366],[-82.33417400031635,37.7427709997678],[-82.32734399961672,37.736409999869636],[-82.31885400030694,37.73369500022286],[-82.31610500012899,37.72108100004432],[-82.3114229997328,37.71847399970243],[-82.31079699974389,37.71325500015574],[-82.30767799967009,37.70800599999899],[-82.30034499990353,37.705815999731904],[-82.29637499970994,37.70218499969892],[-82.2966890004276,37.699859000209706],[-82.30195799955634,37.69680400000753],[-82.3029400000957,37.69361100014478],[-82.29592399962324,37.686181999714464],[-82.30406800022492,37.67830699981105],[-82.30431400027221,37.676092999901336],[-82.29503200039387,37.678053000309404],[-82.2945610002157,37.670432999852636],[-82.28811899985358,37.66810799967733],[-82.28450100001248,37.675235999986576],[-82.28248599977847,37.67592500028076],[-82.27131199968974,37.66361700005767],[-82.25806800001374,37.656883000148206],[-82.25190100001123,37.65684700013746],[-82.2408940003271,37.66153099967873],[-82.23606600034103,37.65963400006753],[-82.23344199983654,37.65568599967728],[-82.22615599992565,37.65291299983837],[-82.22415499993534,37.644713000206714],[-82.21684800010804,37.64159799972474],[-82.22050299975905,37.634768999714396],[-82.21459500022264,37.62743500029828],[-82.21595299960731,37.62620900007242],[-82.21449899996317,37.62540000009962],[-82.20485399986168,37.62523499992996],[-82.20089000041418,37.62799000012593],[-82.19225500044112,37.62565399975272],[-82.18722800026342,37.626984000167994],[-82.18592900042997,37.62891000005005],[-82.18669900035891,37.635141999995774],[-82.19111600044126,37.64458599998378],[-82.18580600040633,37.648595000062535],[-82.17507500000839,37.64783199968656],[-82.17763599986537,37.64084899981281],[-82.17241200004418,37.63263399992357],[-82.18169100044778,37.62714700008131],[-82.18271599974653,37.62436999988218],[-82.18119799962997,37.62151000033543],[-82.17672600019436,37.61815200012884],[-82.16897499995305,37.621906999729134],[-82.16424599970118,37.62029000021313],[-82.16961400036072,37.61302700032244],[-82.1687749999365,37.60907999991336],[-82.16581499987137,37.60769299967252],[-82.15668299978087,37.60896899979851],[-82.15685100001033,37.59272299982097],[-82.14838199971864,37.59072000024981],[-82.13988499983786,37.59496700025217],[-82.13128800039794,37.59270700007992],[-82.12733999994568,37.58654499976845],[-82.12442199971332,37.57735799998225],[-82.12624000030384,37.57373800008394],[-82.12912099982796,37.57213800030533],[-82.14176399962943,37.57108599997751],[-82.14417800007163,37.56996799971803],[-82.14491399966539,37.567654999960595],[-82.14438399993597,37.566311000032144],[-82.13442400019021,37.56292800002686],[-82.13352600021474,37.56034499972287],[-82.13532399981548,37.55735099989363],[-82.13324699965717,37.552832000044695],[-82.12341400013301,37.551529999731365],[-82.11799699996796,37.558987000124425],[-82.10480799964522,37.56019099972058],[-82.10195999973307,37.55842000031647],[-82.10535499999139,37.554261999741286],[-82.10402600002071,37.552872000160214],[-82.08903200042455,37.55610800005422],[-82.07517899957976,37.555853000230556],[-82.0639099999548,37.54312499970556],[-82.06483499969445,37.53719599972553],[-82.05029899985767,37.535436000264426],[-82.04852100034843,37.53369499992996],[-82.04871700016702,37.529274999683466],[-82.04664599985648,37.5279930000343],[-82.04429099986383,37.52881199968794],[-82.04204600037434,37.533998000090705],[-82.04505099974702,37.54567500029247],[-82.04137699982944,37.5483000002169],[-82.03870600036761,37.54723999966149],[-82.0370169996485,37.54245899970407],[-82.0296379998512,37.53784899988663],[-82.02611200007163,37.53772000004295],[-82.01961700000608,37.54064500016648],[-82.01743500026579,37.53921900024245],[-82.01600599983769,37.53395399993455],[-82.01080799995574,37.53286500008529],[-82.00595200038059,37.53457300018249],[-82.00058399972102,37.54220899967354],[-81.99828900000283,37.54329799982442],[-81.99645899971672,37.541753999845774],[-81.99671399998486,37.538616000063904],[-81.99414899992992,37.537744999665634],[-81.9891059998587,37.54277999971919],[-81.98173000043442,37.54214399996994],[-81.97604499958247,37.54582699968617],[-81.97009199984021,37.546723999838406],[-81.96487200021697,37.54293700017519],[-81.96895399966526,37.53567299999096],[-81.967717999581,37.533097000053665],[-81.95752799968146,37.53550499991989],[-81.95738899976428,37.52960499990945],[-81.9541800001771,37.52814400033861],[-81.94647499996657,37.53190299980552],[-81.9439640003383,37.53128199982219],[-81.94759200022511,37.52665000032543],[-81.94350800022872,37.52075999993004],[-81.94543800007393,37.51651300016565],[-81.94474799961262,37.5136399997652],[-81.9414579998346,37.51247000001086],[-81.93776100035078,37.5135800000778],[-81.93374000010358,37.51949100020117],[-81.92672500035434,37.51495299994292],[-81.92667699977545,37.51305700018996],[-81.9426400003905,37.508843999713086],[-81.94418799974598,37.50697600018877],[-81.94391199956144,37.50292899997066],[-81.95314699958412,37.50131399998222],[-81.95436400030012,37.49608400023222],[-81.95273499985547,37.49416200023802],[-81.95326399976,37.49176299965525],[-81.96498600001979,37.49348800016336],[-81.96712900030035,37.4907430002837],[-81.97073000042298,37.48990399997122],[-81.97065900027786,37.4884679998153],[-81.97575199967952,37.48768900019641],[-81.97759299983625,37.484602999710894],[-81.98984900002345,37.48487899992754],[-81.99291600021871,37.48296900031661],[-81.99297399994504,37.479796999807206],[-81.99657800044073,37.4767050000523],[-81.99564899960482,37.4698330002647],[-81.9929720002952,37.468450000355475],[-81.99227000013833,37.46091600004374],[-81.98762899975002,37.45866100026346],[-81.98700600013416,37.45487800035232],[-81.97617600000204,37.45718599982177],[-81.9687949996566,37.45149600008336],[-81.97038300009336,37.4476880002293],[-81.96631800036351,37.44672099977162],[-81.95757899973506,37.44912300033654],[-81.95405600032855,37.44632099987145],[-81.94912399968707,37.445575000074456],[-81.94576500031208,37.4402140002805],[-81.93884299955094,37.44046300030401],[-81.93562100044329,37.43839700025991],[-81.93717399982165,37.433994999708645],[-81.93564700038256,37.43199899996726],[-81.93783800034369,37.43211099982125],[-81.94055300018643,37.4290579997345],[-81.93829000025531,37.42404700006166],[-81.93891200004624,37.42200200029371],[-81.93788000017648,37.42008600028992],[-81.93497299981478,37.420017000285654],[-81.9324680000343,37.41521699979765],[-81.9229560000022,37.41138900033025],[-81.92455199993657,37.40998600035475],[-81.92428199959981,37.407315999993834],[-81.93004199989653,37.405290999688276],[-81.93078599988623,37.40165600031686],[-81.92774999965309,37.398794999931226],[-81.93005000029245,37.39712399997002],[-81.92877800022319,37.393845000212266],[-81.9338830002187,37.39065199995122],[-81.93181100008327,37.3854789997212],[-81.93571000013176,37.38314699979921],[-81.93674399965134,37.38073000015814],[-81.93587199961515,37.37855399998542],[-81.93114300026157,37.3757569996797],[-81.93397399955698,37.37316299998345],[-81.93338199990328,37.369341000342985],[-81.92604499993877,37.36551300003555],[-81.9284619998557,37.36046100001085],[-81.925301999774,37.356969000134946],[-81.92381600034281,37.35827199983832],[-81.92176199975073,37.35707299991115],[-81.91765000016524,37.34915299988111],[-81.9102200003143,37.34895500020745],[-81.90964799985376,37.34545499998957],[-81.9079110003524,37.34522400013049],[-81.90866299983968,37.3439249996719],[-81.90716099961664,37.342636000268634],[-81.90389500012805,37.343225999769544],[-81.89960100006935,37.34160700023434],[-81.89663199978338,37.33538300003767],[-81.89774300019418,37.333214000306974],[-81.89388400032865,37.33001599982851],[-81.89034799960503,37.331878000117655],[-81.88217600031255,37.33015299972164],[-81.87935400033967,37.33249300026475],[-81.87732099966398,37.33141899974429],[-81.87834500003613,37.32882999986319],[-81.8740130003426,37.32762600022899],[-81.87245199967003,37.32236200008406],[-81.86719400041196,37.320717000006994],[-81.86048900028412,37.315942000130505],[-81.85992799969424,37.313965000291496],[-81.86568299996807,37.30948400008629],[-81.85962399992063,37.30476499976623],[-81.85446000037388,37.30657000011478],[-81.8548410001404,37.29803100024361],[-81.85284400034804,37.29810900002003],[-81.85228199993324,37.29657499981324],[-81.85406500036368,37.29003700025826],[-81.85344100002459,37.287626000090455],[-81.84996499957542,37.287428999664876],[-81.84994899968189,37.28522700011337],[-81.834432000029,37.28541699985974],[-81.83340500018213,37.28453700015988],[-81.83446999966382,37.281762000042775],[-81.82850600005094,37.28147000031781],[-81.82575100002519,37.279093000300435],[-81.81670199977536,37.27986500013774],[-81.80723199957603,37.283175000016946],[-81.80472500014574,37.28592599992346],[-81.80067600030944,37.285675999854796],[-81.79359500043796,37.2848380000164],[-81.79312199971163,37.28116799990009],[-81.78929399980825,37.2844160000754],[-81.78244800011342,37.282319999783226],[-81.77936199965157,37.27998199978973],[-81.77935199960584,37.27739000034906],[-81.77324400005288,37.27391199977711],[-81.76921699995788,37.27325000003028],[-81.7571370003961,37.27614700019111],[-81.75757599988893,37.26855200035151],[-81.75010699967994,37.264186000205626],[-81.74608999963067,37.26370200010408],[-81.74566000035868,37.25809399994082],[-81.7408969997716,37.25431699970494],[-81.74437599969554,37.24333000033899],[-81.7410859999175,37.2416479997707],[-81.74012400036796,37.23775200004952],[-81.72306100011107,37.24049299974242],[-81.71624800002822,37.234320999851505],[-81.71572999999435,37.22877099989647],[-81.69933399973425,37.21992100013567],[-81.69875600032427,37.21800599998617],[-81.69604300013133,37.21698899979282],[-81.6951130003688,37.21357000010167],[-81.68702599966852,37.21334900002653],[-81.686023999936,37.211558999686424],[-81.68361799988973,37.21162499979831],[-81.68326800008536,37.20564900019313],[-81.67822099981616,37.2015400000175],[-81.56063100001721,37.2066630001617],[-81.55805400026672,37.20856500011163],[-81.55721999986537,37.2073249997361],[-81.55470500003915,37.20798999986303],[-81.54714700014169,37.21598500014561],[-81.54556600027594,37.22016099980793],[-81.54123700005714,37.220017000239245],[-81.52426199966382,37.22788799998648],[-81.5206759996098,37.22698000003252],[-81.50763600014827,37.23371200004952],[-81.50651999971463,37.24524600000942],[-81.50313100020239,37.25309100034493],[-81.49909599971149,37.25795199970568],[-81.49777500013671,37.25789899997221],[-81.49804499957514,37.254659000046374],[-81.49228699982656,37.25095999993374],[-81.48014399961727,37.2511210000772],[-81.4761399999868,37.25563499989248],[-81.46210700011528,37.25989900032648],[-81.46111899972814,37.26256900013322],[-81.45887300041376,37.26287200029643],[-81.46058499980076,37.265527000204315],[-81.44906799958036,37.26958299995909],[-81.4476549999441,37.2722449996813],[-81.43950700004277,37.270908999685666],[-81.43559600029872,37.274164999755],[-81.42794600033976,37.27101500010597],[-81.4160290000863,37.27362599995931],[-81.41595399974322,37.27893599984887],[-81.4115929997374,37.28032999989714],[-81.40609299973165,37.293271999776856],[-81.40229999998839,37.29580999964991],[-81.40506000003698,37.298793999813384],[-81.3968169997011,37.30449799972287],[-81.39867799994933,37.31024800020621],[-81.3952960001098,37.31260700023612],[-81.39428699980625,37.316410999906836],[-81.39084899989022,37.316901000151425],[-81.38631200015729,37.32063799996054],[-81.38485199976704,37.318596000257784],[-81.37941299986069,37.31756600006896],[-81.37274899974074,37.32024799995206],[-81.37141599957211,37.324217000064586],[-81.36753599979019,37.326899999820526],[-81.36923800002977,37.332401999871635],[-81.36749599960721,37.33287499971556],[-81.36449200005946,37.33799599988191],[-81.36215600033339,37.33768699987365],[-81.3201050003994,37.29932300014894],[-81.225103999904,37.23487399998075],[-81.20477400033363,37.24301300019438],[-81.1670290001539,37.26288099994286],[-81.10414700033411,37.28060499966347],[-81.03613299985633,37.29025200018485],[-80.97958899974329,37.30227900008737],[-80.9791059998695,37.300581000282016],[-80.9821730000648,37.29602299999769],[-80.981321999945,37.29346500002625],[-80.97700799979482,37.291806999661894],[-80.96655599995447,37.29215800026123],[-80.94417299961692,37.29657499981324],[-80.93813500038418,37.30027799968961],[-80.91925899955964,37.30616299996307],[-80.89915999996798,37.31567799968979],[-80.86898600010448,37.33857299990571],[-80.84945099967909,37.34690899966503],[-80.88324699958164,37.38393299988707],[-80.863003000225,37.41151400004902],[-80.86550600035567,37.41689899972705],[-80.86527399965377,37.420112999840015],[-80.85945700035393,37.429490999649154],[-81.09369700014359,37.58809700028627],[-81.09814500018807,37.58990299981112],[-81.10297599964888,37.58963699981878],[-81.1081169996294,37.59391700015137],[-81.11891699962429,37.58831699972977],[-81.12401699959693,37.59261599979675],[-81.13081799998425,37.593015999898064],[-81.13541800036468,37.597916000318094],[-81.14281800007839,37.596815999680686],[-81.14891800013375,37.59081599978401],[-81.15531899958965,37.59281600011619],[-81.1574180003876,37.590216999702534],[-81.16181899967808,37.58981600010558],[-81.1648189999262,37.58731599978662],[-81.17251900011387,37.58631600006585],[-81.1761190004116,37.58431600018628],[-81.17761900008651,37.579916000108256],[-81.1819199998179,37.57981599977015],[-81.18441999957551,37.58211599990584],[-81.18661999975745,37.57981599977015],[-81.19162000017099,37.5788159996808],[-81.19475199976526,37.57562000005781],[-81.19886900027194,37.57553300003429],[-81.19792000024286,37.56791600027855],[-81.2011199996092,37.56521600022267],[-81.19875999959369,37.55935099980194],[-81.20018800019687,37.5584000003261],[-81.19992000040828,37.556215999699724],[-81.20282000019897,37.556215999699724],[-81.20171999965883,37.55361600010491],[-81.20451999989042,37.55271599987314],[-81.20228200007361,37.54942299988057],[-81.200035000036,37.539494000075095],[-81.20403600019173,37.533183000319156],[-81.21038999979199,37.530617999861605],[-81.20701999964801,37.524716000279795],[-81.2083200002047,37.52031599971548],[-81.2126860002334,37.517139000281624],[-81.21392300014259,37.50829100029347],[-81.22192100025609,37.51041599995789],[-81.22762399975308,37.51002599995789],[-81.23190699994112,37.50679800019048],[-81.23602100007476,37.50771500021472],[-81.24002100040558,37.50661599984144],[-81.24302099975537,37.50271499980273],[-81.25853499993354,37.49883200023954],[-81.26371899957178,37.49493900014049],[-81.26390699989274,37.48876200006341],[-81.27176000024129,37.48452599995151],[-81.27216100009929,37.47854999988557],[-81.27805199991727,37.472453000169516],[-81.28217400044682,37.47069099966111],[-81.29484900003534,37.469434000212026],[-81.29680999984271,37.46208499993879],[-81.30051700027055,37.4600279997256],[-81.30398199995078,37.462513000015456],[-81.30480700013129,37.460343999955356],[-81.30738700025483,37.45948600017548],[-81.30471500006978,37.45358399987864],[-81.30562100044118,37.45007099975325],[-81.29427300027517,37.44185600030488],[-81.29371400023344,37.439074000025116],[-81.28780800034684,37.43363299994942],[-81.2876369997443,37.42855000009169],[-81.28257799977955,37.42094300010001],[-81.2829950004294,37.41918199987837],[-81.28654600032331,37.41830500017143],[-81.2924599997075,37.41320099992607],[-81.30294300040832,37.41893500021723],[-81.30577799990168,37.4231049996443],[-81.323414000444,37.42860400021183],[-81.32911399956794,37.43516899973681],[-81.33783200027999,37.43304499974599],[-81.34110600016447,37.4345079997679],[-81.3463650001458,37.43354799993142],[-81.34920100036237,37.43686299971918],[-81.37408600010733,37.443152000267425],[-81.38294200001332,37.4521860002096],[-81.38537499982378,37.46128699985098],[-81.39299700019365,37.459824000032306],[-81.39962699997842,37.46455699983183],[-81.40329500004822,37.45878699993915],[-81.41335299970328,37.45886899990832],[-81.41686500013746,37.45557099997709],[-81.4203239999699,37.4561520002388],[-81.42140100004549,37.46012800029474],[-81.42612199990145,37.461284000046355],[-81.4286669998649,37.457485999694065],[-81.42931299994528,37.4518939997672],[-81.43216900025335,37.44870900018961],[-81.43723300024098,37.4520699997405],[-81.43898300016113,37.45863700026722],[-81.442570999865,37.45803600025621],[-81.44604700031418,37.459736999668806],[-81.44663099957195,37.46160800035529],[-81.45164000020631,37.46284700031921],[-81.45110399973079,37.4658960001107],[-81.4551380003968,37.46620700020053],[-81.45580899969322,37.47072699990906],[-81.45125400041692,37.47358899979021],[-81.45021499997617,37.47621100034751],[-81.45459699989841,37.47781900004048],[-81.4535409997392,37.47928900035079],[-81.46122699968318,37.48357600015877],[-81.46584499960697,37.48470300019643],[-81.46980399992991,37.48251700028184],[-81.47187199986737,37.48410100005551],[-81.47529300006498,37.48274899995364],[-81.47707899997013,37.47974200011558],[-81.4803150002198,37.47918000034999],[-81.49141700033852,37.48104400030499],[-81.49529700012042,37.47843700022267],[-81.49675699961233,37.47399600026048],[-81.49906399992443,37.473728000292866],[-81.5067440000206,37.47716099967824],[-81.51566299967578,37.47636799972737],[-81.51927800004214,37.4782990001061],[-81.52557100044133,37.47733899974337],[-81.52727899963038,37.475602000122414],[-81.53460999974712,37.48534599982875],[-81.53686299963252,37.484536000230264],[-81.54067100034273,37.48587000003718],[-81.54135800043098,37.48784599969537],[-81.55022699985743,37.48786399996641],[-81.55344999968831,37.49180499974167],[-81.5585809996231,37.48886400005371],[-81.5650010002439,37.49053900030599],[-81.57062300044835,37.48726599988616],[-81.57567499984211,37.49090399983427],[-81.58304799979163,37.48735699981981],[-81.58600899968168,37.49004700016396],[-81.58524200012579,37.49193599985953],[-81.58718299984166,37.4945380002105],[-81.595879999739,37.49072099992853],[-81.59891299959908,37.493619000180324],[-81.60203400022101,37.49311299987823],[-81.60398599980752,37.49577900014908],[-81.6025120000719,37.50035899974612],[-81.60612800026318,37.50011200010737],[-81.60762899976297,37.5024120001543],[-81.60642899966372,37.50401200019857],[-81.6072289997299,37.5059120002104],[-81.60342900031392,37.50891199996449],[-81.61282900019305,37.5105119996563],[-81.61432899986795,37.51421200020602],[-81.61252899971907,37.516612000293385],[-81.61752999995751,37.52131199997869],[-81.6214299998309,37.521212000066285],[-81.62472999965468,37.51811199971767],[-81.63022999966041,37.51621200029485],[-81.62843000040985,37.5120119998391],[-81.63243099966726,37.51191399975472],[-81.63393000041556,37.510011999784815],[-81.6385299998977,37.51131200017985],[-81.64113000011274,37.51541200027835],[-81.64653100038424,37.51331200031519],[-81.64993099976714,37.51651199978224],[-81.65073099983331,37.521212000066285],[-81.65283099955784,37.520412000216815],[-81.65443099969015,37.52331200000487],[-81.65793100042879,37.52151200011399],[-81.662930999944,37.5216120003368],[-81.66523099968506,37.51851200021936],[-81.66793100035753,37.51911200015774],[-81.67213199963146,37.51641199984962],[-81.6766319995545,37.51801100014079],[-81.68213199956023,37.51761099980354],[-81.6888319996652,37.51361100034987],[-81.68763199956595,37.51001100002686],[-81.68423200018304,37.50741200019313],[-81.68493199979179,37.50571200031087],[-81.6957319997867,37.50151099993282],[-81.70183199984206,37.5017109996838],[-81.70508200033542,37.49945599989606],[-81.70483100026524,37.49680400026619],[-81.70764099964425,37.49525900013783],[-81.71515900025705,37.49739999967944],[-81.71964699958619,37.49539900019547],[-81.723646999917,37.49688599986736],[-81.72943300015298,37.49458499998487],[-81.73594999995986,37.4955849998967],[-81.74182200040956,37.500111000216776],[-81.7477099998545,37.501628999679674],[-81.75215299987609,37.50661100011141],[-81.75923100027285,37.505569000182525],[-81.76302800021408,37.50264300018111],[-81.7710270001525,37.50527099982215],[-81.77615399988932,37.50512800027431],[-81.77992599971618,37.50097399984695],[-81.78203499966155,37.50261099977271],[-81.78493500035054,37.50151099993282],[-81.79293599993879,37.50351099970263],[-81.79523499985493,37.50971000029795],[-81.8013359997352,37.50761100002372],[-81.8179370000347,37.50661000030791],[-81.8243369996657,37.512609999863436],[-81.82903699960526,37.51371000005207],[-81.82603700025547,37.52060999997015],[-81.82333699958299,37.52270999975349],[-81.82513699973185,37.534409000344354],[-81.83463799989332,37.53610899973259],[-81.83623800002565,37.54070899969342],[-81.83903800025723,37.5426089998898],[-81.83883800024067,37.544509000099865],[-81.84123800043916,37.54561000004951],[-81.84273800011408,37.54900999987269],[-81.84773799962929,37.54730999975987],[-81.85593900013238,37.54891000005949],[-81.85783899984037,37.5543089996495],[-81.85583899967496,37.561809000022805],[-81.85323900035824,37.56390899965548],[-81.84853900041868,37.56450899966415],[-81.84623799995438,37.56680899978836],[-81.84003800033992,37.565909000116775],[-81.83433800031766,37.56920899986466],[-81.83423799986025,37.57120899971493],[-81.83713799965092,37.572509000080586],[-81.83813799973363,37.575208999911986],[-81.83263799972791,37.57950899975827],[-81.83183799966176,37.58450900017226],[-81.82793799978835,37.587709000343224],[-81.83000999992379,37.59690999985943],[-81.82603800008037,37.59930899984955],[-81.81493699978658,37.59990900003243],[-81.81303700007861,37.60150900011377],[-81.81973800000848,37.60810899984087],[-81.81773799984308,37.61270899998359],[-81.81193700043679,37.61380899974014],[-81.8126920002971,37.60851300006973],[-81.81133700038717,37.60700899975052],[-81.80363700019949,37.612209000214165],[-81.80153699957665,37.61530900009648],[-81.79933700029301,37.620509000114346],[-81.80153699957665,37.62510900020059],[-81.79733700012761,37.627309000029435],[-81.79733700012761,37.63020899968822],[-81.79553699997874,37.631508999650265],[-81.79743699968672,37.63750900016776],[-81.80243700010024,37.642308999730645],[-81.7997370003261,37.65650900029142],[-81.80253800038258,37.660209000114946],[-81.80840800028415,37.66175600019828],[-81.81223799983734,37.65670900017153],[-81.81443800001931,37.655308999653975],[-81.81660100039133,37.656008000079254],[-81.8228379998157,37.662508000013965],[-81.82972399969353,37.664954999928646],[-81.82986099996087,37.667159999909344],[-81.83433900014258,37.671907999840364],[-81.83803899999943,37.67210800018467],[-81.84630800027459,37.66504599986023],[-81.85028400031597,37.66437000004089],[-81.85586100031459,37.66756499964907],[-81.86502400036723,37.67890900005539],[-81.8706399998256,37.68010799993512],[-81.87424000012334,37.67630800021086],[-81.87484000017295,37.670108000216274],[-81.88924100029051,37.6671079998178],[-81.89294100014736,37.6620080003119],[-81.90234100002648,37.66120799989945],[-81.90674100039037,37.66310800004664],[-81.90754099955824,37.66860699976885],[-81.91174199973051,37.67010699976228],[-81.9126420002541,37.672807000282454],[-81.91044200007215,37.67630699984045],[-81.91344200032026,37.68000700033806],[-81.91824199981892,37.681307000343125],[-81.92334199979159,37.679606999745644],[-81.92764199969804,37.68230700010276],[-81.93834299995876,37.677507000178],[-81.93914300002491,37.67410699988832],[-81.94482600032875,37.671218999931064],[-81.9523430002183,37.67520700019713],[-81.95544300002553,37.675006999673386],[-81.9571090002801,37.669667999687846],[-81.96444399969647,37.66740699984671],[-81.96664399987844,37.66450700017037],[-81.96914399963605,37.666607000022964],[-81.97344400044084,37.66580700010936],[-81.97394400003303,37.66820700029146],[-81.97944400003875,37.66810699990745],[-81.9840440004192,37.663307000093454],[-81.98544399963667,37.65890699977822],[-81.99184400016598,37.65830699992723],[-81.99164400014944,37.65400700015425],[-81.98734400024297,37.6506070000797],[-81.99184400016598,37.64740700014623],[-81.99174399970855,37.642706999816546],[-81.99320200044899,37.64081399999124],[-81.99594499988083,37.644007000209236],[-81.99982800003578,37.64420099977896],[-81.99934500016204,37.652307000017046],[-82.00278100042823,37.65438700025135],[-82.00102999978486,37.662461000159766],[-82.00667999957841,37.66522100001686],[-82.0111419998666,37.66484199971763],[-82.01510500038749,37.668150999723274],[-82.0226470003914,37.668150999723274],[-82.02159299988205,37.674415000168075],[-82.02246800029127,37.6763049998107],[-82.02455299994718,37.67618900012315],[-82.02401399999692,37.68227300020573],[-82.02696200036651,37.68488600014296],[-82.03178899962934,37.68581100034968],[-82.03421800014016,37.69322500026971],[-82.03794399993627,37.693187999973624],[-82.0412539998058,37.701589000202475],[-82.04675399981151,37.7030099999452],[-82.05082600011237,37.7005020000651],[-82.05567599983975,37.70153099989542],[-82.05778899998307,37.70344700028922],[-82.05579700021357,37.7050949997901],[-82.0569329998404,37.7057970002542],[-82.06433900030021,37.70552200016094],[-82.07723999984455,37.70046900002477],[-82.08264799978876,37.70156500020343],[-82.08266200003247,37.70441200033263],[-82.08075099955552,37.705931999991186],[-82.08594799961253,37.70709400032655],[-82.08383899966718,37.713890000016086],[-82.08828800043487,37.717573000327384],[-82.08563999964095,37.72167000009038],[-82.09198900011663,37.722534999973234],[-82.08570499993829,37.726934999955155],[-82.08522200006453,37.729786000197315],[-82.08569900009049,37.73205699998956],[-82.09402600009197,37.734729999824005],[-82.09291600040441,37.73789000017529],[-82.09015999965546,37.73920500026424],[-82.091168999959,37.742209000103],[-82.0938310000983,37.74416900006137],[-82.09726499981639,37.74289800028788],[-82.09943700040922,37.74683399982702],[-82.1025189997748,37.74560799981998],[-82.10562799980288,37.75051200015841],[-82.10836399956203,37.74982999973573],[-82.11004099968724,37.747004999674665],[-82.11704000044126,37.747606000233276],[-82.11580099998397,37.752082000086425],[-82.11182300029277,37.75275700000824],[-82.11239200038025,37.75738200033376],[-82.11038899984179,37.757379999650624],[-82.10934899957611,37.75929999995091],[-82.11202400013423,37.76236099979151],[-82.11099599956411,37.7662390001042],[-82.10518900031005,37.765330999779074],[-82.10036100032397,37.76694699965494],[-82.1041309996027,37.77102499995277],[-82.10098499976472,37.77736199981761],[-82.10387000038511,37.77965400001919],[-82.10035299992805,37.78230999981578],[-82.1026519998442,37.78431000003751],[-82.09989000014576,37.786983000136914],[-82.1070809996221,37.78867499980872],[-82.10543299980921,37.79229999981776],[-82.10155999969997,37.79457600007548],[-82.1020669998632,37.79786399976866],[-82.10581899959858,37.801141999713174],[-82.11343699977049,37.80162599971315],[-82.11930699967206,37.805920000050584],[-82.12287799965749,37.80473999976728],[-82.12485400043177,37.81083300005599],[-82.12654300025255,37.80962299981709],[-82.12891300031382,37.8109249996654],[-82.13345500006963,37.81039599981366],[-82.13472499959074,37.81396999990832],[-82.13225900016835,37.81634799989621],[-82.1353330000363,37.82136100019105],[-82.13363900019264,37.826250999898],[-82.13877500015029,37.82962700000979],[-82.13912599977958,37.83378000034731],[-82.14425000004165,37.8355130000889],[-82.14617599968891,37.83786199987693],[-82.1402329999924,37.84337699976236],[-82.13538499991485,37.84371300005318],[-82.13480199958366,37.8466450000946],[-82.11281599980447,37.853148000329455],[-82.11415999984375,37.85722600012662],[-82.11233399975562,37.85970799981794],[-82.11415200034615,37.86006499977697],[-82.11717199978743,37.857590999732174],[-82.11987400010973,37.85821599998958],[-82.121210999578,37.86431899972421],[-82.12426100005484,37.866094000288015],[-82.12425600003196,37.87165000023743],[-82.12649700022179,37.8727300000838],[-82.12638400024389,37.87523999986177],[-82.12880899965842,37.87785000007285],[-82.1276310001988,37.87986200002831],[-82.12265000005186,37.88128200029476],[-82.12105199956935,37.87948099983593],[-82.118541999766,37.88178900002413],[-82.1191119996784,37.88507899969791],[-82.12211000027669,37.88706800025463],[-82.1201610001649,37.8923920000027],[-82.12321199956833,37.897732000249235],[-82.1278639998273,37.900810000124785],[-82.13162399995862,37.89970199995721],[-82.13441699961919,37.9014989999647],[-82.14438499976087,37.900883999990846],[-82.1495269995663,37.90395400027798],[-82.14991900010178,37.906080000101646],[-82.15983500036494,37.9075399997481],[-82.1611280003506,37.911856000028784],[-82.16367999998675,37.91237199983249],[-82.16430599997562,37.91409500017832],[-82.16347599977225,37.92346900023887],[-82.16655899986102,37.92576199993751],[-82.16985799985989,37.92552099965807],[-82.17327499985952,37.92932100013689],[-82.17165800000876,37.932222000109036],[-82.17223799996691,37.936484999948995],[-82.1753989998735,37.937993999653145],[-82.17689000022588,37.93704999967611],[-82.18244200011014,37.94216999991895],[-82.1858470004142,37.942479000234286],[-82.18727000009622,37.9458490001754],[-82.18494400041588,37.94908099978357],[-82.18110700029168,37.95093700017605],[-82.18444999977315,37.95514400026404],[-82.19000500003045,37.95537800020765],[-82.19245600028258,37.95961300033793],[-82.19716899974262,37.962696000147716],[-82.19027000034433,37.97111700021648],[-82.19065799978353,37.974777999766815],[-82.30639100043052,37.94364000025466],[-82.3250670003402,37.928191999909046],[-82.33637899962287,37.92895899966505],[-82.34377900023487,37.93367299989536],[-82.34591599976932,37.9453390003028],[-82.34389899988548,37.948202000270676],[-82.33876700012578,37.94840200026686],[-82.33747699961486,37.951244000071334],[-82.33837200011557,37.95676399979111],[-82.34086600002539,37.95769099970341],[-82.34022900016585,37.9602100001873],[-82.34235200035491,37.964743000036606],[-82.35680000032812,37.96932600001791],[-82.35833299961499,37.97240700011211],[-82.35640799979265,37.97586399990144],[-82.35989799958722,37.9794270001937],[-82.3565519997327,37.9819820002818],[-82.35581600013894,37.984880999677635],[-82.36144800038916,37.98510399984342],[-82.36421199973739,37.987646999891865],[-82.36943200025895,37.98631799998001],[-82.37503500019683,37.98757300026385],[-82.37959299984617,37.99309199992242],[-82.38670100038014,37.98784599967901],[-82.39623900035151,37.99600600009838],[-82.40082100029029,37.99649400003894],[-82.40252799965445,38.00072999999807],[-82.40920699984301,37.998414000107616],[-82.41027399987287,38.00204499991533],[-82.41472199991735,38.00468699974946],[-82.41415000035514,38.00750399972199],[-82.41762400025618,38.011746999808985],[-82.41827500035942,38.015009999927855],[-82.42240700003642,38.01543599986105],[-82.42702699961002,38.02073300015677],[-82.43099099995584,38.02121500002549],[-82.43066799991566,38.02482699983479],[-82.4353469999388,38.03120600009464],[-82.42732700008399,38.03265200002178],[-82.43093099968138,38.036724000331276],[-82.42765900034502,38.03799099985499],[-82.42656800002571,38.0407189997231],[-82.42273199972642,38.04338699992098],[-82.42735200019835,38.04853700017883],[-82.42873100039775,38.05470499978538],[-82.4351000000666,38.05770199971866],[-82.43470300040656,38.06055399996717],[-82.42753299994833,38.06458800007867],[-82.43162699999048,38.069080999945655],[-82.43278400043201,38.07527000033191],[-82.43633000030307,38.07874799978037],[-82.43035599974611,38.084779999896604],[-82.42266499977927,38.08789600032417],[-82.42340999959386,38.09200000005291],[-82.42051300017621,38.09361200017434],[-82.41873499976865,38.097479000039655],[-82.41942000020708,38.10538999975746],[-82.42157000016033,38.10979700027525],[-82.42578899987595,38.11113299984844],[-82.42468199966312,38.11410199977095],[-82.42694799996731,38.117796000083594],[-82.42540300008656,38.12049999964919],[-82.42956099970282,38.12454500013599],[-82.43657999965002,38.11688699994002],[-82.45386600038796,38.11492600014263],[-82.45863699957431,38.11821100013694],[-82.45900099962238,38.12147400024825],[-82.4612059998272,38.12265799998354],[-82.46395199963212,38.128313000305994],[-82.47275499983465,38.13142200028055],[-82.46564800002389,38.134503000249985],[-82.46027500023979,38.141341000111545],[-82.45187600026829,38.141891999680716],[-82.44869699992005,38.14483900020066],[-82.43965699989103,38.14599900011455],[-82.43825799960014,38.14285099985618],[-82.43381399975362,38.14941099986933],[-82.42659599961479,38.155367999767556],[-82.41149400006358,38.153245000227464],[-82.40457899987346,38.15990599973056],[-82.38879899955653,38.16383399980039],[-82.38396899992063,38.16275300021758],[-82.37932400023266,38.16611099975388],[-82.37857500022011,38.16844300010752],[-82.3843460003875,38.168301000010636],[-82.38891800028054,38.17372500010178],[-82.38675200043377,38.176011999905064],[-82.38732999984377,38.17784100023151],[-82.40488000017235,38.184754000192484],[-82.40589199995061,38.192776999770686],[-82.41371299961382,38.19123299985179],[-82.41806199992409,38.1925859999581],[-82.42314000015543,38.18899199994348],[-82.42709100008246,38.183406000010656],[-82.4304820001428,38.182828000206285],[-82.43317799971899,38.18520199988694],[-82.43507400012733,38.1903250000013],[-82.43345499972843,38.195627000228285],[-82.43747699980055,38.20288699990254],[-82.43751100013574,38.20872600000313],[-82.44032800008576,38.212708999808505],[-82.44540200011913,38.21365900026768],[-82.44640300002675,38.21147900001265],[-82.44905699977015,38.21112700018655],[-82.447603000126,38.208830999819284],[-82.45116099969263,38.20448899969344],[-82.45744300022116,38.20491899968174],[-82.46086100004571,38.20020100025917],[-82.46743999977686,38.19797400030633],[-82.46980999983813,38.19865700031309],[-82.47192200015652,38.20352499988015],[-82.47636799965287,38.20111999971063],[-82.48506799992325,38.210338000202896],[-82.4846779999359,38.21231299969517],[-82.48725300003659,38.21359900033811],[-82.48817100010352,38.2164420002333],[-82.49333399982535,38.21745599992878],[-82.49706700019247,38.22243199997142],[-82.50184900014781,38.21890100034999],[-82.50381499997803,38.21975800024544],[-82.5016580003521,38.21542699970259],[-82.53037500019839,38.19977800013075],[-82.5342700000489,38.193571999841254],[-82.54156099998266,38.19066600008745],[-82.5511240000684,38.19308100029493],[-82.5545159999537,38.19660899980253],[-82.57739800005851,38.19192599968833],[-82.57898499977203,38.19393000018017],[-82.58292599965333,38.19055800023706],[-82.5863600002697,38.19036800000696],[-82.59695799969992,38.17467700000197],[-82.59843099961066,38.17744499971755],[-82.60315700038778,38.166672000164034],[-82.60895899961899,38.14617399971838],[-82.61429999961605,38.15218800007604],[-82.61687200024198,38.14703300000219],[-82.62673099970543,38.13949600023502],[-82.62845399986139,38.13598600012889]]]}},{"type":"Feature","properties":{"GEOID":"54004","NAME":"State Senate District 4","BASENAME":"4","STATE":"54","SLDU":"004"},"geometry":{"type":"Polygon","coordinates":[[[-82.31478299983101,38.465235999831265],[-82.32399899958712,38.44926800032475],[-82.31932299993699,38.44699399987426],[-82.31619999966523,38.44696600014856],[-82.30381700015475,38.458776999838456],[-82.30091200034121,38.468501999898734],[-82.29678300013893,38.4701149997068],[-82.28330900030916,38.470677999906314],[-82.27640599981461,38.46219999971261],[-82.26877199974916,38.458796999786685],[-82.25641500017795,38.447655999772245],[-82.25264800037395,38.44613000021852],[-82.24818799973559,38.446651000023486],[-82.2453930004252,38.441724000228184],[-82.23937200001258,38.44119400025794],[-82.23623799987017,38.433868999752],[-82.22674699975444,38.445620000320815],[-82.22357499997719,38.44681400024201],[-82.22272300003249,38.44563599996125],[-82.22589399998483,38.442962999789856],[-82.22527300001882,38.441054000120566],[-82.21963800029387,38.442112000019804],[-82.22188100013354,38.44040299971421],[-82.22198999991348,38.435928000289444],[-82.21707800026182,38.43794900005634],[-82.2154859996271,38.43193899995521],[-82.2062630001983,38.4310110000042],[-82.20298699976566,38.42805999969892],[-82.22065900029298,38.423137000198814],[-82.23190799982645,38.415381999911524],[-82.24019899984293,38.41849500018604],[-82.24921399975757,38.41639099993013],[-82.24504400044576,38.410285999709224],[-82.24478599980456,38.40456899986167],[-82.24077100030344,38.400081999927544],[-82.24010900032955,38.3949959997776],[-82.24111400043513,38.39078299983614],[-82.24676699970341,38.3876530003401],[-82.24700899955273,38.38302100016839],[-82.24557800037313,38.38080600013433],[-82.25068699966829,38.37605099970531],[-82.24704100023811,38.37300600013871],[-82.2462239995552,38.36361300008287],[-82.24004499985713,38.36011599986335],[-82.23896399958356,38.35762100019878],[-82.23559599998775,38.358497000008725],[-82.22884099963117,38.36427499992512],[-82.22389299999452,38.3636449997655],[-82.22236900003017,38.35238400014812],[-82.21544799999226,38.34229300017891],[-82.2175770000291,38.334401999700226],[-82.20676799981337,38.33685000016648],[-82.20679499957754,38.333337999799646],[-82.19752299974495,38.32924600011329],[-82.19765400016452,38.32808700029008],[-82.20518899959742,38.327289000116075],[-82.2119020001212,38.32361500006206],[-82.20382199999192,38.3232910003269],[-82.19895200017305,38.31781599994986],[-82.19645200041545,38.31946399987251],[-82.1966039998531,38.322998999873],[-82.18310999993183,38.32968299964784],[-82.17975599968138,38.334857999706685],[-82.18008200009463,38.33762500014301],[-82.17764300043639,38.339783999885064],[-82.16850399977486,38.335316999990546],[-82.16378499956873,38.33688099984554],[-82.1637479997588,38.33863999975223],[-82.15820400027047,38.337900000073994],[-82.15460899999559,38.340423000168535],[-82.15305900009199,38.33958100021964],[-82.14506099997848,38.34298499991662],[-82.14150900025963,38.341499999679954],[-82.13280099959331,38.34446700005645],[-82.12886499973492,38.34322900016592],[-82.1276880001002,38.34599100000209],[-82.1255110003828,38.346798999919244],[-82.11699000021257,38.34421199966206],[-82.11495999990993,38.345980000182536],[-82.11490700020647,38.35089700026538],[-82.11040200026058,38.356285999890275],[-82.11028099988675,38.35853800005373],[-82.10890800043346,38.3593260001362],[-82.10260599981345,38.35711699982776],[-82.10359099982753,38.36176800016125],[-82.10036999964647,38.36205599991007],[-82.10133899976705,38.3647610001856],[-82.09740100025881,38.367407999976784],[-82.09013299989127,38.36687799992955],[-82.08714100003908,38.368491999786876],[-82.0790740003286,38.36878600024749],[-82.07445499968158,38.37322800013041],[-82.06928100008909,38.37318299973029],[-82.06899099966088,38.374916000229376],[-82.06473500013533,38.37676500022637],[-82.0580450000761,38.373129000199235],[-82.0559339995826,38.37421699969736],[-82.05162500035362,38.37287400003015],[-82.05013099962818,38.375936999845685],[-82.04712799990534,38.37443199992725],[-82.04309400013764,38.3372780003138],[-82.04885199988621,38.290341999969606],[-82.04627900033368,38.289906999812885],[-82.04451799964455,38.28698400030878],[-82.0408660003666,38.28760600008596],[-82.0407409997948,38.28555399982661],[-82.03652100025428,38.28661499989666],[-82.03579300015814,38.28365300005557],[-82.032135999959,38.28394299981838],[-82.03168099967432,38.28062799983037],[-82.02829100033718,38.27936200006168],[-82.01892499989494,38.28176300026123],[-82.01894900018439,38.279349000120526],[-82.01539800029045,38.27926799989249],[-82.01616999986919,38.271789000143194],[-82.0093829997256,38.27271999979793],[-82.0065239999428,38.2708780002943],[-82.0017860003684,38.271600999822],[-82.00056700000258,38.26810899996529],[-81.99740600009599,38.26660499995458],[-81.99177399984579,38.269084999749005],[-81.99115100022993,38.27577199992419],[-81.98627100036533,38.275964999965296],[-81.98449299995775,38.277758999857795],[-81.98209399958418,38.27670100003954],[-81.91519700026329,38.325597000116645],[-81.90022200003537,38.39857199977648],[-81.85079700032693,38.42193199972338],[-81.85178900001372,38.43289099977157],[-81.84767700042822,38.4410829998497],[-81.84289100027495,38.4452549998644],[-81.83158099974379,38.449819000128166],[-81.82548499988643,38.454427000337205],[-81.81700300007422,38.46491699991494],[-81.81639700017682,38.470299000059406],[-81.8177889998967,38.47591500027677],[-81.83137400005457,38.485866000121504],[-81.83774199989851,38.493882000292736],[-81.84667599962229,38.51383500021566],[-81.87294299993971,38.53940399965985],[-81.88240700029124,38.543091999745705],[-81.8880010000083,38.54321500031997],[-81.91214500013662,38.52697300024953],[-81.91834700029922,38.52489899965012],[-81.92640599961378,38.52637799994749],[-81.95214999987446,38.54131600027628],[-81.96860700023393,38.5580719997414],[-81.98952099996039,38.57205200034282],[-82.00053600004044,38.583746999824406],[-82.00389399959053,38.591655999852364],[-82.00078799993553,38.60352599965341],[-81.97718199993251,38.62472899965593],[-81.96363899960744,38.647546999732164],[-81.9557910001801,38.657355000276475],[-81.77284300019488,38.680843000218935],[-81.81349999986088,38.714761000345185],[-81.79126499966135,38.7331040002283],[-81.79212900019992,38.734129999950135],[-81.79078000013776,38.73551599975253],[-81.78418700016292,38.73819200018717],[-81.77771499966359,38.74754100009532],[-81.77301100042438,38.74496500017867],[-81.77427099989976,38.73627200015766],[-81.76409299969579,38.738202999743734],[-81.75964899984928,38.736125000121646],[-81.7561299997424,38.73777500026789],[-81.75242599968757,38.742311999684034],[-81.74108900029056,38.74472499983582],[-81.74210899956644,38.7534610003208],[-81.73794299955425,38.75561700007293],[-81.73712699959457,38.76168600028456],[-81.73852400023561,38.76560499966812],[-81.73611399999137,38.768297000052755],[-81.73682600019401,38.77248500004338],[-81.72596699974955,38.77404500026995],[-81.72267799979645,38.7772840002243],[-81.7152139996103,38.777628000090445],[-81.7117620003489,38.77993999996499],[-81.7045259997684,38.78116200017122],[-81.69560899976305,38.77937400025578],[-81.69245299987932,38.78094300034662],[-81.68621599955664,38.77912899994987],[-81.68227300002553,38.78149399966192],[-81.68152900003587,38.78358800009849],[-81.68356199981325,38.78441599965245],[-81.67999599985069,38.785704999773095],[-81.67521800009332,38.78280400019026],[-81.669450000299,38.78326500023905],[-81.66840500001044,38.78603899967085],[-81.66965500033841,38.79028999980257],[-81.66713700013914,38.792339999726074],[-81.66456299986338,38.792435000347595],[-81.65682699969068,38.78791600005103],[-81.65474600023273,38.790186000312474],[-81.65379100035587,38.788897999869576],[-81.65170599980165,38.79070999988902],[-81.65110699957694,38.79586599978041],[-81.65481200035498,38.80279600023547],[-81.64649500039926,38.80098499984502],[-81.64567900043956,38.802785000133134],[-81.64723000016807,38.80759599987002],[-81.64336000043193,38.80949900031094],[-81.63916199973437,38.80914399970395],[-81.63878900036377,38.805337000070935],[-81.63498800022458,38.80689600015733],[-81.63359700032963,38.810172000289114],[-81.63666199997677,38.81321100002605],[-81.63418999980824,38.81535799986267],[-81.6345379999628,38.8184040000144],[-81.63144099963031,38.822806999991215],[-81.62958199993021,38.823998000045805],[-81.627139000074,38.822439999942155],[-81.62572100041487,38.81537000033811],[-81.61738099999461,38.81964599972203],[-81.61866800013249,38.82041500027115],[-81.61831599977998,38.82416199976794],[-81.61312100027108,38.83164300011192],[-81.61331500043985,38.83457200015888],[-81.62187099987187,38.84474399989645],[-81.62120999972288,38.85328800001417],[-81.61905399992187,38.8554970001454],[-81.61673599973912,38.85470900026526],[-81.61227099997622,38.86147900000792],[-81.60580199984993,38.86013400004455],[-81.60144099984407,38.86388500019525],[-81.59808599976873,38.85992700019138],[-81.59517199973433,38.86218799980898],[-81.58951899956774,38.860591999724036],[-81.58840200020748,38.86529899985126],[-81.58349999970325,38.86654300000448],[-81.57939200031572,38.87340100007365],[-81.5801379999552,38.87554300026342],[-81.57399500024215,38.87881500007318],[-81.58110700007576,38.88480299975997],[-81.57955700017214,38.88703899996187],[-81.58090299986127,38.889367999911045],[-81.5898950002097,38.896347999716674],[-81.59527999968937,38.89746099975117],[-81.59978499963526,38.894296000180866],[-81.61231500035716,38.89068200010485],[-81.61442400030249,38.894141000275766],[-81.62172799975674,38.8952379997899],[-81.6239010001745,38.89758599967617],[-81.62119499965426,38.900746999879615],[-81.61850499992586,38.90901300012787],[-81.61445500026466,38.912755000277535],[-81.61565600018879,38.91697899965623],[-81.58177800027049,38.95514999968722],[-81.53874200032242,39.00851000015017],[-81.7472539997449,39.09537900008151],[-81.76075400041228,39.08407699988863],[-81.77555499966459,39.078377000012075],[-81.78575499960988,39.078577999858005],[-81.8030539998683,39.08387800020709],[-81.81065399959854,39.08327800010296],[-81.8138539998632,39.07967799970112],[-81.8138539998632,39.068678999663646],[-81.8123540001883,39.061279000003545],[-81.80805500010673,39.05377700003039],[-81.80035499991907,39.044978000182454],[-81.78505400017625,39.035878999882755],[-81.77285400006555,39.026178999734014],[-81.76425300042767,39.01527900002049],[-81.76515300005295,39.00257899976018],[-81.77197500035666,38.99684500016414],[-81.77506900031611,38.99138699990218],[-81.7767229999768,38.98514200017465],[-81.77573399976474,38.98073700000176],[-81.78085200017905,38.97002900001],[-81.7815889995977,38.96227499984101],[-81.77884500034094,38.95589199974077],[-81.76766700005426,38.9468649998317],[-81.76101600035311,38.93800300018781],[-81.75697500001439,38.937153999785764],[-81.75613099956729,38.93354600031326],[-81.75850499982653,38.92794199992868],[-81.76265800031824,38.92412300029907],[-81.77410500021843,38.92296399995275],[-81.78564699965484,38.9261919996649],[-81.79337199995688,38.9302030001975],[-81.80613699995709,38.94211200019879],[-81.81423499962972,38.94616799983924],[-81.82735399963225,38.9458980000064],[-81.83313999986825,38.94105099982702],[-81.83443899970169,38.941426999758036],[-81.8444860003844,38.928746000098634],[-81.84531200038985,38.91008799997792],[-81.84865300022149,38.901406999984935],[-81.85597099991944,38.8927339998786],[-81.87485699989139,38.88117400007177],[-81.88698699968188,38.87508100008802],[-81.89283700039029,38.87386899983192],[-81.90015400026333,38.87508100008802],[-81.91031200037581,38.879294000016245],[-81.92799900007343,38.89349199982787],[-81.92667000010273,38.901310999651834],[-81.90090999994854,38.92433799968697],[-81.89846999956708,38.929602999875755],[-81.90059500030428,38.937670999728965],[-81.91244300006247,38.95434300021455],[-81.91821500005476,38.9665950000879],[-81.93318600008472,38.98766000020862],[-81.94171700030068,38.993234000217605],[-81.95144699989268,38.99603200025346],[-81.96776899963461,38.99295499991257],[-81.97937100024382,38.993192999763735],[-81.9820319996599,38.99569799982373],[-81.98426100015418,39.00667799980983],[-81.99136100029223,39.01837800013209],[-81.99586100021524,39.023278000288535],[-82.00449899966303,39.02889200034573],[-82.02188400013516,39.029491000096364],[-82.03774899994261,39.02386499999854],[-82.04206200026789,39.01677799967643],[-82.04566300039053,39.00377799991279],[-82.05156300042933,38.994377999932],[-82.09156499979412,38.97377800011688],[-82.09486499961788,38.96457799966909],[-82.10906499989399,38.945579000128504],[-82.11086599986777,38.940378999815564],[-82.11056499956888,38.93527899999098],[-82.11166699975884,38.932578999816045],[-82.11236600044099,38.93177899966805],[-82.11116600034174,38.93657900006008],[-82.11326600006626,38.93057900034664],[-82.12866600044161,38.91067900001764],[-82.12936600005034,38.90787899985926],[-82.13596599969789,38.904878999713034],[-82.13756599983022,38.901879000026284],[-82.13616599971442,38.90167900010747],[-82.14006700031105,38.90117899994304],[-82.14316700011828,38.898079000317],[-82.14536700030023,38.88417900007163],[-82.14136699996942,38.87528000000351],[-82.13922399968887,38.865020000194164],[-82.14546699985934,38.83968000021753],[-82.16359799997099,38.82342400014309],[-82.18077500003066,38.81696199998773],[-82.19117199961943,38.815136999669726],[-82.1975400003617,38.8095390002783],[-82.2114379996157,38.801220000024635],[-82.21726900005753,38.795679999718686],[-82.22156599959095,38.78718700008842],[-82.21964400014167,38.7722830001105],[-82.21661399975632,38.76835000019492],[-82.20714100008227,38.763943000316615],[-82.19888199985284,38.757724999769366],[-82.19560600031853,38.75244099977977],[-82.19326800004431,38.741182000308115],[-82.18796800005512,38.73308200024363],[-82.18686800041331,38.72228199981362],[-82.19136800033633,38.72978200009176],[-82.19166799991199,38.73738199989989],[-82.193098000165,38.73771800023092],[-82.19383299993383,38.73565300032507],[-82.19128499959733,38.727203999994906],[-82.18456699994901,38.715882000167404],[-82.18246700022449,38.70878199985668],[-82.19016700041216,38.68738200020092],[-82.19086700002092,38.680383000022296],[-82.18606699962392,38.66678300009669],[-82.18556700003174,38.65958300019168],[-82.1790669999433,38.64888300013282],[-82.17246700029577,38.628783999757765],[-82.17206600043778,38.61858399970003],[-82.17526699962902,38.60708399975461],[-82.18116699966782,38.59978399968998],[-82.1887670002964,38.594983999899426],[-82.201004000217,38.59205199988852],[-82.22146799968165,38.591284000190385],[-82.22716799970392,38.593783000016174],[-82.24796900035078,38.59728300003012],[-82.24566899971141,38.59818299987187],[-82.24665899974838,38.59856900018724],[-82.2620699999944,38.59818299987187],[-82.27427000010508,38.59368300015625],[-82.29127100043766,38.57898299994785],[-82.2934709997213,38.57428300033366],[-82.29187099958897,38.575482999749035],[-82.29177100002984,38.5747829998925],[-82.29387099975436,38.57268300013166],[-82.29337100016218,38.556983000215055],[-82.29567099990324,38.53848300018018],[-82.30287099960042,38.52318299979146],[-82.30397100014055,38.517682999929484],[-82.30307099961695,38.504384000027365],[-82.3042230000356,38.496308000330146],[-82.31063899956014,38.48317200034192],[-82.31478299983101,38.465235999831265]]]}},{"type":"Feature","properties":{"GEOID":"54008","NAME":"State Senate District 8","BASENAME":"8","STATE":"54","SLDU":"008"},"geometry":{"type":"Polygon","coordinates":[[[-82.00376399989419,38.592735000153574],[-82.00053600004044,38.583746999824406],[-81.98952099996039,38.57205200034282],[-81.96860700023393,38.5580719997414],[-81.95214999987446,38.54131600027628],[-81.92640599961378,38.52637799994749],[-81.91684400025129,38.52504000012681],[-81.90375799986072,38.53157400033666],[-81.88892999994587,38.54290499965783],[-81.88394899979892,38.54336900034248],[-81.87294299993971,38.53940399965985],[-81.8508220004413,38.518836999808265],[-81.8463519997572,38.51326899977372],[-81.83774199989851,38.493882000292736],[-81.83137400005457,38.485866000121504],[-81.8177889998967,38.47591500027677],[-81.81639700017682,38.470299000059406],[-81.81700300007422,38.46491699991494],[-81.82548499988643,38.454427000337205],[-81.83158099974379,38.449819000128166],[-81.84418900028349,38.44439500029956],[-81.85114899978113,38.435067000168],[-81.85207699989382,38.427932000163615],[-81.84809199963162,38.407020000316194],[-81.84628399998513,38.40214000023754],[-81.84003599979178,38.39587100013301],[-81.83036899994899,38.39108099978184],[-81.80161100009481,38.385341000271545],[-81.76941699997442,38.37375800015448],[-81.76317700017698,38.3694380002943],[-81.75446799968579,38.35984999980155],[-81.75079999961598,38.357241999973006],[-81.74588999961414,38.35646500009107],[-81.73653499994086,38.35656900029572],[-81.72599299968883,38.359185000301885],[-81.70792699987452,38.37112900031897],[-81.70044699979488,38.37397200029448],[-81.6946129998783,38.37461599980659],[-81.68055200041769,38.37263499998389],[-81.64835099972629,38.355229999801345],[-81.62714499992178,38.339096999684024],[-81.61994500022462,38.33599700033815],[-81.6135439998704,38.33399699983334],[-81.58884400007335,38.331297999880725],[-81.58675199984646,38.3333970003324],[-81.57974499959481,38.33006700007603],[-81.57471999996523,38.33292399975002],[-81.57226200004044,38.338802000017814],[-81.57600299990517,38.34631399997879],[-81.58126600008441,38.345291000086654],[-81.58433699957934,38.34751599999555],[-81.58334300024272,38.3482979999806],[-81.58562500044044,38.35139999989815],[-81.58969799966788,38.34825699977309],[-81.59327200002636,38.34864400017139],[-81.59243099995231,38.34974700005429],[-81.59457599988266,38.35202099992638],[-81.59186600006278,38.35740400019524],[-81.59472800021864,38.358338999755375],[-81.59379400025817,38.360576999752915],[-81.59524299987945,38.36576100029686],[-81.60671900009196,38.36682500006349],[-81.61049500011679,38.36573099975502],[-81.61506399963677,38.36165900000874],[-81.61550999970062,38.362780999847246],[-81.62085400007074,38.36090699964795],[-81.62170400036561,38.36288500013552],[-81.61044800026112,38.3677030000426],[-81.60653599979385,38.3757229998835],[-81.60846900001211,38.37902299971212],[-81.61581600002238,38.38438899984481],[-81.62046699955812,38.39107299990327],[-81.62077899972765,38.393899000151734],[-81.61739699988811,38.40089600023536],[-81.62587000037779,38.410561000255036],[-81.63045899998927,38.412821000100905],[-81.63280899995904,38.41192599982459],[-81.6470550002659,38.41358800023378],[-81.65414600018312,38.40884400002713],[-81.65843299967081,38.40906899992197],[-81.66365599966709,38.404782000036775],[-81.6697039998439,38.41050199995737],[-81.67625499998594,38.41207600023915],[-81.67969799992484,38.407448000243484],[-81.6831299999931,38.40634600010781],[-81.6858909998666,38.403013999665944],[-81.69987900043061,38.401565999812526],[-81.70161699975688,38.398401999714345],[-81.71055700022679,38.39612400002108],[-81.70791099998098,38.38750499965293],[-81.71385000037786,38.381810000093516],[-81.71632199964804,38.383768000052775],[-81.71566100039738,38.38828899969343],[-81.72264699983431,38.39487000031298],[-81.72283599998019,38.40049900012502],[-81.72607800007762,38.400492000263114],[-81.72669800021875,38.40412399976389],[-81.73080399995646,38.41009599968071],[-81.73127500013464,38.41486800026464],[-81.7386830002443,38.42291499999],[-81.744211999664,38.42635599973936],[-81.74291100018073,38.43248699993971],[-81.73573200039996,38.433604999840874],[-81.73335800014074,38.43977500028565],[-81.73036999958819,38.4411040003013],[-81.73804200018677,38.445531000013425],[-81.73938000037828,38.4500150000805],[-81.74679299961247,38.45125200005963],[-81.75430299982935,38.455750999779944],[-81.7275750002778,38.46599699994424],[-81.72241900022865,38.46544199985867],[-81.72486100025993,38.45874899976094],[-81.7240069997671,38.4561269998631],[-81.72155800006314,38.456564000015696],[-81.71955899972262,38.4590090001633],[-81.71881399990806,38.46791900006652],[-81.71386600027138,38.4742189997052],[-81.70947799960302,38.47711000026744],[-81.70380299969513,38.47467300024991],[-81.6983789998574,38.48154999974109],[-81.69768599992136,38.48496899981453],[-81.6926760003604,38.48690000018189],[-81.69204299980049,38.49233499968356],[-81.6890500001234,38.49531500008678],[-81.68367300014133,38.49285000019103],[-81.68109700021573,38.49428099984618],[-81.68064799977884,38.4963219997571],[-81.68486499984463,38.500935000259155],[-81.6787020000401,38.506455000276326],[-81.68233599977472,38.51284600003275],[-81.67815600041716,38.5167929998937],[-81.67237699985387,38.51885499966591],[-81.66860900022496,38.51769999991153],[-81.66520899994374,38.52194499965489],[-81.66078299964059,38.519735000259786],[-81.65721099983024,38.51386799966698],[-81.65515499958833,38.51882500013494],[-81.65157299973225,38.52154500002986],[-81.6493020003035,38.521422999765086],[-81.64647100010978,38.51654300024175],[-81.64394700006274,38.51675199966166],[-81.64495600036628,38.52279100006403],[-81.64817800037224,38.52616500018023],[-81.64456800002876,38.5264690003454],[-81.6448020003805,38.53565499980264],[-81.6372069997748,38.544830999779656],[-81.63556499980967,38.54485500028754],[-81.63283599972321,38.554370000008305],[-81.57820200026221,38.57706800018037],[-81.52216600013726,38.61274600008392],[-81.50754699956151,38.5827129997114],[-81.4716540003075,38.5463360002049],[-81.46643999963372,38.54792000025433],[-81.46537199977895,38.54989800029085],[-81.34933500025666,38.541300999924296],[-81.30348999985618,38.53479900028126],[-81.274251999603,38.521830000113376],[-81.22056100032326,38.53183900000155],[-81.1941130002559,38.52763400020003],[-81.28387199959013,38.47202899973238],[-81.25444599991427,38.37510100031612],[-81.23143400011311,38.26371600000279],[-81.02893099961103,38.35891199997693],[-81.0047229999086,38.36876399978481],[-80.99982499960231,38.37230700017048],[-80.91136099990356,38.414784999756854],[-80.81742399996328,38.47855300031157],[-80.8252749997637,38.49436299986307],[-80.8646080003802,38.50010200000335],[-80.86861600020863,38.5042720001983],[-80.87245499998265,38.50280300002466],[-80.8787240000924,38.5040290003217],[-80.88123200024594,38.5070449999198],[-80.88164499979949,38.51238399977937],[-80.88910300013782,38.52346299999637],[-80.88826100023886,38.530292000273064],[-80.89010400004544,38.5310649997381],[-80.88944100024663,38.53389799965307],[-80.89149900013835,38.53691300023118],[-80.90646400032051,38.54080900013482],[-80.90854599960338,38.54304299984108],[-80.91348200044281,38.542328000030345],[-80.91774399981614,38.544816000160736],[-80.91284300003512,38.54772100030167],[-80.91503300017132,38.55591200006751],[-80.91301799993732,38.563206000191876],[-80.91761400011978,38.56774499967783],[-80.92496799980275,38.57175300027067],[-80.92634199997927,38.579338999985126],[-80.92988299982744,38.580369000239166],[-80.9299289998582,38.582750999680215],[-80.93187200012221,38.583914000089734],[-80.93581600037655,38.58357500012074],[-80.94630500002681,38.588157999814186],[-80.94783300018912,38.59216200033012],[-80.95514599986419,38.59220599989784],[-80.95769699967542,38.59729100021259],[-80.96169299980829,38.59670099998437],[-80.96653400021316,38.59327100013481],[-80.97003800025144,38.593203999829434],[-80.97267799975111,38.600935999812705],[-80.97108299964165,38.6107319997936],[-80.97733300038315,38.610708999801176],[-80.97895500025678,38.614455000225405],[-80.97894500021104,38.62066999990551],[-80.97596099985644,38.62509600034326],[-81.03167700031425,38.66783899970627],[-81.08370999973532,38.61198200031839],[-81.08408300000423,38.61547600020778],[-81.08263500020786,38.617803000168855],[-81.08562200003718,38.62142999998622],[-81.08469899994736,38.62352499969078],[-81.08986800041531,38.62581600010314],[-81.08969699981276,38.62844799984626],[-81.09663700011724,38.62860599975011],[-81.0964239996819,38.63304599966431],[-81.097492000435,38.63477100001088],[-81.10169100005912,38.63492500026738],[-81.10209699993999,38.63897999979292],[-81.10734199967759,38.63946200008622],[-81.11512700025409,38.63125000009474],[-81.12369399955675,38.63092899969977],[-81.12999500035185,38.63492400033053],[-81.13159899978383,38.63826000031371],[-81.14139399967316,38.63963100026154],[-81.14666900044631,38.64268800005893],[-81.1494079996802,38.64160900017094],[-81.15524699961964,38.644906999814076],[-81.1585819996035,38.64403700017934],[-81.15962600006714,38.64887700027703],[-81.16248599967486,38.652209000235594],[-81.16205600040286,38.65564799982021],[-81.15830999961693,38.6583789999014],[-81.16042399958516,38.65890099971716],[-81.16118799966632,38.662090000152034],[-81.163798999752,38.660146000178635],[-81.16621099964607,38.66076599966604],[-81.16647099993706,38.66413899970061],[-81.16486599978187,38.668256000146485],[-81.16142700004092,38.67114999994453],[-81.16193199965599,38.67276400015431],[-81.16684800040392,38.67445299995751],[-81.16607500010193,38.676684999717544],[-81.17176400025355,38.67593599995512],[-81.1740000004205,38.68090300002662],[-81.17129499972516,38.68297599965465],[-81.17370800034244,38.68761299981345],[-81.17071099956908,38.688483000247615],[-81.16885900044,38.694494999856566],[-81.16667599997648,38.69506999982201],[-81.16764699974686,38.703783999864086],[-81.16974499982156,38.7038229998586],[-81.17216500011155,38.70744399974884],[-81.170458999674,38.71104500000578],[-81.17226399984575,38.71317200030015],[-81.1704510001764,38.71642400028778],[-81.17144700006114,38.720621999931254],[-81.17586800034145,38.72311899971083],[-81.173463999945,38.728330999671776],[-81.17029299999265,38.728740999866176],[-81.168895000425,38.73054400023615],[-81.17181899960683,38.7398050000133],[-81.18365499966944,38.7474450001556],[-81.1829540002358,38.749733999993815],[-81.18537199997763,38.75201100006765],[-81.18878300012948,38.752154999826324],[-81.1884469996705,38.755651999795575],[-81.19280400037671,38.761748000033],[-81.1980700000307,38.76388300014704],[-81.19586700037401,38.767442999707825],[-81.20324000032353,38.76947600034633],[-81.20396099984868,38.77613099971418],[-81.2121659996514,38.779727999991366],[-81.20700399975449,38.782288999734305],[-81.20742300005415,38.78446499992936],[-81.21422000024349,38.78598999977541],[-81.22032299977359,38.784847000104946],[-81.22311600033245,38.787112999710054],[-81.21906599977292,38.789506000068904],[-81.22762899977594,38.79282300021529],[-81.21771500006095,38.798568000187814],[-81.22587100035818,38.80409999982443],[-81.2221909996945,38.80556700023788],[-81.22078100043129,38.810969999857996],[-81.22627200021617,38.81226899974597],[-81.22698299969557,38.813791999915466],[-81.22217300015116,38.81537200006719],[-81.22082800028696,38.81767700010862],[-81.22135100034369,38.82247300023754],[-81.22459400026605,38.82553099995928],[-81.21992500028863,38.82763699966423],[-81.2175579997021,38.824390999951405],[-81.21520500025758,38.82446099976574],[-81.21672900022195,38.82823800011013],[-81.21504700007384,38.83089499969438],[-81.21912299967431,38.83395200019402],[-81.22079099957871,38.84360399973594],[-81.22837799978848,38.84656199988336],[-81.22711699958987,38.850265000155574],[-81.22813400028934,38.85228799987907],[-81.2319489997739,38.85208699986548],[-81.23875500018409,38.8473019998269],[-81.24197600036514,38.85155099985057],[-81.24625100015726,38.85251400004095],[-81.24554099960446,38.858612999965494],[-81.24350799982709,38.85987199972015],[-81.23690900000446,38.8588949997892],[-81.23548700014737,38.86152500034459],[-81.23570200023254,38.86312200001552],[-81.24327199982554,38.86512199980468],[-81.24156299991327,38.867438999731974],[-81.23781500037583,38.86860200010135],[-81.24239899996446,38.87290100016096],[-81.237185000189,38.8740939998561],[-81.24117399975083,38.87819999982417],[-81.23826800011238,38.88140899990303],[-81.25959799976543,38.89206799985674],[-81.25947399991688,38.89363800003086],[-81.24891699959622,38.8968190000587],[-81.259981999905,38.90143500008678],[-81.26058100012972,38.903573000219716],[-81.25832900006921,38.90695200015777],[-81.26258399976984,38.91080899969614],[-81.27079899961834,38.90606800008667],[-81.27035500010263,38.91419300022256],[-81.27832700027687,38.91250600004301],[-81.27948200017028,38.913197999781545],[-81.27841199976737,38.91486699993929],[-81.30889399960243,38.90810399982749],[-81.34391100041894,38.895633000064166],[-81.415085999905,38.92072499968635],[-81.44814799986362,38.94164500000525],[-81.45102799956281,38.93966700028258],[-81.45489800019729,38.94010000017626],[-81.45633199974995,38.93346500009682],[-81.46222599994097,38.93131899977716],[-81.4651280002798,38.9324769999235],[-81.46736299972353,38.92750299966374],[-81.47251799994775,38.92682500028408],[-81.47494099971247,38.928291000227354],[-81.47710900010738,38.925458000246856],[-81.48125900022602,38.924176999878306],[-81.48647200017656,38.926434999795525],[-81.49037200004996,38.92418299967368],[-81.493409000108,38.92564199997063],[-81.49717699973691,38.92401799987359],[-81.49797599997817,38.919755000097595],[-81.50119799998413,38.91796100009398],[-81.50627399966731,38.919628999918636],[-81.51293000028969,38.918788000304396],[-81.51230699977552,38.92267600005939],[-81.51437999973587,38.92511599977344],[-81.52038400043006,38.925821999679265],[-81.51618499990762,38.93079499972421],[-81.5205700002029,38.93371799994841],[-81.51935800040808,38.93609800026159],[-81.52552500041058,38.93801899978344],[-81.52662199967935,38.94144399981744],[-81.53190300030028,38.94286199975211],[-81.53376100017546,38.945900000257375],[-81.53877400010947,38.94467799989565],[-81.54168899996877,38.95079999992316],[-81.54123799988207,38.95293899976257],[-81.5441979999472,38.95360700011053],[-81.54343100039131,38.95563799973463],[-81.54772100025205,38.95711100002736],[-81.5500340004119,38.96034399966501],[-81.54963699985355,38.966937000268295],[-81.5453240004266,38.97152800019242],[-81.52953499988884,38.97756999991163],[-81.52942799975871,38.98216700029419],[-81.53391000013838,38.98483099970199],[-81.53285700035222,38.9873870003073],[-81.53715300006074,38.990164000056474],[-81.53627900037473,38.994648999827],[-81.53366699956581,38.997047999791405],[-81.53586400027302,38.99984899965915],[-81.53383099959734,39.0011589996842],[-81.53224800008178,39.00581799981496],[-81.53874200032242,39.00851000015017],[-81.58177800027049,38.95514999968722],[-81.61565600018879,38.91697899965623],[-81.61445500026466,38.912755000277535],[-81.61850499992586,38.90901300012787],[-81.62119499965426,38.900746999879615],[-81.6239010001745,38.89758599967617],[-81.62172799975674,38.8952379997899],[-81.61442400030249,38.894141000275766],[-81.61231500035716,38.89068200010485],[-81.59978499963526,38.894296000180866],[-81.59527999968937,38.89746099975117],[-81.5898950002097,38.896347999716674],[-81.58090299986127,38.889367999911045],[-81.57955700017214,38.88703899996187],[-81.58110700007576,38.88480299975997],[-81.57399500024215,38.87881500007318],[-81.5801379999552,38.87554300026342],[-81.57939200031572,38.87340100007365],[-81.58349999970325,38.86654300000448],[-81.58840200020748,38.86529899985126],[-81.58951899956774,38.860591999724036],[-81.59517199973433,38.86218799980898],[-81.59808599976873,38.85992700019138],[-81.60144099984407,38.86388500019525],[-81.60580199984993,38.86013400004455],[-81.61227099997622,38.86147900000792],[-81.61673599973912,38.85470900026526],[-81.61905399992187,38.8554970001454],[-81.62120999972288,38.85328800001417],[-81.62187099987187,38.84474399989645],[-81.61331500043985,38.83457200015888],[-81.61312100027108,38.83164300011192],[-81.61831599977998,38.82416199976794],[-81.61866800013249,38.82041500027115],[-81.61738099999461,38.81964599972203],[-81.62572100041487,38.81537000033811],[-81.627139000074,38.822439999942155],[-81.62958199993021,38.823998000045805],[-81.63144099963031,38.822806999991215],[-81.6345379999628,38.8184040000144],[-81.63418999980824,38.81535799986267],[-81.63666199997677,38.81321100002605],[-81.63359700032963,38.810172000289114],[-81.63498800022458,38.80689600015733],[-81.63878900036377,38.805337000070935],[-81.63916199973437,38.80914399970395],[-81.64336000043193,38.80949900031094],[-81.64723000016807,38.80759599987002],[-81.64567900043956,38.802785000133134],[-81.64649500039926,38.80098499984502],[-81.65481200035498,38.80279600023547],[-81.65110699957694,38.79586599978041],[-81.65170599980165,38.79070999988902],[-81.65379100035587,38.788897999869576],[-81.65474600023273,38.790186000312474],[-81.65682699969068,38.78791600005103],[-81.66456299986338,38.792435000347595],[-81.66713700013914,38.792339999726074],[-81.66965500033841,38.79028999980257],[-81.66840500001044,38.78603899967085],[-81.669450000299,38.78326500023905],[-81.67521800009332,38.78280400019026],[-81.67999599985069,38.785704999773095],[-81.68356199981325,38.78441599965245],[-81.68152900003587,38.78358800009849],[-81.68227300002553,38.78149399966192],[-81.68621599955664,38.77912899994987],[-81.69245299987932,38.78094300034662],[-81.69560899976305,38.77937400025578],[-81.7045259997684,38.78116200017122],[-81.7117620003489,38.77993999996499],[-81.7152139996103,38.777628000090445],[-81.72267799979645,38.7772840002243],[-81.72596699974955,38.77404500026995],[-81.73687200022476,38.772459999937126],[-81.73611399999137,38.768297000052755],[-81.7385300000834,38.765512000149116],[-81.73712699959457,38.76168600028456],[-81.73794299955425,38.75561700007293],[-81.74210899956644,38.7534610003208],[-81.74108900029056,38.74472499983582],[-81.75242599968757,38.742311999684034],[-81.75766700012552,38.736860000079055],[-81.75979600016237,38.73610199974063],[-81.76517599961917,38.73819800026399],[-81.77435399974044,38.73629399986051],[-81.77306699960256,38.74513000012159],[-81.77847600026999,38.74713300016062],[-81.78418700016292,38.73819200018717],[-81.79078000013776,38.73551599975253],[-81.79212900019992,38.734129999950135],[-81.79126499966135,38.7331040002283],[-81.81349999986088,38.714761000345185],[-81.77284300019488,38.680843000218935],[-81.9557910001801,38.657355000276475],[-81.96363899960744,38.647546999732164],[-81.97718199993251,38.62472899965593],[-82.00078799993553,38.60352599965341],[-82.00376399989419,38.592735000153574]]]}},{"type":"Feature","properties":{"GEOID":"54015","NAME":"State Senate District 15","BASENAME":"15","STATE":"54","SLDU":"015"},"geometry":{"type":"Polygon","coordinates":[[[-78.97989800031723,39.23762400008655],[-78.89898099974698,39.19886899965336],[-78.84219800015764,39.184277999754705],[-78.73297100034517,39.14992200023018],[-78.69139900008697,39.146634999666006],[-78.66971299988346,39.13694199969463],[-78.66670299958959,39.12963400004373],[-78.65685900019479,39.12566699975756],[-78.63992399998443,39.126963000159414],[-78.63057199978589,39.12404199998598],[-78.62355500038683,39.118508999673075],[-78.60233199996559,39.14036699966736],[-78.5612819999392,39.13144400028207],[-78.55045299963199,39.12419099979692],[-78.54819100042407,39.119186000271135],[-78.54630500006147,39.11940199979721],[-78.54008700000533,39.114539999778614],[-78.5383169999937,39.115181999731675],[-78.53673899960268,39.10865199998859],[-78.52945699988975,39.107346000066016],[-78.52574399961411,39.10226499969946],[-78.52198500020602,39.100706000331435],[-78.52167100038668,39.09745899977529],[-78.51608199979417,39.096735999864805],[-78.51522900002456,39.0950140002878],[-78.51687799966237,39.09281700025482],[-78.50813200025955,39.08863000015535],[-78.4951599996718,39.10099199973953],[-78.484282999684,39.10737199976571],[-78.47842600020121,39.10984300024757],[-78.47537599972438,39.107468999981826],[-78.46666200010861,39.11285800001026],[-78.45986900011722,39.113350999835404],[-78.43942900004369,39.1321460002904],[-78.43665800012444,39.14169099974914],[-78.42729400023033,39.15272600020715],[-78.4139430004242,39.15841499982857],[-78.40369700044816,39.16745099995365],[-78.4069660003098,39.170903000109874],[-78.41313099976415,39.17363799978736],[-78.41484399987438,39.177834999858405],[-78.41894399976432,39.17735400005426],[-78.4239890003837,39.182490999746676],[-78.42631500006402,39.18276199990286],[-78.42869699982086,39.1872170000642],[-78.42429200033239,39.19215599985416],[-78.4249049999025,39.19330100034171],[-78.42643700026277,39.194084999709474],[-78.42867599990447,39.19263300025528],[-78.43084599994918,39.1962270001653],[-78.43869500009977,39.19809299967474],[-78.42054800009461,39.21479799988531],[-78.40558499956227,39.231175999748466],[-78.40421399975881,39.24121400011437],[-78.39966899962994,39.243873999866764],[-78.40911600026303,39.25256399965602],[-78.4194219996152,39.25747600013966],[-78.40278299968087,39.27547099992981],[-78.4018129997354,39.27675400007821],[-78.40288599961303,39.27862399982413],[-78.39989100028609,39.28134500019678],[-78.39789600014355,39.2805619996731],[-78.39337100010619,39.28298799995238],[-78.38588400035384,39.29488800002435],[-78.36724199988106,39.310148000070924],[-78.36396200014876,39.315626999757576],[-78.36407400030176,39.31882000014637],[-78.36003499961288,39.31777100014818],[-78.35571399979,39.32717499977269],[-78.34630100039041,39.33910800000147],[-78.34546000031635,39.34102400005562],[-78.34740900042816,39.34340199990947],[-78.34368500028184,39.34671299994502],[-78.34130799964957,39.345554999713],[-78.33928400009303,39.348604999799655],[-78.34041499969699,39.353627999897746],[-78.36686699996231,39.35928999988519],[-78.35483699973094,39.37161600004944],[-78.34321400010366,39.38880699965354],[-78.35092400033707,39.39098500027373],[-78.34943600035773,39.39725199965556],[-78.35794900013207,39.404191999729036],[-78.35991800033531,39.409028000340115],[-78.3569380001787,39.41692900021115],[-78.35123599960828,39.42059499972194],[-78.34671800014192,39.42761800022059],[-78.35322699955286,39.436792000298034],[-78.34654599971448,39.44261599992411],[-78.34733300026016,39.44765899983788],[-78.34514300012397,39.459483999799495],[-78.34979799985767,39.46180700014876],[-78.34708700021288,39.46601199983728],[-78.26278500032834,39.414323000080955],[-78.14812000043445,39.33776299975745],[-78.144654000031,39.34721799974944],[-78.13568199977406,39.3602539999141],[-78.11042700013324,39.388645999700074],[-78.09356700026596,39.41401399995648],[-78.08964899995091,39.416344999731],[-78.08944100043676,39.42058099990506],[-78.07829699958695,39.438537999885675],[-78.06406700007194,39.456748000001994],[-78.06161699964474,39.466315000162716],[-78.0559259998433,39.474672999661266],[-78.05841300008044,39.47607599984535],[-78.05626499977703,39.48020500002615],[-78.05762700025798,39.4818459997281],[-78.05658000031961,39.483729999760826],[-78.05820600039121,39.48684999974794],[-78.06054100029237,39.486184000314246],[-78.05852500023343,39.48767400027522],[-78.06444600018864,39.48897099974504],[-78.06581600016719,39.49420099984166],[-78.0576719995655,39.5118940002972],[-78.04905800040717,39.51375799971166],[-78.04614500019768,39.51278999999973],[-78.03899800020397,39.51612399989855],[-78.036317999623,39.512787999901896],[-78.03063600004239,39.5119160002674],[-78.02854399981547,39.50895300022806],[-78.017583999987,39.516267999881286],[-78.0188230004443,39.507963999700785],[-78.01115300039385,39.50097000016136],[-78.0122610004316,39.49749199976616],[-78.00939199970473,39.494288999903794],[-77.99541200043498,39.49180800000811],[-77.98692700024975,39.4848590000271],[-77.97293399966289,39.48443900006395],[-77.96916900040702,39.48014400030833],[-77.96594499985291,39.47959799993989],[-77.96587100023308,39.474971000218176],[-77.96300900007721,39.469080999986595],[-77.96752599971867,39.46161199988788],[-77.97254000037589,39.4460509999025],[-77.96740600006807,39.44505899993967],[-77.96943600037072,39.44220799983741],[-77.96418700043515,39.43996599976273],[-77.9562980001016,39.43319700021142],[-77.93694099995146,39.4241760000188],[-77.9207380000352,39.42283200026804],[-77.89552199985413,39.4271930001662],[-77.8868960001019,39.43107400020304],[-77.86330599999243,39.43521899975617],[-77.86389000014852,39.43359299997106],[-77.85888499971213,39.43732600031375],[-77.85699699969972,39.44072900030017],[-77.8471399998861,39.44655700009296],[-77.84705700004542,39.45073399985889],[-77.84368400042672,39.45878199992327],[-77.83943700022368,39.46071000014451],[-77.84095399961703,39.46365399965573],[-77.83859199995169,39.47091900029421],[-77.83226299956749,39.47874300004413],[-77.83169100000526,39.4834910000344],[-77.82510100040346,39.49323999966415],[-77.8453780002704,39.49810900015331],[-77.84770399995071,39.5027090002511],[-77.84529700007953,39.505535999775574],[-77.82615400018963,39.516254999895104],[-77.8234979998981,39.52378500022029],[-77.82402299960464,39.52712299974988],[-77.82973199984774,39.531471999920186],[-77.83696099985721,39.53211200024192],[-77.84056000033004,39.52914199966457],[-77.84194500037722,39.51842799983581],[-77.84943700015243,39.515595000171515],[-77.86020299981216,39.514292999731055],[-77.86475399978879,39.5158699998944],[-77.86640900017271,39.52116600031736],[-77.86450600009168,39.534536999806875],[-77.8652750001957,39.53841199992982],[-77.87164600041271,39.54428099978273],[-77.88671700000177,39.55222600016896],[-77.88889799991713,39.55679300011293],[-77.88691799984322,39.55996999973341],[-77.87795200033236,39.56352900024121],[-77.84322099974615,39.56446399976557],[-77.83635699960963,39.56644199993777],[-77.83335200023699,39.57115199986669],[-77.82983899997787,39.58689999991941],[-77.83188699982387,39.60077599996049],[-77.84060299998775,39.60677800029993],[-77.86392899960828,39.60879900001524],[-77.87426499999599,39.614078999889465],[-77.88491600002797,39.61583300017158],[-77.88699700038424,39.61359999991271],[-77.88117599998814,39.606369000069364],[-77.8811509998738,39.60097900003948],[-77.8853610002669,39.59767699979473],[-77.89251199956026,39.59784400009911],[-77.92271999975895,39.60471100028535],[-77.92964499999482,39.61494699971099],[-77.93361900038637,39.61813599996851],[-77.93823200028729,39.61919499986813],[-77.94240499997215,39.618602000200795],[-77.94478199970611,39.6164000002194],[-77.94285799970868,39.61376599990285],[-77.93830900028019,39.612537000240614],[-77.93528599956751,39.60663199970973],[-77.93733500013674,39.59015499979681],[-77.93911400036922,39.58700100010778],[-77.94330700014557,39.58457900006225],[-77.94830099981299,39.585730999878805],[-77.95052199991135,39.588376000165695],[-77.95227600002946,39.59567499982474],[-77.95056899976701,39.603836000012215],[-77.95504000027603,39.60807799991626],[-77.96095799985817,39.608877999739626],[-77.96715800037094,39.607108999995425],[-77.97317899988526,39.6013170001806],[-77.9771580002997,39.59966299990823],[-78.0060030001925,39.60122000004269],[-78.01111599968563,39.60390000013407],[-78.02349900009442,39.621698999697216],[-78.03732100007875,39.636983000131],[-78.04814899966273,39.64350499978162],[-78.05421100008326,39.650986000091756],[-78.07830499998288,39.66933400007453],[-78.08318499984749,39.671528000122954],[-78.08952000007949,39.67144499998517],[-78.09704399964173,39.67821599972462],[-78.10531399974181,39.68168199970271],[-78.13151999995983,39.68678800020646],[-78.13981500017427,39.68981599967879],[-78.15430099978232,39.6906230002654],[-78.16265399972308,39.69391799992222],[-78.17580200003793,39.69597800004133],[-78.18275800023594,39.69510999969192],[-78.19100800024452,39.69029999986772],[-78.1960250003765,39.682669000128456],[-78.20220400007454,39.67685600021533],[-78.22707899977377,39.6762470001244],[-78.23256799990882,39.67358299995763],[-78.23299999972897,39.67066199977609],[-78.22425299960292,39.663513999873196],[-78.22382499998075,39.66053899965787],[-78.22721100001826,39.65708500022011],[-78.2381070002726,39.652151999938475],[-78.25406699961631,39.64018399974972],[-78.26233800043958,39.63049499985107],[-78.26286300014614,39.6224790000735],[-78.26608799962685,39.61905499996139],[-78.286029999758,39.621192000031684],[-78.31085699977665,39.6306090001256],[-78.33523699990656,39.637359000257156],[-78.35532299997774,39.64066299973503],[-78.35801299970615,39.639783000032715],[-78.35925399981329,39.637208000253395],[-78.35345699970664,39.630568999662216],[-78.35550600027584,39.62611099974077],[-78.36050999998902,39.625433999982555],[-78.37378100032753,39.63037300010179],[-78.38236299969883,39.6277929998477],[-78.38335500028393,39.62291300022504],[-78.37204200027804,39.61186899992307],[-78.37561099971532,39.60830700014121],[-78.38394100008983,39.60898099981428],[-78.3964550000199,39.616436000120515],[-78.42050700008673,39.62407299978256],[-78.42950000026006,39.62366800004672],[-78.43369600040947,39.61976600031124],[-78.43146799974012,39.61451799995809],[-78.42177599978294,39.60420699973399],[-78.3970400000009,39.59022499993081],[-78.3949920001549,39.587018000070174],[-78.39528400023295,39.58410899976037],[-78.40211200038445,39.57963200015699],[-78.41092200025969,39.57898700020964],[-78.41888799968784,39.581173000233676],[-78.4260880002833,39.58613699970306],[-78.44498799960064,39.59147299980441],[-78.45677199978473,39.58760799988636],[-78.45818899961895,39.58056999991932],[-78.45427899969982,39.57408200027977],[-78.4493770000939,39.57027800009082],[-78.43739700009124,39.56313699979568],[-78.42579500038035,39.558805000139174],[-78.4172950001265,39.549603000043895],[-78.41884199965708,39.54598099989026],[-78.42559199999076,39.54553100030859],[-78.4311149995627,39.55203099997309],[-78.43771699975836,39.5533659996695],[-78.43911400039943,39.550791000040626],[-78.43655400036737,39.54824899974647],[-78.43462500034705,39.542188999915034],[-78.43616400038003,39.53915299993462],[-78.43839700017392,39.538571000131846],[-78.45035999955984,39.549829999880174],[-78.46094700001773,39.550932000285016],[-78.46194600027553,39.548950000191056],[-78.46053399956585,39.546188999699],[-78.4499190004172,39.54338499971758],[-78.44864200032505,39.53995999994948],[-78.45045699964423,39.53793400022262],[-78.45800399967102,39.53834899997121],[-78.46236700022502,39.53636200009785],[-78.46296899992446,39.533397999713124],[-78.4607269999097,39.528578000021646],[-78.46178800009179,39.52225399974402],[-78.46623000028848,39.517796000019366],[-78.47194200000631,39.51593800017208],[-78.48363900015175,39.51954100006576],[-78.49000299979775,39.5176499997814],[-78.50327900015913,39.518582000242105],[-78.52308599967274,39.52485399979448],[-78.56611499994816,39.51937099974889],[-78.57859899974096,39.52673100007819],[-78.587606000158,39.52772100003079],[-78.59209799968511,39.5314890003341],[-78.59000200015855,39.535815000265295],[-78.59213600021826,39.53695699998745],[-78.60256999961693,39.53202899982299],[-78.6068750004446,39.535205999964546],[-78.62310099992708,39.539695000095094],[-78.62865100016151,39.53939000013436],[-78.63029800014951,39.53712999999502],[-78.65785599990444,39.534974000061204],[-78.69043800036235,39.50279100016913],[-78.70356700041062,39.497535999807745],[-78.72984300005054,39.46320500005073],[-78.7368100001192,39.46393399989531],[-78.73926700021909,39.45723100005591],[-78.74974199962568,39.45529499981118],[-78.7576200000886,39.443605999992386],[-78.7632730002552,39.447174000064884],[-78.76659499982027,39.44746900026487],[-78.77345800013185,39.44286500006764],[-78.77443399992511,39.43888300001068],[-78.7784889996092,39.433633000298215],[-78.78247499969632,39.4310010003073],[-78.78431000000529,39.42741500015714],[-78.78959400010095,39.424559999846316],[-78.7889420001728,39.418438000326404],[-78.7938420001289,39.404638999708204],[-78.8106839995545,39.37662300021086],[-78.8208480004131,39.36943399974825],[-78.8269390002476,39.35872500019227],[-78.82965099971732,39.356478000148435],[-78.83249299978169,39.35685199974661],[-78.83416700043217,39.35227799985512],[-78.84125099977837,39.35163199993932],[-78.85090599992563,39.33086600033119],[-78.85902299986482,39.32958599983277],[-78.85997600009186,39.32778199997549],[-78.86381700041402,39.32806999998833],[-78.86685399957373,39.325891999949505],[-78.87209099981372,39.32726800001157],[-78.88111099975124,39.32582700010817],[-78.88372299966184,39.32836399971903],[-78.89681499990022,39.313760000184246],[-78.9190049998939,39.296999999812954],[-78.92362899966548,39.29049899985868],[-78.92349300012135,39.284715999711196],[-78.92661600039311,39.278869000026816],[-78.93346700011082,39.276107999945154],[-78.93974200006835,39.26903099967373],[-78.9460549996607,39.26494700021916],[-78.95338900015051,39.26454300022999],[-78.95669900002001,39.262694000185704],[-78.97626299985939,39.243265000247575],[-78.97989800031723,39.23762400008655]]]}},{"type":"Feature","properties":{"GEOID":"54002","NAME":"State Senate District 2","BASENAME":"2","STATE":"54","SLDU":"002"},"geometry":{"type":"Polygon","coordinates":[[[-81.12153299973285,39.45777500019058],[-81.11733199956059,39.45660199984591],[-81.1068849997431,39.46357099998253],[-81.10117200020036,39.46232700002276],[-81.100562000105,39.4602999997385],[-81.09564999955502,39.457180999937314],[-81.09141900014382,39.45830800009305],[-81.08577500019805,39.46453899993476],[-81.07889500016803,39.467556000247576],[-81.05667099983916,39.46340400027322],[-81.05421799993721,39.467969000211845],[-81.05999900015034,39.472517999910046],[-81.06126899967147,39.476431999860516],[-81.05337400038844,39.475181000327865],[-81.04263100029495,39.468610000228345],[-81.0305409997891,39.46800900021251],[-81.02546900030387,39.46381100024584],[-81.02316199999179,39.441820999709314],[-81.01523199965035,39.41009199996893],[-81.0078360001346,39.35092300005951],[-81.00553100037067,39.347978000046076],[-81.00673099957162,39.344678000213726],[-81.004230999814,39.34387799977668],[-81.00216500042467,39.34051099991306],[-81.00003100036494,39.34207800004965],[-80.99451999959027,39.34105599999939],[-80.99294200009756,39.34314199998502],[-80.98810200041592,39.34401699991592],[-80.98666700014003,39.347327999993134],[-80.97451600043314,39.345447999870814],[-80.97140300020712,39.343427999848714],[-80.96879799996921,39.34416400010229],[-80.9628619999454,39.33956099992296],[-80.95771400029217,39.340073000338414],[-80.9578699999278,39.34378799988391],[-80.95269200013735,39.345914999907556],[-80.95234900000568,39.34824199996987],[-80.948824000051,39.34984799990019],[-80.9456909997335,39.35699099977965],[-80.94630099982885,39.35957799997893],[-80.941875000424,39.362796999672696],[-80.94056200034686,39.367286999925696],[-80.94082000008972,39.37065399991217],[-80.94357099991748,39.37373099985713],[-80.94182000017243,39.376545999849036],[-80.94284899966911,39.37840699973055],[-80.94023699975851,39.37993099967932],[-80.940044000313,39.38294999974925],[-80.93686599978965,39.38523000034663],[-80.93740300009007,39.38656499997342],[-80.93409200039565,39.38858600004934],[-80.931737000403,39.38900399980709],[-80.92874300000268,39.38578599993311],[-80.91897099967956,39.38416199989377],[-80.91071900002116,39.37507899997282],[-80.90443800021585,39.37812100000987],[-80.90344099960787,39.373038000251505],[-80.89754599959194,39.373299000008586],[-80.89494200007725,39.37002700011658],[-80.89524300037614,39.36768199967364],[-80.89028099959745,39.36591200010742],[-80.88817400020024,39.3619309999573],[-80.88634499973905,39.36039199996802],[-80.88372899963048,39.36072299992741],[-80.88248000002575,39.35839499997869],[-80.88229799955255,39.35394600020866],[-80.88565000015318,39.35147099968971],[-80.8807230004329,39.34566099971976],[-80.8850180003165,39.34132399999512],[-80.88305800033406,39.33650500028521],[-80.88394999956341,39.332717000069856],[-80.8847370001091,39.330694000057015],[-80.89045499967473,39.32925000015363],[-80.8924530001903,39.32517899969109],[-80.88994400021187,39.32163400016964],[-80.89144800008472,39.31491200027932],[-80.887883999772,39.31293099985859],[-80.88395200011156,39.307767000184406],[-80.88975300041615,39.3006569996526],[-80.88810499970494,39.296982999823456],[-80.88874400011262,39.294298000091615],[-80.9138399997448,39.272947000049186],[-80.84776400040644,39.16863300022081],[-80.81297000007103,39.109401000026196],[-80.74921399966694,39.09984300016729],[-80.70103699973832,39.09027800032186],[-80.69811500020633,39.09390099985952],[-80.69838299999493,39.09607499984589],[-80.69068700000521,39.101570000056846],[-80.69111100032775,39.104308999904084],[-80.6870609997682,39.10769499987408],[-80.68761599961199,39.10969899992162],[-80.68119300041477,39.11204000017064],[-80.68174800025857,39.121197999715044],[-80.6764859999042,39.12208199993279],[-80.67653699995783,39.124777999746044],[-80.67483300006842,39.125917000308384],[-80.66444599962708,39.12973200024219],[-80.66289599972346,39.13784699985204],[-80.65867600018294,39.13854999997049],[-80.65693399976037,39.14111899987672],[-80.6530280000392,39.14051199983068],[-80.65074400019166,39.13755499968807],[-80.64739400013919,39.13950100008529],[-80.64425900017186,39.13692099977304],[-80.64232299958054,39.13882299981016],[-80.63925299991054,39.13914400030416],[-80.63728600025541,39.137595000135285],[-80.63346300037492,39.1395040002631],[-80.62962000040292,39.13923900031724],[-80.62361499988383,39.142775999917134],[-80.62109599985963,39.14624000030098],[-80.62250699984607,39.148142000064105],[-80.6171080001227,39.154104999791386],[-80.60484400043791,39.15553499999912],[-80.60287400040973,39.15930200026839],[-80.59980100036668,39.15969799969431],[-80.59688499978414,39.16293000022941],[-80.59500400034274,39.16874800020223],[-80.58973600014062,39.171043999736995],[-80.59176600044324,39.18269700023559],[-80.57957499965508,39.178634999933486],[-80.5755700001997,39.17515800007982],[-80.56147100020594,39.1787189999321],[-80.5580540002063,39.18662800026131],[-80.55842900012502,39.189713000019516],[-80.55444100038808,39.192192999877015],[-80.55124899962104,39.189451999734004],[-80.55107999956662,39.18638999985808],[-80.54789799974363,39.18655100034193],[-80.54110700030039,39.18982500021563],[-80.540862000078,39.19251000010264],[-80.53820699961139,39.19535100020284],[-80.53225800006709,39.19453699975638],[-80.52844900043029,39.19611899999724],[-80.52808700003204,39.198835999777636],[-80.5323579996262,39.20065299986245],[-80.52772700018194,39.20300299994863],[-80.52794200026709,39.20553300004119],[-80.52564400017584,39.209034000075896],[-80.52929299997906,39.21200000020101],[-80.54605499993706,39.21650399996143],[-80.55443800001504,39.21416100030546],[-80.55772100012038,39.21850199978158],[-80.56621299997828,39.22096299967286],[-80.56611500006899,39.22554099969736],[-80.568058000333,39.22812699970312],[-80.565417999935,39.231380000312086],[-80.56081799955454,39.23245200004895],[-80.5593079998339,39.22983200020374],[-80.55152099960759,39.22667099979604],[-80.54770500029811,39.22889899997129],[-80.54706800043854,39.234785999973056],[-80.55128600032926,39.238907999852486],[-80.55574799971913,39.238505999721724],[-80.55710900037518,39.24167599992768],[-80.56291800017739,39.243017000172856],[-80.56127700003718,39.24590299966248],[-80.575479999788,39.25302700013501],[-80.57646300015227,39.25549599966012],[-80.5841039998904,39.257310999916854],[-80.58742999965345,39.26111100022177],[-80.58581199997776,39.26457699995732],[-80.58807699955874,39.26697899982644],[-80.58619899959206,39.270075999700374],[-80.58032299984269,39.27217799991645],[-80.57749699967185,39.276299000283906],[-80.57989199984749,39.27772200028805],[-80.57776399963555,39.2821509997365],[-80.58156499977473,39.28401000021877],[-80.58709400009278,39.282851999822775],[-80.59047900030536,39.28545000004469],[-80.59370100031133,39.284435000282194],[-80.59639900043565,39.286174999808814],[-80.6024500000872,39.28395899981537],[-80.6043010002897,39.28604700032406],[-80.60246900035376,39.288049000342255],[-80.60368399962331,39.291040999673754],[-80.5960570001289,39.29715799996771],[-80.5925589999384,39.30375199981057],[-80.58623700012521,39.303529999813286],[-80.58468499967346,39.305909000182425],[-80.58518900036194,39.30971599977766],[-80.58149799982758,39.31281799997575],[-80.58240400019896,39.31636599966534],[-80.57602499958605,39.31525600019194],[-80.57062000001488,39.319512999689415],[-80.56824099973278,39.318388999943416],[-80.56509800026785,39.31989400001525],[-80.5631940003619,39.32515999966761],[-80.56404899978135,39.32697800029275],[-80.5563999996473,39.3344520002773],[-80.55730199982071,39.33710699973444],[-80.5455510001469,39.34523900016757],[-80.54476199995139,39.3518309999725],[-80.53352900031143,39.35502900030413],[-80.5326389998336,39.36123699978328],[-80.54437199996404,39.36767600006166],[-80.53995800025476,39.37342099978654],[-80.53995099968375,39.377008999969114],[-80.54275599993821,39.38125199991073],[-80.53960400025244,39.3833129997455],[-80.53820900015951,39.3866829996695],[-80.54270300023475,39.38909099983882],[-80.54433799962887,39.39594300022543],[-80.54742999993849,39.39664599995791],[-80.5477479999558,39.40369000025947],[-80.53907600017284,39.41028999984195],[-80.53779099968477,39.41472499995169],[-80.53929000043308,39.416696999703],[-80.53756599955386,39.419683000223145],[-80.53792700012721,39.42253899973247],[-80.54373400027958,39.42323199974707],[-80.54308499982618,39.42639499977831],[-80.54478399969271,39.42846599974438],[-80.54168800008344,39.430731999784335],[-80.5361310001763,39.4309200002385],[-80.53316500026337,39.43345900023429],[-80.52667199984765,39.431121000133395],[-80.51559800021636,39.43773999969164],[-80.51925399969227,39.439033000135325],[-80.5177919996522,39.44303199979606],[-80.51940000018047,39.44642399993711],[-80.5188040003288,39.44910300018313],[-80.5151589998252,39.4522690000568],[-80.51405300033561,39.45782200013784],[-80.49399099965552,39.46114800020043],[-80.49408500026517,39.469599000340054],[-80.29345899990489,39.43422800002425],[-80.2907990003137,39.435768999811444],[-80.28976200042108,39.43217200002428],[-80.28245700024361,39.43574900026394],[-80.27975900011927,39.43286499999595],[-80.27030399998858,39.43005700020346],[-80.20368600032695,39.39655499968959],[-80.20228600021116,39.401779000240865],[-80.20396499998621,39.40524699979092],[-80.20653800043705,39.40665799991886],[-80.20701899976268,39.41071699981011],[-80.20353399999098,39.413513999883904],[-80.20393999987184,39.41954300009587],[-80.2000709999606,39.42183500010817],[-80.20377099981745,39.42422600024263],[-80.19770000007442,39.42542800023959],[-80.19840300005622,39.42868399966628],[-80.20598400041818,39.42809999983777],[-80.20359900028832,39.433651999959864],[-80.2082930003801,39.43817799995449],[-80.2226629996372,39.43482300021922],[-80.23636199959786,39.43717999967147],[-80.2374479998943,39.44072099994146],[-80.24547699996995,39.447916999808136],[-80.22736400029997,39.45316599990996],[-80.228746999799,39.45445100026416],[-80.22429200008182,39.45642499978764],[-80.22654800034027,39.4611350003081],[-80.22321800037928,39.46127000029837],[-80.22491999972054,39.46529099987845],[-80.21448399977372,39.4648299998882],[-80.2123220001249,39.46646600016648],[-80.20842399990134,39.46068599971025],[-80.2084430001679,39.457261999986606],[-80.20533300031495,39.45612300027149],[-80.20146100003063,39.45878300005555],[-80.1945580004344,39.45725800006344],[-80.19071000043954,39.459775000082175],[-80.18800800011725,39.45948299967727],[-80.18864400015188,39.46204700025328],[-80.1849490003179,39.46235199997222],[-80.18276099983152,39.46641499972423],[-80.18562700018533,39.47114400016814],[-80.17764199959231,39.46809700013309],[-80.17720300009948,39.47058499968207],[-80.17336699980018,39.47277699991004],[-80.17437699992863,39.474192999728814],[-80.17951700008425,39.47352900028007],[-80.17787000009625,39.476286999967115],[-80.17305499963065,39.475365999684676],[-80.17438600014947,39.47700400022221],[-80.17204299985237,39.482337999846706],[-80.17509499997904,39.483478999933624],[-80.17001799957262,39.48449299975563],[-80.17346700025762,39.48679399965393],[-80.13335100019171,39.506477999890485],[-80.13567699987203,39.51689199982197],[-80.13341200029107,39.52245200018598],[-80.14280799997222,39.52275200019997],[-80.14926200002989,39.529114000031136],[-80.15146499968658,39.53069399979436],[-80.15273799958078,39.52996299965911],[-80.15203299994917,39.5320319998315],[-80.15354900041591,39.53208299995658],[-80.15470299958608,39.534682999877596],[-80.14979400030747,39.53616099999918],[-80.14738300023832,39.53414499973033],[-80.13848700014935,39.53721999981646],[-80.13739800037818,39.5361399998002],[-80.1391020002676,39.533321000044616],[-80.13688899966685,39.53100700022967],[-80.13230900027621,39.53805300026907],[-80.13082999961938,39.53561899995525],[-80.1258879998305,39.53923299975928],[-80.11721100002465,39.53971999994159],[-80.11161899995743,39.54332200011654],[-80.10305599995439,39.54511299972693],[-80.0987130003902,39.55178000024975],[-80.09667800006468,39.550172999789254],[-80.09388700005395,39.554829000221645],[-80.0884620003913,39.556932999827076],[-80.04323999960666,39.523008999689544],[-80.04167800000748,39.51972999969315],[-80.02306200037225,39.52159300027732],[-80.01539899999452,39.52000299978694],[-80.01124100037826,39.52159999973224],[-80.0073309995608,39.527866999884935],[-79.99777400022116,39.53166800016045],[-79.99404000002913,39.53684500013708],[-79.98522900032899,39.54279900021997],[-79.9849780002588,39.55288600012158],[-79.98190900041372,39.56672900004706],[-79.97554599969435,39.576134000110905],[-79.97889999994477,39.58285699986034],[-79.97977700000384,39.592563999918326],[-79.98913500005017,39.599081999945426],[-79.99277999965541,39.604837000023046],[-79.99666199998546,39.604325000167215],[-80.00243300015285,39.607200999826304],[-80.00267400017727,39.6111479999599],[-80.0093159996576,39.61724199980964],[-80.01599599967108,39.61593800017205],[-80.01506900028163,39.61789500002219],[-80.01889899983483,39.617775000040375],[-80.02444599969621,39.62042299976471],[-80.03089499973102,39.61917800019114],[-80.03419000043024,39.623545000185615],[-80.0328730001551,39.63153999994832],[-80.02926000033689,39.633997999946565],[-80.02932100043627,39.6499100001151],[-80.01616999974834,39.652855000307206],[-80.01894999988845,39.65587900023793],[-80.02060600009727,39.655667000143616],[-80.02019799966826,39.65782700011905],[-80.01051199955889,39.66387900017586],[-80.00686600012871,39.66089399988568],[-80.00117699997709,39.66166900032943],[-79.99997199985499,39.65942099999035],[-79.9937780000883,39.65820499969295],[-79.99344300035256,39.66051299982277],[-79.9849780002588,39.66698400003045],[-79.97308100009684,39.6808359996655],[-79.96948900019501,39.676893999971504],[-79.97116600032022,39.675091999913576],[-79.9697069997549,39.67376900002752],[-79.97006199958213,39.671292000069734],[-79.96465799983588,39.66980499975497],[-79.9621379999868,39.671683999703774],[-79.95736899955195,39.66898799986663],[-79.95281500010057,39.66965900007852],[-79.94519199990579,39.66746099987866],[-79.94640500042382,39.669580999774446],[-79.94407899984517,39.67263799966175],[-79.93809099994283,39.67131099975227],[-79.93503100031856,39.67491500009267],[-79.9283389997112,39.677417999826616],[-79.92356299960366,39.68784299991236],[-79.92193400005733,39.68834400006979],[-79.91883800044806,39.68584500009624],[-79.9193909997437,39.66892000029354],[-79.91520200016531,39.66504000003131],[-79.91486099968347,39.661933999981805],[-79.90066100030567,39.66445599999716],[-79.89889299994384,39.661162999681544],[-79.90063799984114,39.66100799984475],[-79.90148399993805,39.65288299977341],[-79.88930499974377,39.653703000157364],[-79.89482999986384,39.646750000014684],[-79.90085299992629,39.630431999837285],[-79.90347499988263,39.627202000080786],[-79.89632299986604,39.629491000051296],[-79.88570500034433,39.62990700025867],[-79.88195299971062,39.62290299969099],[-79.88289400024212,39.61684399976766],[-79.87492700009075,39.61669100009528],[-79.86796099984699,39.61911799995448],[-79.86758299955521,39.62599800015888],[-79.8622669996725,39.63125499997775],[-79.8585629996177,39.63334399978347],[-79.85304400024371,39.63353399969159],[-79.85155899973911,39.638661999944034],[-79.84074700004865,39.64391699985981],[-79.82880100038118,39.634820999865255],[-79.81923300027256,39.63182799997124],[-79.812329999778,39.62716700002874],[-79.8066540000452,39.616196999676646],[-79.79997099965865,39.61517799996722],[-79.79402100028946,39.61766299991576],[-79.78927699996898,39.623780999973974],[-79.78537000042287,39.65728699971036],[-79.76377299990781,39.69686699972545],[-79.76377399973272,39.72077600031436],[-80.73111600006558,39.72131999968501],[-80.73230699994399,39.723349999703004],[-80.73100999976036,39.73114499986013],[-80.7325689998848,39.732798000129655],[-80.7322090000347,39.738026999782335],[-80.73107900025565,39.740637999989694],[-80.7286320002015,39.74165499977289],[-80.72876899957052,39.744627999776995],[-80.72707700027502,39.74665199997161],[-80.7295770000326,39.7510090000732],[-80.728239999666,39.75282199984743],[-80.72954400042066,39.75574400028617],[-80.72803899982456,39.7612860001294],[-80.73382699971036,39.76434500026232],[-80.74343599982686,39.77469199989593],[-80.74711099956936,39.77663699988799],[-80.74641099996063,39.78310100023954],[-80.74989099970945,39.785212000291416],[-80.75020200005407,39.790243999984945],[-80.74426699985516,39.78875400032149],[-80.74652999978632,39.80062399987454],[-80.74372000040731,39.80414099973204],[-80.74459499991822,39.805250000034555],[-80.74173299976238,39.806291000269674],[-80.741086999682,39.80904400017579],[-80.73617199965729,39.812454000298835],[-80.73256600041006,39.81269999970115],[-80.72430999965539,39.81713600027361],[-80.72042200037588,39.82394499980669],[-80.72352499965784,39.826824999985696],[-80.72090400042474,39.83054600033044],[-80.71128000023963,39.82671999979275],[-80.70756799978889,39.82952900012093],[-80.70144199979427,39.82929000032744],[-80.69791099999183,39.826428000061775],[-80.69619399968363,39.827230000310706],[-80.6987119998829,39.83190299976266],[-80.70277099976495,39.83325500011497],[-80.70415199961415,39.839112000113204],[-80.71213800003211,39.84114099969509],[-80.71231999960698,39.843200999812346],[-80.71587899989684,39.8427810002639],[-80.70802300007355,39.84574600001328],[-80.70607899998465,39.853134000178656],[-80.70840100036534,39.85882100007451],[-80.70301900036037,39.861762999737],[-80.70161300039682,39.86763399970166],[-80.7061180003427,39.86986500031971],[-80.70774000021633,39.87488200007413],[-80.70682799999719,39.87810700033416],[-80.71386500038605,39.88037199978962],[-80.71707599962303,39.892658999924656],[-80.72160599968329,39.894870000331636],[-80.72165400026218,39.899536999996634],[-80.72014299981831,39.9018829997826],[-80.72258200037486,39.908294999814004],[-80.71818799985873,39.91407299979252],[-80.72632499988941,39.910848999666165],[-80.72819500035848,39.91243900002506],[-80.72415900004265,39.91337999984275],[-80.71785599959772,39.91787500031164],[-80.71551599967368,39.91744100031388],[-80.69979700035442,39.929727000109935],[-80.69843400004855,39.934471999695525],[-80.70099800027859,39.938365000275226],[-80.69603899987294,39.93867100021208],[-80.68866300044867,39.94267300028926],[-80.68091999970498,39.940903999783146],[-80.67799800017299,39.94360999983496],[-80.6703330001454,39.94410599990857],[-80.66620099957011,39.94773200010105],[-80.661236000215,39.94783599972457],[-80.65532100010758,39.95171199991424],[-80.65728199991494,39.95452799973714],[-80.65559599956886,39.96006799987895],[-80.6604129996843,39.96532700025659],[-80.66198900042549,39.9701250002501],[-80.66801499996268,39.97402900020045],[-80.66849100016374,39.9786820003337],[-80.67365700025863,39.97987399997981],[-80.67342700010487,39.98558400029111],[-80.67616700006198,39.98926300017853],[-80.68130600039268,39.99223799987343],[-80.68121699980591,40.00423300003371],[-80.69289300003496,40.01278200002567],[-80.69341400044185,40.01790999985158],[-80.69712500016936,40.02147699991697],[-80.69136900007061,40.03012699978725],[-80.73388199996195,40.03327400018185],[-80.73765700016187,40.02708800013585],[-80.73773199960664,40.022056999903526],[-80.74216999960538,40.008575000080356],[-80.7388830002004,39.985583000198915],[-80.74103399997854,39.97315200014193],[-80.74013900037613,39.970794999666836],[-80.75792200033322,39.959707000221705],[-80.76416700015353,39.950615999660165],[-80.76131400021849,39.93014399987749],[-80.756357000361,39.92017299974876],[-80.75611299996352,39.91340200029893],[-80.75859799965252,39.909478999861975],[-80.76339899987443,39.908618999677294],[-80.77080100013627,39.91035000030311],[-80.7870380003877,39.91835500020485],[-80.79968500038714,39.91957999995442],[-80.80677600030435,39.91630800000023],[-80.80904500008327,39.91125200005685],[-80.80917399995471,39.90393599984049],[-80.80292099973849,39.892524000310765],[-80.79399000038774,39.882782999671775],[-80.79015599973829,39.87225200013386],[-80.79076099981076,39.86728000033102],[-80.79313099987203,39.86375099985743],[-80.79989799992414,39.858911999827356],[-80.81642999972837,39.853032000090025],[-80.82427600040423,39.8471589997064],[-80.82696399958449,39.84165600000031],[-80.822479999555,39.82497099976858],[-80.82218099980426,39.81170799989811],[-80.82607900002782,39.79858399969854],[-80.83531099967746,39.79069000024613],[-80.86304800043085,39.775196999844994],[-80.86632899998804,39.771737999740765],[-80.87032199974786,39.763184000261205],[-80.86857000017788,39.762398999703144],[-80.86533899995108,39.75325099968056],[-80.86063800018661,39.748241000164555],[-80.8527379999824,39.74104000028574],[-80.84815799969343,39.74046099969829],[-80.8455290000644,39.73814400025933],[-80.84745899990962,39.738268999770156],[-80.83155100044446,39.719475000122955],[-80.82976399981605,39.71183899977976],[-80.83388200014767,39.70349700012953],[-80.84154700017523,39.70022899972244],[-80.8519999998405,39.69855999969018],[-80.86369799981087,39.69172399981505],[-80.86666999957157,39.67848699999784],[-80.86522400032334,39.66550900009785],[-80.86627100026172,39.654486999663995],[-80.87664100008631,39.625904999905295],[-80.88036000020973,39.620706000313156],[-80.89220799996792,39.61675600003359],[-80.91761999996758,39.61870299983452],[-80.9332920003295,39.6148120000222],[-80.97348299984016,39.588446000020205],[-80.99369500030805,39.571253000155025],[-81.02005499961356,39.555409999993906],[-81.02685600000088,39.547496999993534],[-81.04490199972368,39.53630000006747],[-81.05598600029904,39.52589599985728],[-81.07059400010583,39.515991000342346],[-81.08162099988145,39.5040919997277],[-81.09193600035277,39.4965730001102],[-81.10083400009155,39.48717600004357],[-81.11473300006877,39.46557499991233],[-81.11523299966098,39.46647499966954],[-81.11673300023419,39.46487499983669],[-81.12153299973285,39.45777500019058]]]}},{"type":"Feature","properties":{"GEOID":"54014","NAME":"State Senate District 14","BASENAME":"14","STATE":"54","SLDU":"014"},"geometry":{"type":"Polygon","coordinates":[[[-80.08733400026209,39.386215000219146],[-80.07942700038517,39.384499999725776],[-80.06811600002911,39.38615400008033],[-80.06275499994055,39.384325000097235],[-80.05350900004723,39.376740000129125],[-80.04714600022615,39.37628599965905],[-80.04200699989545,39.373546999914076],[-80.04220199988913,39.370635999757305],[-80.04437100010892,39.368307000301314],[-80.06053999968998,39.36427799994193],[-80.06197599979079,39.36082100004045],[-80.05462700013072,39.35412300006927],[-80.04375500016579,39.353991000227495],[-80.04057099979465,39.351829999694495],[-80.04284399977153,39.34265300020571],[-80.03960800042017,39.33943000012469],[-80.04050100037277,39.33812299978914],[-80.03710600011443,39.3357369997021],[-80.03593799980223,39.33210500029685],[-80.0401160004083,39.32626599993674],[-80.03214400023407,39.32371600015363],[-80.03113999995338,39.32854300027565],[-80.03228899999903,39.33038800032505],[-80.02131999994972,39.32236599982819],[-80.01981600007683,39.32575299990525],[-80.0203530003773,39.322843999767535],[-80.02184700020439,39.321270999961236],[-80.03157400032165,39.31867000000935],[-80.03358899965738,39.31208000027562],[-80.02649500026541,39.29924100011424],[-80.02639300015817,39.28943100011883],[-80.01633799997785,39.28361700015901],[-80.01404300025965,39.27805000032519],[-80.01401399994734,39.27267600019672],[-80.01193599996411,39.27009999966033],[-80.00151199971286,39.26703299967706],[-79.9876529999186,39.26748799983152],[-79.97723799988816,39.26292900025597],[-79.9725999998729,39.26369499989579],[-79.96639900043351,39.268194999699205],[-79.96109900044434,39.26879599989411],[-79.95609900003082,39.281983000230014],[-79.95002599973964,39.2819859998895],[-79.94678500036542,39.287227999885864],[-79.94233200029807,39.29017399971754],[-79.94257499997231,39.29645499981189],[-79.93604999976952,39.296831000101875],[-79.93257300039376,39.293120000060874],[-79.9323159995775,39.28953500012454],[-79.92499600022973,39.2889840003081],[-79.91598299996491,39.29466200020633],[-79.91262899971446,39.29207000020681],[-79.91231300024528,39.2896049998943],[-79.9078850002923,39.28934699976083],[-79.90648199980343,39.29217899986469],[-79.90855700031192,39.29561500018193],[-79.90859699959658,39.29929500012416],[-79.9049939998241,39.30303800022187],[-79.90246099955624,39.30329299981873],[-79.89775899996685,39.299936000278244],[-79.8928840001251,39.2989080002912],[-79.89010700035806,39.29928100030578],[-79.88866200003645,39.30285199984001],[-79.88682799955238,39.29785299995634],[-79.87990400003974,39.294771999704395],[-79.87216000036945,39.294671000336045],[-79.87097000031594,39.290782000203386],[-79.86716300032897,39.290251999777716],[-79.8617310000953,39.28509900005204],[-79.8610349997862,39.28099800009527],[-79.8585130002873,39.2804280002134],[-79.86011400024454,39.27535700009227],[-79.85867099957272,39.27325699999109],[-79.85351100022396,39.27224300021531],[-79.85237300004898,39.26992900028776],[-79.85423500012213,39.2641629999054],[-79.8516280002344,39.26261899983467],[-79.85088300041981,39.25679599965373],[-79.85335800006307,39.250282000158855],[-79.85033000022587,39.24657300030257],[-79.83904800018212,39.243330000225946],[-79.83628599958537,39.240868999837026],[-79.81888199974499,39.240478999990984],[-79.8092869998722,39.235787999971144],[-79.81029000032795,39.22959999966531],[-79.80889100003706,39.223799999995165],[-79.81669099978386,39.218600000083576],[-79.8141879996532,39.20940099965737],[-79.81758799993439,39.205601000309805],[-79.82008699986709,39.1992000000176],[-79.82679299981984,39.194800999861904],[-79.8225930003708,39.19060200009926],[-79.8221930003377,39.186501999779615],[-79.8285929999687,39.178002000297695],[-79.82699200001147,39.17460200033881],[-79.82749099977875,39.16040199982589],[-79.83299300033262,39.15420199974807],[-79.8343930004484,39.14770199990143],[-79.83299300033262,39.14320199989328],[-79.83479299958317,39.140702000217246],[-79.8358930001233,39.13360199978057],[-79.83809300030525,39.131001999680564],[-79.83619199987403,39.12710200003299],[-79.82919200019343,39.12580300003348],[-79.82969199978561,39.123103000183754],[-79.82829199966982,39.12190300032867],[-79.83089199988486,39.11940299990964],[-79.82509200030348,39.11580300016251],[-79.82119099970687,39.118303000084154],[-79.81599000035021,39.1125030001111],[-79.7993890000507,39.108002999966864],[-79.79428999990299,39.100804000337234],[-79.78878999989725,39.097503000284604],[-79.78889200000451,39.092402000087354],[-79.77958900020977,39.084403999684504],[-79.78068899985158,39.08230400032233],[-79.77528900030327,39.07660400015464],[-79.77448900023711,39.072104000326256],[-79.77678899997818,39.06990399981134],[-79.77648900040252,39.06620499986808],[-79.77398899974662,39.06310500003863],[-79.7768890004356,39.06060499999571],[-79.77648900040252,39.05780499984264],[-79.77918900017667,39.05580500031142],[-79.77698899999473,39.04650500008459],[-79.78038900027592,39.04480500022317],[-79.78218900042478,39.04000499968427],[-79.78538899979114,39.03980500008503],[-79.78568500006715,39.03740399993007],[-79.50876499998157,38.97517299983095],[-79.50819500006918,38.97240899998736],[-79.50381499979675,38.969928999792],[-79.50070999996666,38.97054400018873],[-79.49964100028699,38.97524900027663],[-79.49558300022983,38.97737099970962],[-79.48773400007924,38.97490699972395],[-79.48280900000879,38.97727800030426],[-79.47248799968968,38.97802999997867],[-79.46360099982155,38.97477800026268],[-79.46063099971067,38.97593600007119],[-79.44942300018508,38.974073999798726],[-79.43446800004865,38.97640399993286],[-79.4209399997922,38.97168099985709],[-79.40866299968862,38.97383499983565],[-79.38886899969546,38.97001000025179],[-79.37926799997489,38.96580999972367],[-79.36216799990811,38.966509999876756],[-79.35266599992173,38.96120900031062],[-79.3498670004134,38.95750899985786],[-79.32206500026098,38.93780999997765],[-79.22314700017374,38.87344400009632],[-79.05725300022459,38.761413000276946],[-79.05565399991717,38.77091299976158],[-79.05126799979696,38.77360199985734],[-79.05165399958635,38.7780129998927],[-79.05565399991717,38.78301300021714],[-79.05495400030843,38.78571299991891],[-79.0465539996137,38.79211299979927],[-79.03025399961308,38.79100600001053],[-79.02725300043836,38.79211299979927],[-79.02304100039544,38.79861099994065],[-79.0240530001737,38.80921199990395],[-79.01984199995569,38.8117109998529],[-79.01953399998412,38.8179070003297],[-79.00655200024893,38.823712000070344],[-79.00235199990156,38.83651200028188],[-78.99901400044297,38.84007400017927],[-79.00025200017704,38.8454120001443],[-78.993997000311,38.85010200013612],[-78.868970999915,38.763139000156606],[-78.84981399978142,38.79301200021604],[-78.82905599969055,38.81862499986845],[-78.79633000019093,38.87511100022692],[-78.79161000015988,38.877593000163245],[-78.78602499976535,38.887186999952455],[-78.77919800033708,38.89229800015031],[-78.7727929997849,38.89374200014565],[-78.76935800024192,38.89706400032561],[-78.75908499960339,38.90052899977871],[-78.75451600008338,38.905727999816925],[-78.75369000007797,38.909563999691194],[-78.75035699974393,38.911674999683534],[-78.75051699957747,38.91602800013935],[-78.74450399956078,38.92005900011864],[-78.7391469996702,38.927134000266946],[-78.72244199961361,38.93140800019241],[-78.7170760004005,38.936027999933216],[-78.72009500001688,38.92386299986008],[-78.71934799965416,38.91574899976604],[-78.72083200033386,38.913633000264426],[-78.71929099975276,38.90523000020403],[-78.71663100016157,38.904475000092745],[-78.70432300009585,38.915230999887065],[-78.69743700021806,38.91435900002508],[-78.68826599976947,38.924780000191674],[-78.68045599997694,38.92531299985104],[-78.67067899963097,38.933799999822675],[-78.665885999805,38.94157900030885],[-78.6590500001559,38.947374999846645],[-78.65235199970076,38.96067699968678],[-78.64658899992929,38.96813799971554],[-78.6384229995863,38.96681900013941],[-78.63247099966895,38.97473899972966],[-78.6308460003206,38.97958599978853],[-78.62779800039189,38.981790000062304],[-78.62045300003146,38.98260100025919],[-78.61867600034712,38.97408199971637],[-78.6111839996736,38.97613400006781],[-78.61019700000968,38.970475999907755],[-78.60165499992306,38.96460300005377],[-78.59889400004955,38.96954599990725],[-78.59326099997442,38.97191799989022],[-78.58892900028088,38.97695799987792],[-78.58046500001207,38.990566999822455],[-78.57046199971028,39.00155199998841],[-78.55046699987568,39.01806500024314],[-78.55738000041598,39.021393000004814],[-78.55963999997407,39.02445599997206],[-78.56583700011379,39.026303000237874],[-78.57190100018414,39.03199500023373],[-78.54021599987678,39.06063100018777],[-78.52271400012708,39.071061999868796],[-78.51678899997393,39.077568999749374],[-78.51647900035253,39.08180199999631],[-78.51070300016228,39.085204999765864],[-78.50813200025955,39.08863000015535],[-78.51687799966237,39.09281700025482],[-78.51522900002456,39.0950140002878],[-78.51608199979417,39.096735999864805],[-78.52167100038668,39.09745899977529],[-78.52198500020602,39.100706000331435],[-78.52574399961411,39.10226499969946],[-78.52945699988975,39.107346000066016],[-78.53673899960268,39.10865199998859],[-78.5383169999937,39.115181999731675],[-78.54008700000533,39.114539999778614],[-78.54630500006147,39.11940199979721],[-78.54819100042407,39.119186000271135],[-78.55045299963199,39.12419099979692],[-78.5612819999392,39.13144400028207],[-78.60233199996559,39.14036699966736],[-78.62355500038683,39.118508999673075],[-78.63057199978589,39.12404199998598],[-78.63992399998443,39.126963000159414],[-78.65685900019479,39.12566699975756],[-78.66670299958959,39.12963400004373],[-78.66971299988346,39.13694199969463],[-78.69139900008697,39.146634999666006],[-78.73297100034517,39.14992200023018],[-78.84219800015764,39.184277999754705],[-78.89898099974698,39.19886899965336],[-78.97989800031723,39.23762400008655],[-78.97626299985939,39.243265000247575],[-78.95669900002001,39.262694000185704],[-78.95338900015051,39.26454300022999],[-78.9460549996607,39.26494700021916],[-78.93974200006835,39.26903099967373],[-78.93346700011082,39.276107999945154],[-78.92661600039311,39.278869000026816],[-78.92349300012135,39.284715999711196],[-78.92362899966548,39.29049899985868],[-78.9190049998939,39.296999999812954],[-78.89681499990022,39.313760000184246],[-78.88372299966184,39.32836399971903],[-78.88111099975124,39.32582700010817],[-78.87209099981372,39.32726800001157],[-78.86685399957373,39.325891999949505],[-78.86381700041402,39.32806999998833],[-78.85997600009186,39.32778199997549],[-78.85902299986482,39.32958599983277],[-78.85090599992563,39.33086600033119],[-78.84125099977837,39.35163199993932],[-78.83416700043217,39.35227799985512],[-78.83249299978169,39.35685199974661],[-78.82965099971732,39.356478000148435],[-78.8269390002476,39.35872500019227],[-78.8208480004131,39.36943399974825],[-78.8106839995545,39.37662300021086],[-78.7938420001289,39.404638999708204],[-78.7889420001728,39.418438000326404],[-78.78959400010095,39.424559999846316],[-78.78431000000529,39.42741500015714],[-78.78247499969632,39.4310010003073],[-78.7784889996092,39.433633000298215],[-78.77443399992511,39.43888300001068],[-78.77345800013185,39.44286500006764],[-78.76659499982027,39.44746900026487],[-78.7632730002552,39.447174000064884],[-78.7576200000886,39.443605999992386],[-78.74974199962568,39.45529499981118],[-78.73926700021909,39.45723100005591],[-78.7368100001192,39.46393399989531],[-78.72984300005054,39.46320500005073],[-78.70356700041062,39.497535999807745],[-78.69043800036235,39.50279100016913],[-78.6570729995567,39.53514099972041],[-78.66415000012853,39.53698700001569],[-78.66790900043493,39.54020100016726],[-78.67545100043887,39.54016500013616],[-78.68118999992087,39.54381299980333],[-78.68955799993023,39.54582399987814],[-78.69170700005857,39.55104899982812],[-78.69474199956846,39.553660000245976],[-78.70745999971301,39.55583900013833],[-78.71320099974315,39.562276999810955],[-78.72458900009211,39.56391899984586],[-78.73159399979562,39.57460999971544],[-78.73353399968657,39.586529999939195],[-78.74024100036254,39.586406000181164],[-78.7430979995972,39.58099699999292],[-78.74633200019706,39.57977800019539],[-78.75105300005302,39.581804999742985],[-78.75698599970377,39.58084900023126],[-78.76706099997558,39.58751099993428],[-78.77030999974573,39.595001000084444],[-78.77814600037584,39.601450999726715],[-78.77680499981129,39.60413199999344],[-78.76776300013248,39.608791999667424],[-78.75516899983647,39.610369999971816],[-78.75055000008777,39.60962900025684],[-78.74894400010766,39.60597400007474],[-78.74703099998088,39.60561200029991],[-78.74257999956335,39.60924499995773],[-78.73857900030592,39.60986000026506],[-78.73313399965348,39.614715000103736],[-78.7367959998755,39.62218699976634],[-78.74676700039024,39.62672199980037],[-78.76343700028671,39.61882699990259],[-78.77797700032144,39.62231900003881],[-78.77815800007141,39.625343999786736],[-78.77263499960114,39.636884999821184],[-78.76849200005351,39.63931500002602],[-78.76475299983859,39.64470700031266],[-78.76598100042526,39.64844300024295],[-78.76899300036892,39.64630700026695],[-78.7760030000953,39.64526199983883],[-78.78119500012944,39.63684599986402],[-78.79077099973564,39.63827499997215],[-78.79528200042763,39.63676599990071],[-78.79409700039702,39.63455899977083],[-78.79748300043451,39.629312000163644],[-78.8016440004238,39.62767700022256],[-78.7957850003929,39.61340200007086],[-78.79646200043541,39.60590199975409],[-78.79982300035854,39.605035000136425],[-78.80157499992853,39.60676299980787],[-78.809028000244,39.60818199985541],[-78.81187100013328,39.59799399996704],[-78.81839899981078,39.59405900009549],[-78.81786499988341,39.59185999985306],[-78.81933199994634,39.589889000303984],[-78.82551499984235,39.58953300010834],[-78.82620500030367,39.577335000229894],[-78.81990500023178,39.57633299970162],[-78.81485299993972,39.57128700018469],[-78.81322199984525,39.56720800010034],[-78.81584600034974,39.56288099999057],[-78.82193299998629,39.56062100033161],[-78.82945900009669,39.564993999715604],[-78.83924200029045,39.56700799997734],[-78.84326000016462,39.562784000058315],[-78.84722699998515,39.5625079998301],[-78.85097600024581,39.56010999996077],[-78.85205499997124,39.55097199965374],[-78.86143099956092,39.540964999888104],[-78.87068700039829,39.538766999727194],[-78.87137899961112,39.5356839997518],[-78.8693569997044,39.53179299990101],[-78.87514899978817,39.52266500005218],[-78.87874400006304,39.52127400011548],[-78.88705199979793,39.5229639999366],[-78.88891600041923,39.524912000155695],[-78.89310199962458,39.523995999687614],[-78.89113699961926,39.51821700008365],[-78.89239100014518,39.51327900001862],[-78.90551299962245,39.51154500002729],[-78.90408099971962,39.50407199970839],[-78.90776700023108,39.4978390000781],[-78.91324399977228,39.49459399969821],[-78.91672000022145,39.48631999997363],[-78.93429800013912,39.486283999742994],[-78.94253899992687,39.48062999968994],[-78.9385200002278,39.4745720002742],[-78.94249200007121,39.46894999983648],[-78.95241699965688,39.46358300005004],[-78.9589100000726,39.46283800020067],[-78.95896199995114,39.45975800015395],[-78.95429299997375,39.454703000279984],[-78.96054500036504,39.45103599986191],[-78.95595300038052,39.44783900015992],[-78.95657299962332,39.44033100007154],[-78.96568100032269,39.43847000021851],[-78.969433999883,39.44325899965726],[-78.9777349999452,39.44833299992476],[-79.01092400012543,39.461121000314655],[-79.01803099993619,39.46765600010618],[-79.03087600030231,39.46525399982047],[-79.03541999970795,39.46949299993627],[-79.03702300021334,39.47665299973836],[-79.04443200014786,39.47979500007563],[-79.04702499979189,39.483346000296066],[-79.0527480002787,39.48167799970223],[-79.05496500017908,39.47228799993443],[-79.05690400024514,39.47067199985062],[-79.0609770003709,39.47187699983639],[-79.06634199975908,39.47997099980588],[-79.068033000128,39.47900800018692],[-79.069315000243,39.47396700009317],[-79.08301699967843,39.47147299973415],[-79.09113000031797,39.47251999977989],[-79.0999600002847,39.476948999698386],[-79.1023830000494,39.47639400030024],[-79.10549200007748,39.47394399998477],[-79.10442000002476,39.47076499967135],[-79.0972780000539,39.4684560000428],[-79.09454200029475,39.46484900005493],[-79.09631200030637,39.46242099998015],[-79.10517400006016,39.463011999688625],[-79.10787899985716,39.4612209997106],[-79.10832999994388,39.45712400007732],[-79.101805999566,39.4571650002247],[-79.10281599969446,39.450482000043586],[-79.10777799957484,39.445896000124385],[-79.11388799967592,39.4435209999922],[-79.11686000033494,39.438857999958486],[-79.11212000021243,39.435510999935154],[-79.11082100037898,39.43185400011195],[-79.11273199995762,39.43085399975298],[-79.12403599974266,39.43320400024074],[-79.12904700002686,39.42954200006776],[-79.12744199987165,39.41817700005865],[-79.1298260001766,39.41730300006884],[-79.13649899961908,39.41888699991754],[-79.1418429999892,39.417097999727346],[-79.14113800035759,39.408682000074144],[-79.1437510000931,39.405202000179884],[-79.14673399972447,39.404539999801415],[-79.14997900019496,39.40607700005725],[-79.1495590000704,39.41372700034351],[-79.1512410002185,39.4169679996554],[-79.15535000032926,39.41829899980025],[-79.15946600011272,39.417036000182364],[-79.159415999884,39.409543000061944],[-79.16451199965867,39.40567899971551],[-79.16670500016794,39.400942999967164],[-79.16544800016729,39.395472000054774],[-79.1614779999737,39.39090200008875],[-79.16227100036716,39.38812900028754],[-79.16606499993534,39.387442999662106],[-79.17456900038715,39.39537900033493],[-79.17918399993789,39.396494999897826],[-79.18112800002682,39.39439399999931],[-79.17695899964158,39.389027999946336],[-79.1855690003986,39.38520799988976],[-79.19330300002315,39.38863199971678],[-79.19769099979317,39.38837299986582],[-79.20244400033448,39.37880199976095],[-79.21258499983021,39.37024800015205],[-79.21428000039711,39.36348200001514],[-79.23095500031646,39.36490499996295],[-79.23291899959855,39.35962199967646],[-79.23496300014489,39.35867699990448],[-79.24260999973079,39.35941500033703],[-79.2506010001716,39.35547199966193],[-79.25630799986655,39.357227000321664],[-79.25686799973322,39.35539299983333],[-79.2534800000459,39.34789599977202],[-79.25735399998001,39.34190699998841],[-79.25384999994176,39.337143999743866],[-79.26017400030308,39.334296999753505],[-79.2686800004047,39.33616300026961],[-79.270425000302,39.32888200030712],[-79.28213199959487,39.323273000335035],[-79.28422600036993,39.31548200024023],[-79.28388400006315,39.30984399978222],[-79.2901609996705,39.30351600014677],[-79.29039500002223,39.299452000328316],[-79.30343100018409,39.29962299993313],[-79.31394400012383,39.304706000031686],[-79.3170470003041,39.30403800021571],[-79.32126500019481,39.30000499975293],[-79.32624600034177,39.30107700002257],[-79.33264699979767,39.30012999986733],[-79.34037499957445,39.29367100000817],[-79.3460110000226,39.29395999973075],[-79.34738900039709,39.291102000131694],[-79.34365600002997,39.287117999661],[-79.34491499968044,39.28496900030365],[-79.35130799963875,39.28507100029776],[-79.35229600002589,39.28020200031566],[-79.35752499986997,39.27630500008953],[-79.37601400018187,39.27321700023267],[-79.37880900039058,39.27181799989773],[-79.38185700031926,39.26686500008244],[-79.3873380000584,39.267820000145136],[-79.38737599969326,39.263548999767586],[-79.39025799994059,39.2613639998134],[-79.39328499995287,39.26162700026279],[-79.39500399991091,39.257074000005],[-79.39955999991042,39.255041999838184],[-79.39838800029857,39.253407999906884],[-79.39966500039073,39.25150499977041],[-79.40945199988413,39.246199000263054],[-79.40833499962555,39.24506999989593],[-79.41221699995559,39.240193000256546],[-79.42026100009986,39.23888299984404],[-79.4206800003995,39.23542400011994],[-79.42522100033041,39.2344770002367],[-79.42405399984312,39.227398000076604],[-79.42571300042502,39.22531400027896],[-79.43298400026728,39.22388700034381],[-79.44064699974672,39.21650600021052],[-79.44742399984457,39.21568199994024],[-79.4533039997919,39.21046999965472],[-79.460555000441,39.211555999921835],[-79.46738699989214,39.208765000076916],[-79.46960399979251,39.207216000043665],[-79.4697929999384,39.20373400013469],[-79.47299700040102,39.20212399995044],[-79.48687499956353,39.20589600010885],[-79.48587399965591,39.2649050003253],[-79.4872739997717,39.265204999809775],[-79.48765100023856,39.27993299984695],[-79.48607200002265,39.34429999990489],[-79.48435300006462,39.345044000229834],[-79.482366000318,39.53168900032661],[-79.47886599957937,39.53168900032661],[-79.47776400028775,39.64228199992867],[-79.47656099981543,39.64273799967418],[-79.47666200009778,39.72107800030686],[-79.76377399973272,39.72077600031436],[-79.76377299990781,39.69686699972545],[-79.78537000042287,39.65728699971036],[-79.78927699996898,39.623780999973974],[-79.89973999986569,39.481945000048604],[-79.89468799957363,39.43558799974279],[-79.93894299988753,39.452464000133375],[-80.01102399974496,39.417600999862515],[-80.02500100043831,39.401446000033914],[-80.08733400026209,39.386215000219146]]]}},{"type":"Feature","properties":{"GEOID":"54009","NAME":"State Senate District 9","BASENAME":"9","STATE":"54","SLDU":"009"},"geometry":{"type":"Polygon","coordinates":[[[-81.85763899982382,37.55480900032355],[-81.85593900013238,37.54891000005949],[-81.84773799962929,37.54730999975987],[-81.84273800011408,37.54900999987269],[-81.84123800043916,37.54561000004951],[-81.83883800024067,37.544509000099865],[-81.83903800025723,37.5426089998898],[-81.83623800002565,37.54070899969342],[-81.83463799989332,37.53610899973259],[-81.82643700028855,37.53540900031994],[-81.82463700013967,37.53380900019133],[-81.82333699958299,37.52270999975349],[-81.82603700025547,37.52060999997015],[-81.82903699960526,37.51371000005207],[-81.8243369996657,37.512609999863436],[-81.8179370000347,37.50661000030791],[-81.8013359997352,37.50761100002372],[-81.79523499985493,37.50971000029795],[-81.79293599993879,37.50351099970263],[-81.78493500035054,37.50151099993282],[-81.78203499966155,37.50261099977271],[-81.77992599971618,37.50097399984695],[-81.77615399988932,37.50512800027431],[-81.7710270001525,37.50527099982215],[-81.76302800021408,37.50264300018111],[-81.75923100027285,37.505569000182525],[-81.75215299987609,37.50661100011141],[-81.7477099998545,37.501628999679674],[-81.74182200040956,37.500111000216776],[-81.73594999995986,37.4955849998967],[-81.72943300015298,37.49458499998487],[-81.723646999917,37.49688599986736],[-81.71964699958619,37.49539900019547],[-81.71515900025705,37.49739999967944],[-81.70764099964425,37.49525900013783],[-81.70483100026524,37.49680400026619],[-81.70508200033542,37.49945599989606],[-81.70183199984206,37.5017109996838],[-81.6957319997867,37.50151099993282],[-81.68493199979179,37.50571200031087],[-81.68423200018304,37.50741200019313],[-81.68763199956595,37.51001100002686],[-81.6888319996652,37.51361100034987],[-81.68213199956023,37.51761099980354],[-81.6766319995545,37.51801100014079],[-81.67213199963146,37.51641199984962],[-81.66793100035753,37.51911200015774],[-81.66523099968506,37.51851200021936],[-81.662930999944,37.5216120003368],[-81.65793100042879,37.52151200011399],[-81.65443099969015,37.52331200000487],[-81.65283099955784,37.520412000216815],[-81.65073099983331,37.521212000066285],[-81.64993099976714,37.51651199978224],[-81.64653100038424,37.51331200031519],[-81.64113000011274,37.51541200027835],[-81.6385299998977,37.51131200017985],[-81.63393000041556,37.510011999784815],[-81.63243099966726,37.51191399975472],[-81.62843000040985,37.5120119998391],[-81.63022999966041,37.51621200029485],[-81.62472999965468,37.51811199971767],[-81.6214299998309,37.521212000066285],[-81.61752999995751,37.52131199997869],[-81.61252899971907,37.516612000293385],[-81.61432899986795,37.51421200020602],[-81.61282900019305,37.5105119996563],[-81.60342900031392,37.50891199996449],[-81.6072289997299,37.5059120002104],[-81.60642899966372,37.50401200019857],[-81.60762899976297,37.5024120001543],[-81.60612800026318,37.50011200010737],[-81.6025120000719,37.50035899974612],[-81.60398599980752,37.49577900014908],[-81.60203400022101,37.49311299987823],[-81.59891299959908,37.493619000180324],[-81.595879999739,37.49072099992853],[-81.58718299984166,37.4945380002105],[-81.58524200012579,37.49193599985953],[-81.58600899968168,37.49004700016396],[-81.58304799979163,37.48735699981981],[-81.57567499984211,37.49090399983427],[-81.57062300044835,37.48726599988616],[-81.5650010002439,37.49053900030599],[-81.5585809996231,37.48886400005371],[-81.55344999968831,37.49180499974167],[-81.55022699985743,37.48786399996641],[-81.54135800043098,37.48784599969537],[-81.54067100034273,37.48587000003718],[-81.53686299963252,37.484536000230264],[-81.53460999974712,37.48534599982875],[-81.52727899963038,37.475602000122414],[-81.52557100044133,37.47733899974337],[-81.51927800004214,37.4782990001061],[-81.51566299967578,37.47636799972737],[-81.5067440000206,37.47716099967824],[-81.49906399992443,37.473728000292866],[-81.49675699961233,37.47399600026048],[-81.49529700012042,37.47843700022267],[-81.49141700033852,37.48104400030499],[-81.4803150002198,37.47918000034999],[-81.47707899997013,37.47974200011558],[-81.47529300006498,37.48274899995364],[-81.47187199986737,37.48410100005551],[-81.46980399992991,37.48251700028184],[-81.46584499960697,37.48470300019643],[-81.46122699968318,37.48357600015877],[-81.4535409997392,37.47928900035079],[-81.45459699989841,37.47781900004048],[-81.45021499997617,37.47621100034751],[-81.45125400041692,37.47358899979021],[-81.45580899969322,37.47072699990906],[-81.4551380003968,37.46620700020053],[-81.45110399973079,37.4658960001107],[-81.45164000020631,37.46284700031921],[-81.44663099957195,37.46160800035529],[-81.44604700031418,37.459736999668806],[-81.442570999865,37.45803600025621],[-81.43898300016113,37.45863700026722],[-81.43723300024098,37.4520699997405],[-81.43216900025335,37.44870900018961],[-81.42931299994528,37.4518939997672],[-81.4286669998649,37.457485999694065],[-81.42612199990145,37.461284000046355],[-81.42140100004549,37.46012800029474],[-81.4203239999699,37.4561520002388],[-81.41686500013746,37.45557099997709],[-81.41335299970328,37.45886899990832],[-81.40329500004822,37.45878699993915],[-81.39962699997842,37.46455699983183],[-81.39299700019365,37.459824000032306],[-81.38537499982378,37.46128699985098],[-81.38294200001332,37.4521860002096],[-81.37408600010733,37.443152000267425],[-81.34920100036237,37.43686299971918],[-81.3463650001458,37.43354799993142],[-81.34110600016447,37.4345079997679],[-81.33783200027999,37.43304499974599],[-81.32911399956794,37.43516899973681],[-81.323414000444,37.42860400021183],[-81.30577799990168,37.4231049996443],[-81.30294300040832,37.41893500021723],[-81.2924599997075,37.41320099992607],[-81.28654600032331,37.41830500017143],[-81.2829950004294,37.41918199987837],[-81.28257799977955,37.42094300010001],[-81.2876369997443,37.42855000009169],[-81.28780800034684,37.43363299994942],[-81.29371400023344,37.439074000025116],[-81.29427300027517,37.44185600030488],[-81.30562100044118,37.45007099975325],[-81.30471500006978,37.45358399987864],[-81.30738700025483,37.45948600017548],[-81.30480700013129,37.460343999955356],[-81.30398199995078,37.462513000015456],[-81.30051700027055,37.4600279997256],[-81.29680999984271,37.46208499993879],[-81.29484900003534,37.469434000212026],[-81.28217400044682,37.47069099966111],[-81.27805199991727,37.472453000169516],[-81.27216100009929,37.47854999988557],[-81.27176000024129,37.48452599995151],[-81.26390699989274,37.48876200006341],[-81.26371899957178,37.49493900014049],[-81.25853499993354,37.49883200023954],[-81.24302099975537,37.50271499980273],[-81.24002100040558,37.50661599984144],[-81.23602100007476,37.50771500021472],[-81.23190699994112,37.50679800019048],[-81.22762399975308,37.51002599995789],[-81.22192100025609,37.51041599995789],[-81.21392300014259,37.50829100029347],[-81.2126860002334,37.517139000281624],[-81.2083200002047,37.52031599971548],[-81.20701999964801,37.524716000279795],[-81.21038999979199,37.530617999861605],[-81.20403600019173,37.533183000319156],[-81.200035000036,37.539494000075095],[-81.20228200007361,37.54942299988057],[-81.20451999989042,37.55271599987314],[-81.20171999965883,37.55361600010491],[-81.20282000019897,37.556215999699724],[-81.19992000040828,37.556215999699724],[-81.20018800019687,37.5584000003261],[-81.19875999959369,37.55935099980194],[-81.2011199996092,37.56521600022267],[-81.19792000024286,37.56791600027855],[-81.19886900027194,37.57553300003429],[-81.19475199976526,37.57562000005781],[-81.19162000017099,37.5788159996808],[-81.18661999975745,37.57981599977015],[-81.18441999957551,37.58211599990584],[-81.1819199998179,37.57981599977015],[-81.17871899972833,37.579516000085704],[-81.17681900002034,37.580516000028325],[-81.1761190004116,37.58431600018628],[-81.17251900011387,37.58631600006585],[-81.1648189999262,37.58731599978662],[-81.16181899967808,37.58981600010558],[-81.1574180003876,37.590216999702534],[-81.15531899958965,37.59281600011619],[-81.14891800013375,37.59081599978401],[-81.14441800021073,37.596315999838595],[-81.13571799994034,37.597916000318094],[-81.13081799998425,37.593015999898064],[-81.12401699959693,37.59261599979675],[-81.11941700011481,37.58841700003836],[-81.11481699973436,37.589317000329075],[-81.10891699969555,37.59391700015137],[-81.10297599964888,37.58963699981878],[-81.09371999970982,37.58873099979244],[-81.08743800007957,37.597971999747344],[-81.0808159997924,37.60041699968333],[-81.07713699985194,37.59966299980959],[-81.06966299962009,37.60529799992247],[-81.06917600044669,37.608958999831344],[-81.0641569997666,37.61126499993857],[-81.06461500042431,37.61381700018854],[-81.06701499972449,37.61561700020707],[-81.06621499965833,37.620016999920324],[-81.06881499987335,37.62231699989213],[-81.06917100042381,37.628798000067995],[-81.07429800016065,37.63183499990293],[-81.06685200041619,37.63371900018223],[-81.06530900018525,37.635908999927814],[-81.06868299962888,37.64051699984578],[-81.06028899968025,37.644742999902846],[-81.05050899985953,37.64678099977817],[-81.04852700013579,37.64936099977958],[-81.03962000017617,37.65287000021121],[-81.03675999967014,37.656339999791406],[-81.02755800015774,37.65856000026833],[-81.02943600012442,37.66207000035544],[-81.02170099977666,37.66960900026217],[-81.0167549997898,37.67177399973476],[-81.01410000022148,37.671247999856995],[-81.01123100039294,37.67417799981686],[-81.0075390000337,37.67317200034926],[-81.00521900020114,37.67908400022691],[-80.98907599966103,37.68561599977858],[-80.9879750001943,37.689828000133716],[-80.98423400032956,37.69407300017093],[-80.97420699973833,37.69606399999636],[-80.97262900024565,37.69902000024836],[-80.98033399955786,37.70639399999437],[-80.97674400020418,37.714873999812916],[-80.96191600028938,37.711977999808646],[-80.94524499966964,37.71527200022199],[-80.93140000011911,37.7109059999265],[-80.92865699978894,37.707693000173926],[-80.92899999992062,37.70534199993503],[-80.914783999751,37.70320500026417],[-80.90866199995435,37.70043299983484],[-80.89775999985218,37.68997600009414],[-80.90020699990635,37.67566100021003],[-80.89458300005205,37.672429000037084],[-80.89311299961608,37.67709999994147],[-80.87954199970191,37.68266499978688],[-80.87772900003256,37.685603000148795],[-80.87793499989688,37.69210900018222],[-80.88997000015114,37.701512000030085],[-80.8918399997219,37.71811700004068],[-80.89690600025766,37.72770899977939],[-80.91741300027834,37.73737900001021],[-80.92333400023355,37.74219599974301],[-80.92188399988905,37.747936999683496],[-80.9179799998177,37.75193900016174],[-80.91017500004804,37.7554860002645],[-80.90192099984148,37.756737999849996],[-80.89647100006447,37.76279299982894],[-80.89360899990862,37.77173699971762],[-80.9015629996412,37.78173600002484],[-80.92143500035047,37.793407999957076],[-80.92632100006287,37.8097300000485],[-80.93247800001963,37.81255299998824],[-80.93727900024152,37.81691900007457],[-80.94971000033088,37.82137800014832],[-80.95889500012487,37.82870800025507],[-80.96646300006803,37.83206100019548],[-80.97835500020715,37.833030999683345],[-81.02464599977317,37.82929800031118],[-81.04057800042607,37.83391199965153],[-81.05544300015082,37.83428800020206],[-81.05908000025849,37.84077700009649],[-81.04898200042047,37.850697999956644],[-81.04888100013811,37.856249999965705],[-81.05113800022147,37.8583019998701],[-81.05960699961487,37.85535000004195],[-81.07471300026234,37.85372500007093],[-81.09009500019602,37.8495819999714],[-81.10043999990627,37.85502900012724],[-81.10077999966488,37.85876700034777],[-81.09856299976448,37.860034000004056],[-81.07315599978772,37.86040099991111],[-81.0705010002194,37.86610700013203],[-81.07312200035084,37.8763750002966],[-81.06473800044795,37.87940599997342],[-81.06167399972742,37.8825430002751],[-81.06573000013474,37.888965000249975],[-81.06442000043064,37.89375399981926],[-81.0562440000419,37.89848099998007],[-81.02861599996676,37.903277999694396],[-81.02560999987088,37.90554400010783],[-81.02493899967612,37.90901499967102],[-81.02538200026522,37.9107830001656],[-81.03084700011085,37.91315000020728],[-81.04239500029338,37.91380600021657],[-81.05629900029348,37.919873999885944],[-81.06013300004464,37.924777000166166],[-81.06105199993648,37.93132999978769],[-81.06482999961113,37.93674000023189],[-81.06583600043996,37.94268499995886],[-81.07386799999034,37.95187499987029],[-81.07860599956472,37.95339300024992],[-81.07912199994875,37.95617800023835],[-81.08377599985755,37.96078500015815],[-81.08317599980792,37.96488399987784],[-81.07561700008557,37.967285000271495],[-81.07764099964211,37.96824300006482],[-81.07744300017372,37.97072500029288],[-81.07039800028726,37.97895199975104],[-81.06335900024855,37.979333000303875],[-81.0691420001115,37.98100900028169],[-81.06781099959268,37.98757499966156],[-81.07130700013334,37.98746599983733],[-81.06963099983304,37.98633000011088],[-81.07094999975797,37.98462900003669],[-81.08238300031277,37.985682000147165],[-81.08264799972834,37.986796000017286],[-81.08585899986363,37.986397999871436],[-81.0859479995521,37.991966999801306],[-81.09617900035785,37.990944999849084],[-81.10530800007531,37.987742999853],[-81.10473300014004,37.98571899986211],[-81.10783799997014,37.984083000323835],[-81.11015399960473,37.985203999932615],[-81.1091090002145,37.98783199969742],[-81.11413200019425,37.98803400018463],[-81.1161640001467,37.98328899981704],[-81.11804399976319,37.98244999972569],[-81.12509399967253,37.981540999735756],[-81.1288859995909,37.97933499992618],[-81.13280499973088,37.97995700018164],[-81.1345889999862,37.98078300033403],[-81.1313579997594,37.98148599971939],[-81.13024300004898,37.98329900022106],[-81.13127900011669,37.984111000299],[-81.12022399985366,37.98629899970977],[-81.11987900007219,37.987503000068614],[-81.12255200008214,37.986970000235374],[-81.12302300026033,37.98943700011084],[-81.12739699978665,37.98977500012307],[-81.12837000010518,37.99917600028479],[-81.12508500035001,38.00062099989997],[-81.12150400031885,38.00496399985582],[-81.120401000304,38.004922999964826],[-81.1215700004411,38.00272300009454],[-81.11765100030114,38.005953000344576],[-81.11657000002758,38.009185000090284],[-81.11414100041507,38.010408999708694],[-81.11329000029528,38.01529400015847],[-81.11130799967323,38.012585000236356],[-81.10650399997658,38.01049299989067],[-81.09720899967947,38.01268999998609],[-81.09712199964082,38.019901999940494],[-81.10912299955989,38.02072399985748],[-81.1212979995562,38.015525000072714],[-81.12511399976401,38.01857199995745],[-81.12788999970614,38.01332699996246],[-81.13781600001504,38.01321299990341],[-81.1354190001896,38.01050899998185],[-81.13594399989616,38.00927799984187],[-81.14331900039383,38.002138000229436],[-81.14439700029433,38.00363200025163],[-81.15796999985831,38.00346799969446],[-81.16449500006111,38.00132099967062],[-81.16951999969066,37.99254299987225],[-81.17718300006841,37.99825199972943],[-81.18011499964616,37.98984399989855],[-81.17431199969172,37.98319199993403],[-81.17567900019556,37.980832999799645],[-81.18694500034577,37.980054999893724],[-81.19510999996557,37.976509999768204],[-81.20071999957612,37.971884000228584],[-81.20802999977647,37.97302900030453],[-81.2142560002285,37.97200799991107],[-81.21909699973506,37.969367999923804],[-81.22153200009365,37.966051999885266],[-81.22828599972698,37.96553200005188],[-81.2327079998322,37.96751499988658],[-81.23349399965466,37.969410999752014],[-81.2510060003484,37.97076400032306],[-81.2589330003168,37.9828770002544],[-81.26303999987944,37.978362000234796],[-81.2728740001268,37.98072900024977],[-81.27718499990395,37.975909999746754],[-81.28171900016216,37.97612900013886],[-81.2807090000337,37.97357799978532],[-81.28351500011306,37.97468099996423],[-81.28473399958057,37.97316899991723],[-81.29290800031949,37.97419100033092],[-81.29659999978041,37.97908100002035],[-81.30004100006948,37.9799750001675],[-81.30212099970254,37.974716999686926],[-81.30584700039698,37.97257000010632],[-81.30988600018753,37.9669730002455],[-81.3126019998552,37.96728400029618],[-81.31073700030733,37.968099999663686],[-81.31250099957286,37.970611999797995],[-81.3216970001358,37.97093900023965],[-81.3188960000793,37.97692300022326],[-81.33209999957235,37.96730499977397],[-81.33738899969089,37.97014699974125],[-81.3401710003791,37.96894899973608],[-81.34286799978022,37.96984699983207],[-81.34714799959521,37.97668500014874],[-81.35245099995743,37.97601200003979],[-81.35457300032157,37.973625000244006],[-81.36203499995955,37.97129100007903],[-81.36680699986915,37.972888999716716],[-81.36987999991219,37.970430000283464],[-81.37271699995368,37.97132700004794],[-81.37983399981017,37.96821800029704],[-81.38233000026814,37.96970900014203],[-81.38632999970065,37.96720899998781],[-81.39763000018606,37.967307999698846],[-81.39973099973548,37.9699079997099],[-81.41263100035323,37.974307999792025],[-81.41793100034242,37.967707999919114],[-81.42353099990726,37.967508000081374],[-81.42643099969793,37.970408000350474],[-81.43093099962095,37.971908000252],[-81.43593100003449,37.96820799996263],[-81.43853100024951,37.968008000070576],[-81.44313099973165,37.97420799972549],[-81.45053200016856,37.976007999905974],[-81.45203199984347,37.97880799985783],[-81.4585319999319,37.978607999812745],[-81.45973200003115,37.9799079999225],[-81.45583200015774,37.9858070003147],[-81.45963199957372,37.98970699995248],[-81.46283199983839,37.990007000105706],[-81.4703320000095,37.9872069998197],[-81.48283199969585,37.98670700033219],[-81.48873199973465,37.98100699999698],[-81.4922330002982,37.98370699982429],[-81.49853300037009,37.98360699981906],[-81.50723299974216,37.98840699998014],[-81.51543300042033,37.983006999757855],[-81.5192329998363,37.97690699988543],[-81.52623300041523,37.971307000224776],[-81.5386340003674,37.97100700009871],[-81.54143399970063,37.96950700019981],[-81.545634000048,37.964907000057345],[-81.54443399994875,37.961107000158414],[-81.54993399995448,37.957407000239904],[-81.5510339995963,37.95490699985182],[-81.55583399999328,37.95430699964872],[-81.55703400009253,37.94950700010143],[-81.55493400036801,37.94610699992942],[-81.56163399957465,37.944306999941645],[-81.5603339999163,37.94210699974338],[-81.56303399969045,37.93960700011042],[-81.55883300041648,37.936207000249674],[-81.56593400037946,37.9349070001027],[-81.56603399993855,37.93100699988166],[-81.5715339999443,37.92770700019283],[-81.57053399986157,37.92430699979425],[-81.56763300024598,37.92420699967427],[-81.567332999772,37.92080699972123],[-81.56193300022372,37.9194069998226],[-81.56433300042221,37.91300700029192],[-81.56143299973321,37.91100800002805],[-81.56143299973321,37.909108000193655],[-81.56423299996479,37.902707999875396],[-81.55943299956779,37.89720800022203],[-81.55383200017805,37.89430899987443],[-81.55812700006165,37.8893040000241],[-81.56133200034918,37.888907999733135],[-81.56342600022592,37.88634500031001],[-81.56341600018018,37.883395999913944],[-81.55933200018377,37.882307999916286],[-81.56003199979251,37.87910799998274],[-81.55813200008453,37.87720799985019],[-81.56413199968244,37.874307999989696],[-81.56763200042109,37.86750799982929],[-81.56273199956667,37.86530800011151],[-81.56413199968244,37.86110899989064],[-81.56363200009025,37.857009000176845],[-81.56103199987521,37.85610900029922],[-81.56143100008337,37.84170899980144],[-81.55773100022654,37.83830900024276],[-81.55783099978564,37.83320900006676],[-81.55233099977991,37.82470900012368],[-81.54953100044666,37.82470900012368],[-81.54693100023162,37.82800899971505],[-81.54443099957572,37.827108999948145],[-81.54203100027553,37.828908999857575],[-81.53943000023558,37.82470999990896],[-81.53233000009752,37.8258100003077],[-81.52872999979978,37.823610000144136],[-81.52763000015798,37.820909999978255],[-81.52062999957903,37.82131000029574],[-81.51682900033816,37.8186099997273],[-81.5199290001454,37.815610000119634],[-81.51862899958871,37.811309999942296],[-81.52112900024464,37.800109999681496],[-81.51422800029822,37.79121099967264],[-81.5200289997045,37.7861110001342],[-81.5272290003,37.78970999992383],[-81.53042899966631,37.78970999992383],[-81.5357289996555,37.78291000002715],[-81.5404300003183,37.78371100017233],[-81.54363100040786,37.77991099964593],[-81.54833100034742,37.77871100033452],[-81.5487310003805,37.776510999876464],[-81.55892999960255,37.77400999990725],[-81.56283000037426,37.76770999964756],[-81.56753000031381,37.76760999998228],[-81.56992999961399,37.76430999979361],[-81.57653000015986,37.7633100000832],[-81.58273099959922,37.768809999822444],[-81.58523100025515,37.77411000014833],[-81.58302600005031,37.77571199999879],[-81.58413099971501,37.77731000034917],[-81.59653199966715,37.783809999731126],[-81.59693199970023,37.78670999971592],[-81.60593200044458,37.789108999987434],[-81.61383199975049,37.786008999889916],[-81.61963200023018,37.78560900002356],[-81.6237320001201,37.78250900007071],[-81.62753300025929,37.78570900019315],[-81.63803299978024,37.777609000343226],[-81.64413299983558,37.77910899980737],[-81.65293299966508,37.77830899990483],[-81.65713399983736,37.77980900007507],[-81.6657339996503,37.7750090000335],[-81.66973399998112,37.778908999933435],[-81.67513500025264,37.77270900030747],[-81.68303399973362,37.776208000063946],[-81.68803499997207,37.77520800006267],[-81.68993499968005,37.773007999738006],[-81.69383499955345,37.77410799991763],[-81.696935000259,37.76830800009262],[-81.7042360002385,37.7674079998342],[-81.70783599963792,37.763408000071486],[-81.71163599995221,37.765108000147166],[-81.72003699957352,37.76330800027051],[-81.72393700034523,37.76460799992023],[-81.72803600041026,37.75960799994167],[-81.73533599966653,37.76260800000839],[-81.74063599965571,37.759808000180534],[-81.74333600032817,37.76440799987722],[-81.75223700043999,37.75950799997457],[-81.75493700021416,37.7555079998172],[-81.76193699989477,37.75660799965238],[-81.76453700010981,37.7517080001366],[-81.70173399993274,37.701408999665205],[-81.71063500004459,37.69880899993466],[-81.71643499962595,37.70090899982808],[-81.73323500011709,37.69320900012471],[-81.73393499972585,37.68930900023933],[-81.73263500006748,37.68600899970507],[-81.73693499997395,37.68260900017665],[-81.74233600024546,37.68270900021265],[-81.7469359997276,37.67960899968644],[-81.74973599995916,37.68140899989376],[-81.7513360000915,37.68530900003883],[-81.75563599999798,37.685708999743056],[-81.76513600033451,37.67770900035374],[-81.76863600017484,37.678408999931634],[-81.77123700021478,37.67600899978309],[-81.77773700030319,37.67800899996589],[-81.77943699999464,37.6769089999604],[-81.78003700004427,37.6725089996778],[-81.78343700032548,37.67260899981845],[-81.78763699977452,37.66900900016116],[-81.79043700000608,37.671108999912676],[-81.79303700022112,37.67090899972011],[-81.79893700025993,37.66370900003649],[-81.80233800036603,37.662909000177436],[-81.80303799997478,37.660809000239716],[-81.7997370003261,37.65650900029142],[-81.80073700040879,37.6537090001663],[-81.7997370003261,37.65160900030531],[-81.80243700010024,37.64680899994826],[-81.80243700010024,37.642308999730645],[-81.79743699968672,37.63750900016776],[-81.79553699997874,37.631508999650265],[-81.79733700012761,37.63020899968822],[-81.79733700012761,37.627309000029435],[-81.80153699957665,37.62510900020059],[-81.79933700029301,37.620509000114346],[-81.80153699957665,37.61530900009648],[-81.80363700019949,37.612209000214165],[-81.81133700038717,37.60700899975052],[-81.8126920002971,37.60851300006973],[-81.81193700043679,37.61380899974014],[-81.81773799984308,37.61270899998359],[-81.81973800000848,37.60810899984087],[-81.81303700007861,37.60150900011377],[-81.81493699978658,37.59990900003243],[-81.82603800008037,37.59930899984955],[-81.83000999992379,37.59690999985943],[-81.82793799978835,37.587709000343224],[-81.83183799966176,37.58450900017226],[-81.83263799972791,37.57950899975827],[-81.83813799973363,37.575208999911986],[-81.83713799965092,37.572509000080586],[-81.83423799986025,37.57120899971493],[-81.83433800031766,37.56920899986466],[-81.84003800033992,37.565909000116775],[-81.84623799995438,37.56680899978836],[-81.84853900041868,37.56450899966415],[-81.85323900035824,37.56390899965548],[-81.85583899967496,37.561809000022805],[-81.85763899982382,37.55480900032355]]]}},{"type":"Feature","properties":{"GEOID":"54012","NAME":"State Senate District 12","BASENAME":"12","STATE":"54","SLDU":"012"},"geometry":{"type":"Polygon","coordinates":[[[-81.2794279997436,38.91337599983545],[-81.27783600000718,38.91252000000355],[-81.27052400015705,38.914360000245885],[-81.27079899961834,38.90606800008667],[-81.26853800023532,38.906278999712804],[-81.26288500006874,38.91102999979142],[-81.25832900006921,38.90695200015777],[-81.26058100012972,38.903573000219716],[-81.259981999905,38.90143500008678],[-81.24891699959622,38.8968190000587],[-81.2599979997985,38.893036999745945],[-81.25416399988195,38.88841699968029],[-81.24942700013247,38.88787300028524],[-81.24373499960782,38.883051000147745],[-81.23857100006107,38.88194699997654],[-81.24117399975083,38.87819999982417],[-81.237185000189,38.8740939998561],[-81.24239899996446,38.87290100016096],[-81.23781500037583,38.86860200010135],[-81.24156299991327,38.867438999731974],[-81.24327199982554,38.86512199980468],[-81.23536499994863,38.86247999986775],[-81.23690900000446,38.8588949997892],[-81.24350799982709,38.85987199972015],[-81.24554099960446,38.858612999965494],[-81.24625100015726,38.85251400004095],[-81.24197600036514,38.85155099985057],[-81.23875500018409,38.8473019998269],[-81.2319489997739,38.85208699986548],[-81.22813400028934,38.85228799987907],[-81.22711699958987,38.850265000155574],[-81.22837799978848,38.84656199988336],[-81.22079099957871,38.84360399973594],[-81.21912299967431,38.83395200019402],[-81.21504700007384,38.83089499969438],[-81.21672900022195,38.82823800011013],[-81.21520500025758,38.82446099976574],[-81.2175579997021,38.824390999951405],[-81.21992500028863,38.82763699966423],[-81.22459400026605,38.82553099995928],[-81.22135100034369,38.82247300023754],[-81.22082800028696,38.81767700010862],[-81.22217300015116,38.81537200006719],[-81.22698299969557,38.813791999915466],[-81.22627200021617,38.81226899974597],[-81.22078100043129,38.810969999857996],[-81.2221909996945,38.80556700023788],[-81.22587100035818,38.80409999982443],[-81.21771500006095,38.798568000187814],[-81.22762899977594,38.79282300021529],[-81.21906599977292,38.789506000068904],[-81.22311600033245,38.787112999710054],[-81.22032299977359,38.784847000104946],[-81.21422000024349,38.78598999977541],[-81.20742300005415,38.78446499992936],[-81.20700399975449,38.782288999734305],[-81.2121659996514,38.779727999991366],[-81.20396099984868,38.77613099971418],[-81.20324000032353,38.76947600034633],[-81.19586700037401,38.767442999707825],[-81.1980700000307,38.76388300014704],[-81.19280400037671,38.761748000033],[-81.1884469996705,38.755651999795575],[-81.18878300012948,38.752154999826324],[-81.18537199997763,38.75201100006765],[-81.1829540002358,38.749733999993815],[-81.18365499966944,38.7474450001556],[-81.17181899960683,38.7398050000133],[-81.168895000425,38.73054400023615],[-81.17029299999265,38.728740999866176],[-81.173463999945,38.728330999671776],[-81.17586800034145,38.72311899971083],[-81.17144700006114,38.720621999931254],[-81.1704510001764,38.71642400028778],[-81.17226399984575,38.71317200030015],[-81.170458999674,38.71104500000578],[-81.17216500011155,38.70744399974884],[-81.16974499982156,38.7038229998586],[-81.16764699974686,38.703783999864086],[-81.16667599997648,38.69506999982201],[-81.16885900044,38.694494999856566],[-81.17071099956908,38.688483000247615],[-81.17370800034244,38.68761299981345],[-81.17129499972516,38.68297599965465],[-81.1740000004205,38.68090300002662],[-81.17176400025355,38.67593599995512],[-81.16607500010193,38.676684999717544],[-81.16684800040392,38.67445299995751],[-81.16193199965599,38.67276400015431],[-81.16142700004092,38.67114999994453],[-81.16486599978187,38.668256000146485],[-81.16647099993706,38.66413899970061],[-81.16621099964607,38.66076599966604],[-81.163798999752,38.660146000178635],[-81.16118799966632,38.662090000152034],[-81.16042399958516,38.65890099971716],[-81.15830999961693,38.6583789999014],[-81.16205600040286,38.65564799982021],[-81.16248599967486,38.652209000235594],[-81.15962600006714,38.64887700027703],[-81.1585819996035,38.64403700017934],[-81.15524699961964,38.644906999814076],[-81.1494079996802,38.64160900017094],[-81.14666900044631,38.64268800005893],[-81.14139399967316,38.63963100026154],[-81.13159899978383,38.63826000031371],[-81.12999500035185,38.63492400033053],[-81.12369399955675,38.63092899969977],[-81.11512700025409,38.63125000009474],[-81.10734199967759,38.63946200008622],[-81.10209699993999,38.63897999979292],[-81.10169100005912,38.63492500026738],[-81.097492000435,38.63477100001088],[-81.0964239996819,38.63304599966431],[-81.09663700011724,38.62860599975011],[-81.08969699981276,38.62844799984626],[-81.08986800041531,38.62581600010314],[-81.08469899994736,38.62352499969078],[-81.08562200003718,38.62142999998622],[-81.08263500020786,38.617803000168855],[-81.08408300000423,38.61547600020778],[-81.08370999973532,38.61198200031839],[-80.98494999983183,38.717897999936326],[-80.85072199992345,38.79224600021729],[-80.70152200016022,38.87904499991885],[-80.69266700007914,38.88027000004011],[-80.66990899982287,38.892773000086315],[-80.67263399971137,38.88902100023599],[-80.66930600029852,38.888098999912515],[-80.6693049995753,38.88536700028956],[-80.66589900034464,38.88180400015952],[-80.6594620000054,38.88293200030112],[-80.65910999965288,38.888118999838746],[-80.65213500008663,38.88968200011465],[-80.6470939996652,38.8862449998507],[-80.64101700007441,38.884814999713704],[-80.63970599964708,38.885633000056764],[-80.64028200030556,38.8898200001214],[-80.63789999965043,38.89193000002231],[-80.63389699984486,38.89251499982039],[-80.63393000035514,38.89501199980418],[-80.63120000044377,38.89759000010639],[-80.62259100040998,38.897474000122756],[-80.61990099978327,38.90257999988698],[-80.61270799975881,38.90209700017694],[-80.60882700015198,38.90498999981692],[-80.60579900031478,38.90416699966838],[-80.59704899981567,38.89599900032214],[-80.599161999959,38.891777000226845],[-80.59644600029132,38.88754999998447],[-80.59099099959313,38.88367899976851],[-80.59230299984536,38.878642000212515],[-80.59066300042838,38.875021999847874],[-80.59265799967261,38.87374099985154],[-80.59328899968436,38.870417999882974],[-80.59069600004034,38.868935000024756],[-80.58348999959708,38.85887100021983],[-80.57885999997772,38.85879599985197],[-80.57337300039079,38.862849000291746],[-80.5579570001219,38.8676089997452],[-80.55379000028482,38.86582199990373],[-80.55206999960357,38.860561999752825],[-80.54806500014821,38.85619899984563],[-80.54152499987681,38.85390199996541],[-80.53248300019798,38.85589899991876],[-80.52836999988926,38.861997000286],[-80.52376700003408,38.8628019998646],[-80.5072159999633,38.854027000275686],[-80.50071800042299,38.84466100020059],[-80.49084499981757,38.845259000245406],[-80.4798160003921,38.83317699981566],[-80.4738100000481,38.833229000044675],[-80.47376800021529,38.82909800017437],[-80.4762549995541,38.825784000180995],[-80.4768799997181,38.82084700013397],[-80.48060899988725,38.81820800034593],[-80.47933900036614,38.814594999954515],[-80.48432800001069,38.80924100022688],[-80.48363699972447,38.80349999975222],[-80.48552800010994,38.80030399998513],[-80.47453200029645,38.79427399987093],[-80.46919799997208,38.79755699969553],[-80.46311200016044,38.79588199989104],[-80.45937700014348,38.791516999721665],[-80.4583939997792,38.78773999997326],[-80.46300699968013,38.78599799988924],[-80.46369799996634,38.783763999922044],[-80.45860100036677,38.778078000272714],[-80.45848199964277,38.77605300020306],[-80.45033700011449,38.77559000030775],[-80.44614799963776,38.77751399988296],[-80.44209100030386,38.771849999810975],[-80.44984300037007,38.76890299977868],[-80.44899800009806,38.76542400018389],[-80.4531549998894,38.76101400016521],[-80.4510280004007,38.756900999918685],[-80.45209799990529,38.75538200018982],[-80.45084000007972,38.75010099967714],[-80.4573159998787,38.739128999658035],[-80.45174499972788,38.73688699987343],[-80.45228200002832,38.732934999949165],[-80.4475439995556,38.73271200005949],[-80.44524800001248,38.72684800027068],[-80.44043000007217,38.72829099969775],[-80.43608400013493,38.725554000249524],[-80.43321699995619,38.729507999989885],[-80.42876300006394,38.7285220003251],[-80.4268730004017,38.73110999976738],[-80.42403399981205,38.728053000160195],[-80.41674500042643,38.72957699977184],[-80.41230099968162,38.72841100025339],[-80.41347800021464,38.724278000156545],[-80.4085609996418,38.724574999886784],[-80.4061329998542,38.72280100000038],[-80.4044509997061,38.72382500032149],[-80.4053920002376,38.72668300013745],[-80.40194900029869,38.72989900020893],[-80.39691899974792,38.72947900017337],[-80.39478399986331,38.72599500023643],[-80.39306300025547,38.72757099983997],[-80.40954099963301,38.76832699968875],[-80.38698900013938,38.874808000130386],[-80.38180600032607,38.88145499993076],[-80.38427599994645,38.88475599986336],[-80.37933699963229,38.88768700004026],[-80.3677779995791,38.88661300006328],[-80.36776800043167,38.89455199996909],[-80.36267000010886,38.89790400031681],[-80.36079399979201,38.901286999723],[-80.36253899968929,38.906668999839155],[-80.35555800027525,38.90821400017379],[-80.35470399978242,38.91298999977336],[-80.34805499973106,38.91567299981],[-80.34981499969696,38.920529999717154],[-80.34783799999609,38.92369499974704],[-80.34363099997601,38.92533900017515],[-80.34426100016287,38.92716200000439],[-80.34008699975477,38.93065699969308],[-80.33844200031494,38.93490600009452],[-80.33962999982029,38.937707000030684],[-80.34857600013795,38.93959299982483],[-80.33574500001552,38.946225000114985],[-80.32960599960211,38.9545920003076],[-80.322044000405,38.9550440001431],[-80.31748599985735,38.95864700018184],[-80.31934600028067,38.96091900013228],[-80.31991500036817,38.96951499972024],[-80.32570800027685,38.974260999993454],[-80.3344839998169,38.996586000203415],[-80.31798200014991,39.0134409998959],[-80.30505700031614,39.061467000133064],[-80.30020900023855,39.10385699998891],[-80.24877099994592,39.10080900012761],[-80.24039399971575,39.11314499980343],[-80.23616199958133,39.11464799977609],[-80.23418800025351,39.11349100027813],[-80.22871599983687,39.114393000135635],[-80.22717299960594,39.11279199967153],[-80.22468399971899,39.141963999949986],[-80.22671200037182,39.15143499994559],[-80.22468700009203,39.17097700022605],[-80.16638700021105,39.24228299991377],[-80.15004100017967,39.23825000030713],[-80.02341100035171,39.24789200029182],[-79.97723799988816,39.26292900025597],[-79.9876529999186,39.26748799983152],[-80.00151199971286,39.26703299967706],[-80.01193599996411,39.27009999966033],[-80.01401399994734,39.27267600019672],[-80.01404300025965,39.27805000032519],[-80.01633799997785,39.28361700015901],[-80.02639300015817,39.28943100011883],[-80.02649500026541,39.29924100011424],[-80.03320100021818,39.310530000138826],[-80.03331300037118,39.31530800014472],[-80.03066799995028,39.31920400022678],[-80.02092099974155,39.32194800007089],[-80.01981600007683,39.32575299990525],[-80.02131999994972,39.32236599982819],[-80.03228899999903,39.33038800032505],[-80.03113999995338,39.32854300027565],[-80.03214400023407,39.32371600015363],[-80.0401160004083,39.32626599993674],[-80.03593799980223,39.33210500029685],[-80.03710600011443,39.3357369997021],[-80.04050100037277,39.33812299978914],[-80.03960800042017,39.33943000012469],[-80.04284399977153,39.34265300020571],[-80.04057099979465,39.351829999694495],[-80.04375500016579,39.353991000227495],[-80.05462700013072,39.35412300006927],[-80.06197599979079,39.36082100004045],[-80.06053999968998,39.36427799994193],[-80.04437100010892,39.368307000301314],[-80.04220199988913,39.370635999757305],[-80.04200699989545,39.373546999914076],[-80.04714600022615,39.37628599965905],[-80.05350900004723,39.376740000129125],[-80.06275499994055,39.384325000097235],[-80.06811600002911,39.38615400008033],[-80.07942700038517,39.384499999725776],[-80.08732400021636,39.38619500033888],[-80.0965509998431,39.4007909999136],[-80.09989800042084,39.40375799985439],[-80.10528299990052,39.40504999969043],[-80.10454300010882,39.407719999969224],[-80.10705499956198,39.40975100014211],[-80.11307000012683,39.40916099970669],[-80.1172210000704,39.40249400034346],[-80.12064800011578,39.40120799986656],[-80.19628599971495,39.39269999968067],[-80.27030399998858,39.43005700020346],[-80.27975900011927,39.43286499999595],[-80.28245700024361,39.43574900026394],[-80.28976200042108,39.43217200002428],[-80.2907990003137,39.435768999811444],[-80.29345899990489,39.43422800002425],[-80.49408500026517,39.469599000340054],[-80.49399099965552,39.46114800020043],[-80.51405300033561,39.45782200013784],[-80.5151589998252,39.4522690000568],[-80.5188040003288,39.44910300018313],[-80.51940000018047,39.44642399993711],[-80.5177919996522,39.44303199979606],[-80.51925399969227,39.439033000135325],[-80.51559800021636,39.43773999969164],[-80.51862600005354,39.43499700034557],[-80.52667199984765,39.431121000133395],[-80.53316500026337,39.43345900023429],[-80.5361310001763,39.4309200002385],[-80.54168800008344,39.430731999784335],[-80.54474400040804,39.42861899970999],[-80.54308499982618,39.42639499977831],[-80.54373400027958,39.42323199974707],[-80.53792700012721,39.42253899973247],[-80.53756599955386,39.419683000223145],[-80.53929000043308,39.416696999703],[-80.53779099968477,39.41472499995169],[-80.53907600017284,39.41028999984195],[-80.5477479999558,39.40369000025947],[-80.54742999993849,39.39664599995791],[-80.54433799962887,39.39594300022543],[-80.54270300023475,39.38909099983882],[-80.53820900015951,39.3866829996695],[-80.53960400025244,39.3833129997455],[-80.54275599993821,39.38125199991073],[-80.53995099968375,39.377008999969114],[-80.53995800025476,39.37342099978654],[-80.54437199996404,39.36767600006166],[-80.5326389998336,39.36123699978328],[-80.53352900031143,39.35502900030413],[-80.54476199995139,39.3518309999725],[-80.5455510001469,39.34523900016757],[-80.55730199982071,39.33710699973444],[-80.5563999996473,39.3344520002773],[-80.56404899978135,39.32697800029275],[-80.5631940003619,39.32515999966761],[-80.56509800026785,39.31989400001525],[-80.56824099973278,39.318388999943416],[-80.57062000001488,39.319512999689415],[-80.57602499958605,39.31525600019194],[-80.58240400019896,39.31636599966534],[-80.58149799982758,39.31281799997575],[-80.58518900036194,39.30971599977766],[-80.58468499967346,39.305909000182425],[-80.58623700012521,39.303529999813286],[-80.5925589999384,39.30375199981057],[-80.5960570001289,39.29715799996771],[-80.60368399962331,39.291040999673754],[-80.60246900035376,39.288049000342255],[-80.6043010002897,39.28604700032406],[-80.6024500000872,39.28395899981537],[-80.59639900043565,39.286174999808814],[-80.59370100031133,39.284435000282194],[-80.59047900030536,39.28545000004469],[-80.58709400009278,39.282851999822775],[-80.58156499977473,39.28401000021877],[-80.57776399963555,39.2821509997365],[-80.57989199984749,39.27772200028805],[-80.57749699967185,39.276299000283906],[-80.58032299984269,39.27217799991645],[-80.58619899959206,39.270075999700374],[-80.58807699955874,39.26697899982644],[-80.58581199997776,39.26457699995732],[-80.58742999965345,39.26111100022177],[-80.5841039998904,39.257310999916854],[-80.57646300015227,39.25549599966012],[-80.575479999788,39.25302700013501],[-80.56127700003718,39.24590299966248],[-80.56291800017739,39.243017000172856],[-80.55710900037518,39.24167599992768],[-80.55574799971913,39.238505999721724],[-80.55128600032926,39.238907999852486],[-80.54706800043854,39.234785999973056],[-80.54770500029811,39.22889899997129],[-80.55152099960759,39.22667099979604],[-80.5593079998339,39.22983200020374],[-80.56081799955454,39.23245200004895],[-80.565417999935,39.231380000312086],[-80.568058000333,39.22812699970312],[-80.56611500006899,39.22554099969736],[-80.56621299997828,39.22096299967286],[-80.55772100012038,39.21850199978158],[-80.55443800001504,39.21416100030546],[-80.54605499993706,39.21650399996143],[-80.52929299997906,39.21200000020101],[-80.52564400017584,39.209034000075896],[-80.52794200026709,39.20553300004119],[-80.52772700018194,39.20300299994863],[-80.5323579996262,39.20065299986245],[-80.52808700003204,39.198835999777636],[-80.52875599967864,39.19570600009239],[-80.53225800006709,39.19453699975638],[-80.53820699961139,39.19535100020284],[-80.540862000078,39.19251000010264],[-80.54110700030039,39.18982500021563],[-80.54789799974363,39.18655100034193],[-80.55107999956662,39.18638999985808],[-80.55124899962104,39.189451999734004],[-80.55444100038808,39.192192999877015],[-80.55842900012502,39.189713000019516],[-80.5580540002063,39.18662800026131],[-80.56147100020594,39.1787189999321],[-80.5755700001997,39.17515800007982],[-80.57957499965508,39.178634999933486],[-80.59176600044324,39.18269700023559],[-80.58973600014062,39.171043999736995],[-80.59500400034274,39.16874800020223],[-80.59688499978414,39.16293000022941],[-80.59980100036668,39.15969799969431],[-80.60287400040973,39.15930200026839],[-80.60484400043791,39.15553499999912],[-80.6171080001227,39.154104999791386],[-80.62250699984607,39.148142000064105],[-80.62109599985963,39.14624000030098],[-80.62361499988383,39.142775999917134],[-80.62962000040292,39.13923900031724],[-80.63346300037492,39.1395040002631],[-80.63728600025541,39.137595000135285],[-80.63925299991054,39.13914400030416],[-80.64232299958054,39.13882299981016],[-80.64425900017186,39.13692099977304],[-80.64739400013919,39.13950100008529],[-80.65074400019166,39.13755499968807],[-80.6530280000392,39.14051199983068],[-80.65693399976037,39.14111899987672],[-80.65867600018294,39.13854999997049],[-80.66289599972346,39.13784699985204],[-80.66444599962708,39.12973200024219],[-80.67483300006842,39.125917000308384],[-80.67653699995783,39.124777999746044],[-80.6764859999042,39.12208199993279],[-80.68174800025857,39.121197999715044],[-80.68119300041477,39.11204000017064],[-80.68761599961199,39.10969899992162],[-80.6870609997682,39.10769499987408],[-80.69111100032775,39.104308999904084],[-80.69068700000521,39.101570000056846],[-80.69838299999493,39.09607499984589],[-80.69811500020633,39.09390099985952],[-80.70103699973832,39.09027800032186],[-80.74921399966694,39.09984300016729],[-80.81297000007103,39.109401000026196],[-80.81222699990627,39.106539999737635],[-80.8088840004248,39.10430399966488],[-80.81162500020682,39.10236300032661],[-80.81104400042378,39.098904999664114],[-80.81770000014782,39.09698700031711],[-80.81881400003334,39.09159800003488],[-80.82275900011257,39.09162099983941],[-80.82344700002574,39.09314399997013],[-80.82808400021611,39.092118000300715],[-80.83188500035531,39.08873800010995],[-80.83131600026782,39.085416999949594],[-80.83361299963583,39.08483099976299],[-80.83502399962227,39.08237600025955],[-80.84084400019347,39.0824680003048],[-80.84347199999758,39.08488899984859],[-80.85400199965574,39.084155000297464],[-80.85455300019986,39.081686000279724],[-80.8518230002885,39.07970799975457],[-80.85825399988163,39.076878000158516],[-80.8590189997877,39.07356899965536],[-80.86293499955461,39.07126900021709],[-80.86760400043035,39.07378999979893],[-80.87162700032741,39.072674999749374],[-80.87366299957951,39.07431499981392],[-80.87695400008077,39.07390399982336],[-80.8784570001287,39.07289499982826],[-80.87741400038828,39.06865999989301],[-80.88136699996514,39.06822800027759],[-80.88548199992368,39.06380999993543],[-80.88777400016716,39.06493599981624],[-80.8897979997237,39.06474399979351],[-80.89077199986713,39.06250499976],[-80.8951060001088,39.0637700001495],[-80.89749500043662,39.06278099983798],[-80.89843900044282,39.06038099966138],[-80.89682900026477,39.057483000319834],[-80.89806799982375,39.05564099974956],[-80.90510500021261,39.05356899965986],[-80.90620900005239,39.050362000063174],[-80.91049899991313,39.047041999725536],[-80.91752799990607,39.045961999901785],[-80.91855399992804,39.04350500009839],[-80.92319500031637,39.04330100005825],[-80.9259999996725,39.04507300015331],[-80.92885699980548,39.04335500020832],[-80.93618899974713,39.04479000010588],[-80.93811899959233,39.042830000177936],[-80.94270800010213,39.042641000160785],[-80.94975100033878,39.038985000274764],[-80.95531099972064,39.0386630000683],[-80.95816700002872,39.03686800017748],[-80.96020300017913,39.038021999750754],[-80.96568399991828,39.03530299986452],[-80.96389999966294,39.0316709996537],[-80.96661600022892,39.03094899969496],[-80.96722600032429,39.0290180002745],[-80.97087099992955,39.02738399981791],[-80.97547200013491,39.0285740002245],[-80.982123999661,39.026133000032054],[-80.98209500024699,39.02022399994237],[-80.99034000023269,39.02059800026923],[-80.99557900012252,39.01406599992651],[-80.99850999987534,39.013360000267134],[-80.9983249999274,39.011276999850615],[-81.00253100012256,39.00958500000452],[-81.0047310003045,39.01158499994142],[-81.0072310000621,39.00878500010969],[-81.01483099979237,39.009284999708264],[-81.0169310004152,39.01088500007959],[-81.02313199985457,39.0081840002397],[-81.02643199967834,39.00988400015523],[-81.02483200044432,39.0124840003197],[-81.02833200028464,39.012583999759556],[-81.03363200027381,39.009583999731106],[-81.03481800012936,39.0118900000625],[-81.03835399995467,39.012817999683165],[-81.04523200033488,39.01078299981859],[-81.04573199992709,39.00898399995172],[-81.05323299992313,39.010383999663134],[-81.05973300001156,39.007884000283646],[-81.06053300007771,39.0092840001286],[-81.06443299995112,39.00898399995172],[-81.06813299980796,39.010684000184135],[-81.07503999960217,39.00998600031671],[-81.07981700043293,39.01349600004764],[-81.08103300042572,39.016581999952955],[-81.09393399997005,39.01558300007535],[-81.0923339998377,39.01978300018022],[-81.09433400000312,39.022281000288324],[-81.10253200013318,39.02148000013641],[-81.10493300015658,39.02718100001423],[-81.10963300009614,39.02808200032527],[-81.10993400039503,39.0298810000294],[-81.11223400013607,39.03068099992088],[-81.11343400023532,39.03378200025348],[-81.11203400011955,39.03708200019402],[-81.11393399982752,39.03648199999572],[-81.11643399958514,39.038481999682865],[-81.11603399955204,39.04248200016452],[-81.12483500010475,39.03978200013672],[-81.12873499997816,39.045082000187975],[-81.13353500037515,39.04308200034452],[-81.13608700001129,39.04516899976643],[-81.13826000042906,39.04329199979667],[-81.14474899974851,39.04283499989097],[-81.15076799961301,39.03971099985454],[-81.15523800029712,39.04034199972379],[-81.16268999988935,39.03474900031641],[-81.16222999958181,39.03076199994416],[-81.27269000000379,38.936338000263774],[-81.26956699973205,38.933037000005484],[-81.2693590002179,38.9287709998457],[-81.26636499981755,38.9261849999853],[-81.27020000029194,38.92448199990086],[-81.27754700030219,38.92430000012537],[-81.27401499977653,38.91871899982634],[-81.2794279997436,38.91337599983545]]]}},{"type":"Feature","properties":{"GEOID":"54017","NAME":"State Senate District 17","BASENAME":"17","STATE":"54","SLDU":"017"},"geometry":{"type":"Polygon","coordinates":[[[-81.84109600014895,38.396689000314936],[-81.8395780000324,38.37911900010694],[-81.82990699999162,38.37417299995483],[-81.8263290003335,38.370302999724586],[-81.82710599993513,38.36828999971734],[-81.82470699956156,38.370559999982824],[-81.82207299990965,38.36593699984452],[-81.81928699992177,38.36428000011688],[-81.81731299969564,38.36635999992041],[-81.8121430003011,38.361719999739535],[-81.81656200003327,38.35264499987583],[-81.80751399960835,38.347340000047566],[-81.80977700043779,38.33743400032489],[-81.80140000020762,38.33133899982176],[-81.80483300010077,38.326342999990885],[-81.80502200024667,38.32285599969708],[-81.79177299964947,38.31099500010823],[-81.78810600030289,38.30113300020052],[-81.78844199986355,38.296443999816425],[-81.78050099965147,38.29054999968396],[-81.77880299960982,38.293965000044125],[-81.77218399969573,38.2928730000991],[-81.75570499959494,38.297983000299546],[-81.7606439999091,38.29183899997466],[-81.75779400034713,38.28996300034724],[-81.75303699960786,38.2908159996567],[-81.7531880001189,38.2930250000713],[-81.74984999976199,38.29491900023307],[-81.7471890003459,38.29214499993714],[-81.7482449996068,38.28984799984531],[-81.74483600000308,38.289585999756405],[-81.74299300019649,38.29180200004152],[-81.74625200001238,38.293924999858305],[-81.74349799981158,38.29412600030466],[-81.74350299983443,38.29780800028988],[-81.73715599990688,38.29357600003364],[-81.73319599975903,38.29841599992315],[-81.74027900017865,38.29957199993585],[-81.72785599958688,38.309815999998435],[-81.72548700024885,38.308342000160486],[-81.726680999602,38.307678000325566],[-81.72511999982773,38.30487399966691],[-81.72181400015619,38.30629499974078],[-81.71823700032297,38.30548700002251],[-81.70445799999635,38.30969200000887],[-81.70317800042946,38.312243000037284],[-81.70161299955893,38.31019100006376],[-81.6970979995673,38.310624000127405],[-81.6952320001945,38.312291000120695],[-81.69357699981059,38.30953099975156],[-81.68240199989695,38.306547000226416],[-81.67740700040461,38.3027239998742],[-81.67332900025599,38.3047739997453],[-81.67060799966713,38.30833700033628],[-81.66715200020775,38.302599999744],[-81.65242399985205,38.304133000343306],[-81.6463380000404,38.30121299965251],[-81.64436399981426,38.29756800027514],[-81.63954199967598,38.29659100013476],[-81.63492499957708,38.292852000305196],[-81.63042800002712,38.294596000322315],[-81.62057399968825,38.2923920000049],[-81.61152399961351,38.2936890000758],[-81.60713599984348,38.29115399967872],[-81.6009279998331,38.2957099998186],[-81.59250499957214,38.29557299982952],[-81.59180699961324,38.29475600015878],[-81.5948660003109,38.29263399973553],[-81.59521000026747,38.28889099983904],[-81.59865200038149,38.287104000290796],[-81.59996999958318,38.28434200012476],[-81.60262000002692,38.284196000252955],[-81.60261699965389,38.282397999750714],[-81.59850000004552,38.281451999979666],[-81.59931600000519,38.28538400015894],[-81.59532400007029,38.28362100029771],[-81.59460600001991,38.28473899991411],[-81.59694099992106,38.28556899977819],[-81.59693300042346,38.28753799979168],[-81.59384699996163,38.28754500000116],[-81.59288200003901,38.29107500019628],[-81.59013200003616,38.28964899983992],[-81.58680700009802,38.283385000149245],[-81.5894030001151,38.27390499985698],[-81.57965699973126,38.267685999693725],[-81.57852799977712,38.26177000001559],[-81.57398500019642,38.261634000341004],[-81.57381799979183,38.257703999726836],[-81.57107500035998,38.258266000164404],[-81.55828699989523,38.24221599970348],[-81.52475200010859,38.21875699965784],[-81.51626000025068,38.20645700022436],[-81.50768100035413,38.199392999718455],[-81.49789599961223,38.19763099983168],[-81.47589599958933,38.20111399995693],[-81.46528899993828,38.20565800006475],[-81.46273399992909,38.20745600014713],[-81.46132100029281,38.211359000038634],[-81.45674400037691,38.212616999824604],[-81.44746900017127,38.21942900021438],[-81.43957599963974,38.22112700017317],[-81.43205499955222,38.21633499989926],[-81.42498899974936,38.20546200030637],[-81.4220560003467,38.20357599996457],[-81.40915699955389,38.203317000176426],[-81.39083399982162,38.2112709997437],[-81.38252299971366,38.212927000288076],[-81.37755699963533,38.20815699978342],[-81.37416499975005,38.195944000189584],[-81.36960700010071,38.19219700002537],[-81.34478099990699,38.18213199965107],[-81.33705599960496,38.181866999924914],[-81.33799600031152,38.183913000117116],[-81.32305899971843,38.18528299974411],[-81.31673199988238,38.18407099971746],[-81.31792899960857,38.18165199997182],[-81.31496100004583,38.180529000290214],[-81.23142099969432,38.26376799966287],[-81.25444599991427,38.37510100031612],[-81.28387199959013,38.47202899973238],[-81.1941130002559,38.52763400020003],[-81.22056100032326,38.53183900000155],[-81.274251999603,38.521830000113376],[-81.30348999985618,38.53479900028126],[-81.34933500025666,38.541300999924296],[-81.46537199977895,38.54989800029085],[-81.46643999963372,38.54792000025433],[-81.4716540003075,38.5463360002049],[-81.50754699956151,38.5827129997114],[-81.52216600013726,38.61274600008392],[-81.57820200026221,38.57706800018037],[-81.63283599972321,38.554370000008305],[-81.63556499980967,38.54485500028754],[-81.6372069997748,38.544830999779656],[-81.6448020003805,38.53565499980264],[-81.64456800002876,38.5264690003454],[-81.64817800037224,38.52616500018023],[-81.64495600036628,38.52279100006403],[-81.64394700006274,38.51675199966166],[-81.64647100010978,38.51654300024175],[-81.6493020003035,38.521422999765086],[-81.65157299973225,38.52154500002986],[-81.65515499958833,38.51882500013494],[-81.65721099983024,38.51386799966698],[-81.66078299964059,38.519735000259786],[-81.66520899994374,38.52194499965489],[-81.66860900022496,38.51769999991153],[-81.67237699985387,38.51885499966591],[-81.67815600041716,38.5167929998937],[-81.68233599977472,38.51284600003275],[-81.6787020000401,38.506455000276326],[-81.68486499984463,38.500935000259155],[-81.68064799977884,38.4963219997571],[-81.68109700021573,38.49428099984618],[-81.68367300014133,38.49285000019103],[-81.6890500001234,38.49531500008678],[-81.69204299980049,38.49233499968356],[-81.6926760003604,38.48690000018189],[-81.69768599992136,38.48496899981453],[-81.6983789998574,38.48154999974109],[-81.70380299969513,38.47467300024991],[-81.70947799960302,38.47711000026744],[-81.71386600027138,38.4742189997052],[-81.71881399990806,38.46791900006652],[-81.71955899972262,38.4590090001633],[-81.72155800006314,38.456564000015696],[-81.7240069997671,38.4561269998631],[-81.72486100025993,38.45874899976094],[-81.72241900022865,38.46544199985867],[-81.7275750002778,38.46599699994424],[-81.75430299982935,38.455750999779944],[-81.74679299961247,38.45125200005963],[-81.73938000037828,38.4500150000805],[-81.73804200018677,38.445531000013425],[-81.73036999958819,38.4411040003013],[-81.73335800014074,38.43977500028565],[-81.73573200039996,38.433604999840874],[-81.74291100018073,38.43248699993971],[-81.744211999664,38.42635599973936],[-81.7386830002443,38.42291499999],[-81.73127500013464,38.41486800026464],[-81.73080399995646,38.41009599968071],[-81.72669800021875,38.40412399976389],[-81.72602899967384,38.40040099988459],[-81.72279900017026,38.400435999935446],[-81.72137099956707,38.392336000219856],[-81.7155369996505,38.38808699997131],[-81.71568899998647,38.38272100025787],[-81.71385000037786,38.381810000093516],[-81.70793899957008,38.38740499968325],[-81.71055700022679,38.39612400002108],[-81.70161699975688,38.398401999714345],[-81.69987900043061,38.401565999812526],[-81.6858909998666,38.403013999665944],[-81.6831299999931,38.40634600010781],[-81.67969799992484,38.407448000243484],[-81.67671299974535,38.41192299985539],[-81.6697039998439,38.41050199995737],[-81.66365599966709,38.404782000036775],[-81.65843299967081,38.40906899992197],[-81.65414600018312,38.40884400002713],[-81.64746600016963,38.41350999997178],[-81.63045899998927,38.412821000100905],[-81.62544000020746,38.41022899968272],[-81.62252199997512,38.405371000065614],[-81.61782899970825,38.40180399964902],[-81.6173679995758,38.398839000114826],[-81.62058000043434,38.3944599997755],[-81.62058200008417,38.39130200012511],[-81.61581600002238,38.38438899984481],[-81.60658500019765,38.376010999737964],[-81.61044800026112,38.3677030000426],[-81.62170400036561,38.36288500013552],[-81.62085400007074,38.36090699964795],[-81.61550999970062,38.362780999847246],[-81.61506399963677,38.36165900000874],[-81.61049500011679,38.36573099975502],[-81.60671900009196,38.36682500006349],[-81.59616400031943,38.3663720003161],[-81.59380799960356,38.36069800005344],[-81.59472800021864,38.358338999755375],[-81.59186600006278,38.35740400019524],[-81.59457599988266,38.35202099992638],[-81.59243099995231,38.34974700005429],[-81.59327200002636,38.34864400017139],[-81.58969799966788,38.34825699977309],[-81.58576600000744,38.35143600006558],[-81.58334300024272,38.3482979999806],[-81.58433699957934,38.34751599999555],[-81.58126600008441,38.345291000086654],[-81.57600299990517,38.34631399997879],[-81.57209600035908,38.33803699972952],[-81.57490999993604,38.33275399974584],[-81.57974499959481,38.33006700007603],[-81.58675199984646,38.3333970003324],[-81.58884400007335,38.331297999880725],[-81.61744499956869,38.33509699975522],[-81.62714499992178,38.339096999684024],[-81.64386599987189,38.352308000064056],[-81.66896700042524,38.366012999709014],[-81.66868899969256,38.36717900017345],[-81.67978400013858,38.37241399964819],[-81.69050299994262,38.3742480002842],[-81.69894700011997,38.37429700018509],[-81.70568800023283,38.372097999687824],[-81.72770999999702,38.358646999974674],[-81.74000200016921,38.356142000304764],[-81.75079999961598,38.357241999973006],[-81.76941699997442,38.37375800015448],[-81.80161100009481,38.385341000271545],[-81.83036899994899,38.39108099978184],[-81.84109600014895,38.396689000314936]]]}},{"type":"Feature","properties":{"GEOID":"54003","NAME":"State Senate District 3","BASENAME":"3","STATE":"54","SLDU":"003"},"geometry":{"type":"Polygon","coordinates":[[[-81.7563840001856,39.17801200006125],[-81.74276499969255,39.142669000325974],[-81.74311700004505,39.14132500032242],[-81.7443949999621,39.143739999832924],[-81.74519400020336,39.138239000095986],[-81.7423529999639,39.111276999899054],[-81.74385400036203,39.10237800006201],[-81.7472539997449,39.09537900008151],[-81.53224800008178,39.00581799981496],[-81.53383099959734,39.0011589996842],[-81.53586400027302,38.99984899965915],[-81.53366699956581,38.997047999791405],[-81.53627900037473,38.994648999827],[-81.53715300006074,38.990164000056474],[-81.53285700035222,38.9873870003073],[-81.53391000013838,38.98483099970199],[-81.52942799975871,38.98216700029419],[-81.52956500002605,38.97746399969114],[-81.5453240004266,38.97152800019242],[-81.54963699985355,38.966937000268295],[-81.5500340004119,38.96034399966501],[-81.54772100025205,38.95711100002736],[-81.54343100039131,38.95563799973463],[-81.5441979999472,38.95360700011053],[-81.54123799988207,38.95293899976257],[-81.54168899996877,38.95079999992316],[-81.53877400010947,38.94467799989565],[-81.53376100017546,38.945900000257375],[-81.53190300030028,38.94286199975211],[-81.52662199967935,38.94144399981744],[-81.52552500041058,38.93801899978344],[-81.51935800040808,38.93609800026159],[-81.5205700002029,38.93371799994841],[-81.51618499990762,38.93079499972421],[-81.52038400043006,38.925821999679265],[-81.51437999973587,38.92511599977344],[-81.51230699977552,38.92267600005939],[-81.51293000028969,38.918788000304396],[-81.50627399966731,38.919628999918636],[-81.50119799998413,38.91796100009398],[-81.49797599997817,38.919755000097595],[-81.49717699973691,38.92401799987359],[-81.493409000108,38.92564199997063],[-81.49037200004996,38.92418299967368],[-81.48647200017656,38.926434999795525],[-81.48125900022602,38.924176999878306],[-81.47710900010738,38.925458000246856],[-81.47494099971247,38.928291000227354],[-81.47251799994775,38.92682500028408],[-81.46736299972353,38.92750299966374],[-81.4651280002798,38.9324769999235],[-81.46222599994097,38.93131899977716],[-81.45633199974995,38.93346500009682],[-81.45489800019729,38.94010000017626],[-81.45102799956281,38.93966700028258],[-81.44814799986362,38.94164500000525],[-81.415085999905,38.92072499968635],[-81.34391100041894,38.895633000064166],[-81.30889399960243,38.90810399982749],[-81.27846899966879,38.91485100001393],[-81.27472899962895,38.91742499988674],[-81.27410000016532,38.919139999967115],[-81.27754700030219,38.92430000012537],[-81.27020000029194,38.92448199990086],[-81.26636499981755,38.9261849999853],[-81.2693590002179,38.9287709998457],[-81.26956699973205,38.933037000005484],[-81.27269000000379,38.936338000263774],[-81.16222999958181,39.03076199994416],[-81.16268999988935,39.03474900031641],[-81.15549500021505,39.040241999774196],[-81.15076799961301,39.03971099985454],[-81.14474899974851,39.04283499989097],[-81.13826000042906,39.04329199979667],[-81.13608700001129,39.04516899976643],[-81.13353500037515,39.04308200034452],[-81.12873499997816,39.045082000187975],[-81.12483500010475,39.03978200013672],[-81.11603399955204,39.04248200016452],[-81.11643399958514,39.038481999682865],[-81.11393399982752,39.03648199999572],[-81.11203400011955,39.03708200019402],[-81.11343400023532,39.03378200025348],[-81.11223400013607,39.03068099992088],[-81.10993400039503,39.0298810000294],[-81.10963300009614,39.02808200032527],[-81.10493300015658,39.02718100001423],[-81.10253200013318,39.02148000013641],[-81.09433400000312,39.022281000288324],[-81.0923339998377,39.01978300018022],[-81.09393399997005,39.01558300007535],[-81.08103300042572,39.016581999952955],[-81.07981700043293,39.01349600004764],[-81.07503999960217,39.00998600031671],[-81.06813299980796,39.010684000184135],[-81.06443299995112,39.00898399995172],[-81.06053300007771,39.0092840001286],[-81.05973300001156,39.007884000283646],[-81.05323299992313,39.010383999663134],[-81.04573199992709,39.00898399995172],[-81.04523200033488,39.01078299981859],[-81.03835399995467,39.012817999683165],[-81.03481800012936,39.0118900000625],[-81.03363200027381,39.009583999731106],[-81.02833200028464,39.012583999759556],[-81.02483200044432,39.0124840003197],[-81.02643199967834,39.00988400015523],[-81.02313199985457,39.0081840002397],[-81.0169310004152,39.01088500007959],[-81.01483099979237,39.009284999708264],[-81.0072310000621,39.00878500010969],[-81.0047310003045,39.01158499994142],[-81.00253100012256,39.00958500000452],[-80.9983249999274,39.011276999850615],[-80.99850999987534,39.013360000267134],[-80.99557900012252,39.01406599992651],[-80.99034000023269,39.02059800026923],[-80.98209500024699,39.02022399994237],[-80.982123999661,39.026133000032054],[-80.97547200013491,39.0285740002245],[-80.97087099992955,39.02738399981791],[-80.96722600032429,39.0290180002745],[-80.96661600022892,39.03094899969496],[-80.96389999966294,39.0316709996537],[-80.96568399991828,39.03530299986452],[-80.96020300017913,39.038021999750754],[-80.95816700002872,39.03686800017748],[-80.95531099972064,39.0386630000683],[-80.94975100033878,39.038985000274764],[-80.94270800010213,39.042641000160785],[-80.93811899959233,39.042830000177936],[-80.93618899974713,39.04479000010588],[-80.92885699980548,39.04335500020832],[-80.9259999996725,39.04507300015331],[-80.92319500031637,39.04330100005825],[-80.91855399992804,39.04350500009839],[-80.91752799990607,39.045961999901785],[-80.91049899991313,39.047041999725536],[-80.90620900005239,39.050362000063174],[-80.90510500021261,39.05356899965986],[-80.89806799982375,39.05564099974956],[-80.89682900026477,39.057483000319834],[-80.89843900044282,39.06038099966138],[-80.89749500043662,39.06278099983798],[-80.8951060001088,39.0637700001495],[-80.89077199986713,39.06250499976],[-80.8897979997237,39.06474399979351],[-80.88777400016716,39.06493599981624],[-80.88548199992368,39.06380999993543],[-80.88136699996514,39.06822800027759],[-80.87741400038828,39.06865999989301],[-80.8784570001287,39.07289499982826],[-80.87695400008077,39.07390399982336],[-80.87366299957951,39.07431499981392],[-80.87162700032741,39.072674999749374],[-80.86760400043035,39.07378999979893],[-80.86293499955461,39.07126900021709],[-80.8590189997877,39.07356899965536],[-80.85825399988163,39.076878000158516],[-80.8518230002885,39.07970799975457],[-80.85455300019986,39.081686000279724],[-80.85400199965574,39.084155000297464],[-80.84347199999758,39.08488899984859],[-80.84084400019347,39.0824680003048],[-80.83502399962227,39.08237600025955],[-80.83361299963583,39.08483099976299],[-80.83131600026782,39.085416999949594],[-80.83188500035531,39.08873800010995],[-80.82808400021611,39.092118000300715],[-80.82344700002574,39.09314399997013],[-80.82275900011257,39.09162099983941],[-80.81881400003334,39.09159800003488],[-80.81813399961777,39.09655100018443],[-80.81104400042378,39.098904999664114],[-80.81162500020682,39.10236300032661],[-80.8088840004248,39.10430399966488],[-80.81222699990627,39.106539999737635],[-80.84776400040644,39.16863300022081],[-80.9138399997448,39.272947000049186],[-80.88874400011262,39.294298000091615],[-80.88810499970494,39.296982999823456],[-80.88975300041615,39.3006569996526],[-80.88395200011156,39.307767000184406],[-80.887883999772,39.31293099985859],[-80.89144800008472,39.31491200027932],[-80.88994400021187,39.32163400016964],[-80.8924530001903,39.32517899969109],[-80.88924399970483,39.3303060002602],[-80.8847370001091,39.330694000057015],[-80.88305800033406,39.33650500028521],[-80.8850180003165,39.34132399999512],[-80.8807230004329,39.34566099971976],[-80.88565000015318,39.35147099968971],[-80.88229799955255,39.35394600020866],[-80.88372899963048,39.36072299992741],[-80.88634499973905,39.36039199996802],[-80.89028099959745,39.36591200010742],[-80.89524300037614,39.36768199967364],[-80.89494200007725,39.37002700011658],[-80.89754599959194,39.373299000008586],[-80.90344099960787,39.373038000251505],[-80.90443800021585,39.37812100000987],[-80.91028399982798,39.37489899990111],[-80.91897099967956,39.38416199989377],[-80.92874300000268,39.38578599993311],[-80.93213999991082,39.3891190003127],[-80.93740300009007,39.38656499997342],[-80.93686599978965,39.38523000034663],[-80.940044000313,39.38294999974925],[-80.94023699975851,39.37993099967932],[-80.94284899966911,39.37840699973055],[-80.94182000017243,39.376545999849036],[-80.94357099991748,39.37373099985713],[-80.94082000008972,39.37065399991217],[-80.94056200034686,39.367286999925696],[-80.941875000424,39.362796999672696],[-80.94630099982885,39.35957799997893],[-80.9456909997335,39.35699099977965],[-80.948824000051,39.34984799990019],[-80.95234900000568,39.34824199996987],[-80.95269200013735,39.345914999907556],[-80.9578699999278,39.34378799988391],[-80.95771400029217,39.340073000338414],[-80.9628619999454,39.33956099992296],[-80.96879799996921,39.34416400010229],[-80.97140300020712,39.343427999848714],[-80.97451600043314,39.345447999870814],[-80.98666700014003,39.347327999993134],[-80.98810200041592,39.34401699991592],[-80.99294200009756,39.34314199998502],[-80.99451999959027,39.34105599999939],[-81.00003100036494,39.34207800004965],[-81.00216500042467,39.34051099991306],[-81.004230999814,39.34387799977668],[-81.00673099957162,39.344678000213726],[-81.00553100037067,39.347978000046076],[-81.0078360001346,39.35092300005951],[-81.01523199965035,39.41009199996893],[-81.02316199999179,39.441820999709314],[-81.02546900030387,39.46381100024584],[-81.03035699966608,39.46794300019912],[-81.04263100029495,39.468610000228345],[-81.05158799958497,39.474379000234364],[-81.05985799968502,39.476388000331276],[-81.06126899967147,39.476431999860516],[-81.05999900015034,39.472517999910046],[-81.05404800005789,39.467447000175625],[-81.05667099983916,39.46340400027322],[-81.07910699988014,39.46752300003383],[-81.08577500019805,39.46453899993476],[-81.09141900014382,39.45830800009305],[-81.09564999955502,39.457180999937314],[-81.100562000105,39.4602999997385],[-81.10117200020036,39.46232700002276],[-81.1069130002305,39.46357099998253],[-81.11733199956059,39.45660199984591],[-81.12153299973285,39.45777500019058],[-81.1285330003118,39.44937499993649],[-81.1344340001755,39.44507499965958],[-81.16352000009275,39.4411860001876],[-81.17993399989619,39.43512100003481],[-81.18594600008798,39.43073099994293],[-81.19071399979961,39.42356200017396],[-81.20823099961791,39.407146999982515],[-81.21143300043072,39.40203099992227],[-81.21165400036364,39.392977000085146],[-81.21731500002785,39.387590000115885],[-81.22358099976456,39.38606200022545],[-81.24435899994688,39.390410000118656],[-81.25038000035951,39.39010600029397],[-81.25978600008642,39.38669900029545],[-81.27070800028005,39.38591899987817],[-81.28140399961957,39.37925900018896],[-81.30177000007326,39.372227999677946],[-81.34492700039516,39.34679399986775],[-81.35691099969746,39.34317799987194],[-81.37596099970096,39.34169699969437],[-81.38455600038935,39.34344899987275],[-81.39379399988677,39.35170599984329],[-81.40668899958332,39.388089999988495],[-81.41270599979798,39.39461800033601],[-81.43564200032947,39.408474000275596],[-81.44654299970841,39.410373999996764],[-81.45614299960407,39.40927400000249],[-81.47318699959435,39.40016900010706],[-81.48904399990421,39.38407400014962],[-81.50318899992871,39.37324200027262],[-81.5243090004178,39.361610000157434],[-81.53447000000502,39.358234000032695],[-81.53684599991408,39.35497400001379],[-81.5423459999198,39.352874000112685],[-81.55754700010351,39.338773999765],[-81.56504700027466,39.29387399981051],[-81.56524700029118,39.276175000014035],[-81.5702469998064,39.26767499965904],[-81.5855590003182,39.26874699969276],[-81.59516000003877,39.273386999917456],[-81.60840799991276,39.27604299975479],[-81.62130500015745,39.273642999719996],[-81.64317799995872,39.27719500033251],[-81.6561379999526,39.27735499988043],[-81.67759499982728,39.27417099996627],[-81.68948299976843,39.266043000209365],[-81.6963800004152,39.25703500029495],[-81.69663599960994,39.24612299995544],[-81.69106700000722,39.23013899965923],[-81.69239500015301,39.2264429998741],[-81.70090799992731,39.220843999963236],[-81.72562199996807,39.21590500004718],[-81.73267699990026,39.20548100003701],[-81.73450999966109,39.196145000336514],[-81.73687399987458,39.1926280000212],[-81.74148500012568,39.18920000031519],[-81.75199899989032,39.18551399981065],[-81.75590799998454,39.18107300009393],[-81.7563840001856,39.17801200006125]]]}},{"type":"Feature","properties":{"GEOID":"54010","NAME":"State Senate District 10","BASENAME":"10","STATE":"54","SLDU":"010"},"geometry":{"type":"Polygon","coordinates":[[[-81.38082899987,37.969108999767144],[-81.37983399981017,37.96821800029704],[-81.37262999991505,37.97134100034585],[-81.36987999991219,37.970430000283464],[-81.36667600034788,37.972909999715675],[-81.36203499995955,37.97129100007903],[-81.35457300032157,37.973625000244006],[-81.35245099995743,37.97601200003979],[-81.34714799959521,37.97668500014874],[-81.34286799978022,37.96984699983207],[-81.3401710003791,37.96894899973608],[-81.33738899969089,37.97014699974125],[-81.33209999957235,37.96730499977397],[-81.3188960000793,37.97692300022326],[-81.3216970001358,37.97093900023965],[-81.31250099957286,37.970611999797995],[-81.31073700030733,37.968099999663686],[-81.3126019998552,37.96728400029618],[-81.30988600018753,37.9669730002455],[-81.30584700039698,37.97257000010632],[-81.30212099970254,37.974716999686926],[-81.30004100006948,37.9799750001675],[-81.29659999978041,37.97908100002035],[-81.29290800031949,37.97419100033092],[-81.28473399958057,37.97316899991723],[-81.28351500011306,37.97468099996423],[-81.2807090000337,37.97357799978532],[-81.28171900016216,37.97612900013886],[-81.27718499990395,37.975909999746754],[-81.2728740001268,37.98072900024977],[-81.26303999987944,37.978362000234796],[-81.2589330003168,37.9828770002544],[-81.2510060003484,37.97076400032306],[-81.23985200035118,37.97061500029597],[-81.2333620003085,37.969366000030014],[-81.2327079998322,37.96751499988658],[-81.22862700020883,37.965589999978775],[-81.22153200009365,37.966051999885266],[-81.21909699973506,37.969367999923804],[-81.2142560002285,37.97200799991107],[-81.20802999977647,37.97302900030453],[-81.2013229999988,37.97168600026709],[-81.18805400020842,37.9797190000326],[-81.17500100032812,37.98127400035206],[-81.17472900034156,37.98390400017945],[-81.18011499964616,37.98984399989855],[-81.17718300006841,37.99825199972943],[-81.16951999969066,37.99254299987225],[-81.16449500006111,38.00132099967062],[-81.15796999985831,38.00346799969446],[-81.14439700029433,38.00363200025163],[-81.14331900039383,38.002138000229436],[-81.13594399989616,38.00927799984187],[-81.1354190001896,38.01050899998185],[-81.13781600001504,38.01321299990341],[-81.12788999970614,38.01332699996246],[-81.12511399976401,38.01857199995745],[-81.1212979995562,38.015525000072714],[-81.10912299955989,38.02072399985748],[-81.09712199964082,38.019901999940494],[-81.09720899967947,38.01268999998609],[-81.10650399997658,38.01049299989067],[-81.11130799967323,38.012585000236356],[-81.11329000029528,38.01529400015847],[-81.11414100041507,38.010408999708694],[-81.11657000002758,38.009185000090284],[-81.11765100030114,38.005953000344576],[-81.1215700004411,38.00272300009454],[-81.120401000304,38.004922999964826],[-81.12150400031885,38.00496399985582],[-81.12508500035001,38.00062099989997],[-81.12837000010518,37.99917600028479],[-81.12739699978665,37.98977500012307],[-81.12302300026033,37.98943700011084],[-81.12255200008214,37.986970000235374],[-81.11987900007219,37.987503000068614],[-81.12022399985366,37.98629899970977],[-81.13127900011669,37.984111000299],[-81.13024300004898,37.98329900022106],[-81.1313579997594,37.98148599971939],[-81.1345889999862,37.98078300033403],[-81.1288859995909,37.97933499992618],[-81.12509399967253,37.981540999735756],[-81.11804399976319,37.98244999972569],[-81.1161640001467,37.98328899981704],[-81.11413200019425,37.98803400018463],[-81.1091090002145,37.98783199969742],[-81.11015399960473,37.985203999932615],[-81.10783799997014,37.984083000323835],[-81.10473300014004,37.98571899986211],[-81.10530800007531,37.987742999853],[-81.09617900035785,37.990944999849084],[-81.0859479995521,37.991966999801306],[-81.08585899986363,37.986397999871436],[-81.08264799972834,37.986796000017286],[-81.08238300031277,37.985682000147165],[-81.07094999975797,37.98462900003669],[-81.06963099983304,37.98633000011088],[-81.07130700013334,37.98746599983733],[-81.06781099959268,37.98757499966156],[-81.0691420001115,37.98100900028169],[-81.06335900024855,37.979333000303875],[-81.07039800028726,37.97895199975104],[-81.07744300017372,37.97072500029288],[-81.07764099964211,37.96824300006482],[-81.07561700008557,37.967285000271495],[-81.08317599980792,37.96488399987784],[-81.08377599985755,37.96078500015815],[-81.07912199994875,37.95617800023835],[-81.07860599956472,37.95339300024992],[-81.07386799999034,37.95187499987029],[-81.06583600043996,37.94268499995886],[-81.06482999961113,37.93674000023189],[-81.06105199993648,37.93132999978769],[-81.06013300004464,37.924777000166166],[-81.05629900029348,37.919873999885944],[-81.04239500029338,37.91380600021657],[-81.03084700011085,37.91315000020728],[-81.02538200026522,37.9107830001656],[-81.02493899967612,37.90901499967102],[-81.02560999987088,37.90554400010783],[-81.02861599996676,37.903277999694396],[-81.0562440000419,37.89848099998007],[-81.06442000043064,37.89375399981926],[-81.06573000013474,37.888965000249975],[-81.06167399972742,37.8825430002751],[-81.06473800044795,37.87940599997342],[-81.07312200035084,37.8763750002966],[-81.0705010002194,37.86610700013203],[-81.07315599978772,37.86040099991111],[-81.09856299976448,37.860034000004056],[-81.10077999966488,37.85876700034777],[-81.10043999990627,37.85502900012724],[-81.09009500019602,37.8495819999714],[-81.07471300026234,37.85372500007093],[-81.05960699961487,37.85535000004195],[-81.05113800022147,37.8583019998701],[-81.04888100013811,37.856249999965705],[-81.04898200042047,37.850697999956644],[-81.05908000025849,37.84077700009649],[-81.05544300015082,37.83428800020206],[-81.04057800042607,37.83391199965153],[-81.02464599977317,37.82929800031118],[-80.97835500020715,37.833030999683345],[-80.96646300006803,37.83206100019548],[-80.95889500012487,37.82870800025507],[-80.94971000033088,37.82137800014832],[-80.93727900024152,37.81691900007457],[-80.93247800001963,37.81255299998824],[-80.92632100006287,37.8097300000485],[-80.92143500035047,37.793407999957076],[-80.9015629996412,37.78173600002484],[-80.89360899990862,37.77173699971762],[-80.89647100006447,37.76279299982894],[-80.90192099984148,37.756737999849996],[-80.91017500004804,37.7554860002645],[-80.9179799998177,37.75193900016174],[-80.92188399988905,37.747936999683496],[-80.92333400023355,37.74219599974301],[-80.91741300027834,37.73737900001021],[-80.89690600025766,37.72770899977939],[-80.8918399997219,37.71811700004068],[-80.88997000015114,37.701512000030085],[-80.88022299994239,37.69492600021123],[-80.87793499989688,37.69210900018222],[-80.87738300042616,37.68764800029586],[-80.87954199970191,37.68266499978688],[-80.88231599999422,37.680766000117146],[-80.89311299961608,37.67709999994147],[-80.89458300005205,37.672429000037084],[-80.90020699990635,37.67566100021003],[-80.89775999985218,37.68997600009414],[-80.90866199995435,37.70043299983484],[-80.914783999751,37.70320500026417],[-80.92899999992062,37.70534199993503],[-80.92865699978894,37.707693000173926],[-80.93140000011911,37.7109059999265],[-80.94524499966964,37.71527200022199],[-80.96191600028938,37.711977999808646],[-80.97674400020418,37.714873999812916],[-80.98033399955786,37.70639399999437],[-80.97262900024565,37.69902000024836],[-80.97420699973833,37.69606399999636],[-80.98423400032956,37.69407300017093],[-80.9879750001943,37.689828000133716],[-80.98907599966103,37.68561599977858],[-81.00521900020114,37.67908400022691],[-81.0075390000337,37.67317200034926],[-81.01123100039294,37.67417799981686],[-81.01410000022148,37.671247999856995],[-81.0167549997898,37.67177399973476],[-81.02170099977666,37.66960900026217],[-81.02943600012442,37.66207000035544],[-81.02755800015774,37.65856000026833],[-81.03675999967014,37.656339999791406],[-81.03962000017617,37.65287000021121],[-81.04852700013579,37.64936099977958],[-81.05050899985953,37.64678099977817],[-81.06028899968025,37.644742999902846],[-81.06868299962888,37.64051699984578],[-81.06530900018525,37.635908999927814],[-81.06685200041619,37.63371900018223],[-81.07429800016065,37.63183499990293],[-81.06917100042381,37.628798000067995],[-81.06881499987335,37.62231699989213],[-81.06621499965833,37.620016999920324],[-81.06701499972449,37.61561700020707],[-81.06461500042431,37.61381700018854],[-81.0641569997666,37.61126499993857],[-81.06917600044669,37.608958999831344],[-81.06966299962009,37.60529799992247],[-81.07713699985194,37.59966299980959],[-81.0808159997924,37.60041699968333],[-81.08743800007957,37.597971999747344],[-81.09080700039864,37.59194499970993],[-81.09463000027914,37.58865799978871],[-80.88343099970464,37.44627000010304],[-80.85735900027923,37.42720600032562],[-80.85222599979632,37.42665700011564],[-80.84567899985223,37.42333499991427],[-80.84167199984871,37.42597099994126],[-80.83767800026399,37.42565799984914],[-80.80858700032388,37.406536999755495],[-80.80614899959224,37.40402600009094],[-80.80704400009294,37.40164599965917],[-80.80574299971136,37.39795400019255],[-80.8024989999641,37.39826100007503],[-80.79944799966236,37.39574400011366],[-80.7841879999274,37.39458700002008],[-80.7831309999433,37.39024699985267],[-80.77700699959851,37.384840000238],[-80.77008200026094,37.372363000275286],[-80.7598859996153,37.374882000239154],[-80.74872199957234,37.38005000023899],[-80.74339099962101,37.37985099991626],[-80.72780399964792,37.38637900004108],[-80.72570200027357,37.38552200025269],[-80.72068400031671,37.38931899969449],[-80.71629800019649,37.3886940001656],[-80.71547899986378,37.39070700020119],[-80.7052029997505,37.39461799969347],[-80.69747400014882,37.39960099982671],[-80.68510699963356,37.40409499984117],[-80.65242600033976,37.42063399992719],[-80.64589299974105,37.42214700026273],[-80.6369470003217,37.42747099964512],[-80.63737900014183,37.429372000002914],[-80.63438999976437,37.431227000338396],[-80.6226640002049,37.433307000295585],[-80.62211699985875,37.43596899965414],[-80.61680199980094,37.43944299978257],[-80.60020399987448,37.44617299995823],[-80.5858560003587,37.456654000083944],[-80.58288399969969,37.456657999833396],[-80.5814629996675,37.45913800010639],[-80.57625499973982,37.4620480001203],[-80.55203600016671,37.473562999816245],[-80.53688900040967,37.474008000289714],[-80.53237199986991,37.47712400019223],[-80.52348099980381,37.47690499993064],[-80.51864199994709,37.47930400003757],[-80.51513899973372,37.47856599989969],[-80.5113910001963,37.48167200014058],[-80.4929810004254,37.457748999982634],[-80.49727899978375,37.444779999734614],[-80.49486000021699,37.43507200018021],[-80.47546500043201,37.422953000064524],[-80.46481600004985,37.426144999921135],[-80.45730400018314,37.432269999950286],[-80.4430090003708,37.43813099966976],[-80.42562899992151,37.449885000146985],[-80.37195100016227,37.474068999933486],[-80.36317100042427,37.480000999891224],[-80.36683699994595,37.48487899992754],[-80.34377999993893,37.49215100026772],[-80.32709999999672,37.49537699978633],[-80.299789000114,37.50827099968232],[-80.28239100012138,37.53351899985918],[-80.29166700015193,37.53651600000104],[-80.30934700017686,37.52738000003313],[-80.33036800003345,37.53626700010758],[-80.32749099980897,37.540140000302785],[-80.31446999971571,37.544055000077755],[-80.3122009999368,37.54621999982602],[-80.32850400031046,37.56431500007608],[-80.25891900001267,37.59549900033297],[-80.24027200041532,37.60696099976949],[-80.22601699988763,37.62005899964748],[-80.22098399986214,37.62776699966773],[-80.24079100027409,37.638324000247465],[-80.267503999757,37.64615599988975],[-80.27937199960668,37.6570770002218],[-80.29613799976264,37.69178300008122],[-80.29535000029034,37.693407999772255],[-80.28710699995446,37.69640399972758],[-80.2765770002963,37.70554900022815],[-80.272340000139,37.71127900002453],[-80.26814900001249,37.71288299993228],[-80.2644059995996,37.718785999670025],[-80.25814300023595,37.720612000114656],[-80.25222700030362,37.727261000347596],[-80.25202399991403,37.729824999993156],[-80.26031300028069,37.73351700014375],[-80.2627650003577,37.738336000171195],[-80.25931499984779,37.74496100010171],[-80.26028999981615,37.7498910001399],[-80.25741099994185,37.75608400011268],[-80.25087900006636,37.75551599991121],[-80.2493459998812,37.75750100004883],[-80.251655999668,37.763247000275776],[-80.24838900035452,37.768250000189965],[-80.24456300010097,37.7670049998694],[-80.24143700035447,37.76805800021216],[-80.2408630002441,37.77244199982724],[-80.2358920001429,37.77312999990641],[-80.2304580002594,37.77830499967056],[-80.22705299995535,37.77885999993144],[-80.2251630002931,37.77691699974288],[-80.22182699958601,37.77829299967647],[-80.21660500031295,37.77596099982759],[-80.21589200028542,37.78198900018769],[-80.219081999606,37.78336799975033],[-80.22348500034298,37.78244400028543],[-80.22453700030421,37.78459499977776],[-80.22304000010405,37.78672300006311],[-80.22948900013884,37.79233099966194],[-80.2276899998149,37.79789199967217],[-80.21861100032615,37.80978300011238],[-80.216228999671,37.80982000034865],[-80.20648200036057,37.81596999966879],[-80.2028529997505,37.82423999999643],[-80.19296599979967,37.83474999993767],[-80.17939099968756,37.83975100034866],[-80.18355500004989,37.8468099998495],[-80.18275499998374,37.85136499972108],[-80.18141099994443,37.85290300012566],[-80.1767410001421,37.85275699986891],[-80.17619600034408,37.8552650003442],[-80.17164100016947,37.85896600025377],[-80.17203299980663,37.862144000225946],[-80.16895700028886,37.86711599973988],[-80.16507300030898,37.86902499966059],[-80.16537299988464,37.870867000075215],[-80.16220199993231,37.87512200027424],[-80.14984799983581,37.883364000331106],[-80.1489509996853,37.88689200016378],[-80.14152199965925,37.88243599999955],[-80.13798699965885,37.886283999836024],[-80.13193099998443,37.88950000013924],[-80.12976799961241,37.89415899979313],[-80.12361999987648,37.897943000218675],[-80.12061299995567,37.89673500023539],[-80.11774699960186,37.897719999819614],[-80.11896699979259,37.90361399978761],[-80.11146599979655,37.910526999828576],[-80.10720500024813,37.91244200006824],[-80.10293100028092,37.9189109996812],[-80.09656300043697,37.9181119999304],[-80.09105800040838,37.9269060000046],[-80.07610499992178,37.938946000313734],[-80.07451400001028,37.94222099978539],[-80.0560559996605,37.95195899978723],[-80.04687199969145,37.96005500025623],[-80.0444759996909,37.960079999970255],[-80.04042299965666,37.965619999923],[-80.03690799974771,37.96590700018623],[-80.03597999963503,37.96824899983784],[-80.02214099993226,37.97802099985053],[-80.02063100021164,37.9807479998381],[-80.0131450002842,37.98425300021095],[-80.01219299988207,37.98863299981057],[-79.999382999676,37.99490799986462],[-79.99885299994658,37.99971099969445],[-79.9963959998467,38.00060400025322],[-79.99490399966939,38.00407699968681],[-79.9954879998255,38.00712499993426],[-79.99011400021647,38.01324599965939],[-79.98614200037304,38.01418200006209],[-79.98484199981638,38.01661000003055],[-79.98561900031633,38.01916000025235],[-79.98029000001483,38.02759600030272],[-79.9752689996849,38.030074999909836],[-79.97408500037749,38.03439200005779],[-79.97160099961509,38.03523200001773],[-79.9738950004067,38.04000400019042],[-79.96607999969297,38.05082000035156],[-79.95984400009351,38.063696999958985],[-80.10689100042876,38.055844999670185],[-80.16905100000018,38.03610999975589],[-80.17849799973497,38.04005200022628],[-80.18419299973435,38.04077199981822],[-80.18863900012902,38.0391130000476],[-80.19299599993691,38.04230600035144],[-80.1977610001738,38.042946999706004],[-80.20592900016662,38.037562999999274],[-80.2103500004469,38.037073999893074],[-80.21698699990436,38.04269199972987],[-80.22216899989277,38.043753999729184],[-80.22431499964804,38.04206099973065],[-80.26465300037012,38.04661599971638],[-80.36329500027284,38.11433100014919],[-80.36004800015253,38.225845000274724],[-80.60947900008013,38.35863700022145],[-80.61275499961445,38.36698300010765],[-80.62551999961467,38.35439199994682],[-80.63344300028342,38.37510799981905],[-80.63542199963413,38.37582699988495],[-80.66166800003512,38.41250999967542],[-80.64072499999635,38.42417299965827],[-80.67829100007594,38.50349200007324],[-80.65078600002447,38.5265899997464],[-80.65648799969655,38.528237000098265],[-80.659144999813,38.527291000246805],[-80.65912800009455,38.52541199981931],[-80.66995800022669,38.5274959999708],[-80.67536899964564,38.5301600001688],[-80.67513500019221,38.53203699966304],[-80.67757200020064,38.53306200002694],[-80.6885110001127,38.53172700001567],[-80.69109899973388,38.53464099976176],[-80.69473099981867,38.533367999758084],[-80.6971910002916,38.537313000159266],[-80.7008509999655,38.53336300002551],[-80.71034100025628,38.53424400023844],[-80.71153999963231,38.53702300008176],[-80.71635000007504,38.53685800024276],[-80.71914500028373,38.53225999993894],[-80.72388700005608,38.536166000066586],[-80.7267469996638,38.53227699999145],[-80.73080600044416,38.53441400011134],[-80.73727499967215,38.5324419997968],[-80.73787100042213,38.52890599975038],[-80.73625100019831,38.52454700009551],[-80.73945700031075,38.52403600023783],[-80.74247699975204,38.52702299989136],[-80.75045499977406,38.52552599990689],[-80.75191099996634,38.532780999972594],[-80.75820099999248,38.535181999953686],[-80.75777099982217,38.53789699985433],[-80.76067499981082,38.53792799975018],[-80.76029400004431,38.54151200018522],[-80.76490500029541,38.5444329997918],[-80.77056699978452,38.54450699986796],[-80.7725359999878,38.54699199981703],[-80.77733999968443,38.548044000041656],[-80.77972999983719,38.556218999861336],[-80.78517700013946,38.557648999934294],[-80.88123200024594,38.5070449999198],[-80.87585400043893,38.50296300017867],[-80.86724700005497,38.504003999900235],[-80.8646080003802,38.50010200000335],[-80.8252749997637,38.49436299986307],[-80.81742399996328,38.47855300031157],[-80.91136099990356,38.414784999756854],[-80.99982499960231,38.37230700017048],[-81.0047229999086,38.36876399978481],[-81.02893099961103,38.35891199997693],[-81.23143400011311,38.26371600000279],[-81.31496100004583,38.180529000290214],[-81.32153499975408,38.18352500031493],[-81.3292640002541,38.18237400014969],[-81.3290419995979,38.176942000254144],[-81.3267519999026,38.17445200029995],[-81.33316300030256,38.1613059996994],[-81.38082899987,37.969108999767144]]]}},{"type":"Feature","properties":{"GEOID":"54016","NAME":"State Senate District 16","BASENAME":"16","STATE":"54","SLDU":"016"},"geometry":{"type":"Polygon","coordinates":[[[-78.14810899966548,39.33777799999844],[-77.82829900012,39.13242600006469],[-77.82210100015536,39.14010500033518],[-77.82334599956214,39.14562499981372],[-77.82136999968615,39.15235100005566],[-77.81362600001587,39.16441800018418],[-77.80604899985184,39.17173699981102],[-77.8049049998291,39.17905099977323],[-77.79816399971624,39.19251799965494],[-77.79815700004355,39.200702999957045],[-77.79263199992349,39.20899800010471],[-77.79266299988562,39.21138799966728],[-77.78884099983003,39.21486500008326],[-77.78592699979562,39.21966599968715],[-77.78632199980584,39.22180700018701],[-77.78079900023391,39.2287209999597],[-77.77741599967113,39.229702000224485],[-77.77136500001959,39.23649299978489],[-77.76722699959652,39.249009000340656],[-77.77093700039742,39.249445999871995],[-77.77010200017115,39.25636899975717],[-77.76292800041325,39.25827300026688],[-77.76176799959866,39.26303100034609],[-77.75837999991136,39.26508600001954],[-77.7579670003578,39.272251999749095],[-77.75310500003653,39.27733999989488],[-77.75272599991985,39.28337299974128],[-77.74829499959381,39.29369599994711],[-77.73841000019111,39.308190999729746],[-77.73069699958464,39.315603000107465],[-77.72163800018737,39.31849400007792],[-77.71951900019627,39.32131400013024],[-77.72768499964096,39.32211400026355],[-77.73469199989259,39.32706599971633],[-77.75572799981778,39.333938000008835],[-77.76086200012561,39.340026999941536],[-77.7595160004365,39.344872999783256],[-77.74759599980997,39.35132699975191],[-77.74365800030175,39.35919000005725],[-77.743640999685,39.36466299979329],[-77.75230900016834,39.37739800010635],[-77.75297699999001,39.38167899989774],[-77.7488789997499,39.38444099979289],[-77.73873700042925,39.38573599991431],[-77.73573999965588,39.3894589999144],[-77.7388040003764,39.39976099998485],[-77.74640300028175,39.40936900023232],[-77.75294299965482,39.42304100020762],[-77.76144700010661,39.42794100013821],[-77.78633199985158,39.428876000261255],[-77.79431599972138,39.430925000125505],[-77.80320500013765,39.43711100031639],[-77.80091100024438,39.440674000243625],[-77.78823900013059,39.44295000017471],[-77.78526499982173,39.44540300004472],[-77.7861209999644,39.447440000032564],[-77.79826900019654,39.45613100024798],[-77.7980060004308,39.46076900004981],[-77.79267399975627,39.462064000316],[-77.78060099986719,39.459843999870685],[-77.77760499981703,39.46225300020315],[-77.79538399957616,39.47124700027752],[-77.79800399988268,39.47523199989229],[-77.79719600031889,39.48013899979483],[-77.78780999978518,39.48546300001722],[-77.76727799965013,39.491271000158626],[-77.76547699967635,39.4945530001151],[-77.76772100023925,39.49734200013986],[-77.77122000025463,39.49897299986199],[-77.78215300031893,39.499036000193236],[-77.79124400040156,39.491117000223966],[-77.79725200039542,39.48946500014157],[-77.80734600003548,39.4901299996659],[-77.81936100019824,39.493548000185804],[-77.82557199968336,39.49328899988569],[-77.82878100016883,39.48601100027649],[-77.83169100000526,39.4834910000344],[-77.83226299956749,39.47874300004413],[-77.83859199995169,39.47091900029421],[-77.84095399961703,39.46365399965573],[-77.83943700022368,39.46071000014451],[-77.84368400042672,39.45878199992327],[-77.84705700004542,39.45073399985889],[-77.8471399998861,39.44655700009296],[-77.85699699969972,39.44072900030017],[-77.85888499971213,39.43732600031375],[-77.86389000014852,39.43359299997106],[-77.86330599999243,39.43521899975617],[-77.88740400009002,39.43097100031851],[-77.89552199985413,39.4271930001662],[-77.92594400031305,39.42291699983763],[-77.93757799981098,39.42438799988883],[-77.95583500031933,39.432923999907416],[-77.96418700043515,39.43996599976273],[-77.96943600037072,39.44220799983741],[-77.96740600006807,39.44505899993967],[-77.97254000037589,39.4460509999025],[-77.96752599971867,39.46161199988788],[-77.96300900007721,39.469080999986595],[-77.96587100023308,39.474971000218176],[-77.96512399987036,39.4784790001278],[-77.96916900040702,39.48014400030833],[-77.97293399966289,39.48443900006395],[-77.98692700024975,39.4848590000271],[-77.99541200043498,39.49180800000811],[-78.00939199970473,39.494288999903794],[-78.0122610004316,39.49749199976616],[-78.01115300039385,39.50097000016136],[-78.0188230004443,39.507963999700785],[-78.01767400039869,39.516296999841686],[-78.02854399981547,39.50895300022806],[-78.03063600004239,39.5119160002674],[-78.036317999623,39.512787999901896],[-78.03984000010291,39.516199999926656],[-78.0450420001828,39.513066999827906],[-78.04905800040717,39.51375799971166],[-78.0576719995655,39.5118940002972],[-78.05928799959136,39.5102489997396],[-78.06582299983988,39.49359100031888],[-78.06444600018864,39.48897099974504],[-78.05852500023343,39.48767400027522],[-78.06054100029237,39.486184000314246],[-78.05820600039121,39.48684999974794],[-78.05658000031961,39.483729999760826],[-78.05762700025798,39.4818459997281],[-78.05626499977703,39.48020500002615],[-78.05841300008044,39.47607599984535],[-78.0559259998433,39.474672999661266],[-78.06161699964474,39.466315000162716],[-78.06406700007194,39.456748000001994],[-78.07829699958695,39.438537999885675],[-78.08944100043676,39.42058099990506],[-78.08964899995091,39.416344999731],[-78.09356700026596,39.41401399995648],[-78.11042700013324,39.388645999700074],[-78.13568199977406,39.3602539999141],[-78.144654000031,39.34721799974944],[-78.14810899966548,39.33777799999844]]]}},{"type":"Feature","properties":{"GEOID":"54005","NAME":"State Senate District 5","BASENAME":"5","STATE":"54","SLDU":"005"},"geometry":{"type":"Polygon","coordinates":[[[-82.64459099965542,38.16590399993603],[-82.63862799986741,38.155914999855625],[-82.63698900027534,38.138718000260624],[-82.62859899962635,38.13531500028939],[-82.62686200012499,38.13936699982218],[-82.61687200024198,38.14703300000219],[-82.61429999961605,38.15218800007604],[-82.60895899961899,38.14617399971838],[-82.60315700038778,38.166672000164034],[-82.59843099961066,38.17744499971755],[-82.59695799969992,38.17467700000197],[-82.5863600002697,38.19036800000696],[-82.58292599965333,38.19055800023706],[-82.57898499977203,38.19393000018017],[-82.57739800005851,38.19192599968833],[-82.5545159999537,38.19660899980253],[-82.5511240000684,38.19308100029493],[-82.54156099998266,38.19066600008745],[-82.5342700000489,38.193571999841254],[-82.53037500019839,38.19977800013075],[-82.5016580003521,38.21542699970259],[-82.50381499997803,38.21975800024544],[-82.50184900014781,38.21890100034999],[-82.49706700019247,38.22243199997142],[-82.49333399982535,38.21745599992878],[-82.48817100010352,38.2164420002333],[-82.48725300003659,38.21359900033811],[-82.4846779999359,38.21231299969517],[-82.48506799992325,38.210338000202896],[-82.47636799965287,38.20111999971063],[-82.47192200015652,38.20352499988015],[-82.46980999983813,38.19865700031309],[-82.46743999977686,38.19797400030633],[-82.46086100004571,38.20020100025917],[-82.45744300022116,38.20491899968174],[-82.45116099969263,38.20448899969344],[-82.447603000126,38.208830999819284],[-82.44905699977015,38.21112700018655],[-82.44640300002675,38.21147900001265],[-82.44540200011913,38.21365900026768],[-82.44032800008576,38.212708999808505],[-82.43751100013574,38.20872600000313],[-82.43747699980055,38.20288699990254],[-82.43345499972843,38.195627000228285],[-82.43507400012733,38.1903250000013],[-82.43317799971899,38.18520199988694],[-82.4304820001428,38.182828000206285],[-82.42709100008246,38.183406000010656],[-82.42314000015543,38.18899199994348],[-82.41806199992409,38.1925859999581],[-82.41371299961382,38.19123299985179],[-82.40589199995061,38.192776999770686],[-82.40488000017235,38.184754000192484],[-82.38732999984377,38.17784100023151],[-82.38675200043377,38.176011999905064],[-82.38891800028054,38.17372500010178],[-82.3843460003875,38.168301000010636],[-82.37857500022011,38.16844300010752],[-82.37932400023266,38.16611099975388],[-82.38396899992063,38.16275300021758],[-82.38879899955653,38.16383399980039],[-82.40457899987346,38.15990599973056],[-82.41149400006358,38.153245000227464],[-82.42659599961479,38.155367999767556],[-82.43381399975362,38.14941099986933],[-82.43825799960014,38.14285099985618],[-82.43965699989103,38.14599900011455],[-82.44869699992005,38.14483900020066],[-82.45187600026829,38.141891999680716],[-82.46027500023979,38.141341000111545],[-82.46564800002389,38.134503000249985],[-82.47275499983465,38.13136599987118],[-82.46395199963212,38.128313000305994],[-82.4612059998272,38.12265799998354],[-82.45900099962238,38.12147400024825],[-82.45863699957431,38.11821100013694],[-82.45386600038796,38.11492600014263],[-82.43657999965002,38.11688699994002],[-82.43011800009474,38.124753999926014],[-82.42698099957927,38.122840000254165],[-82.42537799997221,38.1200839998728],[-82.42693899974648,38.11770000021564],[-82.42465300024912,38.11392600020216],[-82.42578899987595,38.11113299984844],[-82.42143899974074,38.10960399972741],[-82.4193859998719,38.10528399982723],[-82.41872800009595,38.09755299966887],[-82.42051300017621,38.09361200017434],[-82.42340999959386,38.09200000005291],[-82.42274299959708,38.08780099979499],[-82.43035599974611,38.084779999896604],[-82.43633000030307,38.07874799978037],[-82.43278400043201,38.07527000033191],[-82.43162699999048,38.069080999945655],[-82.42753299994833,38.06458800007867],[-82.43470300040656,38.06055399996717],[-82.4351000000666,38.05770199971866],[-82.42873100039775,38.05470499978538],[-82.42735200019835,38.04853700017883],[-82.4227300000766,38.04336400029197],[-82.42656800002571,38.0407189997231],[-82.42765900034502,38.03799099985499],[-82.43093099968138,38.036724000331276],[-82.42732700008399,38.03265200002178],[-82.4353469999388,38.03120600009464],[-82.43066799991566,38.02482699983479],[-82.43144700006542,38.02192999968617],[-82.42702699961002,38.02073300015677],[-82.42246800013577,38.01546800000525],[-82.41827500035942,38.015009999927855],[-82.41762400025618,38.011746999808985],[-82.41415000035514,38.00750399972199],[-82.41472199991735,38.00468699974946],[-82.41027399987287,38.00204499991533],[-82.40920699984301,37.998414000107616],[-82.40252799965445,38.00072999999807],[-82.40082100029029,37.99649400003894],[-82.39623900035151,37.99600600009838],[-82.38670100038014,37.98784599967901],[-82.37959299984617,37.99309199992242],[-82.37503500019683,37.98757300026385],[-82.36943200025895,37.98631799998001],[-82.36421199973739,37.987646999891865],[-82.36144800038916,37.98510399984342],[-82.35581600013894,37.984880999677635],[-82.3565519997327,37.9819820002818],[-82.35989799958722,37.9794270001937],[-82.35640799979265,37.97586399990144],[-82.35833299961499,37.97240700011211],[-82.35680000032812,37.96932600001791],[-82.34235200035491,37.964743000036606],[-82.34022900016585,37.9602100001873],[-82.34086600002539,37.95769099970341],[-82.33837200011557,37.95676399979111],[-82.33747699961486,37.951244000071334],[-82.33876700012578,37.94840200026686],[-82.343774000212,37.948244999742016],[-82.34577100000438,37.946436000209864],[-82.34377900023487,37.93367299989536],[-82.33736899965982,37.92919000003491],[-82.3250670003402,37.928191999909046],[-82.29091499988719,37.95519000034205],[-82.2743360002273,37.97296100019398],[-82.24701399957561,37.994992999705],[-82.24354499969745,38.00082899979741],[-82.23493200036401,38.0038009999543],[-82.21751500010483,38.02005400026184],[-82.2105360003406,38.02042300013997],[-82.20386499964962,38.02360600012887],[-82.20642100038204,38.02904900032416],[-82.20229800002757,38.0312090002371],[-82.20223600010328,38.0361929997451],[-82.19862400010999,38.03832200020367],[-82.19831899961315,38.042248999893225],[-82.19231399999235,38.0463139999525],[-82.19259900039772,38.05112699974031],[-82.19763599972285,38.04870699989546],[-82.20028100014373,38.050577999981144],[-82.20519500034354,38.049431999914404],[-82.20936700020349,38.05203499986485],[-82.21181000005969,38.05720300020024],[-82.20689400021007,38.058203999822446],[-82.20798399980613,38.062978000293754],[-82.2052649997654,38.06546199979624],[-82.20579399966994,38.06676799978628],[-82.22328000042442,38.07068100000055],[-82.22782999967782,38.068889000076744],[-82.22941899993951,38.07301599975837],[-82.22790300037107,38.07624200025386],[-82.2353540001384,38.07616699965255],[-82.2355080001242,38.08028699987343],[-82.23953900041714,38.08210399968488],[-82.23775900035977,38.08645599993304],[-82.23938600025627,38.08713400019503],[-82.23858799983994,38.0925160000063],[-82.24086800038783,38.09721200027675],[-82.24627899980678,38.10214799966655],[-82.25296600039128,38.100876999926115],[-82.25422900023972,38.10432299972415],[-82.25671899995157,38.10379799973956],[-82.25822700002239,38.106137000212904],[-82.2620289999865,38.10754900005052],[-82.26859000017429,38.11510100004967],[-82.26591799998923,38.1175149997166],[-82.26672200025335,38.11932099965637],[-82.26162899995342,38.1221949999408],[-82.2621829999723,38.124287999888494],[-82.25825799998452,38.1275509997813],[-82.25966899997098,38.12981800031522],[-82.25690499972441,38.13264800009103],[-82.26091699975079,38.134793999747835],[-82.26463900024727,38.133461000105555],[-82.2643739999334,38.1371469999689],[-82.27127900007777,38.13856599981101],[-82.27498800015547,38.14099300006182],[-82.2824969996491,38.14140600022717],[-82.28543999999583,38.14413899988008],[-82.28461999983818,38.14750599992023],[-82.28626600000126,38.148968000056705],[-82.28395700003936,38.15276500031779],[-82.27998299964781,38.15252500023794],[-82.27805500035075,38.15730100008948],[-82.27889499970155,38.16036899998243],[-82.2746819998337,38.16296400031897],[-82.27509399956237,38.16537400014582],[-82.27167099971493,38.16942200019559],[-82.27586500021452,38.17125299998149],[-82.27748899973797,38.17391699991373],[-82.27131300041297,38.17846800023372],[-82.27507400036919,38.18270900017573],[-82.27184499979222,38.18633000001663],[-82.27725299973643,38.19697599982713],[-82.27514700016414,38.19974499981213],[-82.27821900038226,38.20221699966754],[-82.27782400037205,38.205667000192236],[-82.26641099990871,38.210616000341105],[-82.2681890003163,38.2170019997713],[-82.27001600022933,38.217991000253],[-82.26683600005617,38.221289000330486],[-82.26606899960196,38.22689200020564],[-82.26150299955671,38.23419999988893],[-82.25742000028353,38.23499300017606],[-82.25807700023458,38.237925999711],[-82.26056799977134,38.23956700008114],[-82.2585090000547,38.24315099983413],[-82.25998199996542,38.24623600032281],[-82.25227599992996,38.252099000165586],[-82.24886499977809,38.24943400018525],[-82.24517999998987,38.25409199978573],[-82.24507000038501,38.25605400011635],[-82.24765499963311,38.25822700029069],[-82.24777500018203,38.26191199981903],[-82.24484400042921,38.26392700029153],[-82.24263699967625,38.27033299980031],[-82.24068000006686,38.27159100004634],[-82.23488700015817,38.27119500034902],[-82.23234999969233,38.27462000022754],[-82.22523100018601,38.276459000075654],[-82.21975299992161,38.28043899990152],[-82.21598399956946,38.28065399995745],[-82.21210499961246,38.286430999966655],[-82.20758499959796,38.288696999797985],[-82.2119940001827,38.291164000285335],[-82.20964699968766,38.29344700033825],[-82.2100090000859,38.29753999977522],[-82.20652500013912,38.30178300024412],[-82.20998099959849,38.30265899991765],[-82.21163799963225,38.30766300000956],[-82.2208299999972,38.31064400020139],[-82.20561100027012,38.31062299991212],[-82.20337799957791,38.308365999734974],[-82.19740899994214,38.31095800007564],[-82.19848000016994,38.317698999663236],[-82.20164399955128,38.319621999651446],[-82.20297199969704,38.32285799979018],[-82.2119020001212,38.32361500006206],[-82.20518899959742,38.327289000116075],[-82.19765400016452,38.32808700029008],[-82.19778899988371,38.32982499979367],[-82.20679499957754,38.333337999799646],[-82.20676799981337,38.33685000016648],[-82.2175770000291,38.334401999700226],[-82.21544799999226,38.34229300017891],[-82.22236900003017,38.35238400014812],[-82.22389299999452,38.3636449997655],[-82.22896399965484,38.36422500010159],[-82.23860899975634,38.357536999910984],[-82.24004499985713,38.36011599986335],[-82.24632900003549,38.363801000040766],[-82.24704100023811,38.37300600013871],[-82.25068699966829,38.37605099970531],[-82.24557800037313,38.38080600013433],[-82.24700899955273,38.38302100016839],[-82.24676699970341,38.3876530003401],[-82.24111400043513,38.39078299983614],[-82.2401059999565,38.39512199972666],[-82.24077100030344,38.400081999927544],[-82.24478599980456,38.40456899986167],[-82.24504400044576,38.410285999709224],[-82.24921399975757,38.41639099993013],[-82.24019899984293,38.41849500018604],[-82.23190799982645,38.415381999911524],[-82.22065900029298,38.423137000198814],[-82.20298699976566,38.42805999969892],[-82.2062630001983,38.4310110000042],[-82.2154859996271,38.43193899995521],[-82.21707800026182,38.43794900005634],[-82.22198999991348,38.435928000289444],[-82.22188100013354,38.44040299971421],[-82.21963800029387,38.442112000019804],[-82.22527300001882,38.441054000120566],[-82.22589399998483,38.442962999789856],[-82.22272300003249,38.44563599996125],[-82.22357499997719,38.44681400024201],[-82.22674699975444,38.445620000320815],[-82.23623799987017,38.433868999752],[-82.23937200001258,38.44119400025794],[-82.2453930004252,38.441724000228184],[-82.24818799973559,38.446651000023486],[-82.25264800037395,38.44613000021852],[-82.25641500017795,38.447655999772245],[-82.26877199974916,38.458796999786685],[-82.27640599981461,38.46219999971261],[-82.28342899995975,38.470688000341056],[-82.29678300013893,38.4701149997068],[-82.30091200034121,38.468501999898734],[-82.30381700015475,38.458776999838456],[-82.31619999966523,38.44696600014856],[-82.32399899958712,38.44926800032475],[-82.33033499964401,38.44449999978934],[-82.34064000006958,38.44094800001682],[-82.38177299993663,38.434783000149515],[-82.3897459999358,38.43435500031064],[-82.40488199982218,38.43934699978533],[-82.43127499963795,38.43088300006991],[-82.48619699987738,38.4181780001308],[-82.51850999982346,38.4080779997946],[-82.53769000042159,38.40415700016421],[-82.55010800009218,38.40343400016663],[-82.57342500039017,38.40568900030527],[-82.5888030001259,38.41363400033072],[-82.59348200014905,38.418251999733044],[-82.59347999960092,38.421820999963835],[-82.59597199986094,38.417879999976066],[-82.59706700037819,38.41081499965026],[-82.5945540002018,38.39826899977218],[-82.59873299973445,38.39376199987973],[-82.59945800035585,38.390781000210374],[-82.5927380001594,38.37680699978903],[-82.59759399973457,38.364912000020915],[-82.59812099998925,38.34593300029432],[-82.59550700042882,38.3424890001566],[-82.58916100032619,38.34026000019839],[-82.58458799970994,38.33373300015764],[-82.57672000019109,38.328515000050245],[-82.57539500041835,38.32297999972787],[-82.57175599976256,38.31719499990262],[-82.57192300016715,38.31334700026187],[-82.57900499986354,38.30477899981512],[-82.58303500033158,38.29680699999028],[-82.57950100015607,38.29098699977905],[-82.5787859995804,38.28194400031967],[-82.57409800023473,38.27463500032269],[-82.5746239997662,38.2639369997117],[-82.58331700036388,38.246793000022976],[-82.59450899999595,38.24550299966718],[-82.60462500027563,38.247662000346864],[-82.60812799959069,38.244829999705985],[-82.61221599978505,38.23629699975952],[-82.60861499966241,38.22349899971422],[-82.59829500006651,38.21736100003376],[-82.59913699996548,38.19720499991335],[-82.6116009996668,38.17133899988268],[-82.61936500032691,38.16887699983282],[-82.63885499964815,38.17114899966981],[-82.64295200006333,38.1694459997628],[-82.64459099965542,38.16590399993603]]]}},{"type":"Feature","properties":{"GEOID":"54007","NAME":"State Senate District 7","BASENAME":"7","STATE":"54","SLDU":"007"},"geometry":{"type":"Polygon","coordinates":[[[-82.30603700042819,37.94389200033497],[-82.19065799978353,37.974777999766815],[-82.19027000034433,37.97111700021648],[-82.19716899974262,37.962696000147716],[-82.19245600028258,37.95961300033793],[-82.19000500003045,37.95537800020765],[-82.18444999977315,37.95514400026404],[-82.18110700029168,37.95093700017605],[-82.18494400041588,37.94908099978357],[-82.18727000009622,37.9458490001754],[-82.1858470004142,37.942479000234286],[-82.18244200011014,37.94216999991895],[-82.17689000022588,37.93704999967611],[-82.1753989998735,37.937993999653145],[-82.17223799996691,37.936484999948995],[-82.17165800000876,37.932222000109036],[-82.17327499985952,37.92932100013689],[-82.16985799985989,37.92552099965807],[-82.16655899986102,37.92576199993751],[-82.16347599977225,37.92346900023887],[-82.16430599997562,37.91409500017832],[-82.16367999998675,37.91237199983249],[-82.1611280003506,37.911856000028784],[-82.15983500036494,37.9075399997481],[-82.14991900010178,37.906080000101646],[-82.1495269995663,37.90395400027798],[-82.14438499976087,37.900883999990846],[-82.13441699961919,37.9014989999647],[-82.13162399995862,37.89970199995721],[-82.1278639998273,37.900810000124785],[-82.12321199956833,37.897732000249235],[-82.1201610001649,37.8923920000027],[-82.12211000027669,37.88706800025463],[-82.1191119996784,37.88507899969791],[-82.118541999766,37.88178900002413],[-82.12105199956935,37.87948099983593],[-82.12265000005186,37.88128200029476],[-82.1276310001988,37.87986200002831],[-82.12880899965842,37.87785000007285],[-82.12638400024389,37.87523999986177],[-82.12649700022179,37.8727300000838],[-82.12425600003196,37.87165000023743],[-82.12426100005484,37.866094000288015],[-82.121210999578,37.86431899972421],[-82.11987400010973,37.85821599998958],[-82.11717199978743,37.857590999732174],[-82.11415200034615,37.86006499977697],[-82.11233399975562,37.85970799981794],[-82.11415999984375,37.85722600012662],[-82.11281599980447,37.853148000329455],[-82.13480199958366,37.8466450000946],[-82.13538499991485,37.84371300005318],[-82.1402329999924,37.84337699976236],[-82.14617599968891,37.83786199987693],[-82.14425000004165,37.8355130000889],[-82.13912599977958,37.83378000034731],[-82.13877500015029,37.82962700000979],[-82.13363900019264,37.826250999898],[-82.1353330000363,37.82136100019105],[-82.13225900016835,37.81634799989621],[-82.13472499959074,37.81396999990832],[-82.13345500006963,37.81039599981366],[-82.12891300031382,37.8109249996654],[-82.12654300025255,37.80962299981709],[-82.12485400043177,37.81083300005599],[-82.12287799965749,37.80473999976728],[-82.11930699967206,37.805920000050584],[-82.11343699977049,37.80162599971315],[-82.10581899959858,37.801141999713174],[-82.1020669998632,37.79786399976866],[-82.10155999969997,37.79457600007548],[-82.10543299980921,37.79229999981776],[-82.1070809996221,37.78867499980872],[-82.09989000014576,37.786983000136914],[-82.1026519998442,37.78431000003751],[-82.10035299992805,37.78230999981578],[-82.10387000038511,37.77965400001919],[-82.10098499976472,37.77736199981761],[-82.1041309996027,37.77102499995277],[-82.10036100032397,37.76694699965494],[-82.10518900031005,37.765330999779074],[-82.11099599956411,37.7662390001042],[-82.11202400013423,37.76236099979151],[-82.10934899957611,37.75929999995091],[-82.11038899984179,37.757379999650624],[-82.11239200038025,37.75738200033376],[-82.11182300029277,37.75275700000824],[-82.11580099998397,37.752082000086425],[-82.11704000044126,37.747606000233276],[-82.11004099968724,37.747004999674665],[-82.10836399956203,37.74982999973573],[-82.10562799980288,37.75051200015841],[-82.1025189997748,37.74560799981998],[-82.09943700040922,37.74683399982702],[-82.09726499981639,37.74289800028788],[-82.0938310000983,37.74416900006137],[-82.091168999959,37.742209000103],[-82.09015999965546,37.73920500026424],[-82.09291600040441,37.73789000017529],[-82.09402600009197,37.734729999824005],[-82.08569900009049,37.73205699998956],[-82.08522200006453,37.729786000197315],[-82.08570499993829,37.726934999955155],[-82.09198900011663,37.722534999973234],[-82.08563999964095,37.72167000009038],[-82.08828800043487,37.717573000327384],[-82.08383899966718,37.713890000016086],[-82.08594799961253,37.70709400032655],[-82.08075099955552,37.705931999991186],[-82.08266200003247,37.70441200033263],[-82.08264799978876,37.70156500020343],[-82.07723999984455,37.70046900002477],[-82.06433900030021,37.70552200016094],[-82.0569329998404,37.7057970002542],[-82.05579700021357,37.7050949997901],[-82.05778899998307,37.70344700028922],[-82.05567599983975,37.70153099989542],[-82.05082600011237,37.7005020000651],[-82.04675399981151,37.7030099999452],[-82.0412539998058,37.701589000202475],[-82.03794399993627,37.693187999973624],[-82.03421800014016,37.69322500026971],[-82.03178899962934,37.68581100034968],[-82.02696200036651,37.68488600014296],[-82.02401399999692,37.68227300020573],[-82.02455299994718,37.67618900012315],[-82.02246800029127,37.6763049998107],[-82.02159299988205,37.674415000168075],[-82.0226470003914,37.668150999723274],[-82.01510500038749,37.668150999723274],[-82.0111419998666,37.66484199971763],[-82.00667999957841,37.66522100001686],[-82.00102999978486,37.662461000159766],[-82.00278100042823,37.65438700025135],[-81.99934500016204,37.652307000017046],[-81.99982800003578,37.64420099977896],[-81.99594499988083,37.644007000209236],[-81.99320200044899,37.64081399999124],[-81.99174399970855,37.642706999816546],[-81.99184400016598,37.64740700014623],[-81.98734400024297,37.6506070000797],[-81.99164400014944,37.65400700015425],[-81.99184400016598,37.65830699992723],[-81.98544399963667,37.65890699977822],[-81.9840440004192,37.663307000093454],[-81.97944400003875,37.66810699990745],[-81.97394400003303,37.66820700029146],[-81.97344400044084,37.66580700010936],[-81.96914399963605,37.666607000022964],[-81.96664399987844,37.66450700017037],[-81.96444399969647,37.66740699984671],[-81.9571090002801,37.669667999687846],[-81.95544300002553,37.675006999673386],[-81.9523430002183,37.67520700019713],[-81.94482600032875,37.671218999931064],[-81.93914300002491,37.67410699988832],[-81.93834299995876,37.677507000178],[-81.92764199969804,37.68230700010276],[-81.92334199979159,37.679606999745644],[-81.91824199981892,37.681307000343125],[-81.91344200032026,37.68000700033806],[-81.91044200007215,37.67630699984045],[-81.9126420002541,37.672807000282454],[-81.91174199973051,37.67010699976228],[-81.90754099955824,37.66860699976885],[-81.90674100039037,37.66310800004664],[-81.90234100002648,37.66120799989945],[-81.89294100014736,37.6620080003119],[-81.88924100029051,37.6671079998178],[-81.87484000017295,37.670108000216274],[-81.87333999959974,37.677908000355146],[-81.86883999967672,37.68000799994762],[-81.86502400036723,37.67890900005539],[-81.85586100031459,37.66756499964907],[-81.85028400031597,37.66437000004089],[-81.84630800027459,37.66504599986023],[-81.83803899999943,37.67210800018467],[-81.83373900009296,37.67170799966808],[-81.82820700030018,37.66365400017109],[-81.8228379998157,37.662508000013965],[-81.81723800025088,37.65630799994379],[-81.81443800001931,37.655308999653975],[-81.80840800028415,37.66175600019828],[-81.80293699969242,37.660508000200146],[-81.8026379999417,37.66260899996306],[-81.79893700025993,37.66370900003649],[-81.79303700022112,37.67090899972011],[-81.79043700000608,37.671108999912676],[-81.78763699977452,37.66900900016116],[-81.78343700032548,37.67260899981845],[-81.78003700004427,37.6725089996778],[-81.77943699999464,37.6769089999604],[-81.77773700030319,37.67800899996589],[-81.77123700021478,37.67600899978309],[-81.76863600017484,37.678408999931634],[-81.76513600033451,37.67770900035374],[-81.75563599999798,37.685708999743056],[-81.7513360000915,37.68530900003883],[-81.74973599995916,37.68140899989376],[-81.7469359997276,37.67960899968644],[-81.74233600024546,37.68270900021265],[-81.73693499997395,37.68260900017665],[-81.73263500006748,37.68600899970507],[-81.73393499972585,37.68930900023933],[-81.73323500011709,37.69320900012471],[-81.71643499962595,37.70090899982808],[-81.71063500004459,37.69880899993466],[-81.70173399993274,37.701408999665205],[-81.76453700010981,37.7517080001366],[-81.76193699989477,37.75660799965238],[-81.75493700021416,37.7555079998172],[-81.75223700043999,37.75950799997457],[-81.74333600032817,37.76440799987722],[-81.74063599965571,37.759808000180534],[-81.73533599966653,37.76260800000839],[-81.72803600041026,37.75960799994167],[-81.72393700034523,37.76460799992023],[-81.72003699957352,37.76330800027051],[-81.71163599995221,37.765108000147166],[-81.70783599963792,37.763408000071486],[-81.7042360002385,37.7674079998342],[-81.696935000259,37.76830800009262],[-81.69383499955345,37.77410799991763],[-81.68993499968005,37.773007999738006],[-81.68803499997207,37.77520800006267],[-81.68303399973362,37.776208000063946],[-81.67513500025264,37.77270900030747],[-81.66973399998112,37.778908999933435],[-81.6657339996503,37.7750090000335],[-81.65713399983736,37.77980900007507],[-81.65293299966508,37.77830899990483],[-81.64413299983558,37.77910899980737],[-81.63803299978024,37.777609000343226],[-81.62753300025929,37.78570900019315],[-81.6237320001201,37.78250900007071],[-81.61963200023018,37.78560900002356],[-81.61383199975049,37.786008999889916],[-81.60593200044458,37.789108999987434],[-81.59693199970023,37.78670999971592],[-81.59653199966715,37.783809999731126],[-81.58413099971501,37.77731000034917],[-81.58302600005031,37.77571199999879],[-81.58523100025515,37.77411000014833],[-81.58273099959922,37.768809999822444],[-81.57653000015986,37.7633100000832],[-81.56992999961399,37.76430999979361],[-81.56753000031381,37.76760999998228],[-81.56283000037426,37.76770999964756],[-81.55892999960255,37.77400999990725],[-81.5487310003805,37.776510999876464],[-81.54833100034742,37.77871100033452],[-81.54363100040786,37.77991099964593],[-81.5404300003183,37.78371100017233],[-81.5357289996555,37.78291000002715],[-81.53042899966631,37.78970999992383],[-81.5272290003,37.78970999992383],[-81.5200289997045,37.7861110001342],[-81.51482900017275,37.79051100019804],[-81.52112900024464,37.800109999681496],[-81.51862899958871,37.811309999942296],[-81.5199290001454,37.815610000119634],[-81.51682900033816,37.8186099997273],[-81.52062999957903,37.82131000029574],[-81.52763000015798,37.820909999978255],[-81.52872999979978,37.823610000144136],[-81.53233000009752,37.8258100003077],[-81.53943000023558,37.82470999990896],[-81.54203100027553,37.828908999857575],[-81.54443099957572,37.827108999948145],[-81.54693100023162,37.82800899971505],[-81.54953100044666,37.82470900012368],[-81.55233099977991,37.82470900012368],[-81.55783099978564,37.83320900006676],[-81.55773100022654,37.83830900024276],[-81.56143100008337,37.84170899980144],[-81.56103199987521,37.85610900029922],[-81.56363200009025,37.857009000176845],[-81.56413199968244,37.86110899989064],[-81.56273199956667,37.86530800011151],[-81.56763200042109,37.86750799982929],[-81.56413199968244,37.874307999989696],[-81.55813200008453,37.87720799985019],[-81.56003199979251,37.87910799998274],[-81.55933200018377,37.882307999916286],[-81.56341600018018,37.883395999913944],[-81.56342600022592,37.88634500031001],[-81.56133200034918,37.888907999733135],[-81.55812700006165,37.8893040000241],[-81.55383200017805,37.89430899987443],[-81.55943299956779,37.89720800022203],[-81.56423299996479,37.902707999875396],[-81.56143299973321,37.909108000193655],[-81.56143299973321,37.91100800002805],[-81.56433300042221,37.91300700029192],[-81.56193300022372,37.9194069998226],[-81.567332999772,37.92080699972123],[-81.56763300024598,37.92420699967427],[-81.57053399986157,37.92430699979425],[-81.57133399992775,37.928106999948945],[-81.56603399993855,37.93100699988166],[-81.56593400037946,37.9349070001027],[-81.55883300041648,37.936207000249674],[-81.56303399969045,37.93960700011042],[-81.5603339999163,37.94210699974338],[-81.56163399957465,37.944306999941645],[-81.55493400036801,37.94610699992942],[-81.55703400009253,37.94950700010143],[-81.55583399999328,37.95430699964872],[-81.5510339995963,37.95490699985182],[-81.54993399995448,37.957407000239904],[-81.54443399994875,37.961107000158414],[-81.545634000048,37.964907000057345],[-81.54143399970063,37.96950700019981],[-81.5386340003674,37.97100700009871],[-81.52623300041523,37.971307000224776],[-81.5192329998363,37.97690699988543],[-81.51543300042033,37.983006999757855],[-81.50723299974216,37.98840699998014],[-81.49853300037009,37.98360699981906],[-81.4922330002982,37.98370699982429],[-81.48873199973465,37.98100699999698],[-81.48283199969585,37.98670700033219],[-81.4703320000095,37.9872069998197],[-81.46283199983839,37.990007000105706],[-81.45963199957372,37.98970699995248],[-81.45583200015774,37.9858070003147],[-81.45963199957372,37.979608000252576],[-81.45663200022392,37.97820800021177],[-81.45203199984347,37.97880799985783],[-81.45053200016856,37.976007999905974],[-81.44313099973165,37.97420799972549],[-81.44153099959931,37.9705079999283],[-81.43793100019988,37.967907999920236],[-81.43093099962095,37.971908000252],[-81.42643099969793,37.970408000350474],[-81.42353099990726,37.967508000081374],[-81.41813100035894,37.96760800006832],[-81.41263100035323,37.974307999792025],[-81.39973099973548,37.9699079997099],[-81.39763000018606,37.967307999698846],[-81.38632999970065,37.96720899998781],[-81.38233000026814,37.96970900014203],[-81.38082899987,37.969108999767144],[-81.33316300030256,38.1613059996994],[-81.3267519999026,38.17445200029995],[-81.3290419995979,38.176942000254144],[-81.3292640002541,38.18237400014969],[-81.32153499975408,38.18352500031493],[-81.3178750000802,38.18176000031659],[-81.31673199988238,38.18407099971746],[-81.32356300040692,38.185284000273526],[-81.33799600031152,38.183913000117116],[-81.33705599960496,38.181866999924914],[-81.34261199968718,38.181808999661776],[-81.3536939997144,38.185197999882995],[-81.35896199991652,38.18878699970728],[-81.3718669996588,38.19353099973547],[-81.37495300012066,38.19738899989547],[-81.3776739998112,38.20839000013828],[-81.38288000008905,38.213001000030445],[-81.39083399982162,38.2112709997437],[-81.40915699955389,38.203317000176426],[-81.42145399974895,38.2033939999426],[-81.42498899974936,38.20546200030637],[-81.43205499955222,38.21633499989926],[-81.43957599963974,38.22112700017317],[-81.44746900017127,38.21942900021438],[-81.45674400037691,38.212616999824604],[-81.46132100029281,38.211359000038634],[-81.46273399992909,38.20745600014713],[-81.46528899993828,38.20565800006475],[-81.47589599958933,38.20111399995693],[-81.49789599961223,38.19763099983168],[-81.50743699995665,38.19929200034406],[-81.51435600034473,38.2043089996665],[-81.52475200010859,38.21875699965784],[-81.55828699989523,38.24221599970348],[-81.57107500035998,38.258266000164404],[-81.57381799979183,38.257703999726836],[-81.57398500019642,38.261634000341004],[-81.57852799977712,38.26177000001559],[-81.57965699973126,38.267685999693725],[-81.5894030001151,38.27390499985698],[-81.58680700009802,38.283385000149245],[-81.59013200003616,38.28964899983992],[-81.59288200003901,38.29107500019628],[-81.59384699996163,38.28754500000116],[-81.59693300042346,38.28753799979168],[-81.59694099992106,38.28556899977819],[-81.59460600001991,38.28473899991411],[-81.59532400007029,38.28362100029771],[-81.59931600000519,38.28538400015894],[-81.59850000004552,38.281451999979666],[-81.60261699965389,38.282397999750714],[-81.60262000002692,38.284196000252955],[-81.59996999958318,38.28434200012476],[-81.59865200038149,38.287104000290796],[-81.59521000026747,38.28889099983904],[-81.5948660003109,38.29263399973553],[-81.59180699961324,38.29475600015878],[-81.59250499957214,38.29557299982952],[-81.6009279998331,38.2957099998186],[-81.60713599984348,38.29115399967872],[-81.61152399961351,38.2936890000758],[-81.62057399968825,38.2923920000049],[-81.63042800002712,38.294596000322315],[-81.63492499957708,38.292852000305196],[-81.63954199967598,38.29659100013476],[-81.64436399981426,38.29756800027514],[-81.6463380000404,38.30121299965251],[-81.65242399985205,38.304133000343306],[-81.66715200020775,38.302599999744],[-81.67060799966713,38.30833700033628],[-81.67332900025599,38.3047739997453],[-81.67740700040461,38.3027239998742],[-81.68240199989695,38.306547000226416],[-81.69357699981059,38.30953099975156],[-81.6952320001945,38.312291000120695],[-81.6970979995673,38.310624000127405],[-81.70161299955893,38.31019100006376],[-81.70317800042946,38.312243000037284],[-81.70445799999635,38.30969200000887],[-81.71823700032297,38.30548700002251],[-81.72181400015619,38.30629499974078],[-81.72511999982773,38.30487399966691],[-81.726680999602,38.307678000325566],[-81.72548700024885,38.308342000160486],[-81.72785599958688,38.309815999998435],[-81.74027900017865,38.29957199993585],[-81.73319599975903,38.29841599992315],[-81.73715599990688,38.29357600003364],[-81.74350299983443,38.29780800028988],[-81.74349799981158,38.29412600030466],[-81.74625200001238,38.293924999858305],[-81.74299300019649,38.29180200004152],[-81.74483600000308,38.289585999756405],[-81.7482449996068,38.28984799984531],[-81.7471890003459,38.29214499993714],[-81.74984999976199,38.29491900023307],[-81.7531880001189,38.2930250000713],[-81.75303699960786,38.2908159996567],[-81.75779400034713,38.28996300034724],[-81.7606439999091,38.29183899997466],[-81.75570499959494,38.297983000299546],[-81.77218399969573,38.2928730000991],[-81.77880299960982,38.293965000044125],[-81.78050099965147,38.29054999968396],[-81.78844199986355,38.296443999816425],[-81.78810600030289,38.30113300020052],[-81.79177299964947,38.31099500010823],[-81.80502200024667,38.32285599969708],[-81.80483300010077,38.326342999990885],[-81.80140000020762,38.33133899982176],[-81.80977700043779,38.33743400032489],[-81.80751399960835,38.347340000047566],[-81.81656200003327,38.35264499987583],[-81.8121430003011,38.361719999739535],[-81.81731299969564,38.36635999992041],[-81.81928699992177,38.36428000011688],[-81.82207299990965,38.36593699984452],[-81.82470699956156,38.370559999982824],[-81.82710599993513,38.36828999971734],[-81.8263290003335,38.370302999724586],[-81.82990699999162,38.37417299995483],[-81.83976499963013,38.379363999686255],[-81.84109600014895,38.396689000314936],[-81.84657199986522,38.4025560001767],[-81.85079700032693,38.42193199972338],[-81.90022200003537,38.39857199977648],[-81.91519700026329,38.325597000116645],[-81.98209399958418,38.27670100003954],[-81.98449299995775,38.277758999857795],[-81.98627100036533,38.275964999965296],[-81.99115100022993,38.27577199992419],[-81.99177399984579,38.269084999749005],[-81.99684600022934,38.26668500008656],[-82.00056700000258,38.26810899996529],[-82.0017860003684,38.271600999822],[-82.01646399959708,38.27195399969394],[-82.01539800029045,38.27926799989249],[-82.01894900018439,38.279349000120526],[-82.01892499989494,38.28176300026123],[-82.02829100033718,38.27936200006168],[-82.03168099967432,38.28062799983037],[-82.032135999959,38.28394299981838],[-82.03579300015814,38.28365300005557],[-82.03652100025428,38.28661499989666],[-82.0407409997948,38.28555399982661],[-82.0408660003666,38.28760600008596],[-82.04451799964455,38.28698400030878],[-82.04627900033368,38.289906999812885],[-82.04885199988621,38.290341999969606],[-82.04309400013764,38.3372780003138],[-82.04712799990534,38.37443199992725],[-82.05013099962818,38.375936999845685],[-82.05162500035362,38.37287400003015],[-82.0559339995826,38.37421699969736],[-82.0580450000761,38.373129000199235],[-82.06473500013533,38.37676500022637],[-82.06899099966088,38.374916000229376],[-82.06928100008909,38.37318299973029],[-82.07445499968158,38.37322800013041],[-82.0790740003286,38.36878600024749],[-82.08714100003908,38.368491999786876],[-82.09013299989127,38.36687799992955],[-82.09720500044024,38.36747899973483],[-82.10061800024192,38.36581300007968],[-82.10157200029387,38.364148999768375],[-82.10036999964647,38.36205599991007],[-82.10359099982753,38.36176800016125],[-82.10224500013842,38.35737999995034],[-82.11012500025114,38.358697999681034],[-82.11040200026058,38.356285999890275],[-82.11490700020647,38.35089700026538],[-82.11495999990993,38.345980000182536],[-82.11699000021257,38.34421199966206],[-82.1255110003828,38.346798999919244],[-82.1276880001002,38.34599100000209],[-82.12886499973492,38.34322900016592],[-82.13280099959331,38.34446700005645],[-82.14150900025963,38.341499999679954],[-82.14506099997848,38.34298499991662],[-82.15305900009199,38.33958100021964],[-82.15460899999559,38.340423000168535],[-82.15820400027047,38.337900000073994],[-82.1637479997588,38.33863999975223],[-82.16378499956873,38.33688099984554],[-82.16850399977486,38.335316999990546],[-82.17160399958209,38.33591300033398],[-82.17204899982103,38.337899000235026],[-82.17870999956791,38.33928800005016],[-82.18310999993183,38.32968299964784],[-82.18819499983584,38.32825200010677],[-82.1929509998519,38.323994000067884],[-82.19679299999898,38.322775000108074],[-82.19645200041545,38.31946399987251],[-82.19870500030085,38.31667500016943],[-82.1975060000265,38.310691999933454],[-82.20337799957791,38.308365999734974],[-82.20561100027012,38.31062299991212],[-82.2208299999972,38.31064400020139],[-82.21163799963225,38.30766300000956],[-82.20998099959849,38.30265899991765],[-82.20652500013912,38.30178300024412],[-82.2100090000859,38.29753999977522],[-82.20964699968766,38.29344700033825],[-82.2119940001827,38.291164000285335],[-82.20758499959796,38.288696999797985],[-82.21210499961246,38.286430999966655],[-82.21598399956946,38.28065399995745],[-82.21975299992161,38.28043899990152],[-82.22523100018601,38.276459000075654],[-82.23234999969233,38.27462000022754],[-82.23488700015817,38.27119500034902],[-82.24068000006686,38.27159100004634],[-82.24263699967625,38.27033299980031],[-82.24484400042921,38.26392700029153],[-82.24777500018203,38.26191199981903],[-82.24765499963311,38.25822700029069],[-82.24507000038501,38.25605400011635],[-82.24517999998987,38.25409199978573],[-82.24886499977809,38.24943400018525],[-82.25227599992996,38.252099000165586],[-82.25998199996542,38.24623600032281],[-82.2585090000547,38.24315099983413],[-82.26056799977134,38.23956700008114],[-82.25807700023458,38.237925999711],[-82.25742000028353,38.23499300017606],[-82.26150299955671,38.23419999988893],[-82.26606899960196,38.22689200020564],[-82.26683600005617,38.221289000330486],[-82.27001600022933,38.217991000253],[-82.2681890003163,38.2170019997713],[-82.26641099990871,38.210616000341105],[-82.27782400037205,38.205667000192236],[-82.27821900038226,38.20221699966754],[-82.27514700016414,38.19974499981213],[-82.27725299973643,38.19697599982713],[-82.27184499979222,38.18633000001663],[-82.27507400036919,38.18270900017573],[-82.27131300041297,38.17846800023372],[-82.27748899973797,38.17391699991373],[-82.27586500021452,38.17125299998149],[-82.27167099971493,38.16942200019559],[-82.27509399956237,38.16537400014582],[-82.2746819998337,38.16296400031897],[-82.27889499970155,38.16036899998243],[-82.27805500035075,38.15730100008948],[-82.27998299964781,38.15252500023794],[-82.28395700003936,38.15276500031779],[-82.2862609999784,38.148995999870955],[-82.28460300011974,38.14739100010732],[-82.28570899960935,38.144882999871314],[-82.2824969996491,38.14140600022717],[-82.27498800015547,38.14099300006182],[-82.27127900007777,38.13856599981101],[-82.2643739999334,38.1371469999689],[-82.26463900024727,38.133461000105555],[-82.26105499984305,38.13480000001661],[-82.25775500001929,38.13360599969099],[-82.2568829999831,38.13157800018493],[-82.25970999997885,38.129576999765845],[-82.25825799998452,38.1275509997813],[-82.2621829999723,38.124287999888494],[-82.26162899995342,38.1221949999408],[-82.26674800019262,38.11929099971927],[-82.26591799998923,38.1175149997166],[-82.26857500010567,38.115072999951366],[-82.2620289999865,38.10754900005052],[-82.25822700002239,38.106137000212904],[-82.25671899995157,38.10379799973956],[-82.25422900023972,38.10432299972415],[-82.25296600039128,38.100876999926115],[-82.24627899980678,38.10214799966655],[-82.24086800038783,38.09721200027675],[-82.23858799983994,38.0925160000063],[-82.23938600025627,38.08713400019503],[-82.23775900035977,38.08645599993304],[-82.23953900041714,38.08210399968488],[-82.2355080001242,38.08028699987343],[-82.2353540001384,38.07616699965255],[-82.22790300037107,38.07624200025386],[-82.22941899993951,38.07301599975837],[-82.22782999967782,38.068889000076744],[-82.22328000042442,38.07068100000055],[-82.20579399966994,38.06676799978628],[-82.2052649997654,38.06546199979624],[-82.20798399980613,38.062978000293754],[-82.20689400021007,38.058203999822446],[-82.21181000005969,38.05720300020024],[-82.20780999972885,38.05045499969086],[-82.20519500034354,38.049431999914404],[-82.20028100014373,38.050577999981144],[-82.19763599972285,38.04870699989546],[-82.19259900039772,38.05112699974031],[-82.19193700042382,38.04845799975174],[-82.19231399999235,38.0463139999525],[-82.19831899961315,38.042248999893225],[-82.19862400010999,38.03832200020367],[-82.20223600010328,38.0361929997451],[-82.20229800002757,38.0312090002371],[-82.20642100038204,38.02904900032416],[-82.20386499964962,38.02360600012887],[-82.2105360003406,38.02042300013997],[-82.21751500010483,38.02005400026184],[-82.23493200036401,38.0038009999543],[-82.24354499969745,38.00082899979741],[-82.24701399957561,37.994992999705],[-82.2743360002273,37.97296100019398],[-82.29091499988719,37.95519000034205],[-82.30603700042819,37.94389200033497]]]}},{"type":"Feature","properties":{"GEOID":"54013","NAME":"State Senate District 13","BASENAME":"13","STATE":"54","SLDU":"013"},"geometry":{"type":"Polygon","coordinates":[[[-80.24549600023651,39.44783400009942],[-80.2374479998943,39.44072099994146],[-80.23636199959786,39.43717999967147],[-80.2226629996372,39.43482300021922],[-80.2082930003801,39.43817799995449],[-80.20359900028832,39.433651999959864],[-80.20598400041818,39.42809999983777],[-80.19840300005622,39.42868399966628],[-80.19770000007442,39.42542800023959],[-80.20377099981745,39.42422600024263],[-80.2000709999606,39.42183500010817],[-80.20393999987184,39.41954300009587],[-80.20353399999098,39.413513999883904],[-80.20701899976268,39.41071699981011],[-80.20691099980763,39.40751700025565],[-80.20237800027267,39.40212899966815],[-80.20368600032695,39.39655499968959],[-80.19628599971495,39.39269999968067],[-80.12064800011578,39.40120799986656],[-80.1172210000704,39.40249400034346],[-80.114455000174,39.40783000000817],[-80.11037500037556,39.41016299997752],[-80.10484199985956,39.40834800004245],[-80.10505399957167,39.404881000122685],[-80.0981280004092,39.402454000191504],[-80.08733400026209,39.386215000219146],[-80.02500100043831,39.401446000033914],[-80.01102399974496,39.417600999862515],[-79.93894299988753,39.452464000133375],[-79.89468799957363,39.43558799974279],[-79.89973999986569,39.481945000048604],[-79.79402100028946,39.61766299991576],[-79.8000850003598,39.615160999995595],[-79.8066540000452,39.616196999676646],[-79.812329999778,39.62716700002874],[-79.81923300027256,39.63182799997124],[-79.82880100038118,39.634820999865255],[-79.84074700004865,39.64391699985981],[-79.85155899973911,39.638661999944034],[-79.85304400024371,39.63353399969159],[-79.8585629996177,39.63334399978347],[-79.86399400002645,39.62973300018351],[-79.86758299955521,39.62599800015888],[-79.86800299967977,39.619074000163074],[-79.87579999995185,39.61652700007553],[-79.88289400024212,39.61684399976766],[-79.88195299971062,39.62290299969099],[-79.88570500034433,39.62990700025867],[-79.89632299986604,39.629491000051296],[-79.90347499988263,39.627202000080786],[-79.90085299992629,39.630431999837285],[-79.89482999986384,39.646750000014684],[-79.88930499974377,39.653703000157364],[-79.90148399993805,39.65288299977341],[-79.90063799984114,39.66100799984475],[-79.89889299994384,39.661162999681544],[-79.90066100030567,39.66445599999716],[-79.91486099968347,39.661933999981805],[-79.91520200016531,39.66504000003131],[-79.9193909997437,39.66892000029354],[-79.91824199969808,39.67449399995405],[-79.91883800044806,39.68584500009624],[-79.92019500000782,39.68735300007501],[-79.92340600014315,39.68802600012225],[-79.9283389997112,39.677417999826616],[-79.93503100031856,39.67491500009267],[-79.9364280000613,39.672134000164405],[-79.94038099963815,39.67109400008283],[-79.94413999994455,39.67260000032993],[-79.94640500042382,39.669580999774446],[-79.94519199990579,39.66746099987866],[-79.95281500010057,39.66965900007852],[-79.95736899955195,39.66898799986663],[-79.9621379999868,39.671683999703774],[-79.96465799983588,39.66980499975497],[-79.97006199958213,39.671292000069734],[-79.9697069997549,39.67376900002752],[-79.97116600032022,39.675091999913576],[-79.96948900019501,39.676893999971504],[-79.97308100009684,39.6808359996655],[-79.9849780002588,39.66698400003045],[-79.99344300035256,39.66051299982277],[-79.9937780000883,39.65820499969295],[-79.99997199985499,39.65942099999035],[-80.00117699997709,39.66166900032943],[-80.00686600012871,39.66089399988568],[-80.01051199955889,39.66387900017586],[-80.02019799966826,39.65782700011905],[-80.02060600009727,39.655667000143616],[-80.01894999988845,39.65587900023793],[-80.01616999974834,39.652855000307206],[-80.02912100041974,39.650197999731745],[-80.02926000033689,39.633997999946565],[-80.03296400039171,39.631148999965895],[-80.03419000043024,39.623545000185615],[-80.03089499973102,39.61917800019114],[-80.02444599969621,39.62042299976471],[-80.01889899983483,39.617775000040375],[-80.01506900028163,39.61789500002219],[-80.01599599967108,39.61593800017205],[-80.0093159996576,39.61724199980964],[-80.00267400017727,39.6111479999599],[-80.00243300015285,39.607200999826304],[-79.99666199998546,39.604325000167215],[-79.99277999965541,39.604837000023046],[-79.98937600007457,39.59931400002546],[-79.97954600002515,39.592074999792025],[-79.97894299960248,39.583028000192236],[-79.97554599969435,39.576134000110905],[-79.98190900041372,39.56672900004706],[-79.98503199978717,39.55246199988249],[-79.98463400030224,39.544089000297305],[-79.98673200037692,39.541133000015286],[-79.99424099987057,39.53665599997978],[-79.99723600009584,39.532086999733835],[-80.0073309995608,39.527866999884935],[-80.01080500036015,39.522048000105926],[-80.01381899995367,39.520243000049206],[-80.02306200037225,39.52159300027732],[-80.04167800000748,39.51972999969315],[-80.04323999960666,39.523008999689544],[-80.0884620003913,39.556932999827076],[-80.09388700005395,39.554829000221645],[-80.09667800006468,39.550172999789254],[-80.0987130003902,39.55178000024975],[-80.10305599995439,39.54511299972693],[-80.11161899995743,39.54332200011654],[-80.11721100002465,39.53971999994159],[-80.1258879998305,39.53923299975928],[-80.13082999961938,39.53561899995525],[-80.13230900027621,39.53805300026907],[-80.13688899966685,39.53100700022967],[-80.1391020002676,39.533321000044616],[-80.13739800037818,39.5361399998002],[-80.13848700014935,39.53721999981646],[-80.14738300023832,39.53414499973033],[-80.15070999982626,39.53610300002797],[-80.15470299958608,39.534682999877596],[-80.15354900041591,39.53208299995658],[-80.15203299994917,39.5320319998315],[-80.15269800029611,39.52993099976265],[-80.15146499968658,39.53069399979436],[-80.14926200002989,39.529114000031136],[-80.14274600004795,39.522718999846106],[-80.13341200029107,39.52245200018598],[-80.13567699987203,39.51689199982197],[-80.13335100019171,39.506477999890485],[-80.17346700025762,39.48679399965393],[-80.17001799957262,39.48449299975563],[-80.17509499997904,39.483478999933624],[-80.17204299985237,39.482337999846706],[-80.17438600014947,39.47700400022221],[-80.17305499963065,39.475365999684676],[-80.17787000009625,39.476286999967115],[-80.17951700008425,39.47352900028007],[-80.17437699992863,39.474192999728814],[-80.17336699980018,39.47277699991004],[-80.17720300009948,39.47058499968207],[-80.17764199959231,39.46809700013309],[-80.18562700018533,39.47114400016814],[-80.18276099983152,39.46641499972423],[-80.1849490003179,39.46235199997222],[-80.18864400015188,39.46204700025328],[-80.18800800011725,39.45948299967727],[-80.19071000043954,39.459775000082175],[-80.1945580004344,39.45725800006344],[-80.20146100003063,39.45878300005555],[-80.20533300031495,39.45612300027149],[-80.2084430001679,39.457261999986606],[-80.20842399990134,39.46068599971025],[-80.2123220001249,39.46646600016648],[-80.21448399977372,39.4648299998882],[-80.22491999972054,39.46529099987845],[-80.22321800037928,39.46127000029837],[-80.22654800034027,39.4611350003081],[-80.22429200008182,39.45642499978764],[-80.228746999799,39.45445100026416],[-80.22736400029997,39.45316599990996],[-80.24549600023651,39.44783400009942]]]}},{"type":"Feature","properties":{"GEOID":"54001","NAME":"State Senate District 1","BASENAME":"1","STATE":"54","SLDU":"001"},"geometry":{"type":"Polygon","coordinates":[[[-80.75020200005407,39.790243999984945],[-80.74989099970945,39.785212000291416],[-80.74641099996063,39.78310100023954],[-80.74711099956936,39.77663699988799],[-80.74343599982686,39.77469199989593],[-80.73382699971036,39.76434500026232],[-80.72803899982456,39.7612860001294],[-80.72954400042066,39.75574400028617],[-80.728239999666,39.75282199984743],[-80.7295770000326,39.7510090000732],[-80.72707700027502,39.74665199997161],[-80.72876899957052,39.744627999776995],[-80.7286320002015,39.74165499977289],[-80.73107900025565,39.740637999989694],[-80.7322090000347,39.738026999782335],[-80.7325689998848,39.732798000129655],[-80.73100999976036,39.73114499986013],[-80.73230699994399,39.723349999703004],[-80.73111600006558,39.72131999968501],[-80.5193419995558,39.72140299998133],[-80.51921500023252,40.26834600032622],[-80.51768899972005,40.462216999786705],[-80.5190379997822,40.47736300021016],[-80.51899099992654,40.63880100014802],[-80.52566000006937,40.63606799970109],[-80.5327369997429,40.635590000320896],[-80.55112599959737,40.62884700026309],[-80.56069000040634,40.62370800026756],[-80.56761399991899,40.61767799992264],[-80.5767040001767,40.614222999669046],[-80.58359199970432,40.61550199976183],[-80.59204900030046,40.62249599968339],[-80.59876399957574,40.6252629996649],[-80.62717099980063,40.619936000164],[-80.63435499960427,40.61609499967106],[-80.65171599978697,40.597743999878155],[-80.66354000015403,40.590768000031034],[-80.6678130002963,40.58353599968546],[-80.66691699997068,40.573664000040715],[-80.66265999972191,40.569951999925955],[-80.66437200000723,40.57001600020182],[-80.65243600038549,40.56254400022308],[-80.63310699982445,40.53870499967427],[-80.62750700025961,40.535792999871354],[-80.6180029997251,40.502048999701444],[-80.61544299969304,40.50188700008282],[-80.61360300025952,40.498593999774094],[-80.61573099957313,40.49901000007746],[-80.61365000011519,40.495748000289325],[-80.6087379995652,40.48961100002178],[-80.59919399974605,40.48256599985627],[-80.59540500020074,40.475315999917136],[-80.59595300037182,40.46335400009851],[-80.61219499974781,40.434838000193835],[-80.6125470001003,40.41167299997498],[-80.61425099998971,40.408710000293404],[-80.61232500034247,40.40276199969442],[-80.61519499999592,40.399867000239745],[-80.61610100036731,40.40099599991566],[-80.6321960003285,40.39366699983988],[-80.63273199990573,40.390504999761994],[-80.63139200006438,40.385696000072635],[-80.61910200044032,40.38186199985886],[-80.60968599976937,40.37494999969436],[-80.60758699986975,40.36955999966418],[-80.61279499979743,40.34766900033221],[-80.61079600035525,40.34086800021706],[-80.60289500032613,40.32786800002146],[-80.59989500007802,40.31766599967421],[-80.60289500032613,40.307068999748836],[-80.61488600019945,40.29197100030368],[-80.61679299958011,40.28527799988778],[-80.61620900032234,40.272270999766356],[-80.619297000434,40.26516999973805],[-80.62250799967099,40.261765000320075],[-80.64460300012844,40.25127599988342],[-80.65210099975144,40.24497499988239],[-80.6615399999886,40.22981199981211],[-80.66808299973475,40.199689000309334],[-80.67258199983284,40.19240100014114],[-80.68608099977699,40.181636999910694],[-80.7056110001795,40.15347599979991],[-80.7101660003541,40.138315000009136],[-80.71067000014426,40.125549999999045],[-80.70709499996089,40.11110300020336],[-80.70954500038809,40.100301999937706],[-80.73142900006002,40.08633100002639],[-80.73882299992593,40.07672999967768],[-80.73799299972255,40.065854000130294],[-80.7333840000196,40.05880700002929],[-80.73127599989914,40.04885499990664],[-80.73188299962146,40.03716700011164],[-80.73388199996195,40.03327400018185],[-80.69136900007061,40.03012699978725],[-80.69712500016936,40.02147699991697],[-80.69341400044185,40.01790999985158],[-80.69289300003496,40.01278200002567],[-80.68121699980591,40.00423300003371],[-80.68130600039268,39.99223799987343],[-80.67616700006198,39.98926300017853],[-80.67342700010487,39.98558400029111],[-80.67365700025863,39.97987399997981],[-80.66849100016374,39.9786820003337],[-80.66801499996268,39.97402900020045],[-80.66198900042549,39.9701250002501],[-80.6604129996843,39.96532700025659],[-80.65559599956886,39.96006799987895],[-80.65728199991494,39.95452799973714],[-80.65532100010758,39.95171199991424],[-80.661236000215,39.94783599972457],[-80.66620099957011,39.94773200010105],[-80.6703330001454,39.94410599990857],[-80.67799800017299,39.94360999983496],[-80.68091999970498,39.940903999783146],[-80.68866300044867,39.94267300028926],[-80.69603899987294,39.93867100021208],[-80.70099800027859,39.938365000275226],[-80.69843400004855,39.934471999695525],[-80.69979700035442,39.929727000109935],[-80.71551599967368,39.91744100031388],[-80.71785599959772,39.91787500031164],[-80.72415900004265,39.91337999984275],[-80.72801600025835,39.912981000052575],[-80.726408999555,39.91083799971806],[-80.71818799985873,39.91407299979252],[-80.72258200037486,39.908294999814004],[-80.72014299981831,39.9018829997826],[-80.72165400026218,39.899536999996634],[-80.72160599968329,39.894870000331636],[-80.71707599962303,39.892658999924656],[-80.71386500038605,39.88037199978962],[-80.70682799999719,39.87810700033416],[-80.70774000021633,39.87488200007413],[-80.7061180003427,39.86986500031971],[-80.70161300039682,39.86763399970166],[-80.70301900036037,39.861762999737],[-80.70840100036534,39.85882100007451],[-80.70607899998465,39.853134000178656],[-80.70802300007355,39.84574600001328],[-80.71587899989684,39.8427810002639],[-80.71231999960698,39.843200999812346],[-80.71213800003211,39.84114099969509],[-80.70415199961415,39.839112000113204],[-80.70277099976495,39.83325500011497],[-80.6987119998829,39.83190299976266],[-80.69619399968363,39.827230000310706],[-80.69791099999183,39.826428000061775],[-80.70144199979427,39.82929000032744],[-80.70756799978889,39.82952900012093],[-80.71128000023963,39.82671999979275],[-80.72090400042474,39.83054600033044],[-80.72352499965784,39.826824999985696],[-80.72042200037588,39.82394499980669],[-80.72430999965539,39.81713600027361],[-80.73256600041006,39.81269999970115],[-80.73617199965729,39.812454000298835],[-80.741086999682,39.80904400017579],[-80.74173299976238,39.806291000269674],[-80.74459499991822,39.805250000034555],[-80.74372000040731,39.80414099973204],[-80.74652999978632,39.80062399987454],[-80.74426699985516,39.78875400032149],[-80.75020200005407,39.790243999984945]]]}},{"type":"Feature","properties":{"GEOID":"54011","NAME":"State Senate District 11","BASENAME":"11","STATE":"54","SLDU":"011"},"geometry":{"type":"Polygon","coordinates":[[[-80.98494999983183,38.717897999936326],[-81.03167700031425,38.66783899970627],[-80.97596099985644,38.62509600034326],[-80.97894500021104,38.62066999990551],[-80.97895500025678,38.614455000225405],[-80.97733300038315,38.610708999801176],[-80.97108299964165,38.6107319997936],[-80.97267799975111,38.600935999812705],[-80.97003800025144,38.593203999829434],[-80.96653400021316,38.59327100013481],[-80.96169299980829,38.59670099998437],[-80.95769699967542,38.59729100021259],[-80.95514599986419,38.59220599989784],[-80.94783300018912,38.59216200033012],[-80.94630500002681,38.588157999814186],[-80.93581600037655,38.58357500012074],[-80.93187200012221,38.583914000089734],[-80.9299289998582,38.582750999680215],[-80.92988299982744,38.580369000239166],[-80.92634199997927,38.579338999985126],[-80.92496799980275,38.57175300027067],[-80.91761400011978,38.56774499967783],[-80.91301799993732,38.563206000191876],[-80.91503300017132,38.55591200006751],[-80.91284300003512,38.54772100030167],[-80.91774399981614,38.544816000160736],[-80.91348200044281,38.542328000030345],[-80.90854599960338,38.54304299984108],[-80.90646400032051,38.54080900013482],[-80.89149900013835,38.53691300023118],[-80.88944100024663,38.53389799965307],[-80.89010400004544,38.5310649997381],[-80.88826100023886,38.530292000273064],[-80.88910300013782,38.52346299999637],[-80.88164499979949,38.51238399977937],[-80.88123200024594,38.5070449999198],[-80.78517700013946,38.557648999934294],[-80.77972999983719,38.556218999861336],[-80.77733999968443,38.548044000041656],[-80.7725359999878,38.54699199981703],[-80.77056699978452,38.54450699986796],[-80.76490500029541,38.5444329997918],[-80.76029400004431,38.54151200018522],[-80.76067499981082,38.53792799975018],[-80.75777099982217,38.53789699985433],[-80.75820099999248,38.535181999953686],[-80.75191099996634,38.532780999972594],[-80.75045499977406,38.52552599990689],[-80.74247699975204,38.52702299989136],[-80.73945700031075,38.52403600023783],[-80.73625100019831,38.52454700009551],[-80.73787100042213,38.52890599975038],[-80.73727499967215,38.5324419997968],[-80.73080600044416,38.53441400011134],[-80.7267469996638,38.53227699999145],[-80.72388700005608,38.536166000066586],[-80.71914500028373,38.53225999993894],[-80.71635000007504,38.53685800024276],[-80.71153999963231,38.53702300008176],[-80.71034100025628,38.53424400023844],[-80.7008509999655,38.53336300002551],[-80.6971910002916,38.537313000159266],[-80.69473099981867,38.533367999758084],[-80.69109899973388,38.53464099976176],[-80.6885110001127,38.53172700001567],[-80.67757200020064,38.53306200002694],[-80.67513500019221,38.53203699966304],[-80.67536899964564,38.5301600001688],[-80.66995800022669,38.5274959999708],[-80.65912800009455,38.52541199981931],[-80.659144999813,38.527291000246805],[-80.65648799969655,38.528237000098265],[-80.65078600002447,38.5265899997464],[-80.67829100007594,38.50349200007324],[-80.64072499999635,38.42417299965827],[-80.66166800003512,38.41250999967542],[-80.63542199963413,38.37582699988495],[-80.63344300028342,38.37510799981905],[-80.62551999961467,38.35439199994682],[-80.61275499961445,38.36698300010765],[-80.60947900008013,38.35863700022145],[-80.36004800015253,38.225845000274724],[-80.36320700040929,38.114269000222585],[-80.26465300037012,38.04661599971638],[-80.22431499964804,38.04206099973065],[-80.22216899989277,38.043753999729184],[-80.21698699990436,38.04269199972987],[-80.2103500004469,38.037073999893074],[-80.20592900016662,38.037562999999274],[-80.1977610001738,38.042946999706004],[-80.19299599993691,38.04230600035144],[-80.18863900012902,38.0391130000476],[-80.18419299973435,38.04077199981822],[-80.17849799973497,38.04005200022628],[-80.16905100000018,38.03610999975589],[-80.10689100042876,38.055844999670185],[-79.95956399971102,38.06392699993814],[-79.9616469997171,38.06741500008625],[-79.95775799971437,38.07204999986821],[-79.95437000002707,38.0804010001894],[-79.94728900015559,38.085046000039114],[-79.94265600016317,38.09129299995395],[-79.93510599976332,38.09654700026228],[-79.92629300041335,38.106818000149666],[-79.92968699994844,38.10919400033585],[-79.93894600026057,38.11162799987392],[-79.94146399956153,38.117368999924],[-79.94066699986841,38.12087299989504],[-79.94324600016705,38.123135000191326],[-79.94117400003161,38.12526999964851],[-79.94525800002803,38.13223899990341],[-79.94274700039975,38.134332999994285],[-79.93274900012085,38.1361590001454],[-79.92903099982233,38.13977100021694],[-79.9286829996678,38.14492799989242],[-79.9261429997272,38.149556999863925],[-79.91866199982266,38.15479000009891],[-79.91951499959225,38.1626489997856],[-79.916206000446,38.16309400009754],[-79.91486400005651,38.167723999810185],[-79.91792500040398,38.16839899981861],[-79.91882300037945,38.17011699994292],[-79.91645400014309,38.17681700015352],[-79.92102600003614,38.17995399994732],[-79.92007500035723,38.182528999973805],[-79.91618200015652,38.18422299994812],[-79.91440999959676,38.188417999805104],[-79.90738700034991,38.18797000011892],[-79.89733499964433,38.19338099999557],[-79.89739499991877,38.195846999686545],[-79.89291599991216,38.199868000153614],[-79.89032200044322,38.20585899982353],[-79.886413000349,38.20795300006915],[-79.88295500034148,38.206938999960606],[-79.87924999956344,38.21091999979468],[-79.8745940000048,38.212975999839735],[-79.87393399968073,38.21538499978934],[-79.86089000002124,38.22524299977085],[-79.8569719997062,38.23106700012124],[-79.8503260000279,38.23332399973604],[-79.84521199981157,38.24107400027531],[-79.83511300014861,38.2418969999871],[-79.83088600003708,38.249689000207646],[-79.8252830000992,38.25048800008085],[-79.81962499990972,38.24823200027674],[-79.81486399987081,38.25156899978805],[-79.8157090001428,38.25506699998125],[-79.81198900019447,38.260397999967175],[-79.80633600002787,38.25919300016958],[-79.80127299986515,38.26147299996144],[-79.79829799973139,38.26595699965831],[-79.79592099999743,38.265551999799634],[-79.78922500009043,38.26839199981033],[-79.78646699969165,38.27464899970346],[-79.79000500006511,38.27735100032104],[-79.78979099980486,38.28116699971949],[-79.79544800016942,38.29022799985972],[-79.7978480003679,38.29205300034211],[-79.80277799956293,38.29207299989618],[-79.80402600024107,38.29862199970314],[-79.81011500042575,38.3050370002728],[-79.80871100011201,38.3094290001479],[-79.8023249998264,38.31626399979504],[-79.79961699965634,38.31714899979198],[-79.79655000035939,38.32347999999601],[-79.79004500024809,38.328238999763315],[-79.7869839999006,38.32843700035147],[-79.78580600044097,38.33109499969324],[-79.77927200001736,38.33160900002307],[-79.77308999994624,38.335528999880026],[-79.76759400013849,38.34430199982087],[-79.77034900016422,38.34779999985844],[-79.76597999976245,38.35129100033867],[-79.76726299970237,38.35339500015736],[-79.76443200040697,38.35651400005708],[-79.75555999970915,38.35737199986699],[-79.74217700011596,38.35324800016758],[-79.7353089997815,38.355240000025205],[-79.73205900018645,38.36016800017959],[-79.72559699973284,38.36382800012201],[-79.7267900001594,38.370831999955314],[-79.73169799961312,38.37337599974645],[-79.72951199967486,38.38119399971691],[-79.72634999994335,38.387070000185616],[-79.72265299956123,38.38951699965969],[-79.71736500016593,38.401561999749426],[-79.70896500036952,38.40955300002765],[-79.70914000027169,38.41206399968251],[-79.70663399976802,38.41572999996823],[-79.69973399964648,38.42187000000553],[-79.69527300008154,38.42368500012023],[-79.69683100038107,38.42675700003638],[-79.68966699977061,38.4314620003121],[-79.691743000104,38.437064000271896],[-79.68924699964603,38.44213399997816],[-79.69147899961504,38.44628299990721],[-79.68810500017142,38.45044400032935],[-79.68836600028733,38.456869999844265],[-79.69108600015295,38.46374299990092],[-79.6955879997258,38.46905799978133],[-79.69912000025148,38.47028800015476],[-79.6994730004289,38.47452700000554],[-79.69339699976469,38.48018299999795],[-79.69546200022744,38.4814539997068],[-79.69757199999769,38.48722300011718],[-79.6922729998334,38.49647400008977],[-79.68834500037094,38.496183000203644],[-79.68297400023664,38.50131699978694],[-79.68037400002162,38.51061700027768],[-79.67407399994973,38.51041700019788],[-79.67048600024586,38.50765899991335],[-79.66847400038489,38.51231699996506],[-79.66217400031299,38.51521699990431],[-79.66677399979513,38.52431700000757],[-79.6729740003079,38.52871700000633],[-79.66687300042766,38.5383170002991],[-79.67087500040829,38.541015999668076],[-79.66917499981854,38.54531600029151],[-79.66977499986817,38.55031600008185],[-79.66727500011055,38.55261600013514],[-79.66507499992859,38.560916000231735],[-79.66257500017099,38.56051600022839],[-79.65927500034722,38.56241599991015],[-79.66287499974663,38.57041599973093],[-79.65797499979055,38.573316000183674],[-79.65587500006603,38.57691600009593],[-79.65517499955897,38.583116000315684],[-79.64907500040195,38.591515000094056],[-79.5717709996499,38.5631169996775],[-79.55547099964927,38.560216999918616],[-79.53687000008267,38.550917000141254],[-79.53197000012658,38.542417000287024],[-79.52146899988242,38.53411799997421],[-79.47663799980832,38.45722799994557],[-79.31227600021943,38.41187599985183],[-79.30555100000012,38.41528900032854],[-79.30008500032957,38.414891000261214],[-79.29069499959787,38.42103799980109],[-79.28294000005695,38.418099999897315],[-79.28031300007774,38.4203609998171],[-79.27968299989088,38.42373300024408],[-79.2827540002841,38.431693999792984],[-79.27451799962093,38.436357999723086],[-79.26731899974867,38.43827400016745],[-79.26110300024068,38.44806999989749],[-79.25697800023639,38.45056700020081],[-79.25448199977842,38.455930000015314],[-79.24747399970187,38.453305999659484],[-79.24266800035542,38.45418100017845],[-79.24218799995641,38.46462300002152],[-79.23988099964433,38.47007900024033],[-79.22566899967265,38.476470999962345],[-79.22096100023549,38.48058999997373],[-79.22148000009426,38.4846930000703],[-79.2190670003753,38.487440999890886],[-79.2105910004109,38.49291299991165],[-79.20695900032611,38.503521999666475],[-79.21095899975862,38.50802200028291],[-79.20585899978599,38.52452099970077],[-79.20145900032038,38.52782099993052],[-79.19885900010537,38.53212100018528],[-79.19905900012189,38.53502099980223],[-79.19345799983384,38.54242100027226],[-79.18405799995472,38.55152000018548],[-79.18165799975623,38.55852000033016],[-79.176658000241,38.565520000165286],[-79.17095400002079,38.56811600030104],[-79.17085799976134,38.57411899969234],[-79.16785800041151,38.579519000058305],[-79.16344200015409,38.58281699994791],[-79.15825699979264,38.59311899993889],[-79.15975800019076,38.595118999723304],[-79.15925799970026,38.60091899984844],[-79.15435699991924,38.60651800027442],[-79.15555899966832,38.61048400015757],[-79.15145700012857,38.620218000349126],[-79.14595700012283,38.626818000235566],[-79.14265700029907,38.634416999697955],[-79.13755700032644,38.638016999900756],[-79.12975599985641,38.65501800015233],[-79.12435600030813,38.655816999703866],[-79.1232569995929,38.658916999664875],[-79.12045300006167,38.66020799966741],[-79.11595499978849,38.658808999773136],[-79.1115560001478,38.659717000208666],[-79.10635599971774,38.65621699981565],[-79.09275499966634,38.659816999911385],[-79.09224599985332,38.66811399997829],[-79.08785499971025,38.67381600023536],[-79.08429999961834,38.686507000111675],[-79.09075500039926,38.69251500026235],[-79.09295499968287,38.701714999751616],[-79.08655500005187,38.716014999716215],[-79.08725499966063,38.7201140002785],[-79.07905499988075,38.73721399984232],[-79.07385500034901,38.742113999880104],[-79.07235499977577,38.74781300015763],[-79.06095399990636,38.75671299981349],[-79.05725300022459,38.761413000276946],[-79.22314700017374,38.87344400009632],[-79.32206500026098,38.93780999997765],[-79.3498670004134,38.95750899985786],[-79.35266599992173,38.96120900031062],[-79.36216799990811,38.966509999876756],[-79.37926799997489,38.96580999972367],[-79.38886899969546,38.97001000025179],[-79.40866299968862,38.97383499983565],[-79.4209399997922,38.97168099985709],[-79.43446800004865,38.97640399993286],[-79.44942300018508,38.974073999798726],[-79.46063099971067,38.97593600007119],[-79.46360099982155,38.97477800026268],[-79.47248799968968,38.97802999997867],[-79.48280900000879,38.97727800030426],[-79.48773400007924,38.97490699972395],[-79.49558300022983,38.97737099970962],[-79.49964100028699,38.97524900027663],[-79.50070999996666,38.97054400018873],[-79.50381499979675,38.969928999792],[-79.50819500006918,38.97240899998736],[-79.50876499998157,38.97517299983095],[-79.78568500006715,39.03740399993007],[-79.78538899979114,39.03980500008503],[-79.78218900042478,39.04000499968427],[-79.78038900027592,39.04480500022317],[-79.77698899999473,39.04650500008459],[-79.77918900017667,39.05580500031142],[-79.77648900040252,39.05780499984264],[-79.7768890004356,39.06060499999571],[-79.77398899974662,39.06310500003863],[-79.77648900040252,39.06620499986808],[-79.77678899997818,39.06990399981134],[-79.77448900023711,39.072104000326256],[-79.77528900030327,39.07660400015464],[-79.78068899985158,39.08230400032233],[-79.77958900020977,39.084403999684504],[-79.78889200000451,39.092402000087354],[-79.78878999989725,39.097503000284604],[-79.79428999990299,39.100804000337234],[-79.7993890000507,39.108002999966864],[-79.81599000035021,39.1125030001111],[-79.82119099970687,39.118303000084154],[-79.82509200030348,39.11580300016251],[-79.83089199988486,39.11940299990964],[-79.82829199966982,39.12190300032867],[-79.82969199978561,39.123103000183754],[-79.82919200019343,39.12580300003348],[-79.83619199987403,39.12710200003299],[-79.83809300030525,39.131001999680564],[-79.8358930001233,39.13360199978057],[-79.83479299958317,39.140702000217246],[-79.83299300033262,39.14320199989328],[-79.8343930004484,39.147401999701756],[-79.83299300033262,39.15420199974807],[-79.82749099977875,39.16040199982589],[-79.82699200001147,39.17460200033881],[-79.8285929999687,39.178002000297695],[-79.8221930003377,39.186501999779615],[-79.8225930003708,39.19060200009926],[-79.82679299981984,39.194800999861904],[-79.82008699986709,39.1992000000176],[-79.81758799993439,39.205601000309805],[-79.8141879996532,39.20940099965737],[-79.81669099978386,39.218600000083576],[-79.80889100003706,39.223799999995165],[-79.81029000032795,39.22959999966531],[-79.8092869998722,39.235787999971144],[-79.81888199974499,39.240478999990984],[-79.83628599958537,39.240868999837026],[-79.83904800018212,39.243330000225946],[-79.85028099982206,39.246532000228164],[-79.85335800006307,39.250282000158855],[-79.85088300041981,39.25679599965373],[-79.8516280002344,39.26261899983467],[-79.85422099987844,39.26404600002208],[-79.85258499976109,39.27069700001828],[-79.85358900004175,39.27228799995891],[-79.8592510004292,39.2738849999501],[-79.86018399966643,39.27567299966224],[-79.85838500024077,39.28022399976547],[-79.86120600038876,39.28123299997713],[-79.86204300026485,39.28549399981271],[-79.86501900022353,39.286875000131936],[-79.86716300032897,39.290251999777716],[-79.87097000031594,39.290782000203386],[-79.87216000036945,39.294671000336045],[-79.87990400003974,39.294771999704395],[-79.88711700015568,39.29802800001135],[-79.88866200003645,39.30285199984001],[-79.89010700035806,39.29928100030578],[-79.8928840001251,39.2989080002912],[-79.90320200007118,39.30333700019223],[-79.90859699959658,39.29929500012416],[-79.90855700031192,39.29561500018193],[-79.90648199980343,39.29217899986469],[-79.90763099984908,39.289437000190254],[-79.91231300024528,39.2896049998943],[-79.91262899971446,39.29207000020681],[-79.91598299996491,39.29466200020633],[-79.92499600022973,39.2889840003081],[-79.9323159995775,39.28953500012454],[-79.93257300039376,39.293120000060874],[-79.93604999976952,39.296831000101875],[-79.94145000021615,39.29688800029682],[-79.94322600007557,39.29581999998265],[-79.94148899967588,39.293603999988754],[-79.94210799999207,39.290540999706955],[-79.94678500036542,39.287227999885864],[-79.95002599973964,39.2819859998895],[-79.95609900003082,39.281983000230014],[-79.96109900044434,39.26879599989411],[-79.96639900043351,39.268194999699205],[-79.9725999998729,39.26369499989579],[-80.02341100035171,39.24789200029182],[-80.15004100017967,39.23825000030713],[-80.16638700021105,39.24228299991377],[-80.22468700009203,39.17097700022605],[-80.22671200037182,39.15143499994559],[-80.22468399971899,39.141963999949986],[-80.22717299960594,39.11279199967153],[-80.22871599983687,39.114393000135635],[-80.23418800025351,39.11349100027813],[-80.23616199958133,39.11464799977609],[-80.24039399971575,39.11314499980343],[-80.24877099994592,39.10080900012761],[-80.30020900023855,39.10385699998891],[-80.30505700031614,39.061467000133064],[-80.31798200014991,39.0134409998959],[-80.3344839998169,38.996586000203415],[-80.32570800027685,38.974260999993454],[-80.31991500036817,38.96951499972024],[-80.31934600028067,38.96091900013228],[-80.31748599985735,38.95864700018184],[-80.322044000405,38.9550440001431],[-80.32960599960211,38.9545920003076],[-80.33574500001552,38.946225000114985],[-80.3483529996569,38.93990100022108],[-80.33962999982029,38.937707000030684],[-80.33844200031494,38.93490600009452],[-80.34008699975477,38.93065699969308],[-80.34426100016287,38.92716200000439],[-80.34363099997601,38.92533900017515],[-80.34783799999609,38.92369499974704],[-80.34981499969696,38.920529999717154],[-80.34805499973106,38.91567299981],[-80.35470399978242,38.91298999977336],[-80.35555800027525,38.90821400017379],[-80.3624759999401,38.90677200011539],[-80.36079399979201,38.901286999723],[-80.36267000010886,38.89790400031681],[-80.36776800043167,38.89455199996909],[-80.3677779995791,38.88661300006328],[-80.37933699963229,38.88768700004026],[-80.38360499975171,38.88548600025333],[-80.3842240000679,38.88384500029288],[-80.38180600032607,38.88145499993076],[-80.38698900013938,38.874808000130386],[-80.40954099963301,38.76832699968875],[-80.39306300025547,38.72757099983997],[-80.39465499999187,38.726002000002936],[-80.39691899974792,38.72947900017337],[-80.40194900029869,38.72989900020893],[-80.4053920002376,38.72668300013745],[-80.40456799988198,38.72359700022769],[-80.40694600033916,38.72275599987415],[-80.4085609996418,38.724574999886784],[-80.41367700040627,38.724473000083215],[-80.41219299972659,38.72564699996788],[-80.41230099968162,38.72841100025339],[-80.41674500042643,38.72957699977184],[-80.42403399981205,38.728053000160195],[-80.42742400004754,38.731132999653504],[-80.42876300006394,38.7285220003251],[-80.43321699995619,38.729507999989885],[-80.43608400013493,38.725554000249524],[-80.44043000007217,38.72829099969775],[-80.44565800009133,38.727112000251886],[-80.4475439995556,38.73271200005949],[-80.45228200002832,38.732934999949165],[-80.45174499972788,38.73688699987343],[-80.45733199977224,38.73916899986961],[-80.45084000007972,38.75010099967714],[-80.45209799990529,38.75538200018982],[-80.4510280004007,38.756900999918685],[-80.4531549998894,38.76101400016521],[-80.44899800009806,38.76542400018389],[-80.44941700039772,38.76938300027003],[-80.44215999990082,38.77161600028421],[-80.4440520001112,38.77584500015609],[-80.44614799963776,38.77751399988296],[-80.45033700011449,38.77559000030775],[-80.45848199964277,38.77605300020306],[-80.45860100036677,38.778078000272714],[-80.46369799996634,38.783763999922044],[-80.46300699968013,38.78599799988924],[-80.4583939997792,38.78773999997326],[-80.45937700014348,38.791516999721665],[-80.46311200016044,38.79588199989104],[-80.46919799997208,38.79755699969553],[-80.47453200029645,38.79427399987093],[-80.48552800010994,38.80030399998513],[-80.48363699972447,38.80349999975222],[-80.48432800001069,38.80924100022688],[-80.47933900036614,38.814594999954515],[-80.48060899988725,38.81820800034593],[-80.4768799997181,38.82084700013397],[-80.4762549995541,38.825784000180995],[-80.47376800021529,38.82909800017437],[-80.4738100000481,38.833229000044675],[-80.4798160003921,38.83317699981566],[-80.49084499981757,38.845259000245406],[-80.50071800042299,38.84466100020059],[-80.5072159999633,38.854027000275686],[-80.52376700003408,38.8628019998646],[-80.52836999988926,38.861997000286],[-80.53248300019798,38.85589899991876],[-80.54152499987681,38.85390199996541],[-80.54806500014821,38.85619899984563],[-80.55206999960357,38.860561999752825],[-80.55379000028482,38.86582199990373],[-80.5579570001219,38.8676089997452],[-80.57337300039079,38.862849000291746],[-80.57885999997772,38.85879599985197],[-80.58348999959708,38.85887100021983],[-80.59069600004034,38.868935000024756],[-80.59328899968436,38.870417999882974],[-80.59265799967261,38.87374099985154],[-80.59066300042838,38.875021999847874],[-80.59230299984536,38.878642000212515],[-80.59099099959313,38.88367899976851],[-80.59644600029132,38.88754999998447],[-80.599161999959,38.891777000226845],[-80.59704899981567,38.89599900032214],[-80.60579900031478,38.90416699966838],[-80.60882700015198,38.90498999981692],[-80.61270799975881,38.90209700017694],[-80.61990099978327,38.90257999988698],[-80.62259100040998,38.897474000122756],[-80.63120000044377,38.89759000010639],[-80.63393000035514,38.89501199980418],[-80.63389699984486,38.89251499982039],[-80.63789999965043,38.89193000002231],[-80.64028200030556,38.8898200001214],[-80.63970599964708,38.885633000056764],[-80.64101700007441,38.884814999713704],[-80.6470939996652,38.8862449998507],[-80.65213500008663,38.88968200011465],[-80.65910999965288,38.888118999838746],[-80.6594620000054,38.88293200030112],[-80.66589900034464,38.88180400015952],[-80.6693049995753,38.88536700028956],[-80.66930600029852,38.888098999912515],[-80.67263399971137,38.88902100023599],[-80.66990899982287,38.892773000086315],[-80.69266700007914,38.88027000004011],[-80.70152200016022,38.87904499991885],[-80.85072199992345,38.79224600021729],[-80.98494999983183,38.717897999936326]]]}}]}