{"type":"FeatureCollection","features":[{"type":"Feature","properties":{"GEOID":"0803","NAME":"Congressional District 3","BASENAME":"3","STATE":"08","CD119":"03"},"geometry":{"type":"Polygon","coordinates":[[[-109.060204000085,38.27823799969793],[-109.04283500040471,38.16626799973214],[-109.04257199974066,38.15701599979706],[-109.04157199965796,37.562138000329526],[-109.04563999976084,37.35972300017304],[-109.04517199995568,36.9989769999816],[-106.87831700016105,37.000101999679174],[-106.86982000028024,36.992496999968346],[-105.70785200008332,36.995918999681464],[-105.12080000016572,36.995428000213046],[-105.02922599971569,36.992726999829294],[-104.62455500024394,36.994375000066555],[-104.33883299978075,36.993534999779],[-103.62550699968732,36.99862900032975],[-103.08610199996892,37.00018800029766],[-103.08669899964548,37.17638600030388],[-103.08253699983128,37.38161300028104],[-103.07466299956633,37.38175399972278],[-103.07593800000865,37.64342000008261],[-103.40433900004456,37.64357600023197],[-103.40368200009353,37.82279200012578],[-103.39985400019016,37.82281199989602],[-103.39810799956965,37.960626999826395],[-103.39993799985574,38.26543499985894],[-103.51006000016893,38.2651689999857],[-103.50936399985984,38.172513999897426],[-103.61928299978344,38.17145500008133],[-103.61917200035366,38.11335500019094],[-103.80303300038292,38.11253299999311],[-103.80731599967265,38.116400000002415],[-103.81191000020532,38.11784500001174],[-103.82186599975313,38.11351600033286],[-103.83561599976743,38.113340000058685],[-103.84168700040877,38.11734600023015],[-103.84621099972291,38.12340499980772],[-103.85834200023663,38.125425000042945],[-103.86626199963403,38.128760000025295],[-103.87800099961225,38.12464899977832],[-103.90066199978415,38.12540900033204],[-103.8985119998309,38.13113199991649],[-103.90605399983484,38.13486399979139],[-103.9127680001835,38.134108000148416],[-103.91352499969365,38.131623999785106],[-103.9109799997302,38.126563000078335],[-103.91439599990493,38.12476000031353],[-103.91868699959056,38.12554199972149],[-103.92015200000368,38.12927399992819],[-103.92339900012401,38.13042399986956],[-103.92904100041996,38.1273280000512],[-103.93012000014537,38.125005000286286],[-103.93398900005661,38.12441700010107],[-103.94458599966194,38.12668700020264],[-103.95246099975179,38.13054500019247],[-103.974377999934,38.13211900011486],[-103.97695700023264,38.13434800005356],[-103.97412799968876,38.13862699983893],[-103.97499100040243,38.14033600013918],[-103.9842130000063,38.140913999890394],[-103.99469599980881,38.146653999908345],[-103.9982869998857,38.14625600021591],[-104.00256099985292,38.14277000017696],[-104.01022699970541,38.1457370001046],[-104.02215900002749,38.14095100032119],[-104.04704499959736,38.141389000061224],[-104.04917899965709,38.146272999954284],[-104.05824200015061,38.14649199972044],[-104.05840299980909,38.260813000196514],[-104.05472499969355,38.26186400026422],[-104.05634999994024,38.43574199972784],[-104.05392100032775,38.522392999716246],[-104.50052300008288,38.51989799974077],[-104.9415329997708,38.5195689999951],[-104.94036600018184,38.25827500013228],[-105.04921499970253,38.257973000130946],[-105.04828699958982,38.12777300033797],[-105.0506779995675,38.11382400032216],[-105.0499169998594,37.915479000297374],[-105.05430700017756,37.917508999945895],[-105.06149699982898,37.91606099996933],[-105.06421099984682,37.917906000082624],[-105.0663010004239,37.92504800026503],[-105.0637370001939,37.92926900003781],[-105.06357200033744,37.935001000185764],[-105.06642500027249,37.938525000112826],[-105.06605600020153,37.9442089999762],[-105.07424400028584,37.9485129997677],[-105.07780000020264,37.95296399999636],[-105.08405699971853,37.95559399982094],[-105.08801100001857,37.948588000043884],[-105.1085070001686,37.943398999782616],[-105.11716300005807,37.949140999688446],[-105.12261200001016,37.949176999891236],[-105.12597499958311,37.95116999986786],[-105.12503999979774,37.953239999723706],[-105.12690600006884,37.955134000274015],[-105.12641099960122,37.96075000004222],[-105.12790899962629,37.96259199968849],[-105.133408999632,37.96303900025726],[-105.13594899957256,37.966357999648594],[-105.13133499984676,37.97118799967705],[-105.13134800026553,37.973455999704726],[-105.1421449998874,37.97979900003794],[-105.13941900017397,37.9848410003319],[-105.14124100006416,37.98685999980369],[-105.14796499956027,37.98684099967381],[-105.15249100032086,37.992113000048086],[-105.15319900032551,38.00078400022695],[-105.1479689997582,38.006238999870796],[-105.16110100017956,38.01586600023321],[-105.16865200040432,38.01894600011575],[-105.18100599960248,38.01559499970996],[-105.19458599973747,38.00756000018559],[-105.2000439999104,38.000834999738046],[-105.19707299997461,37.99241599988022],[-105.19881399967393,37.990180999788215],[-105.20606799979775,37.989668000076065],[-105.20670200018257,37.982276000117615],[-105.21398600044363,37.98080899986214],[-105.21310900038458,37.977330999870546],[-105.21650499956951,37.97537799983621],[-105.21536599956961,37.97051999981189],[-105.22313600007749,37.96880400009277],[-105.226261999824,37.963898000282164],[-105.22941799970772,37.9652449997393],[-105.23855999984399,37.9628399997776],[-105.23993300019559,37.96039300031534],[-105.2380960002368,37.95685100013596],[-105.24179899956837,37.95380900018521],[-105.24974200032862,37.951521000075715],[-105.25676399975053,37.94255499989728],[-105.25754600027335,37.93813099976137],[-105.26154900007893,37.93716799989346],[-105.2639419997064,37.93205899983938],[-105.26184199998188,37.925637000291026],[-105.27341799975349,37.9107159998783],[-105.27381799978659,37.907676999900616],[-105.28054899985369,37.901215000262724],[-105.28446499962062,37.899511999782085],[-105.28673599994767,37.9001939998847],[-105.2910400000521,37.90389700002602],[-105.29240699965762,37.90862500020038],[-105.29668099962483,37.908761999750226],[-105.30025400015839,37.91248799994391],[-105.30165900029704,37.91811900019027],[-105.30054100021356,37.9230850000747],[-105.30657400032175,37.93229199987485],[-105.3102809998513,37.93354000030203],[-105.31450700013794,37.938444000110565],[-105.32452600033326,37.938433999972844],[-105.33363900015719,37.93478500025282],[-105.34720900024644,37.92475900011375],[-105.3637789996855,37.92206999987557],[-105.37708799965884,37.91610199989188],[-105.3783959997131,37.913800000249445],[-105.38165000040443,37.91270700020547],[-105.40342100009846,37.895782000101285],[-105.40869699979822,37.894442000234356],[-105.41363500028746,37.89052699971471],[-105.41868900022935,37.88970299986039],[-105.4277900003577,37.89132000019261],[-105.43197200026341,37.895166999852734],[-105.44027199960239,37.897461000170615],[-105.4523599995601,37.895680999950834],[-105.45923499956724,37.89716900013574],[-105.4730099996959,37.895696000017054],[-105.47887499957461,37.90050499975737],[-105.47835099969296,37.90334900021322],[-105.48260399974379,37.905004000006144],[-105.4881449997574,37.90984499980473],[-105.49114500000549,37.91522499995182],[-105.50311599978734,37.923725000179175],[-105.50836399989798,37.93609399978075],[-105.51108600031175,37.93913100028896],[-105.51459100017495,37.93992999977698],[-105.53037800016457,37.95336300026906],[-105.53331499976518,37.95518199993023],[-105.54273700028392,37.95650999970084],[-105.55010100001262,37.95387100008622],[-105.5518259998184,37.95058400031435],[-105.56031100000364,37.95188599978057],[-105.5706919996989,37.95826600027254],[-105.5776760003843,37.96553600004827],[-105.58261599962505,37.96593400001999],[-105.58505400035669,37.970451000277734],[-105.58152199983103,37.97522499979224],[-105.58185499991696,37.977971999714946],[-105.58319099956034,37.9799780002827],[-105.58590999960104,37.979686999864455],[-105.58815599981375,37.98668899987365],[-105.59207099975576,37.99214800007863],[-105.59589199998642,37.996369999961374],[-105.59841299966044,37.99702099979963],[-105.60059600012396,38.0022740001111],[-105.60463599973943,38.005013999829956],[-105.60435500043035,38.00874499968877],[-105.59703900038222,38.0132180001891],[-105.59869800006578,38.02264899986843],[-105.60311400032322,38.02714400021526],[-105.603156000156,38.03096799996052],[-105.60938000005991,38.03233800030295],[-105.60885399963013,38.03495300015445],[-105.61324599959813,38.03808500026855],[-105.61495700005854,38.04366200021603],[-105.6179959997664,38.04726100003246],[-105.61780699962053,38.05325999978242],[-105.62820599975743,38.05742100026945],[-105.62596200009285,38.061160999906704],[-105.6272059996747,38.067310000271284],[-105.63208800008746,38.06835200003304],[-105.63617399973369,38.071358000175906],[-105.63691799972335,38.076173999693076],[-105.65529599970722,38.09134299968265],[-105.65557899956443,38.09548999970025],[-105.66135999977755,38.10050099992831],[-105.66133999968604,38.11149800026344],[-105.65766300029372,38.1174539997129],[-105.6626539995881,38.119158000250316],[-105.66501399960364,38.12428300012216],[-105.67021499985862,38.12855400008213],[-105.66971199989337,38.130911000251835],[-105.67339500003179,38.137395999855],[-105.67254700028505,38.140219999886774],[-105.67627899992897,38.145857999765006],[-105.67270100027083,38.14832099966482],[-105.67016899982785,38.15309700002115],[-105.67304199985436,38.15912600020639],[-105.68078200022502,38.160501999933786],[-105.68683799989944,38.16684500015726],[-105.6932149999642,38.165737999763195],[-105.69919700001878,38.16797299985342],[-105.70830999984271,38.18186000012696],[-105.71600099980957,38.185210999718656],[-105.72701900026269,38.19970499998343],[-105.73298000040086,38.20098600015198],[-105.73631799985944,38.209230999916095],[-105.74069800013186,38.2102829998771],[-105.74480600041773,38.21460300027079],[-105.7505630003414,38.214212999962534],[-105.75602599963888,38.21812699971888],[-105.75653899964986,38.22495999983932],[-105.75943799961563,38.22856599973593],[-105.78788699967333,38.24205599979291],[-105.78976100034036,38.24435999994818],[-105.78914299984908,38.25182400007947],[-105.7956649996788,38.26013900001979],[-105.79685499973232,38.26632599997731],[-105.80001300016417,38.269921999935825],[-105.8193820000099,38.27364700013216],[-105.82712300020545,38.278568000146095],[-105.83168300040292,38.28616299974003],[-105.83720199977691,38.2884109999621],[-105.84082999966373,38.292459999981574],[-105.84277999960044,38.293226000190415],[-105.84662900031852,38.29028700022345],[-105.85017600001447,38.294455999735355],[-105.85831499969498,38.29835899988759],[-105.86162299991469,38.30342200007514],[-105.86681699959865,38.305700000034946],[-105.87200799980789,38.31083500013645],[-105.873910000064,38.31514200034988],[-105.87637600038472,38.31595099977872],[-105.88224700011122,38.32749199968925],[-105.88514199987904,38.328889999950874],[-105.88875999972012,38.33436000019505],[-105.88876599956792,38.34081099994894],[-105.89257400027812,38.343342000346496],[-105.89363999958475,38.346559000005996],[-105.9019780003552,38.35247900031714],[-105.90844699958318,38.35447800028596],[-105.91248899974678,38.36153900012284],[-105.91798899975251,38.36342100028129],[-105.91985099982566,38.36715599978713],[-105.93135999965014,38.36979100019751],[-105.9446369998364,38.37863799969496],[-105.94760600012239,38.39052600030021],[-105.95065400005107,38.39373300015889],[-105.95566799981,38.394437000317],[-105.95949499988845,38.39709499987067],[-105.96066900004843,38.40309500032957],[-105.96793300021801,38.408771999772036],[-105.97338899984281,38.40945899972265],[-105.98395000036143,38.419989999772106],[-105.98730799991151,38.418801999670755],[-105.9967680000651,38.42030299988833],[-106.00071499979414,38.42529300027518],[-106.0015630004392,38.43111000021013],[-106.0074769998234,38.43314999982632],[-106.01230700035761,38.438944999894446],[-106.01253099976529,38.44497000005581],[-106.01075099970788,38.446565999966396],[-106.01768000014172,38.448693000339034],[-106.01691699988548,38.451795999671305],[-106.01865500011007,38.45418799976274],[-106.03092100034301,38.45354700034113],[-106.04277099975101,38.458266999988346],[-106.05207400044407,38.45422099980381],[-106.05857100015945,38.45694500019728],[-106.06224400025211,38.45033000029555],[-106.05887699958286,38.448097000174954],[-106.05814799966181,38.444248000194364],[-106.06640199986836,38.433795999886456],[-106.0701219998167,38.43234300003842],[-106.06935400043591,38.430180000217476],[-106.07653499986648,38.423652000192504],[-106.10571299984522,38.42217599984425],[-106.24693999960934,38.422767999780596],[-106.24948399974787,38.43324400026847],[-106.24536299994153,38.43917100017164],[-106.26133300022927,38.4423549996994],[-106.26607099980367,38.44173500026732],[-106.27411900014587,38.44688599986737],[-106.27224700002701,38.4487759998699],[-106.27265499955767,38.45519600034557],[-106.28060900018858,38.454336999998944],[-106.28853199995899,38.461372999804965],[-106.29033200010788,38.473253000298136],[-106.30398599986272,38.47776100001975],[-106.31146099991949,38.49487000030435],[-106.31775000012072,38.494877999936044],[-106.32010900031132,38.4976910000842],[-106.32722799981765,38.49758800016759],[-106.33016899961623,38.493689999905136],[-106.33820699991271,38.498207000002125],[-106.33930599972959,38.50121699990756],[-106.34422999997514,38.50458999996116],[-106.34811800015297,38.51186999999667],[-106.34370299972043,38.51746000016548],[-106.34259700023085,38.521536999846056],[-106.34713099959075,38.52876099977915],[-106.35418499969805,38.533384000305254],[-106.35370600002223,38.53922000011821],[-106.35538599962219,38.54237100008914],[-106.3535329997699,38.549973000079284],[-106.3466410000443,38.55886399989059],[-106.3468670000001,38.56510399998916],[-106.34461900013757,38.568564000090674],[-106.35167300024486,38.57690500032223],[-106.35341999979197,38.581466999832564],[-106.35129999997596,38.58349000006604],[-106.36102399972017,38.59448699994634],[-106.35931700035606,38.59939300023729],[-106.36469699981285,38.60588900010178],[-106.36419800004556,38.61449999968515],[-106.3745000000981,38.62085000022763],[-106.38006600022607,38.620416000101656],[-106.38536799986507,38.624994999827],[-106.38517399969629,38.632361999948955],[-106.37989899982149,38.63848300005722],[-106.38578799998965,38.638626999803016],[-106.3901640000641,38.64103400011434],[-106.40118900018989,38.63970200019969],[-106.40171899991931,38.64578300022735],[-106.40794399964814,38.64767900029685],[-106.41771699979616,38.64446100031919],[-106.42954500036116,38.65123500031123],[-106.42908800042667,38.6576199997154],[-106.43220900015031,38.667921000300844],[-106.43590700035733,38.67114999994453],[-106.43807200037918,38.6766349997397],[-106.43786099959367,38.68250000026167],[-106.44017600030166,38.68687000030148],[-106.4459590001646,38.68898799993877],[-106.45212600016711,38.69877699982957],[-106.44349299984387,38.70923099990571],[-106.43165599995633,38.70870800018211],[-106.4252749996936,38.71030699997677],[-106.42322199982475,38.716165999894685],[-106.42346700004713,38.72084699998943],[-106.41666499983491,38.72781399978847],[-106.41675199987355,38.73375599975592],[-106.4200500000475,38.73880499971122],[-106.41801100042234,38.74202800017638],[-106.41840100040967,38.74914999995618],[-106.41999200032116,38.75104499992643],[-106.41507899994627,38.75718400017915],[-106.41714299968581,38.76443499980412],[-106.41928000011856,38.766161000130644],[-106.41549800024593,38.77244099982242],[-106.41381600009784,38.77909299981401],[-106.41675900044454,38.78726799975216],[-106.41288100031247,38.79116099999069],[-106.41459000022473,38.799137999818406],[-106.41791099996492,38.80069100000065],[-106.4227260004305,38.808374999955454],[-106.41504499961108,38.81528200030444],[-106.41618199996115,38.824091999659636],[-106.4071319998864,38.829342000152685],[-106.39565200037426,38.822503000174684],[-106.38363200018861,38.824705000240215],[-106.38174699965093,38.83285699999247],[-106.37881900027115,38.836124999652554],[-106.37040100003308,38.838469000233914],[-106.37012599967348,38.84048499980892],[-106.36445800033658,38.84618499995337],[-106.36504400014248,38.85298499994323],[-106.35689100021828,38.85531800017642],[-106.34930300018361,38.85488700000899],[-106.34893800031062,38.86511199975337],[-106.34010900016882,38.87123399995065],[-106.33584699989717,38.872049000324736],[-106.33677900020781,38.874993999823424],[-106.33406500018997,38.88130899986154],[-106.32750499982707,38.88229699985972],[-106.32603899958906,38.88892699969975],[-106.32131299971022,38.892599000123674],[-106.32055500037517,38.8947080001741],[-106.32471999966413,38.90292899979504],[-106.3260989998635,38.911003999815925],[-106.3349840000818,38.91166600015124],[-106.33812800026998,38.90872000013036],[-106.3452409999285,38.90706699971297],[-106.35707299979316,38.91294500013835],[-106.36424499990125,38.91093599972742],[-106.36748199997582,38.906916999952266],[-106.37343999974094,38.90660800000557],[-106.37622200042918,38.90953900016648],[-106.37698200031235,38.92267399985219],[-106.38083600015501,38.92568499981832],[-106.39234400015457,38.91877500034101],[-106.39395900035551,38.91224899972699],[-106.40212399997527,38.91061699986133],[-106.40760200023969,38.914761999795566],[-106.4131659998195,38.91626800025177],[-106.41718000039404,38.92089799978746],[-106.41822700033241,38.92663000030781],[-106.42116099955999,38.92809300000634],[-106.43026199968833,38.92490899982622],[-106.43717500022862,38.91490599987317],[-106.44214999962949,38.91557399998424],[-106.45380800031519,38.912755000277535],[-106.45781100012074,38.91007799996329],[-106.46194100014792,38.91130299965811],[-106.46503199973432,38.91035400012929],[-106.47220899986525,38.915926999712504],[-106.48090499993768,38.918643000255265],[-106.489938000294,38.92631599996499],[-106.4907140000707,38.92968500031466],[-106.50437100019859,38.936848999746324],[-106.5058929996148,38.940928999826056],[-106.50531299965665,38.94440000020215],[-106.50716200020933,38.94609200033186],[-106.51573799973282,38.94866399971449],[-106.51987699998084,38.953968999651394],[-106.52668300039102,38.95541100033383],[-106.52851100012899,38.95988299970548],[-106.52349800019498,38.96483899981444],[-106.52186100025273,38.9686660002735],[-106.5244229999346,38.971092999983746],[-106.52838899993024,38.98072700017147],[-106.53417900036419,38.982291999718626],[-106.54676199989122,38.99107800000841],[-106.55072299986396,38.991700999682166],[-106.55421100000872,38.99871100019539],[-106.55988400026679,38.99852799997451],[-106.5661290000871,38.993792000320845],[-106.5698330001419,38.994480999898414],[-106.57716099988559,38.990444000038416],[-106.58616400010469,38.99281300016575],[-106.59502099983558,38.99107200028858],[-106.59921399961193,38.997994000241086],[-106.59445500012114,39.004185000340364],[-106.59492100027647,39.020808999655316],[-106.59169199969949,39.02492299997435],[-106.59437700030334,39.02995900031605],[-106.59951599973573,39.03378799984002],[-106.5972329997131,39.04482100011213],[-106.58424500013011,39.04718700005629],[-106.5807300002212,39.04871700020025],[-106.57755099987294,39.053209999829576],[-106.57758699985796,39.07275799989772],[-106.57952400027418,39.07557400033515],[-106.57707600039511,39.07943700022691],[-106.58491600032485,39.08482999985729],[-106.58633800018195,39.08774299977878],[-106.58615700043198,39.09404999995999],[-106.58031099992154,39.10216399995626],[-106.5746550002802,39.104278000227666],[-106.57016100020496,39.103515000273795],[-106.5639890001796,39.106040999946664],[-106.56498599988927,39.11400700002578],[-106.55817100015656,39.120223000200866],[-106.56041399999623,39.128447999729715],[-106.56468299994057,39.13293999995797],[-106.55950000012724,39.13968400024903],[-106.55867900014468,39.14384699988629],[-106.56263099989663,39.15194699969418],[-106.56126500011601,39.155677000078086],[-106.55718600014247,39.15671000002314],[-106.55167699991593,39.16146500013653],[-106.53809900032907,39.15801199971535],[-106.53611199968414,39.159437000117315],[-106.535138000439,39.16314600000761],[-106.52094200036088,39.15735299967615],[-106.51107700015135,39.16353199965575],[-106.50843599992842,39.16776999987699],[-106.51000000007575,39.17465300019132],[-106.5082080003228,39.1780489998703],[-106.50264899986753,39.18041899995404],[-106.49960699978662,39.18384800031116],[-106.49817200040904,39.19270099978316],[-106.4936490000215,39.19832600029694],[-106.49495399970273,39.20854100002641],[-106.49294299966668,39.215858000039816],[-106.49386900012952,39.2193170002973],[-106.49180799986473,39.220812000036155],[-106.49215400036947,39.22567899968081],[-106.48971099961496,39.2279770001295],[-106.4987399997733,39.234931000294466],[-106.49764900035231,39.242022000171474],[-106.48825100012303,39.249263999789974],[-106.48105999974838,39.25988799983866],[-106.48407000004222,39.265395999962486],[-106.48295399960857,39.272441000122846],[-106.48982899961572,39.27313999999019],[-106.49363200030305,39.277980000132374],[-106.4985439999547,39.27932499974317],[-106.50403100043997,39.284760999787174],[-106.5026899998754,39.29806699984881],[-106.49989800003976,39.3014829998848],[-106.49251500004449,39.30399600012249],[-106.49184999969754,39.30661999968271],[-106.48410400037741,39.31292999971896],[-106.4762240002647,39.31474799990338],[-106.47335600026105,39.30884299983452],[-106.46827200018194,39.307315000259756],[-106.46586199993772,39.31146100019241],[-106.45972800044548,39.313005999864544],[-106.45421900021893,39.31225900010985],[-106.45065200043149,39.3166979997404],[-106.44405299971052,39.31521800030892],[-106.43977100024573,39.31732099966922],[-106.43246000022046,39.316352999877374],[-106.42694699979596,39.323355000307544],[-106.42952400044477,39.333710000150624],[-106.42845099966881,39.33513100028392],[-106.43354800016672,39.337491999944504],[-106.43510399991811,39.34727499988468],[-106.43348000039465,39.35417400005182],[-106.42648700038673,39.36187100026259],[-106.50921400025328,39.36229800002406],[-106.51628000005614,39.368787000102515],[-106.51615799985741,39.37194600029766],[-106.51989700007232,39.37975499982641],[-106.52298099998603,39.381720000007824],[-106.52382399970989,39.393932000331034],[-106.54311200026308,39.40188799967764],[-106.5425370003278,39.40812500023408],[-106.544395000203,39.41359299988265],[-106.54982599971345,39.41988599990828],[-106.55715699983017,39.42324199993016],[-106.55957299992218,39.42853199971632],[-106.59150099990379,39.44251600016476],[-106.61680900014636,39.4576250002057],[-106.6221350000748,39.4567809997763],[-106.63494299973274,39.460841999957466],[-106.63984900043494,39.46054199970518],[-106.64641599957218,39.46423099992883],[-106.65271999984202,39.463171999854225],[-106.65554099999001,39.46001799990812],[-106.65891299978381,39.46107800021819],[-106.66077499985694,39.45970000020436],[-106.66378599997574,39.46022499973281],[-106.66865199959663,39.45956899973378],[-106.65875299995022,39.45603999994068],[-106.66838399980803,39.45561799971979],[-106.68087199979881,39.458177999918],[-106.69002499980571,39.45474600015303],[-106.6934669999197,39.451362999676654],[-106.7017389996696,39.456070999708096],[-106.70746299998132,39.456329999888176],[-106.72808499962973,39.46916100007338],[-106.72854900013523,39.47989399984871],[-106.73717300023762,39.48169400001933],[-106.7462109997185,39.48878399973456],[-106.75301399975561,39.497656000031576],[-106.75123600024638,39.505575000199286],[-106.75359999956154,39.51031399972132],[-106.75171999994505,39.51285000013628],[-106.7534690000403,39.514767999974175],[-106.75095599986389,39.51893399969073],[-106.7494140003562,39.52705599987267],[-106.75328499991727,39.53759300016471],[-106.75266399995125,39.53925999980052],[-106.76305300004242,39.552950999677606],[-106.7620880001198,39.555767999782596],[-106.76432400028676,39.5626900000588],[-106.76099199977763,39.58167299976951],[-106.7612920002516,39.59567199979936],[-106.76022100002379,39.5932149997499],[-106.74454899966187,39.584851000159496],[-106.74015099984611,39.57964200001771],[-106.73519599963844,39.57985099975307],[-106.73032699964446,39.58394200026875],[-106.72163899996796,39.581981000008895],[-106.71133100006766,39.582817999919925],[-106.70578500003117,39.58814699980125],[-106.70330000034218,39.58537899994754],[-106.68995100018589,39.58466100022435],[-106.6858699996642,39.58047599979948],[-106.68221500001317,39.58106899989364],[-106.66816399970001,39.57274400014716],[-106.66805200044533,39.59510899988633],[-106.70519599985222,39.59508299968023],[-106.70528999956353,39.60092400007345],[-106.74299000043575,39.60146399967401],[-106.7429090002449,39.61070299984136],[-106.73508299966052,39.612019999866625],[-106.7360030002756,39.610459000237164],[-106.73468500017557,39.6091840000638],[-106.72953099977626,39.608989000189965],[-106.71927499975449,39.61578699977851],[-106.71221800017247,39.616390000128185],[-106.70980000043062,39.613792000015344],[-106.70198999973977,39.61538499985647],[-106.69533300019083,39.6188680001385],[-106.69680000025376,39.61966500015285],[-106.69644700007636,39.62142200033751],[-106.69917600016281,39.622761999825805],[-106.69632499987762,39.62392500002407],[-106.69929400016358,39.62693100002616],[-106.69908199955317,39.63200599986158],[-106.7002259995759,39.63275100028986],[-106.7052589996014,39.6300240000393],[-106.70528600026388,39.62434600030185],[-106.73038299972094,39.62412899987046],[-106.73039799978959,39.627976999760854],[-106.72237000043717,39.63334399978347],[-106.7307710000585,39.63338600010667],[-106.72852800021883,39.63641199993845],[-106.7314339998573,39.638623999915744],[-106.7271890002024,39.64191999981008],[-106.73241600039667,39.64124299979976],[-106.73565500012106,39.65108800030687],[-106.7604610002233,39.65571000011419],[-106.78198099984715,39.65198299969399],[-106.78495000013315,39.654371999932046],[-106.79060499994958,39.653374000105586],[-106.79819800000713,39.65620900018058],[-106.79861399993374,39.660283000163865],[-106.80734299961811,39.6593020001231],[-106.8128760001341,39.65634900028809],[-106.81207100004507,39.65872400012556],[-106.81434900004483,39.65790099973363],[-106.81460400031295,39.65403699977279],[-106.81663299989235,39.655384000136365],[-106.82315700027026,39.65153300010193],[-106.82402900030642,39.64868400030727],[-106.81903700028883,39.64655299976374],[-106.81368399969787,39.646573999722456],[-106.81371999968289,39.64313499995312],[-106.79383899965109,39.643103999952395],[-106.79383299980331,39.63993399994895],[-106.78375300040695,39.639380999766495],[-106.78381600015614,39.626315000061666],[-106.78913899971154,39.62892499977054],[-106.79424000040741,39.62998699985212],[-106.79461000030325,39.628660999960545],[-106.79084799962382,39.62509299981377],[-106.78862499987564,39.625010999774155],[-106.78855700010358,39.62154899997423],[-106.78356300043615,39.62150200005409],[-106.78356599991089,39.617766999988085],[-106.80399900031172,39.61768199980757],[-106.80405200001516,39.61030799965712],[-106.81878600021867,39.61017399994817],[-106.81892500013583,39.62505800007878],[-106.82376999984034,39.62503200004669],[-106.8237730002134,39.628597999660435],[-106.82857899955984,39.628599999879505],[-106.82859899965133,39.63230100006662],[-106.83370100017208,39.63207899972692],[-106.83361599978328,39.63903200018387],[-106.83809599961482,39.639016000150875],[-106.83815500006438,39.64285199983249],[-106.84554399990742,39.645726999788586],[-106.84640199969989,39.648616000121656],[-106.84366500011585,39.648461999982906],[-106.84362400010795,39.652854000202524],[-106.84090900026519,39.65288600008605],[-106.84110400025885,39.65433599971202],[-106.84626199995782,39.654907999991345],[-106.85410000023775,39.652446999980874],[-106.86636899994544,39.654124999812886],[-106.8755620001353,39.65288299977341],[-106.874330000249,39.65145000015386],[-106.8751539997063,39.64776599976675],[-106.87346900008347,39.6473410001666],[-106.86813099956113,39.650743000173144],[-106.86239600027709,39.651120999754305],[-106.86061200002173,39.64978500027076],[-106.86122600031509,39.64817599970453],[-106.8678240003128,39.64760399974877],[-106.86800800043581,39.64541099981807],[-106.87032099969736,39.64538799977261],[-106.8703240000704,39.641407000042676],[-106.88661200037545,39.641712999742964],[-106.8866230002461,39.63866700011],[-106.89125600023853,39.638663000253956],[-106.89268300011847,39.63115100011121],[-106.88912200017879,39.63115100011121],[-106.88874499971196,39.62750099982343],[-106.8839629997566,39.62786800024741],[-106.8847779998914,39.617015999868364],[-106.88944600004392,39.617015999868364],[-106.88943799964798,39.624264999895196],[-106.89741599967002,39.62386099973127],[-106.90590900025113,39.630904000061015],[-106.90739200020762,39.6274699997343],[-106.91384399971716,39.6274240001567],[-106.9138329998465,39.63100699987824],[-106.91610599982337,39.63098800018544],[-106.9147540002865,39.627025999857224],[-106.92558100004555,39.62738099989222],[-106.92561000035788,39.63819099970297],[-106.93019300012159,39.63817500016722],[-106.93019300012159,39.634556999724],[-106.93962999981063,39.6345380003144],[-106.9396709998185,39.619817000280406],[-106.94438599982668,39.61981100024528],[-106.94436900010824,39.609581999855216],[-106.93802899985339,39.610118999672395],[-106.9381359999835,39.59518399970736],[-106.91934999957066,39.595333999798065],[-106.91965199969447,39.580705999660765],[-106.92251899987318,39.58069899993513],[-106.93269100022935,39.58586899994614],[-106.93528399987339,39.58546900017878],[-106.93528300004849,39.5836470002663],[-106.93999399985869,39.5836450001329],[-106.94000200025461,39.57986899985985],[-106.95871900017217,39.579735000106986],[-106.9588060002108,39.58336599999969],[-106.96825999961828,39.583234000230114],[-106.96823100020428,39.586439999701426],[-106.97253600013362,39.58643499991551],[-106.97258100033946,39.593993000043795],[-106.96887899993446,39.59408199989947],[-106.96947700033427,39.59955000006139],[-106.96687999959397,39.60736000013356],[-106.96801199992116,39.608655999689276],[-106.96745899972719,39.61460699973503],[-106.9636840004256,39.61571200012513],[-106.96343400018034,39.618885999795594],[-106.95853099985119,39.61969999984764],[-106.95863899980621,39.62696499971852],[-106.96327400034676,39.62695900030312],[-106.96314600030024,39.63811899968754],[-106.97566400042824,39.63818400025243],[-106.97575300011671,39.65365000008243],[-106.97203099962023,39.65337099981413],[-106.97202999979534,39.65519099987255],[-106.97930800020862,39.65483099971073],[-106.99553799988905,39.64848499969753],[-106.99585699973126,39.6464700000623],[-107.01451799957233,39.647405000180704],[-107.02777899986509,39.644067000202114],[-107.02547300027625,39.64799100008423],[-107.0380929996132,39.64825799995369],[-107.04578500030327,39.65148699992637],[-107.05656900040465,39.65192300024042],[-107.05881600044225,39.654678999740334],[-107.06672300031916,39.65194999996636],[-107.08592700030842,39.63990499978902],[-107.1002170000979,39.633911999952375],[-107.10469100008164,39.62615799999015],[-107.11387199967764,39.624889999858844],[-107.1136719996611,39.91911200006602],[-107.03396799960888,39.91891300012328],[-107.03217099983307,39.939668999946335],[-107.03205000035757,40.00293900023837],[-107.03735899966925,40.003080999806926],[-107.03792799975675,40.22537200018026],[-107.43938600034167,40.2233790000357],[-107.44259400010392,40.33475500020537],[-107.43206799974541,40.3348789999047],[-107.4285050001559,40.46976000032862],[-107.42881300012749,40.54220700015167],[-107.37132800038128,40.542398999824805],[-107.37148700038993,40.600302000031014],[-107.31415300025647,40.60028100002267],[-107.31336499988586,40.68655299969727],[-107.31779399966376,41.00291999985213],[-108.04653900039908,41.00206399970686],[-108.52602900003558,40.999591999817504],[-109.05002599988103,41.00069099983698],[-109.04776700014786,40.60987900019516],[-109.05124500024685,40.441598999993865],[-109.05116599970583,39.14260300004778],[-109.05402200001389,38.87716100000002],[-109.05982400014341,38.71474599978691],[-109.060204000085,38.27823799969793]]]}},{"type":"Feature","properties":{"GEOID":"0808","NAME":"Congressional District 8","BASENAME":"8","STATE":"08","CD119":"08"},"geometry":{"type":"Polygon","coordinates":[[[-105.13560200014126,40.34884099965794],[-105.13403999964378,40.34532000010017],[-105.12767400034797,40.34376800010094],[-105.11586699969934,40.347710000250444],[-105.1190179995602,40.34479200027545],[-105.11630199989253,40.34406300022149],[-105.11754999967235,40.343410999919406],[-105.11723199965502,40.340404999704546],[-105.12241000034379,40.332856000201105],[-105.12065500040076,40.33276899979372],[-105.1204960003921,40.33417799980024],[-105.11457000041403,40.336273999993494],[-105.11448000000235,40.335793000024076],[-105.1175179998853,40.334997999931986],[-105.11963000020371,40.33286300005587],[-105.1215319995615,40.33253799977334],[-105.12158699981309,40.33093800032029],[-105.12014099966655,40.33139899976189],[-105.1220660003872,40.33021999995689],[-105.13134999991536,40.32748400021511],[-105.12657700018089,40.32679200022732],[-105.13051100038946,40.32514600007131],[-105.11738999983876,40.32178700000369],[-105.11226099955381,40.324545999786665],[-105.10695100041721,40.32385600033124],[-105.10757099966001,40.32556999995111],[-105.10741300037455,40.327440999918885],[-105.10913499980732,40.32850699978951],[-105.10737800021448,40.32766800013808],[-105.1071620003044,40.32533199999434],[-105.10281800001701,40.326136999790535],[-105.10303700030013,40.32344399972131],[-105.11242700013348,40.323575999711714],[-105.11234199974466,40.31355800009632],[-105.11078799964311,40.31357100031361],[-105.11074300033556,40.311249000158845],[-105.11231900017845,40.31123000024098],[-105.11229599971394,40.306859000270045],[-105.10758699955352,40.3051050001379],[-105.10751200010878,40.29409099990512],[-105.10300899981269,40.29408499981396],[-105.10245099959589,40.26136700021195],[-105.05508899980204,40.26179299973315],[-105.05507600028157,40.23277899966117],[-105.02742899993987,40.23301400021938],[-105.03312200028942,40.22934500018018],[-105.03853500025652,40.23178399984762],[-105.03624700021102,40.22697699969265],[-105.02686499987526,40.21845799998102],[-105.02686300022545,40.21686200008607],[-105.03630599976225,40.216986000090714],[-105.03637100005959,40.20885899979442],[-105.04056999968373,40.2110870001457],[-105.04587999971865,40.211036000218336],[-105.04589999981012,40.20360400010184],[-105.00990500044887,40.2039700003197],[-105.01282399960782,40.196737999705846],[-104.99847600009201,40.19679299973743],[-104.99856099958252,40.1752219999666],[-105.03034600034732,40.174704999858086],[-105.03218300030609,40.171833000314265],[-105.03645200025043,40.17057299978376],[-105.03673599993257,40.16030400022161],[-105.00804400020064,40.160317999964384],[-105.00809699990407,40.15696600004899],[-104.99869000035227,40.15707099977848],[-104.99884799963772,40.13142899965968],[-104.98924299971917,40.13137500023381],[-104.98933700032882,40.11711300031431],[-105.00729000016523,40.11705899982034],[-105.00854700016586,40.11854800031139],[-105.00822099975264,40.125952000221865],[-105.00661800014556,40.127830000185334],[-105.0277970001859,40.127051000256664],[-105.03198400011448,40.12053799983323],[-105.03674599997832,40.120481000159074],[-105.0367450001534,40.113230999731755],[-105.04149299977354,40.113121999808975],[-105.04147500023018,40.109430000098385],[-105.03208100019884,40.10927800007791],[-105.03213200025249,40.10187300015268],[-105.0422710000984,40.09022900003847],[-105.04156399991865,40.087815999776005],[-105.02500700000009,40.08730200025005],[-105.0250589998786,40.08464800023211],[-105.02100199964637,40.08392599993632],[-105.01773799980762,40.08767399996872],[-105.01250099956762,40.08838800000721],[-105.01753799979106,40.09399499993557],[-105.01735299984315,40.096090000269804],[-105.01306399980731,40.09882600013347],[-105.01440299982373,40.10072000022086],[-105.00833499955546,40.10020100026497],[-105.00835700019506,40.08755200000419],[-104.99466499990709,40.08774200000051],[-104.99469300039449,40.08406900002519],[-104.98942900039033,40.08404200006985],[-104.98946500037532,40.08033900019477],[-104.98083700007498,40.08031699984134],[-104.98142999955358,40.044030999825914],[-104.96107099967092,40.044144000059006],[-104.96140499958175,40.000336999686176],[-104.98094400020511,40.00032499979456],[-104.98758099966255,39.987113000246566],[-104.98778400005216,39.975745999820155],[-104.9944110003622,39.9758030001799],[-104.99438000040004,39.97395300026161],[-104.9970800001742,39.97395399983562],[-104.9970650001056,39.97214900005431],[-104.98810799991726,39.97217499998643],[-104.98810799991726,39.9684679998016],[-104.99725000005351,39.96852900002543],[-104.99737899992492,39.97578500007144],[-104.99947399962659,39.97758199990213],[-104.99739800019151,39.97842000014649],[-104.99742300030586,39.98121299988333],[-105.01584499977233,39.981193000198594],[-105.01572199974868,39.97227600013182],[-105.01340899958882,39.97226499972786],[-105.01341699998474,39.97046500028163],[-105.01569099978654,39.97043699975974],[-105.01556500028816,39.9551879999673],[-105.01685599972569,39.95284199997477],[-105.01253300025299,39.95034400013444],[-105.00629799958011,39.95043899997015],[-105.00626499996817,39.946805000246165],[-104.99705599988474,39.9467719998192],[-104.99702499992262,39.943238999853655],[-105.01565700034966,39.943131000030554],[-105.01546900002867,39.92130899984207],[-105.02153599957377,39.92135899977705],[-105.02155200036559,39.91920699985899],[-105.02354499996001,39.919224999703374],[-105.02354800033305,39.92131699983413],[-105.03440000020647,39.92137099975603],[-105.03434699960474,39.91418099999428],[-105.05289199999314,39.91422399993791],[-105.05327000028491,39.820027999979935],[-105.04401799964549,39.817438999917904],[-105.04401799964549,39.80435399988424],[-105.0500239999895,39.80302300018457],[-105.04154200017733,39.80452499965528],[-105.04049900043694,39.80287400015974],[-105.05288600014535,39.80086299998656],[-105.05324599999547,39.79106300021121],[-105.0252620002682,39.79110600004384],[-105.02530300027607,39.79396299969993],[-105.02184299972042,39.79446100024068],[-105.02054200023714,39.79108700021742],[-104.97594999963935,39.79103800002327],[-104.97595100036258,39.792422000318595],[-104.97306499991728,39.79241799970554],[-104.97466699969942,39.79560799991259],[-104.97116000018642,39.79556699965826],[-104.9716439998851,39.79829099975376],[-104.968715999607,39.798395999901054],[-104.96877300040673,39.79321499992423],[-104.96752300007877,39.79326899996268],[-104.96886100027028,39.79104099985305],[-104.96019000031221,39.79102499983912],[-104.9554450001668,39.7946250002976],[-104.94047599978668,39.79460100014534],[-104.94048699965734,39.79100199998517],[-104.92703399974394,39.79105400003419],[-104.9270019999569,39.78377799979051],[-104.92037299999703,39.78376400002629],[-104.90343799978669,39.783807999867314],[-104.90356099981034,39.79839100025915],[-104.90140500000932,39.79838299972716],[-104.90141599987997,39.80020200011757],[-104.89906900028325,39.80020200011757],[-104.89906900028325,39.79837399981771],[-104.88447399999694,39.798321999781045],[-104.88440500039997,39.812814999874305],[-104.86607400027178,39.81284700011026],[-104.86604099976151,39.79838599992679],[-104.79089500025695,39.79825099978691],[-104.79085900027194,39.84180199972834],[-104.76231700032783,39.8417880000513],[-104.76227899979467,39.845390000002624],[-104.73095300041082,39.84519500009778],[-104.73039000017113,39.89613099979686],[-104.70331100009199,39.89594899967252],[-104.7031849996953,39.906925999787816],[-104.69213899965311,39.90685100025885],[-104.6920540001626,39.914178000029246],[-104.67958200006534,39.91401599965562],[-104.67966400008112,39.90700799965664],[-104.64036099960184,39.90671100032125],[-104.64064000015941,40.000575000082854],[-104.69714200043967,40.000510000068395],[-104.69743799981737,40.01240300007509],[-104.69620699975599,40.01475899995486],[-104.69353200009618,40.0152880002421],[-104.69592700027181,40.015682999924564],[-104.69491799996828,40.01761099965636],[-104.69790899999556,40.01569000023621],[-104.67591900001842,40.038894999817245],[-104.6735380000865,40.043878000313406],[-104.67474999988131,40.04149999997933],[-104.67844800008834,40.04149800005753],[-104.67848999992113,40.044445999939235],[-104.66922300011142,40.047145000119215],[-104.65157499987353,40.065348999742845],[-104.64981099970967,40.069991999722085],[-104.64988500022784,40.07325900022953],[-104.6513129999327,40.0732620000892],[-104.64986400031144,40.07704499978423],[-104.65595000012308,40.080655000176115],[-104.6375410001771,40.080564999665214],[-104.62161100007232,40.08951600001185],[-104.6217009995857,40.10183399980266],[-104.64393800033336,40.102097999832836],[-104.6439409998081,40.101225000104776],[-104.64507999980798,40.10079599987152],[-104.64416599993899,40.102239000022685],[-104.64047100010502,40.10222200003477],[-104.64072499964992,40.11692299988748],[-104.62173300027108,40.11674200031771],[-104.62167899984438,40.120361000291076],[-104.60750399968265,40.12029900026485],[-104.60748199994134,40.11668500020919],[-104.60313799965391,40.116664999701825],[-104.60235600002942,40.27599800012598],[-104.52758299989544,40.27601000009236],[-104.52716199994595,40.319618000005384],[-104.48964100007221,40.31964200020003],[-104.48949499958404,40.34869399971226],[-104.46217700002862,40.34817499971676],[-104.41557000009512,40.32553999977255],[-104.41497500006837,40.34377799974321],[-104.41764600042852,40.34614599995391],[-104.41448899982156,40.34918800033146],[-104.41512800022925,40.35135700025254],[-104.42153999955579,40.35621000011223],[-104.42305400037272,40.35997300000963],[-104.42912099991779,40.36252100029917],[-104.4334509999615,40.36216700023404],[-104.43549799998257,40.3656940002929],[-104.44033400036457,40.36818099992617],[-104.44658900023062,40.37462399977384],[-104.45264599972994,40.37323199996],[-104.45763500027282,40.37646099970241],[-104.4757630000114,40.380492999716225],[-104.48879999999818,40.379446999840404],[-104.48903900037278,40.391884999940295],[-104.4988130003457,40.39190100026439],[-104.49852100026767,40.39885399979449],[-104.50813700005683,40.39926100005062],[-104.50778499970433,40.46448500033097],[-104.47023500041658,40.464754999834945],[-104.47033800034875,40.47920700017789],[-104.47968799999914,40.479152000295436],[-104.47999000012294,40.493621999755106],[-104.48882299956439,40.49358999967079],[-104.48879300032547,40.48344700002541],[-104.4998770000025,40.479199000148135],[-104.507839000131,40.47886799978778],[-104.50759399990862,40.49347000024332],[-104.5502630003339,40.49352299974362],[-104.55395200032011,40.49229799974386],[-104.65914299981672,40.49350000012027],[-104.65885099973869,40.508593999821784],[-104.73514399963904,40.51018500010569],[-104.83239600037001,40.50890700012631],[-104.83240899989052,40.47982799992337],[-104.85147599961242,40.478613000156074],[-104.83742500019754,40.47818100019357],[-104.83511600023566,40.47689800018137],[-104.83515800006845,40.47390800020821],[-104.84174099999755,40.4738970003238],[-104.84190099983113,40.464630000034965],[-104.81627899976921,40.45928499990982],[-104.81626899972345,40.458629999907494],[-104.82805600028058,40.458138000005114],[-104.82806899980105,40.46150800029164],[-104.83093000013201,40.462085999863255],[-104.83092599993404,40.458081000000256],[-104.8372040002646,40.45800700032954],[-104.83718300034822,40.46146500006326],[-104.84182200018842,40.46148599987627],[-104.84143700022393,40.44343900007249],[-104.847800000045,40.443211999992194],[-104.85089200035463,40.440122000052696],[-104.85836200038855,40.43997200023766],[-104.860422999755,40.42130699967195],[-104.8701020001917,40.42108800020864],[-104.87010700021457,40.41406400019273],[-104.87458299984814,40.41406400019273],[-104.87448699958867,40.42129299986187],[-104.87908299977116,40.42129299986187],[-104.87915200026643,40.41767400013756],[-104.8837829997107,40.41766700019686],[-104.88367800012874,40.421257999982],[-104.90702600038888,40.421549999965784],[-104.90748199960012,40.40706099989095],[-104.91544700010168,40.40707800008004],[-104.91657699988073,40.408685000298156],[-104.91657400040599,40.40704599980099],[-104.94429100016957,40.40713799970721],[-104.94442699971371,40.41419599996313],[-104.95502400021734,40.41433700033342],[-104.95488699994999,40.421536000206274],[-104.96392699997897,40.421715000087126],[-104.96396600033704,40.41850999983917],[-104.96207599977649,40.41753600029234],[-104.96398399988041,40.41760100032905],[-104.96417999969897,40.40719499981653],[-104.99105600028685,40.40618899996371],[-104.9926659995666,40.404147000196886],[-104.99388099973446,40.38535799976464],[-105.002459999631,40.38534400000279],[-105.0025280003014,40.379802999704374],[-105.0009530002834,40.37800800033331],[-104.99498799994727,40.377927000164966],[-104.9916300003972,40.37355900032038],[-104.98356199996348,40.358243000028075],[-104.98167700032411,40.34916499991589],[-105.13560200014126,40.34884099965794]]]}},{"type":"Feature","properties":{"GEOID":"0806","NAME":"Congressional District 6","BASENAME":"6","STATE":"08","CD119":"06"},"geometry":{"type":"Polygon","coordinates":[[[-105.15733100000251,39.59804699977351],[-105.15568599966434,39.59106500017579],[-105.14526999980899,39.57593099992936],[-105.14390900005125,39.56704899973105],[-105.13379199994667,39.55266299987129],[-105.1306979999872,39.55075300026468],[-105.11746400035693,39.553138000159805],[-105.10689000031785,39.54715899986499],[-105.11100699992622,39.54714600012024],[-105.11101000029926,39.53617300001109],[-105.09346099979558,39.53629799995383],[-105.0886959995587,39.54633299968091],[-105.07164599972063,39.545914999774006],[-105.06666999959654,39.550721000254995],[-105.06439699961966,39.55553399979325],[-105.06139499972173,39.556739999919905],[-105.06014899959173,39.56012300004669],[-105.05169500026696,39.56303900020376],[-105.04859700010954,39.566087999737576],[-104.77438900039199,39.565847000099005],[-104.77442899967666,39.561091999964184],[-104.7681729999857,39.558817999777155],[-104.75559299993341,39.55974700009366],[-104.74616399974198,39.55869100006649],[-104.7460449999163,39.56590200021101],[-104.73662800031875,39.56588799984668],[-104.73672799987784,39.55126099974085],[-104.67955600012608,39.55070700028938],[-104.6793109999037,39.56590000025806],[-104.64212499976568,39.56588999979997],[-104.6420129996127,39.57430799978038],[-104.66078300013204,39.57434900006428],[-104.66075899984257,39.594929000122974],[-104.65425700010432,39.60063699965528],[-104.65346999955864,39.60222900026402],[-104.6555009996862,39.60493000020973],[-104.65093200016621,39.608695000310775],[-104.65460899955852,39.61387900008118],[-104.65178199956277,39.613048000284394],[-104.651122000137,39.61666099994349],[-104.65480299972728,39.62087400031138],[-104.65478600000885,39.62396000033213],[-104.66041400006108,39.623909999787806],[-104.65996399979929,39.65293799995163],[-104.67880100026576,39.652873000113566],[-104.67901200015295,39.63849499986424],[-104.68646600029335,39.638337000138364],[-104.68650300010326,39.63435100012993],[-104.6839079999111,39.634353000182664],[-104.68386500025338,39.63818899976122],[-104.67902600039666,39.63819399996143],[-104.67915500026808,39.620324000331486],[-104.68346400039539,39.62030999988997],[-104.68347000024318,39.62311000000317],[-104.69162099961925,39.62309399974704],[-104.69421300033667,39.62648400007555],[-104.69775699965959,39.62648100000111],[-104.6977509998118,39.63115699985498],[-104.71286400013199,39.63152200012328],[-104.71288900024634,39.62938299990781],[-104.71629700002514,39.62939199975321],[-104.71674700028694,39.60244100012643],[-104.72302100041955,39.60134199996581],[-104.73070700036354,39.606092999662],[-104.73537600034093,39.60544199974498],[-104.73534200000576,39.609282000162175],[-104.7423719998236,39.61175999995163],[-104.74342399978484,39.61441199991115],[-104.73885299971673,39.618097999736925],[-104.7382309999258,39.6239759996961],[-104.75399699999905,39.62400200012491],[-104.75373199968516,39.64870599978341],[-104.75234800036122,39.64924899991427],[-104.75246999966164,39.65291400023135],[-104.73489599994193,39.652975000311045],[-104.73505800032362,39.63845200025484],[-104.71942799979452,39.638549000108135],[-104.72570799977491,39.63863499987145],[-104.72553700007069,39.66751199995024],[-104.58431399960624,39.66699100002303],[-104.58363900011186,39.70321100025611],[-104.59315699999176,39.7033429999728],[-104.59326800031985,39.69608999982642],[-104.60336299978482,39.696237999954924],[-104.6033960002951,39.688997000211224],[-104.61914899994954,39.68845700007882],[-104.61931100033127,39.69081500016447],[-104.62210300016692,39.691016000339964],[-104.62205799996107,39.71078799970749],[-104.65022699963627,39.711333999669044],[-104.65018300015367,39.71835300012775],[-104.65953500035221,39.71831499969744],[-104.65953000032934,39.72571399993609],[-104.66894000025417,39.72570899985078],[-104.66889099985039,39.73641200002305],[-104.67827400001106,39.736442000017064],[-104.67824700024688,39.739994000123126],[-104.66026799957291,39.74029799996057],[-104.63758999968259,39.73790600016054],[-104.65008000022151,39.738923000195925],[-104.65012600025226,39.72553400008954],[-104.6220529999382,39.725472000087315],[-104.6220470000904,39.73984899990559],[-104.61360299991308,39.739982000192924],[-104.61542800017631,39.74234799967047],[-104.62186100031758,39.74133300016324],[-104.62184700007387,39.74468000032819],[-104.61713700008856,39.74497699984185],[-104.6179620002691,39.747036000284474],[-104.61243600032411,39.747017000033324],[-104.61238400044557,39.753935000157306],[-104.59651999956472,39.7535319997877],[-104.59258500042954,39.75105799976119],[-104.59515499960902,39.75051799982372],[-104.59518800011932,39.74692400032797],[-104.5900129998036,39.747580000344875],[-104.58913300026981,39.74638800028495],[-104.60114599988444,39.74443400011058],[-104.60222200013513,39.73987800024979],[-104.54816699990903,39.739626000161785],[-104.54816500025919,39.74070099969105],[-104.53639899961847,39.7393829998703],[-104.5363879997478,39.74598700024371],[-104.54578500015218,39.74521499969559],[-104.54579299964979,39.75324600021145],[-104.52697500034823,39.75521799983842],[-104.52695199988369,39.7393170003339],[-104.47092400015467,39.738438000262526],[-104.47066899988653,39.76676199988061],[-104.48913399990901,39.76713700009498],[-104.48929399974259,39.82500499991253],[-104.61974300015139,39.8268520002656],[-104.61979900022789,39.82241700010709],[-104.65539000025642,39.82260499976669],[-104.65544499960968,39.812999000165185],[-104.66618199985541,39.813075000066576],[-104.66606200020482,39.822791000178746],[-104.76246200009278,39.8234430001179],[-104.76260600003282,39.798433000276226],[-104.73439899982446,39.79844200017799],[-104.73460100038915,39.76918099987162],[-104.76457400041117,39.769187999856406],[-104.76455900034257,39.77156799969522],[-104.77216599974551,39.77149999969753],[-104.772157000423,39.77640899993254],[-104.78155999977683,39.77648300015225],[-104.78157700039358,39.77279499983921],[-104.828185000152,39.77278399984731],[-104.82817299955812,39.76915600001865],[-104.83300899994012,39.76917699997861],[-104.8329720001302,39.766390999750385],[-104.8563940000102,39.76858100020433],[-104.85633799993369,39.75812699996637],[-104.8482079995757,39.75641900030503],[-104.84693999970439,39.754687000152856],[-104.87990100027898,39.754734999976684],[-104.87997099970086,39.74743799986226],[-104.88466399996774,39.74746699977542],[-104.88471099982341,39.730929999672526],[-104.88661300007954,39.72921900025815],[-104.88193400005635,39.72495999996604],[-104.87533000021085,39.72557599965821],[-104.87527699960908,39.71880500014869],[-104.8705959999361,39.71817599996364],[-104.87062500024844,39.710173999846226],[-104.86597100033963,39.71105300025764],[-104.86596700014167,39.70380700021951],[-104.86866199989294,39.70300800020419],[-104.87066200005836,39.69837699975706],[-104.86830100021791,39.69837100031756],[-104.86713600027878,39.700188000034586],[-104.86596200011878,39.696558999890286],[-104.87530900029445,39.69650500003792],[-104.87531799961698,39.69843799978866],[-104.87772799986121,39.69843799978866],[-104.87772000036361,39.69650799983882],[-104.89681399984971,39.6965879997808],[-104.89909900042046,39.69539499977993],[-104.89975700019642,39.69714999985247],[-104.9035440000919,39.69853499978459],[-104.9001150003967,39.6929849998111],[-104.90351099958161,39.69297000003976],[-104.90351200030486,39.68935399991516],[-104.89880999981716,39.68934099989057],[-104.89880099959633,39.69297499973347],[-104.89417599999985,39.69295999995989],[-104.89405799999908,39.68569400022759],[-104.89152700027934,39.68569000032726],[-104.88930799983079,39.68205600002435],[-104.89404600030349,39.682060999817146],[-104.89404100028062,39.683628000140644],[-104.89658299987103,39.68363400017016],[-104.89700999966828,39.68681899997166],[-104.90353800024413,39.68737599998151],[-104.90344299980957,39.68485699979732],[-104.90522299986694,39.68605799986233],[-104.90519100007991,39.68386200021426],[-104.90820700022154,39.68387099988217],[-104.90820499967342,39.68206999971977],[-104.91191600029921,39.682079000312584],[-104.91289100026756,39.67854400000672],[-104.90602600030617,39.67843099967649],[-104.90357900025201,39.67667500034382],[-104.90350899993182,39.66762400027367],[-104.89402399966387,39.667588999932796],[-104.89020400015643,39.66451000002031],[-104.88835200012902,39.665674000095606],[-104.89045799970131,39.66757799974296],[-104.88516399955992,39.66756599965963],[-104.87952499963704,39.66392700029196],[-104.87621099956957,39.66393200001404],[-104.87538000043958,39.66865100026867],[-104.8774590002477,39.67206600023057],[-104.8753119997692,39.672062000232366],[-104.87529099985278,39.674766000098856],[-104.87088200016638,39.67476399983224],[-104.86605099980726,39.67084700026058],[-104.86633399966448,39.6603090000855],[-104.8554369995852,39.66080400018554],[-104.848677999929,39.65921799980864],[-104.84860000011119,39.65709600000558],[-104.84729600025486,39.65710200026505],[-104.87557299988512,39.64498999975895],[-104.87545400005942,39.651466000076596],[-104.87699999976506,39.65304999968895],[-104.88013999975529,39.65305699970971],[-104.88033200027421,39.64131000004721],[-104.88512000007732,39.638948000142335],[-104.88526400001736,39.62412899987046],[-104.91340699975329,39.62408300014752],[-104.91322699982825,39.63866900003799],[-104.9224600002011,39.64584900012632],[-104.93187299960067,39.6458260002265],[-104.93170299972137,39.65304399976939],[-104.95498300020944,39.652987000161644],[-104.95378800013307,39.65668300025879],[-104.95948499978229,39.656690999960816],[-104.9594429999495,39.661525999995725],[-104.96878500010229,39.6604169996553],[-104.96880500019377,39.66583899969937],[-104.9734890002398,39.665866000213086],[-104.97348599986675,39.6676839999277],[-105.0003549998836,39.667727999917474],[-105.00396900042503,39.66625499978449],[-105.0043950003974,39.66048399999514],[-105.01094099961828,39.66050699985943],[-105.00632100004465,39.66770000024149],[-105.00635700002967,39.67675900017889],[-105.00863699967923,39.67677999994889],[-105.00866400034174,39.678626999911266],[-105.01569599980941,39.67868399980455],[-105.0157999995665,39.66050799985332],[-105.02298199972029,39.660495999925296],[-105.0230029996367,39.65680399988927],[-105.0330760002587,39.656953999937286],[-105.0321620003897,39.65327600019953],[-105.03461500029164,39.65327600019953],[-105.03465999959917,39.64371099978168],[-105.0299799997511,39.64281899989703],[-105.02992700004766,39.64017600021281],[-105.02999800019275,39.63857499990308],[-105.03470700035315,39.63859299996822],[-105.03475599985865,39.63317700000859],[-105.02536000017747,39.631445000088604],[-105.02542200010177,39.62855800011004],[-105.0368020000548,39.62812900031271],[-105.03800499962878,39.62683600006471],[-105.04280699967559,39.627578999874736],[-105.04416099976062,39.62803900016282],[-105.04413900001931,39.63145599980231],[-105.05341000002701,39.63150400029356],[-105.05334200025494,39.638770000128844],[-105.05904499975193,39.638759999811384],[-105.05929699964702,39.634333000344455],[-105.05345699988266,39.62952600031145],[-105.05580900040059,39.62424400008179],[-105.05348299982194,39.62425299990375],[-105.05351600033222,39.6208640001746],[-105.0572399995802,39.62091400015198],[-105.05807999982933,39.6175029998188],[-105.0574849998026,39.61536400011658],[-105.05376300020441,39.614272999988835],[-105.05362500011218,39.60966500021891],[-105.10997500005645,39.60973399997861],[-105.11017199969996,39.59304400032911],[-105.1194970001343,39.593839000139994],[-105.13558799989757,39.58915600008669],[-105.14595299969928,39.589752999892895],[-105.15245699998567,39.60156500008684],[-105.1552120000114,39.601169999683066],[-105.15733100000251,39.59804699977351]]]}},{"type":"Feature","properties":{"GEOID":"0804","NAME":"Congressional District 4","BASENAME":"4","STATE":"08","CD119":"04"},"geometry":{"type":"Polygon","coordinates":[[[-105.32922000042501,39.12968900030702],[-104.55176499965863,39.129427000264265],[-104.5523189996775,39.09055899967802],[-104.54795600002184,39.07806600020103],[-104.54807999987037,39.04254700021499],[-104.40483799987227,39.04104099976576],[-104.40475199965854,39.02619100019749],[-104.38642800010139,39.026217999837165],[-104.3863319998419,38.99721800010772],[-104.3679200004212,38.99752599997724],[-104.36786699981943,38.954054999899604],[-104.33100299989673,38.95429800026434],[-104.33139200005914,38.93990200008181],[-104.34981199987578,38.93971500002834],[-104.35014599978663,38.92705299971633],[-104.35017199972589,38.92530399995166],[-104.33158799987773,38.92553400020579],[-104.33265400008267,38.88201499985699],[-104.35106399985357,38.881991999678476],[-104.35155099992528,38.8674509998203],[-104.31944399984353,38.867768999674325],[-104.31826300001086,38.86499100020961],[-104.31306099993097,38.86970300011958],[-104.30438999997291,38.865594999857336],[-104.2937089998037,38.864687000117875],[-104.29179300020219,38.86316099969069],[-104.28783200022943,38.86535600004514],[-104.28298499997676,38.87421999972633],[-104.2776570003985,38.87465699998778],[-104.27771599994973,38.85323999988118],[-104.31369899961543,38.85338000006185],[-104.31374299999635,38.78130399994428],[-104.27678100016435,38.781439000201125],[-104.27348200016549,38.708219999974574],[-104.27484999959592,38.708223999834644],[-104.2776439999797,38.70343699978549],[-104.2734760003177,38.69291500009359],[-104.27507300007699,38.69196799987346],[-104.27547099956195,38.52113300029894],[-104.05392100032775,38.522392999716246],[-104.05634999994024,38.43574199972784],[-104.05472499969355,38.26186400026422],[-104.05840299980909,38.260813000196514],[-104.05824200015061,38.14649199972044],[-104.04917899965709,38.146272999954284],[-104.04704499959736,38.141389000061224],[-104.02215900002749,38.14095100032119],[-104.01022699970541,38.1457370001046],[-104.00256099985292,38.14277000017696],[-103.9982869998857,38.14625600021591],[-103.99469599980881,38.146653999908345],[-103.9842130000063,38.140913999890394],[-103.97499100040243,38.14033600013918],[-103.97412799968876,38.13862699983893],[-103.97695700023264,38.13434800005356],[-103.974377999934,38.13211900011486],[-103.95246099975179,38.13054500019247],[-103.94458599966194,38.12668700020264],[-103.93398900005661,38.12441700010107],[-103.93012000014537,38.125005000286286],[-103.92904100041996,38.1273280000512],[-103.92339900012401,38.13042399986956],[-103.92015200000368,38.12927399992819],[-103.91868699959056,38.12554199972149],[-103.91439599990493,38.12476000031353],[-103.9109799997302,38.126563000078335],[-103.91352499969365,38.131623999785106],[-103.9127680001835,38.134108000148416],[-103.90605399983484,38.13486399979139],[-103.8985119998309,38.13113199991649],[-103.90066199978415,38.12540900033204],[-103.87800099961225,38.12464899977832],[-103.86626199963403,38.128760000025295],[-103.85834200023663,38.125425000042945],[-103.84621099972291,38.12340499980772],[-103.84168700040877,38.11734600023015],[-103.83561599976743,38.113340000058685],[-103.82186599975313,38.11351600033286],[-103.81191000020532,38.11784500001174],[-103.80731599967265,38.116400000002415],[-103.80303300038292,38.11253299999311],[-103.61917200035366,38.11335500019094],[-103.61928299978344,38.17145500008133],[-103.50936399985984,38.172513999897426],[-103.51006000016893,38.2651689999857],[-103.39993799985574,38.26543499985894],[-103.39810799956965,37.960626999826395],[-103.39985400019016,37.82281199989602],[-103.40368200009353,37.82279200012578],[-103.40433900004456,37.64357600023197],[-103.07593800000865,37.64342000008261],[-103.07466299956633,37.38175399972278],[-103.08253699983128,37.38161300028104],[-103.08669899964548,37.17638600030388],[-103.08610199996892,37.00018800029766],[-103.0023289999889,37.000149999736045],[-102.98697600036753,36.99852400012824],[-102.81507400042453,36.999773999914446],[-102.75214099965282,36.998341000229836],[-102.69814200040153,36.99514900015907],[-102.04208900034224,36.993015999850805],[-102.04160499974526,37.68924199993616],[-102.04470799992554,38.04125699988134],[-102.04535099963286,38.85689699968866],[-102.05166599977335,39.84768900028867],[-102.05171699982698,41.0023589997564],[-104.50571199974398,41.001694000191144],[-104.9433709995545,40.998212999806746],[-104.94312700005534,40.90340499981831],[-104.94803299985922,40.895541000219765],[-104.96598800024378,40.8413570002815],[-104.97465400017896,40.84117900016345],[-104.97162200014378,40.83255999991678],[-104.97156400041746,40.827295999931145],[-104.98869100024844,40.77567800020153],[-105.0000860002701,40.76128200011429],[-105.00096800035203,40.769616000044046],[-105.01911799983192,40.76957000010033],[-105.01919099962686,40.761831000248414],[-105.0234810003859,40.76734600015339],[-105.0313039996989,40.77080800005275],[-105.03800200015405,40.76540199982653],[-105.03883700038031,40.79820499997572],[-105.07611800005456,40.798218999929276],[-105.07616099971224,40.728911999754715],[-105.07253299982541,40.72375200028439],[-105.06831699958454,40.712285999822164],[-105.0674069999135,40.703450000284576],[-105.0703400002145,40.66153400012553],[-105.06919899966648,40.663702999945826],[-105.0655470003885,40.664286999704245],[-105.06546899967239,40.66263199971696],[-105.06107199968153,40.66103899988387],[-105.0602020001935,40.65911099997006],[-105.06142300020912,40.65813199969236],[-105.05967099974083,40.657567999879454],[-105.0659549999192,40.657078999963225],[-105.0535139997841,40.65395099991728],[-105.0006629998552,40.653517999799824],[-105.00105899969031,40.625874999949346],[-104.997530000436,40.62452000023727],[-105.00078900025187,40.62393099967399],[-105.00071599955862,40.613554000186326],[-104.99778099960785,40.6102430003301],[-104.98861099988248,40.60998799981027],[-104.98946200000228,40.60447900030856],[-104.98752200011133,40.60294200027007],[-104.99150099962745,40.599806999930934],[-104.98965799982086,40.59682300006834],[-104.99620200029024,40.59549499978784],[-104.99621599963561,40.59357200031911],[-104.99259899961945,40.593540000200626],[-104.9926730001376,40.59542800008506],[-104.99139699987037,40.59494099991195],[-104.99228099960212,40.59337200000955],[-104.99533100007896,40.59339900017835],[-104.99535299982026,40.591976000302],[-104.99408300029913,40.59193599987891],[-104.9940959998196,40.588674999823205],[-104.99008399979321,40.58843299992539],[-104.99605900017511,40.58845899996204],[-104.99621999983357,40.58138099975852],[-104.9441940000852,40.58093799991388],[-104.94422300039753,40.588084000317956],[-104.93552300012712,40.588466999918836],[-104.9354350002636,40.5811889999751],[-104.94401300033523,40.582434000145966],[-104.94402099983283,40.57305100027261],[-104.93525399961531,40.57384499971649],[-104.93535300024782,40.56264200022948],[-104.94115500037734,40.56256799983402],[-104.94189900036702,40.56635500019222],[-104.94473499968528,40.56520599987134],[-104.94403000005367,40.559066999870765],[-104.94248500017294,40.55913899968769],[-104.94411999956704,40.55843399982501],[-104.94424699978865,40.52266299995502],[-104.95061399980769,40.522717999683415],[-104.94694099971503,40.51918000025405],[-104.94421300035177,40.519137000087994],[-104.94416399994796,40.50810399974569],[-104.94995400038191,40.50827699977442],[-104.94611300005975,40.50101200029554],[-104.94884499962095,40.50107600019998],[-104.94874199968879,40.49174099983711],[-104.9534800001615,40.491702999950995],[-104.95351199994856,40.493727999840104],[-104.95814699959078,40.49376800020246],[-104.9628659997969,40.498688000225854],[-104.96339300005161,40.47944200028624],[-104.98205999974044,40.47947099994314],[-104.98186300009695,40.49757099987965],[-104.9913630004335,40.49764699981525],[-104.99132999992322,40.48271600024888],[-104.98971100042264,40.47943200028385],[-104.99147700023632,40.476968000075665],[-104.99211200044604,40.464725000095534],[-105.05340699965396,40.46553800025517],[-105.04958499959838,40.461910999822564],[-105.05160400003037,40.46090200031948],[-105.05835400036403,40.46183100006224],[-105.05841700011324,40.46394400022811],[-105.06117700016182,40.46553499997512],[-105.07379999987181,40.46559400021918],[-105.07345099989237,40.46303499974426],[-105.07746899976654,40.463039000038734],[-105.07744799985014,40.46560599996126],[-105.09648100013519,40.465389000306686],[-105.09643799957917,40.45101800031103],[-105.1330909996147,40.450969999792775],[-105.13303500043651,40.44728399981327],[-105.11565599981215,40.44734100009037],[-105.11565699963707,40.44384000027169],[-105.1376449999644,40.443688999674485],[-105.1364299997965,40.43644199973205],[-105.139202000439,40.436457000106],[-105.13928500027968,40.43198800009604],[-105.14128100024715,40.43640799982932],[-105.14102299960597,40.42145799992968],[-105.13825800043278,40.41860000004338],[-105.13826500010549,40.41637900007481],[-105.13465200028728,40.41743300000037],[-105.13360399962568,40.40814599981087],[-105.1459329996078,40.40705100005935],[-105.14413300035724,40.40669599994531],[-105.14418400041086,40.40365699985379],[-105.1471579998214,40.40199200018107],[-105.15363799981833,40.407228000073765],[-105.15367200015355,40.39935600014959],[-105.15961999987293,40.397272999855545],[-105.15822599960491,40.394081000322345],[-105.15581799990879,40.39286699995906],[-105.15705800019103,40.38941299999193],[-105.1537409997505,40.389379999896185],[-105.1526000001008,40.38288700014999],[-105.14993299993863,40.3811239997638],[-105.1486349999301,40.38224600009856],[-105.15130100026735,40.383682999978774],[-105.15261199979638,40.38846600008628],[-105.14793600014627,40.38967799980135],[-105.15080499997481,40.39033399999738],[-105.15075300009627,40.3929369998149],[-105.14422500041876,40.39280500008461],[-105.14290899996855,40.39213900001803],[-105.14394300038646,40.39104399987591],[-105.14118199961462,40.392185999841196],[-105.13478500035667,40.38844700001477],[-105.13474500017368,40.39278400002587],[-105.12533699989865,40.39365800032166],[-105.12330900014415,40.3927929996609],[-105.12371900022298,40.386063000334616],[-105.12072399999775,40.385396000276614],[-105.12198600002127,40.383697000085846],[-105.11978300036458,40.382267000021784],[-105.13034999983267,40.38427900030136],[-105.13122199986886,40.38317799993775],[-105.12875100042356,40.38257599969973],[-105.12878400003552,40.379870999910366],[-105.13489400013661,40.378510999857774],[-105.13159699978756,40.37824899997954],[-105.13172099963613,40.37479499972942],[-105.1180180003758,40.37482599975092],[-105.1162630004328,40.37720300016445],[-105.11221299987325,40.374828999973005],[-105.1064939995844,40.37478099982536],[-105.106472999668,40.37741400025896],[-105.09715900000262,40.37824299983979],[-105.09716800022345,40.37471100026171],[-105.10254199983248,40.36893700028886],[-105.10601900010657,40.37084699983924],[-105.10587199979346,40.36856200029983],[-105.11001600006433,40.36724400021979],[-105.11001400041452,40.363920000321194],[-105.09726100010987,40.36375100017003],[-105.09734200030073,40.34948000004362],[-104.98167700032411,40.34916499991589],[-104.98356199996348,40.358243000028075],[-104.9916300003972,40.37355900032038],[-104.99498799994727,40.377927000164966],[-105.0009530002834,40.37800800033331],[-105.0025280003014,40.379802999704374],[-105.002459999631,40.38534400000279],[-104.99388099973446,40.38535799976464],[-104.9926659995666,40.404147000196886],[-104.99105600028685,40.40618899996371],[-104.96417999969897,40.40719499981653],[-104.96398399988041,40.41760100032905],[-104.96207599977649,40.41753600029234],[-104.96396600033704,40.41850999983917],[-104.96392699997897,40.421715000087126],[-104.95488699994999,40.421536000206274],[-104.95502400021734,40.41433700033342],[-104.94442699971371,40.41419599996313],[-104.94429100016957,40.40713799970721],[-104.91657400040599,40.40704599980099],[-104.91657699988073,40.408685000298156],[-104.91544700010168,40.40707800008004],[-104.90748199960012,40.40706099989095],[-104.90702600038888,40.421549999965784],[-104.88367800012874,40.421257999982],[-104.8837829997107,40.41766700019686],[-104.87915200026643,40.41767400013756],[-104.87908299977116,40.42129299986187],[-104.87448699958867,40.42129299986187],[-104.87458299984814,40.41406400019273],[-104.87010700021457,40.41406400019273],[-104.8701020001917,40.42108800020864],[-104.860422999755,40.42130699967195],[-104.85836200038855,40.43997200023766],[-104.85089200035463,40.440122000052696],[-104.847800000045,40.443211999992194],[-104.84143700022393,40.44343900007249],[-104.84182200018842,40.46148599987627],[-104.83718300034822,40.46146500006326],[-104.8372040002646,40.45800700032954],[-104.83092599993404,40.458081000000256],[-104.83093000013201,40.462085999863255],[-104.82806899980105,40.46150800029164],[-104.82805600028058,40.458138000005114],[-104.81626899972345,40.458629999907494],[-104.81627899976921,40.45928499990982],[-104.84190099983113,40.464630000034965],[-104.84174099999755,40.4738970003238],[-104.83515800006845,40.47390800020821],[-104.83511600023566,40.47689800018137],[-104.83742500019754,40.47818100019357],[-104.85147599961242,40.478613000156074],[-104.83240899989052,40.47982799992337],[-104.83239600037001,40.50890700012631],[-104.72103100029989,40.51016800003386],[-104.65885099973869,40.508593999821784],[-104.65914299981672,40.49350000012027],[-104.55395200032011,40.49229799974386],[-104.5502630003339,40.49352299974362],[-104.50759399990862,40.49347000024332],[-104.507839000131,40.47886799978778],[-104.4998770000025,40.479199000148135],[-104.48879300032547,40.48344700002541],[-104.48882299956439,40.49358999967079],[-104.47990800010717,40.4935670000704],[-104.47968799999914,40.479152000295436],[-104.47033800034875,40.47920700017789],[-104.47023500041658,40.464754999834945],[-104.50778499970433,40.46448500033097],[-104.50813700005683,40.39926100005062],[-104.49852100026767,40.39885399979449],[-104.4988130003457,40.39190100026439],[-104.48903900037278,40.391884999940295],[-104.48879999999818,40.379446999840404],[-104.4757630000114,40.380492999716225],[-104.45763500027282,40.37646099970241],[-104.45264599972994,40.37323199996],[-104.44658900023062,40.37462399977384],[-104.44033400036457,40.36818099992617],[-104.43549799998257,40.3656940002929],[-104.4334509999615,40.36216700023404],[-104.42912099991779,40.36252100029917],[-104.42305400037272,40.35997300000963],[-104.42105000000934,40.355644999945206],[-104.41468399981522,40.35051399977586],[-104.41764600042852,40.34614599995391],[-104.41497500006837,40.34377799974321],[-104.41557000009512,40.32553999977255],[-104.46217700002862,40.34817499971676],[-104.48949499958404,40.34869399971226],[-104.48964100007221,40.31964200020003],[-104.52716199994595,40.319618000005384],[-104.52758299989544,40.27601000009236],[-104.60235600002942,40.27599800012598],[-104.60313799965391,40.116664999701825],[-104.60748199994134,40.11668500020919],[-104.60750399968265,40.12029900026485],[-104.62167899984438,40.120361000291076],[-104.62173300027108,40.11674200031771],[-104.64072499964992,40.11692299988748],[-104.64047100010502,40.10222200003477],[-104.64416599993899,40.102239000022685],[-104.64507999980798,40.10079599987152],[-104.64393800033336,40.102097999832836],[-104.6217009995857,40.10183399980266],[-104.62161100007232,40.08951600001185],[-104.6375410001771,40.080564999665214],[-104.65595000012308,40.080655000176115],[-104.64986400031144,40.07704499978423],[-104.6513129999327,40.0732620000892],[-104.64988500022784,40.07325900022953],[-104.64981099970967,40.069991999722085],[-104.65157499987353,40.065348999742845],[-104.66922300011142,40.047145000119215],[-104.67848999992113,40.044445999939235],[-104.67844800008834,40.04149800005753],[-104.67474999988131,40.04149999997933],[-104.6735380000865,40.043878000313406],[-104.67591900001842,40.038894999817245],[-104.69790899999556,40.01569000023621],[-104.69491799996828,40.01761099965636],[-104.69592700027181,40.015682999924564],[-104.69353200009618,40.0152880002421],[-104.69620699975599,40.01475899995486],[-104.69743799981737,40.01240300007509],[-104.69714200043967,40.000510000068395],[-104.64064000015941,40.000575000082854],[-104.64036099960184,39.90671100032125],[-104.63093899998141,39.906645000064394],[-104.63094499982921,39.89929100014826],[-104.5995809999122,39.89903800024867],[-104.59981000024106,39.8813070001568],[-104.60515399971287,39.8813459997905],[-104.60526099984298,39.873114000326865],[-104.6191520003226,39.87322000025848],[-104.61974300015139,39.8268520002656],[-104.48929399974259,39.82500499991253],[-104.48913399990901,39.76713700009498],[-104.47066899988653,39.76676199988061],[-104.47092400015467,39.738438000262526],[-104.52695199988369,39.7393170003339],[-104.52697500034823,39.75521799983842],[-104.54579299964979,39.75324600021145],[-104.54578500015218,39.74521499969559],[-104.5363879997478,39.74598700024371],[-104.53639899961847,39.7393829998703],[-104.54816500025919,39.74070099969105],[-104.54816699990903,39.739626000161785],[-104.60222200013513,39.73987800024979],[-104.60114599988444,39.74443400011058],[-104.58913300026981,39.74638800028495],[-104.5900129998036,39.747580000344875],[-104.59518800011932,39.74692400032797],[-104.59515499960902,39.75051799982372],[-104.59258500042954,39.75105799976119],[-104.59651999956472,39.7535319997877],[-104.61238400044557,39.753935000157306],[-104.61243600032411,39.747017000033324],[-104.6179620002691,39.747036000284474],[-104.61713700008856,39.74497699984185],[-104.62184700007387,39.74468000032819],[-104.62186100031758,39.74133300016324],[-104.61542800017631,39.74234799967047],[-104.61360299991308,39.739982000192924],[-104.6220470000904,39.73984899990559],[-104.6220529999382,39.725472000087315],[-104.65012600025226,39.72553400008954],[-104.65008000022151,39.738923000195925],[-104.64065100003008,39.73769199990401],[-104.63758999968259,39.73790600016054],[-104.66026799957291,39.74029799996057],[-104.67824700024688,39.739994000123126],[-104.67827400001106,39.736442000017064],[-104.66889099985039,39.73641200002305],[-104.66894000025417,39.72570899985078],[-104.65953000032934,39.72571399993609],[-104.65953500035221,39.71831499969744],[-104.65018300015367,39.71835300012775],[-104.65022699963627,39.711333999669044],[-104.62205799996107,39.71078799970749],[-104.62210300016692,39.691016000339964],[-104.61931100033127,39.69081500016447],[-104.61914899994954,39.68845700007882],[-104.6033960002951,39.688997000211224],[-104.60336299978482,39.696237999954924],[-104.59326800031985,39.69608999982642],[-104.59315699999176,39.7033429999728],[-104.58363900011186,39.70321100025611],[-104.58431399960624,39.66699100002303],[-104.72553700007069,39.66751199995024],[-104.72570799977491,39.63863499987145],[-104.71942799979452,39.638549000108135],[-104.73505800032362,39.63845200025484],[-104.73489599994193,39.652975000311045],[-104.75246999966164,39.65291400023135],[-104.75234800036122,39.64924899991427],[-104.75373199968516,39.64870599978341],[-104.75399699999905,39.62400200012491],[-104.7382309999258,39.6239759996961],[-104.73885299971673,39.618097999736925],[-104.74342399978484,39.61441199991115],[-104.7423719998236,39.61175999995163],[-104.73534200000576,39.609282000162175],[-104.73537600034093,39.60544199974498],[-104.73070700036354,39.606092999662],[-104.72302100041955,39.60134199996581],[-104.71674700028694,39.60244100012643],[-104.71629700002514,39.62939199975321],[-104.71288900024634,39.62938299990781],[-104.71286400013199,39.63152200012328],[-104.6977509998118,39.63115699985498],[-104.69775699965959,39.62648100000111],[-104.69421300033667,39.62648400007555],[-104.69162099961925,39.62309399974704],[-104.68347000024318,39.62311000000317],[-104.68346400039539,39.62030999988997],[-104.67915500026808,39.620324000331486],[-104.67902600039666,39.63819399996143],[-104.68386500025338,39.63818899976122],[-104.6839079999111,39.634353000182664],[-104.68650300010326,39.63435100012993],[-104.68646600029335,39.638337000138364],[-104.67901200015295,39.63849499986424],[-104.67880100026576,39.652873000113566],[-104.65996399979929,39.65293799995163],[-104.66041400006108,39.623909999787806],[-104.65478600000885,39.62396000033213],[-104.65480299972728,39.62087400031138],[-104.651122000137,39.61666099994349],[-104.65178199956277,39.613048000284394],[-104.65460899955852,39.61387900008118],[-104.65093200016621,39.608695000310775],[-104.6555009996862,39.60493000020973],[-104.65346999955864,39.60222900026402],[-104.65425700010432,39.60063699965528],[-104.66075899984257,39.594929000122974],[-104.66078300013204,39.57434900006428],[-104.6420129996127,39.57430799978038],[-104.64212499976568,39.56588999979997],[-104.6793109999037,39.56590000025806],[-104.67955600012608,39.55070700028938],[-104.73672799987784,39.55126099974085],[-104.73662800031875,39.56588799984668],[-104.7460449999163,39.56590200021101],[-104.74616399974198,39.55869100006649],[-104.75559299993341,39.55974700009366],[-104.7681729999857,39.558817999777155],[-104.77442899967666,39.561091999964184],[-104.77438900039199,39.565847000099005],[-104.79308500039315,39.56598500028478],[-105.04859700010954,39.566087999737576],[-105.05169500026696,39.56303900020376],[-105.06000700019982,39.56024000001777],[-105.06139499972173,39.556739999919905],[-105.06439699961966,39.55553399979325],[-105.06666999959654,39.550721000254995],[-105.07355800002249,39.54478499980103],[-105.07668999961678,39.53989900002038],[-105.07765399971444,39.536440000258565],[-105.07599800040396,39.53204300009261],[-105.07718699973422,39.52702700024704],[-105.07929200037994,39.525103000154616],[-105.07827499968047,39.5115780001457],[-105.08504599993056,39.50595599982826],[-105.08458800017117,39.50174099978923],[-105.08725699998317,39.4965719998279],[-105.08576700035401,39.49534099977251],[-105.08656200039731,39.4932960001126],[-105.09870700025641,39.48539399997961],[-105.1117090000831,39.483528999877535],[-105.11509299957244,39.48597600032073],[-105.11764599993181,39.48539199978655],[-105.11816300014075,39.48290100002453],[-105.11583099971432,39.48272599986998],[-105.11627599995325,39.48145100031024],[-105.11902599995612,39.48012400033234],[-105.12182299981463,39.48130400016826],[-105.13493099994653,39.470952000284264],[-105.13262500035768,39.46790800016656],[-105.13294099982686,39.46191199968944],[-105.12500399981273,39.45642499978764],[-105.1227700001939,39.45074100020683],[-105.1261439996375,39.44018700028269],[-105.12359799984917,39.43412899981005],[-105.14435799958983,39.41904700015791],[-105.15495599991837,39.4139529998329],[-105.16029299971747,39.414240999981544],[-105.16614099987774,39.40863400012233],[-105.17096300001603,39.40782499985243],[-105.16971400041129,39.40214299971979],[-105.1671939996639,39.399752999781626],[-105.16725800013631,39.3943080000013],[-105.16403299975728,39.39145400007423],[-105.1699679999562,39.38909599994903],[-105.17350600032965,39.38342399991258],[-105.16961499977877,39.38068200012086],[-105.17299699961832,39.377721999969104],[-105.17016499959969,39.37451800004722],[-105.16777600017016,39.37417699991842],[-105.16714099996045,39.37174699992642],[-105.16919499965421,39.36870199983555],[-105.1665740004211,39.36175399973733],[-105.16764800012365,39.35915900025513],[-105.17184900029592,39.35676000017229],[-105.17212899978009,39.35301299972488],[-105.17735000012655,39.349380999748334],[-105.17654599986243,39.34690400008417],[-105.17953299969174,39.34301300006429],[-105.1792330001161,39.33986000013399],[-105.18214399977744,39.33858799989425],[-105.18424799969992,39.33526800011201],[-105.18778299970033,39.33422099981043],[-105.18188600003458,39.330384000069905],[-105.18808599964905,39.32802400003213],[-105.18548600033232,39.32440499993355],[-105.1888139997452,39.321153000234474],[-105.18871300036115,39.31713300025511],[-105.19271299979367,39.31259199966259],[-105.19845800002176,39.30997200024765],[-105.1966799996142,39.308543999753866],[-105.19799699988931,39.3053549998862],[-105.19600000009696,39.30208200031078],[-105.20021200013989,39.30202899996571],[-105.20112900038193,39.29927000009895],[-105.20497900002658,39.29979799973445],[-105.20768100034888,39.29819399995323],[-105.20247900026898,39.29358300029114],[-105.20682199983317,39.293812999681755],[-105.20553100039565,39.29168099987228],[-105.20856500008063,39.29116899976426],[-105.2080420000239,39.28961199972834],[-105.21247300034995,39.28448399994212],[-105.21139100025148,39.280734000119104],[-105.21638599974382,39.27761800012522],[-105.21554100037014,39.27663599969552],[-105.21750700020034,39.27459599992015],[-105.21542400019426,39.272482999673095],[-105.220559000327,39.269173999997385],[-105.21703900039522,39.26092800032196],[-105.21959799970402,39.25964100032567],[-105.22510500028076,39.260525000313756],[-105.22344300022417,39.25615400019001],[-105.22668100012365,39.25650199976435],[-105.22786899962904,39.25385100018625],[-105.23439300000689,39.25530700019407],[-105.23435399964883,39.2519790002697],[-105.23770100022658,39.250673999730324],[-105.23495200004864,39.249491000339276],[-105.23393799972223,39.24686799977495],[-105.23579899997047,39.243954999887244],[-105.24055900018448,39.24405699975417],[-105.24657200020118,39.240072000178486],[-105.25347200032269,39.24331400017269],[-105.25555100013082,39.23573500025744],[-105.26359299972695,39.22892799984835],[-105.26146799988807,39.22627899969195],[-105.26121500016806,39.222879000009954],[-105.26343200006846,39.22096399973386],[-105.2605769995853,39.21685499965467],[-105.26153099963726,39.21446099971744],[-105.25988899967213,39.2106069998232],[-105.2631940004171,39.208004999889],[-105.26951899970501,39.20941900023806],[-105.27559700001905,39.207625999746234],[-105.27807900023332,39.20222999997746],[-105.2823509996524,39.20109599980964],[-105.28509999983034,39.19458799976702],[-105.28613400024823,39.18653899999425],[-105.28927400023842,39.183889000101125],[-105.28737500035535,39.181559999773356],[-105.28767099973304,39.17855399974033],[-105.29474800030488,39.174838000219786],[-105.29382299966693,39.17312999998775],[-105.29943999984852,39.172528999890346],[-105.30197899996419,39.169290999657726],[-105.30043200043362,39.1672269998218],[-105.30489200017367,39.16405700001972],[-105.30796199984367,39.16534000007115],[-105.31348000029105,39.15984299973749],[-105.31326500020587,39.15660900031171],[-105.31549100032711,39.15452499969548],[-105.31563400044223,39.14580099982914],[-105.32306900031605,39.145595999681895],[-105.32196200010324,39.13696699975896],[-105.32922000042501,39.12968900030702]]]}},{"type":"Feature","properties":{"GEOID":"0805","NAME":"Congressional District 5","BASENAME":"5","STATE":"08","CD119":"05"},"geometry":{"type":"Polygon","coordinates":[[[-105.07252899962745,38.80840000006965],[-105.07218399984598,38.79938200023927],[-105.01555000021955,38.79782100004844],[-104.94877500019908,38.798559000333974],[-104.93986900006436,38.796543000227565],[-104.93896100004316,38.710524000099724],[-104.93971500007859,38.696319000023465],[-104.9422290000799,38.69626799996015],[-104.9415820001746,38.519566000283135],[-104.27547099956195,38.52113300029894],[-104.27507300007699,38.69196799987346],[-104.2734760003177,38.69291500009359],[-104.2776439999797,38.70343699978549],[-104.27484999959592,38.708223999834644],[-104.27348200016549,38.708219999974574],[-104.27678100016435,38.781439000201125],[-104.31374299999635,38.78130399994428],[-104.31369899961543,38.85338000006185],[-104.27771599994973,38.85323999988118],[-104.2776570003985,38.87465699998778],[-104.28298499997676,38.87421999972633],[-104.28783200022943,38.86535600004514],[-104.29179300020219,38.86316099969069],[-104.2937089998037,38.864687000117875],[-104.30438999997291,38.865594999857336],[-104.31306099993097,38.86970300011958],[-104.31826300001086,38.86499100020961],[-104.31944399984353,38.867768999674325],[-104.35155099992528,38.8674509998203],[-104.35106399985357,38.881991999678476],[-104.33265400008267,38.88201499985699],[-104.33158799987773,38.92553400020579],[-104.35017199972589,38.92530399995166],[-104.35014599978663,38.92705299971633],[-104.34981199987578,38.93971500002834],[-104.33139200005914,38.93990200008181],[-104.33100299989673,38.95429800026434],[-104.36786699981943,38.954054999899604],[-104.3679200004212,38.99752599997724],[-104.3863319998419,38.99721800010772],[-104.38642800010139,39.026217999837165],[-104.40475199965854,39.02619100019749],[-104.40483799987227,39.04104099976576],[-104.54807999987037,39.04254700021499],[-104.54795600002184,39.07806600020103],[-104.5523189996775,39.09055899967802],[-104.55176499965863,39.129427000264265],[-105.03347299991871,39.129782999872006],[-105.02713900040997,39.02895400033875],[-105.02994499959101,38.99963200017619],[-105.02730000006844,38.985375000176866],[-105.0272120002049,38.941615000023795],[-105.01340500028917,38.94140300011933],[-105.01366100038221,38.93429600033012],[-105.00895499969656,38.93439499988792],[-105.0089220000846,38.92926899990391],[-105.00924199975175,38.92713699969027],[-105.01828799962853,38.92689199977949],[-105.01826199968924,38.93105699988519],[-105.02734199990122,38.930811000247225],[-105.02863300023708,38.86873000024386],[-105.066441000166,38.869177000168584],[-105.07252899962745,38.80840000006965]]]}},{"type":"Feature","properties":{"GEOID":"0801","NAME":"Congressional District 1","BASENAME":"1","STATE":"08","CD119":"01"},"geometry":{"type":"Polygon","coordinates":[[[-105.10992400000283,39.62716000015456],[-105.10749600021525,39.62709300003836],[-105.10750299988794,39.62421799974389],[-105.09125599959076,39.62419799974342],[-105.09116400042758,39.62708099984543],[-105.0856259998887,39.62610699985059],[-105.08557999985794,39.628526999802595],[-105.08173000021327,39.62731300020778],[-105.08169300040333,39.630149000319534],[-105.08373500040156,39.6301550001502],[-105.08371199993701,39.63132700021951],[-105.08095199988841,39.63132700021951],[-105.07451700009732,39.62422700026112],[-105.07611600040472,39.62422499991565],[-105.06566200001625,39.620600000054985],[-105.06514099960931,39.61858199996126],[-105.09702900030626,39.61836199971267],[-105.0970100000397,39.61431100024426],[-105.05812500003518,39.61440900000539],[-105.0572399995802,39.62091400015198],[-105.05351600033222,39.6208640001746],[-105.05348299982194,39.62425299990375],[-105.05580900040059,39.62424400008179],[-105.05345699988266,39.62952600031145],[-105.05929699964702,39.634333000344455],[-105.05904499975193,39.638759999811384],[-105.05334200025494,39.638770000128844],[-105.05341000002701,39.63150400029356],[-105.04413900001931,39.63145599980231],[-105.04416099976062,39.62803900016282],[-105.04280699967559,39.627578999874736],[-105.03800499962878,39.62683600006471],[-105.0368020000548,39.62812900031271],[-105.02542200010177,39.62855800011004],[-105.02536000017747,39.631445000088604],[-105.03475599985865,39.63317700000859],[-105.03470700035315,39.63859299996822],[-105.02999800019275,39.63857499990308],[-105.02992700004766,39.64017600021281],[-105.0299799997511,39.64281899989703],[-105.03465999959917,39.64371099978168],[-105.03461500029164,39.65327600019953],[-105.0321620003897,39.65327600019953],[-105.0330760002587,39.656953999937286],[-105.0230029996367,39.65680399988927],[-105.02298199972029,39.660495999925296],[-105.0157999995665,39.66050799985332],[-105.01569599980941,39.67868399980455],[-105.00866400034174,39.678626999911266],[-105.00863699967923,39.67677999994889],[-105.00635700002967,39.67675900017889],[-105.00632100004465,39.66770000024149],[-105.01094099961828,39.66050699985943],[-105.0043950003974,39.66048399999514],[-105.00396900042503,39.66625499978449],[-105.0003549998836,39.667727999917474],[-104.97348599986675,39.6676839999277],[-104.9734890002398,39.665866000213086],[-104.96880500019377,39.66583899969937],[-104.96878500010229,39.6604169996553],[-104.9594429999495,39.661525999995725],[-104.95948499978229,39.656690999960816],[-104.95378800013307,39.65668300025879],[-104.95498300020944,39.652987000161644],[-104.93170299972137,39.65304399976939],[-104.93187299960067,39.6458260002265],[-104.9224600002011,39.64584900012632],[-104.91322699982825,39.63866900003799],[-104.91340699975329,39.62408300014752],[-104.88526400001736,39.62412899987046],[-104.88512000007732,39.638948000142335],[-104.88033200027421,39.64131000004721],[-104.88013999975529,39.65305699970971],[-104.87699999976506,39.65304999968895],[-104.87545400005942,39.651466000076596],[-104.87557299988512,39.64498999975895],[-104.84729600025486,39.65710200026505],[-104.84860000011119,39.65709600000558],[-104.848677999929,39.65921799980864],[-104.8554369995852,39.66080400018554],[-104.86633399966448,39.6603090000855],[-104.86605099980726,39.67084700026058],[-104.87088200016638,39.67476399983224],[-104.87529099985278,39.674766000098856],[-104.8753119997692,39.672062000232366],[-104.8774590002477,39.67206600023057],[-104.87538000043958,39.66865100026867],[-104.87621099956957,39.66393200001404],[-104.87952499963704,39.66392700029196],[-104.88516399955992,39.66756599965963],[-104.89045799970131,39.66757799974296],[-104.88835200012902,39.665674000095606],[-104.89020400015643,39.66451000002031],[-104.89402399966387,39.667588999932796],[-104.90350899993182,39.66762400027367],[-104.90357900025201,39.67667500034382],[-104.90602600030617,39.67843099967649],[-104.91289100026756,39.67854400000672],[-104.91191600029921,39.682079000312584],[-104.90820499967342,39.68206999971977],[-104.90820700022154,39.68387099988217],[-104.90519100007991,39.68386200021426],[-104.90522299986694,39.68605799986233],[-104.90344299980957,39.68485699979732],[-104.90353800024413,39.68737599998151],[-104.89700999966828,39.68681899997166],[-104.89658299987103,39.68363400017016],[-104.89404100028062,39.683628000140644],[-104.89404600030349,39.682060999817146],[-104.88930799983079,39.68205600002435],[-104.89152700027934,39.68569000032726],[-104.89405799999908,39.68569400022759],[-104.89417599999985,39.69295999995989],[-104.89880099959633,39.69297499973347],[-104.89880999981716,39.68934099989057],[-104.90351200030486,39.68935399991516],[-104.90351099958161,39.69297000003976],[-104.9001150003967,39.6929849998111],[-104.9035440000919,39.69853499978459],[-104.89975700019642,39.69714999985247],[-104.89909900042046,39.69539499977993],[-104.89681399984971,39.6965879997808],[-104.87772000036361,39.69650799983882],[-104.87772799986121,39.69843799978866],[-104.87531799961698,39.69843799978866],[-104.87530900029445,39.69650500003792],[-104.86596200011878,39.696558999890286],[-104.86713600027878,39.700188000034586],[-104.86830100021791,39.69837100031756],[-104.87066200005836,39.69837699975706],[-104.86866199989294,39.70300800020419],[-104.86596700014167,39.70380700021951],[-104.86597100033963,39.71105300025764],[-104.87062500024844,39.710173999846226],[-104.8705959999361,39.71817599996364],[-104.87527699960908,39.71880500014869],[-104.87533000021085,39.72557599965821],[-104.88193400005635,39.72495999996604],[-104.88661300007954,39.72921900025815],[-104.88471099982341,39.730929999672526],[-104.88466399996774,39.74746699977542],[-104.87997099970086,39.74743799986226],[-104.87990100027898,39.754734999976684],[-104.84693999970439,39.754687000152856],[-104.8482079995757,39.75641900030503],[-104.85633799993369,39.75812699996637],[-104.8563940000102,39.76858100020433],[-104.8329720001302,39.766390999750385],[-104.83300899994012,39.76917699997861],[-104.82817299955812,39.76915600001865],[-104.828185000152,39.77278399984731],[-104.78157700039358,39.77279499983921],[-104.78155999977683,39.77648300015225],[-104.772157000423,39.77640899993254],[-104.77216599974551,39.77149999969753],[-104.76455900034257,39.77156799969522],[-104.76457400041117,39.769187999856406],[-104.73460100038915,39.76918099987162],[-104.73439899982446,39.79844200017799],[-104.76260600003282,39.798433000276226],[-104.76246200009278,39.8234430001179],[-104.66606200020482,39.822791000178746],[-104.66618199985541,39.813075000066576],[-104.65544499960968,39.812999000165185],[-104.65539000025642,39.82260499976669],[-104.61979900022789,39.82241700010709],[-104.6191520003226,39.87322000025848],[-104.60526099984298,39.873114000326865],[-104.60515399971287,39.8813459997905],[-104.59981000024106,39.8813070001568],[-104.5995809999122,39.89903800024867],[-104.63094499982921,39.89929100014826],[-104.63093899998141,39.906645000064394],[-104.67966400008112,39.90700799965664],[-104.67958200006534,39.91401599965562],[-104.6920540001626,39.914178000029246],[-104.69213899965311,39.90685100025885],[-104.7031849996953,39.906925999787816],[-104.70331100009199,39.89594899967252],[-104.73039000017113,39.89613099979686],[-104.73095300041082,39.84519500009778],[-104.76227899979467,39.845390000002624],[-104.76231700032783,39.8417880000513],[-104.79085900027194,39.84180199972834],[-104.79089500025695,39.79825099978691],[-104.86604099976151,39.79838599992679],[-104.86607400027178,39.81284700011026],[-104.88440500039997,39.812814999874305],[-104.88447399999694,39.798321999781045],[-104.89906900028325,39.79837399981771],[-104.89906900028325,39.80020200011757],[-104.90356099981034,39.79839100025915],[-104.90343799978669,39.783807999867314],[-104.9270019999569,39.78377799979051],[-104.92703399974394,39.79105400003419],[-104.94048699965734,39.79100199998517],[-104.94047599978668,39.79460100014534],[-104.9554450001668,39.7946250002976],[-104.96019000031221,39.79102499983912],[-104.96886100027028,39.79104099985305],[-104.96752300007877,39.79326899996268],[-104.96877300040673,39.79321499992423],[-104.968715999607,39.798395999901054],[-104.9716439998851,39.79829099975376],[-104.97116000018642,39.79556699965826],[-104.97466699969942,39.79560799991259],[-104.97306499991728,39.79241799970554],[-104.97595100036258,39.792422000318595],[-104.97594999963935,39.79103800002327],[-105.02054200023714,39.79108700021742],[-105.02184299972042,39.79446100024068],[-105.02530300027607,39.79396299969993],[-105.0252620002682,39.79110600004384],[-105.06440500001557,39.79107999969882],[-105.06499199964642,39.78835899973607],[-105.0626530004456,39.78833999984125],[-105.06265900029337,39.78384699967148],[-105.05318300024628,39.78379700025484],[-105.05322799955383,39.734921999779395],[-105.0555909999424,39.73450800021741],[-105.05558799956933,39.73310500021184],[-105.0532269997289,39.733109999760835],[-105.05319099974389,39.682396999995966],[-105.05779699997213,39.68227200014507],[-105.05779399959908,39.6786969997615],[-105.06033500026288,39.67795400020983],[-105.06261999993532,39.67927999999556],[-105.06262199958515,39.67500800012544],[-105.05325100001834,39.67503700008034],[-105.05325600004122,39.667784999815375],[-105.07199100040044,39.66776300018792],[-105.07199700024822,39.669344000118706],[-105.07495099956726,39.67048499966735],[-105.07667000042359,39.66906100010669],[-105.08134799972353,39.6701329998731],[-105.08145300020384,39.66205600007254],[-105.07916299961019,39.66204099980658],[-105.07667600027136,39.65931200023602],[-105.07197299995877,39.660023999718916],[-105.07001600034938,39.65907099987721],[-105.0701440003959,39.65687399972167],[-105.06728800008784,39.65687899995397],[-105.0674899997542,39.652490999989496],[-105.07083300013399,39.64957899969114],[-105.06392399979163,39.649565999788415],[-105.06259800019401,39.65151299969856],[-105.05805899991294,39.65125099989744],[-105.05803100032385,39.65295900004591],[-105.05358099973125,39.65115999996126],[-105.06319700041873,39.64962599990428],[-105.06322300035801,39.645991999692505],[-105.0720449999288,39.645984000135705],[-105.07677300035576,39.63935299967467],[-105.0732709999673,39.63873999986383],[-105.07330699995232,39.63656300029635],[-105.08156500035682,39.636166000339905],[-105.0816759997866,39.638759000194604],[-105.09109999995515,39.63871900029317],[-105.09110300032822,39.63508299965915],[-105.10987499959903,39.63507199983037],[-105.10992400000283,39.62716000015456]]]}},{"type":"Feature","properties":{"GEOID":"0802","NAME":"Congressional District 2","BASENAME":"2","STATE":"08","CD119":"02"},"geometry":{"type":"Polygon","coordinates":[[[-107.44259400010392,40.33475500020537],[-107.43938600034167,40.2233790000357],[-107.03792799975675,40.22537200018026],[-107.03735899966925,40.003080999806926],[-107.03205000035757,40.00293900023837],[-107.03217099983307,39.939668999946335],[-107.03396799960888,39.91891300012328],[-107.1136719996611,39.91911200006602],[-107.11387199967764,39.624889999858844],[-107.10469100008164,39.62615799999015],[-107.1002170000979,39.633911999952375],[-107.08592700030842,39.63990499978902],[-107.06672300031916,39.65194999996636],[-107.05881600044225,39.654678999740334],[-107.05656900040465,39.65192300024042],[-107.04578500030327,39.65148699992637],[-107.0380929996132,39.64825799995369],[-107.02547300027625,39.64799100008423],[-107.02777899986509,39.644067000202114],[-107.01451799957233,39.647405000180704],[-106.99585699973126,39.6464700000623],[-106.99553799988905,39.64848499969753],[-106.97930800020862,39.65483099971073],[-106.97202999979534,39.65519099987255],[-106.97203099962023,39.65337099981413],[-106.97575300011671,39.65365000008243],[-106.97566400042824,39.63818400025243],[-106.96314600030024,39.63811899968754],[-106.96327400034676,39.62695900030312],[-106.95863899980621,39.62696499971852],[-106.95853099985119,39.61969999984764],[-106.96343400018034,39.618885999795594],[-106.9636840004256,39.61571200012513],[-106.96745899972719,39.61460699973503],[-106.96801199992116,39.608655999689276],[-106.96687999959397,39.60736000013356],[-106.96947700033427,39.59955000006139],[-106.96887899993446,39.59408199989947],[-106.97258100033946,39.593993000043795],[-106.97253600013362,39.58643499991551],[-106.96823100020428,39.586439999701426],[-106.96825999961828,39.583234000230114],[-106.9588060002108,39.58336599999969],[-106.95871900017217,39.579735000106986],[-106.94000200025461,39.57986899985985],[-106.93999399985869,39.5836450001329],[-106.93528300004849,39.5836470002663],[-106.93528399987339,39.58546900017878],[-106.93269100022935,39.58586899994614],[-106.92251899987318,39.58069899993513],[-106.91965199969447,39.580705999660765],[-106.91934999957066,39.595333999798065],[-106.9381359999835,39.59518399970736],[-106.93802899985339,39.610118999672395],[-106.94436900010824,39.609581999855216],[-106.94438599982668,39.61981100024528],[-106.9396709998185,39.619817000280406],[-106.93962999981063,39.6345380003144],[-106.93019300012159,39.634556999724],[-106.93019300012159,39.63817500016722],[-106.92561000035788,39.63819099970297],[-106.92558100004555,39.62738099989222],[-106.9147540002865,39.627025999857224],[-106.91610599982337,39.63098800018544],[-106.9138329998465,39.63100699987824],[-106.91384399971716,39.6274240001567],[-106.90739200020762,39.6274699997343],[-106.90590900025113,39.630904000061015],[-106.89741599967002,39.62386099973127],[-106.88943799964798,39.624264999895196],[-106.88944600004392,39.617015999868364],[-106.8847779998914,39.617015999868364],[-106.8839629997566,39.62786800024741],[-106.88874499971196,39.62750099982343],[-106.88912200017879,39.63115100011121],[-106.89268300011847,39.63115100011121],[-106.89125600023853,39.638663000253956],[-106.8866230002461,39.63866700011],[-106.88661200037545,39.641712999742964],[-106.8703240000704,39.641407000042676],[-106.87032099969736,39.64538799977261],[-106.86800800043581,39.64541099981807],[-106.8678240003128,39.64760399974877],[-106.86122600031509,39.64817599970453],[-106.86061200002173,39.64978500027076],[-106.86239600027709,39.651120999754305],[-106.86813099956113,39.650743000173144],[-106.87346900008347,39.6473410001666],[-106.8751539997063,39.64776599976675],[-106.874330000249,39.65145000015386],[-106.8755620001353,39.65288299977341],[-106.86636899994544,39.654124999812886],[-106.85384599979453,39.65246100014385],[-106.84356600038164,39.654814999875185],[-106.84065700037013,39.65320299988279],[-106.84362400010795,39.652854000202524],[-106.84366500011585,39.648461999982906],[-106.84640199969989,39.648616000121656],[-106.84554399990742,39.645726999788586],[-106.83815500006438,39.64285199983249],[-106.83809599961482,39.639016000150875],[-106.83361599978328,39.63903200018387],[-106.83370100017208,39.63207899972692],[-106.82859899965133,39.63230100006662],[-106.82857899955984,39.628599999879505],[-106.8237730002134,39.628597999660435],[-106.82376999984034,39.62503200004669],[-106.81892500013583,39.62505800007878],[-106.81878600021867,39.61017399994817],[-106.80405200001516,39.61030799965712],[-106.80399900031172,39.61768199980757],[-106.78356599991089,39.617766999988085],[-106.78356300043615,39.62150200005409],[-106.78855700010358,39.62154899997423],[-106.78862499987564,39.625010999774155],[-106.79084799962382,39.62509299981377],[-106.79461000030325,39.628660999960545],[-106.79424000040741,39.62998699985212],[-106.78913899971154,39.62892499977054],[-106.78381600015614,39.626315000061666],[-106.78375300040695,39.639380999766495],[-106.79383299980331,39.63993399994895],[-106.79383899965109,39.643103999952395],[-106.81371999968289,39.64313499995312],[-106.81368399969787,39.646573999722456],[-106.81903700028883,39.64655299976374],[-106.82402900030642,39.64868400030727],[-106.82315700027026,39.65153300010193],[-106.81663299989235,39.655384000136365],[-106.81460400031295,39.65403699977279],[-106.81459099989415,39.6576939997901],[-106.8124119996286,39.658699000319324],[-106.8128760001341,39.65634900028809],[-106.80734299961811,39.6593020001231],[-106.79893100012613,39.66029300013491],[-106.79819800000713,39.65620900018058],[-106.79060499994958,39.653374000105586],[-106.78495000013315,39.654371999932046],[-106.78198099984715,39.65198299969399],[-106.76269900004009,39.65563400009982],[-106.75026999960053,39.6547820001162],[-106.74146499974816,39.65118400029048],[-106.73534200012662,39.65095100031552],[-106.73241600039667,39.64124299979976],[-106.7271890002024,39.64191999981008],[-106.7314339998573,39.638623999915744],[-106.72852800021883,39.63641199993845],[-106.7307710000585,39.63338600010667],[-106.72237000043717,39.63334399978347],[-106.73039799978959,39.627976999760854],[-106.73038299972094,39.62412899987046],[-106.70528600026388,39.62434600030185],[-106.7052589996014,39.6300240000393],[-106.7002259995759,39.63275100028986],[-106.69908199955317,39.63200599986158],[-106.69929400016358,39.62693100002616],[-106.69632499987762,39.62392500002407],[-106.69917600016281,39.622761999825805],[-106.69530700025153,39.619410999959534],[-106.70186699971612,39.615428999916965],[-106.70808099957428,39.614031999740796],[-106.71000299992188,39.61382499995775],[-106.71221800017247,39.616390000128185],[-106.71927499975449,39.61578699977851],[-106.72940000025501,39.60901199988066],[-106.73468500017557,39.6091840000638],[-106.7360030002756,39.610459000237164],[-106.73508299966052,39.612019999866625],[-106.7429090002449,39.61070299984136],[-106.74299000043575,39.60146399967401],[-106.70528999956353,39.60092400007345],[-106.70519599985222,39.59508299968023],[-106.66805200044533,39.59510899988633],[-106.66816399970001,39.57274400014716],[-106.68221500001317,39.58106899989364],[-106.6858699996642,39.58047599979948],[-106.68995100018589,39.58466100022435],[-106.70330000034218,39.58537899994754],[-106.70578500003117,39.58814699980125],[-106.71133100006766,39.582817999919925],[-106.72163899996796,39.581981000008895],[-106.73032699964446,39.58394200026875],[-106.73519599963844,39.57985099975307],[-106.74015099984611,39.57964200001771],[-106.74454899966187,39.584851000159496],[-106.76022100002379,39.5932149997499],[-106.7612920002516,39.59567199979936],[-106.76099199977763,39.58167299976951],[-106.76432400028676,39.5626900000588],[-106.7620880001198,39.555767999782596],[-106.76305300004242,39.552950999677606],[-106.75266399995125,39.53925999980052],[-106.75328499991727,39.53759300016471],[-106.7494140003562,39.52705599987267],[-106.75095599986389,39.51893399969073],[-106.7534690000403,39.514767999974175],[-106.75171999994505,39.51285000013628],[-106.75359999956154,39.51031399972132],[-106.75123600024638,39.505575000199286],[-106.75301399975561,39.497656000031576],[-106.74712999961034,39.48975300007523],[-106.73717300023762,39.48169400001933],[-106.72854900013523,39.47989399984871],[-106.72808499962973,39.46916100007338],[-106.70746299998132,39.456329999888176],[-106.7017389996696,39.456070999708096],[-106.69620100002903,39.45215900009285],[-106.69339599977461,39.451379000029135],[-106.68944400002266,39.455059000057844],[-106.68064599984301,39.45820599969879],[-106.66838399980803,39.45561799971979],[-106.65875299995022,39.45603999994068],[-106.66865199959663,39.45956899973378],[-106.66077499985694,39.45970000020436],[-106.65891299978381,39.46107800021819],[-106.65554099999001,39.46001799990812],[-106.65271999984202,39.463171999854225],[-106.64641599957218,39.46423099992883],[-106.63984900043494,39.46054199970518],[-106.63494299973274,39.460841999957466],[-106.6221350000748,39.4567809997763],[-106.61680900014636,39.4576250002057],[-106.59150099990379,39.44251600016476],[-106.56108600001588,39.42981999971247],[-106.55715699983017,39.42324199993016],[-106.54982599971345,39.41988599990828],[-106.544395000203,39.41359299988265],[-106.5425370003278,39.40812500023408],[-106.54311200026308,39.40188799967764],[-106.52382399970989,39.393932000331034],[-106.52298099998603,39.381720000007824],[-106.51989700007232,39.37975499982641],[-106.51615799985741,39.37194600029766],[-106.51628000005614,39.368787000102515],[-106.50921400025328,39.36229800002406],[-106.42648700038673,39.36187100026259],[-106.41478500021842,39.36749000002778],[-106.40815399971042,39.37369599970527],[-106.40514699978961,39.37892700000812],[-106.40007299975623,39.381007999737285],[-106.38063299976541,39.37615000031705],[-106.37820199960477,39.36940100027312],[-106.37197500022613,39.36370799977357],[-106.37082000033273,39.36063700011191],[-106.36446599983417,39.35997200010352],[-106.36264300011909,39.35721699970268],[-106.35802199982224,39.355140000290945],[-106.35174199984183,39.353682999858435],[-106.33925200020123,39.35906399972292],[-106.32122200037195,39.359269999931044],[-106.31159700036193,39.36221999970948],[-106.30255700033292,39.36111900013465],[-106.29631400016244,39.357334999691616],[-106.29530900005686,39.352935999724],[-106.28569200044278,39.35212799993826],[-106.28381199992795,39.34946900015096],[-106.27095400004131,39.358073999904285],[-106.26382200011624,39.35876899973251],[-106.25907500032099,39.3620120002968],[-106.25097599992515,39.357631999876396],[-106.25015400011769,39.36070100008161],[-106.2395170003294,39.365666999715],[-106.23392500026219,39.372936000017425],[-106.22689799991905,39.37416499972678],[-106.22562699967469,39.3796299996732],[-106.1364120003136,39.379694000290634],[-106.12030800013154,39.37658999996697],[-106.0972059999187,39.37798699988332],[-106.0856319997969,39.369722999704265],[-106.08120700021696,39.36919900019986],[-106.08024099957112,39.37043499979603],[-106.07419199956941,39.36862999995334],[-106.05609599961788,39.358431000342954],[-106.04392599964442,39.35737799990877],[-106.03219900026005,39.358941999866175],[-106.0219659998045,39.36171299970872],[-106.01761900004234,39.36550300031009],[-106.01679399986183,39.37498800004855],[-106.01813999955095,39.38180499970212],[-106.01385100041344,39.386897999703024],[-106.00840099973811,39.38735599965857],[-106.00333900029864,39.39176600000575],[-105.99664800041448,39.39442399976381],[-105.99285599959782,39.40185899990781],[-105.98501800021619,39.40166699985885],[-105.98192300043183,39.405974000017494],[-105.97686699994179,39.40856999967242],[-105.95186699967081,39.41433799984329],[-105.95532800005138,39.42198700009271],[-105.95483699978168,39.426219999774126],[-105.96072599994984,39.42901800010794],[-105.96449899960162,39.4328120002916],[-105.96604299965746,39.438782000022286],[-105.96175199997182,39.44009100002679],[-105.95454499970364,39.438359000231486],[-105.94415499978757,39.44091000019217],[-105.94369799985307,39.44618299976374],[-105.94185300039669,39.448246000270935],[-105.94216999969076,39.45277299971259],[-105.93866300017777,39.45849799991214],[-105.92667399995426,39.45941699990055],[-105.91484499956434,39.45837599981048],[-105.91163699980208,39.456736000143245],[-105.90595900041944,39.45965699992352],[-105.90183500024006,39.464248000151564],[-105.90161199975898,39.46961899987473],[-105.89688599988015,39.47520599981993],[-105.89732699992112,39.47713700019964],[-105.89472500005627,39.47751699982362],[-105.89266600033963,39.479998000004834],[-105.89222500029865,39.484029000112926],[-105.87908700002954,39.48376699970021],[-105.8784850003301,39.48936899989863],[-105.87471400032813,39.493520999701715],[-105.8711130002055,39.495005999661934],[-105.86658399997015,39.494351000006745],[-105.86412799969517,39.501623000105624],[-105.86039500022635,39.50470999991415],[-105.853886999742,39.5045059998748],[-105.85945700006792,39.5092250002988],[-105.85994699961437,39.51214800028505],[-105.86688899956867,39.51670200010259],[-105.86806500027679,39.51948999973719],[-105.8647009999806,39.52211499996443],[-105.85950700029665,39.53153599966356],[-105.8577320002621,39.532058000130895],[-105.8545620001347,39.52786799971683],[-105.84537700034073,39.523749999882135],[-105.84432899967912,39.525992000230865],[-105.83001600032343,39.53204300009261],[-105.82292500040624,39.52993099976265],[-105.81763100026481,39.53830999993525],[-105.81892800044845,39.54581500025496],[-105.81630800014193,39.54814999966729],[-105.8158069998265,39.55197599994307],[-105.82233700005216,39.55301199990879],[-105.82577099977023,39.55567799977357],[-105.82966200032111,39.56486500025101],[-105.72160100027273,39.56526899975938],[-105.58798599993443,39.56819700030339],[-105.50029200016463,39.56613499987407],[-105.39894899976454,39.56605599987691],[-105.39794799985692,39.84094000000537],[-105.37782900017378,39.846179000149746],[-105.36248499987492,39.84802400008179],[-105.35663800043787,39.84712300008841],[-105.35208599973798,39.85153699997928],[-105.34558999984753,39.85036799975849],[-105.33884399971181,39.85344300008987],[-105.33429699993313,39.852472000310634],[-105.33138999957144,39.85307099993895],[-105.33295799991673,39.85422399985526],[-105.33173299970312,39.855431999805965],[-105.3264090003228,39.85491199972523],[-105.32684299979275,39.852620999698054],[-105.32075000030841,39.850660999780196],[-105.31489299992732,39.853676000256854],[-105.31435099960402,39.85217199992872],[-105.30691800027834,39.852895999736106],[-105.30505200000722,39.85116599983156],[-105.30473099961687,39.854703000170296],[-105.3001269999368,39.853834999973024],[-105.29815400043387,39.85052800023842],[-105.29402799970633,39.849027999978574],[-105.29010100006877,39.849879000156974],[-105.29068500022488,39.851235999661576],[-105.28924599975102,39.85154799978945],[-105.27607300022011,39.8433990001667],[-105.27595500021935,39.849439999827936],[-105.28386899976896,39.85441399992529],[-105.28248100024705,39.855432999732066],[-105.28466999966001,39.859950999704104],[-105.29032899967441,39.86258399976182],[-105.29246000025938,39.86016899992023],[-105.29446700009748,39.865367999694904],[-105.29685600042532,39.866567000048725],[-105.29417300036963,39.86992400007199],[-105.29446799992239,39.8764320001929],[-105.30366600013515,39.875705000244004],[-105.30381400027315,39.884160999904935],[-105.29207000027203,39.87950499987657],[-105.27476699981567,39.87739100002127],[-105.24991600040588,39.8668169998483],[-105.24026499955829,39.86590899991226],[-105.24111400002826,39.90640600003264],[-105.23893300011288,39.914367000325356],[-105.14714299975279,39.91388900025592],[-105.14704099964554,39.928937999967715],[-105.13760399995651,39.928930999720585],[-105.13757800001724,39.93971199972515],[-105.12816499971933,39.93961800022175],[-105.12800200041103,39.95417300031261],[-105.12194300036357,39.95416000002324],[-105.12051399993544,39.950527000258475],[-105.10933300017405,39.95063999968793],[-105.10935300026553,39.9433359999576],[-105.11856200034893,39.94332299967476],[-105.11877400006104,39.93379600021757],[-105.11392099996061,39.928949999996064],[-105.10940900034201,39.925859000103465],[-105.11365700036997,39.93144000032853],[-105.10923600008967,39.936135000197794],[-105.09085300008294,39.936050999818114],[-105.09107200036607,39.943281000121466],[-105.07663699991332,39.94332899980558],[-105.07656800031634,39.95053800002831],[-105.07189900033893,39.950198000064404],[-105.07193699997376,39.95793800019298],[-105.0528889996201,39.957826000236146],[-105.05282800041905,39.965891999953975],[-105.0577469997434,39.96863600002693],[-105.05855299965735,39.97526000032907],[-105.0527969995586,39.97767399982329],[-105.05282300039617,40.00026000023027],[-105.00790600010836,40.00048300003365],[-105.00793299987257,40.00298700001897],[-105.0103360004441,40.00308599967488],[-105.01033100042122,40.00425999996179],[-105.00841300027156,40.00412299988502],[-105.00799499979684,40.00758099982455],[-104.98964699995021,40.00767899993082],[-104.98961400033825,40.01488999997229],[-104.99906500027099,40.01488700029504],[-104.9957920002114,40.02036099983621],[-104.99901300039247,40.02062699981834],[-104.99678399989818,40.020820000159716],[-104.9967420000654,40.023508999730055],[-104.99900499999653,40.023508999730055],[-104.99900699964635,40.025776000245855],[-104.98654299994504,40.02579899983045],[-104.98650000028732,40.02930899981369],[-104.98006299994809,40.02932499998291],[-104.97990499976433,40.042111000170266],[-104.9785230000902,40.04402600020688],[-104.98142999955358,40.044030999825914],[-104.98083700007498,40.08031699984134],[-104.98946500037532,40.08033900019477],[-104.98942900039033,40.08404200006985],[-104.99469300039449,40.08406900002519],[-104.99466499990709,40.08774200000051],[-105.00835700019506,40.08755200000419],[-105.00833499955546,40.10020100026497],[-105.01214900011344,40.10106899983322],[-105.01429700041686,40.100836999684],[-105.01306399980731,40.09882600013347],[-105.01753799979106,40.09571899967158],[-105.01255800036735,40.088260000175865],[-105.01773799980762,40.08767399996872],[-105.02100199964637,40.08392599993632],[-105.0250589998786,40.08464800023211],[-105.02500700000009,40.08730200025005],[-105.04156399991865,40.087815999776005],[-105.0422710000984,40.09022900003847],[-105.03213200025249,40.10187300015268],[-105.03208200002378,40.10962200014495],[-105.04147500023018,40.109430000098385],[-105.04149299977354,40.113121999808975],[-105.0367450001534,40.113230999731755],[-105.03674599997832,40.120481000159074],[-105.03198400011448,40.12053799983323],[-105.02763200032948,40.12713600003472],[-105.00661800014556,40.127830000185334],[-105.00822099975264,40.125952000221865],[-105.00854700016586,40.11854800031139],[-105.00729000016523,40.11705899982034],[-104.98939900025309,40.116958999835575],[-104.98924299971917,40.13137500023381],[-104.99884799963772,40.13142899965968],[-104.99869000035227,40.15707099977848],[-105.00809699990407,40.15696600004899],[-105.00804400020064,40.160317999964384],[-105.03673599993257,40.16030400022161],[-105.03645200025043,40.17057299978376],[-105.03218300030609,40.171833000314265],[-105.03034600034732,40.174704999858086],[-104.99856099958252,40.1752219999666],[-104.99847600009201,40.19679299973743],[-105.01282399960782,40.196737999705846],[-105.00990500044887,40.2039700003197],[-105.04589999981012,40.20360400010184],[-105.04587999971865,40.211036000218336],[-105.04056999968373,40.2110870001457],[-105.03637100005959,40.20885899979442],[-105.03630599976225,40.216986000090714],[-105.02686300022545,40.21686200008607],[-105.02686499987526,40.21845799998102],[-105.03624700021102,40.22697699969265],[-105.03853500025652,40.23178399984762],[-105.03312200028942,40.22934500018018],[-105.02742899993987,40.23301400021938],[-105.05507600028157,40.23277899966117],[-105.05508899980204,40.26179299973315],[-105.10245099959589,40.26136700021195],[-105.10300899981269,40.29408499981396],[-105.10751200010878,40.29409099990512],[-105.10758699955352,40.3051050001379],[-105.11229599971394,40.306859000270045],[-105.11231900017845,40.31123000024098],[-105.11074300033556,40.311249000158845],[-105.11078799964311,40.31357100031361],[-105.11234199974466,40.31355800009632],[-105.11242700013348,40.323575999711714],[-105.10303700030013,40.32344399972131],[-105.10281800001701,40.326136999790535],[-105.1071620003044,40.32533199999434],[-105.10737800021448,40.32766800013808],[-105.10800500002829,40.32829400031075],[-105.10913499980732,40.32850699978951],[-105.10741300037455,40.327440999918885],[-105.10757099966001,40.32556999995111],[-105.10695100041721,40.32385600033124],[-105.11226099955381,40.324545999786665],[-105.11738999983876,40.32178700000369],[-105.13051100038946,40.32514600007131],[-105.12657700018089,40.32679200022732],[-105.13134999991536,40.32748400021511],[-105.1220660003872,40.33021999995689],[-105.12014099966655,40.33139899976189],[-105.12158699981309,40.33093800032029],[-105.1215319995615,40.33253799977334],[-105.11963000020371,40.33286300005587],[-105.1175179998853,40.334997999931986],[-105.11448000000235,40.335793000024076],[-105.11457000041403,40.336273999993494],[-105.1204960003921,40.33417799980024],[-105.12065500040076,40.33276899979372],[-105.12241000034379,40.332856000201105],[-105.11723199965502,40.340404999704546],[-105.11754999967235,40.343410999919406],[-105.11630199989253,40.34406300022149],[-105.1190179995602,40.34479200027545],[-105.11586699969934,40.347710000250444],[-105.12767400034797,40.34376800010094],[-105.13403999964378,40.34532000010017],[-105.13560200014126,40.34884099965794],[-105.09973400010328,40.349475000303],[-105.09966899980597,40.3483790000212],[-105.09696999985673,40.34841899995486],[-105.09726100010987,40.36375100017003],[-105.11001400041452,40.363920000321194],[-105.10991800015505,40.36797699998327],[-105.10587199979346,40.36856200029983],[-105.10601900010657,40.37084699983924],[-105.10254199983248,40.36893700028886],[-105.09716800022345,40.37471100026171],[-105.09715900000262,40.37824299983979],[-105.106472999668,40.37741400025896],[-105.1064939995844,40.37478099982536],[-105.11221299987325,40.374828999973005],[-105.1162630004328,40.37720300016445],[-105.1180180003758,40.37482599975092],[-105.13172099963613,40.37479499972942],[-105.13159699978756,40.37824899997954],[-105.13489400013661,40.378510999857774],[-105.12878400003552,40.379870999910366],[-105.12875100042356,40.38257599969973],[-105.13122199986886,40.38317799993775],[-105.13034999983267,40.38427900030136],[-105.11978300036458,40.382267000021784],[-105.12198600002127,40.383697000085846],[-105.12072399999775,40.385396000276614],[-105.12374299961412,40.38611500005341],[-105.12330900014415,40.3927929996609],[-105.13474500017368,40.39278400002587],[-105.13478500035667,40.38844700001477],[-105.14118199961462,40.392185999841196],[-105.14394300038646,40.39104399987591],[-105.14290899996855,40.39213900001803],[-105.14422500041876,40.39280500008461],[-105.15075300009627,40.3929369998149],[-105.15080499997481,40.39033399999738],[-105.14793699997117,40.38923599966237],[-105.15230100035006,40.389451000268785],[-105.15130100026735,40.383682999978774],[-105.1486349999301,40.38224600009856],[-105.15110899974843,40.3810920001498],[-105.15381199989562,40.3855940000045],[-105.1537409997505,40.389379999896185],[-105.15705800019103,40.38941299999193],[-105.15581799990879,40.39286699995906],[-105.15822599960491,40.394081000322345],[-105.15961999987293,40.397272999855545],[-105.15367200015355,40.39935600014959],[-105.15363799981833,40.407228000073765],[-105.1471579998214,40.40199200018107],[-105.14418400041086,40.40365699985379],[-105.14413300035724,40.40669599994531],[-105.1459329996078,40.40705100005935],[-105.13360399962568,40.40814599981087],[-105.13465200028728,40.41743300000037],[-105.13826500010549,40.41637900007481],[-105.13825800043278,40.41860000004338],[-105.14102299960597,40.42145799992968],[-105.14128100024715,40.43640799982932],[-105.13928500027968,40.43198800009604],[-105.139202000439,40.436457000106],[-105.1364299997965,40.43644199973205],[-105.1376449999644,40.443688999674485],[-105.11565699963707,40.44384000027169],[-105.11565599981215,40.44734100009037],[-105.13303500043651,40.44728399981327],[-105.1330909996147,40.450969999792775],[-105.09643799957917,40.45101800031103],[-105.09648100013519,40.465389000306686],[-105.07744799985014,40.46560599996126],[-105.07746899976654,40.463039000038734],[-105.07345099989237,40.46303499974426],[-105.07379999987181,40.46559400021918],[-105.06117700016182,40.46553499997512],[-105.05841700011324,40.46394400022811],[-105.05835400036403,40.46183100006224],[-105.05160400003037,40.46090200031948],[-105.04958499959838,40.461910999822564],[-105.05340699965396,40.46553800025517],[-104.99211200044604,40.464725000095534],[-104.99147700023632,40.476968000075665],[-104.98971100042264,40.47943200028385],[-104.99132999992322,40.48271600024888],[-104.9913630004335,40.49764699981525],[-104.98186300009695,40.49757099987965],[-104.98205999974044,40.47947099994314],[-104.96339300005161,40.47944200028624],[-104.9628659997969,40.498688000225854],[-104.95814699959078,40.49376800020246],[-104.95351199994856,40.493727999840104],[-104.9534800001615,40.491702999950995],[-104.94874199968879,40.49174099983711],[-104.94884499962095,40.50107600019998],[-104.94611300005975,40.50101200029554],[-104.94995400038191,40.50827699977442],[-104.94416399994796,40.50810399974569],[-104.94421300035177,40.519137000087994],[-104.94694099971503,40.51918000025405],[-104.95061399980769,40.522717999683415],[-104.94424699978865,40.52266299995502],[-104.94411999956704,40.55843399982501],[-104.94248500017294,40.55913899968769],[-104.94403000005367,40.559066999870765],[-104.94473499968528,40.56520599987134],[-104.94189900036702,40.56635500019222],[-104.94115500037734,40.56256799983402],[-104.93535300024782,40.56264200022948],[-104.93525399961531,40.57384499971649],[-104.94402099983283,40.57305100027261],[-104.94401300033523,40.582434000145966],[-104.9354350002636,40.5811889999751],[-104.93552300012712,40.588466999918836],[-104.94422300039753,40.588084000317956],[-104.9441940000852,40.58093799991388],[-104.99621999983357,40.58138099975852],[-104.99605900017511,40.58845899996204],[-104.99008399979321,40.58843299992539],[-104.9940959998196,40.588674999823205],[-104.99408300029913,40.59193599987891],[-104.99535299982026,40.591976000302],[-104.99533100007896,40.59339900017835],[-104.99228099960212,40.59337200000955],[-104.99139699987037,40.59494099991195],[-104.9926730001376,40.59542800008506],[-104.99259899961945,40.593540000200626],[-104.99621599963561,40.59357200031911],[-104.99620200029024,40.59549499978784],[-104.98965799982086,40.59682300006834],[-104.99150099962745,40.599806999930934],[-104.98752200011133,40.60294200027007],[-104.98946200000228,40.60447900030856],[-104.98861099988248,40.60998799981027],[-104.99778099960785,40.6102430003301],[-105.00071599955862,40.613554000186326],[-105.00078900025187,40.62393099967399],[-104.997530000436,40.62452000023727],[-105.00105899969031,40.625874999949346],[-105.0006629998552,40.653517999799824],[-105.0535139997841,40.65395099991728],[-105.0659549999192,40.657078999963225],[-105.05967099974083,40.657567999879454],[-105.06142300020912,40.65813199969236],[-105.0602020001935,40.65911099997006],[-105.06107199968153,40.66103899988387],[-105.06546899967239,40.66263199971696],[-105.0655470003885,40.664286999704245],[-105.06919899966648,40.663702999945826],[-105.0703400002145,40.66153400012553],[-105.0674069999135,40.703450000284576],[-105.06831699958454,40.712285999822164],[-105.07253299982541,40.72375200028439],[-105.07616099971224,40.728911999754715],[-105.07611800005456,40.798218999929276],[-105.03883700038031,40.79820499997572],[-105.03800200015405,40.76540199982653],[-105.0313039996989,40.77080800005275],[-105.0234810003859,40.76734600015339],[-105.01919099962686,40.761831000248414],[-105.01911799983192,40.76957000010033],[-105.00096800035203,40.769616000044046],[-105.0000860002701,40.76128200011429],[-104.98869100024844,40.77567800020153],[-104.97156400041746,40.827295999931145],[-104.97162200014378,40.83255999991678],[-104.97465400017896,40.84117900016345],[-104.96598800024378,40.8413570002815],[-104.94803299985922,40.895541000219765],[-104.94312700005534,40.90340499981831],[-104.9433709995545,40.998212999806746],[-106.0611810004202,40.99699899993792],[-106.31421799959506,40.998923000059406],[-106.45571499969587,41.00211800011112],[-107.31779399966376,41.00291999985213],[-107.31336499988586,40.68655299969727],[-107.31415300025647,40.60028100002267],[-107.37148700038993,40.600302000031014],[-107.37132800038128,40.542398999824805],[-107.42881300012749,40.54220700015167],[-107.4285050001559,40.46976000032862],[-107.43206799974541,40.3348789999047],[-107.44259400010392,40.33475500020537]]]}},{"type":"Feature","properties":{"GEOID":"0807","NAME":"Congressional District 7","BASENAME":"7","STATE":"08","CD119":"07"},"geometry":{"type":"Polygon","coordinates":[[[-106.5972329997131,39.04482100011213],[-106.59951599973573,39.03378799984002],[-106.59437700030334,39.02995900031605],[-106.59169199969949,39.02492299997435],[-106.59492100027647,39.020808999655316],[-106.59445500012114,39.004185000340364],[-106.59921399961193,38.997994000241086],[-106.5955089997322,38.991277000085624],[-106.58616400010469,38.99281300016575],[-106.57716099988559,38.990444000038416],[-106.5698330001419,38.994480999898414],[-106.5661290000871,38.993792000320845],[-106.55988400026679,38.99852799997451],[-106.55421100000872,38.99871100019539],[-106.55072299986396,38.991700999682166],[-106.54676199989122,38.99107800000841],[-106.53417900036419,38.982291999718626],[-106.52838899993024,38.98072700017147],[-106.5244229999346,38.971092999983746],[-106.52186100025273,38.9686660002735],[-106.52349800019498,38.96483899981444],[-106.52851100012899,38.95988299970548],[-106.52668300039102,38.95541100033383],[-106.51987699998084,38.953968999651394],[-106.51573799973282,38.94866399971449],[-106.50716200020933,38.94609200033186],[-106.50531299965665,38.94440000020215],[-106.5058929996148,38.940928999826056],[-106.50437100019859,38.936848999746324],[-106.4907140000707,38.92968500031466],[-106.489938000294,38.92631599996499],[-106.48090499993768,38.918643000255265],[-106.47220899986525,38.915926999712504],[-106.46503199973432,38.91035400012929],[-106.46194100014792,38.91130299965811],[-106.45781100012074,38.91007799996329],[-106.45380800031519,38.912755000277535],[-106.44214999962949,38.91557399998424],[-106.43717500022862,38.91490599987317],[-106.43026199968833,38.92490899982622],[-106.42116099955999,38.92809300000634],[-106.41822700033241,38.92663000030781],[-106.41718000039404,38.92089799978746],[-106.4131659998195,38.91626800025177],[-106.40760200023969,38.914761999795566],[-106.40212399997527,38.91061699986133],[-106.39395900035551,38.91224899972699],[-106.39234400015457,38.91877500034101],[-106.38083600015501,38.92568499981832],[-106.37698200031235,38.92267399985219],[-106.37622200042918,38.90953900016648],[-106.37343999974094,38.90660800000557],[-106.36748199997582,38.906916999952266],[-106.36424499990125,38.91093599972742],[-106.35707299979316,38.91294500013835],[-106.3452409999285,38.90706699971297],[-106.33812800026998,38.90872000013036],[-106.3349840000818,38.91166600015124],[-106.3260989998635,38.911003999815925],[-106.32471999966413,38.90292899979504],[-106.32055500037517,38.8947080001741],[-106.32131299971022,38.892599000123674],[-106.32603899958906,38.88892699969975],[-106.32750499982707,38.88229699985972],[-106.33406500018997,38.88130899986154],[-106.33677900020781,38.874993999823424],[-106.33584699989717,38.872049000324736],[-106.34010900016882,38.87123399995065],[-106.34893800031062,38.86511199975337],[-106.34930300018361,38.85488700000899],[-106.35689100021828,38.85531800017642],[-106.36504400014248,38.85298499994323],[-106.36445800033658,38.84618499995337],[-106.37012599967348,38.84048499980892],[-106.37040100003308,38.838469000233914],[-106.37881900027115,38.836124999652554],[-106.38174699965093,38.83285699999247],[-106.38363200018861,38.824705000240215],[-106.39565200037426,38.822503000174684],[-106.4071319998864,38.829342000152685],[-106.41618199996115,38.824091999659636],[-106.41504499961108,38.81528200030444],[-106.4227260004305,38.808374999955454],[-106.41791099996492,38.80069100000065],[-106.41459000022473,38.799137999818406],[-106.41288100031247,38.79116099999069],[-106.41675900044454,38.78726799975216],[-106.41381600009784,38.77909299981401],[-106.41549800024593,38.77244099982242],[-106.41928000011856,38.766161000130644],[-106.41714299968581,38.76443499980412],[-106.41507899994627,38.75718400017915],[-106.41999200032116,38.75104499992643],[-106.41840100040967,38.74914999995618],[-106.41801100042234,38.74202800017638],[-106.4200500000475,38.73880499971122],[-106.41675199987355,38.73375599975592],[-106.41666499983491,38.72781399978847],[-106.42346700004713,38.72084699998943],[-106.42322199982475,38.716165999894685],[-106.4252749996936,38.71030699997677],[-106.43165599995633,38.70870800018211],[-106.44349299984387,38.70923099990571],[-106.45212600016711,38.69877699982957],[-106.4459590001646,38.68898799993877],[-106.44017600030166,38.68687000030148],[-106.43786099959367,38.68250000026167],[-106.43807200037918,38.6766349997397],[-106.43590700035733,38.67114999994453],[-106.43220900015031,38.667921000300844],[-106.42908800042667,38.6576199997154],[-106.42954500036116,38.65123500031123],[-106.41771699979616,38.64446100031919],[-106.40794399964814,38.64767900029685],[-106.40171899991931,38.64578300022735],[-106.40118900018989,38.63970200019969],[-106.3901640000641,38.64103400011434],[-106.38578799998965,38.638626999803016],[-106.37989899982149,38.63848300005722],[-106.38517399969629,38.632361999948955],[-106.38536799986507,38.624994999827],[-106.38006600022607,38.620416000101656],[-106.3745000000981,38.62085000022763],[-106.36419800004556,38.61449999968515],[-106.36469699981285,38.60588900010178],[-106.35931700035606,38.59939300023729],[-106.36102399972017,38.59448699994634],[-106.35129999997596,38.58349000006604],[-106.35341999979197,38.581466999832564],[-106.35167300024486,38.57690500032223],[-106.34461900013757,38.568564000090674],[-106.3468670000001,38.56510399998916],[-106.3466410000443,38.55886399989059],[-106.3535329997699,38.549973000079284],[-106.35539900004099,38.54255599982017],[-106.35370600002223,38.53922000011821],[-106.35418499969805,38.533384000305254],[-106.34713099959075,38.52876099977915],[-106.34259700023085,38.521536999846056],[-106.34370299972043,38.51746000016548],[-106.34810800010722,38.51249899965093],[-106.34422999997514,38.50458999996116],[-106.33930599972959,38.50121699990756],[-106.33630800002963,38.4966499998153],[-106.33040600034099,38.49372700003058],[-106.32722799981765,38.49758800016759],[-106.32010900031132,38.4976910000842],[-106.31775000012072,38.494877999936044],[-106.31146099991949,38.49487000030435],[-106.30398599986272,38.47776100001975],[-106.29033200010788,38.473253000298136],[-106.28853199995899,38.461372999804965],[-106.28060900018858,38.454336999998944],[-106.27265499955767,38.45519600034557],[-106.27224700002701,38.4487759998699],[-106.27411900014587,38.44688599986737],[-106.26607099980367,38.44173500026732],[-106.26133300022927,38.4423549996994],[-106.24536299994153,38.43917100017164],[-106.24948399974787,38.43324400026847],[-106.24693999960934,38.422767999780596],[-106.10571299984522,38.42217599984425],[-106.07653499986648,38.423652000192504],[-106.06935400043591,38.430180000217476],[-106.0701219998167,38.43234300003842],[-106.06640199986836,38.433795999886456],[-106.05814799966181,38.444248000194364],[-106.05887699958286,38.448097000174954],[-106.06224400025211,38.45033000029555],[-106.05857100015945,38.45694500019728],[-106.05207400044407,38.45422099980381],[-106.04277099975101,38.458266999988346],[-106.03092100034301,38.45354700034113],[-106.01865500011007,38.45418799976274],[-106.01691699988548,38.451795999671305],[-106.01768000014172,38.448693000339034],[-106.01075099970788,38.446565999966396],[-106.01253099976529,38.44497000005581],[-106.01230700035761,38.438944999894446],[-106.0074769998234,38.43314999982632],[-106.0015630004392,38.43111000021013],[-106.00071499979414,38.42529300027518],[-105.9967680000651,38.42030299988833],[-105.98730799991151,38.418801999670755],[-105.98395000036143,38.419989999772106],[-105.97338899984281,38.40945899972265],[-105.96793300021801,38.408771999772036],[-105.96066900004843,38.40309500032957],[-105.95949499988845,38.39709499987067],[-105.95566799981,38.394437000317],[-105.95065400005107,38.39373300015889],[-105.94760600012239,38.39052600030021],[-105.9446369998364,38.37863799969496],[-105.93135999965014,38.36979100019751],[-105.91985099982566,38.36715599978713],[-105.91798899975251,38.36342100028129],[-105.91248899974678,38.36153900012284],[-105.90844699958318,38.35447800028596],[-105.9019780003552,38.35247900031714],[-105.89363999958475,38.346559000005996],[-105.89257400027812,38.343342000346496],[-105.88876599956792,38.34081099994894],[-105.88875999972012,38.33436000019505],[-105.88514199987904,38.328889999950874],[-105.88224700011122,38.32749199968925],[-105.87637600038472,38.31595099977872],[-105.873910000064,38.31514200034988],[-105.87200799980789,38.31083500013645],[-105.86681699959865,38.305700000034946],[-105.86162299991469,38.30342200007514],[-105.85831499969498,38.29835899988759],[-105.85017600001447,38.294455999735355],[-105.84662900031852,38.29028700022345],[-105.84277999960044,38.293226000190415],[-105.84082999966373,38.292459999981574],[-105.83720199977691,38.2884109999621],[-105.83168300040292,38.28616299974003],[-105.82712300020545,38.278568000146095],[-105.8193820000099,38.27364700013216],[-105.80001300016417,38.269921999935825],[-105.79685499973232,38.26632599997731],[-105.7956649996788,38.26013900001979],[-105.78914299984908,38.25182400007947],[-105.78976100034036,38.24435999994818],[-105.78788699967333,38.24205599979291],[-105.75943799961563,38.22856599973593],[-105.75653899964986,38.22495999983932],[-105.75602599963888,38.21812699971888],[-105.7505630003414,38.214212999962534],[-105.74480600041773,38.21460300027079],[-105.74069800013186,38.2102829998771],[-105.73631799985944,38.209230999916095],[-105.73298000040086,38.20098600015198],[-105.72701900026269,38.19970499998343],[-105.71600099980957,38.185210999718656],[-105.70830999984271,38.18186000012696],[-105.69919700001878,38.16797299985342],[-105.6932149999642,38.165737999763195],[-105.68683799989944,38.16684500015726],[-105.68078200022502,38.160501999933786],[-105.67304199985436,38.15912600020639],[-105.67016899982785,38.15309700002115],[-105.67270100027083,38.14832099966482],[-105.67627899992897,38.145857999765006],[-105.67254700028505,38.140219999886774],[-105.67339500003179,38.137395999855],[-105.66971199989337,38.130911000251835],[-105.67021499985862,38.12855400008213],[-105.66501399960364,38.12428300012216],[-105.6626539995881,38.119158000250316],[-105.65766300029372,38.1174539997129],[-105.66133999968604,38.11149800026344],[-105.66135999977755,38.10050099992831],[-105.65557899956443,38.09548999970025],[-105.65529599970722,38.09134299968265],[-105.63691799972335,38.076173999693076],[-105.63617399973369,38.071358000175906],[-105.63208800008746,38.06835200003304],[-105.6272059996747,38.067310000271284],[-105.62596200009285,38.061160999906704],[-105.62820599975743,38.05742100026945],[-105.61780699962053,38.05325999978242],[-105.6179959997664,38.04726100003246],[-105.61495700005854,38.04366200021603],[-105.61324599959813,38.03808500026855],[-105.60885399963013,38.03495300015445],[-105.60938000005991,38.03233800030295],[-105.603156000156,38.03096799996052],[-105.60311400032322,38.02714400021526],[-105.59869800006578,38.02264899986843],[-105.59703900038222,38.0132180001891],[-105.60435500043035,38.00874499968877],[-105.60463599973943,38.005013999829956],[-105.60059600012396,38.0022740001111],[-105.59841299966044,37.99702099979963],[-105.59589199998642,37.996369999961374],[-105.59207099975576,37.99214800007863],[-105.58815599981375,37.98668899987365],[-105.58590999960104,37.979686999864455],[-105.58319099956034,37.9799780002827],[-105.58185499991696,37.977971999714946],[-105.58152199983103,37.97522499979224],[-105.58505400035669,37.970451000277734],[-105.58446199980467,37.96785500024564],[-105.58261599962505,37.96593400001999],[-105.5776760003843,37.96553600004827],[-105.5706919996989,37.95826600027254],[-105.56031100000364,37.95188599978057],[-105.5518259998184,37.95058400031435],[-105.55010100001262,37.95387100008622],[-105.54273700028392,37.95650999970084],[-105.53331499976518,37.95518199993023],[-105.53037800016457,37.95336300026906],[-105.51459100017495,37.93992999977698],[-105.51108600031175,37.93913100028896],[-105.50836399989798,37.93609399978075],[-105.50311599978734,37.923725000179175],[-105.49114500000549,37.91522499995182],[-105.4881449997574,37.90984499980473],[-105.48260399974379,37.905004000006144],[-105.47835099969296,37.90334900021322],[-105.47887499957461,37.90050499975737],[-105.4730099996959,37.895696000017054],[-105.45923499956724,37.89716900013574],[-105.4523599995601,37.895680999950834],[-105.44027199960239,37.897461000170615],[-105.43197200026341,37.895166999852734],[-105.42415099970192,37.890173000129394],[-105.41363500028746,37.89052699971471],[-105.39479199997321,37.901366000305615],[-105.37708799965884,37.91610199989188],[-105.3637789996855,37.92206999987557],[-105.34720900024644,37.92475900011375],[-105.33170199974096,37.93580100033904],[-105.32452600033326,37.938433999972844],[-105.31708100041371,37.93894899998004],[-105.30657400032175,37.93229199987485],[-105.30054100021356,37.9230850000747],[-105.30165900029704,37.91811900019027],[-105.30025400015839,37.91248799994391],[-105.29668099962483,37.908761999750226],[-105.29240699965762,37.90862500020038],[-105.2910400000521,37.90389700002602],[-105.28673599994767,37.9001939998847],[-105.28322400041179,37.89999299968497],[-105.27381799978659,37.907676999900616],[-105.27341799975349,37.9107159998783],[-105.26184199998188,37.925637000291026],[-105.2639419997064,37.93205899983938],[-105.26154900007893,37.93716799989346],[-105.25754600027335,37.93813099976137],[-105.25676399975053,37.94255499989728],[-105.24974200032862,37.951521000075715],[-105.24179899956837,37.95380900018521],[-105.2380960002368,37.95685100013596],[-105.23993300019559,37.96039300031534],[-105.23855999984399,37.9628399997776],[-105.22941799970772,37.9652449997393],[-105.226261999824,37.963898000282164],[-105.22313600007749,37.96880400009277],[-105.21536599956961,37.97051999981189],[-105.21650499956951,37.97537799983621],[-105.21310900038458,37.977330999870546],[-105.21398600044363,37.98080899986214],[-105.20670200018257,37.982276000117615],[-105.20606799979775,37.989668000076065],[-105.19881399967393,37.990180999788215],[-105.19707299997461,37.99241599988022],[-105.2000439999104,38.000834999738046],[-105.19458599973747,38.00756000018559],[-105.18100599960248,38.01559499970996],[-105.16865200040432,38.01894600011575],[-105.16110100017956,38.01586600023321],[-105.1479689997582,38.006238999870796],[-105.15319900032551,38.00078400022695],[-105.15249100032086,37.992113000048086],[-105.14796499956027,37.98684099967381],[-105.14124100006416,37.98685999980369],[-105.13941900017397,37.9848410003319],[-105.1421449998874,37.97979900003794],[-105.13134800026553,37.973455999704726],[-105.13133499984676,37.97118799967705],[-105.13594899957256,37.966357999648594],[-105.133408999632,37.96303900025726],[-105.12790899962629,37.96259199968849],[-105.12641099960122,37.96075000004222],[-105.12690600006884,37.955134000274015],[-105.12503999979774,37.953239999723706],[-105.12597499958311,37.95116999986786],[-105.12261200001016,37.949176999891236],[-105.11716300005807,37.949140999688446],[-105.1085070001686,37.943398999782616],[-105.08801100001857,37.948588000043884],[-105.08405699971853,37.95559399982094],[-105.07780000020264,37.95296399999636],[-105.07424400028584,37.9485129997677],[-105.06605600020153,37.9442089999762],[-105.06642500027249,37.938525000112826],[-105.06357200033744,37.935001000185764],[-105.0637370001939,37.92926900003781],[-105.0663010004239,37.92504800026503],[-105.06421099984682,37.917906000082624],[-105.06149699982898,37.91606099996933],[-105.05430700017756,37.917508999945895],[-105.0499169998594,37.915479000297374],[-105.0506779995675,38.11382400032216],[-105.04828699958982,38.12777300033797],[-105.04921499970253,38.257973000130946],[-104.94036600018184,38.25827500013228],[-104.94252799983063,38.6249929996764],[-104.9422290000799,38.69626799996015],[-104.93971500007859,38.696319000023465],[-104.93896100004316,38.710524000099724],[-104.93986900006436,38.796543000227565],[-104.94877500019908,38.798559000333974],[-105.01555000021955,38.79782100004844],[-105.07218399984598,38.79938200023927],[-105.07237100034203,38.811086999890755],[-105.066441000166,38.869177000168584],[-105.02863300023708,38.86873000024386],[-105.02734199990122,38.930811000247225],[-105.01826199968924,38.93105699988519],[-105.01828799962853,38.92689199977949],[-105.00924199975175,38.92713699969027],[-105.0089220000846,38.92926899990391],[-105.00895499969656,38.93439499988792],[-105.01366100038221,38.93429600033012],[-105.01340500028917,38.94140300011933],[-105.0272120002049,38.941615000023795],[-105.02730000006844,38.985375000176866],[-105.02994499959101,38.99963200017619],[-105.02713900040997,39.02895400033875],[-105.03347299991871,39.129782999872006],[-105.32944499965761,39.12948699983882],[-105.32196200010324,39.13696699975896],[-105.32306900031605,39.145595999681895],[-105.31563400044223,39.14580099982914],[-105.31549100032711,39.15452499969548],[-105.31326500020587,39.15660900031171],[-105.31348000029105,39.15984299973749],[-105.30796199984367,39.16534000007115],[-105.30489200017367,39.16405700001972],[-105.30043200043362,39.1672269998218],[-105.30197899996419,39.169290999657726],[-105.29943999984852,39.172528999890346],[-105.29382299966693,39.17312999998775],[-105.29474800030488,39.174838000219786],[-105.28767099973304,39.17855399974033],[-105.28737500035535,39.181559999773356],[-105.28927400023842,39.183889000101125],[-105.28613400024823,39.18653899999425],[-105.28509999983034,39.19458799976702],[-105.2823509996524,39.20109599980964],[-105.27807900023332,39.20222999997746],[-105.27559700001905,39.207625999746234],[-105.26951899970501,39.20941900023806],[-105.2631940004171,39.208004999889],[-105.25988899967213,39.2106069998232],[-105.26153099963726,39.21446099971744],[-105.2605769995853,39.21685499965467],[-105.26343200006846,39.22096399973386],[-105.26121500016806,39.222879000009954],[-105.26146799988807,39.22627899969195],[-105.26359299972695,39.22892799984835],[-105.25555100013082,39.23573500025744],[-105.25347200032269,39.24331400017269],[-105.24657200020118,39.240072000178486],[-105.24055900018448,39.24405699975417],[-105.23579899997047,39.243954999887244],[-105.23393799972223,39.24686799977495],[-105.23495200004864,39.249491000339276],[-105.23770100022658,39.250673999730324],[-105.23435399964883,39.2519790002697],[-105.23439300000689,39.25530700019407],[-105.22786899962904,39.25385100018625],[-105.22668100012365,39.25650199976435],[-105.22344300022417,39.25615400019001],[-105.22510500028076,39.260525000313756],[-105.21959799970402,39.25964100032567],[-105.21703900039522,39.26092800032196],[-105.220559000327,39.269173999997385],[-105.21542400019426,39.272482999673095],[-105.21750700020034,39.27459599992015],[-105.21554100037014,39.27663599969552],[-105.21638599974382,39.27761800012522],[-105.21139100025148,39.280734000119104],[-105.21247300034995,39.28448399994212],[-105.2080420000239,39.28961199972834],[-105.20856500008063,39.29116899976426],[-105.20553100039565,39.29168099987228],[-105.20682199983317,39.293812999681755],[-105.20247900026898,39.29358300029114],[-105.20768100034888,39.29819399995323],[-105.20497900002658,39.29979799973445],[-105.20112900038193,39.29927000009895],[-105.20021200013989,39.30202899996571],[-105.19600000009696,39.30208200031078],[-105.19799699988931,39.3053549998862],[-105.1966799996142,39.308543999753866],[-105.19845800002176,39.30997200024765],[-105.19271299979367,39.31259199966259],[-105.18871300036115,39.31713300025511],[-105.1888139997452,39.321153000234474],[-105.18548600033232,39.32440499993355],[-105.18808599964905,39.32802400003213],[-105.18188600003458,39.330384000069905],[-105.18778299970033,39.33422099981043],[-105.18424799969992,39.33526800011201],[-105.18214399977744,39.33858799989425],[-105.1792330001161,39.33986000013399],[-105.17953299969174,39.34301300006429],[-105.17654599986243,39.34690400008417],[-105.17735000012655,39.349380999748334],[-105.17212899978009,39.35301299972488],[-105.17184900029592,39.35676000017229],[-105.16764800012365,39.35915900025513],[-105.1665740004211,39.36175399973733],[-105.16919499965421,39.36870199983555],[-105.16714099996045,39.37174699992642],[-105.16777600017016,39.37417699991842],[-105.17016499959969,39.37451800004722],[-105.17299699961832,39.377721999969104],[-105.16961499977877,39.38068200012086],[-105.17350600032965,39.38342399991258],[-105.1699679999562,39.38909599994903],[-105.16403299975728,39.39145400007423],[-105.16725800013631,39.3943080000013],[-105.1671939996639,39.399752999781626],[-105.16971400041129,39.40214299971979],[-105.17096300001603,39.40782499985243],[-105.16614099987774,39.40863400012233],[-105.16029299971747,39.414240999981544],[-105.15495599991837,39.4139529998329],[-105.14435799958983,39.41904700015791],[-105.12347099962756,39.43431300026408],[-105.1261439996375,39.44018700028269],[-105.12278799973726,39.448044000248984],[-105.12393699978287,39.454509999925804],[-105.13252900009822,39.461248000251025],[-105.13262500035768,39.46790800016656],[-105.13493099994653,39.470952000284264],[-105.12182299981463,39.48130400016826],[-105.11902599995612,39.48012400033234],[-105.11627599995325,39.48145100031024],[-105.11583099971432,39.48272599986998],[-105.11816300014075,39.48290100002453],[-105.11764599993181,39.48539199978655],[-105.11509299957244,39.48597600032073],[-105.11068499971094,39.48355300005974],[-105.09870700025641,39.48539399997961],[-105.09252299963715,39.48839200001941],[-105.08588000033191,39.4942599997696],[-105.08725699998317,39.4965719998279],[-105.08458800017117,39.50174099978923],[-105.08466500016405,39.506585000207686],[-105.07827499968047,39.5115780001457],[-105.07927899996115,39.52522600019506],[-105.07718699973422,39.52702700024704],[-105.07590600034246,39.53288599998918],[-105.07766799995818,39.53662900031122],[-105.07304500001149,39.54526499997788],[-105.0886959995587,39.54633299968091],[-105.09346099979558,39.53629799995383],[-105.11101000029926,39.53617300001109],[-105.11100699992622,39.54714600012024],[-105.10689000031785,39.54715899986499],[-105.11746400035693,39.553138000159805],[-105.1306979999872,39.55075300026468],[-105.13379199994667,39.55266299987129],[-105.14390900005125,39.56704899973105],[-105.14526999980899,39.57593099992936],[-105.15568599966434,39.59106500017579],[-105.15733100000251,39.59804699977351],[-105.1552120000114,39.601169999683066],[-105.15245699998567,39.60156500008684],[-105.14595299969928,39.589752999892895],[-105.13558799989757,39.58915600008669],[-105.1194970001343,39.593839000139994],[-105.11017199969996,39.59304400032911],[-105.10997500005645,39.60973399997861],[-105.05362500011218,39.60966500021891],[-105.05376300020441,39.614272999988835],[-105.0574849998026,39.61536400011658],[-105.05807999982933,39.6175029998188],[-105.05812500003518,39.61440900000539],[-105.0970100000397,39.61431100024426],[-105.09702900030626,39.61836199971267],[-105.06514099960931,39.61858199996126],[-105.06566200001625,39.620600000054985],[-105.07611600040472,39.62422499991565],[-105.07451700009732,39.62422700026112],[-105.08095199988841,39.63132700021951],[-105.08371199993701,39.63132700021951],[-105.08373500040156,39.6301550001502],[-105.08169300040333,39.630149000319534],[-105.08173000021327,39.62731300020778],[-105.08557999985794,39.628526999802595],[-105.0856259998887,39.62610699985059],[-105.09116400042758,39.62708099984543],[-105.09125599959076,39.62419799974342],[-105.10750299988794,39.62421799974389],[-105.10749600021525,39.62709300003836],[-105.10992400000283,39.62716000015456],[-105.10987499959903,39.63507199983037],[-105.09110300032822,39.63508299965915],[-105.09109999995515,39.63871900029317],[-105.0816759997866,39.638759000194604],[-105.08156500035682,39.636166000339905],[-105.07330699995232,39.63656300029635],[-105.0732709999673,39.63873999986383],[-105.07677300035576,39.63935299967467],[-105.0720449999288,39.645984000135705],[-105.06322300035801,39.645991999692505],[-105.06319700041873,39.64962599990428],[-105.05358099973125,39.65115999996126],[-105.05803100032385,39.65295900004591],[-105.05805899991294,39.65125099989744],[-105.06259800019401,39.65151299969856],[-105.06392399979163,39.649565999788415],[-105.07083300013399,39.64957899969114],[-105.0674899997542,39.652490999989496],[-105.06728800008784,39.65687899995397],[-105.0701440003959,39.65687399972167],[-105.07001600034938,39.65907099987721],[-105.07197299995877,39.660023999718916],[-105.07667600027136,39.65931200023602],[-105.07916299961019,39.66204099980658],[-105.08145300020384,39.66205600007254],[-105.0814570004018,39.66857699971824],[-105.08134799972353,39.6701329998731],[-105.07667000042359,39.66906100010669],[-105.07495099956726,39.67048499966735],[-105.07199700024822,39.669344000118706],[-105.07199100040044,39.66776300018792],[-105.05325600004122,39.667784999815375],[-105.05325100001834,39.67503700008034],[-105.06262199958515,39.67500800012544],[-105.06261999993532,39.67927999999556],[-105.06033500026288,39.67795400020983],[-105.05779399959908,39.6786969997615],[-105.05779699997213,39.68227200014507],[-105.05319099974389,39.682396999995966],[-105.0532269997289,39.733109999760835],[-105.05558799956933,39.73310500021184],[-105.0555909999424,39.73450800021741],[-105.05322799955383,39.734921999779395],[-105.05318300024628,39.78379700025484],[-105.06265900029337,39.78384699967148],[-105.0626530004456,39.78833999984125],[-105.06499199964642,39.78835899973607],[-105.06500500006521,39.79032099968406],[-105.05324599999547,39.79106300021121],[-105.05288600014535,39.80086299998656],[-105.04049900043694,39.80287400015974],[-105.04154200017733,39.80452499965528],[-105.0500239999895,39.80302300018457],[-105.04401799964549,39.80435399988424],[-105.04401799964549,39.817438999917904],[-105.05327000028491,39.820027999979935],[-105.05289199999314,39.91422399993791],[-105.03434699960474,39.91418099999428],[-105.03440000020647,39.92137099975603],[-105.02354800033305,39.92131699983413],[-105.02354499996001,39.919224999703374],[-105.02155200036559,39.91920699985899],[-105.02153599957377,39.92135899977705],[-105.01546900002867,39.92130899984207],[-105.01565700034966,39.943131000030554],[-104.99702499992262,39.943238999853655],[-104.99705599988474,39.9467719998192],[-105.00626499996817,39.946805000246165],[-105.00629799958011,39.95043899997015],[-105.01253300025299,39.95034400013444],[-105.01685599972569,39.95284199997477],[-105.01556500028816,39.9551879999673],[-105.01569099978654,39.97043699975974],[-105.01341699998474,39.97046500028163],[-105.01340899958882,39.97226499972786],[-105.01572199974868,39.97227600013182],[-105.01584499977233,39.981193000198594],[-104.99742300030586,39.98121299988333],[-104.99739800019151,39.97842000014649],[-104.99947399962659,39.97758199990213],[-104.99737899992492,39.97578500007144],[-104.99725000005351,39.96852900002543],[-104.98810799991726,39.9684679998016],[-104.98810799991726,39.97217499998643],[-104.9970650001056,39.97214900005431],[-104.9970800001742,39.97395399983562],[-104.99438000040004,39.97395300026161],[-104.9944110003622,39.9758030001799],[-104.98778400005216,39.975745999820155],[-104.98758099966255,39.987113000246566],[-104.98094400020511,40.00032499979456],[-104.96140499958175,40.000336999686176],[-104.96107099967092,40.044144000059006],[-104.97924199996552,40.04375800014536],[-104.98006299994809,40.02932499998291],[-104.98650000028732,40.02930899981369],[-104.98654299994504,40.02579899983045],[-104.99900699964635,40.025776000245855],[-104.99900499999653,40.023508999730055],[-104.9967420000654,40.023508999730055],[-104.99678399989818,40.020820000159716],[-104.99901300039247,40.02062699981834],[-104.9957920002114,40.02036099983621],[-104.99906500027099,40.01488700029504],[-104.98961400033825,40.01488999997229],[-104.98964699995021,40.00767899993082],[-105.00799499979684,40.00758099982455],[-105.00841300027156,40.00412299988502],[-105.01033100042122,40.00425999996179],[-105.0103360004441,40.00308599967488],[-105.00793299987257,40.00298700001897],[-105.00790600010836,40.00048300003365],[-105.05282300039617,40.00026000023027],[-105.0527969995586,39.97767399982329],[-105.05855299965735,39.97526000032907],[-105.0577469997434,39.96863600002693],[-105.05282800041905,39.965891999953975],[-105.0528889996201,39.957826000236146],[-105.07193699997376,39.95793800019298],[-105.07189900033893,39.950198000064404],[-105.07656800031634,39.95053800002831],[-105.07663699991332,39.94332899980558],[-105.09107200036607,39.943281000121466],[-105.09085300008294,39.936050999818114],[-105.10923600008967,39.936135000197794],[-105.11365700036997,39.93144000032853],[-105.10940900034201,39.925859000103465],[-105.11877400006104,39.93379600021757],[-105.11856200034893,39.94332299967476],[-105.10935300026553,39.9433359999576],[-105.10933300017405,39.95063999968793],[-105.12051399993544,39.950527000258475],[-105.12194300036357,39.95416000002324],[-105.12800200041103,39.95417300031261],[-105.12816499971933,39.93961800022175],[-105.13757800001724,39.93971199972515],[-105.13760399995651,39.928930999720585],[-105.14704099964554,39.928937999967715],[-105.14714299975279,39.91388900025592],[-105.23893300011288,39.914367000325356],[-105.24111400002826,39.90640600003264],[-105.24026499955829,39.86590899991226],[-105.24991600040588,39.8668169998483],[-105.27476699981567,39.87739100002127],[-105.29207000027203,39.87950499987657],[-105.30381400027315,39.884160999904935],[-105.30366600013515,39.875705000244004],[-105.29446799992239,39.8764320001929],[-105.29417300036963,39.86992400007199],[-105.29685600042532,39.866567000048725],[-105.29446700009748,39.865367999694904],[-105.29246000025938,39.86016899992023],[-105.29032899967441,39.86258399976182],[-105.28466999966001,39.859950999704104],[-105.28248100024705,39.855432999732066],[-105.28386899976896,39.85441399992529],[-105.27595500021935,39.849439999827936],[-105.27607300022011,39.8433990001667],[-105.28924599975102,39.85154799978945],[-105.29068500022488,39.851235999661576],[-105.29010100006877,39.849879000156974],[-105.29402799970633,39.849027999978574],[-105.29815400043387,39.85052800023842],[-105.3001269999368,39.853834999973024],[-105.30473099961687,39.854703000170296],[-105.30505200000722,39.85116599983156],[-105.30691800027834,39.852895999736106],[-105.31435099960402,39.85217199992872],[-105.31489299992732,39.853676000256854],[-105.32075000030841,39.850660999780196],[-105.32684299979275,39.852620999698054],[-105.3264090003228,39.85491199972523],[-105.33173299970312,39.855431999805965],[-105.33295799991673,39.85422399985526],[-105.33138999957144,39.85307099993895],[-105.33429699993313,39.852472000310634],[-105.33884399971181,39.85344300008987],[-105.34558999984753,39.85036799975849],[-105.35208599973798,39.85153699997928],[-105.35663800043787,39.84712300008841],[-105.36248499987492,39.84802400008179],[-105.37782900017378,39.846179000149746],[-105.39794799985692,39.84094000000537],[-105.39894899976454,39.56605599987691],[-105.50029200016463,39.56613499987407],[-105.58798599993443,39.56819700030339],[-105.72160100027273,39.56526899975938],[-105.82966200032111,39.56486500025101],[-105.82577099977023,39.55567799977357],[-105.82233700005216,39.55301199990879],[-105.8158069998265,39.55197599994307],[-105.81630800014193,39.54814999966729],[-105.81892800044845,39.54581500025496],[-105.81763100026481,39.53830999993525],[-105.82292500040624,39.52993099976265],[-105.83001600032343,39.53204300009261],[-105.84432899967912,39.525992000230865],[-105.84537700034073,39.523749999882135],[-105.8545620001347,39.52786799971683],[-105.8577320002621,39.532058000130895],[-105.85950700029665,39.53153599966356],[-105.8647009999806,39.52211499996443],[-105.86806500027679,39.51948999973719],[-105.86688899956867,39.51670200010259],[-105.85994699961437,39.51214800028505],[-105.85945700006792,39.5092250002988],[-105.853886999742,39.5045059998748],[-105.86039500022635,39.50470999991415],[-105.86412799969517,39.501623000105624],[-105.86658399997015,39.494351000006745],[-105.8711130002055,39.495005999661934],[-105.87471400032813,39.493520999701715],[-105.8784850003301,39.48936899989863],[-105.87908700002954,39.48376699970021],[-105.89222500029865,39.484029000112926],[-105.89266600033963,39.479998000004834],[-105.89472500005627,39.47751699982362],[-105.89732699992112,39.47713700019964],[-105.89688599988015,39.47520599981993],[-105.90161199975898,39.46961899987473],[-105.90183500024006,39.464248000151564],[-105.90595900041944,39.45965699992352],[-105.91163699980208,39.456736000143245],[-105.91484499956434,39.45837599981048],[-105.92667399995426,39.45941699990055],[-105.93866300017777,39.45849799991214],[-105.94216999969076,39.45277299971259],[-105.94185300039669,39.448246000270935],[-105.94369799985307,39.44618299976374],[-105.94415499978757,39.44091000019217],[-105.95454499970364,39.438359000231486],[-105.96175199997182,39.44009100002679],[-105.96604299965746,39.438782000022286],[-105.96449899960162,39.4328120002916],[-105.96072599994984,39.42901800010794],[-105.95483699978168,39.426219999774126],[-105.95532800005138,39.42198700009271],[-105.95186699967081,39.41433799984329],[-105.97686699994179,39.40856999967242],[-105.98192300043183,39.405974000017494],[-105.98501800021619,39.40166699985885],[-105.99285599959782,39.40185899990781],[-105.99664800041448,39.39442399976381],[-106.00333900029864,39.39176600000575],[-106.00840099973811,39.38735599965857],[-106.01385100041344,39.386897999703024],[-106.01813999955095,39.38180499970212],[-106.01679399986183,39.37498800004855],[-106.01761900004234,39.36550300031009],[-106.0219659998045,39.36171299970872],[-106.03471699956101,39.35837599995261],[-106.04392599964442,39.35737799990877],[-106.05609599961788,39.358431000342954],[-106.07419199956941,39.36862999995334],[-106.08024099957112,39.37043499979603],[-106.08120700021696,39.36919900019986],[-106.0856319997969,39.369722999704265],[-106.0972059999187,39.37798699988332],[-106.11845899957888,39.37651600003674],[-106.1364120003136,39.379694000290634],[-106.22562699967469,39.3796299996732],[-106.22689799991905,39.37416499972678],[-106.23392500026219,39.372936000017425],[-106.2395170003294,39.365666999715],[-106.25015400011769,39.36070100008161],[-106.25097599992515,39.357631999876396],[-106.25907500032099,39.3620120002968],[-106.26382200011624,39.35876899973251],[-106.27095400004131,39.358073999904285],[-106.28381199992795,39.34946900015096],[-106.28569200044278,39.35212799993826],[-106.29530900005686,39.352935999724],[-106.29631400016244,39.357334999691616],[-106.30255700033292,39.36111900013465],[-106.31159700036193,39.36221999970948],[-106.32122200037195,39.359269999931044],[-106.33925200020123,39.35906399972292],[-106.35174199984183,39.353682999858435],[-106.35802199982224,39.355140000290945],[-106.36264300011909,39.35721699970268],[-106.36446599983417,39.35997200010352],[-106.37082000033273,39.36063700011191],[-106.37197500022613,39.36370799977357],[-106.37820199960477,39.36940100027312],[-106.38063299976541,39.37615000031705],[-106.40007299975623,39.381007999737285],[-106.40392499994907,39.37984800023399],[-106.41478500021842,39.36749000002778],[-106.42815399956788,39.36089200018523],[-106.43348000039465,39.35417400005182],[-106.43493099966575,39.34109899981387],[-106.43228199994525,39.33595600021533],[-106.42845099966881,39.33513100028392],[-106.42952400044477,39.333710000150624],[-106.42694699979596,39.323355000307544],[-106.43246000022046,39.316352999877374],[-106.43977100024573,39.31732099966922],[-106.44405299971052,39.31521800030892],[-106.45065200043149,39.3166979997404],[-106.45421900021893,39.31225900010985],[-106.45972800044548,39.313005999864544],[-106.46586199993772,39.31146100019241],[-106.46827200018194,39.307315000259756],[-106.47335600026105,39.30884299983452],[-106.4762240002647,39.31474799990338],[-106.48410400037741,39.31292999971896],[-106.49184999969754,39.30661999968271],[-106.49251500004449,39.30399600012249],[-106.49989800003976,39.3014829998848],[-106.5026899998754,39.29806699984881],[-106.50403100043997,39.284760999787174],[-106.4985439999547,39.27932499974317],[-106.49363200030305,39.277980000132374],[-106.48982899961572,39.27313999999019],[-106.48295399960857,39.272441000122846],[-106.48407000004222,39.265395999962486],[-106.48105999974838,39.25988799983866],[-106.48825100012303,39.249263999789974],[-106.49764900035231,39.242022000171474],[-106.4987399997733,39.234931000294466],[-106.48971099961496,39.2279770001295],[-106.49215400036947,39.22567899968081],[-106.49180799986473,39.220812000036155],[-106.49386900012952,39.2193170002973],[-106.49294299966668,39.215858000039816],[-106.49495399970273,39.20854100002641],[-106.4936490000215,39.19832600029694],[-106.49817200040904,39.19270099978316],[-106.49960699978662,39.18384800031116],[-106.50264899986753,39.18041899995404],[-106.5082080003228,39.1780489998703],[-106.51000000007575,39.17465300019132],[-106.50843599992842,39.16776999987699],[-106.51107700015135,39.16353199965575],[-106.52094200036088,39.15735299967615],[-106.535138000439,39.16314600000761],[-106.53611199968414,39.159437000117315],[-106.53809900032907,39.15801199971535],[-106.55167699991593,39.16146500013653],[-106.55718600014247,39.15671000002314],[-106.56126500011601,39.155677000078086],[-106.56263099989663,39.15194699969418],[-106.55867900014468,39.14384699988629],[-106.55950000012724,39.13968400024903],[-106.56468299994057,39.13293999995797],[-106.56041399999623,39.128447999729715],[-106.55817100015656,39.120223000200866],[-106.56498599988927,39.11400700002578],[-106.56332100035793,39.10726800021217],[-106.57016100020496,39.103515000273795],[-106.5746550002802,39.104278000227666],[-106.58031099992154,39.10216399995626],[-106.58615700043198,39.09404999995999],[-106.58633800018195,39.08774299977878],[-106.58491600032485,39.08482999985729],[-106.57707600039511,39.07943700022691],[-106.57952400027418,39.07557400033515],[-106.57758699985796,39.07275799989772],[-106.57755099987294,39.053209999829576],[-106.5807300002212,39.04871700020025],[-106.58424500013011,39.04718700005629],[-106.5972329997131,39.04482100011213]]]}}]}