{"type":"FeatureCollection","features":[{"type":"Feature","properties":{"GEOID":"2103","NAME":"Congressional District 3","BASENAME":"3","STATE":"21","CD119":"03"},"geometry":{"type":"Polygon","coordinates":[[[-85.94650899964513,38.00522800029667],[-85.94504400013032,38.00242600018],[-85.93505500007224,37.997341999860105],[-85.93301499972388,37.99770300007344],[-85.92412399965777,38.00758000003745],[-85.91971400014643,38.01039699997812],[-85.91796199967814,38.00906000012409],[-85.91398599963676,38.01065099975322],[-85.91541199969183,38.014254999695424],[-85.91278899991057,38.02065200025384],[-85.90964200024769,38.0197759998821],[-85.9100659996719,38.02303299968191],[-85.9070880000634,38.02253700001553],[-85.90649800005951,38.02013400015533],[-85.90512800008096,38.02249999976745],[-85.90656699965649,38.02475400011709],[-85.90417200037919,38.02674499980116],[-85.90438599974112,38.02884300022275],[-85.89734500005261,38.02980900013913],[-85.88349200010613,38.03758199972193],[-85.88237200037283,38.04087900028044],[-85.71257799965196,38.08731099971956],[-85.56714499969273,38.07474299970321],[-85.56556300000207,38.080996000026865],[-85.57084399972467,38.0843790000509],[-85.57702900016884,38.08019500032],[-85.5785399997144,38.084283999900975],[-85.57577999966577,38.08906499978028],[-85.57843699978223,38.092684999673146],[-85.57793600036513,38.09482199991366],[-85.57389800039948,38.10007000002313],[-85.56665299959815,38.10060100018426],[-85.56737800021955,38.10257100015504],[-85.56547900033648,38.102858000118104],[-85.56968999965619,38.11633099998368],[-85.57174099987523,38.11608299968541],[-85.57336899959665,38.12138700020581],[-85.57771200005914,38.12229900010378],[-85.57461300007682,38.12541000026988],[-85.57960599991934,38.13414499979075],[-85.55066300011723,38.13416700002751],[-85.54805500040459,38.13838600011486],[-85.56130699957822,38.143067999905576],[-85.54158700010322,38.14842100014182],[-85.5237170001075,38.16226599976128],[-85.51988800037921,38.16792200026273],[-85.52136600031281,38.168370000335976],[-85.51601699991981,38.17555100005065],[-85.50923899999705,38.18039199989082],[-85.50549499975925,38.22261599970568],[-85.49375699960594,38.22225599994359],[-85.49730699967496,38.23250200024223],[-85.49688300025075,38.23590700002348],[-85.49352599962725,38.240534999890336],[-85.50365100012777,38.24201299998175],[-85.50088199985834,38.27003800033737],[-85.49048100007161,38.27406600018566],[-85.48585300010207,38.28324800016232],[-85.48059300029585,38.288166999906466],[-85.47625300020643,38.28969499976567],[-85.56132199964681,38.337123999666275],[-85.57472600005472,38.33397699985952],[-85.5852719996064,38.33943100021601],[-85.56941299964674,38.34175199969557],[-85.63781700011187,38.38023899976026],[-85.63938499955883,38.36110599993121],[-85.65226400026016,38.328791999955534],[-85.67022100029455,38.3082669999412],[-85.67376200014273,38.30224700013984],[-85.68345099972684,38.29559799982106],[-85.74347499958873,38.2672940002924],[-85.75147500025038,38.26799799979228],[-85.76092199998514,38.27191400007235],[-85.76691099971242,38.27659100028413],[-85.76639400040177,38.28054599969409],[-85.77307400041526,38.28576100001267],[-85.78118799998141,38.28830699993467],[-85.79354700010076,38.28732599987557],[-85.8186200001667,38.28211400028694],[-85.82561599964937,38.279191000053274],[-85.82906500033437,38.276554000335395],[-85.83619800008438,38.26513799997687],[-85.83892100032305,38.240330999935296],[-85.84404800005987,38.23156399967475],[-85.85203500030273,38.22230000016692],[-85.87498799965435,38.20769700028315],[-85.88189799982159,38.201623000247274],[-85.89605000041712,38.1854510002329],[-85.9050689996314,38.170600000114916],[-85.90789300015243,38.1601519998384],[-85.90909599972642,38.142340999722435],[-85.90438800028925,38.10621599985329],[-85.90530700018111,38.088836999827855],[-85.9151420002534,38.06763800025077],[-85.91981899972842,38.035955999995664],[-85.92342800024699,38.02524699995783],[-85.93111900021383,38.015984999801645],[-85.94650899964513,38.00522800029667]]]}},{"type":"Feature","properties":{"GEOID":"2101","NAME":"Congressional District 1","BASENAME":"1","STATE":"21","CD119":"01"},"geometry":{"type":"MultiPolygon","coordinates":[[[[-89.41699399959397,36.49967799982194],[-89.39105699988777,36.49921599984739],[-89.30102200036902,36.507232999929265],[-88.95974599982972,36.5020760001394],[-88.54187400033967,36.502175999753035],[-88.216645000081,36.49982699973383],[-88.05329299972223,36.497057999768],[-88.03906900005501,36.51078400024297],[-88.03743200011274,36.522858000051656],[-88.0346829999348,36.52784499966551],[-88.03267500027178,36.53698500013424],[-88.03264900033253,36.54209499967216],[-88.03509300001363,36.56018899997935],[-88.04049699975988,36.57682399977095],[-88.0448619999637,36.603069999643196],[-88.05562500014867,36.630340000247564],[-88.05701600004362,36.640342999944885],[-88.0668360000473,36.65585599973683],[-88.07054099992705,36.678255000030305],[-88.0122030004112,36.677190000358664],[-87.92687499960638,36.6689359998071],[-87.84954399998848,36.66369499989132],[-87.85331900018842,36.63316000004165],[-87.4746869996318,36.640414999771494],[-87.0704909996379,36.64272999965582],[-86.58990600038246,36.65244300028608],[-86.56390900040181,36.633561999649594],[-86.5512220002194,36.63799800028075],[-86.54994299957913,36.644759000305335],[-86.54335200015241,36.64385499980672],[-86.54382199960737,36.64042699973607],[-86.50778100021535,36.65237899986744],[-86.33212599981375,36.648701000225216],[-86.23615500027118,36.641877999932916],[-86.02481900032767,36.63029299974916],[-85.83243200010529,36.6221000001221],[-85.78885800003185,36.62205500035668],[-85.67652999968895,36.61822299967597],[-85.50150700002231,36.6148550002275],[-85.32479100033694,36.62450799972467],[-85.30041500040501,36.624448999707035],[-85.29390400044593,36.62635499985073],[-85.27686700012833,36.62682700003239],[-85.10923699960439,36.62288499973496],[-84.97481100022762,36.6154649998675],[-84.97859499975006,36.617449000060276],[-84.97704200037172,36.61884299971563],[-84.97796600028643,36.620413000321484],[-84.98911400043589,36.61886899994561],[-84.99106400037257,36.62195500006285],[-84.99946400016898,36.62455500014628],[-84.99932699990164,36.631342000050275],[-85.00334399995089,36.633601999958515],[-85.00452800015661,36.640136000068495],[-85.00412399992558,36.6433950003564],[-84.99735500022364,36.648757000025924],[-84.99905300026526,36.651886000129664],[-84.99768900013447,36.65516499974608],[-84.99819399974953,36.66340099969297],[-84.99992000027856,36.665628000171914],[-85.00491399994598,36.66586500007675],[-85.00581600011941,36.66821900035672],[-85.00900499961509,36.66810600008516],[-85.00947800034143,36.66934399992184],[-85.00573900012652,36.67131200005876],[-85.00126699979259,36.67673999983116],[-85.00705399985348,36.68060900023237],[-85.00546499959184,36.68421000029929],[-85.00979200016077,36.68634399967126],[-85.01110799971268,36.69009800030812],[-85.01277200031741,36.69055400016251],[-85.01510999969331,36.688587999950926],[-85.01672200041952,36.690216999677816],[-85.01808800020012,36.68935999970488],[-85.02047599980475,36.694349999843475],[-85.01917299977333,36.698406000089385],[-85.02046800030713,36.699954000222874],[-85.01885499975602,36.701450999699844],[-85.02145999999392,36.70398500015888],[-85.0176210002199,36.7069900002454],[-85.01868099967874,36.70843200028205],[-85.01360099979759,36.71383599999083],[-85.01400699967844,36.71590899991419],[-85.02012299962732,36.71784499991497],[-85.01986800025752,36.719934000135346],[-85.00409899981123,36.75623699976201],[-85.02637699966844,36.80691199970642],[-85.05916699964051,36.83309700019511],[-85.0643069997961,36.85874299997322],[-85.01806300008576,36.88730900003321],[-84.97731000016032,36.90918400001478],[-84.9689880001817,36.911680000157105],[-84.96087799991521,36.916338000151015],[-84.95530599993947,36.927619000104606],[-84.95488199961694,36.939227999712344],[-84.95230999988931,36.95125300028412],[-84.95042799972467,36.95546699979141],[-84.94552699994365,36.959747000291394],[-84.93819199962897,36.961398000350535],[-84.928830000283,36.95996000034559],[-84.91855599981956,36.95498500025811],[-84.90785899975683,36.94544700015412],[-84.83571199977715,36.99761200019123],[-84.86373700041062,37.00802000008529],[-84.90577800029888,37.04718699968097],[-84.9070620000637,37.08716600010456],[-84.90291100012014,37.10236999981488],[-84.9011119997962,37.116296999897244],[-84.80933800022792,37.17503400003303],[-84.72071200014749,37.23832799996137],[-84.72113999976966,37.24316399983848],[-84.71801900004603,37.24654900032882],[-84.71997700037865,37.24958100018818],[-84.71594500026079,37.253032000218404],[-84.71993999967042,37.25746000027439],[-84.71995800011207,37.27168799967746],[-84.72305799991932,37.27434499979798],[-84.72238300042493,37.28467200021355],[-84.72416500013213,37.28667500026604],[-84.71382899974441,37.293680999951555],[-84.71203600016655,37.29846700002675],[-84.70612199988406,37.299835000300845],[-84.7228260001157,37.36004300029921],[-84.79610399969935,37.39055599975565],[-84.85081599987649,37.42714299995632],[-84.8601300004402,37.467350000083165],[-84.85792299968723,37.484067000044945],[-84.85708599981115,37.5285189999185],[-84.84743400003696,37.54834299978556],[-84.78368900040182,37.57662400008534],[-84.74731199965252,37.585532999760815],[-84.75285799968897,37.588540999750364],[-84.75682600023275,37.58836199995645],[-84.75624200007664,37.59208900015358],[-84.75396499990183,37.59354999981419],[-84.75537099986538,37.59609599984019],[-84.7441709998374,37.59735400012838],[-84.74698600013758,37.58561200027971],[-84.72374500000757,37.591296999960065],[-84.69609799966585,37.607723000080696],[-84.69544200043805,37.61005799970835],[-84.6882850003986,37.61250499982898],[-84.689284999583,37.61436500003509],[-84.69637200020057,37.617282999811934],[-84.69383800010777,37.62052199976004],[-84.69053699956078,37.62172999988319],[-84.69026399974929,37.62559500021599],[-84.6838070002169,37.62098999972197],[-84.68043799989783,37.623441999848446],[-84.67609500033365,37.623815999716186],[-84.6749150003259,37.62102199984286],[-84.67715499979249,37.6176149996949],[-84.67411199988666,37.61580400013467],[-84.66616999984967,37.61750400022262],[-84.6642430003775,37.621954000344964],[-84.66514899985056,37.62488899998038],[-84.66366099987124,37.625199999868464],[-84.66075500023275,37.62213200004648],[-84.66014400031248,37.617767000286776],[-84.65838099997353,37.61775199997538],[-84.65212199990953,37.62585600015132],[-84.65708499961482,37.632066999700584],[-84.65983200014296,37.63215800009808],[-84.6589009996572,37.63535000006043],[-84.66139000044248,37.635486999668636],[-84.66376100032865,37.63321499988893],[-84.66653300007283,37.63392800019185],[-84.66605699987177,37.6397580003238],[-84.65952300034645,37.642436000289955],[-84.65425500014435,37.640828999916785],[-84.65168199969348,37.648583999702645],[-84.65567199997855,37.65398199973347],[-84.66100700012784,37.65452299964885],[-84.6669540000223,37.65203599995433],[-84.66920799973262,37.646595000310995],[-84.67974400013686,37.645555000068384],[-84.67952400002885,37.6426369997737],[-84.67253799969362,37.64088599989078],[-84.67709000039348,37.637323999720785],[-84.68027200021648,37.63698099970751],[-84.69404200032227,37.64111799988282],[-84.69282200013154,37.64507700034832],[-84.67922600010301,37.65253799991956],[-84.67901600004073,37.65548300006673],[-84.68330699972638,37.659400999709185],[-84.68929700017686,37.658959999818826],[-84.69356199992325,37.66463299993124],[-84.70363499964691,37.65905799994182],[-84.70524300017517,37.66141799994444],[-84.69854399989512,37.6683349997046],[-84.68061699999797,37.67429700028583],[-84.68017900033006,37.67575900032436],[-84.68524999999039,37.6817169997209],[-84.68231099984163,37.6859979999127],[-84.68628400040828,37.68752400024156],[-84.69705599991578,37.68163000009783],[-84.70110099955413,37.68226300014943],[-84.70401200011376,37.6867380001435],[-84.69821599983204,37.69453299991258],[-84.69806299967118,37.696553000165835],[-84.70002799967648,37.69740700019262],[-84.71379299975942,37.69570099976029],[-84.72206899970726,37.69279900029602],[-84.72633699982669,37.69674299993725],[-84.73551699959776,37.69500699987824],[-84.74305399957883,37.69742500031375],[-84.74348100027441,37.699048999968355],[-84.73866400015896,37.70657699968389],[-84.73330100042061,37.70942399989583],[-84.735434999582,37.71199500005575],[-84.73992399963437,37.71353199971652],[-84.74391599956927,37.712588000089326],[-84.79357399980451,37.71724900027729],[-84.80786699996705,37.704613999726654],[-84.99983300023993,37.68017699988346],[-85.0250209999336,37.67885400007875],[-85.0058150002945,37.81661300021006],[-85.01203400017553,37.8171730002881],[-85.00952799967182,37.835587000290076],[-85.00326299976004,37.83503300016496],[-85.00052000032818,37.85472300013357],[-85.0099400002988,37.85910600010093],[-85.02450299989974,37.87824300025447],[-85.0314559997247,37.88159700025612],[-85.03052799961202,37.8915380000627],[-85.03464299957056,37.89240399988312],[-85.03447600006429,37.888746999850866],[-85.04012900023089,37.88931800035345],[-85.04295700005156,37.885927000000265],[-85.04467000016179,37.88686100033387],[-85.04156100013373,37.89006300006387],[-85.04842899956988,37.89557499986857],[-85.04660599985479,37.89828499967378],[-85.05138000031249,37.8976290002192],[-85.05009200034971,37.89583200000511],[-85.05166900001751,37.89436299968708],[-85.05815099966426,37.89516000024449],[-85.05591100019767,37.900672999946465],[-85.05275899961359,37.90343499986139],[-85.05336399968608,37.90758499977459],[-85.04277299992854,37.912512000237385],[-85.04128400012429,37.92207400011258],[-85.04344099975023,37.92947899977628],[-85.04613399985169,37.933387000237815],[-85.04560499994717,37.93627100021242],[-85.04734900001955,37.936349000003155],[-85.05128400005304,37.940850000064195],[-85.05403900007877,37.940334999917056],[-85.06097299963716,37.945539000299675],[-85.07104399971101,37.9474709997407],[-85.07467099977292,37.95080299974797],[-85.07192699961784,37.95505200002149],[-85.0651439996722,37.95821899989733],[-85.06013499993615,37.96302199969285],[-85.05914400007428,37.966421000274764],[-85.05108999988428,37.97374999970535],[-85.0441920003109,37.9768629996465],[-85.0447129998195,37.98485099981636],[-85.05121399973284,37.990197000063795],[-85.05102299993713,37.99421899970519],[-85.05504099981128,37.99511199988243],[-85.0559970004114,37.999417999888585],[-85.0585819996595,37.99973900007607],[-85.060180000142,38.00230299972013],[-85.04877199970154,38.00135900021122],[-85.04047700038544,38.00547200007338],[-85.03515099955867,38.00517200017534],[-85.03433700014712,38.00876399980731],[-85.0314769996411,38.00962000015131],[-85.025338000126,38.00608599976554],[-85.02332200006705,38.00284999993632],[-85.0137709996769,38.00572700008331],[-85.00961800008352,37.99923099978222],[-85.00531900000195,37.998629000271045],[-85.00122499995979,38.002009000150274],[-84.99397400020901,38.00080800000129],[-84.98637799977841,38.007307999885896],[-84.98569999991098,38.00997699967882],[-84.98157999992956,38.00780899993432],[-84.9818490004414,38.00652199995954],[-84.97569300030955,38.01017699985183],[-84.96723099969054,38.00903099964849],[-84.96719899990349,38.01701199974031],[-84.96192499985358,38.022937999841716],[-84.96236400024473,38.02728300000527],[-84.95627500006003,38.02950299964975],[-84.95492299962481,38.034362999700186],[-84.95699200028552,38.03556000013609],[-84.95735100031072,38.041537999832535],[-84.94973700033677,38.043735000192946],[-84.9474099999332,38.05473699975385],[-84.94378600024433,38.05829600015855],[-84.9422070000284,38.078273000107195],[-84.92635499974143,38.078591000296726],[-84.92529199990953,38.07617800001895],[-84.92181999965833,38.07710599971081],[-84.9226210004477,38.08203099979526],[-84.92762099996293,38.081209999862494],[-84.92920699985154,38.08421100006661],[-84.9227899996038,38.0855060000697],[-84.92272500020478,38.087630999693616],[-84.9246900002101,38.08771199974548],[-84.925344999613,38.090459000340864],[-84.92059100014508,38.09269799974009],[-84.91881000026278,38.09938099987075],[-84.91339399992265,38.09552699982429],[-84.90657800036504,38.09349100015908],[-84.90226599986468,38.09343699969031],[-84.90207500006898,38.09589500005745],[-84.88610499978122,38.09762600031879],[-84.88465799980978,38.10096999988093],[-84.88069900038515,38.10251800028482],[-84.88071699992848,38.10494899965025],[-84.87701600024673,38.10560199986338],[-84.87843300008096,38.10865400033246],[-84.87158499983799,38.11285199968248],[-84.87104000003995,38.11494400019282],[-84.87331300001682,38.115359000197884],[-84.87269500042386,38.11696399986213],[-84.86490800019754,38.11692599993827],[-84.86336300031681,38.121072000330464],[-84.8651290001305,38.124054999814334],[-84.86597500022741,38.13211000008746],[-84.86480400044049,38.141373000316996],[-84.72516799968957,38.195425999754],[-84.73031200004314,38.20836199984421],[-84.73773400039649,38.29712999992903],[-84.7405940000042,38.35241500022439],[-84.74622600025438,38.34948099993986],[-84.7932280001981,38.33850500019369],[-84.80301399986661,38.34656800029888],[-84.80876199956944,38.34930600022162],[-84.81438299994899,38.349861999981336],[-84.81573500038421,38.34802199966531],[-84.81845100005188,38.34779200012562],[-84.8221490002589,38.349596000289296],[-84.82714100027651,38.34818899997922],[-84.83862800035966,38.35695700022856],[-84.84901499990269,38.35463799972784],[-84.85798999963438,38.35710800014148],[-84.88095999960275,38.356874000156346],[-84.8829549997453,38.35552599978416],[-84.88407899967655,38.3515270000569],[-84.88621000026151,38.35372400005945],[-84.89235700017254,38.355199999826],[-84.90625600014975,38.37483599972185],[-84.99766700039316,38.33558600029618],[-84.95695899977524,38.332271000028214],[-84.99889799955623,38.27497900024334],[-85.00103199961595,38.22615200023007],[-85.00747999982583,38.17577999970558],[-85.00896600015537,38.17531899979593],[-85.00570099959337,38.171528000294416],[-85.00931199976176,38.16878600030954],[-85.00323099997298,38.16745799988223],[-85.00621500032759,38.16490899968851],[-85.01035399967725,38.16492100021606],[-85.00956399965683,38.162605000237356],[-85.00553800028507,38.16234699968704],[-85.00380400025843,38.16020000012444],[-85.01987099973223,38.14219700024446],[-85.01874500015116,38.136307000095364],[-85.02257200022962,38.13415999988867],[-85.02426400042347,38.1305870002693],[-85.02248900038896,38.12760700029097],[-85.02614700041299,38.12438900004143],[-85.03085900004811,38.124375999959575],[-85.03950800026487,38.11943599988991],[-85.04172699981508,38.11366300015245],[-85.04410299972413,38.113450000014694],[-85.04627199994395,38.11095800032908],[-85.044917000034,38.10738000012208],[-85.04804399960541,38.10019599975155],[-85.04765799981602,38.09749999969367],[-85.05282999975869,38.08955599984003],[-85.05144200023679,38.0875190002509],[-85.05453799984605,38.08422299972474],[-85.05262399989437,38.07544000018089],[-85.04778300038782,38.07234099999187],[-85.05896400014923,38.068137000040444],[-85.06196199984922,38.06250999998725],[-85.07129800015423,38.05815299991693],[-85.07743500001949,38.04598399996673],[-85.08361600026569,38.040875999826625],[-85.10217699964932,38.0371159999262],[-85.1093000002519,38.02716899971844],[-85.11312899998018,38.02564400026332],[-85.1208319996426,38.025758999978514],[-85.11923800025636,38.02095199978685],[-85.12645200019723,38.02029199975922],[-85.12322400034348,38.00984099992899],[-85.12896600019853,38.00104200022108],[-85.13026500003198,37.99616500032105],[-85.13820500041916,37.99742999982093],[-85.14021700028015,38.002612999925645],[-85.14256399987688,37.996881999955036],[-85.15051699978454,37.99960200020541],[-85.1510630003058,37.998407999968904],[-85.14801000035423,37.99648099986937],[-85.15104499986415,37.99390599986835],[-85.15081399988547,37.98900400003393],[-85.15221499982616,37.9881300003474],[-85.1562290004007,37.9929919999653],[-85.16189400026286,37.99057400023781],[-85.16365000003078,37.991301000032536],[-85.16400599968294,37.997559999730804],[-85.16146699956727,38.00152200031356],[-85.16465599996127,38.00141400019505],[-85.16935900027389,37.997575999812696],[-85.17006200025567,37.99428899986367],[-85.16616700040514,37.98717200026387],[-85.16922500037958,37.98137000015478],[-85.16804899967147,37.97291599981545],[-85.15279700033244,37.897660999982456],[-85.1539920004088,37.89500300014745],[-85.1505489995716,37.890275999958014],[-85.15312200002245,37.8905109997021],[-85.15174799984592,37.887433999861756],[-85.15381800033154,37.88557800004081],[-85.1575249998611,37.885680999916495],[-85.16035500022988,37.88976300001653],[-85.16472600028149,37.89119599974436],[-85.17073299955209,37.88748700011127],[-85.17598900005866,37.89097399976945],[-85.18462200038188,37.89241500018535],[-85.18644599992189,37.891172000296706],[-85.1852080001878,37.88559199966069],[-85.18751399977666,37.88364100013659],[-85.19447099979958,37.88787900027688],[-85.19042399961307,37.89221099985569],[-85.19031800020618,37.895466999855095],[-85.198049000356,37.90225399983807],[-85.19976300029113,37.90035199971987],[-85.19928200006721,37.88797100022319],[-85.19601900005335,37.87779399994486],[-85.19827199993875,37.873100999938195],[-85.19347699956464,37.864277000073656],[-85.19647599998785,37.863523000080185],[-85.19744699975824,37.868054999880606],[-85.19959300041181,37.86895300018294],[-85.20507499997589,37.8641939999509],[-85.20511900035682,37.86282800030907],[-85.20043199993775,37.860977000326095],[-85.19626500010067,37.85629400006796],[-85.19660400003436,37.855025999876176],[-85.20099400035254,37.85415599993814],[-85.20374000015744,37.84674200002534],[-85.20578499963035,37.84622400020363],[-85.20757300008367,37.85013499990673],[-85.21076099975444,37.8520719998321],[-85.21836600040588,37.85425799967956],[-85.21361200003966,37.85870899983212],[-85.21675700005272,37.87149599994005],[-85.21868799972285,37.87086500033767],[-85.21961900020858,37.86614299985179],[-85.2238589998406,37.863007999649064],[-85.22687499998224,37.85517400005852],[-85.23143799965445,37.855479000230375],[-85.23309899988615,37.86074900000564],[-85.23294200042561,37.86601299995351],[-85.22943800038736,37.8694269998242],[-85.23016800013332,37.87062699997865],[-85.23334099973547,37.86875299968884],[-85.23860999976252,37.869228999689604],[-85.23807199963716,37.86390099994074],[-85.24098599967155,37.862493999856724],[-85.24427200014995,37.86304700009824],[-85.24966599985045,37.867293000201286],[-85.25549999976703,37.865767000020355],[-85.25591099967076,37.85955200004988],[-85.24650900014181,37.8539219999148],[-85.24288100025498,37.849125999776646],[-85.24522399965377,37.84710699975483],[-85.25829099977776,37.84880899967985],[-85.26273600034752,37.84469600033687],[-85.26803399978856,37.84450900009708],[-85.27015799980252,37.847631000153015],[-85.27478400012224,37.84857999985626],[-85.27634800026955,37.85331700014605],[-85.27854900027641,37.853349000013154],[-85.28086800028406,37.849885999716726],[-85.27751999988139,37.83779899977423],[-85.28927300010334,37.83134100021438],[-85.29843100013312,37.83209599982824],[-85.30093799956343,37.825525999697774],[-85.29940899957622,37.821948999736215],[-85.30663000008808,37.820371000141854],[-85.308610000162,37.81287899998154],[-85.3139600003799,37.80923399999077],[-85.3142060004272,37.805296000279235],[-85.30748000038295,37.80132000034882],[-85.30602400019067,37.79855200030696],[-85.30792999974643,37.79405800031667],[-85.31941900037774,37.78775999969247],[-85.33546900013312,37.78755799993235],[-85.33841900015251,37.7801259998048],[-85.35567099965697,37.78413899980782],[-85.35328399987726,37.77377099967786],[-85.3541669997841,37.76982899982503],[-85.34571299956102,37.76576599984225],[-85.345275999718,37.762947999725434],[-85.34851899964038,37.7625810001456],[-85.35295300033944,37.75736199989142],[-85.36873100010827,37.764031999951314],[-85.37471800018572,37.764873999686294],[-85.37516000005158,37.75828199973036],[-85.37231999963703,37.749053000015735],[-85.37395800030252,37.74333899977511],[-85.37332300009278,37.73958099992052],[-85.38318699957908,37.73916200021584],[-85.38631099967576,37.74067699982617],[-85.39128599997494,37.736448000169794],[-85.39257099956468,37.73281599976235],[-85.40168699976165,37.73074699971314],[-85.4504930000522,37.6859479999959],[-85.52129000014483,37.554342999716184],[-85.52018499958182,37.55334900020385],[-85.51700199993391,37.55524300023985],[-85.5146219998269,37.552936999768036],[-85.50347299985253,37.54938200010797],[-85.4980559996875,37.54353400018329],[-85.492697999972,37.534515999945185],[-85.49283699988916,37.53021100017481],[-85.49075999973087,37.52832399974531],[-85.49142500007781,37.51430099996889],[-85.482820000242,37.50006600013919],[-85.47390499988646,37.49220000011172],[-85.47292400007032,37.48208500015336],[-85.46885400031762,37.47610900019219],[-85.46624999990462,37.46559500011456],[-85.47430699956936,37.46713099970182],[-85.47982599984167,37.46539000028099],[-85.482920999626,37.467971000097876],[-85.4859970000421,37.46635699965992],[-85.48883699955836,37.467285000053224],[-85.49212300003671,37.47190999987762],[-85.49097800018906,37.473937000326146],[-85.49247799986397,37.47906499986938],[-85.49708099971915,37.480371000355774],[-85.49884200040827,37.4829510002918],[-85.50277099969566,37.48230300007497],[-85.50637600001627,37.4772379998986],[-85.51549700023614,37.473521999701795],[-85.5149950000958,37.46790700021652],[-85.52571800009781,37.46269900030468],[-85.52912699970152,37.45401900010611],[-85.53663500026857,37.45647299996715],[-85.54226800034368,37.45475199979548],[-85.54423099980087,37.457851999976484],[-85.55028599965037,37.459159000051976],[-85.55088900007304,37.460738999790756],[-85.55649500038398,37.45826300022171],[-85.56462900004159,37.459639999873566],[-85.56793100041352,37.46411200013511],[-85.57962000016303,37.46546800014829],[-85.58377100010661,37.46966799974536],[-85.58516500037459,37.45655900008907],[-85.58151200037342,37.4525499997022],[-85.58310099973677,37.44675499965384],[-85.58671500027823,37.443652999701634],[-85.58516299982645,37.43285200007224],[-85.47808099994437,37.3636729996657],[-85.47969699997023,37.36353399965452],[-85.44046700018421,37.3159180001288],[-85.43687199990933,37.30420999965704],[-85.43123200016153,37.305113999932246],[-85.39065800033622,37.24706200023389],[-85.3896499998576,37.23967300031009],[-85.391874000329,37.237570999980434],[-85.3985569998172,37.237853000136234],[-85.40637300035584,37.23507199973663],[-85.41015000020559,37.230018999766735],[-85.41121100038765,37.22479900004719],[-85.40728399985177,37.22212800019532],[-85.39118999971546,37.22232299973586],[-85.38655199970019,37.22385500004271],[-85.37189500038791,37.221312000016496],[-85.35277099986627,37.19243199995426],[-85.3802580003744,37.16831400030129],[-85.43388500008001,37.14478799993524],[-85.48189399977913,37.12783499973435],[-85.52673999992183,37.109443999811376],[-85.59089700018392,37.11628499997505],[-85.63231299990817,37.12505600015909],[-85.66089800040831,37.14303900008599],[-85.6864819999371,37.182426999790316],[-85.74422100012653,37.169813000281664],[-85.75931500018012,37.15024200014609],[-85.77696199969478,37.138327999862256],[-85.77177100038385,37.10973299987797],[-85.76246600004097,37.1117719996882],[-85.7560899998011,37.1098350001017],[-85.75847900012896,37.099437999838976],[-85.7592780003702,37.06857299974967],[-85.75543799987295,37.026844999965434],[-85.75039599962663,37.00590200021845],[-85.73925500004819,36.841476000137554],[-85.74882599963155,36.84210000031135],[-85.76676099992459,36.835763000032074],[-85.77228600004467,36.836339999739],[-85.8070109998848,36.82163800019769],[-85.97691000018766,36.722722000000935],[-85.98287600034871,36.74156299967315],[-85.99386100029153,36.74923700004746],[-86.0023089997685,36.75871099964083],[-86.03073500025998,36.764382999800134],[-86.03464600000403,36.759928000189745],[-86.03759000017565,36.76011199977683],[-86.04074400040955,36.76743699991208],[-86.05129300033428,36.77240900013347],[-86.05279700020716,36.77537800007458],[-86.04918000019099,36.778437000323684],[-86.0392630001029,36.77794299999048],[-86.03452200015548,36.78089700010833],[-86.03597900017266,36.78550399968644],[-86.04016699992614,36.787977999928245],[-86.03922399974486,36.790834999963714],[-86.04612700023942,36.79523299973732],[-86.05051599983435,36.7933889998935],[-86.05212099998955,36.79445099968304],[-86.05028400003076,36.79978300019139],[-86.05111099986111,36.80159500008466],[-86.04983999961675,36.80396899971043],[-86.04744600016436,36.80448899991755],[-86.04698400020699,36.8076469998482],[-86.0509700002941,36.80943800014766],[-86.0699569996501,36.80578300006697],[-86.07147200029192,36.807011999773394],[-86.0709640003038,36.81120300032635],[-86.06851800007456,36.812113999823005],[-86.06604500008113,36.82284699976319],[-86.06285800023527,36.826160000355486],[-86.05571899973916,36.82958300023831],[-86.05888600039184,36.83521699976283],[-86.07208800023507,36.844353000049765],[-86.07801599986297,36.85469999980876],[-86.07546199967868,36.864260000090674],[-86.07780999999865,36.86671699968876],[-86.07658700033318,36.87239500002484],[-86.07453500028923,36.873691000020266],[-86.07203299998348,36.871675999969476],[-86.07021000026839,36.87724600026986],[-86.07733499962248,36.881934000274356],[-86.07638099957055,36.883887999645815],[-86.07824400036691,36.891253000007694],[-86.07734600039146,36.892722000340505],[-86.06809799994998,36.89432900013669],[-86.0667329999943,36.893628999971504],[-86.06816300024732,36.89111000004852],[-86.06660599977269,36.891083999961836],[-86.06455499955365,36.894554000340236],[-86.0653100003123,36.89912800024379],[-86.07042500035355,36.901914999861674],[-86.07605599988052,36.902615000173434],[-86.0873260002287,36.89976699979921],[-86.09796100036716,36.90043600010947],[-86.10697100025894,36.889558000142166],[-86.10869500023983,36.88289200001734],[-86.09752600017399,36.86770399975206],[-86.10048799988895,36.86421999982037],[-86.10642100043803,36.865063999933454],[-86.10987900044556,36.868293000199714],[-86.10945400029811,36.87204000019867],[-86.11342299976849,36.87506600003182],[-86.11531599980376,36.88105000035758],[-86.12477699978226,36.89544399997685],[-86.1301239996271,36.89619700034853],[-86.14164400022054,36.89230999977308],[-86.14709300017265,36.8967960002864],[-86.14302400024484,36.90081399988222],[-86.13454900010537,36.90299000013607],[-86.13500600003985,36.90569799993206],[-86.14208699991133,36.91391900033549],[-86.13521000025436,36.92938999973541],[-86.13604799995535,36.93209399971595],[-86.1491250001251,36.92868500013523],[-86.15253100025409,36.918252999767724],[-86.14952599998308,36.915079000309476],[-86.14904200028442,36.91131400035814],[-86.15941200010901,36.90630999996512],[-86.16930099970968,36.90868700006821],[-86.17641000006856,36.91440900004956],[-86.17251299966989,36.91830500009177],[-86.16716099980219,36.91928899992728],[-86.16323199961647,36.923600000035464],[-86.16055500030684,36.92423000026612],[-86.1608619995552,36.92999899979732],[-86.16619300040483,36.93371899968131],[-86.17043999970956,36.93501800032991],[-86.18023899979686,36.925161999844484],[-86.18902699993076,36.921677000042045],[-86.19875599969785,36.931568999945185],[-86.19918000002039,36.93544100033769],[-86.20584999998812,36.93294200019349],[-86.2099819996651,36.92812399987752],[-86.21038199969819,36.92492199974771],[-86.20816700034592,36.91898400024059],[-86.2041090002888,36.91693799973001],[-86.20325700034411,36.91346899997982],[-86.20793100034439,36.90708600018765],[-86.21436600013548,36.9038110003532],[-86.2197180000032,36.91136400002605],[-86.22630900032823,36.912633000334964],[-86.22936099955656,36.9071349998775],[-86.23546300016007,36.906964000046095],[-86.23474900030762,36.89811599982432],[-86.2397120000129,36.89905600014059],[-86.24041099979672,36.89433200026828],[-86.24867300039918,36.89693999966049],[-86.25213700025449,36.89156599985266],[-86.25663800000243,36.89123199967376],[-86.25972600011409,36.89407500006142],[-86.26152899973769,36.8919629997218],[-86.26689300019927,36.89317799985461],[-86.26888499996878,36.887494999928975],[-86.2626569998669,36.88442499993287],[-86.26393599960888,36.87654499984248],[-86.26551399999988,36.87549099970508],[-86.26327399963498,36.87324399982115],[-86.40576900016869,36.77618700027044],[-86.40051799968498,36.80722600026913],[-86.58328900011817,36.830281999723034],[-86.61158599983989,36.88305700018703],[-86.6324050000301,36.882928999990575],[-86.65588800000948,36.87625599976856],[-86.67536900000819,36.85518900034794],[-86.69071900015481,36.844299999684985],[-86.69242300004422,36.83992899984001],[-86.69782500014064,36.84527699988302],[-86.70410299957291,36.848087000207144],[-86.71283299998052,36.86230900017048],[-86.73116800030664,36.85919799992434],[-86.73280199987586,36.863768999923366],[-86.73577899965944,36.86365099988868],[-86.73010600029968,36.86818100012748],[-86.7295880002658,36.87216499967784],[-86.72600899988446,36.87208500020722],[-86.72498700006045,36.876054999865595],[-86.72138900031085,36.87461799967252],[-86.71391699972882,36.87576699966184],[-86.7136270001989,36.878768000147545],[-86.71489099987224,36.88070499986944],[-86.72330800028541,36.88145300014124],[-86.7207869997131,36.88530699997176],[-86.72623099964231,36.891075999988665],[-86.73654799976346,36.89598000013803],[-86.734227000106,36.902376000174236],[-86.73533699979356,36.90498100008168],[-86.74034800007774,36.907231000131524],[-86.7396340002253,36.914611999798964],[-86.74391099966725,36.922951999845864],[-86.74235699956567,36.92342499968592],[-86.74115599964152,36.92869599997231],[-86.73761800016636,36.92920799977132],[-86.73692199985729,36.93317600009376],[-86.73282199996734,36.932622999782964],[-86.7325509998057,36.937760999884695],[-86.71783900024182,36.93547600023655],[-86.713542999635,36.93707000011566],[-86.71301899975336,36.93959499996565],[-86.71658100041626,36.94616600021355],[-86.71575700006066,36.9489919999901],[-86.71257400041274,36.94947800027421],[-86.70964299976161,36.95350500035347],[-86.71138000016128,36.95587499965735],[-86.71404399995042,36.9557140003091],[-86.71460299999217,36.957642999659654],[-86.71196799961703,36.96122999985023],[-86.71322200014295,36.963150999846384],[-86.71110099960372,36.96368799987454],[-86.71228099961147,36.96572799970797],[-86.71046799994213,36.96953499982624],[-86.70879199964182,36.966717000020616],[-86.70414799977877,36.96777500016812],[-86.69998500013963,36.97096800034349],[-86.70414199993097,36.977043000004805],[-86.70352400033799,36.97917799972242],[-86.69822500017372,36.981141999906896],[-86.69109200042372,36.98006100016185],[-86.68871899998942,36.983610999716966],[-86.68448500020517,36.98172399995145],[-86.68128699959033,36.977769999790674],[-86.6761160003709,36.979538999786385],[-86.67932099976011,36.98554599998598],[-86.68401599967679,36.98944100001362],[-86.68286599980627,36.9905730002346],[-86.67295499956599,36.99039400001593],[-86.67178399977905,36.988715000049936],[-86.67255000040834,36.98236000016932],[-86.67121499969156,36.98273499965782],[-86.66878500025418,36.989116000175905],[-86.6744619998119,36.999765999867485],[-86.8453500003268,37.05651300018036],[-86.97639899988691,37.07358800002299],[-87.05316399979039,37.06101899994863],[-87.1180690002401,37.04473199981374],[-87.25025599997518,37.040556999750656],[-87.25086600007056,37.04940300003214],[-87.25316699963653,37.0505949998836],[-87.25986900028964,37.04979200006147],[-87.26211100030439,37.052718999842824],[-87.25528599962762,37.05481799981622],[-87.25344500036918,37.05328700028901],[-87.24695799980124,37.05423000031533],[-87.24376900030555,37.05756999978668],[-87.24837399981055,37.05827900012994],[-87.24524800006405,37.064115999684944],[-87.24919099959516,37.06568200027641],[-87.25001599977568,37.070157000165906],[-87.25466999968448,37.06969099965356],[-87.2518119997266,37.07554799966911],[-87.25954700007435,37.07519799994115],[-87.25937100034726,37.07240100014996],[-87.26098200035025,37.071383999852316],[-87.26200300034937,37.07382899990603],[-87.2595229997849,37.07686100010593],[-87.26151000042984,37.07738900020783],[-87.26543799989233,37.07010899990086],[-87.26914199994715,37.07071000019205],[-87.26676600003809,37.07327300015414],[-87.26795400044178,37.07422399984522],[-87.2721170000809,37.07287999997805],[-87.2741020001777,37.07051400010878],[-87.27897500036961,37.07423500014795],[-87.27506999957504,37.07502500018956],[-87.27828099971035,37.07749100025984],[-87.28098999970534,37.07701999996972],[-87.27958700011482,37.079176999957696],[-87.2815160001351,37.07962099975726],[-87.28553400000928,37.08497999992454],[-87.28529999965757,37.089017000094366],[-87.28270899966333,37.087714000349926],[-87.27958399974176,37.089007999777515],[-87.27911199973866,37.09126100010995],[-87.28210399959086,37.09138399973516],[-87.28195999965081,37.094677000214624],[-87.2844939997436,37.09594000016946],[-87.28279800025011,37.09715599975838],[-87.28372200016486,37.10022800018205],[-87.28239700039212,37.10094500021296],[-87.28380800037857,37.102034999844875],[-87.28207099997888,37.10242500023515],[-87.28308100010733,37.10403799999834],[-87.28569800004081,37.10285300010877],[-87.28432899988715,37.1080239998354],[-87.29118499962775,37.110666000113575],[-87.29449799987032,37.10968300015356],[-87.29368299973552,37.11271500028371],[-87.29754800034713,37.112320999681714],[-87.29683299977147,37.110330000226696],[-87.29912599983984,37.110391999665566],[-87.30083899995006,37.11155700012374],[-87.29985899995884,37.113258999720074],[-87.3019460001629,37.11158200008779],[-87.30022800002979,37.108220999750266],[-87.3052979998652,37.10646200027499],[-87.30534899991883,37.109164000147615],[-87.30731599957396,37.11107400017236],[-87.31021500043806,37.112495000313025],[-87.31246099975245,37.11125499979123],[-87.31490000030901,37.11289300016334],[-87.31723699986,37.11236700034857],[-87.31650600028911,37.1143449997242],[-87.31377499965451,37.113078999912545],[-87.3127450003329,37.11407299973929],[-87.32037400037545,37.123483999830974],[-87.32194500019547,37.12267999980586],[-87.32398499964553,37.124412000232695],[-87.3225240003287,37.12730300007249],[-87.32691100027381,37.13041399988438],[-87.32429299961711,37.13302699966619],[-87.33040699991614,37.13124300003452],[-87.33218100012576,37.13296699968927],[-87.33442399996542,37.13219000002349],[-87.32926100024358,37.13535299964951],[-87.33127499975438,37.139021999959034],[-87.32729799988809,37.140387999660256],[-87.32958099991072,37.141767000312605],[-87.33216199985918,37.140743999905816],[-87.33108099958562,37.14500399996523],[-87.33474399963255,37.14802100017399],[-87.33190699959106,37.148452000198915],[-87.33324200030782,37.150656999895624],[-87.33115799957851,37.150706000224666],[-87.33408900022967,37.15143100033093],[-87.33118400041609,37.1529720002042],[-87.33398100027462,37.15458700023212],[-87.32938799956686,37.15430700002144],[-87.33401499971151,37.15758400003017],[-87.33363099957194,37.16149300021469],[-87.33075599989562,37.16470800014766],[-87.32458499969515,37.16380100033885],[-87.32400599956192,37.165249000049506],[-87.32605099993319,37.166930000347065],[-87.32231699974113,37.16781399989464],[-87.32431899955637,37.16967499987867],[-87.32668000029511,37.16900100001586],[-87.32742699975952,37.170714000297735],[-87.31943799986685,37.17398799997869],[-87.31792599959806,37.17268700007082],[-87.31763299969512,37.17606399978304],[-87.31901500026754,37.17699100014923],[-87.31415899979407,37.177370999645206],[-87.31225099969016,37.17574399988413],[-87.31262399995906,37.180117999666386],[-87.315661999842,37.18045199985192],[-87.31350199984304,37.18326800024801],[-87.31764600011391,37.18565500028186],[-87.31142499968473,37.18516900016903],[-87.31164899999072,37.187785000243494],[-87.31449199987999,37.186768999751955],[-87.31491700002744,37.188003000035806],[-87.31083700022899,37.189651999818935],[-87.31144300012639,37.19194500009371],[-87.30764100016228,37.190267000217034],[-87.3066989998059,37.192060999888476],[-87.30897500015583,37.193558999870305],[-87.3079309996922,37.19470800009156],[-87.3111479996753,37.19492300020932],[-87.3116339999221,37.196824000124614],[-87.31557099960543,37.19847200012872],[-87.31680599986477,37.19736499975229],[-87.31579900010937,37.195493999749715],[-87.31691700019284,37.19544699987547],[-87.3184419999821,37.198736999837124],[-87.32058899956229,37.198595999743546],[-87.32062299989748,37.20055000021338],[-87.3243289996021,37.199606000157104],[-87.32370799963608,37.19678899968054],[-87.32505099985048,37.19673799988353],[-87.33029399993823,37.19973000005577],[-87.3309240001251,37.2027049999131],[-87.32851999972864,37.203584000186815],[-87.33389900025885,37.20696299976752],[-87.33480899992986,37.21124000012033],[-87.33889200010138,37.209852999850725],[-87.33752100029791,37.20805200010558],[-87.33866799979539,37.207621000135426],[-87.34574199999416,37.21233300016393],[-87.34238000024614,37.21584299997483],[-87.34626199967786,37.217253000208885],[-87.34680400000116,37.2150500003491],[-87.34961199973034,37.21472399966041],[-87.35001299958833,37.2159530003219],[-87.34681200039708,37.21902999980524],[-87.34955900002689,37.2196120000233],[-87.34682999994043,37.2234739998569],[-87.34931800000247,37.226955000306106],[-87.35822499996209,37.23119199977632],[-87.35529300038434,37.23168399978468],[-87.35654600018704,37.233835999686946],[-87.35422700017939,37.23601399981857],[-87.3555589996248,37.23668999980373],[-87.35956499980341,37.23443800017321],[-87.3611490000422,37.23726800032636],[-87.36457100006473,37.23685200022646],[-87.36804199959272,37.23880599977957],[-87.36901400008632,37.23777100015406],[-87.36786699969053,37.24086000002779],[-87.36529999998578,37.24164099997988],[-87.36912600023932,37.241807000259165],[-87.36893100024565,37.24383599968623],[-87.37205100014437,37.24282500020514],[-87.3684700001132,37.244701999841524],[-87.36733500031129,37.24786800022491],[-87.36542300000941,37.24733999972844],[-87.36408099961996,37.24899999998013],[-87.36767900026787,37.24988599971035],[-87.36934799999716,37.24873900031511],[-87.3693289997306,37.25124699966968],[-87.37250700025396,37.247336000252304],[-87.37387100038472,37.249023999879256],[-87.37239799957568,37.25271500012919],[-87.37641700017309,37.25166600001682],[-87.37747099978415,37.252171999879515],[-87.37654400039469,37.254105999928306],[-87.37903400010657,37.252969000153485],[-87.3806490003075,37.255060000279805],[-87.383915999621,37.25243299980848],[-87.38406100028426,37.25577400004039],[-87.38730400020663,37.255417000291004],[-87.38542600023996,37.257827999704304],[-87.38848400021439,37.25735400007793],[-87.38758600023894,37.260707000005304],[-87.38890000014098,37.26189700005797],[-87.38401100005554,37.269159000041284],[-87.3870709996798,37.26959900028687],[-87.38570800027226,37.27742799986207],[-87.38381699988679,37.27921399965102],[-87.3814300001071,37.2775190003296],[-87.3798540002642,37.278466000095136],[-87.38173100040596,37.28302100001245],[-87.37985300043928,37.283650999922855],[-87.38182099991934,37.286096999986626],[-87.37749300042377,37.28525899983342],[-87.38104199976958,37.28704799996888],[-87.3811210003106,37.28859799991103],[-87.38365100020543,37.28817100030024],[-87.38422699996562,37.29061600011933],[-87.38073700017105,37.29201100017291],[-87.38622499958288,37.2954339997783],[-87.38160300035945,37.29539099980247],[-87.37968100001184,37.29371299964954],[-87.376193999692,37.297084999887545],[-87.37911399957417,37.29978200003795],[-87.37196999995352,37.2992300001758],[-87.3750739999587,37.30345900021716],[-87.3739609998981,37.30515500007682],[-87.37980599968532,37.30446200031089],[-87.37790900035039,37.30862400007527],[-87.37991299981545,37.311274999831426],[-87.37488499981282,37.31204400019979],[-87.37383200002667,37.30978700002564],[-87.37220900032813,37.30999199993108],[-87.37410099964018,37.314974999680075],[-87.36941199957128,37.31395099986365],[-87.37093399988579,37.316506999952644],[-87.36675700000296,37.31854299964435],[-87.36285399975652,37.31661299972686],[-87.36210399991909,37.31316700032179],[-87.35627300037557,37.31469500010561],[-87.3545719999609,37.31052199965771],[-87.34575299986483,37.30966200008778],[-87.34327300019869,37.313398999696595],[-87.33938099982291,37.313774999774225],[-87.34314900035015,37.318935999718406],[-87.34393000014973,37.323795999702625],[-87.34313599993138,37.32555500020671],[-87.33981099999322,37.32434699985582],[-87.33791100028525,37.32661099978595],[-87.33455700003479,37.32613799979283],[-87.33706699983816,37.33003600024556],[-87.33362200024942,37.331335000217365],[-87.3382109998609,37.33181400033344],[-87.33472000024143,37.33427999973677],[-87.33822099990664,37.335991999697264],[-87.33041299976394,37.344065999957806],[-87.32028200031394,37.34472399993393],[-87.31714800017153,37.34825500021904],[-87.31882500029675,37.35099599984415],[-87.3211459999542,37.34899299998337],[-87.32199600024909,37.351039000149015],[-87.31773800017541,37.35338000023378],[-87.31231599998749,37.36319099981973],[-87.30567199995902,37.366468999788616],[-87.3031560003079,37.365075999811815],[-87.30272299976451,37.36731799978799],[-87.29919399961189,37.368734000313474],[-87.29954799961423,37.37096000003402],[-87.30375499963428,37.369831999649556],[-87.30109099984514,37.3722359998742],[-87.30106999992876,37.37486200034473],[-87.30745500038945,37.373882999850544],[-87.3099650001928,37.37678599989018],[-87.30467400042444,37.38294699981324],[-87.29763200001273,37.38484200024714],[-87.29537599975427,37.3870950001866],[-87.29697800043475,37.39260299996375],[-87.3008909998286,37.39006499979196],[-87.30212100006507,37.39373699976637],[-87.30655599969076,37.392695999979736],[-87.30520499997877,37.39500699968553],[-87.30772400000298,37.39991999988161],[-87.3114790001114,37.401873000130415],[-87.31901100006958,37.401002999668734],[-87.32037000017749,37.39802699985312],[-87.32854300019319,37.3984619997097],[-87.32926500044154,37.403920000257735],[-87.32533500043091,37.405894000347956],[-87.32514100026215,37.40739099993191],[-87.32970899995723,37.40821899979559],[-87.33256100006734,37.411837000051754],[-87.33671799985869,37.41248799976572],[-87.35254000000843,37.4265590000679],[-87.35134199955901,37.43750099994398],[-87.35514400042142,37.44630799977995],[-87.35539700014142,37.45856399978558],[-87.3582969999321,37.46569299966602],[-87.35411199965336,37.48065400015461],[-87.3561570000246,37.483954000171146],[-87.36040900025051,37.48475699970441],[-87.3618169998639,37.48697499965209],[-87.3568829995726,37.495386000084075],[-87.35939300027428,37.50399100002765],[-87.34902900029748,37.5163480001359],[-87.35455600006736,37.528374000294995],[-87.36005299970005,37.53280900013217],[-87.3653019996356,37.53278499973235],[-87.36669500007869,37.534113000036335],[-87.36053800012193,37.54235200010415],[-87.36038900015902,37.54925700005414],[-87.37039499993554,37.560513999867695],[-87.37999700037935,37.57842900003912],[-87.39439500012385,37.588404999894514],[-87.42476099960795,37.59268700004283],[-87.44259899981662,37.5916170001902],[-87.45925700001753,37.592861999828884],[-87.48199099998436,37.60043399987086],[-87.49842900007725,37.625070000105545],[-87.4999110002088,37.63067899968315],[-87.49992399972926,37.639268999974476],[-87.49533099991984,37.64754699971112],[-87.47281100021326,37.6648689996641],[-87.46488699971961,37.667661000237786],[-87.44323999987414,37.670559000219214],[-87.42176200008305,37.66990800017019],[-87.41301199958397,37.67467800001372],[-87.40529300002804,37.68961299991003],[-87.39555599986504,37.70389700016779],[-87.39389600035656,37.71027199999044],[-87.39470599957016,37.72283299994033],[-87.38637600009393,37.73061199971793],[-87.37233300017668,37.73756600019758],[-87.33956300029612,37.73913200033253],[-87.32077000021059,37.742517999682065],[-87.29093299973268,37.75999599975572],[-87.28471300002671,37.769863000026966],[-87.27160800026788,37.780120000310816],[-87.2715899998262,37.78291600000467],[-87.27400199972027,37.78426300002212],[-87.2939070000415,37.78382899978184],[-87.29731700036845,37.78520599987149],[-87.29900199999129,37.788004999693705],[-87.29918799976411,37.79530800027897],[-87.30740599998565,37.79607100002276],[-87.31048099967853,37.79900699992945],[-87.3082899997174,37.80370899968401],[-87.30287500010049,37.80894400019353],[-87.30326000006495,37.811708999801304],[-87.30837799958094,37.815626999982136],[-87.31400900000624,37.81572899978439],[-87.31928300005615,37.81905200033468],[-87.32340200021265,37.81923899982223],[-87.30291399956023,37.897821000007745],[-87.31998199983997,37.90567200019673],[-87.3327479996651,37.90830800020713],[-87.33608199982406,37.907521999729795],[-87.34436199996986,37.91098600001832],[-87.35662999985263,37.92003700024029],[-87.36317299959876,37.92196799978118],[-87.37097999991654,37.9288439998115],[-87.37168799992122,37.931189000016374],[-87.38617899955213,37.93780399989231],[-87.41413399986541,37.944771999977064],[-87.43798400026589,37.94418300023815],[-87.44913099969212,37.94185400030471],[-87.47634899968841,37.926529000241686],[-87.4976309996609,37.910698999964964],[-87.510881000083,37.90614799974774],[-87.52199900009524,37.91330799986491],[-87.5487009997075,37.923972999670056],[-87.56089599979533,37.93211300029041],[-87.56908399987962,37.94156000012041],[-87.5735670000842,37.951721999724164],[-87.57751100033855,37.95166100032248],[-87.57423300025606,37.96114600033973],[-87.57688799982438,37.969133999939714],[-87.5849229997478,37.974531000221546],[-87.59316000023591,37.975270000171534],[-87.60139099997792,37.971306000304295],[-87.6034029998389,37.96681399979033],[-87.60581300008313,37.949610999963504],[-87.62234900008531,37.93630199977583],[-87.61740399992337,37.93826999964635],[-87.61873399971896,37.93392800001426],[-87.62527399999036,37.92962099977239],[-87.6272690001329,37.92483799991727],[-87.62559200000767,37.91602799973844],[-87.62036599963834,37.90736499977721],[-87.59294299960261,37.88983700035448],[-87.58714100037143,37.88485800010102],[-87.58373699989225,37.87808000020267],[-87.58392500021324,37.87248499973095],[-87.58630399959702,37.87249299992323],[-87.58920199973788,37.863744999828015],[-87.59111499986466,37.86213400035395],[-87.59026700011792,37.858589999976395],[-87.5978409999089,37.847651999758355],[-87.61534500020672,37.83188200019226],[-87.63811599998346,37.826828999816],[-87.65309899970899,37.82603800010636],[-87.67034400043903,37.827961999830904],[-87.67771999986331,37.83415699980888],[-87.68209799958757,37.84678300025021],[-87.6816840002091,37.85627300008691],[-87.66929199957949,37.87532999967248],[-87.66403299959818,37.88747700013396],[-87.66684000040077,37.89576299980279],[-87.67501099986832,37.901642999724324],[-87.68441400012048,37.90366500017392],[-87.70833599959266,37.89468600031251],[-87.7182080003732,37.89260099982643],[-87.7373510002631,37.89473199994609],[-87.75923900013301,37.89166199993493],[-87.7706090000403,37.88659699965222],[-87.78344699983545,37.877784999844295],[-87.79142900005542,37.87566099996858],[-87.82977299956156,37.87642499990733],[-87.8396679999083,37.88078000000063],[-87.84644300035635,37.88799199967855],[-87.8464890003871,37.89353400029983],[-87.85678700024167,37.900192999705226],[-87.86378500027249,37.912397000177464],[-87.87502499958512,37.92286399978903],[-87.88280199976569,37.92619799976789],[-87.89811199972934,37.92758799986131],[-87.90446700005282,37.92517899995216],[-87.9114630004338,37.9187910000703],[-87.93730999972831,37.89207099981669],[-87.94074199979657,37.884500000049144],[-87.9407650002611,37.87789000023951],[-87.936879999558,37.86871599992794],[-87.9259239999275,37.85730400003095],[-87.9157030000658,37.850365000013106],[-87.90996700005853,37.84302799970372],[-87.90364699989516,37.81678499968242],[-87.90737500023943,37.80712899990728],[-87.93412899973023,37.79641399969101],[-87.93494300004011,37.79121099967264],[-87.93860400043721,37.78762899978445],[-87.9448550001053,37.77481000017881],[-87.9518399997173,37.7716949999038],[-87.95983299980794,37.77313299993711],[-87.97285100042645,37.78537099998452],[-88.00133999976879,37.79890700001089],[-88.01628900005743,37.80197100003698],[-88.02794900039297,37.7992340000442],[-88.0363159996791,37.79115700023925],[-88.04159300010207,37.76940300006378],[-88.04918299978655,37.75507299979579],[-88.0637520001336,37.73860900017615],[-88.07031400014631,37.73332300033654],[-88.09054599980739,37.72602300021868],[-88.10075099977554,37.71861299970453],[-88.12023299959915,37.71122700030072],[-88.12496500022408,37.70725200017738],[-88.13209299995121,37.697482000194526],[-88.13421500031536,37.69154000020095],[-88.14623299995287,37.68190399965218],[-88.15872099994364,37.66357299968739],[-88.1603009999845,37.655774999720435],[-88.15799299984751,37.636947999865406],[-88.15256300016199,37.62261099977271],[-88.14077999980282,37.60025600018482],[-88.14238300030819,37.592432000167044],[-88.14078300017586,37.58521699969426],[-88.13648900011717,37.577306999968194],[-88.10574000031842,37.55659400007496],[-88.08944399961743,37.53636599966701],[-88.07210000005148,37.52881100018185],[-88.06303499990811,37.515322999702775],[-88.06118500042885,37.502784999645456],[-88.06543000008375,37.48875999997833],[-88.06843799982947,37.48544900029329],[-88.07312199987548,37.48569100025144],[-88.0742559998525,37.481613999988795],[-88.08189999996368,37.4730429998632],[-88.08702599987558,37.47146400018502],[-88.09387599976837,37.47380300000024],[-88.12841099963771,37.470494999987174],[-88.1351609999714,37.4717539999585],[-88.19653899991832,37.46070299972431],[-88.22796800013263,37.457098999954624],[-88.25513699972515,37.456760999903665],[-88.27920700023363,37.45329199990199],[-88.30630700022917,37.44351099982542],[-88.31232100007078,37.44082199992497],[-88.31853999995181,37.43561899994001],[-88.32363300025176,37.43399200023605],[-88.33350599995889,37.42714800001023],[-88.34839800034612,37.410959999960355],[-88.36439000037518,37.40175400012631],[-88.37167000043827,37.40284400030382],[-88.37714699997947,37.40964400000055],[-88.3843369996309,37.41458600026183],[-88.39646800014461,37.42110700014938],[-88.40922899994688,37.42531500025125],[-88.43475999977221,37.418397999682675],[-88.4496630000301,37.41244200009773],[-88.46707899956607,37.39983900006117],[-88.47597200018029,37.38869700002504],[-88.48237900038231,37.36468500034781],[-88.48268499980574,37.353807999821264],[-88.48660700031876,37.34045799964431],[-88.5112519998642,37.2988980001097],[-88.51590300029827,37.28409099980686],[-88.51413699958628,37.27949799972567],[-88.51006400035882,37.275730000267274],[-88.50672699982684,37.264989000223096],[-88.50394199966387,37.26478699973204],[-88.50915499961441,37.26207499969776],[-88.51215400003761,37.26378899997202],[-88.51141000004796,37.26147699991525],[-88.50697299987412,37.25968799974049],[-88.50079099980302,37.25340199976337],[-88.48743699962384,37.244293999999],[-88.479092000079,37.228388000344204],[-88.47217400041413,37.22030699991458],[-88.45851700028626,37.21335400001596],[-88.4480379997834,37.203642000108594],[-88.43785399973164,37.17999799995051],[-88.43306000008077,37.16263700024227],[-88.4246569999113,37.15229100011472],[-88.43466400041106,37.12665100035744],[-88.44298399984152,37.11191800015063],[-88.44342400005756,37.10869399976641],[-88.44062600037414,37.108600000199836],[-88.44577599967717,37.09968300007386],[-88.44458300014894,37.09641900031018],[-88.44561400019379,37.093332000067555],[-88.45994099979318,37.074627999752195],[-88.48262399970636,37.067257000110075],[-88.4894059998271,37.06845599983231],[-88.50297199971838,37.06563999971845],[-88.51668599974768,37.065383999671944],[-88.5469249999085,37.070818999766836],[-88.56569600025274,37.07767300034905],[-88.56514999973146,37.07537299964874],[-88.56650999966429,37.07537400018243],[-88.57286300033793,37.07965599998282],[-88.57451600017372,37.084843999643084],[-88.58379200020427,37.09200000019698],[-88.58986499959713,37.09978500021877],[-88.61868899957354,37.11676800035533],[-88.62905900029644,37.12062199983611],[-88.64404200002195,37.12238899990494],[-88.69260800011298,37.14110499966903],[-88.7043739998554,37.14296999982282],[-88.7062030003166,37.1414930000069],[-88.70757900014294,37.14259100029558],[-88.7194600004114,37.140750999747006],[-88.732499000048,37.14394500016213],[-88.76149999957643,37.159612000055155],[-88.7840250002042,37.174926000043676],[-88.78718899958552,37.178553999682364],[-88.80260599967929,37.18773600033486],[-88.83509000022791,37.196492999732975],[-88.87718800001757,37.21226099973905],[-88.93151299968208,37.227427000265436],[-88.94192199986475,37.22882400009029],[-88.93268400036733,37.22526000009701],[-88.9531539996798,37.22481099991661],[-88.97294799967294,37.228466000041],[-88.96597800012954,37.229669999706196],[-88.97000799969929,37.23000400025024],[-89.00006500028522,37.224759999742986],[-89.01315400015052,37.21647800002892],[-89.02986599987982,37.21106499968231],[-89.07612800003182,37.175009000274585],[-89.08671200011665,37.16545100021481],[-89.09275500027059,37.15676299997237],[-89.09901099996155,37.14040600025601],[-89.10949999961181,37.12309299982706],[-89.12584999984118,37.10847599977004],[-89.14285199999867,37.099018999861734],[-89.14817700010221,37.09841700020535],[-89.15058200032358,37.093698999857594],[-89.14606999980667,37.0910040002428],[-89.15129799982583,37.08899500019385],[-89.15148699997171,37.090553999907115],[-89.15565499963373,37.087729000178],[-89.16707899996769,37.07540900021831],[-89.1738250001034,37.06630799965761],[-89.1778570002213,37.05779599965694],[-89.18246699974915,37.03916399994319],[-89.18015100011456,37.02371499983629],[-89.17017299992713,37.007067000023454],[-89.13655899959947,36.98375799965032],[-89.13291499981912,36.98205700027165],[-89.12344200014508,36.98319299968702],[-89.11094599975837,36.97779700012969],[-89.10103799989115,36.96708499971133],[-89.09898300037246,36.95822200017865],[-89.10164399978855,36.940728000068695],[-89.1088779998209,36.921610000260316],[-89.117115000309,36.88868499997976],[-89.1267739997559,36.871899999763016],[-89.13193400000299,36.857596000148625],[-89.1381090004014,36.847322999829345],[-89.15268100022318,36.84710500025424],[-89.1590049996862,36.84272899971025],[-89.17044300026387,36.84183999971942],[-89.17654400014413,36.83712099967234],[-89.17920100026058,36.82989599967288],[-89.17913299959021,36.81089299976082],[-89.17056299991447,36.797537999702605],[-89.15713699976527,36.78956899982053],[-89.13218699972298,36.78825699995214],[-89.12438000030349,36.785825999726235],[-89.12039699969111,36.78173300029243],[-89.1162430002728,36.77329200030547],[-89.11820200043034,36.762325999803046],[-89.1217750000656,36.755670000064896],[-89.12596700001703,36.75180900030502],[-89.13578899967054,36.75177699969866],[-89.1425020001943,36.755502999850215],[-89.15855399959949,36.7562290000734],[-89.16661100016255,36.75966999973595],[-89.17288699994499,36.75877100002169],[-89.1820270004314,36.755408000156294],[-89.18816699977143,36.75074399985679],[-89.19785600025385,36.73977200021172],[-89.20055199983004,36.73256699990057],[-89.20131199971323,36.722299999666056],[-89.19931099972291,36.715624000351355],[-89.18295299999596,36.69955200009436],[-89.17046199963212,36.69004800004582],[-89.16811000001252,36.68572899989413],[-89.16797100009536,36.67908899968761],[-89.17188400038755,36.67259800018542],[-89.1591179996641,36.66635399980873],[-89.17472700027683,36.65047499983811],[-89.1868560002424,36.642022000253455],[-89.19775300032168,36.62897099995553],[-89.20126499985756,36.61654499999476],[-89.20277100027856,36.60166499973959],[-89.21387400022216,36.57991099968418],[-89.22704599992815,36.56953700004237],[-89.23630799971502,36.566881000266314],[-89.25837700023318,36.564945999754514],[-89.26954600029904,36.56971600034299],[-89.29467500044146,36.5937789999395],[-89.31645000033346,36.624044000236594],[-89.32626399959105,36.63184000014734],[-89.3320339999335,36.63288100001692],[-89.34390199978318,36.631888000290644],[-89.36579700022409,36.6251259997737],[-89.37191499982278,36.62019600006664],[-89.37614399958414,36.614131999929555],[-89.38270999979481,36.58372199998814],[-89.39583299999532,36.55932499991862],[-89.39862599965589,36.54227599993379],[-89.41699399959397,36.49967799982194]]],[[[-89.57120299999157,36.55214200030341],[-89.56828499975921,36.54175999986424],[-89.55987400009215,36.52346699992536],[-89.53923200035227,36.49793399994869],[-89.48542700037142,36.49749099991454],[-89.47325599967472,36.5124159998464],[-89.46591299986243,36.5300150002719],[-89.46553499957065,36.53598899983624],[-89.46782000014142,36.546973999639434],[-89.47286099966452,36.55883999965504],[-89.47992999984042,36.56908699973943],[-89.48810600022918,36.57292500018443],[-89.51685200038777,36.57739699973262],[-89.52854100013731,36.58158199990622],[-89.54467499955825,36.58018799986298],[-89.55757400035108,36.57429700025614],[-89.56861399964718,36.562464999723694],[-89.57120299999157,36.55214200030341]]]]}},{"type":"Feature","properties":{"GEOID":"2105","NAME":"Congressional District 5","BASENAME":"5","STATE":"21","CD119":"05"},"geometry":{"type":"Polygon","coordinates":[[[-85.0643069997961,36.85874299997322],[-85.05916699964051,36.83309700019511],[-85.02637699966844,36.80691199970642],[-85.00409899981123,36.75623699976201],[-85.01986800025752,36.719934000135346],[-85.02012299962732,36.71784499991497],[-85.01400699967844,36.71590899991419],[-85.01360099979759,36.71383599999083],[-85.01868099967874,36.70843200028205],[-85.0176210002199,36.7069900002454],[-85.02145999999392,36.70398500015888],[-85.01885499975602,36.701450999699844],[-85.02046800030713,36.699954000222874],[-85.01917299977333,36.698406000089385],[-85.02047599980475,36.694349999843475],[-85.01808800020012,36.68935999970488],[-85.01672200041952,36.690216999677816],[-85.01510999969331,36.688587999950926],[-85.01277200031741,36.69055400016251],[-85.01110799971268,36.69009800030812],[-85.00979200016077,36.68634399967126],[-85.00546499959184,36.68421000029929],[-85.00705399985348,36.68060900023237],[-85.00126699979259,36.67673999983116],[-85.00573900012652,36.67131200005876],[-85.00947800034143,36.66934399992184],[-85.00900499961509,36.66810600008516],[-85.00581600011941,36.66821900035672],[-85.00491399994598,36.66586500007675],[-84.99992000027856,36.665628000171914],[-84.99819399974953,36.66340099969297],[-84.99768900013447,36.65516499974608],[-84.99905300026526,36.651886000129664],[-84.99735500022364,36.648757000025924],[-85.00412399992558,36.6433950003564],[-85.00452800015661,36.640136000068495],[-85.00334399995089,36.633601999958515],[-84.99932699990164,36.631342000050275],[-84.99946400016898,36.62455500014628],[-84.99106400037257,36.62195500006285],[-84.98911400043589,36.61886899994561],[-84.97796600028643,36.620413000321484],[-84.97704200037172,36.61884299971563],[-84.97859499975006,36.617449000060276],[-84.97481100022762,36.6154649998675],[-84.83003500021943,36.60453599980074],[-84.54047399998218,36.5963040000978],[-84.44889600023251,36.59621099973322],[-84.27154500033743,36.59170299993577],[-83.99994299978437,36.58985699965592],[-83.69078900029375,36.582596000286436],[-83.68265999976067,36.593108999871724],[-83.67621800029687,36.59793300033367],[-83.67443599969134,36.60362100010496],[-83.6635479998329,36.606927999737835],[-83.65710899984384,36.61302800008974],[-83.64931300029502,36.61677399975353],[-83.64770300011695,36.623082999979374],[-83.64072699982745,36.62476300002684],[-83.6341480000963,36.622937000343605],[-83.624016999748,36.625508999702724],[-83.61826099964924,36.628587000017625],[-83.61389600034374,36.634850000030994],[-83.60590099970499,36.637900999858054],[-83.60043199966141,36.63784899997503],[-83.58729599994041,36.642301000333674],[-83.58644900001858,36.64386299966629],[-83.58312400008046,36.6411039999951],[-83.57731600010317,36.64149599965045],[-83.574616000329,36.64433599970807],[-83.56605099977784,36.647165999987344],[-83.56242600026407,36.651249000020805],[-83.54681699965136,36.65413300028989],[-83.53705400044738,36.65893399980095],[-83.53230599992894,36.66196500011594],[-83.53240399983822,36.66468899975997],[-83.53014599992996,36.666049000250624],[-83.51558400015391,36.6677749999738],[-83.51243699959271,36.66960099972253],[-83.50574999990653,36.66894600015715],[-83.49921899985597,36.67043899987287],[-83.49280499998126,36.67018699972271],[-83.48268000037905,36.66618699991215],[-83.4666110003571,36.664709000121434],[-83.44783400016509,36.66531600026069],[-83.44354500012928,36.6671789997625],[-83.43635399975463,36.6662209997177],[-83.42471299968567,36.667340000342314],[-83.39648299991111,36.67690499987391],[-83.39523900032924,36.67770899997035],[-83.39587000034102,36.679425999945465],[-83.38680900039562,36.68661400016347],[-83.38123800024478,36.687326000298796],[-83.37526600023594,36.69072799996285],[-83.37109199982785,36.69068600014645],[-83.36497300040425,36.69409599994598],[-83.35876700004368,36.69350599995749],[-83.34763499978777,36.70019900002617],[-83.3097110004062,36.710638999963685],[-83.29663099986341,36.713604000056506],[-83.28829600036431,36.71371000018173],[-83.24547999962594,36.72594000013131],[-83.22371899997766,36.73025800015678],[-83.19483899992476,36.73944799986055],[-83.17482800019661,36.73917500022274],[-83.16802400033458,36.74064099969259],[-83.16712800000894,36.73933000032611],[-83.16312400037847,36.739298000274715],[-83.15249000006493,36.74270400017574],[-83.14441099976055,36.74163599968642],[-83.1351199996614,36.742629000001706],[-83.13299200034778,36.74609400004088],[-83.13442500007552,36.74935699974702],[-83.12798500026156,36.750645000252284],[-83.12863800001463,36.759655000000905],[-83.1255730003675,36.76162300035308],[-83.13254499956072,36.76439499985624],[-83.12956600012731,36.77018599987563],[-83.13308000021132,36.771678999679544],[-83.1289869999941,36.77578399967471],[-83.13323099982408,36.78458499986643],[-83.12316099957513,36.78669299980547],[-83.11825700031939,36.790415999976965],[-83.11064900019322,36.80048699984044],[-83.10433099967966,36.803997000243065],[-83.10256400004108,36.81126999990316],[-83.09848000004466,36.81351699990429],[-83.09850799963377,36.82379900030175],[-83.10193600040236,36.82823800011336],[-83.09902400001779,36.83181099986914],[-83.09090000040591,36.83459400033623],[-83.08745900011682,36.83822399998236],[-83.0751719999675,36.8407280002749],[-83.0740670003028,36.84579299997262],[-83.07584900001002,36.850693999769575],[-83.07283600024142,36.8544569999339],[-83.06424300010116,36.85158300033067],[-83.06074900010864,36.85394799979246],[-83.0477999999854,36.85167999988195],[-83.04137699988988,36.85495700027637],[-83.03570399963179,36.85411700007547],[-83.02660699970137,36.85555600027481],[-83.02207900018927,36.8499349998164],[-83.01277100037166,36.84692999989162],[-83.00657699970667,36.847643000269414],[-82.99858699998909,36.856567000016135],[-82.98899600031426,36.85915600030771],[-82.97857700008586,36.859812999778626],[-82.97079200040767,36.85764100003944],[-82.95157599982454,36.86618999975179],[-82.93767799967222,36.86731899998009],[-82.93429599983268,36.87023199967759],[-82.92830700010543,36.87041200021974],[-82.92246300014311,36.87389800010891],[-82.90782299965096,36.87476399980237],[-82.90738499998305,36.879298000264825],[-82.89515100043549,36.88223099988184],[-82.88446100004543,36.88849799998903],[-82.87868300020537,36.88953200024536],[-82.87741199996101,36.89550999972542],[-82.8679779997467,36.90004800021222],[-82.87737900034904,36.908471000037295],[-82.86975299978121,36.916496000131716],[-82.86734500008512,36.91726799974877],[-82.86712800035015,36.919090000013355],[-82.85766499982351,36.9286690001736],[-82.86230000036406,36.94133800014924],[-82.85988199972391,36.949172000004836],[-82.8557349999783,36.95381800031728],[-82.86593999994645,36.95833600003737],[-82.86743799997153,36.964162000104466],[-82.87010799960846,36.96497799993794],[-82.87098200019278,36.968482999908645],[-82.86896699995876,36.969654000276286],[-82.86960700019137,36.97334300017735],[-82.86746700028387,36.97804899972205],[-82.86258599969602,36.98026800011099],[-82.86041400000147,36.97837699988929],[-82.85698100010829,36.97884800011368],[-82.85650200043251,36.98204199964853],[-82.85357699962915,36.98529799981684],[-82.84980200032754,36.98358299969745],[-82.84524200013007,36.98376500035762],[-82.84100400014786,36.987098000112695],[-82.8372749999787,36.987280000256746],[-82.83505999972813,36.991476999721165],[-82.83017900003861,36.99435699993731],[-82.82898899998511,36.997869000039],[-82.83058599974439,37.0012190000554],[-82.82872000037159,37.00579800003404],[-82.82513799961721,37.00641899969943],[-82.8225249998817,37.00410600033386],[-82.81996599967455,37.00617200017098],[-82.81717300001398,37.00601300035486],[-82.81686199966934,37.007426999729546],[-82.81345499971545,37.005628999968934],[-82.7978850003591,37.00956200029908],[-82.79366499992025,37.00547099975506],[-82.78849800000047,37.00867200030469],[-82.78286300027554,37.00782100025541],[-82.77716499990309,37.01602299996247],[-82.77185300021836,37.015707000098615],[-82.76640900028912,37.0230840001651],[-82.75947900003038,37.02725500027015],[-82.7525809995587,37.026176999763166],[-82.75035199996273,37.02320099975088],[-82.74786200025088,37.024424999896695],[-82.74275899990519,37.04279599999093],[-82.73350600033918,37.0445210002434],[-82.72582399969484,37.04225200025698],[-82.72243299963448,37.04494900010576],[-82.72220000000597,37.05793599989233],[-82.72282900036792,37.061929000139706],[-82.72562399967829,37.06525499973275],[-82.72673699973892,37.07303900030554],[-82.7235959999238,37.07557600020829],[-82.71807800037473,37.07591799971362],[-82.7166549997944,37.07740600022603],[-82.72284400043651,37.08480099997231],[-82.72276200042077,37.089817000020396],[-82.72501699995598,37.09182199994282],[-82.72205600006593,37.09480499998077],[-82.72167899959908,37.10101500029909],[-82.72343299971719,37.10333100008206],[-82.72202599992869,37.1055699996499],[-82.72668800023341,37.11479399985816],[-82.7214130003586,37.12082999991259],[-82.71514900027174,37.121847999929436],[-82.70467200031702,37.12791400002624],[-82.68785699975726,37.13365900001872],[-82.68289200040215,37.13695099969686],[-82.67669500026243,37.134917000009814],[-82.66766000025628,37.1418940003189],[-82.65672299999403,37.144720000169414],[-82.65330400034458,37.15118799978197],[-82.65023799997422,37.15194300027809],[-82.64718900022062,37.150160000184925],[-82.64278300000893,37.15300300000765],[-82.63338099958169,37.154418000024435],[-82.62360900015689,37.164438000212904],[-82.60651300028806,37.17398899992546],[-82.59746200038842,37.17704500011878],[-82.59301900036678,37.180464000332506],[-82.59225600011055,37.18303900014311],[-82.5746940000864,37.190540000069625],[-82.55078799960941,37.20450299984874],[-82.54916999993375,37.20281300024927],[-82.54600400000429,37.20307599990477],[-82.54138199988253,37.20661000013604],[-82.53289800042052,37.206663999675875],[-82.53095000013366,37.20837400017654],[-82.5323469998764,37.21099499982272],[-82.53040899963527,37.213241999887046],[-82.52476700023765,37.21499099977587],[-82.52090800037212,37.212173000318764],[-82.50989499994188,37.21899000002848],[-82.50838799969597,37.222657999933915],[-82.49875500018835,37.227029000216135],[-82.49641000024144,37.22757499980186],[-82.4951599999135,37.22540399966997],[-82.49149400039182,37.22504499985034],[-82.48748200036545,37.22768200035392],[-82.4865500000548,37.23118800015854],[-82.47270100030629,37.23567799974587],[-82.46501399963908,37.23574900014571],[-82.46270100037755,37.238506000220966],[-82.45740300003818,37.23829099983856],[-82.44957900000196,37.243602000144634],[-82.44342299987011,37.243365999675504],[-82.43969399970095,37.247123000131076],[-82.43049300001346,37.24685899988052],[-82.41186999980724,37.25346300024822],[-82.39847399979526,37.255530000284516],[-82.3835439997732,37.260141999994524],[-82.37661900043565,37.25994300008618],[-82.34899999968303,37.26797499971382],[-82.34903499984313,37.27194500029521],[-82.34212899987382,37.27404999974046],[-82.34384100015914,37.280738999661146],[-82.34045699977148,37.281225000232666],[-82.33698700006839,37.279610000064544],[-82.33610400016155,37.281559000285476],[-82.32472500003344,37.283041999999156],[-82.31955999976346,37.28703199977621],[-82.31575000030175,37.29502899964633],[-81.96798399971976,37.538054000322035],[-81.96487200021697,37.54293700017519],[-81.96964699960128,37.54658099995927],[-81.9732390004014,37.546577000038404],[-81.98124400018763,37.542245000350725],[-81.9891059998587,37.54277999971919],[-81.99414899992992,37.537744999665634],[-81.99671399998486,37.538616000063904],[-81.99645899971672,37.541753999845774],[-81.99821299983483,37.543317000282414],[-82.00058399972102,37.54220899967354],[-82.00595200038059,37.53457300018249],[-82.01116899963077,37.53288099986063],[-82.01600599983769,37.53395399993455],[-82.01854599977825,37.540358000254464],[-82.0296379998512,37.53784899988663],[-82.0370169996485,37.54245899970407],[-82.0392410001199,37.54779800010466],[-82.04232099983565,37.54822499983329],[-82.04505099974702,37.54567500029247],[-82.04199799979546,37.53419299967712],[-82.04345900001061,37.53003100033496],[-82.0461549995868,37.52793999996349],[-82.04871700016702,37.529274999683466],[-82.04852100034843,37.53369499992996],[-82.05029899985767,37.535436000264426],[-82.06483499969445,37.53719599972553],[-82.0639099999548,37.54312499970556],[-82.07517899957976,37.555853000230556],[-82.08903200042455,37.55610800005422],[-82.10402600002071,37.552872000160214],[-82.10535499999139,37.554261999741286],[-82.10195999973307,37.55842000031647],[-82.10480799964522,37.56019099972058],[-82.11799699996796,37.558987000124425],[-82.12341400013301,37.551529999731365],[-82.13208500009107,37.55236599989434],[-82.13411100019574,37.55362700027233],[-82.13532399981548,37.55735099989363],[-82.13352600021474,37.56034499972287],[-82.13442400019021,37.56292800002686],[-82.14438399993597,37.566311000032144],[-82.14491399966539,37.567654999960595],[-82.14417800007163,37.56996799971803],[-82.14176399962943,37.57108599997751],[-82.12912099982796,37.57213800030533],[-82.12624000030384,37.57373800008394],[-82.12442199971332,37.57735799998225],[-82.12733999994568,37.58654499976845],[-82.13128800039794,37.59270700007992],[-82.13988499983786,37.59496700025217],[-82.14838199971864,37.59072000024981],[-82.15685100001033,37.59272299982097],[-82.15668299978087,37.60896899979851],[-82.16581499987137,37.60769299967252],[-82.1687749999365,37.60907999991336],[-82.16961400036072,37.61302700032244],[-82.16424599970118,37.62029000021313],[-82.16897499995305,37.621906999729134],[-82.17672600019436,37.61815200012884],[-82.18119799962997,37.62151000033543],[-82.18271599974653,37.62436999988218],[-82.18169100044778,37.62714700008131],[-82.17241200004418,37.63263399992357],[-82.17763599986537,37.64084899981281],[-82.17507500000839,37.64783199968656],[-82.18580600040633,37.648595000062535],[-82.19111600044126,37.64458599998378],[-82.18669900035891,37.635141999995774],[-82.18592900042997,37.62891000005005],[-82.18722800026342,37.626984000167994],[-82.19225500044112,37.62565399975272],[-82.20089000041418,37.62799000012593],[-82.20485399986168,37.62523499992996],[-82.21449899996317,37.62540000009962],[-82.21595299960731,37.62620900007242],[-82.21459500022264,37.62743500029828],[-82.22050299975905,37.634768999714396],[-82.21684800010804,37.64159799972474],[-82.22415499993534,37.644713000206714],[-82.22615599992565,37.65291299983837],[-82.23344199983654,37.65568599967728],[-82.23606600034103,37.65963400006753],[-82.2408940003271,37.66153099967873],[-82.25190100001123,37.65684700013746],[-82.25806800001374,37.656883000148206],[-82.27131199968974,37.66361700005767],[-82.28248599977847,37.67592500028076],[-82.28450100001248,37.675235999986576],[-82.28811899985358,37.66810799967733],[-82.2945610002157,37.670432999852636],[-82.29503200039387,37.678053000309404],[-82.30431400027221,37.676092999901336],[-82.30406800022492,37.67830699981105],[-82.29592399962324,37.686181999714464],[-82.3029400000957,37.69361100014478],[-82.30195799955634,37.69680400000753],[-82.2966890004276,37.699859000209706],[-82.29637499970994,37.70218499969892],[-82.30034499990353,37.705815999731904],[-82.30767799967009,37.70800599999899],[-82.31079699974389,37.71325500015574],[-82.3114229997328,37.71847399970243],[-82.31610500012899,37.72108100004432],[-82.31885400030694,37.73369500022286],[-82.32734399961672,37.736409999869636],[-82.33417400031635,37.7427709997678],[-82.32774500037303,37.749216000354366],[-82.32128799994231,37.75156300006918],[-82.3196469998021,37.758290000234624],[-82.31098199969182,37.76124000024074],[-82.31154499993153,37.76457900029905],[-82.31682499982921,37.76545500029612],[-82.32852000032484,37.76211799986012],[-82.33338000009796,37.764413999936075],[-82.33360500022886,37.76715000020657],[-82.32305799995395,37.77267800004322],[-82.3238859996092,37.774995000007735],[-82.33746499991928,37.774913999755775],[-82.33954799992539,37.77709600024016],[-82.34008600005072,37.78562500008821],[-82.3490259996223,37.78693300022109],[-82.35505299988272,37.79335399999973],[-82.36388899969721,37.79500200029646],[-82.36903700024872,37.80125899977652],[-82.37664100017695,37.802206999661465],[-82.3799829998335,37.811188000346476],[-82.38672499977129,37.81822499990734],[-82.39662199976786,37.80893200020677],[-82.4013219997074,37.80951200017593],[-82.40220299996444,37.81293700034766],[-82.39822699992305,37.82137800014832],[-82.39934599983144,37.829523000106185],[-82.4086570000221,37.83606900012885],[-82.4129369998371,37.84480099964533],[-82.42049300008472,37.84643299979447],[-82.41470900039688,37.85596999979562],[-82.4246230001119,37.86144900021629],[-82.42268099967279,37.86385900005196],[-82.40970800015843,37.86554200015805],[-82.40751299999935,37.86729699987028],[-82.41755999978375,37.870278999726374],[-82.41939199971968,37.874614000216134],[-82.41992900002012,37.88486999979136],[-82.43203200004642,37.88987600007151],[-82.43756499966409,37.89978599995293],[-82.44733100013944,37.90385699981038],[-82.45189600035977,37.90855100032196],[-82.4599940000324,37.90953599981834],[-82.46299099990746,37.91481999967379],[-82.46796500038172,37.913927000157216],[-82.46838200013323,37.903206999815886],[-82.47138999987895,37.89908599965867],[-82.47440699984551,37.89995499983944],[-82.47643299995019,37.90272500021741],[-82.47424000033925,37.90736499977721],[-82.47557400033278,37.911842999754896],[-82.47928900025826,37.91470099974917],[-82.4883460000057,37.91772399966829],[-82.48771400016903,37.91999200003513],[-82.480762000169,37.92464599976288],[-82.48065699968869,37.926168999848045],[-82.49594099971308,37.92695399967784],[-82.50219800012727,37.933051999823434],[-82.49995399956438,37.936820999986594],[-82.49134000040604,37.93574300026994],[-82.48927699959312,37.93821699983847],[-82.49696900028319,37.942019999648224],[-82.49757099998264,37.945951999990896],[-82.48555900019292,37.94580600001024],[-82.47177499984343,37.95873899981253],[-82.47221699970929,37.96051700028229],[-82.48445899965277,37.963577999823094],[-82.4844310000637,37.970921000162264],[-82.48122400012635,37.973072000112815],[-82.46885099976329,37.973229999867236],[-82.4645569997046,37.97744099971706],[-82.46456599992543,37.983876000125235],[-82.47218999994512,37.986710000172216],[-82.48359400018761,37.98384400035372],[-82.4860720002039,37.98986599966966],[-82.4860579999602,37.995646999913006],[-82.48865499980221,37.998911999999386],[-82.49985999985304,37.99889600020895],[-82.50842399968099,38.00150699989366],[-82.51363599980661,37.99909499992024],[-82.51919299971375,38.00113100021149],[-82.51554700028358,38.00660699978788],[-82.51975500012855,38.00837500034749],[-82.52506900036143,38.017503000008894],[-82.52631799996615,38.026970999655234],[-82.53192099990405,38.02929200022117],[-82.5387180000934,38.03740000009083],[-82.53709899969448,38.04465099988971],[-82.54415500034992,38.05259199970928],[-82.54484300026309,38.059075999836764],[-82.54949999964663,38.063233999708665],[-82.55036099981216,38.07010600015282],[-82.55963199981986,38.072781000310776],[-82.56598899979315,38.08099699986566],[-82.57385300001235,38.0819190002587],[-82.58335699964853,38.09003200016795],[-82.58554599995983,38.09497299988624],[-82.58534199974534,38.10663399984808],[-82.58700600035009,38.108663999884484],[-82.59241199974615,38.110415999650215],[-82.59869099990165,38.11669499980818],[-82.60616099993555,38.12078499984205],[-82.61922800005955,38.12053999984253],[-82.62090199981172,38.12278700024938],[-82.6218349999473,38.13329100024905],[-82.63543299962564,38.137251999803134],[-82.6376489997011,38.14089200027463],[-82.63862799986741,38.155914999855625],[-82.64453899977686,38.165248999980236],[-82.64295200006333,38.1694459997628],[-82.63721600005606,38.171389999907554],[-82.61936500032691,38.16887699983282],[-82.61252600030477,38.17061199970556],[-82.59913699996548,38.19720499991335],[-82.59848500003733,38.21791300032005],[-82.60861499966241,38.22349899971422],[-82.6124790004491,38.23529300002146],[-82.60867199956382,38.243968000272865],[-82.60531400001372,38.24736800021],[-82.5857269997098,38.24572599984721],[-82.58113100042563,38.24896700023442],[-82.5746239997662,38.2639369997117],[-82.57409800023473,38.27463500032269],[-82.5787859995804,38.28194400031967],[-82.57950100015607,38.29098699977905],[-82.58303500033158,38.29680699999028],[-82.57155099972314,38.31557900033733],[-82.57672000019109,38.328515000050245],[-82.58458799970994,38.33373300015764],[-82.58916100032619,38.34026000019839],[-82.59550700042882,38.3424890001566],[-82.59812099998925,38.34593300029432],[-82.59759399973457,38.364912000020915],[-82.5927380001594,38.37680699978903],[-82.59945800035585,38.390781000210374],[-82.59873299973445,38.39376199987973],[-82.5945540002018,38.39826899977218],[-82.59704800011161,38.411215000113486],[-82.59597199986094,38.417879999976066],[-82.59340900035413,38.42188000016797],[-82.60054299992906,38.43746000015465],[-82.60364600010932,38.45922299975889],[-82.61194200014867,38.473067000289255],[-82.64532700014747,38.48866700007515],[-82.65359499969941,38.493842999958815],[-82.6654220004395,38.50577899982325],[-82.77028800024611,38.43292299976615],[-82.77437100041762,38.42856199985422],[-82.77473899976533,38.42471199973913],[-82.77707299984161,38.421793000327256],[-82.77376200014717,38.41831300030884],[-82.77964499956923,38.41390600021381],[-82.78240100031817,38.41447299985326],[-82.78522300029105,38.4121029999006],[-82.78826700002179,38.412905999767034],[-82.79011900004919,38.406875000029174],[-82.78879699975121,38.404728000160816],[-82.79379200014188,38.40078299978401],[-82.79821099987404,38.400148999863156],[-82.79950700023275,38.39796200034769],[-82.80367200042002,38.39774699965116],[-82.80965100010152,38.39437300000983],[-82.81121299970073,38.3886490001697],[-82.80884400036268,38.38709700003447],[-82.81770199991848,38.376682000331485],[-82.81745400022136,38.373935000019316],[-82.91271199973642,38.39894900028112],[-82.91774200028716,38.3969580000223],[-82.92916700044604,38.3969799996557],[-82.93459399975852,38.398053000276306],[-82.93625599981513,38.40137200001682],[-82.93891100028176,38.40188700028327],[-82.94223399967174,38.39885399985934],[-82.94779899997478,38.399974999838555],[-82.94978599972141,38.39827799997182],[-82.95314199962168,38.39947500035],[-82.95263199998374,38.3965390003497],[-82.95638899974199,38.39602900011124],[-82.95717100026481,38.39424100016548],[-82.97064799956934,38.39366599990965],[-82.97271899987986,38.39879499986057],[-82.97955299987913,38.399066000280776],[-82.98399000005296,38.401757999765394],[-82.98477300040068,38.4047350003165],[-82.98711699962435,38.405356000265456],[-82.98634000002274,38.409426999890435],[-82.98779000036723,38.410891000232446],[-82.9903720001406,38.410002000082045],[-82.99256099955359,38.41220300020125],[-82.99623299982134,38.410265999692726],[-82.99859200001195,38.41189600012663],[-83.00088599990524,38.410592000046144],[-82.99927999992512,38.395080000237435],[-83.00589399981637,38.39804800030643],[-83.00759699988086,38.40049000020184],[-83.00798600004329,38.39901599985882],[-83.01242700041507,38.39750199968253],[-83.01669499963619,38.397561999751616],[-83.01009499998865,38.38862600027112],[-83.02394200008733,38.38745100024978],[-83.03230300042401,38.3841799997594],[-83.0447100002239,38.38604800008594],[-83.05364599959753,38.38306099978077],[-83.05560899995302,38.38755000029832],[-83.06292500000113,38.38660400000639],[-83.06903099990426,38.38409400020586],[-83.06921300037747,38.3773700003085],[-83.07088999960438,38.375855999743585],[-83.08077099970743,38.37768599977995],[-83.0852609995847,38.37679699972774],[-83.08202400040842,38.37108099976656],[-83.07802400007762,38.36861800013057],[-83.07902900018318,38.36763799989264],[-83.08267899981132,38.36873299966576],[-83.08278599994145,38.36528499995249],[-83.08423999958559,38.36426900025803],[-83.0884640002224,38.365955999994256],[-83.08719100032823,38.36738199995868],[-83.09037499980104,38.37262700017786],[-83.09710500004323,38.37314799986925],[-83.09893100013137,38.37238800002],[-83.09624100040297,38.367642999852066],[-83.09721600037133,38.36640800008258],[-83.09943999994441,38.36713499967302],[-83.10236999987231,38.3653890001648],[-83.10622299989005,38.36913399995341],[-83.10997799999848,38.36597600029468],[-83.11001999983128,38.3622910002576],[-83.11143900021364,38.36136999986985],[-83.1129770004217,38.3647610001856],[-83.11476199960363,38.36523900008187],[-83.11443699991362,38.361352999659985],[-83.10807499991745,38.35908399967723],[-83.12087300042793,38.358214999653896],[-83.1215110001124,38.34639500003062],[-83.11544399966903,38.343730999751244],[-83.1192370003106,38.339300000001046],[-83.1267009995984,38.339010000279934],[-83.12743399971743,38.33567699976754],[-83.1398720003778,38.33540199985453],[-83.15904000038208,38.34118199975126],[-83.16619599969829,38.337799000059185],[-83.1705550000543,38.33780999971188],[-83.17171199959755,38.3362329998623],[-83.17733200015218,38.33899500010486],[-83.17845500025852,38.335058000287596],[-83.17554399969889,38.33140500007351],[-83.17721999999918,38.32460000003387],[-83.19562899994517,38.33233500030423],[-83.20173800022134,38.332814999867814],[-83.22401100005571,38.32797800017949],[-83.2424710000553,38.316571999908504],[-83.25154600024442,38.31515799997649],[-83.26135399965422,38.31113199987399],[-83.27645899957848,38.30988200011103],[-83.28544099988116,38.30591100027115],[-83.29700099975925,38.31242400020065],[-83.30669600008947,38.3134839998134],[-83.30936099970351,38.31528500023566],[-83.32201500027396,38.31380799967789],[-83.33217500003626,38.31481999971256],[-83.33860999982737,38.32015800002945],[-83.34123199978373,38.31765100034041],[-83.34240900031675,38.32000200018103],[-83.35186500027235,38.32230099991548],[-83.35633599988306,38.321868999868364],[-83.35902399996164,38.324027999700064],[-83.35772299958006,38.32755499997582],[-83.36414300020085,38.32831800035109],[-83.36174800002523,38.33248600011482],[-83.36384399955179,38.336455999748345],[-83.36352700025769,38.342611999936466],[-83.36586800000664,38.343825000241246],[-83.36800000041653,38.348174000295806],[-83.37231500039164,38.34896100006193],[-83.37190199993977,38.351130000185094],[-83.37737099998334,38.35341000016829],[-83.37714000000466,38.35552899998006],[-83.37959999957928,38.35755999983177],[-83.37797600005584,38.359063000038766],[-83.37821899973008,38.36252999995144],[-83.38425900040929,38.36411300028703],[-83.38851800030787,38.367721000301394],[-83.39058399969721,38.36597900005753],[-83.39235000040922,38.36655600026468],[-83.3923720001505,38.36939900030112],[-83.39470299985372,38.369933999999425],[-83.39476899997597,38.372509000295814],[-83.40019399963862,38.37516500007231],[-83.39806899979973,38.37840200033053],[-83.40124999979783,38.379595000300235],[-83.4005640004328,38.3897530000785],[-83.40309699980234,38.389740000212726],[-83.40384199961693,38.39208800013273],[-83.40936900028514,38.39200600001336],[-83.40963200005088,38.394287999668315],[-83.41233900039603,38.39470899993443],[-83.4120969996484,38.39650199964859],[-83.416723999793,38.39626600013525],[-83.4257420000807,38.390916000171565],[-83.4253479998954,38.38957100033663],[-83.42727500026587,38.38826899992734],[-83.43289999994506,38.389427000084744],[-83.44026600022191,38.38840699989048],[-83.44419299985948,38.38700499983012],[-83.44446400002114,38.38319999974055],[-83.44646500001146,38.38064200027307],[-83.45284799992402,38.38179900008248],[-83.45357699984507,38.377457000106794],[-83.4569300002706,38.37473000033914],[-83.45642999978008,38.372607000306886],[-83.46310200029596,38.37319599975484],[-83.46502299992035,38.37183099991834],[-83.4625060004443,38.3688139999943],[-83.46391700043075,38.367013000130584],[-83.45806400024762,38.36198599997381],[-83.46328499969576,38.35841400029309],[-83.47057700035275,38.35521599976747],[-83.47277699963638,38.3572769997778],[-83.4713909997643,38.35861299968092],[-83.47379699981057,38.36055599984312],[-83.48198300024504,38.35971599986628],[-83.48882399991703,38.351674000018015],[-83.49926599971162,38.34935099996815],[-83.4977700002347,38.34630699980483],[-83.5014170003881,38.34247900028563],[-83.49578699978773,38.33966699982801],[-83.49614099979004,38.33704299981659],[-83.4946650004046,38.33593100004108],[-83.49799000034272,38.333885999662506],[-83.49749599969999,38.3326729999435],[-83.49448399975631,38.33188899984783],[-83.49290100024072,38.327924000051055],[-83.49070799973148,38.329213000068805],[-83.48808599977514,38.32449599973232],[-83.49070699990656,38.32299799982837],[-83.49535300031776,38.32430299978696],[-83.49541699989186,38.32210699970707],[-83.50148699980998,38.31615799994311],[-83.50087099986683,38.31302299974731],[-83.50531600043658,38.30470600003001],[-83.50534700039871,38.30020700012318],[-83.50355200027272,38.297500000150166],[-83.50452600041616,38.29517300020295],[-83.51428100012251,38.292054000108436],[-83.51243699959271,38.28460699971178],[-83.50976399958274,38.28326199999784],[-83.51057899971752,38.28116100022157],[-83.50792699962396,38.27788000024234],[-83.50795299956322,38.27315499998591],[-83.50555599973778,38.27233599966011],[-83.50716000006807,38.269446999854985],[-83.5115620000818,38.26975399977976],[-83.51630999970193,38.26600299978506],[-83.52229799960428,38.267240000119145],[-83.52278399985109,38.26527599970978],[-83.52057899964625,38.26377799981026],[-83.52400800023977,38.26012399975219],[-83.52114199988597,38.25749399994632],[-83.52499900010166,38.25461700010573],[-83.529015000326,38.25541600011676],[-83.53492399968731,38.25402800030296],[-83.53788899977533,38.24971999975374],[-83.53560199955474,38.24855299973272],[-83.53928300004335,38.245228999727374],[-83.54398200015798,38.244763999698264],[-83.55374199988721,38.2397819997658],[-83.55987999957739,38.23100699972812],[-83.56033200038732,38.220903000023704],[-83.56397000031988,38.21673100000621],[-83.57712600013238,38.21374599965422],[-83.58194800027067,38.21844499988588],[-83.58679200015027,38.21828000022575],[-83.58710599996962,38.21488400001356],[-83.59279799959596,38.209782999757294],[-83.59713100001271,38.20930600008656],[-83.60049000028603,38.20347100033322],[-83.60958499966831,38.20155400034983],[-83.61246199989279,38.20323599990364],[-83.6150820001993,38.19317199983815],[-83.61884599963025,38.19257300002655],[-83.6230440003278,38.19473900031918],[-83.62731900011991,38.191803999785805],[-83.63301599976913,38.19262499973876],[-83.63517300029338,38.19024499985757],[-83.63885399988365,38.178270000184064],[-83.64614999984028,38.171000999785285],[-83.64961600024371,38.17632999973326],[-83.65097500035162,38.18599499969513],[-83.65917699978131,38.201521999730645],[-83.6668989997103,38.20154999983202],[-83.67163499963486,38.19696099994128],[-83.67895200040621,38.2056100000719],[-83.68268300022521,38.21395500004328],[-83.68459600035197,38.214631000281294],[-83.68903400035072,38.211066000111785],[-83.6944120001577,38.20938500026728],[-83.68934399997211,38.19760800002403],[-83.69639200023163,38.19755299996339],[-83.70049899979425,38.20167800005726],[-83.7012279997153,38.20777499987212],[-83.69666599986802,38.21277200022137],[-83.69833499959732,38.217590000223545],[-83.69713200002333,38.22483500028961],[-83.69144200004682,38.23113899996304],[-83.69138000012254,38.23491199987857],[-83.69560700023408,38.24361700003148],[-83.69277600004035,38.24718999978914],[-83.68464200038272,38.251780000082],[-83.68503900004276,38.255864000158184],[-83.68848700000453,38.26191199981903],[-83.69197699979911,38.260158999901556],[-83.69360399969561,38.250672999716464],[-83.69945000020606,38.24605799995186],[-83.70906799964506,38.24378400022904],[-83.71599700007889,38.250108999829536],[-83.71944599986558,38.24699700018788],[-83.72019599970304,38.239170000311894],[-83.82267599955486,38.19689300023161],[-83.85199099980095,38.20298400020425],[-83.85665200028076,38.20542399988877],[-83.87964800018838,38.20814099986802],[-83.89157499958931,38.21490400034825],[-83.8945599997688,38.21884999971103],[-83.89777900030003,38.22929000035174],[-83.90415999966444,38.23439199974013],[-83.92045200016747,38.208609999855334],[-83.93435699999249,38.20045999983741],[-83.93287499986093,38.19848299995725],[-83.92830999964059,38.20028199967295],[-83.92670200001064,38.19847499999582],[-83.92307599977366,38.19902300026438],[-83.91847299991845,38.197355000248415],[-83.91106800018188,38.18704900033164],[-83.89791599966905,38.18632900020767],[-83.88545299979265,38.18209100016682],[-83.88468100021389,38.17854400023111],[-83.87924999980513,38.1724309999694],[-83.86677799970789,38.17326999983359],[-83.86573900016543,38.178758000262604],[-83.86258499993153,38.18354099999093],[-83.86093600029372,38.18335999987654],[-83.85657399956465,38.180776999775546],[-83.85208000038773,38.18056499980091],[-83.84762099957427,38.1758340000128],[-83.83953700014536,38.17274399991021],[-83.83559700008898,38.160927999764795],[-83.83369200035814,38.15936599975332],[-83.82388700042307,38.15874700008421],[-83.81392799960389,38.16074999976341],[-83.81090999981244,38.159053000287585],[-83.8098300002621,38.155439000084336],[-83.78782199984329,38.153258000111926],[-83.78537899998709,38.148197999893256],[-83.78015400034099,38.14376300005983],[-83.79135799966863,38.14153900014204],[-83.79359499966048,38.136800999970745],[-83.7821970001641,38.13568200024993],[-83.77848100041372,38.125593999911075],[-83.77299200027865,38.12751799996559],[-83.77039600026158,38.13279200004174],[-83.76768999974132,38.13232999981169],[-83.76721100006554,38.12900500000013],[-83.77158200011712,38.12383200000535],[-83.77003600041147,38.11844999997786],[-83.765913000057,38.11637299975699],[-83.75833699971788,38.11619700000692],[-83.75989099981945,38.11419399976229],[-83.76428299978744,38.11292499988967],[-83.76329100010066,38.107742999846124],[-83.75286500019956,38.112813999739444],[-83.7462489997602,38.11210500004017],[-83.74404600010351,38.1103539999344],[-83.7187649996251,38.10933900005614],[-83.72695400043263,38.092556999651805],[-83.71469099967443,38.09020500018756],[-83.71364299991114,38.08889600022798],[-83.71435900031173,38.0808050001634],[-83.7071620000893,38.07238600017013],[-83.70075099968932,38.07124000001856],[-83.69809600012104,38.06595500001682],[-83.6979749997472,38.058856000170806],[-83.70129399983753,38.05799499992854],[-83.70618299992299,38.05938599965817],[-83.70407499980256,38.03506299990539],[-83.69851299987255,38.01819999999191],[-83.70533099997829,38.01435300030075],[-83.70631500016746,38.010658999782],[-83.71218699971885,38.0096930000811],[-83.71694100008511,38.003361999993764],[-83.72714600005327,38.006998999852875],[-83.72723300009189,38.00871699991489],[-83.73069000027448,38.01044400020906],[-83.7357390001935,38.00703899985725],[-83.73813799966877,38.01016899977046],[-83.740511999928,38.00714899975667],[-83.74388899974466,38.00705399985325],[-83.74745100040757,38.00396700013337],[-83.74499900033054,38.00190900031683],[-83.74524700002766,38.00014000004539],[-83.74794900034993,37.99932299987898],[-83.74866999987508,37.997094999808056],[-83.75202199957738,37.99697200031737],[-83.75637599991053,37.99262800032937],[-83.75942999968701,37.99873100013142],[-83.76188299958895,37.997807000340536],[-83.76207500010788,37.992357000277416],[-83.76537499993165,37.985736000126685],[-83.77435300003638,37.990127000248265],[-83.77580800040376,37.98677899999831],[-83.7739110001705,37.979516000211945],[-83.77499300026899,37.97461299996782],[-83.77350199991659,37.973878000026545],[-83.77719299955261,37.97157800012739],[-83.7726929996296,37.96726500005535],[-83.77415499966966,37.96345800017667],[-83.77011199968113,37.96130999989489],[-83.77519099973738,37.956309999820334],[-83.77408699989759,37.95412699969464],[-83.77526899955518,37.93907700003412],[-83.77269400035281,37.93756900027313],[-83.77280700033073,37.932802000306665],[-83.76756000004498,37.93163499990548],[-83.76431200009975,37.92879299987434],[-83.76629399982352,37.92699700024419],[-83.76535900003813,37.92462400028894],[-83.76878299971045,37.91837099989037],[-83.75609600042635,37.91417000013978],[-83.75653800029225,37.908050999690815],[-83.75906800018707,37.90505799976932],[-83.75617599989398,37.8996800001113],[-83.67740699962715,37.85650200013145],[-83.6738130000755,37.85258499983678],[-83.66735200034513,37.85244699990025],[-83.66804100008322,37.84882000010884],[-83.67567099995071,37.84401600035187],[-83.6722079999203,37.84241999987463],[-83.66621800036812,37.84585400002862],[-83.66127300020618,37.83989000021476],[-83.66296000037715,37.834735000231234],[-83.65655599964988,37.83219600020787],[-83.65081799999278,37.835202999992696],[-83.64763699999469,37.83353100027504],[-83.6432159997144,37.825946999941294],[-83.63105999998464,37.82537200024925],[-83.70797399985102,37.71646299979465],[-83.71248399981978,37.720226000147825],[-83.72119599978572,37.716236999786716],[-83.73973000030351,37.71730299967345],[-83.7492840001684,37.715162000158486],[-83.75272899975712,37.71183900015009],[-83.75279300022956,37.709325000276365],[-83.75978299986443,37.7061229998571],[-83.76034899957885,37.70242200012043],[-83.76530299996163,37.70218000030263],[-83.76572499973602,37.699920999900364],[-83.76986900000689,37.700203999836205],[-83.77000700009916,37.6966560001697],[-83.7756929998777,37.69672499965059],[-83.77829300009276,37.694672000041095],[-83.77788700021188,37.691335000220995],[-83.7807829998046,37.68780699986714],[-83.78738199962724,37.68645799998301],[-83.79111800036742,37.681619999954854],[-83.80219899967139,37.67770200002599],[-83.80282600038352,37.67303200003913],[-83.81021299967844,37.66756099982925],[-83.81605199961787,37.66793899998302],[-83.82231300023001,37.665443999695725],[-83.82408800026452,37.66297399969666],[-83.82318000024331,37.660203000146105],[-83.81439799995718,37.64470500023832],[-83.81073499991025,37.644737000106836],[-83.80689600013622,37.642468999828466],[-83.80812299999965,37.63603499984397],[-83.81857099964205,37.63305799979521],[-83.83245999957352,37.63625899987877],[-83.84355500001952,37.63095800014668],[-83.86500000019863,37.61690500010799],[-83.86581199996036,37.612269000221666],[-83.86119999988435,37.609016999907],[-83.8580980004273,37.60920499991488],[-83.90556999982599,37.54285599991314],[-83.93984600012756,37.57317300000987],[-83.9652439998835,37.581421000152034],[-83.99351200019123,37.57341799988792],[-84.0450230002788,37.563572999647555],[-84.09036399999081,37.5662269996765],[-84.14206300039935,37.56483899988768],[-84.17183600040485,37.55754899985677],[-84.199488999696,37.52285799988215],[-84.21220000016787,37.52397499988481],[-84.21521299993647,37.52568400006226],[-84.21918599960479,37.5249780002139],[-84.22370099959642,37.52726700015826],[-84.22832500026631,37.52541099970322],[-84.23491599969303,37.51970399967195],[-84.23941599961604,37.52370699969395],[-84.24824300010802,37.52486099988929],[-84.25333800005781,37.523174999737854],[-84.25547999961512,37.518351000344744],[-84.26297700031151,37.515568999922124],[-84.26826800007987,37.51527899993143],[-84.26998600021297,37.51967099982384],[-84.27763699999684,37.52365999972872],[-84.27966599957625,37.52279900006826],[-84.28693300011886,37.524607999881404],[-84.29219700012304,37.523073000306624],[-84.30172400022377,37.52326400021039],[-84.30253099996263,37.52999399996971],[-84.30038900040532,37.53024899991925],[-84.29827399971386,37.534879000036895],[-84.3039290004286,37.53742400005516],[-84.30706699987066,37.535118999798385],[-84.30748399962218,37.530679000290206],[-84.31362300003558,37.52817700000115],[-84.31820400014945,37.532268000137314],[-84.31729000028048,37.53467599970101],[-84.31933899995138,37.53798699965447],[-84.32324499967254,37.539109000025405],[-84.32637200014227,37.537195000331785],[-84.32995499982326,37.5395179997404],[-84.33698999966398,37.53606299986703],[-84.34462700010248,37.53987600006342],[-84.34899300013119,37.53792600021703],[-84.34879200028973,37.53424299985419],[-84.3509370002201,37.5343540002701],[-84.34997499977221,37.530470999651605],[-84.35354199955968,37.52159899980244],[-84.36089399959282,37.51573200017407],[-84.35877999962459,37.50533799994465],[-84.35431700040981,37.50221999975475],[-84.35488399994915,37.499076000123054],[-84.35752599999698,37.497208999862835],[-84.35746800027067,37.49494999969762],[-84.36189399967552,37.490441999852095],[-84.36227299979222,37.4881709996844],[-84.36634400026813,37.48609700031149],[-84.36764700029954,37.48090300028266],[-84.37043900013519,37.480084999721996],[-84.37444000029092,37.47266299974842],[-84.44671899961678,37.48589299976356],[-84.4526060001351,37.49286599979278],[-84.45613799976246,37.4916149998752],[-84.457800999644,37.492909999945695],[-84.46416699983811,37.49286199984239],[-84.47079900017101,37.496586999835536],[-84.47320299966917,37.49443999999443],[-84.61847099977194,37.59305100016053],[-84.61746400001654,37.59872399969215],[-84.6206850001976,37.60291599979841],[-84.63269199996444,37.60097399970335],[-84.64363300042467,37.61259999991481],[-84.64591899992202,37.60944599994538],[-84.64855900032003,37.6098969997263],[-84.6489509999572,37.61558499989453],[-84.65229599998682,37.61852199995595],[-84.64792599976013,37.62039399975606],[-84.64574499984475,37.62413400022376],[-84.6409469999959,37.61881399974645],[-84.63602199992545,37.62176500015549],[-84.6412080001118,37.62392000001848],[-84.64466799976915,37.63234499968176],[-84.65143599964617,37.633701000255996],[-84.65144900006496,37.63633300031989],[-84.6488959997056,37.63859999996051],[-84.65086300025906,37.64036900011085],[-84.66010400012952,37.63308000013193],[-84.65708499961482,37.632066999700584],[-84.65212199990953,37.62585600015132],[-84.65838099997353,37.61775199997538],[-84.66014400031248,37.617767000286776],[-84.66075500023275,37.62213200004648],[-84.66366099987124,37.625199999868464],[-84.66514899985056,37.62488899998038],[-84.6642430003775,37.621954000344964],[-84.66616999984967,37.61750400022262],[-84.67411199988666,37.61580400013467],[-84.67715499979249,37.6176149996949],[-84.6749150003259,37.62102199984286],[-84.67609500033365,37.623815999716186],[-84.68043799989783,37.623441999848446],[-84.6838070002169,37.62098999972197],[-84.69026399974929,37.62559500021599],[-84.69053699956078,37.62172999988319],[-84.69383800010777,37.62052199976004],[-84.69637200020057,37.617282999811934],[-84.689284999583,37.61436500003509],[-84.6882850003986,37.61250499982898],[-84.69544200043805,37.61005799970835],[-84.69609799966585,37.607723000080696],[-84.72374500000757,37.591296999960065],[-84.74698600013758,37.58561200027971],[-84.7441709998374,37.59735400012838],[-84.75537099986538,37.59609599984019],[-84.75396499990183,37.59354999981419],[-84.75624200007664,37.59208900015358],[-84.75682600023275,37.58836199995645],[-84.75285799968897,37.588540999750364],[-84.74731199965252,37.585532999760815],[-84.78368900040182,37.57662400008534],[-84.84743400003696,37.54834299978556],[-84.85708599981115,37.5285189999185],[-84.85792299968723,37.484067000044945],[-84.8601300004402,37.467350000083165],[-84.85081599987649,37.42714299995632],[-84.79610399969935,37.39055599975565],[-84.7228260001157,37.36004300029921],[-84.70612199988406,37.299835000300845],[-84.71203600016655,37.29846700002675],[-84.71382899974441,37.293680999951555],[-84.72416500013213,37.28667500026604],[-84.72238300042493,37.28467200021355],[-84.72305799991932,37.27434499979798],[-84.71995800011207,37.27168799967746],[-84.71993999967042,37.25746000027439],[-84.71595199993347,37.2526490002248],[-84.71997700037865,37.24958100018818],[-84.71801900004603,37.24654900032882],[-84.72113999976966,37.24316399983848],[-84.72071200014749,37.23832799996137],[-84.80933800022792,37.17503400003303],[-84.9011119997962,37.116296999897244],[-84.90291100012014,37.10236999981488],[-84.9070620000637,37.08716600010456],[-84.90577800029888,37.04718699968097],[-84.86373700041062,37.00802000008529],[-84.83571199977715,36.99761200019123],[-84.90785899975683,36.94544700015412],[-84.91855599981956,36.95498500025811],[-84.928830000283,36.95996000034559],[-84.93819199962897,36.961398000350535],[-84.94552699994365,36.959747000291394],[-84.95042799972467,36.95546699979141],[-84.95230999988931,36.95125300028412],[-84.95488199961694,36.939227999712344],[-84.95530599993947,36.927619000104606],[-84.96087799991521,36.916338000151015],[-84.9689880001817,36.911680000157105],[-84.97731000016032,36.90918400001478],[-85.01806300008576,36.88730900003321],[-85.0643069997961,36.85874299997322]]]}},{"type":"Feature","properties":{"GEOID":"2106","NAME":"Congressional District 6","BASENAME":"6","STATE":"21","CD119":"06"},"geometry":{"type":"Polygon","coordinates":[[[-85.07467099977292,37.95080299974797],[-85.07104399971101,37.9474709997407],[-85.06097299963716,37.945539000299675],[-85.05403900007877,37.940334999917056],[-85.05128400005304,37.940850000064195],[-85.04734900001955,37.936349000003155],[-85.04560499994717,37.93627100021242],[-85.04613399985169,37.933387000237815],[-85.04344099975023,37.92947899977628],[-85.04128400012429,37.92207400011258],[-85.04277299992854,37.912512000237385],[-85.05336399968608,37.90758499977459],[-85.05275899961359,37.90343499986139],[-85.05591100019767,37.900672999946465],[-85.05815099966426,37.89516000024449],[-85.05166900001751,37.89436299968708],[-85.05009200034971,37.89583200000511],[-85.05138000031249,37.8976290002192],[-85.04660599985479,37.89828499967378],[-85.04842899956988,37.89557499986857],[-85.04156100013373,37.89006300006387],[-85.04467000016179,37.88686100033387],[-85.04295700005156,37.885927000000265],[-85.04012900023089,37.88931800035345],[-85.03447600006429,37.888746999850866],[-85.03464299957056,37.89240399988312],[-85.03052799961202,37.8915380000627],[-85.0314559997247,37.88159700025612],[-85.02450299989974,37.87824300025447],[-85.0099400002988,37.85910600010093],[-85.00052000032818,37.85472300013357],[-85.00326299976004,37.83503300016496],[-85.00952799967182,37.835587000290076],[-85.01203400017553,37.8171730002881],[-85.0058150002945,37.81661300021006],[-85.0250209999336,37.67885400007875],[-84.99983300023993,37.68017699988346],[-84.80786699996705,37.704613999726654],[-84.79357399980451,37.71724900027729],[-84.73840100039325,37.71316000017307],[-84.73330100042061,37.70942399989583],[-84.73866400015896,37.70657699968389],[-84.74348100027441,37.699048999968355],[-84.74305399957883,37.69742500031375],[-84.73551699959776,37.69500699987824],[-84.72633699982669,37.69674299993725],[-84.72206899970726,37.69279900029602],[-84.71379299975942,37.69570099976029],[-84.70002799967648,37.69740700019262],[-84.69806299967118,37.696553000165835],[-84.69821599983204,37.69453299991258],[-84.70401200011376,37.6867380001435],[-84.70110099955413,37.68226300014943],[-84.69705599991578,37.68163000009783],[-84.68628400040828,37.68752400024156],[-84.68252099990393,37.686290999899434],[-84.68236600009323,37.684429000347784],[-84.68524999999039,37.6817169997209],[-84.68017900033006,37.67575900032436],[-84.68061699999797,37.67429700028583],[-84.69854399989512,37.6683349997046],[-84.7036199995783,37.66443799987202],[-84.70521100038812,37.65985399982011],[-84.70302600027478,37.65923499977088],[-84.69381800001628,37.66465800032113],[-84.68889899979362,37.658744999741636],[-84.68398200011907,37.65954299990168],[-84.68162499957829,37.65828499994956],[-84.67901600004073,37.65548300006673],[-84.67886700007782,37.65284600009423],[-84.69211999997465,37.64561300004541],[-84.69439399977647,37.6419189999157],[-84.67969300008325,37.63687999975649],[-84.67247800031747,37.64060799985365],[-84.67952400002885,37.6426369997737],[-84.67941400042399,37.64583600029548],[-84.66920799973262,37.646595000310995],[-84.66723600005461,37.651757999683845],[-84.66244099968048,37.654229000136475],[-84.65701699984275,37.654572000165594],[-84.65339499980371,37.65225200023912],[-84.65168199969348,37.648583999702645],[-84.65351700000245,37.641424000211494],[-84.6558090002459,37.640689999921584],[-84.65952300034645,37.642436000289955],[-84.66576200031896,37.64022299966048],[-84.6667499998078,37.63429100030909],[-84.66343900011337,37.63328400003366],[-84.66064999975247,37.63561600021123],[-84.65743399959428,37.63440500028577],[-84.65049900021098,37.64031299988431],[-84.6488959997056,37.63859999996051],[-84.65144900006496,37.63633300031989],[-84.65143599964617,37.633701000255996],[-84.64466799976915,37.63234499968176],[-84.6412080001118,37.62392000001848],[-84.63613300025352,37.62233800017626],[-84.6409469999959,37.61881399974645],[-84.64574499984475,37.62413400022376],[-84.64792599976013,37.62039399975606],[-84.65229599998682,37.61852199995595],[-84.6489509999572,37.61558499989453],[-84.64855900032003,37.6098969997263],[-84.64591899992202,37.60944599994538],[-84.64363300042467,37.61259999991481],[-84.63269199996444,37.60097399970335],[-84.6206850001976,37.60291599979841],[-84.61746400001654,37.59872399969215],[-84.61847099977194,37.59305100016053],[-84.47320299966917,37.49443999999443],[-84.47079900017101,37.496586999835536],[-84.46416699983811,37.49286199984239],[-84.457800999644,37.492909999945695],[-84.45613799976246,37.4916149998752],[-84.4526060001351,37.49286599979278],[-84.44671899961678,37.48589299976356],[-84.37444000029092,37.47266299974842],[-84.37043900013519,37.480084999721996],[-84.36764700029954,37.48090300028266],[-84.36634400026813,37.48609700031149],[-84.36227299979222,37.4881709996844],[-84.36189399967552,37.490441999852095],[-84.35746800027067,37.49494999969762],[-84.35752599999698,37.497208999862835],[-84.35488399994915,37.499076000123054],[-84.35431700040981,37.50221999975475],[-84.35877999962459,37.50533799994465],[-84.36089399959282,37.51573200017407],[-84.35354199955968,37.52159899980244],[-84.34997499977221,37.530470999651605],[-84.3509370002201,37.5343540002701],[-84.34879200028973,37.53424299985419],[-84.34899300013119,37.53792600021703],[-84.34462700010248,37.53987600006342],[-84.33698999966398,37.53606299986703],[-84.32995499982326,37.5395179997404],[-84.32637200014227,37.537195000331785],[-84.32324499967254,37.539109000025405],[-84.31933899995138,37.53798699965447],[-84.31729000028048,37.53467599970101],[-84.31820400014945,37.532268000137314],[-84.31362300003558,37.52817700000115],[-84.30748399962218,37.530679000290206],[-84.30706699987066,37.535118999798385],[-84.3039290004286,37.53742400005516],[-84.29827399971386,37.534879000036895],[-84.30038900040532,37.53024899991925],[-84.30253099996263,37.52999399996971],[-84.30172400022377,37.52326400021039],[-84.29219700012304,37.523073000306624],[-84.28693300011886,37.524607999881404],[-84.27966599957625,37.52279900006826],[-84.27763699999684,37.52365999972872],[-84.26998600021297,37.51967099982384],[-84.26826800007987,37.51527899993143],[-84.26297700031151,37.515568999922124],[-84.25547999961512,37.518351000344744],[-84.25333800005781,37.523174999737854],[-84.24824300010802,37.52486099988929],[-84.23941599961604,37.52370699969395],[-84.23491599969303,37.51970399967195],[-84.22832500026631,37.52541099970322],[-84.22370099959642,37.52726700015826],[-84.21918599960479,37.5249780002139],[-84.21521299993647,37.52568400006226],[-84.21220000016787,37.52397499988481],[-84.199488999696,37.52285799988215],[-84.17183600040485,37.55754899985677],[-84.14206300039935,37.56483899988768],[-84.09036399999081,37.5662269996765],[-84.0450230002788,37.563572999647555],[-83.99351200019123,37.57341799988792],[-83.9652439998835,37.581421000152034],[-83.93984600012756,37.57317300000987],[-83.90556999982599,37.54285599991314],[-83.8580980004273,37.60920499991488],[-83.86119999988435,37.609016999907],[-83.86581199996036,37.612269000221666],[-83.86500000019863,37.61690500010799],[-83.84355500001952,37.63095800014668],[-83.83245999957352,37.63625899987877],[-83.81857099964205,37.63305799979521],[-83.80812299999965,37.63603499984397],[-83.80689600013622,37.642468999828466],[-83.81073499991025,37.644737000106836],[-83.81439799995718,37.64470500023832],[-83.82318000024331,37.660203000146105],[-83.82408800026452,37.66297399969666],[-83.82231300023001,37.665443999695725],[-83.81605199961787,37.66793899998302],[-83.81021299967844,37.66756099982925],[-83.80282600038352,37.67303200003913],[-83.80219899967139,37.67770200002599],[-83.79111800036742,37.681619999954854],[-83.78738199962724,37.68645799998301],[-83.7807829998046,37.68780699986714],[-83.77788700021188,37.691335000220995],[-83.77829300009276,37.694672000041095],[-83.7756929998777,37.69672499965059],[-83.77000700009916,37.6966560001697],[-83.76986900000689,37.700203999836205],[-83.76572499973602,37.699920999900364],[-83.76530299996163,37.70218000030263],[-83.76034899957885,37.70242200012043],[-83.75978299986443,37.7061229998571],[-83.75279300022956,37.709325000276365],[-83.75272899975712,37.71183900015009],[-83.7492840001684,37.715162000158486],[-83.73973000030351,37.71730299967345],[-83.72119599978572,37.716236999786716],[-83.71248399981978,37.720226000147825],[-83.70797399985102,37.71646299979465],[-83.63105999998464,37.82537200024925],[-83.6432159997144,37.825946999941294],[-83.64763699999469,37.83353100027504],[-83.65081799999278,37.835202999992696],[-83.65655599964988,37.83219600020787],[-83.66296000037715,37.834735000231234],[-83.66127300020618,37.83989000021476],[-83.66621800036812,37.84585400002862],[-83.6722079999203,37.84241999987463],[-83.67567099995071,37.84401600035187],[-83.66804100008322,37.84882000010884],[-83.66735200034513,37.85244699990025],[-83.6738130000755,37.85258499983678],[-83.67740699962715,37.85650200013145],[-83.75617599989398,37.8996800001113],[-83.75906800018707,37.90505799976932],[-83.75653800029225,37.908050999690815],[-83.75609600042635,37.91417000013978],[-83.76878299971045,37.91837099989037],[-83.76535900003813,37.92462400028894],[-83.76629399982352,37.92699700024419],[-83.76431200009975,37.92879299987434],[-83.76756000004498,37.93163499990548],[-83.77280700033073,37.932802000306665],[-83.77269400035281,37.93756900027313],[-83.77526899955518,37.93907700003412],[-83.77408699989759,37.95412699969464],[-83.77519099973738,37.956309999820334],[-83.77011199968113,37.96130999989489],[-83.77415499966966,37.96345800017667],[-83.7726929996296,37.96726500005535],[-83.77719299955261,37.97157800012739],[-83.77350199991659,37.973878000026545],[-83.77499300026899,37.97461299996782],[-83.7739110001705,37.979516000211945],[-83.77580800040376,37.98677899999831],[-83.77435300003638,37.990127000248265],[-83.76537499993165,37.985736000126685],[-83.76207500010788,37.992357000277416],[-83.76188299958895,37.997807000340536],[-83.75942999968701,37.99873100013142],[-83.75637599991053,37.99262800032937],[-83.75202199957738,37.99697200031737],[-83.74866999987508,37.997094999808056],[-83.74794900034993,37.99932299987898],[-83.74524700002766,38.00014000004539],[-83.74499900033054,38.00190900031683],[-83.74745100040757,38.00396700013337],[-83.74388899974466,38.00705399985325],[-83.740511999928,38.00714899975667],[-83.73813799966877,38.01016899977046],[-83.7357390001935,38.00703899985725],[-83.73069000027448,38.01044400020906],[-83.72723300009189,38.00871699991489],[-83.72714600005327,38.006998999852875],[-83.71694100008511,38.003361999993764],[-83.71218699971885,38.0096930000811],[-83.70631500016746,38.010658999782],[-83.70533099997829,38.01435300030075],[-83.69851299987255,38.01819999999191],[-83.70407499980256,38.03506299990539],[-83.70618299992299,38.05938599965817],[-83.70129399983753,38.05799499992854],[-83.6979749997472,38.058856000170806],[-83.69809600012104,38.06595500001682],[-83.70075099968932,38.07124000001856],[-83.7071620000893,38.07238600017013],[-83.71435900031173,38.0808050001634],[-83.71364299991114,38.08889600022798],[-83.71469099967443,38.09020500018756],[-83.72695400043263,38.092556999651805],[-83.7187649996251,38.10933900005614],[-83.74404600010351,38.1103539999344],[-83.7462489997602,38.11210500004017],[-83.75286500019956,38.112813999739444],[-83.76329100010066,38.107742999846124],[-83.76428299978744,38.11292499988967],[-83.75989099981945,38.11419399976229],[-83.75833699971788,38.11619700000692],[-83.765913000057,38.11637299975699],[-83.77003600041147,38.11844999997786],[-83.77158200011712,38.12383200000535],[-83.76721100006554,38.12900500000013],[-83.76768999974132,38.13232999981169],[-83.77039600026158,38.13279200004174],[-83.77299200027865,38.12751799996559],[-83.77848100041372,38.125593999911075],[-83.7821970001641,38.13568200024993],[-83.79359499966048,38.136800999970745],[-83.79135799966863,38.14153900014204],[-83.78015400034099,38.14376300005983],[-83.78537899998709,38.148197999893256],[-83.78782199984329,38.153258000111926],[-83.8098300002621,38.155439000084336],[-83.81090999981244,38.159053000287585],[-83.81392799960389,38.16074999976341],[-83.82388700042307,38.15874700008421],[-83.83369200035814,38.15936599975332],[-83.83559700008898,38.160927999764795],[-83.83953700014536,38.17274399991021],[-83.84762099957427,38.1758340000128],[-83.85208000038773,38.18056499980091],[-83.85657399956465,38.180776999775546],[-83.86093600029372,38.18335999987654],[-83.86258499993153,38.18354099999093],[-83.86573900016543,38.178758000262604],[-83.86677799970789,38.17326999983359],[-83.87924999980513,38.1724309999694],[-83.88468100021389,38.17854400023111],[-83.88545299979265,38.18209100016682],[-83.89791599966905,38.18632900020767],[-83.91106800018188,38.18704900033164],[-83.91847299991845,38.197355000248415],[-83.92307599977366,38.19902300026438],[-83.92670200001064,38.19847499999582],[-83.92830999964059,38.20028199967295],[-83.93287499986093,38.19848299995725],[-83.93435699999249,38.20045999983741],[-83.92045200016747,38.208609999855334],[-83.90415999966444,38.23439199974013],[-83.89777900030003,38.22929000035174],[-83.8945599997688,38.21884999971103],[-83.89157499958931,38.21490400034825],[-83.87964800018838,38.20814099986802],[-83.85665200028076,38.20542399988877],[-83.85199099980095,38.20298400020425],[-83.82267599955486,38.19689300023161],[-83.72019599970304,38.239170000311894],[-83.71944599986558,38.24699700018788],[-83.71599700007889,38.250108999829536],[-83.70906799964506,38.24378400022904],[-83.69945000020606,38.24605799995186],[-83.69360399969561,38.250672999716464],[-83.69197699979911,38.260158999901556],[-83.68848700000453,38.26191199981903],[-83.68503900004276,38.255864000158184],[-83.68464200038272,38.251780000082],[-83.69277600004035,38.24718999978914],[-83.69560700023408,38.24361700003148],[-83.69138000012254,38.23491199987857],[-83.69144200004682,38.23113899996304],[-83.69713200002333,38.22483500028961],[-83.69833499959732,38.217590000223545],[-83.69666599986802,38.21277200022137],[-83.7012279997153,38.20777499987212],[-83.70049899979425,38.20167800005726],[-83.69639200023163,38.19755299996339],[-83.68934399997211,38.19760800002403],[-83.6944120001577,38.20938500026728],[-83.68903400035072,38.211066000111785],[-83.68459600035197,38.214631000281294],[-83.68268300022521,38.21395500004328],[-83.67895200040621,38.2056100000719],[-83.67163499963486,38.19696099994128],[-83.6668989997103,38.20154999983202],[-83.65917699978131,38.201521999730645],[-83.65097500035162,38.18599499969513],[-83.64961600024371,38.17632999973326],[-83.64614999984028,38.171000999785285],[-83.63885399988365,38.178270000184064],[-83.63517300029338,38.19024499985757],[-83.63301599976913,38.19262499973876],[-83.62731900011991,38.191803999785805],[-83.6230440003278,38.19473900031918],[-83.61884599963025,38.19257300002655],[-83.6150820001993,38.19317199983815],[-83.61246199989279,38.20323599990364],[-83.60958499966831,38.20155400034983],[-83.60049000028603,38.20347100033322],[-83.59713100001271,38.20930600008656],[-83.59279799959596,38.209782999757294],[-83.58710599996962,38.21488400001356],[-83.58679200015027,38.21828000022575],[-83.58194800027067,38.21844499988588],[-83.57712600013238,38.21374599965422],[-83.56397000031988,38.21673100000621],[-83.56033200038732,38.220903000023704],[-83.55987999957739,38.23100699972812],[-83.55374199988721,38.2397819997658],[-83.54398200015798,38.244763999698264],[-83.53928300004335,38.245228999727374],[-83.53560199955474,38.24855299973272],[-83.53788899977533,38.24971999975374],[-83.53492399968731,38.25402800030296],[-83.529015000326,38.25541600011676],[-83.52499900010166,38.25461700010573],[-83.52114199988597,38.25749399994632],[-83.52400800023977,38.26012399975219],[-83.52057899964625,38.26377799981026],[-83.52278399985109,38.26527599970978],[-83.52229799960428,38.267240000119145],[-83.51630999970193,38.26600299978506],[-83.5115620000818,38.26975399977976],[-83.50716000006807,38.269446999854985],[-83.50555599973778,38.27233599966011],[-83.50795299956322,38.27315499998591],[-83.50792699962396,38.27788000024234],[-83.51057899971752,38.28116100022157],[-83.50976399958274,38.28326199999784],[-83.51243699959271,38.28460699971178],[-83.51428100012251,38.292054000108436],[-83.50452600041616,38.29517300020295],[-83.50355200027272,38.297500000150166],[-83.50534700039871,38.30020700012318],[-83.50531600043658,38.30470600003001],[-83.50087099986683,38.31302299974731],[-83.50148699980998,38.31615799994311],[-83.49541699989186,38.32210699970707],[-83.49535300031776,38.32430299978696],[-83.49070699990656,38.32299799982837],[-83.48808599977514,38.32449599973232],[-83.49070799973148,38.329213000068805],[-83.49290100024072,38.327924000051055],[-83.49448399975631,38.33188899984783],[-83.49749599969999,38.3326729999435],[-83.49799000034272,38.333885999662506],[-83.4946650004046,38.33593100004108],[-83.49614099979004,38.33704299981659],[-83.49578699978773,38.33966699982801],[-83.5014170003881,38.34247900028563],[-83.4977700002347,38.34630699980483],[-83.49939399975815,38.349135000225374],[-83.48882399991703,38.351674000018015],[-83.48198300024504,38.35971599986628],[-83.47379699981057,38.36055599984312],[-83.4713909997643,38.35861299968092],[-83.47278000000944,38.357430000275414],[-83.47171700017753,38.35551100021153],[-83.47020699955858,38.35521700007187],[-83.46097599973386,38.35978100008666],[-83.45806400024762,38.36198599997381],[-83.46391700043075,38.367013000130584],[-83.4625060004443,38.3688139999943],[-83.46502299992035,38.37183099991834],[-83.46310200029596,38.37319599975484],[-83.45642999978008,38.372607000306886],[-83.4569300002706,38.37473000033914],[-83.45357699984507,38.377457000106794],[-83.45272999992324,38.38156600028824],[-83.45553699982752,38.381245999677084],[-83.45661300007819,38.384233000293044],[-83.45933799996669,38.383963999720464],[-83.45841999989976,38.38831900003629],[-83.462364999979,38.390635999736695],[-83.46251300011699,38.39290300011091],[-83.46637899965519,38.393609000153134],[-83.46447499974927,38.396511000068266],[-83.46659200009054,38.39890799989951],[-83.47403299981212,38.396906999822264],[-83.4732849996245,38.39870400016192],[-83.47720999961224,38.401502000184244],[-83.485718000262,38.40508700012985],[-83.49787399999177,38.401582000062724],[-83.49989900027154,38.40481300019502],[-83.503606999626,38.40621600020512],[-83.50548799996572,38.41103799997396],[-83.5126049998222,38.41048600027397],[-83.51136100024034,38.413046999787596],[-83.5128519996944,38.41503099974615],[-83.52348199981,38.408677999859],[-83.5282830000319,38.41118500012034],[-83.5269030000076,38.416683999803865],[-83.52949900002467,38.418581000347444],[-83.536512999949,38.41622100025141],[-83.5418000004177,38.418607000261524],[-83.54578999980446,38.41827100021793],[-83.55290500001112,38.4201390002259],[-83.56421399981906,38.426561000264144],[-83.58056599969822,38.43016899982502],[-83.58274300031395,38.43261499984544],[-83.58149200016109,38.438532999909796],[-83.57484300010974,38.444666999728625],[-83.5779039995589,38.447807000288506],[-83.57812799986489,38.452375999985],[-83.57942599987344,38.452791999784075],[-83.5767910003966,38.45718799987699],[-83.57910600020628,38.46160200020559],[-83.58258799960493,38.462460999861754],[-83.58030600030554,38.465209000340586],[-83.58240600003006,38.465540999966436],[-83.58310300016406,38.468772000308824],[-83.58518500034523,38.469045000117625],[-83.58258000010733,38.46970799967079],[-83.58261799974217,38.47138500029049],[-83.58958700035897,38.47407900034843],[-83.5850010002222,38.48165200012081],[-83.5899279999425,38.48266899965286],[-83.58700800006034,38.48524599981989],[-83.59311099959041,38.48608100008065],[-83.59333499989638,38.489030999691764],[-83.59042300041014,38.489283000350405],[-83.59085199985724,38.49034399982992],[-83.59717600021855,38.49097000026514],[-83.59386600034904,38.49449999984597],[-83.5992490001789,38.49442199982609],[-83.60129600019998,38.495887000321545],[-83.59821200028628,38.49957099968744],[-83.59892100011585,38.501787999995216],[-83.60570400006148,38.50014999991845],[-83.60325899965714,38.505465999951646],[-83.60784899999184,38.50645599989378],[-83.60800499962745,38.502698000345575],[-83.61184199975166,38.502036000202935],[-83.61708099964147,38.50445199983861],[-83.62511999976287,38.50368000031728],[-83.62893199977272,38.50692999977286],[-83.63226000008389,38.507455999836495],[-83.63130799968177,38.50970900002041],[-83.62622299977774,38.511121000123666],[-83.62709599963884,38.51354299995962],[-83.6311479998482,38.51559599970907],[-83.6262139995569,38.51724700001059],[-83.62637900031166,38.52001300026061],[-83.6287619998934,38.52206400012988],[-83.63234499957439,38.521959999826],[-83.63455300015227,38.51818999998341],[-83.63663000031057,38.51775899973534],[-83.64185199958364,38.525381000152606],[-83.72174399995681,38.50398199983146],[-83.7455109996183,38.49389799977463],[-83.75593300021974,38.49234499992639],[-83.85928000008488,38.45634800034838],[-83.93034800033915,38.49227799974928],[-83.97026299966528,38.46381699993289],[-83.97616199987917,38.45474400025144],[-83.98239900020188,38.45248499988017],[-83.98429999973477,38.44444900007634],[-83.98006799960037,38.439448000209424],[-83.98014399976834,38.43736800002022],[-83.9841969998026,38.435327999958],[-83.99127500019934,38.434793999839044],[-83.99323900037975,38.42571500014237],[-83.9992270002821,38.422285999681094],[-83.99724600038326,38.432757999972004],[-83.99801200011424,38.43955699993035],[-83.99964200038379,38.44169800019293],[-84.00364400036443,38.440553000098184],[-84.00295399990314,38.432481000301394],[-84.00639699984204,38.43100099969865],[-84.0101460001027,38.43287200031781],[-84.01493499973071,38.44262900008249],[-84.01817799965308,38.445699000138006],[-84.03043899986312,38.44070899982909],[-84.04396399974654,38.44760000012018],[-84.07239899956053,38.45730200033049],[-84.08614100007723,38.45454100022927],[-84.09579799987429,38.460497999994395],[-84.10209999959599,38.459378999931786],[-84.19404999978967,38.371750000149625],[-84.28021799994531,38.31333299988669],[-84.2891309997527,38.3119449997187],[-84.29056500020366,38.312690000333525],[-84.29104399987948,38.31699799974446],[-84.29614200020228,38.317773999995204],[-84.29748100021871,38.31621000010259],[-84.29379700025538,38.312539000163184],[-84.29427000008339,38.30892800001178],[-84.29782199980222,38.31179400011162],[-84.30198799981441,38.311407999742954],[-84.3047329997944,38.31317400031954],[-84.30880699974509,38.312365999702884],[-84.31003600015663,38.307592000116735],[-84.30594700013737,38.306743999876026],[-84.30476299993163,38.305003000193985],[-84.31288599971862,38.303820000132085],[-84.3157150002625,38.30194200011114],[-84.3191630002243,38.295961999709704],[-84.32308400001408,38.29774100007781],[-84.32597799995698,38.29452699979485],[-84.3312179996717,38.29306500004817],[-84.34123799969193,38.29627499998411],[-84.34249899989052,38.29498799968279],[-84.341200999882,38.29284599965793],[-84.33389700042775,38.29083300020231],[-84.33343600029531,38.289357999802824],[-84.33780999982163,38.288920999770006],[-84.34454400026179,38.2851099997155],[-84.35561399969511,38.288252000056495],[-84.35884400009701,38.29070399986123],[-84.35773699988417,38.29271100012148],[-84.3598850001876,38.29603799967294],[-84.362835000207,38.29478899967139],[-84.3699389996447,38.281632000198464],[-84.37267899960182,38.2793100002832],[-84.37876199993872,38.27785199990319],[-84.38451700021258,38.27913299978163],[-84.38912400026571,38.28260999995704],[-84.40888300009877,38.28455299972007],[-84.4167570003637,38.287682000339416],[-84.42168400008399,38.28555600024344],[-84.42198200000982,38.283211000080286],[-84.42468599998193,38.2811210000303],[-84.42925500040022,38.27968999975889],[-84.43352699981929,38.280494999984],[-84.43738099966194,38.283611000061974],[-84.44266099955965,38.28323600009964],[-84.44486999996242,38.28473899991411],[-84.44225100037912,38.28758799966171],[-84.44366999986318,38.289429999717136],[-84.44066200011744,38.29648199990808],[-84.43683300038916,38.29626299996018],[-84.43300700013562,38.29905800016259],[-84.43498200018668,38.30262900002651],[-84.43397999955583,38.306787999706806],[-84.43641099971647,38.30806700015207],[-84.43740900014934,38.31325200023059],[-84.4398629998762,38.3151209999535],[-84.4399619996104,38.31926299985677],[-84.44467400014383,38.32125900005416],[-84.4437560000769,38.32430999997287],[-84.44664599982184,38.32440100021416],[-84.44652600017126,38.328795999814155],[-84.45237000013356,38.33154900022186],[-84.45349300023992,38.335447999656445],[-84.45629799959603,38.33676099976394],[-84.45694299985149,38.34262799984095],[-84.45910299985047,38.34371100035078],[-84.46089100030379,38.34842499994333],[-84.4576740003207,38.351401000255265],[-84.46168999964674,38.353479999943396],[-84.46283200001966,38.36396100000997],[-84.46059300037795,38.36595899975792],[-84.46074599964052,38.37248400006338],[-84.45835999968573,38.374748000258556],[-84.45990600028969,38.378994999690356],[-84.46220400038094,38.380651999802936],[-84.46239799965137,38.384456000239624],[-84.46627300030873,38.387881000273126],[-84.46773500034881,38.393010000105775],[-84.47182199981995,38.39444400006112],[-84.47138300032711,38.39612400002108],[-84.47426499967614,38.400168999863446],[-84.48108799980476,38.40338500029263],[-84.48553500002433,38.41032200014742],[-84.48929699980546,38.411379999853075],[-84.49551300021174,38.417264000010825],[-84.50872699975055,38.421115999677546],[-84.51300999993859,38.4262670003122],[-84.51606799991302,38.42547500016006],[-84.51899100016824,38.42784299986364],[-84.52259599959054,38.42818199971559],[-84.52402099982068,38.431309000170764],[-84.52794800035656,38.43324999984333],[-84.5264369999127,38.43842700032587],[-84.52660099994422,38.45064800031055],[-84.53193199989555,38.45888599991115],[-84.54640099978518,38.466800999952234],[-84.55139199997787,38.47901500027258],[-84.55322300008886,38.49050599991379],[-84.55605900030544,38.492656000247706],[-84.5606739998562,38.492378000085225],[-84.62358300033847,38.431191000341634],[-84.64945999977022,38.41656700016979],[-84.70598799998976,38.37010199987857],[-84.7405940000042,38.35241500022439],[-84.73773400039649,38.29712999992903],[-84.73031200004314,38.20836199984421],[-84.72516799968957,38.195425999754],[-84.86480400044049,38.141373000316996],[-84.86597500022741,38.13211000008746],[-84.8651290001305,38.124054999814334],[-84.86336300031681,38.121072000330464],[-84.86490800019754,38.11692599993827],[-84.87269500042386,38.11696399986213],[-84.87331300001682,38.115359000197884],[-84.87104000003995,38.11494400019282],[-84.87158499983799,38.11285199968248],[-84.87843300008096,38.10865400033246],[-84.87701600024673,38.10560199986338],[-84.88071699992848,38.10494899965025],[-84.88069900038515,38.10251800028482],[-84.88465799980978,38.10096999988093],[-84.88610499978122,38.09762600031879],[-84.90207500006898,38.09589500005745],[-84.90226599986468,38.09343699969031],[-84.90657800036504,38.09349100015908],[-84.91339399992265,38.09552699982429],[-84.91881000026278,38.09938099987075],[-84.92059100014508,38.09269799974009],[-84.925344999613,38.090459000340864],[-84.9246900002101,38.08771199974548],[-84.92272500020478,38.087630999693616],[-84.9227899996038,38.0855060000697],[-84.92920699985154,38.08421100006661],[-84.92762099996293,38.081209999862494],[-84.9226210004477,38.08203099979526],[-84.92181999965833,38.07710599971081],[-84.92529199990953,38.07617800001895],[-84.92635499974143,38.078591000296726],[-84.9422070000284,38.078273000107195],[-84.94378600024433,38.05829600015855],[-84.9474099999332,38.05473699975385],[-84.94973700033677,38.043735000192946],[-84.95735100031072,38.041537999832535],[-84.95699200028552,38.03556000013609],[-84.95492299962481,38.034362999700186],[-84.95627500006003,38.02950299964975],[-84.96236400024473,38.02728300000527],[-84.96192499985358,38.022937999841716],[-84.96719899990349,38.01701199974031],[-84.96723099969054,38.00903099964849],[-84.97569300030955,38.01017699985183],[-84.9818490004414,38.00652199995954],[-84.98157999992956,38.00780899993432],[-84.98569999991098,38.00997699967882],[-84.98637799977841,38.007307999885896],[-84.99397400020901,38.00080800000129],[-85.00122499995979,38.002009000150274],[-85.00531900000195,37.998629000271045],[-85.00961800008352,37.99923099978222],[-85.0137709996769,38.00572700008331],[-85.02332200006705,38.00284999993632],[-85.025338000126,38.00608599976554],[-85.0314769996411,38.00962000015131],[-85.03433700014712,38.00876399980731],[-85.03515099955867,38.00517200017534],[-85.04047700038544,38.00547200007338],[-85.04877199970154,38.00135900021122],[-85.060180000142,38.00230299972013],[-85.0585819996595,37.99973900007607],[-85.0559970004114,37.999417999888585],[-85.05504099981128,37.99511199988243],[-85.05102299993713,37.99421899970519],[-85.05121399973284,37.990197000063795],[-85.0447129998195,37.98485099981636],[-85.0441920003109,37.9768629996465],[-85.05108999988428,37.97374999970535],[-85.05914400007428,37.966421000274764],[-85.06013499993615,37.96302199969285],[-85.0651439996722,37.95821899989733],[-85.07192699961784,37.95505200002149],[-85.07467099977292,37.95080299974797]]]}},{"type":"Feature","properties":{"GEOID":"2104","NAME":"Congressional District 4","BASENAME":"4","STATE":"21","CD119":"04"},"geometry":{"type":"Polygon","coordinates":[[[-85.63183300040747,38.39842700014198],[-85.63781700011187,38.38023899976026],[-85.56941299964674,38.34175199969557],[-85.5852719996064,38.33943100021601],[-85.57472600005472,38.33397699985952],[-85.56132199964681,38.337123999666275],[-85.4682059996891,38.28530900017897],[-85.4048989997219,38.26373000007773],[-85.43046800008038,38.10725100020634],[-85.43512899966187,38.105560000258],[-85.43804299969625,38.101931000258745],[-85.45051700034166,38.102704000140164],[-85.46287399991287,38.09587799989734],[-85.46923099988616,38.09622200016403],[-85.51245099995727,38.010891000236725],[-85.5168820002833,38.01126700012227],[-85.48920200032964,37.99065399973636],[-85.53430100019231,37.96535599999318],[-85.52788300011966,37.962593999766845],[-85.52391999959876,37.95755199972409],[-85.52524400044487,37.95274600009466],[-85.52994600003426,37.94723100003909],[-85.54291699989881,37.940359000332855],[-85.55083499964636,37.92639700030201],[-85.56028800012723,37.923011999729965],[-85.56533100019848,37.924899000326434],[-85.56651299985606,37.92366500007381],[-85.56560200036013,37.920031000072804],[-85.56708399959336,37.918674999976865],[-85.57276199987432,37.9159950002015],[-85.57592699997888,37.91668700017008],[-85.58111499981507,37.9113829999234],[-85.58386200034319,37.9111809997788],[-85.58568300040847,37.907728999674426],[-85.58542399994236,37.90639500028921],[-85.57560200028887,37.903799000061596],[-85.55070499995003,37.88770199964844],[-85.50240400017286,37.84655799989459],[-85.50748900007689,37.846941999955106],[-85.51591099961459,37.839364000265384],[-85.51388000038538,37.829765999795306],[-85.51194399979406,37.827020999656185],[-85.50163099987088,37.82388100013041],[-85.48619100021087,37.82922799979354],[-85.48070500044885,37.833658000285844],[-85.47805699965494,37.83200900020359],[-85.47265600028173,37.83397399986668],[-85.46097900022775,37.832068000123336],[-85.46051300007245,37.837117999722864],[-85.45724000001286,37.83697200013733],[-85.45783800041266,37.83577399973888],[-85.45399200006761,37.834559999647254],[-85.45360299990519,37.83810000033112],[-85.44897699958547,37.83399400015388],[-85.45433500019928,37.824824999960136],[-85.42806700005697,37.81691700029292],[-85.42718099977708,37.81266599992251],[-85.4341860003789,37.79836099967236],[-85.42950200033286,37.79748600003261],[-85.44495700006148,37.78526300035232],[-85.46017400013872,37.77651200031434],[-85.4587420002359,37.772797999779904],[-85.46185600028682,37.764641999682055],[-85.46005000029017,37.75979899988666],[-85.45093300026828,37.76486799966476],[-85.44447300036282,37.76007600006469],[-85.44041100010772,37.759541999950144],[-85.43707199992588,37.749208999676156],[-85.43910999972613,37.74216800005271],[-85.4372429996301,37.73279399985786],[-85.44047499968181,37.728760999876094],[-85.43678300022087,37.72657900026311],[-85.4319979998925,37.72655999971453],[-85.42801600000334,37.729941000321055],[-85.41739799958332,37.734432000127384],[-85.40488799985123,37.73068799985604],[-85.39930599982975,37.73081000019512],[-85.3922910000805,37.73301900018756],[-85.39128599997494,37.736448000169794],[-85.38631099967576,37.74067699982617],[-85.38318699957908,37.73916200021584],[-85.37332300009278,37.73958099992052],[-85.37395800030252,37.74333899977511],[-85.37231999963703,37.749053000015735],[-85.37516000005158,37.75828199973036],[-85.37471800018572,37.764873999686294],[-85.36873100010827,37.764031999951314],[-85.35951299980402,37.759109000137876],[-85.35239699977244,37.757487000259424],[-85.34851899964038,37.7625810001456],[-85.34478000032377,37.76408500013217],[-85.3476330002588,37.76701700027542],[-85.3541669997841,37.76982899982503],[-85.35328399987726,37.77377099967786],[-85.35567099965697,37.78413899980782],[-85.33841900015251,37.7801259998048],[-85.33546900013312,37.78755799993235],[-85.31941900037774,37.78775999969247],[-85.30823400041835,37.79376499994402],[-85.30602400019067,37.79855200030696],[-85.30748000038295,37.80132000034882],[-85.3142060004272,37.805296000279235],[-85.3139600003799,37.80923399999077],[-85.308610000162,37.81287899998154],[-85.30663000008808,37.820371000141854],[-85.29940899957622,37.821948999736215],[-85.30093799956343,37.825525999697774],[-85.29843100013312,37.83209599982824],[-85.28927300010334,37.83134100021438],[-85.27751999988139,37.83779899977423],[-85.28086800028406,37.849885999716726],[-85.27854900027641,37.853349000013154],[-85.27634800026955,37.85331700014605],[-85.27478400012224,37.84857999985626],[-85.27015799980252,37.847631000153015],[-85.26803399978856,37.84450900009708],[-85.26273600034752,37.84469600033687],[-85.25829099977776,37.84880899967985],[-85.24619799979719,37.84707699968973],[-85.24303199986772,37.848307000153305],[-85.24740600029237,37.854734999767885],[-85.25591099967076,37.85955200004988],[-85.25599699988449,37.86483200031193],[-85.25433300017805,37.866422999671954],[-85.24966599985045,37.867293000201286],[-85.24427200014995,37.86304700009824],[-85.24098599967155,37.862493999856724],[-85.23807199963716,37.86390099994074],[-85.23860999976252,37.869228999689604],[-85.23334099973547,37.86875299968884],[-85.23016800013332,37.87062699997865],[-85.22943800038736,37.8694269998242],[-85.23294200042561,37.86601299995351],[-85.23309899988615,37.86074900000564],[-85.23143799965445,37.855479000230375],[-85.22687499998224,37.85517400005852],[-85.2238589998406,37.863007999649064],[-85.21931299988682,37.86654699999193],[-85.21868799972285,37.87086500033767],[-85.21624900006461,37.87132600010365],[-85.21361200003966,37.85870899983212],[-85.21836600040588,37.85425799967956],[-85.21076099975444,37.8520719998321],[-85.20757300008367,37.85013499990673],[-85.20578499963035,37.84622400020363],[-85.20374000015744,37.84674200002534],[-85.20099400035254,37.85415599993814],[-85.19660400003436,37.855025999876176],[-85.19626500010067,37.85629400006796],[-85.20043199993775,37.860977000326095],[-85.20511900035682,37.86282800030907],[-85.20507499997589,37.8641939999509],[-85.19959300041181,37.86895300018294],[-85.19744699975824,37.868054999880606],[-85.19647599998785,37.863523000080185],[-85.19347699956464,37.864277000073656],[-85.19827199993875,37.873100999938195],[-85.19601900005335,37.87779399994486],[-85.19928200006721,37.88797100022319],[-85.19976300029113,37.90035199971987],[-85.19860699967451,37.90209199992733],[-85.19656899987426,37.90179999983524],[-85.19031800020618,37.895466999855095],[-85.19042399961307,37.89221099985569],[-85.19447099979958,37.88787900027688],[-85.18751399977666,37.88364100013659],[-85.1852080001878,37.88559199966069],[-85.18644599992189,37.891172000296706],[-85.18462200038188,37.89241500018535],[-85.17598900005866,37.89097399976945],[-85.17073299955209,37.88748700011127],[-85.16472600028149,37.89119599974436],[-85.16035500022988,37.88976300001653],[-85.1575249998611,37.885680999916495],[-85.15381800033154,37.88557800004081],[-85.15187099986957,37.88725999993831],[-85.15312200002245,37.8905109997021],[-85.1505489995716,37.890275999958014],[-85.1539920004088,37.89500300014745],[-85.15279700033244,37.897660999982456],[-85.16804899967147,37.97291599981545],[-85.16922500037958,37.98137000015478],[-85.16616700040514,37.98717200026387],[-85.17006200025567,37.99428899986367],[-85.16935900027389,37.997575999812696],[-85.16465599996127,38.00141400019505],[-85.16146699956727,38.00152200031356],[-85.16400599968294,37.997559999730804],[-85.16365000003078,37.991301000032536],[-85.16189400026286,37.99057400023781],[-85.1562290004007,37.9929919999653],[-85.15221499982616,37.9881300003474],[-85.15081399988547,37.98900400003393],[-85.15104499986415,37.99390599986835],[-85.14801000035423,37.99648099986937],[-85.1510630003058,37.998407999968904],[-85.15051699978454,37.99960200020541],[-85.14256399987688,37.996881999955036],[-85.14021700028015,38.002612999925645],[-85.13820500041916,37.99742999982093],[-85.13026500003198,37.99616500032105],[-85.12896600019853,38.00104200022108],[-85.12322400034348,38.00984099992899],[-85.12645200019723,38.02029199975922],[-85.11923800025636,38.02095199978685],[-85.1208319996426,38.025758999978514],[-85.11312899998018,38.02564400026332],[-85.1093000002519,38.02716899971844],[-85.10217699964932,38.0371159999262],[-85.08361600026569,38.040875999826625],[-85.07743500001949,38.04598399996673],[-85.07129800015423,38.05815299991693],[-85.06196199984922,38.06250999998725],[-85.05896400014923,38.068137000040444],[-85.04778300038782,38.07234099999187],[-85.05262399989437,38.07544000018089],[-85.05453799984605,38.08422299972474],[-85.05144200023679,38.0875190002509],[-85.05282999975869,38.08955599984003],[-85.04765799981602,38.09749999969367],[-85.04804399960541,38.10019599975155],[-85.044917000034,38.10738000012208],[-85.04627199994395,38.11095800032908],[-85.04410299972413,38.113450000014694],[-85.04172699981508,38.11366300015245],[-85.03950800026487,38.11943599988991],[-85.03085900004811,38.124375999959575],[-85.02614700041299,38.12438900004143],[-85.02248900038896,38.12760700029097],[-85.02426400042347,38.1305870002693],[-85.02257200022962,38.13415999988867],[-85.01874500015116,38.136307000095364],[-85.01987099973223,38.14219700024446],[-85.00380400025843,38.16020000012444],[-85.00553800028507,38.16234699968704],[-85.00956399965683,38.162605000237356],[-85.01035399967725,38.16492100021606],[-85.00621500032759,38.16490899968851],[-85.00323099997298,38.16745799988223],[-85.00931199976176,38.16878600030954],[-85.00570099959337,38.171528000294416],[-85.00896600015537,38.17531899979593],[-85.00747999982583,38.17577999970558],[-85.00103199961595,38.22615200023007],[-84.99889799955623,38.27497900024334],[-84.95695899977524,38.332271000028214],[-84.99766700039316,38.33558600029618],[-84.90625600014975,38.37483599972185],[-84.89235700017254,38.355199999826],[-84.88621000026151,38.35372400005945],[-84.88407899967655,38.3515270000569],[-84.8829549997453,38.35552599978416],[-84.88095999960275,38.356874000156346],[-84.85798999963438,38.35710800014148],[-84.84901499990269,38.35463799972784],[-84.83862800035966,38.35695700022856],[-84.82714100027651,38.34818899997922],[-84.8221490002589,38.349596000289296],[-84.81845100005188,38.34779200012562],[-84.81573500038421,38.34802199966531],[-84.81438299994899,38.349861999981336],[-84.80876199956944,38.34930600022162],[-84.80301399986661,38.34656800029888],[-84.7932280001981,38.33850500019369],[-84.74622600025438,38.34948099993986],[-84.70598799998976,38.37010199987857],[-84.64945999977022,38.41656700016979],[-84.62358300033847,38.431191000341634],[-84.5606739998562,38.492378000085225],[-84.55605900030544,38.492656000247706],[-84.55322300008886,38.49050599991379],[-84.55139199997787,38.47901500027258],[-84.54640099978518,38.466800999952234],[-84.53193199989555,38.45888599991115],[-84.52660099994422,38.45064800031055],[-84.5264369999127,38.43842700032587],[-84.52794800035656,38.43324999984333],[-84.52402099982068,38.431309000170764],[-84.52259599959054,38.42818199971559],[-84.51899100016824,38.42784299986364],[-84.51606799991302,38.42547500016006],[-84.51300999993859,38.4262670003122],[-84.50872699975055,38.421115999677546],[-84.49551300021174,38.417264000010825],[-84.48929699980546,38.411379999853075],[-84.48553500002433,38.41032200014742],[-84.48108799980476,38.40338500029263],[-84.47426499967614,38.400168999863446],[-84.47138300032711,38.39612400002108],[-84.47182199981995,38.39444400006112],[-84.46773500034881,38.393010000105775],[-84.46627300030873,38.387881000273126],[-84.46239799965137,38.384456000239624],[-84.46220400038094,38.380651999802936],[-84.45990600028969,38.378994999690356],[-84.45835999968573,38.374748000258556],[-84.46074599964052,38.37248400006338],[-84.46059300037795,38.36595899975792],[-84.46283200001966,38.36396100000997],[-84.46168999964674,38.353479999943396],[-84.4576740003207,38.351401000255265],[-84.46089100030379,38.34842499994333],[-84.45910299985047,38.34371100035078],[-84.45694299985149,38.34262799984095],[-84.45629799959603,38.33676099976394],[-84.45349300023992,38.335447999656445],[-84.45237000013356,38.33154900022186],[-84.44652600017126,38.328795999814155],[-84.44664599982184,38.32440100021416],[-84.4437560000769,38.32430999997287],[-84.44467400014383,38.32125900005416],[-84.4399619996104,38.31926299985677],[-84.4398629998762,38.3151209999535],[-84.43740900014934,38.31325200023059],[-84.43641099971647,38.30806700015207],[-84.43397999955583,38.306787999706806],[-84.43498200018668,38.30262900002651],[-84.43300700013562,38.29905800016259],[-84.43683300038916,38.29626299996018],[-84.44066200011744,38.29648199990808],[-84.44366999986318,38.289429999717136],[-84.44225100037912,38.28758799966171],[-84.44471199977866,38.28615000031166],[-84.44463200031105,38.28430499989525],[-84.43738099966194,38.283611000061974],[-84.43352699981929,38.280494999984],[-84.42900199978193,38.27967000031858],[-84.42232699979131,38.2828220002494],[-84.42168400008399,38.28555600024344],[-84.41901699992181,38.28726799975738],[-84.41498399997901,38.287548000191514],[-84.40888300009877,38.28455299972007],[-84.38912400026571,38.28260999995704],[-84.38451700021258,38.27913299978163],[-84.37876199993872,38.27785199990319],[-84.37230799988106,38.27950899972221],[-84.36757299978139,38.28405199984057],[-84.36595799958043,38.28980500011359],[-84.3619840000872,38.295674999881996],[-84.35952500033748,38.29589499990802],[-84.35773699988417,38.29271100012148],[-84.35884400009701,38.29070399986123],[-84.35561399969511,38.288252000056495],[-84.34454400026179,38.2851099997155],[-84.33780999982163,38.288920999770006],[-84.33343600029531,38.289357999802824],[-84.33389700042775,38.29083300020231],[-84.341200999882,38.29284599965793],[-84.34249899989052,38.29498799968279],[-84.34123799969193,38.29627499998411],[-84.3312179996717,38.29306500004817],[-84.32597799995698,38.29452699979485],[-84.32308400001408,38.29774100007781],[-84.3191630002243,38.295961999709704],[-84.3157150002625,38.30194200011114],[-84.31288599971862,38.303820000132085],[-84.30476299993163,38.305003000193985],[-84.30594700013737,38.306743999876026],[-84.31003600015663,38.307592000116735],[-84.30880699974509,38.312365999702884],[-84.3047329997944,38.31317400031954],[-84.30198799981441,38.311407999742954],[-84.29782199980222,38.31179400011162],[-84.29427000008339,38.30892800001178],[-84.29379700025538,38.312539000163184],[-84.29748100021871,38.31621000010259],[-84.29614200020228,38.317773999995204],[-84.29104399987948,38.31699799974446],[-84.29056500020366,38.312690000333525],[-84.2891309997527,38.3119449997187],[-84.28021799994531,38.31333299988669],[-84.19404999978967,38.371750000149625],[-84.10209999959599,38.459378999931786],[-84.09579799987429,38.460497999994395],[-84.08614100007723,38.45454100022927],[-84.07239899956053,38.45730200033049],[-84.04396399974654,38.44760000012018],[-84.03043899986312,38.44070899982909],[-84.01817799965308,38.445699000138006],[-84.01493499973071,38.44262900008249],[-84.0101460001027,38.43287200031781],[-84.00639699984204,38.43100099969865],[-84.00295399990314,38.432481000301394],[-84.00364400036443,38.440553000098184],[-83.99964200038379,38.44169800019293],[-83.99801200011424,38.43955699993035],[-83.99724600038326,38.432757999972004],[-83.9992270002821,38.422285999681094],[-83.99323900037975,38.42571500014237],[-83.99127500019934,38.434793999839044],[-83.9841969998026,38.435327999958],[-83.98014399976834,38.43736800002022],[-83.98006799960037,38.439448000209424],[-83.98429999973477,38.44444900007634],[-83.98239900020188,38.45248499988017],[-83.97616199987917,38.45474400025144],[-83.97026299966528,38.46381699993289],[-83.93034800033915,38.49227799974928],[-83.85928000008488,38.45634800034838],[-83.75593300021974,38.49234499992639],[-83.7455109996183,38.49389799977463],[-83.72174399995681,38.50398199983146],[-83.64185199958364,38.525381000152606],[-83.63663000031057,38.51775899973534],[-83.63455300015227,38.51818999998341],[-83.63281199955462,38.52177499983989],[-83.6287619998934,38.52206400012988],[-83.62596900023283,38.51757300003139],[-83.63111500023622,38.515419999890256],[-83.62607700018788,38.51162600020487],[-83.63158999971407,38.50952900016401],[-83.6323870003055,38.507565000125496],[-83.62893199977272,38.50692999977286],[-83.62511999976287,38.50368000031728],[-83.61708099964147,38.50445199983861],[-83.61184199975166,38.502036000202935],[-83.60800499962745,38.502698000345575],[-83.60784899999184,38.50645599989378],[-83.60325899965714,38.505465999951646],[-83.60570400006148,38.50014999991845],[-83.59875799990921,38.50165099981197],[-83.59832299971605,38.49929600004935],[-83.60129600019998,38.495887000321545],[-83.5992490001789,38.49442199982609],[-83.59386600034904,38.49449999984597],[-83.59717600021855,38.49097000026514],[-83.59085199985724,38.49034399982992],[-83.59042300041014,38.489283000350405],[-83.59333499989638,38.489030999691764],[-83.59311099959041,38.48608100008065],[-83.58700800006034,38.48524599981989],[-83.58982400018543,38.483419000004695],[-83.58911299980771,38.48171099994367],[-83.58504600042806,38.48219399980017],[-83.58958700035897,38.47407900034843],[-83.58261799974217,38.47138500029049],[-83.58258000010733,38.46970799967079],[-83.58518500034523,38.469045000117625],[-83.58310300016406,38.468772000308824],[-83.58240600003006,38.465540999966436],[-83.58030600030554,38.465209000340586],[-83.58258799960493,38.462460999861754],[-83.57910600020628,38.46160200020559],[-83.5767910003966,38.45718799987699],[-83.57942599987344,38.452791999784075],[-83.57812799986489,38.452375999985],[-83.5779039995589,38.447807000288506],[-83.57484300010974,38.444666999728625],[-83.58149200016109,38.438532999909796],[-83.58274300031395,38.43261499984544],[-83.58056599969822,38.43016899982502],[-83.56421399981906,38.426561000264144],[-83.55290500001112,38.4201390002259],[-83.54578999980446,38.41827100021793],[-83.5418000004177,38.418607000261524],[-83.536512999949,38.41622100025141],[-83.52949900002467,38.418581000347444],[-83.5269030000076,38.416683999803865],[-83.5282830000319,38.41118500012034],[-83.52348199981,38.408677999859],[-83.5128519996944,38.41503099974615],[-83.51136100024034,38.413046999787596],[-83.5126049998222,38.41048600027397],[-83.50548799996572,38.41103799997396],[-83.503606999626,38.40621600020512],[-83.49989900027154,38.40481300019502],[-83.49787399999177,38.401582000062724],[-83.485718000262,38.40508700012985],[-83.47720999961224,38.401502000184244],[-83.4732849996245,38.39870400016192],[-83.47403299981212,38.396906999822264],[-83.46659200009054,38.39890799989951],[-83.46447499974927,38.396511000068266],[-83.46637899965519,38.393609000153134],[-83.46251300011699,38.39290300011091],[-83.462364999979,38.390635999736695],[-83.45841999989976,38.38831900003629],[-83.45933799996669,38.383963999720464],[-83.45661300007819,38.384233000293044],[-83.45553699982752,38.381245999677084],[-83.44646500001146,38.38064200027307],[-83.44377399955982,38.38733000031938],[-83.43289999994506,38.389427000084744],[-83.4274090001602,38.38822399972939],[-83.42549100001054,38.39110599992466],[-83.416723999793,38.39626600013525],[-83.4120969996484,38.39650199964859],[-83.41233900039603,38.39470899993443],[-83.40963200005088,38.394287999668315],[-83.40936900028514,38.39200600001336],[-83.40384199961693,38.39208800013273],[-83.40309699980234,38.389740000212726],[-83.4005640004328,38.3897530000785],[-83.40124999979783,38.379595000300235],[-83.39806899979973,38.37840200033053],[-83.40014900033107,38.37508399981014],[-83.39739799960499,38.37489600028689],[-83.39476899997597,38.372509000295814],[-83.39470299985372,38.369933999999425],[-83.3923720001505,38.36939900030112],[-83.39235000040922,38.36655600026468],[-83.39058399969721,38.36597900005753],[-83.38851800030787,38.367721000301394],[-83.38425900040929,38.36411300028703],[-83.37843399981523,38.36272200000326],[-83.37797600005584,38.359063000038766],[-83.37959999957928,38.35755999983177],[-83.37714000000466,38.35552899998006],[-83.37737099998334,38.35341000016829],[-83.37190199993977,38.351130000185094],[-83.37231500039164,38.34896100006193],[-83.36800000041653,38.348174000295806],[-83.36586800000664,38.343825000241246],[-83.36365699995403,38.34291900034899],[-83.36384399955179,38.336455999748345],[-83.36174800002523,38.33248600011482],[-83.36422299966847,38.328585999892816],[-83.35772299958006,38.32755499997582],[-83.35891900037966,38.32371500007936],[-83.35598699990359,38.32172700034454],[-83.35186500027235,38.32230099991548],[-83.34204500026867,38.319893999980835],[-83.34123199978373,38.31765100034041],[-83.33855399975087,38.32013999992855],[-83.33245000039588,38.31485900020293],[-83.32201500027396,38.31380799967789],[-83.30944100006946,38.31529500033545],[-83.30669600008947,38.3134839998134],[-83.29719400010309,38.312484999811254],[-83.28544099988116,38.30591100027115],[-83.27645899957848,38.30988200011103],[-83.26135399965422,38.31113199987399],[-83.25154600024442,38.31515799997649],[-83.2424710000553,38.316571999908504],[-83.22401100005571,38.32797800017949],[-83.20173800022134,38.332814999867814],[-83.19562899994517,38.33233500030423],[-83.17721999999918,38.32460000003387],[-83.17554399969889,38.33140500007351],[-83.17845500025852,38.335058000287596],[-83.17733200015218,38.33899500010486],[-83.17171199959755,38.3362329998623],[-83.1705550000543,38.33780999971188],[-83.16619599969829,38.337799000059185],[-83.15904000038208,38.34118199975126],[-83.1398720003778,38.33540199985453],[-83.12743399971743,38.33567699976754],[-83.1267009995984,38.339010000279934],[-83.1192370003106,38.339300000001046],[-83.11544399966903,38.343730999751244],[-83.1215110001124,38.34639500003062],[-83.12087300042793,38.358214999653896],[-83.10807499991745,38.35908399967723],[-83.11443699991362,38.361352999659985],[-83.11476199960363,38.36523900008187],[-83.1129770004217,38.3647610001856],[-83.11143900021364,38.36136999986985],[-83.11001999983128,38.3622910002576],[-83.10997799999848,38.36597600029468],[-83.10622299989005,38.36913399995341],[-83.10236999987231,38.3653890001648],[-83.09943999994441,38.36713499967302],[-83.09721600037133,38.36640800008258],[-83.09624100040297,38.367642999852066],[-83.09893100013137,38.37238800002],[-83.09710500004323,38.37314799986925],[-83.09037499980104,38.37262700017786],[-83.08719100032823,38.36738199995868],[-83.0884640002224,38.365955999994256],[-83.08423999958559,38.36426900025803],[-83.08278599994145,38.36528499995249],[-83.08267899981132,38.36873299966576],[-83.07902900018318,38.36763799989264],[-83.07802400007762,38.36861800013057],[-83.08202400040842,38.37108099976656],[-83.0852609995847,38.37679699972774],[-83.08077099970743,38.37768599977995],[-83.07088999960438,38.375855999743585],[-83.06921300037747,38.3773700003085],[-83.06903099990426,38.38409400020586],[-83.06292500000113,38.38660400000639],[-83.05560899995302,38.38755000029832],[-83.05364599959753,38.38306099978077],[-83.0447100002239,38.38604800008594],[-83.03230300042401,38.3841799997594],[-83.02394200008733,38.38745100024978],[-83.01009499998865,38.38862600027112],[-83.01669499963619,38.397561999751616],[-83.01242700041507,38.39750199968253],[-83.00798600004329,38.39901599985882],[-83.00759699988086,38.40049000020184],[-83.00589399981637,38.39804800030643],[-82.99927999992512,38.395080000237435],[-83.00088599990524,38.410592000046144],[-82.99859200001195,38.41189600012663],[-82.99623299982134,38.410265999692726],[-82.99256099955359,38.41220300020125],[-82.9903720001406,38.410002000082045],[-82.98779000036723,38.410891000232446],[-82.98634000002274,38.409426999890435],[-82.98711699962435,38.405356000265456],[-82.98477300040068,38.4047350003165],[-82.98399000005296,38.401757999765394],[-82.97955299987913,38.399066000280776],[-82.97271899987986,38.39879499986057],[-82.97064799956934,38.39366599990965],[-82.95717100026481,38.39424100016548],[-82.95638899974199,38.39602900011124],[-82.95263199998374,38.3965390003497],[-82.95314199962168,38.39947500035],[-82.94978599972141,38.39827799997182],[-82.94779899997478,38.399974999838555],[-82.94223399967174,38.39885399985934],[-82.93891100028176,38.40188700028327],[-82.93625599981513,38.40137200001682],[-82.93459399975852,38.398053000276306],[-82.92916700044604,38.3969799996557],[-82.91774200028716,38.3969580000223],[-82.91271199973642,38.39894900028112],[-82.81745400022136,38.373935000019316],[-82.81770199991848,38.376682000331485],[-82.80884400036268,38.38709700003447],[-82.81121299970073,38.3886490001697],[-82.80965100010152,38.39437300000983],[-82.80367200042002,38.39774699965116],[-82.79950700023275,38.39796200034769],[-82.79821099987404,38.400148999863156],[-82.79379200014188,38.40078299978401],[-82.78879699975121,38.404728000160816],[-82.79011900004919,38.406875000029174],[-82.78826700002179,38.412905999767034],[-82.78522300029105,38.4121029999006],[-82.78240100031817,38.41447299985326],[-82.77964499956923,38.41390600021381],[-82.77376200014717,38.41831300030884],[-82.77707299984161,38.421793000327256],[-82.77473899976533,38.42471199973913],[-82.77437100041762,38.42856199985422],[-82.77028800024611,38.43292299976615],[-82.6654220004395,38.50577899982325],[-82.67608199979401,38.5161250002844],[-82.69108499961101,38.53794800021988],[-82.69828500020648,38.543770000003654],[-82.71995200014345,38.553990999990475],[-82.72555400025642,38.558184999751816],[-82.79174599994572,38.56060200034318],[-82.82121400035268,38.57339300030434],[-82.84247200003573,38.5889099998251],[-82.84739299990822,38.59532799970394],[-82.85445500041143,38.6137690002865],[-82.85736900044584,38.63159999997409],[-82.85661299986228,38.64764599982768],[-82.86038300003933,38.66288199974273],[-82.86514999992603,38.672234000158575],[-82.87576199959997,38.684168999915016],[-82.87749300015186,38.68946500022369],[-82.86988400020078,38.727271999850664],[-82.87176899984016,38.73942699989018],[-82.87411299996215,38.745175000167215],[-82.87954000017292,38.751297999809054],[-82.88366400035233,38.75195299978114],[-82.8855089998087,38.75292600017526],[-82.88544000021174,38.75484200001581],[-82.89043200022935,38.75625999972419],[-82.89648200005598,38.756394999745346],[-82.93467800032242,38.74666400028646],[-82.96123000014687,38.73380199991914],[-82.97148899964337,38.72719999979526],[-82.9707789999889,38.72853400000056],[-82.98149100012026,38.72599600030324],[-83.0087839995613,38.729993999899584],[-83.0304949998792,38.725839000156476],[-83.03782099997306,38.71729400002934],[-83.0427450002186,38.70762000019888],[-83.05401800004154,38.695068000225206],[-83.0628730001226,38.689306999893596],[-83.08456900037187,38.68080100032367],[-83.10326199999999,38.67699800021565],[-83.11238400004476,38.67162300010311],[-83.12206699978108,38.66009799974556],[-83.1266930001008,38.644393000300184],[-83.1347539999635,38.63201300025846],[-83.14338200026387,38.62451999968147],[-83.15324300027542,38.618982000278116],[-83.17877400010076,38.6191879997805],[-83.20436400037565,38.616774999691735],[-83.21414500002126,38.61921599993975],[-83.23088699988779,38.62710399989414],[-83.24566399974897,38.628564000093924],[-83.25454099957135,38.62349699981013],[-83.26426299966575,38.62140099986406],[-83.26765499955101,38.61830500023001],[-83.26852599976229,38.61510900012647],[-83.28187599974352,38.603209000236006],[-83.28758900018458,38.59853700002176],[-83.2931810002518,38.59671399977152],[-83.30521899998078,38.59941100029294],[-83.31658700023826,38.60800400017107],[-83.319955999659,38.615268999660245],[-83.32215099981809,38.63008000030584],[-83.32774299988532,38.63783099979038],[-83.36277499987213,38.657219999722095],[-83.38485799973567,38.663111000084704],[-83.41981699992753,38.6671280001418],[-83.41748000037656,38.66773200012348],[-83.41855499990402,38.66811600032837],[-83.4453989998065,38.66999000009942],[-83.45707000001268,38.67396699975282],[-83.46771000017401,38.67534800024088],[-83.49363600000956,38.694518000308484],[-83.50870699959863,38.700796999911944],[-83.5208830003182,38.70306199979134],[-83.54522400009002,38.69992800033721],[-83.56920699966157,38.69294300019435],[-83.59268200014331,38.68855199966723],[-83.6018610000895,38.68398099981342],[-83.61151600023675,38.68465299967928],[-83.62602299976119,38.678610999683805],[-83.63206099989225,38.673903000065934],[-83.63649100039339,38.66734600029314],[-83.63881600024882,38.6536890003384],[-83.6454760001708,38.635561000054786],[-83.64914099986757,38.631189000095326],[-83.65948499975288,38.62738400026567],[-83.66839500008555,38.62645300004987],[-83.68152300030893,38.63033400026678],[-83.70389099967953,38.6395249998079],[-83.71360799975105,38.64176799967741],[-83.7208619998749,38.646673999856695],[-83.74226900041917,38.648312999662636],[-83.76418800025118,38.652525000177945],[-83.77017799980338,38.65585700023647],[-83.77363099978804,38.661061000309566],[-83.78446299956998,38.69672300011988],[-83.79207200041937,38.70230100003798],[-83.82188999973239,38.70953699965195],[-83.83675899965509,38.71771800022875],[-83.84155599967903,38.72391900028356],[-83.84484899983009,38.738022000135956],[-83.84889099999371,38.747476999682746],[-83.8583159999872,38.756325000311094],[-83.86940700023524,38.761300999917815],[-83.88752499992808,38.76577199995368],[-83.92566099992005,38.77120799999165],[-83.92865899962005,38.772330000083535],[-83.92643000002408,38.774097000250165],[-83.94320700005069,38.783175999799475],[-83.96236699965903,38.787521000045665],[-83.97809500009743,38.78736300013092],[-84.04375299985935,38.770670000089716],[-84.07077900023504,38.770413999805214],[-84.09246000041568,38.7744219997931],[-84.14721199987748,38.792861000081615],[-84.19800400008972,38.80090099981325],[-84.21311499986176,38.80583500031143],[-84.22529800025401,38.817461000338355],[-84.23186399956639,38.83271999992358],[-84.23370300007329,38.85402399986224],[-84.23156700036375,38.87251300014922],[-84.23433999993286,38.893265000060666],[-84.25703899973956,38.922649000053106],[-84.26044499986853,38.92471500024908],[-84.28877699975037,38.95564399966273],[-84.29579599969756,38.96920899978208],[-84.29773200028887,38.989742999896514],[-84.30607400035895,39.00775300028295],[-84.31383499974768,39.01658800030154],[-84.3266199998394,39.02726199986142],[-84.3475989998632,39.03758000020145],[-84.36072100023877,39.04156699965513],[-84.37691300028436,39.04416300003016],[-84.40805399972028,39.04593399967382],[-84.42638900004641,39.05313400010749],[-84.42856400011401,39.05557900015252],[-84.42386800037241,39.052860000008316],[-84.43056099990638,39.058739999902286],[-84.432731999776,39.066833999870795],[-84.43371799961501,39.08422499991152],[-84.43546500006042,39.08703299972403],[-84.43373500023176,39.09491899988838],[-84.4351599995636,39.10036199990123],[-84.44321999960137,39.112173999836955],[-84.45253400016507,39.11923900009999],[-84.46455500017562,39.12201599987081],[-84.47579700003641,39.11993800017462],[-84.4852439997712,39.11369999987877],[-84.49702499958222,39.10035799976478],[-84.51033799975352,39.09387299981951],[-84.52562599997589,39.09247800006209],[-84.54066300012806,39.099100999666504],[-84.55081600021768,39.09954800021937],[-84.57190599967123,39.082429999815595],[-84.59489099970821,39.07731499988701],[-84.60385000044468,39.07372700003683],[-84.61834299972541,39.07330399997802],[-84.63253200013088,39.076634000120386],[-84.65037500036243,39.09159800003488],[-84.65851700041597,39.095811999844884],[-84.66659699964693,39.097951999950794],[-84.67953900009748,39.098593999726624],[-84.68647799967871,39.10110900014527],[-84.7198960001878,39.13788999968318],[-84.73208100022987,39.14454700004479],[-84.74335099967973,39.14758500022647],[-84.74996899976895,39.14773200026906],[-84.75630599965076,39.145932999900204],[-84.76617800043131,39.13914999999338],[-84.78776800037535,39.11531299988185],[-84.81067899989417,39.109203999824544],[-84.81254799964002,39.10693599972576],[-84.83243500041792,39.10048900028186],[-84.86101900019482,39.077986000028],[-84.88905899999858,39.06612599967112],[-84.89737099993147,39.057400000345616],[-84.89629899987872,39.05244099983253],[-84.88577400024343,39.03766099999269],[-84.87182400021258,39.027755999918384],[-84.85060699963911,39.00469300029198],[-84.8466559997121,38.99674099969266],[-84.83857899995586,38.989901999823275],[-84.83004899956481,38.97256000034561],[-84.82985500029437,38.96939100023325],[-84.83425200028522,38.958771000313554],[-84.84942900017948,38.948131999923],[-84.85626300017876,38.94067699969784],[-84.86664700024707,38.93322600010956],[-84.87691999998727,38.921668999730855],[-84.87930900031512,38.91610200002177],[-84.87724700022541,38.90941300002321],[-84.87062300028843,38.90090600029118],[-84.86663499965317,38.89880499975872],[-84.81216000020082,38.8949800000884],[-84.79315899970283,38.88741799986958],[-84.78527500029044,38.88042500014305],[-84.78573499969967,38.869959999853016],[-84.7915240003087,38.859973999720914],[-84.8037469999856,38.85043299981044],[-84.82364499973583,38.838921000178594],[-84.83004500026516,38.83013999976505],[-84.82997599976987,38.82571400026768],[-84.82701999990269,38.81852700005581],[-84.81399100031183,38.80021699996907],[-84.81159899961095,38.79196000017488],[-84.81381899988438,38.78507500000066],[-84.8203390000643,38.78318600016129],[-84.82885699986149,38.78327100002862],[-84.85559799983182,38.7899959999501],[-84.88742100023143,38.79483100000277],[-84.89413700022992,38.79371300031361],[-84.91560400015034,38.78404500016423],[-84.94111900008215,38.775687999651474],[-84.97457500022605,38.77894999981455],[-84.99192399981487,38.77828400004059],[-85.01224699971254,38.76597599982657],[-85.02784299990648,38.75889099985073],[-85.04036600005736,38.75543599977233],[-85.05244599961914,38.74814200005374],[-85.0730360003788,38.74103999984984],[-85.10201400034101,38.72629700015109],[-85.11459699986804,38.71535199992903],[-85.13740700000284,38.69986699992608],[-85.15746700013477,38.691731999671575],[-85.173161000238,38.68800700032452],[-85.18887100023473,38.68758499973018],[-85.2130529999979,38.69545300010459],[-85.22641800004774,38.70599300000597],[-85.24645499971516,38.73174600019687],[-85.25881999968227,38.737818000241056],[-85.27237600042614,38.74074000032162],[-85.28925600038491,38.742419999664165],[-85.30610100018357,38.74152800017358],[-85.33532299964493,38.7358419997629],[-85.3380240001423,38.734085999905254],[-85.36444700009531,38.730428999783285],[-85.37265699992092,38.730473999982536],[-85.41023800006914,38.73713499992054],[-85.42262599960247,38.73465100015685],[-85.43475499956806,38.729402000144276],[-85.45018400025573,38.71193100004312],[-85.45154400018853,38.707903999804344],[-85.45178400038806,38.71014999970969],[-85.4559269999357,38.69628700001548],[-85.4567229998039,38.6863570003242],[-85.45466099971422,38.680715999758874],[-85.44463900004418,38.670053999777814],[-85.4386290004005,38.65888999988254],[-85.43756300019555,38.65009200011115],[-85.43959699979784,38.63084600027101],[-85.43826799982716,38.605524999753364],[-85.43590100013894,38.59887400008326],[-85.41990400008703,38.57361800033913],[-85.41579599980118,38.564025999879476],[-85.41555499977676,38.54496899978017],[-85.41793300023393,38.537730000140414],[-85.42697499991276,38.52816300014971],[-85.43423400005948,38.52326399984724],[-85.46391400017855,38.511819999668845],[-85.46968899964557,38.508012000107456],[-85.47608300032711,38.50131400001757],[-85.48163000018849,38.48752999982176],[-85.4888890003352,38.47765200034351],[-85.49711000003147,38.46950799995017],[-85.5049209996489,38.465123000150186],[-85.51929099980433,38.45939000009357],[-85.53435399989577,38.455781000255165],[-85.58275299958223,38.451042999855446],[-85.60422799989855,38.44091500023818],[-85.62033999957822,38.42341399981959],[-85.62190399972555,38.41694300026906],[-85.63183300040747,38.39842700014198]]]}},{"type":"Feature","properties":{"GEOID":"2102","NAME":"Congressional District 2","BASENAME":"2","STATE":"21","CD119":"02"},"geometry":{"type":"Polygon","coordinates":[[[-87.49994100034601,37.638751000158294],[-87.49934799996909,37.626711999883426],[-87.48199099998436,37.60043399987086],[-87.45925700001753,37.592861999828884],[-87.44259899981662,37.5916170001902],[-87.42476099960795,37.59268700004283],[-87.39439500012385,37.588404999894514],[-87.37999700037935,37.57842900003912],[-87.37039499993554,37.560513999867695],[-87.36038900015902,37.54925700005414],[-87.36053800012193,37.54235200010415],[-87.36669500007869,37.534113000036335],[-87.3653019996356,37.53278499973235],[-87.36005299970005,37.53280900013217],[-87.35455600006736,37.528374000294995],[-87.34902900029748,37.5163480001359],[-87.35939300027428,37.50399100002765],[-87.3568829995726,37.495386000084075],[-87.3618169998639,37.48697499965209],[-87.36040900025051,37.48475699970441],[-87.3561570000246,37.483954000171146],[-87.35411199965336,37.48065400015461],[-87.3582969999321,37.46569299966602],[-87.35539700014142,37.45856399978558],[-87.35514400042142,37.44630799977995],[-87.35134199955901,37.43750099994398],[-87.35254000000843,37.4265590000679],[-87.33671799985869,37.41248799976572],[-87.33256100006734,37.411837000051754],[-87.32970899995723,37.40821899979559],[-87.32514100026215,37.40739099993191],[-87.32533500043091,37.405894000347956],[-87.32926500044154,37.403920000257735],[-87.32854300019319,37.3984619997097],[-87.32037000017749,37.39802699985312],[-87.31901100006958,37.401002999668734],[-87.3114790001114,37.401873000130415],[-87.30772400000298,37.39991999988161],[-87.30520499997877,37.39500699968553],[-87.30655599969076,37.392695999979736],[-87.30212100006507,37.39373699976637],[-87.3008909998286,37.39006499979196],[-87.29697800043475,37.39260299996375],[-87.29537599975427,37.3870950001866],[-87.29763200001273,37.38484200024714],[-87.30467400042444,37.38294699981324],[-87.3099650001928,37.37678599989018],[-87.30745500038945,37.373882999850544],[-87.30106999992876,37.37486200034473],[-87.30109099984514,37.3722359998742],[-87.30375499963428,37.369831999649556],[-87.29954799961423,37.37096000003402],[-87.29919399961189,37.368734000313474],[-87.30272299976451,37.36731799978799],[-87.3031560003079,37.365075999811815],[-87.30567199995902,37.366468999788616],[-87.31231599998749,37.36319099981973],[-87.31773800017541,37.35338000023378],[-87.32199600024909,37.351039000149015],[-87.3211459999542,37.34899299998337],[-87.31882500029675,37.35099599984415],[-87.31714800017153,37.34825500021904],[-87.32028200031394,37.34472399993393],[-87.33041299976394,37.344065999957806],[-87.33822099990664,37.335991999697264],[-87.33472000024143,37.33427999973677],[-87.3382109998609,37.33181400033344],[-87.33362200024942,37.331335000217365],[-87.33706699983816,37.33003600024556],[-87.33455700003479,37.32613799979283],[-87.33791100028525,37.32661099978595],[-87.33981099999322,37.32434699985582],[-87.34313599993138,37.32555500020671],[-87.34393000014973,37.323795999702625],[-87.34314900035015,37.318935999718406],[-87.33938099982291,37.313774999774225],[-87.34327300019869,37.313398999696595],[-87.34575299986483,37.30966200008778],[-87.3545719999609,37.31052199965771],[-87.35627300037557,37.31469500010561],[-87.36210399991909,37.31316700032179],[-87.36285399975652,37.31661299972686],[-87.36675700000296,37.31854299964435],[-87.37093399988579,37.316506999952644],[-87.36941199957128,37.31395099986365],[-87.37410099964018,37.314974999680075],[-87.37220900032813,37.30999199993108],[-87.37383200002667,37.30978700002564],[-87.37488499981282,37.31204400019979],[-87.37991299981545,37.311274999831426],[-87.37790900035039,37.30862400007527],[-87.37980599968532,37.30446200031089],[-87.3739609998981,37.30515500007682],[-87.3750739999587,37.30345900021716],[-87.37196999995352,37.2992300001758],[-87.37911399957417,37.29978200003795],[-87.376193999692,37.297084999887545],[-87.37968100001184,37.29371299964954],[-87.38160300035945,37.29539099980247],[-87.38622499958288,37.2954339997783],[-87.38073700017105,37.29201100017291],[-87.38422699996562,37.29061600011933],[-87.38365100020543,37.28817100030024],[-87.3811210003106,37.28859799991103],[-87.38104199976958,37.28704799996888],[-87.37749300042377,37.28525899983342],[-87.38182099991934,37.286096999986626],[-87.37985300043928,37.283650999922855],[-87.38173100040596,37.28302100001245],[-87.3798540002642,37.278466000095136],[-87.3814300001071,37.2775190003296],[-87.38381699988679,37.27921399965102],[-87.38570800027226,37.27742799986207],[-87.3870709996798,37.26959900028687],[-87.38401100005554,37.269159000041284],[-87.38890000014098,37.26189700005797],[-87.38758600023894,37.260707000005304],[-87.38848400021439,37.25735400007793],[-87.38542600023996,37.257827999704304],[-87.38730400020663,37.255417000291004],[-87.38406100028426,37.25577400004039],[-87.383915999621,37.25243299980848],[-87.3806490003075,37.255060000279805],[-87.37903400010657,37.252969000153485],[-87.37654400039469,37.254105999928306],[-87.37747099978415,37.252171999879515],[-87.37641700017309,37.25166600001682],[-87.37239799957568,37.25271500012919],[-87.37387100038472,37.249023999879256],[-87.37250700025396,37.247336000252304],[-87.3693289997306,37.25124699966968],[-87.36934799999716,37.24873900031511],[-87.36767900026787,37.24988599971035],[-87.36408099961996,37.24899999998013],[-87.36542300000941,37.24733999972844],[-87.36733500031129,37.24786800022491],[-87.3684700001132,37.244701999841524],[-87.37205100014437,37.24282500020514],[-87.36893100024565,37.24383599968623],[-87.36912600023932,37.241807000259165],[-87.36529999998578,37.24164099997988],[-87.36786699969053,37.24086000002779],[-87.36901400008632,37.23777100015406],[-87.36804199959272,37.23880599977957],[-87.36457100006473,37.23685200022646],[-87.3611490000422,37.23726800032636],[-87.35956499980341,37.23443800017321],[-87.3555589996248,37.23668999980373],[-87.35422700017939,37.23601399981857],[-87.35654600018704,37.233835999686946],[-87.35529300038434,37.23168399978468],[-87.35822499996209,37.23119199977632],[-87.34931800000247,37.226955000306106],[-87.34682999994043,37.2234739998569],[-87.34955900002689,37.2196120000233],[-87.34681200039708,37.21902999980524],[-87.35001299958833,37.2159530003219],[-87.34961199973034,37.21472399966041],[-87.34680400000116,37.2150500003491],[-87.34626199967786,37.217253000208885],[-87.34238000024614,37.21584299997483],[-87.34574199999416,37.21233300016393],[-87.33866799979539,37.207621000135426],[-87.33752100029791,37.20805200010558],[-87.33889200010138,37.209852999850725],[-87.33480899992986,37.21124000012033],[-87.33389900025885,37.20696299976752],[-87.32851999972864,37.203584000186815],[-87.3309240001251,37.2027049999131],[-87.33029399993823,37.19973000005577],[-87.32505099985048,37.19673799988353],[-87.32370799963608,37.19678899968054],[-87.3243289996021,37.199606000157104],[-87.32062299989748,37.20055000021338],[-87.32058899956229,37.198595999743546],[-87.3184419999821,37.198736999837124],[-87.31691700019284,37.19544699987547],[-87.31579900010937,37.195493999749715],[-87.31680599986477,37.19736499975229],[-87.31557099960543,37.19847200012872],[-87.3116339999221,37.196824000124614],[-87.3111479996753,37.19492300020932],[-87.3079309996922,37.19470800009156],[-87.30897500015583,37.193558999870305],[-87.3066989998059,37.192060999888476],[-87.30764100016228,37.190267000217034],[-87.31144300012639,37.19194500009371],[-87.31083700022899,37.189651999818935],[-87.31491700002744,37.188003000035806],[-87.31449199987999,37.186768999751955],[-87.31164899999072,37.187785000243494],[-87.31142499968473,37.18516900016903],[-87.31764600011391,37.18565500028186],[-87.31350199984304,37.18326800024801],[-87.315661999842,37.18045199985192],[-87.31262399995906,37.180117999666386],[-87.31225099969016,37.17574399988413],[-87.31415899979407,37.177370999645206],[-87.31901500026754,37.17699100014923],[-87.31763299969512,37.17606399978304],[-87.31792599959806,37.17268700007082],[-87.31943799986685,37.17398799997869],[-87.32742699975952,37.170714000297735],[-87.32668000029511,37.16900100001586],[-87.32431899955637,37.16967499987867],[-87.32231699974113,37.16781399989464],[-87.32605099993319,37.166930000347065],[-87.32400599956192,37.165249000049506],[-87.32458499969515,37.16380100033885],[-87.33075599989562,37.16470800014766],[-87.33363099957194,37.16149300021469],[-87.33401499971151,37.15758400003017],[-87.32938799956686,37.15430700002144],[-87.33398100027462,37.15458700023212],[-87.33118400041609,37.1529720002042],[-87.33408900022967,37.15143100033093],[-87.33115799957851,37.150706000224666],[-87.33324200030782,37.150656999895624],[-87.33190699959106,37.148452000198915],[-87.33474399963255,37.14802100017399],[-87.33108099958562,37.14500399996523],[-87.33216199985918,37.140743999905816],[-87.32958099991072,37.141767000312605],[-87.32729799988809,37.140387999660256],[-87.33127499975438,37.139021999959034],[-87.32926100024358,37.13535299964951],[-87.33442399996542,37.13219000002349],[-87.33218100012576,37.13296699968927],[-87.33040699991614,37.13124300003452],[-87.32429299961711,37.13302699966619],[-87.32691100027381,37.13041399988438],[-87.3225240003287,37.12730300007249],[-87.32398499964553,37.124412000232695],[-87.32194500019547,37.12267999980586],[-87.32037400037545,37.123483999830974],[-87.3127450003329,37.11407299973929],[-87.31377499965451,37.113078999912545],[-87.31650600028911,37.1143449997242],[-87.31723699986,37.11236700034857],[-87.31490000030901,37.11289300016334],[-87.31246099975245,37.11125499979123],[-87.31021500043806,37.112495000313025],[-87.30731599957396,37.11107400017236],[-87.30534899991883,37.109164000147615],[-87.3052979998652,37.10646200027499],[-87.30022800002979,37.108220999750266],[-87.3019460001629,37.11158200008779],[-87.29985899995884,37.113258999720074],[-87.30083899995006,37.11155700012374],[-87.29912599983984,37.110391999665566],[-87.29683299977147,37.110330000226696],[-87.29754800034713,37.112320999681714],[-87.29368299973552,37.11271500028371],[-87.29449799987032,37.10968300015356],[-87.29118499962775,37.110666000113575],[-87.28432899988715,37.1080239998354],[-87.28569800004081,37.10285300010877],[-87.28308100010733,37.10403799999834],[-87.28207099997888,37.10242500023515],[-87.28380800037857,37.102034999844875],[-87.28239700039212,37.10094500021296],[-87.28372200016486,37.10022800018205],[-87.28279800025011,37.09715599975838],[-87.2844939997436,37.09594000016946],[-87.28195999965081,37.094677000214624],[-87.28210399959086,37.09138399973516],[-87.27911199973866,37.09126100010995],[-87.27958399974176,37.089007999777515],[-87.28270899966333,37.087714000349926],[-87.28529999965757,37.089017000094366],[-87.28553400000928,37.08497999992454],[-87.2815160001351,37.07962099975726],[-87.27958700011482,37.079176999957696],[-87.28098999970534,37.07701999996972],[-87.27828099971035,37.07749100025984],[-87.27506999957504,37.07502500018956],[-87.27897500036961,37.07423500014795],[-87.2741020001777,37.07051400010878],[-87.2721170000809,37.07287999997805],[-87.26795400044178,37.07422399984522],[-87.26676600003809,37.07327300015414],[-87.26914199994715,37.07071000019205],[-87.26543799989233,37.07010899990086],[-87.26151000042984,37.07738900020783],[-87.2595229997849,37.07686100010593],[-87.26200300034937,37.07382899990603],[-87.26098200035025,37.071383999852316],[-87.25937100034726,37.07240100014996],[-87.25954700007435,37.07519799994115],[-87.2518119997266,37.07554799966911],[-87.25466999968448,37.06969099965356],[-87.25001599977568,37.070157000165906],[-87.24919099959516,37.06568200027641],[-87.24524800006405,37.064115999684944],[-87.24837399981055,37.05827900012994],[-87.24376900030555,37.05756999978668],[-87.24695799980124,37.05423000031533],[-87.25344500036918,37.05328700028901],[-87.25528599962762,37.05481799981622],[-87.26211100030439,37.052718999842824],[-87.25986900028964,37.04979200006147],[-87.25316699963653,37.0505949998836],[-87.25086600007056,37.04940300003214],[-87.25025599997518,37.040556999750656],[-87.1180690002401,37.04473199981374],[-87.05316399979039,37.06101899994863],[-86.97639899988691,37.07358800002299],[-86.8453500003268,37.05651300018036],[-86.6744619998119,36.999765999867485],[-86.66878500025418,36.989116000175905],[-86.67121499969156,36.98273499965782],[-86.67255000040834,36.98236000016932],[-86.67178399977905,36.988715000049936],[-86.67295499956599,36.99039400001593],[-86.68286599980627,36.9905730002346],[-86.68401599967679,36.98944100001362],[-86.67932099976011,36.98554599998598],[-86.6761160003709,36.979538999786385],[-86.68128699959033,36.977769999790674],[-86.68448500020517,36.98172399995145],[-86.68871899998942,36.983610999716966],[-86.69109200042372,36.98006100016185],[-86.69822500017372,36.981141999906896],[-86.70352400033799,36.97917799972242],[-86.70414199993097,36.977043000004805],[-86.69998500013963,36.97096800034349],[-86.70414799977877,36.96777500016812],[-86.70879199964182,36.966717000020616],[-86.71046799994213,36.96953499982624],[-86.71228099961147,36.96572799970797],[-86.71110099960372,36.96368799987454],[-86.71322200014295,36.963150999846384],[-86.71196799961703,36.96122999985023],[-86.71460299999217,36.957642999659654],[-86.71404399995042,36.9557140003091],[-86.71138000016128,36.95587499965735],[-86.70964299976161,36.95350500035347],[-86.71257400041274,36.94947800027421],[-86.71575700006066,36.9489919999901],[-86.71658100041626,36.94616600021355],[-86.71301899975336,36.93959499996565],[-86.713542999635,36.93707000011566],[-86.71783900024182,36.93547600023655],[-86.7325509998057,36.937760999884695],[-86.73282199996734,36.932622999782964],[-86.73692199985729,36.93317600009376],[-86.73761800016636,36.92920799977132],[-86.74115599964152,36.92869599997231],[-86.74235699956567,36.92342499968592],[-86.74391099966725,36.922951999845864],[-86.7396340002253,36.914611999798964],[-86.74034800007774,36.907231000131524],[-86.73533699979356,36.90498100008168],[-86.734227000106,36.902376000174236],[-86.73654799976346,36.89598000013803],[-86.72623099964231,36.891075999988665],[-86.7207869997131,36.88530699997176],[-86.72330800028541,36.88145300014124],[-86.71489099987224,36.88070499986944],[-86.7136270001989,36.878768000147545],[-86.71391699972882,36.87576699966184],[-86.72138900031085,36.87461799967252],[-86.72498700006045,36.876054999865595],[-86.72600899988446,36.87208500020722],[-86.7295880002658,36.87216499967784],[-86.73010600029968,36.86818100012748],[-86.73577899965944,36.86365099988868],[-86.73280199987586,36.863768999923366],[-86.73116800030664,36.85919799992434],[-86.71283299998052,36.86230900017048],[-86.70410299957291,36.848087000207144],[-86.69782500014064,36.84527699988302],[-86.69242300004422,36.83992899984001],[-86.69071900015481,36.844299999684985],[-86.67536900000819,36.85518900034794],[-86.65588800000948,36.87625599976856],[-86.6324050000301,36.882928999990575],[-86.61158599983989,36.88305700018703],[-86.58328900011817,36.830281999723034],[-86.40051799968498,36.80722600026913],[-86.40576900016869,36.77618700027044],[-86.26327399963498,36.87324399982115],[-86.26551399999988,36.87549099970508],[-86.26393599960888,36.87654499984248],[-86.2626569998669,36.88442499993287],[-86.26888499996878,36.887494999928975],[-86.26689300019927,36.89317799985461],[-86.26152899973769,36.8919629997218],[-86.25972600011409,36.89407500006142],[-86.25663800000243,36.89123199967376],[-86.25213700025449,36.89156599985266],[-86.24867300039918,36.89693999966049],[-86.24041099979672,36.89433200026828],[-86.2397120000129,36.89905600014059],[-86.23474900030762,36.89811599982432],[-86.23546300016007,36.906964000046095],[-86.22936099955656,36.9071349998775],[-86.22630900032823,36.912633000334964],[-86.2197180000032,36.91136400002605],[-86.21436600013548,36.9038110003532],[-86.20793100034439,36.90708600018765],[-86.20325700034411,36.91346899997982],[-86.2041090002888,36.91693799973001],[-86.20816700034592,36.91898400024059],[-86.21038199969819,36.92492199974771],[-86.2099819996651,36.92812399987752],[-86.20584999998812,36.93294200019349],[-86.19918000002039,36.93544100033769],[-86.19875599969785,36.931568999945185],[-86.18902699993076,36.921677000042045],[-86.18023899979686,36.925161999844484],[-86.17043999970956,36.93501800032991],[-86.16619300040483,36.93371899968131],[-86.1608619995552,36.92999899979732],[-86.16055500030684,36.92423000026612],[-86.16323199961647,36.923600000035464],[-86.16716099980219,36.91928899992728],[-86.17251299966989,36.91830500009177],[-86.17641000006856,36.91440900004956],[-86.16930099970968,36.90868700006821],[-86.15941200010901,36.90630999996512],[-86.14904200028442,36.91131400035814],[-86.14952599998308,36.915079000309476],[-86.15253100025409,36.918252999767724],[-86.1491250001251,36.92868500013523],[-86.13604799995535,36.93209399971595],[-86.13521000025436,36.92938999973541],[-86.14208699991133,36.91391900033549],[-86.13500600003985,36.90569799993206],[-86.13454900010537,36.90299000013607],[-86.14302400024484,36.90081399988222],[-86.14709300017265,36.8967960002864],[-86.14164400022054,36.89230999977308],[-86.1301239996271,36.89619700034853],[-86.12477699978226,36.89544399997685],[-86.11531599980376,36.88105000035758],[-86.11342299976849,36.87506600003182],[-86.10945400029811,36.87204000019867],[-86.10987900044556,36.868293000199714],[-86.10642100043803,36.865063999933454],[-86.10048799988895,36.86421999982037],[-86.09752600017399,36.86770399975206],[-86.10869500023983,36.88289200001734],[-86.10697100025894,36.889558000142166],[-86.09796100036716,36.90043600010947],[-86.0873260002287,36.89976699979921],[-86.07605599988052,36.902615000173434],[-86.07042500035355,36.901914999861674],[-86.0653100003123,36.89912800024379],[-86.06455499955365,36.894554000340236],[-86.06660599977269,36.891083999961836],[-86.06816300024732,36.89111000004852],[-86.0667329999943,36.893628999971504],[-86.06809799994998,36.89432900013669],[-86.07734600039146,36.892722000340505],[-86.07824400036691,36.891253000007694],[-86.07638099957055,36.883887999645815],[-86.07733499962248,36.881934000274356],[-86.07021000026839,36.87724600026986],[-86.07203299998348,36.871675999969476],[-86.07453500028923,36.873691000020266],[-86.07658700033318,36.87239500002484],[-86.07780999999865,36.86671699968876],[-86.07546199967868,36.864260000090674],[-86.07801599986297,36.85469999980876],[-86.07208800023507,36.844353000049765],[-86.05888600039184,36.83521699976283],[-86.05571899973916,36.82958300023831],[-86.06285800023527,36.826160000355486],[-86.06604500008113,36.82284699976319],[-86.06851800007456,36.812113999823005],[-86.0709640003038,36.81120300032635],[-86.07147200029192,36.807011999773394],[-86.0699569996501,36.80578300006697],[-86.0509700002941,36.80943800014766],[-86.04698400020699,36.8076469998482],[-86.04744600016436,36.80448899991755],[-86.04983999961675,36.80396899971043],[-86.05111099986111,36.80159500008466],[-86.05028400003076,36.79978300019139],[-86.05212099998955,36.79445099968304],[-86.05051599983435,36.7933889998935],[-86.04612700023942,36.79523299973732],[-86.03922399974486,36.790834999963714],[-86.04016699992614,36.787977999928245],[-86.03597900017266,36.78550399968644],[-86.03452200015548,36.78089700010833],[-86.0392630001029,36.77794299999048],[-86.04918000019099,36.778437000323684],[-86.05279700020716,36.77537800007458],[-86.05129300033428,36.77240900013347],[-86.04074400040955,36.76743699991208],[-86.03759000017565,36.76011199977683],[-86.03464600000403,36.759928000189745],[-86.03073500025998,36.764382999800134],[-86.0023089997685,36.75871099964083],[-85.99386100029153,36.74923700004746],[-85.98287600034871,36.74156299967315],[-85.97691000018766,36.722722000000935],[-85.8070109998848,36.82163800019769],[-85.77228600004467,36.836339999739],[-85.76676099992459,36.835763000032074],[-85.74882599963155,36.84210000031135],[-85.73925500004819,36.841476000137554],[-85.75039599962663,37.00590200021845],[-85.75543799987295,37.026844999965434],[-85.7592780003702,37.06857299974967],[-85.75847900012896,37.099437999838976],[-85.7560899998011,37.1098350001017],[-85.76246600004097,37.1117719996882],[-85.77177100038385,37.10973299987797],[-85.77696199969478,37.138327999862256],[-85.75931500018012,37.15024200014609],[-85.74422100012653,37.169813000281664],[-85.6864819999371,37.182426999790316],[-85.66089800040831,37.14303900008599],[-85.63231299990817,37.12505600015909],[-85.59089700018392,37.11628499997505],[-85.52673999992183,37.109443999811376],[-85.48189399977913,37.12783499973435],[-85.43388500008001,37.14478799993524],[-85.3802580003744,37.16831400030129],[-85.35277099986627,37.19243199995426],[-85.37189500038791,37.221312000016496],[-85.38655199970019,37.22385500004271],[-85.39118999971546,37.22232299973586],[-85.40728399985177,37.22212800019532],[-85.41121100038765,37.22479900004719],[-85.41015000020559,37.230018999766735],[-85.40637300035584,37.23507199973663],[-85.3985569998172,37.237853000136234],[-85.391874000329,37.237570999980434],[-85.3896499998576,37.23967300031009],[-85.39065800033622,37.24706200023389],[-85.43123200016153,37.305113999932246],[-85.43687199990933,37.30420999965704],[-85.44046700018421,37.3159180001288],[-85.47969699997023,37.36353399965452],[-85.47808099994437,37.3636729996657],[-85.58447699956312,37.43209100021627],[-85.58664199958496,37.43811700028822],[-85.58671500027823,37.443652999701634],[-85.58310099973677,37.44675499965384],[-85.58151200037342,37.4525499997022],[-85.58516500037459,37.45655900008907],[-85.58349699957189,37.46991700011699],[-85.57962000016303,37.46546800014829],[-85.56793100041352,37.46411200013511],[-85.56462900004159,37.459639999873566],[-85.55649500038398,37.45826300022171],[-85.55088900007304,37.460738999790756],[-85.55028599965037,37.459159000051976],[-85.54423099980087,37.457851999976484],[-85.54226800034368,37.45475199979548],[-85.53663500026857,37.45647299996715],[-85.52912699970152,37.45401900010611],[-85.52571800009781,37.46269900030468],[-85.5149950000958,37.46790700021652],[-85.51549700023614,37.473521999701795],[-85.50637600001627,37.4772379998986],[-85.50277099969566,37.48230300007497],[-85.49884200040827,37.4829510002918],[-85.49708099971915,37.480371000355774],[-85.49247799986397,37.47906499986938],[-85.49097800018906,37.473937000326146],[-85.49212300003671,37.47190999987762],[-85.48883699955836,37.467285000053224],[-85.4859970000421,37.46635699965992],[-85.482920999626,37.467971000097876],[-85.47982599984167,37.46539000028099],[-85.47430699956936,37.46713099970182],[-85.46624999990462,37.46559500011456],[-85.46885400031762,37.47610900019219],[-85.47292400007032,37.48208500015336],[-85.47390499988646,37.49220000011172],[-85.482820000242,37.50006600013919],[-85.49142500007781,37.51430099996889],[-85.49075999973087,37.52832399974531],[-85.49283699988916,37.53021100017481],[-85.492697999972,37.534515999945185],[-85.4980559996875,37.54353400018329],[-85.50347299985253,37.54938200010797],[-85.5146219998269,37.552936999768036],[-85.51700199993391,37.55524300023985],[-85.52018499958182,37.55334900020385],[-85.52129000014483,37.554342999716184],[-85.4504930000522,37.6859479999959],[-85.40194500040285,37.73051100000259],[-85.41739799958332,37.734432000127384],[-85.42801600000334,37.729941000321055],[-85.43076000015843,37.72684300023863],[-85.43876400011972,37.72732999975627],[-85.44047499968181,37.728760999876094],[-85.4372429996301,37.73279399985786],[-85.43910999972613,37.74216800005271],[-85.43707199992588,37.749350999809664],[-85.44034800035853,37.75944399981109],[-85.44447300036282,37.76007600006469],[-85.45093300026828,37.76486799966476],[-85.46005000029017,37.75979899988666],[-85.46175900020245,37.764051000114286],[-85.46136300036731,37.768680000247706],[-85.45871399974847,37.77300199966634],[-85.46017400013872,37.77651200031434],[-85.44495700006148,37.78526300035232],[-85.42950200033286,37.79748600003261],[-85.4341860003789,37.79836099967236],[-85.42718099977708,37.81266599992251],[-85.42839400029511,37.81727300031122],[-85.45433500019928,37.824824999960136],[-85.44897699958547,37.83399400015388],[-85.45360299990519,37.83810000033112],[-85.45399200006761,37.834559999647254],[-85.45783800041266,37.83577399973888],[-85.45724000001286,37.83697200013733],[-85.46051300007245,37.837117999722864],[-85.46097900022775,37.832068000123336],[-85.47265600028173,37.83397399986668],[-85.47805699965494,37.83200900020359],[-85.48070500044885,37.833658000285844],[-85.48619100021087,37.82922799979354],[-85.50163099987088,37.82388100013041],[-85.51194399979406,37.827020999656185],[-85.51388000038538,37.829765999795306],[-85.51591099961459,37.839364000265384],[-85.50748900007689,37.846941999955106],[-85.50240400017286,37.84655799989459],[-85.55070499995003,37.88770199964844],[-85.57560200028887,37.903799000061596],[-85.58542399994236,37.90639500028921],[-85.58568300040847,37.907728999674426],[-85.58386200034319,37.9111809997788],[-85.58111499981507,37.9113829999234],[-85.57592699997888,37.91668700017008],[-85.57276199987432,37.9159950002015],[-85.56708399959336,37.918674999976865],[-85.56560200036013,37.920031000072804],[-85.56651299985606,37.92366500007381],[-85.56533100019848,37.924899000326434],[-85.56028800012723,37.923011999729965],[-85.55083499964636,37.92639700030201],[-85.54291699989881,37.940359000332855],[-85.52994600003426,37.94723100003909],[-85.52524400044487,37.95274600009466],[-85.52391999959876,37.95755199972409],[-85.52788300011966,37.962593999766845],[-85.53430100019231,37.96535599999318],[-85.48920200032964,37.99065399973636],[-85.5168820002833,38.01126700012227],[-85.51245099995727,38.010891000236725],[-85.46923099988616,38.09622200016403],[-85.46287399991287,38.09587799989734],[-85.45051700034166,38.102704000140164],[-85.43804299969625,38.101931000258745],[-85.43512899966187,38.105560000258],[-85.43046800008038,38.10725100020634],[-85.4048989997219,38.26373000007773],[-85.4682059996891,38.28530900017897],[-85.47625300020643,38.28969499976567],[-85.48059300029585,38.288166999906466],[-85.48585300010207,38.28324800016232],[-85.49048100007161,38.27406600018566],[-85.50088199985834,38.27003800033737],[-85.50365100012777,38.24201299998175],[-85.49352599962725,38.240534999890336],[-85.49688300025075,38.23590700002348],[-85.49730699967496,38.23250200024223],[-85.49375699960594,38.22225599994359],[-85.50549499975925,38.22261599970568],[-85.50923899999705,38.18039199989082],[-85.51601699991981,38.17555100005065],[-85.52136600031281,38.168370000335976],[-85.51988800037921,38.16792200026273],[-85.5237170001075,38.16226599976128],[-85.54158700010322,38.14842100014182],[-85.56130699957822,38.143067999905576],[-85.54805500040459,38.13838600011486],[-85.55066300011723,38.13416700002751],[-85.57960599991934,38.13414499979075],[-85.57461300007682,38.12541000026988],[-85.57771200005914,38.12229900010378],[-85.57336899959665,38.12138700020581],[-85.57174099987523,38.11608299968541],[-85.56968999965619,38.11633099998368],[-85.56547900033648,38.102858000118104],[-85.56737800021955,38.10257100015504],[-85.56665299959815,38.10060100018426],[-85.57389800039948,38.10007000002313],[-85.57793600036513,38.09482199991366],[-85.57843699978223,38.092684999673146],[-85.57577999966577,38.08906499978028],[-85.5785399997144,38.084283999900975],[-85.57702900016884,38.08019500032],[-85.57084399972467,38.0843790000509],[-85.56556300000207,38.080996000026865],[-85.56714499969273,38.07474299970321],[-85.71257799965196,38.08731099971956],[-85.88237200037283,38.04087900028044],[-85.88349200010613,38.03758199972193],[-85.89734500005261,38.02980900013913],[-85.90438599974112,38.02884300022275],[-85.90417200037919,38.02674499980116],[-85.90656699965649,38.02475400011709],[-85.90512800008096,38.02249999976745],[-85.90649800005951,38.02013400015533],[-85.9070880000634,38.02253700001553],[-85.9100659996719,38.02303299968191],[-85.90964200024769,38.0197759998821],[-85.91278899991057,38.02065200025384],[-85.91541199969183,38.014254999695424],[-85.91398599963676,38.01065099975322],[-85.91796199967814,38.00906000012409],[-85.91971400014643,38.01039699997812],[-85.92296899976438,38.00835799966716],[-85.9340740002561,37.99728799992838],[-85.94504400013032,38.00242600018],[-85.94710399967188,38.00507199970061],[-85.97187399978911,38.00255999983038],[-85.97741499980272,38.00338200028289],[-86.02589399985511,37.994308999795514],[-86.03170400038056,37.99106299986268],[-86.03374399983063,37.98760200002173],[-86.03534800016091,37.98125100034379],[-86.03411000042682,37.965401000048345],[-86.03653400001645,37.96100100016026],[-86.04078000039456,37.95830900022784],[-86.04875000002066,37.95968899998443],[-86.05466900032603,37.9645249996838],[-86.06448400030686,37.97529899983481],[-86.0772790004443,37.99739000023796],[-86.0738580002467,37.99551099977631],[-86.0802930000378,38.00125600024635],[-86.09460200009384,38.008809000142975],[-86.10568800031902,38.01297500006538],[-86.12532900015131,38.01624000004613],[-86.14892900030652,38.014657000290384],[-86.1631859995857,38.010063999948535],[-86.17817800043036,38.01056099990014],[-86.22024199988485,38.027963999848716],[-86.22555399956958,38.03341899984282],[-86.23373599980611,38.03843100013424],[-86.23333900014607,38.03962500008485],[-86.25006000009618,38.04600300033427],[-86.26780500041845,38.057148000352726],[-86.27277300014661,38.06482399973825],[-86.27855400035972,38.08641799969473],[-86.27911599987618,38.10093800034306],[-86.27039600041265,38.12889699993661],[-86.2706049997517,38.13577900029307],[-86.27284699976643,38.14083500034002],[-86.28692099964584,38.15782999973933],[-86.29281999985974,38.16247900013197],[-86.31883000025921,38.173792000273856],[-86.3474009996173,38.19511200013308],[-86.35977200033055,38.19883999981273],[-86.37095200026704,38.19557499983566],[-86.37601299988162,38.19066300013297],[-86.37847099980642,38.18159900031944],[-86.37672799955897,38.16974299993297],[-86.37233099956812,38.16460599966276],[-86.36534199975814,38.16136699978362],[-86.34245899982842,38.15874199985328],[-86.32587400032075,38.15402900009106],[-86.32113300037331,38.14658599987329],[-86.32512000028535,38.136338999682295],[-86.33054699959781,38.13087799983525],[-86.33867100010801,38.127881999848476],[-86.3750830001191,38.13063799982547],[-86.38076800007278,38.12901799996428],[-86.38931600000717,38.122292000240186],[-86.39646300000089,38.10689100002566],[-86.40187900034104,38.10432899966988],[-86.40456800024452,38.105177999743255],[-86.41699299958779,38.11674100030537],[-86.43234399955934,38.12633599974951],[-86.4489909998896,38.12732099996311],[-86.45574200004819,38.12503100022361],[-86.461241000229,38.12092599987577],[-86.46635200007229,38.11347400033005],[-86.46468199961976,38.10250799989158],[-86.45740800030276,38.0950160002755],[-86.43842900044439,38.08882200031771],[-86.43233000021395,38.08480200015778],[-86.43025899990343,38.08003199988171],[-86.43051800036952,38.07556300019965],[-86.43392299977528,38.06570499980085],[-86.44789799992047,38.053171000139514],[-86.45977300034116,38.0481289998142],[-86.47877300011592,38.04561500007987],[-86.50488899992227,38.04548299985271],[-86.51590700037538,38.04309799996685],[-86.52171199997963,38.03961699968066],[-86.52513800020009,38.02873400017527],[-86.52493700035865,37.96649499998569],[-86.52017600031972,37.95382799965777],[-86.50931799970017,37.942296999715204],[-86.50707200038579,37.93637300030363],[-86.5073409999993,37.929504999756155],[-86.51677699986342,37.92334599996722],[-86.53383599992235,37.91715099993982],[-86.54815400019922,37.91782999973855],[-86.56667299975005,37.92223599996291],[-86.57941600000896,37.923175000215586],[-86.58868700001665,37.92108999973255],[-86.59722599973023,37.912921999789205],[-86.60012600041924,37.90517099973628],[-86.59809799976642,37.88473800025377],[-86.59931600030731,37.87488199985701],[-86.59736800002045,37.87102899991126],[-86.59785699974199,37.86772799980524],[-86.60501700015449,37.85795100014737],[-86.63288399970592,37.84419099978404],[-86.65224800042708,37.84165599996054],[-86.65810400008495,37.84408999982599],[-86.66178700022336,37.850241000131206],[-86.66248099998431,37.857084000143495],[-86.66065300024637,37.86424699990337],[-86.64425699998627,37.89651700015946],[-86.64400799956591,37.902397000097345],[-86.64785300008604,37.909387000347394],[-86.66065900009414,37.91310500004085],[-86.68078799982305,37.91503500016901],[-86.71743599983569,37.8935039999922],[-86.72238600002052,37.89270000009549],[-86.73254499995791,37.894767999855034],[-86.75112100030846,37.913355999908994],[-86.77099200029451,37.94158200019422],[-86.77392499969716,37.947900999724816],[-86.77783899981426,37.951687999727156],[-86.77998200009479,37.955529000259894],[-86.77856699991041,37.95714399993692],[-86.78734400017369,37.96907999978296],[-86.79496499982032,37.98921299998626],[-86.81220600035243,37.99772500031922],[-86.81876599981699,37.99935600022415],[-86.82434700001356,37.998751999814395],[-86.83276400042672,37.99468499976515],[-86.85214800034106,37.98901999985827],[-86.86091399983535,37.98436799972383],[-86.88581399964893,37.963619000158985],[-86.90198300012833,37.94644799977671],[-86.9189219996383,37.93683699984885],[-86.94673999968423,37.93332700022295],[-86.96757899996594,37.932690999747045],[-86.96674299991477,37.93348300030143],[-86.97617999960381,37.93111200017789],[-87.00997499968142,37.91989300033716],[-87.03416599966543,37.90626499984644],[-87.04175600024826,37.89917499990652],[-87.0458779998795,37.8926459997719],[-87.04605899962947,37.88770899996579],[-87.04305099988373,37.87795600014792],[-87.04313100024967,37.86885700029718],[-87.06324900010793,37.811480999740354],[-87.06967499967821,37.801512999919254],[-87.07753499969944,37.79497100015329],[-87.09106899980368,37.7869640001871],[-87.09841099979107,37.78462499968646],[-87.11379100007494,37.78230900016635],[-87.12902499987061,37.785686000080965],[-87.13394099972025,37.79271800005645],[-87.13585499967193,37.803895000349364],[-87.14111500037646,37.815517999961145],[-87.15468899976536,37.834185999796816],[-87.1617040004129,37.8397639998726],[-87.1689910001487,37.84212899967053],[-87.17583600001863,37.841017000205554],[-87.2023340003147,37.844199000210224],[-87.22026000038693,37.84897099976983],[-87.25549999988787,37.867802000300685],[-87.28077299997035,37.885943999964155],[-87.30291399956023,37.897821000007745],[-87.32340200021265,37.81923899982223],[-87.31928300005615,37.81905200033468],[-87.31400900000624,37.81572899978439],[-87.30837799958094,37.815626999982136],[-87.30326000006495,37.811708999801304],[-87.30287500010049,37.80894400019353],[-87.3082899997174,37.80370899968401],[-87.31048099967853,37.79900699992945],[-87.30740599998565,37.79607100002276],[-87.29918799976411,37.79530800027897],[-87.29900199999129,37.788004999693705],[-87.29731700036845,37.78520599987149],[-87.2939070000415,37.78382899978184],[-87.27400199972027,37.78426300002212],[-87.2715899998262,37.78291600000467],[-87.27160800026788,37.780120000310816],[-87.28471300002671,37.769863000026966],[-87.29093299973268,37.75999599975572],[-87.32077000021059,37.742517999682065],[-87.33956300029612,37.73913200033253],[-87.37233300017668,37.73756600019758],[-87.38496000008463,37.73150600012543],[-87.39470599957016,37.72283299994033],[-87.39389600035656,37.71027199999044],[-87.39610200038629,37.70247500035388],[-87.4143439999277,37.67360099980202],[-87.42176200008305,37.66990800017019],[-87.43982200004959,37.670859000298776],[-87.47016400014257,37.66604499997142],[-87.49413599984346,37.6489579996449],[-87.49994100034601,37.638751000158294]]]}}]}