{"type":"FeatureCollection","features":[{"type":"Feature","properties":{"GEOID":"21002","NAME":"State Senate District 2","BASENAME":"2","STATE":"21","SLDU":"002"},"geometry":{"type":"Polygon","coordinates":[[[-89.18246699974915,37.03916399994319],[-89.18015100011456,37.02371499983629],[-89.17017299992713,37.007067000023454],[-89.13655899959947,36.98375799965032],[-89.13291499981912,36.98205700027165],[-89.12344200014508,36.98319299968702],[-89.11349400009487,36.97942799975625],[-89.10471699983158,36.97180599985711],[-89.09933099962868,36.962574999800424],[-89.09896800030384,36.95606700006247],[-89.10164399978855,36.940728000068695],[-89.1088779998209,36.921610000260316],[-89.117115000309,36.88868499997976],[-89.1267739997559,36.871899999763016],[-89.13193400000299,36.857596000148625],[-89.1381090004014,36.847322999829345],[-89.15268100022318,36.84710500025424],[-89.1590049996862,36.84272899971025],[-89.17044300026387,36.84183999971942],[-89.17615300033188,36.83761899966291],[-89.17885499975584,36.833335999878926],[-89.17965099962406,36.81502999987072],[-89.17822299991917,36.808613999799654],[-89.16944499983099,36.79644000005491],[-89.15713699976527,36.78956899982053],[-89.13218699972298,36.78825699995214],[-89.12353099983352,36.78521700016834],[-89.11687900030745,36.79061000012176],[-89.10396799981906,36.79596899964711],[-89.10415799978985,36.797285000026285],[-89.06181499977781,36.78701799991292],[-89.06726499955482,36.77276300028369],[-89.00227700016274,36.7715620002725],[-88.81322900012219,36.773114999857086],[-88.8128969998612,36.94686399985286],[-88.70937799956857,36.94635699988644],[-88.70943100017034,36.94458699974231],[-88.69980399961219,36.94277399970538],[-88.58121200008071,36.94349399997958],[-88.48410300036319,36.94209599977255],[-88.48569699974942,36.75032800027395],[-88.22336600010236,36.750053999977645],[-88.1108310000702,36.74714999980368],[-88.11463999970702,36.75579499970327],[-88.11424300004698,36.76250199964054],[-88.12492000001824,36.782723000133615],[-88.13055100044353,36.80906999998485],[-88.15564299987773,36.86439399969367],[-88.18028300029863,36.90082700006532],[-88.183414000068,36.91216900007986],[-88.18419800024063,36.92218700022381],[-88.1879480003262,36.93303500023065],[-88.20275899962425,36.949021999902406],[-88.22507300036483,36.964162999950375],[-88.2403709997346,36.981911000252474],[-88.20922100007785,36.99997600028253],[-88.22677399988117,37.027601999661314],[-88.22687699981334,37.03804799970185],[-88.22519399984031,37.04539799986044],[-88.21629500027663,37.05622500009739],[-88.22218899956934,37.07088699997457],[-88.23114499993275,37.081574999841735],[-88.23238199984192,37.085170000320204],[-88.22906500029973,37.09067500001638],[-88.21688899958015,37.09573199979363],[-88.2154259997152,37.10182200023346],[-88.2170669998554,37.11090500018115],[-88.21264200027545,37.12794299967756],[-88.18728899982703,37.154539999962346],[-88.18986800012566,37.16637000012294],[-88.19576800016446,37.173221999660505],[-88.22033800026516,37.1830130003436],[-88.21987499958456,37.184688000248705],[-88.21730200003203,37.183892000163716],[-88.21646000013308,37.1874059999469],[-88.21955800029048,37.19083599974093],[-88.21747299973626,37.1904039997736],[-88.21414699997321,37.192735000117636],[-88.21205300009647,37.19048400027212],[-88.21319100027145,37.19506300033957],[-88.2111180003111,37.19497599985469],[-88.21094400023382,37.200022000351304],[-88.20480200034571,37.20359299975815],[-88.20437200017537,37.20525300020622],[-88.20574999965154,37.20590400021228],[-88.204347000061,37.209655999889954],[-88.20248300033805,37.210273000098184],[-88.20187700044065,37.20822799987024],[-88.20003600028389,37.21002000018818],[-88.2013669999044,37.21172900031274],[-88.19832599964839,37.21433099974881],[-88.20152599991306,37.21521099993257],[-88.2011700002609,37.216765000146005],[-88.1961430000832,37.21963399986476],[-88.20120799989571,37.22411700003741],[-88.20042000042345,37.22721299971644],[-88.20427900028896,37.22545400014291],[-88.20527900037166,37.22655899984327],[-88.20437700019825,37.230315999734636],[-88.20189099978603,37.22909699995859],[-88.20271099994368,37.23308899988055],[-88.20058299973175,37.234521000065136],[-88.21897999998217,37.27314499995997],[-88.26735799975222,37.317320000180274],[-88.29362800044268,37.3353759996763],[-88.29523900044565,37.33786600013736],[-88.2965220003856,37.33720600021583],[-88.29576099977916,37.34680999979111],[-88.29395700033065,37.349464999843605],[-88.29861600026231,37.350822000318665],[-88.29761299980656,37.352573000060794],[-88.29996000030161,37.35210500008214],[-88.29967300024644,37.35477800012772],[-88.30146400017448,37.35683399992896],[-88.3005169997952,37.35757000030549],[-88.30234899973114,37.35867400019044],[-88.30091199980542,37.36007599992895],[-88.30445299965362,37.36003299980272],[-88.30484699983893,37.36247499993543],[-88.30250000024218,37.365251999668864],[-88.30110799962401,37.36412500013587],[-88.30110699979909,37.366391999812215],[-88.30419200043603,37.36810400013373],[-88.30917299968466,37.36782400010096],[-88.30755800038203,37.36976399997804],[-88.30413600035953,37.36970499996109],[-88.30585100011959,37.37213299986883],[-88.30264599983207,37.37169100018087],[-88.30126900018081,37.373364999963435],[-88.29935500022911,37.371868999867694],[-88.30053900043484,37.37480800003206],[-88.29754900023246,37.37506400003265],[-88.29945399996332,37.377940000302516],[-88.29885599956351,37.37969800030266],[-88.31302400005256,37.38113699966579],[-88.30837500016663,37.38359299987396],[-88.30794499999632,37.38678400033634],[-88.3133289996511,37.38808499980483],[-88.3128490001504,37.3919430002883],[-88.31625500027937,37.39372899996507],[-88.31785000038883,37.3979269997917],[-88.32290599998052,37.393786999754255],[-88.32459800017438,37.39772299993766],[-88.32810100038773,37.39974300021345],[-88.3324640000434,37.39436200007234],[-88.33545000004781,37.39621000010362],[-88.35562200033274,37.39718600006013],[-88.35437700002765,37.39908399970861],[-88.35849600018416,37.4048029998439],[-88.36446499981993,37.4017359998214],[-88.3711449998334,37.402607000103814],[-88.37714699997947,37.40964400000055],[-88.38296199962947,37.41372899976885],[-88.40652400014984,37.424804000338234],[-88.41211399966893,37.42506100028926],[-88.43475999977221,37.418397999682675],[-88.45249699969854,37.41111200033584],[-88.46707899956607,37.39983900006117],[-88.47464499985945,37.39078300027251],[-88.48237900038231,37.36468500034781],[-88.48468300032133,37.3452339997434],[-88.51243500024502,37.29661600032532],[-88.51590300029827,37.28409099980686],[-88.51413699958628,37.27949799972567],[-88.51006400035882,37.275730000267274],[-88.50672699982684,37.264989000223096],[-88.50394199966387,37.26478699973204],[-88.50915499961441,37.26207499969776],[-88.51215400003761,37.26378899997202],[-88.51141000004796,37.26147699991525],[-88.50697299987412,37.25968799974049],[-88.50079099980302,37.25340199976337],[-88.48743699962384,37.244293999999],[-88.479092000079,37.228388000344204],[-88.47217400041413,37.22030699991458],[-88.45851700028626,37.21335400001596],[-88.4480379997834,37.203642000108594],[-88.43785399973164,37.17999799995051],[-88.43306000008077,37.16263700024227],[-88.4246569999113,37.15229100011472],[-88.43466400041106,37.12665100035744],[-88.44298399984152,37.11191800015063],[-88.44342400005756,37.10869399976641],[-88.44062600037414,37.108600000199836],[-88.44577599967717,37.09968300007386],[-88.44458300014894,37.09641900031018],[-88.44561400019379,37.093332000067555],[-88.45851700028626,37.076097999663546],[-88.46195799967703,37.073556999943726],[-88.48262399970636,37.067257000110075],[-88.4894059998271,37.06845599983231],[-88.50297199971838,37.06563999971845],[-88.51668599974768,37.065383999671944],[-88.5469249999085,37.070818999766836],[-88.56569600025274,37.07767300034905],[-88.56514999973146,37.07537299964874],[-88.56650999966429,37.07537400018243],[-88.57286300033793,37.07965599998282],[-88.57451600017372,37.084843999643084],[-88.58379200020427,37.09200000019698],[-88.58986499959713,37.09978500021877],[-88.6155250001922,37.115366000283615],[-88.62905900029644,37.12062199983611],[-88.64404200002195,37.12238899990494],[-88.69260800011298,37.14110499966903],[-88.7043739998554,37.14296999982282],[-88.7062030003166,37.1414930000069],[-88.70757900014294,37.14259100029558],[-88.7194600004114,37.140750999747006],[-88.73301899973168,37.14414199969151],[-88.76149999957643,37.159612000055155],[-88.79007199965775,37.18052100026332],[-88.80363000005144,37.188158999842294],[-88.83509000022791,37.196492999732975],[-88.86668799959831,37.20884400010679],[-88.91618000015221,37.223991000153575],[-88.94158899977883,37.22882300015442],[-88.93268400036733,37.22526000009701],[-88.95450000026722,37.22491700011102],[-88.97295600006888,37.22849099998178],[-88.96629000029908,37.230089999773966],[-88.97288599974866,37.229868000254406],[-88.99928500031055,37.2250250001289],[-89.0084779996021,37.22057999985547],[-89.00580799996517,37.22132199965479],[-89.01315400015052,37.21647800002892],[-89.02946500002182,37.21130300000695],[-89.080069999738,37.1715460003517],[-89.08671200011665,37.16545100021481],[-89.09275500027059,37.15676299997237],[-89.09901099996155,37.14040600025601],[-89.10949999961181,37.12309299982706],[-89.12584999984118,37.10847599977004],[-89.14285199999867,37.099018999861734],[-89.14817700010221,37.09841700020535],[-89.15058200032358,37.093698999857594],[-89.14606999980667,37.0910040002428],[-89.15129799982583,37.08899500019385],[-89.15148699997171,37.090553999907115],[-89.15565499963373,37.087729000178],[-89.16707899996769,37.07540900021831],[-89.1738250001034,37.06630799965761],[-89.1778570002213,37.05779599965694],[-89.18246699974915,37.03916399994319]]]}},{"type":"Feature","properties":{"GEOID":"21004","NAME":"State Senate District 4","BASENAME":"4","STATE":"21","SLDU":"004"},"geometry":{"type":"Polygon","coordinates":[[[-88.16030699983227,37.65635699999377],[-88.15706800010788,37.63327500001841],[-88.14186500027434,37.60325100027466],[-88.14068100006861,37.59971800008048],[-88.14185000020572,37.5996730003148],[-88.14238300030819,37.592432000167044],[-88.14078300017586,37.58521699969426],[-88.13648900011717,37.577306999968194],[-88.10574000031842,37.55659400007496],[-88.08944399961743,37.53636599966701],[-88.07210000005148,37.52881100018185],[-88.06303499990811,37.515322999702775],[-88.06129800040675,37.505332000308414],[-88.05706299989929,37.50535399992247],[-88.051988000041,37.50779200029704],[-88.04715300038225,37.51842400013621],[-88.04270000031488,37.51737399968767],[-88.03860399972459,37.513270999926306],[-88.03409200010601,37.513602000111284],[-88.03072699998492,37.51659199977439],[-88.02999300004099,37.52050999982932],[-88.02079099963028,37.52892300035039],[-88.02039399997024,37.533134999752455],[-88.02355700042497,37.53786700021147],[-88.01789500003754,37.54659800033282],[-88.0027060004477,37.54610100008754],[-87.99992600030762,37.543342000165296],[-87.99889100006482,37.53935999984304],[-87.99973799998665,37.51461099982756],[-87.99747800042854,37.5067139997556],[-87.99140299958925,37.502826999947175],[-87.9879139996196,37.49625299992429],[-87.98174400014236,37.49372699980932],[-87.97917300023964,37.495488000294245],[-87.97700800021781,37.500652000341326],[-87.9734609996235,37.50056700023354],[-87.9659270000155,37.48611699973426],[-87.97571400040721,37.476766000346416],[-87.98098400025917,37.47709399994042],[-87.98280699997426,37.47420800025633],[-87.97632899962713,37.47058899981489],[-87.97103700003387,37.469879999896634],[-87.96798999993011,37.47199999971034],[-87.96326700042431,37.47069099966111],[-87.95381899996632,37.47934899979282],[-87.95016400031531,37.479914000196096],[-87.94338100036965,37.47725400019369],[-87.93506799971357,37.480408999814216],[-87.93157700009408,37.47852499967833],[-87.93361800026737,37.47529399986439],[-87.94176500034379,37.46938400010712],[-87.94395499958169,37.46522499993708],[-87.94108300027841,37.45462299966764],[-87.94163599957406,37.45179599995915],[-87.93753099966125,37.44519899978956],[-87.93627700003364,37.439193999931284],[-87.9399199999891,37.43337199989791],[-87.93832499987964,37.425635000139486],[-87.93321800023429,37.418596999698735],[-87.9327450004063,37.41308000010684],[-87.92999899970306,37.40916700001618],[-87.92387500025659,37.409102999773715],[-87.9217429998467,37.41144200033352],[-87.91606999958861,37.40727299983372],[-87.91590399990726,37.41034299982256],[-87.91349299983811,37.41127199975948],[-87.9115499995741,37.40676200025682],[-87.91527799991837,37.406284999761866],[-87.91538599987341,37.40436900014594],[-87.90228799978726,37.398249999852226],[-87.89828900017967,37.40099599971841],[-87.89731099983827,37.40359200017397],[-87.89261799957141,37.40307100000039],[-87.87580999958266,37.40767399975469],[-87.86896100041311,37.40510299993155],[-87.86717100030998,37.40789500019417],[-87.86126799989812,37.40971199989906],[-87.8635969999515,37.41101999999522],[-87.8629430003735,37.414113999849604],[-87.865596000292,37.41512700013235],[-87.8658210004229,37.417178000298236],[-87.85652399957762,37.414442000245785],[-87.85497200002419,37.41808600031389],[-87.84703400018513,37.420751999668056],[-87.84349300033695,37.41615600008196],[-87.84690899961336,37.40588599970353],[-87.84395399957107,37.401044000282326],[-87.84464599968221,37.394619000281274],[-87.85129899993152,37.39572900008421],[-87.85973100041329,37.39242099991334],[-87.85980400020823,37.39079600001406],[-87.85614500035925,37.39074299968112],[-87.85506200043586,37.38930299986175],[-87.85974300010885,37.38768000011357],[-87.85794799998287,37.38618100008395],[-87.85987799982807,37.38510300026475],[-87.85819400003015,37.38349099978356],[-87.8596829998344,37.38008599983923],[-87.85558299994447,37.3809680003506],[-87.85455299972455,37.377564000163616],[-87.84773200014406,37.375577999810375],[-87.8454900001293,37.37674799990871],[-87.84303200020449,37.37450000033464],[-87.84093300030489,37.37964800019801],[-87.8364779996894,37.377617999919764],[-87.83151599980903,37.37762200032319],[-87.83273799964957,37.3805290000881],[-87.82636899998072,37.380094999736606],[-87.82610299984194,37.38461100026948],[-87.82172799959238,37.38475199978425],[-87.81846100027889,37.38823300035342],[-87.81412600021231,37.38710699987955],[-87.8142440002131,37.386011000013575],[-87.81793900004708,37.38587299998365],[-87.81775699957389,37.383482000293796],[-87.81327199971948,37.37914700009252],[-87.81067499987749,37.378805000338204],[-87.81029900013384,37.37638300008258],[-87.80358099958723,37.37900399986737],[-87.80580900025657,37.382286000033425],[-87.80076500036043,37.38183299972443],[-87.80493300002244,37.37368599989053],[-87.80923399975381,37.372555000012426],[-87.80525199986467,37.37057100021047],[-87.80943299994546,37.36775799978803],[-87.81080100027418,37.36437499994369],[-87.81996299960362,37.3660339999318],[-87.82318299995974,37.3643209999358],[-87.82065600043796,37.35879100003757],[-87.82542300032468,37.36064600007098],[-87.82821699981015,37.358903000092646],[-87.82557399993742,37.35620399980346],[-87.82775300020297,37.354442000274474],[-87.82718699959023,37.351955999923696],[-87.81892599971097,37.35399799979367],[-87.81488799974534,37.35284299984736],[-87.81546199985569,37.35092800024177],[-87.81298200018955,37.350098000088906],[-87.8149279999283,37.34869400009951],[-87.81450699997883,37.34670099965634],[-87.81253199992777,37.34549300010857],[-87.81473299993463,37.345002999918556],[-87.81482300034632,37.34260800009481],[-87.81771100044145,37.343125000345985],[-87.81751600044777,37.345343999682214],[-87.82073099988273,37.346564999751095],[-87.82278700012463,37.34519499967442],[-87.82241399985573,37.34181500006997],[-87.82376600029095,37.340437999859454],[-87.82749899975975,37.342544000168395],[-87.82926000044888,37.340550000157485],[-87.83122299990606,37.34136099977444],[-87.83201999959917,37.339268999857545],[-87.83624900025886,37.34138199989744],[-87.83428799955317,37.33857299990571],[-87.83710600022641,37.33715599964995],[-87.83547099993399,37.3343729999237],[-87.83897599979717,37.333525000094035],[-87.83643000000883,37.3285339998242],[-87.83858499998492,37.32835200005144],[-87.83991399995561,37.33153599992367],[-87.83984799983335,37.32924000024961],[-87.85075999998126,37.322135999839006],[-87.84924000021488,37.32129299973485],[-87.85180299972166,37.31839500022727],[-87.84742099979943,37.31795100022738],[-87.84762300036412,37.316180000030826],[-87.8423789995531,37.31475099981817],[-87.83760699964353,37.30983599993889],[-87.83241600033261,37.310405999907516],[-87.82952599968935,37.308468000102636],[-87.82935400016021,37.306562999927095],[-87.82484599984127,37.30645900022692],[-87.82620199957613,37.30403400034412],[-87.82413899966154,37.30416600004605],[-87.82010800026688,37.30036899967977],[-87.82097399955697,37.302397999964334],[-87.81700500008661,37.30366499988325],[-87.81906200015342,37.304674000093456],[-87.81767899975608,37.308034000335574],[-87.82070699959327,37.31767699999036],[-87.81287900025741,37.31885500031845],[-87.81055699987671,37.316858000304485],[-87.8063039998259,37.32098900030956],[-87.80412299991052,37.320558999831036],[-87.80377999977884,37.318351000344364],[-87.79580799960462,37.319119000316874],[-87.79707499965102,37.31591100009706],[-87.80040899980996,37.31443899996984],[-87.79968499991179,37.31137700019152],[-87.80271100009917,37.31088400026506],[-87.80017000033368,37.309252999644684],[-87.80287900032867,37.308403999672144],[-87.80149099990844,37.304458000295725],[-87.80366900034909,37.30349900017563],[-87.80315899981282,37.30121099965066],[-87.80824899973972,37.29844099999584],[-87.80642000017686,37.298005000062005],[-87.80625500032042,37.29295099979464],[-87.7989600001887,37.29143200032737],[-87.79696400022124,37.29289699988348],[-87.79324099989985,37.290849000289725],[-87.79554999986175,37.29017499995932],[-87.79312100024926,37.28886599979146],[-87.79557599980103,37.28718399968222],[-87.79290000031632,37.28222900011684],[-87.79578199966534,37.28220100030736],[-87.79473300007714,37.28025900004905],[-87.8004819996049,37.27877299985755],[-87.79655199959427,37.27706699978264],[-87.79979299986682,37.27628999973592],[-87.79873699970761,37.274966999826276],[-87.79430399973175,37.27428499983146],[-87.79830999991034,37.27181800021639],[-87.7981509999017,37.27034900022157],[-87.79362199966637,37.270222000310056],[-87.79762199999718,37.268154000129506],[-87.8003960002895,37.26967199968416],[-87.80242900006687,37.268732000231694],[-87.79599099990273,37.26346900025038],[-87.79982200017915,37.260849000051444],[-87.7969890003356,37.26120599979548],[-87.79759000021014,37.2578099999178],[-87.78840200004313,37.258885999937355],[-87.78589300006469,37.255685000335255],[-87.7974749996841,37.254111000075554],[-87.79495700038315,37.25143300011309],[-87.79830099968953,37.24857399996188],[-87.79294399979894,37.243937999937444],[-87.79441900025779,37.24341900033613],[-87.79755400022512,37.24583300025002],[-87.80156299987847,37.24529300032863],[-87.8050290002819,37.24108299985066],[-87.80039999958913,37.240751000028254],[-87.80171400038952,37.23722599984626],[-87.7987700002179,37.23676800020966],[-87.79683699999966,37.23360199985434],[-87.79279599966094,37.23496700008259],[-87.79303400021062,37.232866000010844],[-87.78795799962911,37.231745999866135],[-87.78630599961825,37.22913600016565],[-87.78717299963157,37.226783999694824],[-87.78412999972574,37.22685599984888],[-87.78786800011574,37.225312999897334],[-87.78632499988483,37.220115000323354],[-87.78051100005975,37.22418499988724],[-87.77482000025832,37.2192920001076],[-87.77411300007856,37.21581399970058],[-87.77207199990526,37.21420999990445],[-87.76582799990987,37.21754199969454],[-87.76043199966124,37.21550100019953],[-87.76009699992548,37.2135319998532],[-87.76439099998417,37.21158400022342],[-87.77325799976082,37.21151500029518],[-87.76949400032987,37.20888800034009],[-87.76971000023993,37.207520999840334],[-87.77772199969883,37.206376000252575],[-87.77653699966818,37.20508799983696],[-87.77462000024178,37.20569499991231],[-87.77375900007623,37.20307299978869],[-87.77067799963727,37.20287400017208],[-87.77470599955718,37.19964100001066],[-87.77375200040353,37.197564999932005],[-87.7636040003368,37.195016999865416],[-87.75699700011825,37.20431900004394],[-87.7572680002799,37.20819999974002],[-87.74796999960974,37.2091989996966],[-87.74561299996725,37.20540499987595],[-87.7440039996141,37.20714199988008],[-87.74163399955283,37.20603699977656],[-87.74750900037559,37.20378400034573],[-87.74902400011909,37.201500999852385],[-87.74622200023771,37.201703999977354],[-87.74467900000678,37.1991040001246],[-87.74712500023604,37.19701899995054],[-87.74567800026458,37.19625800031641],[-87.74669800043877,37.18817000005505],[-87.74455299961008,37.18929499968847],[-87.74254599977198,37.18817000005505],[-87.74155699955992,37.19103500032068],[-87.73664300025845,37.18807499998655],[-87.73671400040355,37.19137400019051],[-87.73363600033764,37.1935359998941],[-87.73160000018721,37.18583700019659],[-87.72583599969252,37.18536799993805],[-87.73025899962265,37.18286000013082],[-87.72915499978288,37.181488999815855],[-87.73098300041916,37.17986899979287],[-87.72980199968818,37.17831900026434],[-87.72164200009126,37.179027000259985],[-87.72343700021727,37.17649500026709],[-87.7202720001127,37.176093000299666],[-87.72132800027191,37.17325399970589],[-87.71906600016568,37.17156299999402],[-87.71729199995609,37.17291700002418],[-87.71728699993321,37.17904299977075],[-87.7132389999218,37.17852599999717],[-87.71110200038736,37.17544400004531],[-87.70795300017633,37.17763399989118],[-87.70515899979253,37.17413000015813],[-87.70771700017477,37.17474099979588],[-87.70959400031654,37.17264600010521],[-87.70809499956823,37.170162000176234],[-87.70611500039263,37.17115199969572],[-87.70499200028627,37.1650539997995],[-87.70144899988995,37.16699700014452],[-87.69949300010546,37.16503700012462],[-87.7052269995646,37.16105000008621],[-87.69720599988487,37.16165400019349],[-87.69820699979249,37.15792299967606],[-87.69007300013486,37.15477299990115],[-87.68737699966037,37.15588800029132],[-87.68403900020175,37.15501100011135],[-87.68014099997819,37.15123800001467],[-87.68061700017925,37.149239000276204],[-87.66829499986983,37.14973300022489],[-87.65008699976529,37.14709800010329],[-87.622319999773,37.13524200030979],[-87.5216090001079,37.10534400030374],[-87.51449700027429,37.10697699970448],[-87.51129799983453,37.10986200007473],[-87.51192600037156,37.11265399992277],[-87.51014600031418,37.11471000012805],[-87.49722599960494,37.118855000067434],[-87.4931819997915,37.124387000207356],[-87.48875499966343,37.126288999808736],[-87.37349700029091,37.134362999671744],[-87.37228499959777,37.13229999976137],[-87.37138499997249,37.136857000122845],[-87.36658700012366,37.13693299971131],[-87.36598100022624,37.13564300009798],[-87.36567300025469,37.13822300024557],[-87.35898900004324,37.138838000326565],[-87.36148499960288,37.141061000044],[-87.35781800025632,37.141198999693586],[-87.35999199960067,37.14441100016857],[-87.35620499970518,37.14323199984448],[-87.35905900036343,37.14759100013693],[-87.35716899980288,37.14972099987594],[-87.36020300038618,37.14996900001791],[-87.36030499959512,37.15665999980918],[-87.35373199971175,37.15751799992866],[-87.35143600016866,37.159345999661184],[-87.3446380001544,37.15620200013002],[-87.34104299987952,37.1578460002553],[-87.33872399987187,37.15589900019141],[-87.33768699997927,37.156929000148544],[-87.33608699984693,37.15478999973642],[-87.335649000179,37.156949000015764],[-87.33378399973282,37.15685900021357],[-87.33363099957194,37.16149300021469],[-87.33111099972285,37.164524000010424],[-87.32723599996382,37.16502500005709],[-87.32497399985759,37.163627000264654],[-87.32400599956192,37.165249000049506],[-87.32605099993319,37.166930000347065],[-87.32242899989414,37.16722100001904],[-87.32431899955637,37.16967499987867],[-87.32668000029511,37.16900100001586],[-87.32726299972799,37.17093099998178],[-87.31943799986685,37.17398799997869],[-87.31792599959806,37.17268700007082],[-87.31873800025811,37.177092999900225],[-87.31415899979407,37.177370999645206],[-87.31330799967428,37.17550699974526],[-87.31210799957503,37.17597900015459],[-87.31262399995906,37.180117999666386],[-87.315661999842,37.18045199985192],[-87.31368000011827,37.18359199976041],[-87.31764600011391,37.18565500028186],[-87.31142499968473,37.18516900016903],[-87.31164899999072,37.187785000243494],[-87.31449199987999,37.186768999751955],[-87.31491700002744,37.188003000035806],[-87.31083700022899,37.189651999818935],[-87.31144300012639,37.19194500009371],[-87.30764100016228,37.190267000217034],[-87.3066989998059,37.192060999888476],[-87.30897500015583,37.193558999870305],[-87.3079309996922,37.19470800009156],[-87.3111479996753,37.19492300020932],[-87.3116339999221,37.196824000124614],[-87.31557099960543,37.19847200012872],[-87.31680599986477,37.19736499975229],[-87.31579900010937,37.195493999749715],[-87.31691700019284,37.19544699987547],[-87.3184419999821,37.198736999837124],[-87.32058899956229,37.198595999743546],[-87.32062299989748,37.20055000021338],[-87.3243289996021,37.199606000157104],[-87.32370799963608,37.19678899968054],[-87.32505099985048,37.19673799988353],[-87.33029399993823,37.19973000005577],[-87.3309240001251,37.2027049999131],[-87.32851999972864,37.203584000186815],[-87.33389900025885,37.20696299976752],[-87.33480899992986,37.21124000012033],[-87.33889200010138,37.209852999850725],[-87.33752100029791,37.20805200010558],[-87.33866799979539,37.207621000135426],[-87.34574199999416,37.21233300016393],[-87.34238000024614,37.21584299997483],[-87.34626199967786,37.217253000208885],[-87.34680400000116,37.2150500003491],[-87.34961199973034,37.21472399966041],[-87.35001299958833,37.2159530003219],[-87.34681200039708,37.21902999980524],[-87.34955900002689,37.2196120000233],[-87.34682999994043,37.2234739998569],[-87.34931800000247,37.226955000306106],[-87.35822499996209,37.23119199977632],[-87.35529300038434,37.23168399978468],[-87.35654600018704,37.233835999686946],[-87.35422700017939,37.23601399981857],[-87.3555589996248,37.23668999980373],[-87.35956499980341,37.23443800017321],[-87.3611490000422,37.23726800032636],[-87.36457100006473,37.23685200022646],[-87.36804199959272,37.23880599977957],[-87.36901400008632,37.23777100015406],[-87.36786699969053,37.24086000002779],[-87.36529999998578,37.24164099997988],[-87.36912600023932,37.241807000259165],[-87.36893100024565,37.24383599968623],[-87.37205100014437,37.24282500020514],[-87.3684700001132,37.244701999841524],[-87.36733500031129,37.24786800022491],[-87.36542300000941,37.24733999972844],[-87.36408099961996,37.24899999998013],[-87.36767900026787,37.24988599971035],[-87.36934799999716,37.24873900031511],[-87.3693289997306,37.25124699966968],[-87.37250700025396,37.247336000252304],[-87.37375599985869,37.25178499984922],[-87.37212800013727,37.25245199978718],[-87.37713199985043,37.25187100026608],[-87.37654400039469,37.254105999928306],[-87.37903400010657,37.252969000153485],[-87.38033399976491,37.25503600015827],[-87.38414999997272,37.25251099965288],[-87.38375800033556,37.25549999996109],[-87.38699600023506,37.25490400006822],[-87.38525999966028,37.25739700033751],[-87.38842700031297,37.25728699967441],[-87.38758600023894,37.260707000005304],[-87.38897899978372,37.261630999667595],[-87.38401100005554,37.269159000041284],[-87.3870709996798,37.26959900028687],[-87.38570800027226,37.27742799986207],[-87.38381699988679,37.27921399965102],[-87.3814300001071,37.2775190003296],[-87.3798540002642,37.278466000095136],[-87.38173100040596,37.28302100001245],[-87.37985300043928,37.283650999922855],[-87.3820150000881,37.28584099969311],[-87.37749300042377,37.28525899983342],[-87.38104199976958,37.28704799996888],[-87.3811210003106,37.28859799991103],[-87.38365100020543,37.28817100030024],[-87.38422699996562,37.29061600011933],[-87.38073700017105,37.29201100017291],[-87.38622499958288,37.2954339997783],[-87.38160300035945,37.29539099980247],[-87.37968100001184,37.29371299964954],[-87.376193999692,37.297084999887545],[-87.37911399957417,37.29978200003795],[-87.37196999995352,37.2992300001758],[-87.3750739999587,37.30345900021716],[-87.3739609998981,37.30515500007682],[-87.37980599968532,37.30446200031089],[-87.37790900035039,37.30862400007527],[-87.37991299981545,37.311274999831426],[-87.37488499981282,37.31204400019979],[-87.37383200002667,37.30978700002564],[-87.37220900032813,37.30999199993108],[-87.37410099964018,37.314974999680075],[-87.36941199957128,37.31395099986365],[-87.37093399988579,37.316506999952644],[-87.36675700000296,37.31854299964435],[-87.36285399975652,37.31661299972686],[-87.36210399991909,37.31316700032179],[-87.35627300037557,37.31469500010561],[-87.3545719999609,37.31052199965771],[-87.34575299986483,37.30966200008778],[-87.34327300019869,37.313398999696595],[-87.33938099982291,37.313774999774225],[-87.34314900035015,37.318935999718406],[-87.34393000014973,37.323795999702625],[-87.34313599993138,37.32555500020671],[-87.33981099999322,37.32434699985582],[-87.33791100028525,37.32661099978595],[-87.33455700003479,37.32613799979283],[-87.33706699983816,37.33003600024556],[-87.33362200024942,37.331335000217365],[-87.3382109998609,37.33181400033344],[-87.33472000024143,37.33427999973677],[-87.33822099990664,37.335991999697264],[-87.33041299976394,37.344065999957806],[-87.32028200031394,37.34472399993393],[-87.31714800017153,37.34825500021904],[-87.31882500029675,37.35099599984415],[-87.3211459999542,37.34899299998337],[-87.32199600024909,37.351039000149015],[-87.31773800017541,37.35338000023378],[-87.31231599998749,37.36319099981973],[-87.30567199995902,37.366468999788616],[-87.3031560003079,37.365075999811815],[-87.30272299976451,37.36731799978799],[-87.29919399961189,37.368734000313474],[-87.29954799961423,37.37096000003402],[-87.30375499963428,37.369831999649556],[-87.30109099984514,37.3722359998742],[-87.30106999992876,37.37486200034473],[-87.30745500038945,37.373882999850544],[-87.3099650001928,37.37678599989018],[-87.30467400042444,37.38294699981324],[-87.29640299960116,37.38550600032341],[-87.2957370003276,37.39127900012318],[-87.29738599996541,37.392624000023496],[-87.3008909998286,37.39006499979196],[-87.30212100006507,37.39373699976637],[-87.3063110003667,37.39251200035064],[-87.30520499997877,37.39500699968553],[-87.30772400000298,37.39991999988161],[-87.3118299997407,37.40197500018739],[-87.31901100006958,37.401002999668734],[-87.32037000017749,37.39802699985312],[-87.32854300019319,37.3984619997097],[-87.32926500044154,37.403920000257735],[-87.32533500043091,37.405894000347956],[-87.32514100026215,37.40739099993191],[-87.32970899995723,37.40821899979559],[-87.33256100006734,37.411837000051754],[-87.33671799985869,37.41248799976572],[-87.35254000000843,37.4265590000679],[-87.35134199955901,37.43750099994398],[-87.35514400042142,37.44630799977995],[-87.35539700014142,37.45856399978558],[-87.3582969999321,37.46569299966602],[-87.35411199965336,37.48065400015461],[-87.3561570000246,37.483954000171146],[-87.36040900025051,37.48475699970441],[-87.3618169998639,37.48697499965209],[-87.3568829995726,37.495386000084075],[-87.35939300027428,37.50399100002765],[-87.35750000023899,37.50772399973791],[-87.34955900002689,37.514731000346494],[-87.34918599975798,37.51767499985907],[-87.35455600006736,37.528374000294995],[-87.36005299970005,37.53280900013217],[-87.3664699999478,37.53366300001274],[-87.36053800012193,37.54235200010415],[-87.35987899962277,37.54787999994541],[-87.37069799988424,37.56096800004407],[-87.37999700037935,37.57842900003912],[-87.39697000022451,37.58925299983897],[-87.41012400038716,37.58975099993193],[-87.42476099960795,37.59268700004283],[-87.44259899981662,37.5916170001902],[-87.45925700001753,37.592861999828884],[-87.48101799966584,37.59991599986488],[-87.49934799996909,37.626711999883426],[-87.49997099958493,37.63693900029393],[-87.4996159997577,37.64033199977539],[-87.49413599984346,37.6489579996449],[-87.47016400014257,37.66604499997142],[-87.43982200004959,37.670859000298776],[-87.42176200008305,37.66990800017019],[-87.41301199958397,37.67467800001372],[-87.40529300002804,37.68961299991003],[-87.39555599986504,37.70389700016779],[-87.39389600035656,37.71027199999044],[-87.39470599957016,37.72283299994033],[-87.38496000008463,37.73150600012543],[-87.37233300017668,37.73756600019758],[-87.33956300029612,37.73913200033253],[-87.32077000021059,37.742517999682065],[-87.29093299973268,37.75999599975572],[-87.28471300002671,37.769863000026966],[-87.27160800026788,37.780120000310816],[-87.2715899998262,37.78291600000467],[-87.27400199972027,37.78426300002212],[-87.2939070000415,37.78382899978184],[-87.29731700036845,37.78520599987149],[-87.29900199999129,37.788004999693705],[-87.29918799976411,37.79530800027897],[-87.30740599998565,37.79607100002276],[-87.31048099967853,37.79900699992945],[-87.3082899997174,37.80370899968401],[-87.30287500010049,37.80894400019353],[-87.30326000006495,37.811708999801304],[-87.30837799958094,37.815626999982136],[-87.31400900000624,37.81572899978439],[-87.31928300005615,37.81905200033468],[-87.32340200021265,37.81923899982223],[-87.30291399956023,37.897821000007745],[-87.31998199983997,37.90567200019673],[-87.3327479996651,37.90830800020713],[-87.33608199982406,37.907521999729795],[-87.34436199996986,37.91098600001832],[-87.35662999985263,37.92003700024029],[-87.36317299959876,37.92196799978118],[-87.37097999991654,37.9288439998115],[-87.37168799992122,37.931189000016374],[-87.38617899955213,37.93780399989231],[-87.41413399986541,37.944771999977064],[-87.43798400026589,37.94418300023815],[-87.44913099969212,37.94185400030471],[-87.47634899968841,37.926529000241686],[-87.4976309996609,37.910698999964964],[-87.510881000083,37.90614799974774],[-87.52199900009524,37.91330799986491],[-87.5487009997075,37.923972999670056],[-87.56089599979533,37.93211300029041],[-87.56908399987962,37.94156000012041],[-87.5735670000842,37.951721999724164],[-87.57751100033855,37.95166100032248],[-87.57423300025606,37.96114600033973],[-87.57688799982438,37.969133999939714],[-87.58603199961046,37.97494899983664],[-87.59484400003382,37.975109000245254],[-87.60228499975541,37.96975099982882],[-87.6064440000949,37.948620999829465],[-87.62242899955295,37.93620300007297],[-87.61740399992337,37.93826999964635],[-87.61932200007303,37.93318099995859],[-87.62641100034041,37.92792800009504],[-87.62731699981347,37.92040199970617],[-87.61982400021334,37.906846000028295],[-87.59588799959916,37.89200100005181],[-87.58714100037143,37.88485800010102],[-87.58373699989225,37.87808000020267],[-87.58392500021324,37.87248499973095],[-87.58630399959702,37.87249299992323],[-87.58920199973788,37.863744999828015],[-87.59111499986466,37.86213400035395],[-87.59026700011792,37.858589999976395],[-87.59753200011241,37.848047000340976],[-87.61244600024095,37.833608000039554],[-87.62727499998068,37.82867100026151],[-87.65309899970899,37.82603800010636],[-87.67242800027005,37.828889000320544],[-87.6793469997598,37.836432000218764],[-87.68086300022655,37.84095299968528],[-87.6816840002091,37.85627300008691],[-87.66929199957949,37.87532999967248],[-87.66403299959818,37.88747700013396],[-87.66684000040077,37.89576299980279],[-87.67441500001667,37.90139600024437],[-87.68441400012048,37.90366500017392],[-87.70833599959266,37.89468600031251],[-87.7182080003732,37.89260099982643],[-87.7373510002631,37.89473199994609],[-87.75923900013301,37.89166199993493],[-87.7706090000403,37.88659699965222],[-87.78344699983545,37.877784999844295],[-87.79142900005542,37.87566099996858],[-87.82977299956156,37.87642499990733],[-87.8396679999083,37.88078000000063],[-87.84644300035635,37.88799199967855],[-87.8464890003871,37.89353400029983],[-87.85678700024167,37.900192999705226],[-87.86378500027249,37.912397000177464],[-87.87502499958512,37.92286399978903],[-87.88280199976569,37.92619799976789],[-87.89811199972934,37.92758799986131],[-87.90446700005282,37.92517899995216],[-87.9114630004338,37.9187910000703],[-87.93730999972831,37.89207099981669],[-87.94074199979657,37.884500000049144],[-87.9407650002611,37.87789000023951],[-87.936879999558,37.86871599992794],[-87.9259239999275,37.85730400003095],[-87.9157030000658,37.850365000013106],[-87.90996700005853,37.84302799970372],[-87.90364699989516,37.81678499968242],[-87.90737500023943,37.80712899990728],[-87.93412899973023,37.79641399969101],[-87.93494300004011,37.79121099967264],[-87.93860400043721,37.78762899978445],[-87.9448550001053,37.77481000017881],[-87.9518399997173,37.7716949999038],[-87.95983299980794,37.77313299993711],[-87.97285100042645,37.78537099998452],[-88.00471499993564,37.80010399968045],[-88.01628900005743,37.80197100003698],[-88.02984999992587,37.79825199971696],[-88.0363159996791,37.79115700023925],[-88.04127799955947,37.77031100009945],[-88.04458499995425,37.76312199969868],[-88.05067199959082,37.752953000116705],[-88.05933300040145,37.742967000042775],[-88.07031400014631,37.73332300033654],[-88.08329900025456,37.72934100021665],[-88.0957079997043,37.723215000161886],[-88.10075099977554,37.71861299970453],[-88.12152200028518,37.710242999686514],[-88.13209299995121,37.697482000194526],[-88.13421500031536,37.69154000020095],[-88.14513800033392,37.68299400028658],[-88.15179300023304,37.675032000123835],[-88.15872099994364,37.66357299968739],[-88.16030699983227,37.65635699999377]]]}},{"type":"Feature","properties":{"GEOID":"21005","NAME":"State Senate District 5","BASENAME":"5","STATE":"21","SLDU":"005"},"geometry":{"type":"Polygon","coordinates":[[[-87.1373519998721,37.340670000036425],[-87.13698299980115,37.33552399993369],[-87.13418599994262,37.33245899995024],[-87.12831199984309,37.333269999791845],[-87.12232599959056,37.32650299969038],[-87.11191200028337,37.32439500018351],[-87.10378899959807,37.32789300027969],[-87.10056099974432,37.33089500027669],[-87.09792500044259,37.33867700016884],[-87.09127800004106,37.3479579998169],[-87.08973300016032,37.35627000028221],[-87.08737300014478,37.359841999774666],[-87.07133000006212,37.37029800006575],[-87.05189500009416,37.369466999724175],[-87.03056700009094,37.363307000187014],[-87.01614699970679,37.35314399977118],[-87.00823999982988,37.34052399968229],[-86.99847900027574,37.33211500027232],[-86.99666499988317,37.3280420003262],[-86.9886259997618,37.32458899994528],[-86.98584999981966,37.3209070001224],[-86.98901400009932,37.307370000015545],[-86.98817700022322,37.302179000315334],[-86.98247100035316,37.2952059997923],[-86.98096599975709,37.290616999949826],[-86.98401299986085,37.27448200035241],[-86.98207899981769,37.26900299972021],[-86.96860599981282,37.25638800033085],[-86.96311099982998,37.2608929999711],[-86.95658200032756,37.26005299973042],[-86.95483800025518,37.25761800002061],[-86.9546650000028,37.2512500000149],[-86.94847899973374,37.246384000185806],[-86.94700900019606,37.240586000063665],[-86.94447799957801,37.23830500004183],[-86.93861900044539,37.23703200004946],[-86.93368799962883,37.24009599979514],[-86.92321999989497,37.24149399993139],[-86.9188289997519,37.236538000229544],[-86.91363300041809,37.23806599999591],[-86.910296999711,37.235560000071736],[-86.90975100008805,37.23277200029471],[-86.91859500029847,37.23266399992836],[-86.91984399990322,37.22637900005094],[-86.9179569997157,37.22442000032693],[-86.90783600031145,37.22263700027697],[-86.89926800028556,37.21231299993358],[-86.90072699995255,37.210324000050825],[-86.90404799969275,37.21179000018318],[-86.9062560002706,37.20819399991517],[-86.90155999963069,37.1919600000217],[-86.90442900035757,37.19174200020298],[-86.90906900002265,37.1948739999235],[-86.90899000037993,37.19140099969039],[-86.90145199967566,37.18460700024494],[-86.89296800021367,37.18765800003499],[-86.89065500005381,37.18514700029905],[-86.89484500035543,37.177669999807364],[-86.8973219996485,37.177984999952415],[-86.89825300013423,37.176395000254246],[-86.9042789996714,37.17771799990746],[-86.90700699993296,37.180133999661756],[-86.9073049998588,37.1779529997636],[-86.91395700028319,37.17759700005888],[-86.91554300017182,37.179806000151835],[-86.91852400015335,37.17795600016208],[-86.91865800004766,37.17956999974561],[-86.92216499956068,37.180151000234744],[-86.91959200000814,37.175024999920524],[-86.92018299983691,37.17057200014079],[-86.92439599970476,37.16528600020169],[-86.92349299970644,37.163009000317935],[-86.92513100037192,37.16317900002404],[-86.92688200011698,37.16026999998513],[-86.92586600014076,37.15341299997713],[-86.92702900043007,37.15215299993907],[-86.92388299969377,37.145308999819136],[-86.93080000043204,37.14054900018201],[-86.9364159998904,37.1396219996991],[-86.93858799958494,37.13707700019206],[-86.93788799997621,37.13577199983167],[-86.93275399966838,37.135692000128216],[-86.92364300039257,37.14285900020139],[-86.91278200029831,37.13589599995676],[-86.91435800014119,37.13429799982769],[-86.91143900008393,37.13182500010564],[-86.9140200000324,37.13156099966826],[-86.91560300044627,37.128898000187775],[-86.91394899988725,37.127989000163595],[-86.9163869997206,37.12705699980722],[-86.91598199966464,37.1258270000956],[-86.90721699999526,37.1266399997846],[-86.90683799987858,37.12984900013234],[-86.90320599979378,37.13137200010782],[-86.90498699967608,37.13396000002491],[-86.90092199994623,37.13478600003622],[-86.90237300011565,37.13209900033427],[-86.89712599982992,37.13165500009233],[-86.90245900032939,37.12966499967771],[-86.8991870000947,37.12937899995131],[-86.90025599977437,37.12668700020258],[-86.89704800001212,37.12512700004029],[-86.90084999997623,37.123930999700406],[-86.90031900042189,37.12111299992194],[-86.89663700010838,37.120197999866356],[-86.89730499993006,37.117180999679725],[-86.89135999968542,37.11715700011364],[-86.89227899957727,37.1145999998972],[-86.88845300022204,37.11547800012654],[-86.8867540003555,37.11301100030368],[-86.88374800025962,37.11383499966733],[-86.88324000027148,37.11232699995716],[-86.88125400034978,37.11229499991534],[-86.88436000000479,37.10966400004905],[-86.88646899995015,37.11146000035699],[-86.89163400022011,37.109977999769676],[-86.89461000017879,37.111903000096504],[-86.90228600007701,37.11231900030615],[-86.90067099987607,37.10924600012562],[-86.90572399999306,37.106852000081325],[-86.90025300029964,37.107339000183174],[-86.89934699992826,37.10616900011347],[-86.90135200011655,37.10657999968983],[-86.90061599962448,37.10520300004675],[-86.90311399973227,37.1046400001236],[-86.90398400011864,37.10154200033439],[-86.89877600019095,37.10416699986507],[-86.89799899969101,37.10180700032909],[-86.90126699972772,37.10071000032088],[-86.90189299971664,37.098960999884085],[-86.89978100029653,37.10039700035386],[-86.89584200006509,37.09891100021354],[-86.89800899973676,37.09846700020184],[-86.90014600016951,37.09540400030065],[-86.89755000015246,37.09555699979299],[-86.89746999978651,37.09191800018015],[-86.8954360001842,37.09142699997068],[-86.89391100039495,37.088478000335265],[-86.90111299974194,37.08669200000764],[-86.90435800021245,37.087791999853515],[-86.90546899972492,37.0839600001071],[-86.90836900041391,37.08577199987709],[-86.90923700025213,37.08383699989943],[-86.91453899989115,37.082556000311236],[-86.92136200001976,37.07809399966097],[-86.923876999846,37.080105999804815],[-86.93331699990807,37.078489000316615],[-86.93714399998653,37.079589000233156],[-86.93888800005891,37.077567999744446],[-86.94077100004846,37.078510999683004],[-86.94493899971046,37.07295500014699],[-86.93982100019446,37.07038600017598],[-86.94139100018957,37.068980999979175],[-86.8453500003268,37.05651300018036],[-86.6744619998119,36.999765999867485],[-86.61682300007989,37.146723999884635],[-86.61898100042905,37.1481640000243],[-86.6146120000273,37.15102999974564],[-86.61301600009293,37.154112000182764],[-86.61432699962194,37.15905700002662],[-86.61374800038702,37.166329000309126],[-86.61907400031546,37.169386999657554],[-86.6236100002235,37.174753999688825],[-86.62338199971956,37.18104899980029],[-86.62002400016945,37.18310299977666],[-86.61666300024632,37.18372999979334],[-86.61265100021994,37.18028900011301],[-86.60661999976156,37.185223000017935],[-86.59504800018792,37.185076000219496],[-86.58868600019174,37.17887399984642],[-86.58203399976733,37.18062699969379],[-86.57997500005071,37.18577799968639],[-86.57423599967038,37.183850999837766],[-86.56331600002487,37.18727100021835],[-86.56196899961255,37.18634899968056],[-86.5643379998489,37.183386999956504],[-86.56385499997513,37.180790999991544],[-86.55572999964001,37.17713299969481],[-86.54103800016765,37.176007999988066],[-86.53816599996604,37.18024100021505],[-86.53427299976534,37.182296999649886],[-86.5282010001974,37.176590999782654],[-86.52588700021263,37.17778600005674],[-86.5232519998375,37.183211000243055],[-86.5188449998009,37.18598700002469],[-86.50587200028654,37.18615499999377],[-86.49578699996898,37.190613000190666],[-86.49229200015156,37.184969000074275],[-86.48484100038422,37.18231799979781],[-86.48412499998364,37.17773299979826],[-86.46969899975173,37.16298500025284],[-86.46730899959898,37.15345700029228],[-86.46519999965363,37.15207500013306],[-86.45497200011926,37.15031199976318],[-86.44773200023911,37.151778000135295],[-86.44348699968592,37.154940999832505],[-86.44420499973631,37.16315899965733],[-86.4402050003038,37.166612999837575],[-86.43749100028596,37.166111000244506],[-86.43129099977318,37.16040200033673],[-86.42263999990661,37.157846999699714],[-86.41566799981507,37.152701999877436],[-86.41121499974773,37.15186400001596],[-86.40884899988441,37.15341000003606],[-86.41189699981312,37.16195900018694],[-86.41091299962393,37.165963999763854],[-86.39916500032317,37.1698959996869],[-86.43892400001371,37.25283199978511],[-86.4691260003646,37.32109900003678],[-86.32764799963203,37.32634099997038],[-86.2091930003679,37.332930000185165],[-86.19944600015916,37.32827400021795],[-86.1930499998278,37.32790500015533],[-86.19121500041715,37.32987300026273],[-86.19271199971901,37.336988999690085],[-86.18918699976435,37.34061100000088],[-86.18691200013762,37.34064699995547],[-86.18638700043107,37.33706499990606],[-86.18021799988045,37.33732200002908],[-86.17781199983416,37.333528000016834],[-86.17486400036289,37.33201400019237],[-86.1587419997392,37.3352259999383],[-86.15484000021597,37.337394000217095],[-86.15352399976578,37.339322000136555],[-86.15784499958865,37.343144000283296],[-86.16154799981855,37.3500140000284],[-86.15845100038436,37.35147699972554],[-86.15527399968592,37.34865099987977],[-86.15615999996582,37.34486299978707],[-86.14667600042112,37.34421500006345],[-86.14948499997521,37.349386999796],[-86.14651599968923,37.35004800025126],[-86.14365100005864,37.34442500018956],[-86.13512999988842,37.343694000105245],[-86.13042199955294,37.3383859999082],[-86.12679799986405,37.33883099977203],[-86.12445399974206,37.34413099984854],[-86.12159699960908,37.34609599964824],[-86.11668099975947,37.344796999991644],[-86.11668599978232,37.34190200032133],[-86.12379000011835,37.336876999795486],[-86.12359599994959,37.33383799996232],[-86.12127299974398,37.33151999990992],[-86.11866400020644,37.33320399980785],[-86.11746999995496,37.33809200020809],[-86.11538399957583,37.33876600029339],[-86.10718999964374,37.33293400011387],[-86.09916499976606,37.33031299976026],[-86.09403100035654,37.330756000285795],[-86.09519399974755,37.33311500023552],[-86.10202199989905,37.33483300006141],[-86.10621899987335,37.33854899998938],[-86.101913999944,37.3423970000304],[-86.10513299957692,37.34854200027524],[-86.10290700035402,37.35266299985953],[-86.09872999957288,37.35150000005983],[-86.09729699984513,37.34668199990494],[-86.09374000010341,37.345284999748024],[-86.08975400001628,37.346236000337406],[-86.09163299980787,37.351023000005256],[-86.07994999990615,37.35095100003019],[-86.07980900033913,37.34801399973495],[-86.09108999965966,37.342159000319285],[-86.088818000406,37.3391390001737],[-86.08051099959769,37.344869000155136],[-86.07696700027478,37.34133000022837],[-86.0708510003259,37.34053900003998],[-86.07018400032912,37.34213199982725],[-86.07362600044311,37.34804500009243],[-86.06455399972874,37.3486129999308],[-86.06259700011937,37.35038500024099],[-86.07046999966107,37.354690000107524],[-86.06688199995722,37.357093999924004],[-86.06451600009392,37.36350699970977],[-86.06898599987969,37.36715399980936],[-86.06969600043249,37.372013999769706],[-86.06612200007403,37.373595000161906],[-86.05950599963464,37.37304900018578],[-86.05687799983052,37.37465500012488],[-86.05806399968606,37.37609799964841],[-86.06514399973263,37.37535199979198],[-86.07202399976265,37.380617999848226],[-86.07178500028635,37.381937000015306],[-86.06499800014275,37.38479500001888],[-86.06977900027317,37.386797000057555],[-86.07022699998683,37.388484999669934],[-86.06398800001432,37.38892599964752],[-86.05420300017072,37.38441599995693],[-86.05066399997234,37.38653300028073],[-86.05647699997253,37.38998899970642],[-86.05591200008301,37.39281699988912],[-86.05321399995869,37.39427099973986],[-86.04606100011718,37.392628000340046],[-86.04205300028875,37.387868000039646],[-86.04717199962965,37.38249800007162],[-86.0429939999219,37.381359999944806],[-86.03919699998069,37.38289799976384],[-86.0388189996889,37.38452000023432],[-86.04375899982796,37.394605999775365],[-86.03509399971769,37.39407299992887],[-86.03488500037864,37.38804799980049],[-86.03246099989069,37.38604500034398],[-86.03099999967554,37.38730700018969],[-86.03285699972581,37.39113700011557],[-86.03172500029696,37.393320999687546],[-86.0253289999656,37.39278600018459],[-86.01867700043951,37.39525700005125],[-86.02517599980472,37.39753499974847],[-86.02684500043233,37.403490999933034],[-86.03901799988054,37.40381799999388],[-86.04287000007335,37.40538200019816],[-86.04364599985006,37.408827000287076],[-86.03790399999501,37.4112300000955],[-86.04019500041356,37.416803000333516],[-86.03156299991525,37.418932000141275],[-86.03383400024231,37.422597000272965],[-86.03228900036156,37.42681199978363],[-86.0436409998272,37.429319999972186],[-86.04376100037611,37.43097899964763],[-86.03834599986088,37.434277000238936],[-86.04577599971182,37.435330999921895],[-86.04715300026139,37.43677100034269],[-86.04185800029508,37.44008200010384],[-86.04127300031408,37.44194899980493],[-86.04765299985358,37.44049600020197],[-86.05057299973576,37.4424660000567],[-86.05064399988088,37.44405600009756],[-86.04507299973004,37.44826299973813],[-86.04946100039838,37.4532449998261],[-86.05637599969019,37.44844399975423],[-86.06009099961565,37.45081000007262],[-86.05618200041974,37.45387799973406],[-86.05631600031404,37.45647899996226],[-86.06034800043193,37.45505299994158],[-86.0674290003034,37.45762800014101],[-86.06543699963558,37.460911999808964],[-86.05862899957559,37.460942000138225],[-86.0645789998431,37.46275999990773],[-86.06156799972433,37.47165700006852],[-86.05511500038989,37.47226200001633],[-86.05405099983477,37.47588100001272],[-86.04929800019175,37.47657099969896],[-86.05173699985,37.47883999996698],[-86.05168400014654,37.482852999843054],[-86.06174500017465,37.490436999751815],[-86.06013099979862,37.4925939998271],[-86.05681099988337,37.49107599987835],[-86.05398899991047,37.494857999787854],[-86.06051199956512,37.49811199980303],[-86.05596599961136,37.50066700001492],[-86.06261800003576,37.50295799997289],[-86.06407300040311,37.50790199966606],[-86.10166799989672,37.550619000050354],[-86.11409499978812,37.5671310000203],[-86.11579299982974,37.56722499994934],[-86.11648400011596,37.56424699977055],[-86.11864499993986,37.563447000144016],[-86.1242169999156,37.567172999700226],[-86.13111000036443,37.566980000347996],[-86.1338689996898,37.563357000164686],[-86.14061400000061,37.56408599964787],[-86.14304500016124,37.55953899994842],[-86.14575499998114,37.55950699972973],[-86.15310700001426,37.56226199965909],[-86.16130900034226,37.56289899983546],[-86.16558800033235,37.56723999976798],[-86.1664510001477,37.57159799985722],[-86.16968499984924,37.56572499998438],[-86.173617000408,37.56544700019166],[-86.17235399966124,37.564598999675916],[-86.17454600034559,37.56203000001027],[-86.1734569996761,37.55613399977217],[-86.17667200000938,37.55483599965199],[-86.17925899980563,37.558151000174554],[-86.1826719996073,37.557340000275865],[-86.17832900004312,37.56079900021693],[-86.17843600017324,37.56313400032503],[-86.18236899965858,37.56252799990207],[-86.1834180001451,37.5593490001842],[-86.18649899968575,37.55986800030958],[-86.18978799963887,37.565280999743834],[-86.19550399955466,37.56541899999622],[-86.19933099963312,37.57102299984227],[-86.20296100006809,37.571799999684195],[-86.19999199978211,37.575321999743345],[-86.20828600017163,37.57137600012741],[-86.2079759996519,37.576585999773435],[-86.2092410000485,37.578012000248954],[-86.21158299962235,37.57893799991982],[-86.21374500016947,37.57608200024708],[-86.22107600028619,37.57603100007103],[-86.22174900013076,37.5779960001934],[-86.2197819995773,37.58052900025665],[-86.22411699964388,37.581421000152034],[-86.22967799974897,37.57919899985319],[-86.2280600000733,37.57782699984171],[-86.23250499974472,37.57498799986583],[-86.23328499971942,37.581424000113664],[-86.23646099969461,37.58202399998324],[-86.23705999991932,37.589487000340526],[-86.24091200011215,37.59230999997611],[-86.2457950003498,37.59281700018756],[-86.24080599980694,37.59720199980873],[-86.24532400017162,37.59928600021005],[-86.24634599999561,37.602069000339924],[-86.24947799958991,37.597606000198894],[-86.24774000026363,37.59429199980365],[-86.2557500000727,37.59208699999112],[-86.25585800002774,37.59651300011342],[-86.26264000014847,37.59298599996505],[-86.2560379999528,37.58946999978738],[-86.25948000006677,37.58643199988513],[-86.2650860003777,37.58902000014782],[-86.26813199975827,37.584631000336785],[-86.27755799957666,37.58880599997525],[-86.27385100004712,37.5902639997038],[-86.27524699996492,37.59356500002443],[-86.24992899967661,37.63353799977723],[-86.15128500012408,37.79887799964722],[-86.0074320002057,37.81843900011963],[-85.97594799973979,37.87579300017532],[-85.99897100030991,37.999754000149665],[-86.02133899968051,37.99585600005322],[-86.03170400038056,37.99106299986268],[-86.03534800016091,37.98125100034379],[-86.03352000042294,37.97014200005969],[-86.03457499985892,37.96398900004737],[-86.0387340001984,37.95907800034909],[-86.04378200029251,37.95820600002936],[-86.05110500001331,37.961255000300866],[-86.06279899978571,37.973036000291486],[-86.0772790004443,37.99739000023796],[-86.07378899975141,37.99528600019885],[-86.074132999708,37.9957920003276],[-86.08677100038493,38.00520700034469],[-86.09993899989297,38.01095300005699],[-86.12532900015131,38.01624000004613],[-86.14892900030652,38.014657000290384],[-86.1631859995857,38.010063999948535],[-86.17571999960724,38.010053000261834],[-86.22024199988485,38.027963999848716],[-86.22555399956958,38.03341899984282],[-86.23373599980611,38.03843100013424],[-86.23333900014607,38.03962500008485],[-86.25818000040843,38.05048700010258],[-86.26780500041845,38.057148000352726],[-86.2714779996128,38.061988999966744],[-86.2772649996737,38.0788349996914],[-86.27915000021137,38.10060300003246],[-86.27043599969728,38.128545000321736],[-86.2706049997517,38.13577900029307],[-86.27284699976643,38.14083500034002],[-86.28692099964584,38.15782999973933],[-86.29645500031758,38.16444600001517],[-86.31883000025921,38.173792000273856],[-86.34855300003598,38.19568500007938],[-86.35977200033055,38.19883999981273],[-86.37206500032765,38.194955999858465],[-86.37601299988162,38.19066300013297],[-86.37826999996497,38.18376000010161],[-86.376510999824,38.169396999872845],[-86.37233099956812,38.16460599966276],[-86.36534199975814,38.16136699978362],[-86.34245899982842,38.15874199985328],[-86.32587400032075,38.15402900009106],[-86.32113300037331,38.14658599987329],[-86.3267079998238,38.13437800016288],[-86.332340000074,38.129795000303],[-86.33867100010801,38.127881999848476],[-86.3750830001191,38.13063799982547],[-86.38076800007278,38.12901799996428],[-86.38931600000717,38.122292000240186],[-86.39646300000089,38.10689100002566],[-86.40187900034104,38.10432899966988],[-86.40456800024452,38.105177999743255],[-86.41699299958779,38.11674100030537],[-86.43234399955934,38.12633599974951],[-86.4489909998896,38.12732099996311],[-86.45574200004819,38.12503100022361],[-86.461241000229,38.12092599987577],[-86.46635200007229,38.11347400033005],[-86.46468199961976,38.10250799989158],[-86.45740800030276,38.0950160002755],[-86.43842900044439,38.08882200031771],[-86.43233000021395,38.08480200015778],[-86.43025899990343,38.08003199988171],[-86.43051800036952,38.07556300019965],[-86.43392299977528,38.06570499980085],[-86.44789799992047,38.053171000139514],[-86.45977300034116,38.0481289998142],[-86.47877300011592,38.04561500007987],[-86.50488899992227,38.04548299985271],[-86.51590700037538,38.04309799996685],[-86.52171199997963,38.03961699968066],[-86.52513800020009,38.02873400017527],[-86.52493700035865,37.96649499998569],[-86.52017600031972,37.95382799965777],[-86.50931799970017,37.942296999715204],[-86.50707200038579,37.93637300030363],[-86.5073409999993,37.929504999756155],[-86.51677699986342,37.92334599996722],[-86.53383599992235,37.91715099993982],[-86.54815400019922,37.91782999973855],[-86.56667299975005,37.92223599996291],[-86.57976599981332,37.92319600025623],[-86.58819999994493,37.92140899970432],[-86.59574699997171,37.91482099965445],[-86.59962000008093,37.907417999852804],[-86.59809799976642,37.88473800025377],[-86.59931600030731,37.87488199985701],[-86.59731000029413,37.87031699999689],[-86.60450099977047,37.858445999709275],[-86.63015700016759,37.8451000002756],[-86.64797899958442,37.84144600004231],[-86.6552849995868,37.84250599973711],[-86.65930800038217,37.83820600011929],[-86.66608799995475,37.83580299980065],[-86.67787299996374,37.79284799995427],[-86.62231600041292,37.655008000074055],[-86.82342899994663,37.73775400016438],[-86.86655199993334,37.70885000024813],[-86.8175139998392,37.673814000125354],[-86.82424300025649,37.671063000257405],[-86.8277580001654,37.667283000090315],[-86.84242600024666,37.66519599981653],[-86.85453299957263,37.65478500033793],[-86.86504200021271,37.64949999990827],[-86.87824900007878,37.64695200009342],[-86.87874399964811,37.642911000317234],[-86.89239099973027,37.64300100012988],[-86.89504100017402,37.63915000025932],[-86.90475400004757,37.632753999649495],[-86.90391700017149,37.63023400028503],[-86.9094389999185,37.63049700013466],[-86.90973299964638,37.62931699984057],[-86.9167530003168,37.6312870000563],[-86.9150140002673,37.62981199981234],[-86.91707299998396,37.62799300034449],[-86.91618199968119,37.62657900035492],[-86.92053099999146,37.625520999754094],[-86.92069800039606,37.62431500005287],[-86.92432600028289,37.62562000023042],[-86.92928800016325,37.62334999979048],[-86.92977299968683,37.625195000264874],[-86.93080000043204,37.62365399998163],[-86.93260399988056,37.62478399996915],[-86.93343900010682,37.62300200027369],[-86.93322900004452,37.62622900034634],[-86.93863600016384,37.62562000023042],[-86.94180499956803,37.627019999712566],[-86.94207099970683,37.62897399986233],[-86.95028300008056,37.629898999699556],[-87.00609700044767,37.580466000278996],[-87.03825999970759,37.560803000086665],[-87.04937600006998,37.55185999975397],[-87.10311099973063,37.48089999983942],[-87.10690699984694,37.48003199984826],[-87.11236099982192,37.472085000244945],[-87.11726800034903,37.47237700027153],[-87.11849699986227,37.47530999986276],[-87.11736799990814,37.47751800029039],[-87.1202939996381,37.479769000241454],[-87.12094399991645,37.4842460001576],[-87.1242720002276,37.48694599985812],[-87.1356289997161,37.48515299965568],[-87.12362699997216,37.47521000035146],[-87.12043900030137,37.46855900032033],[-87.10484200028252,37.4615550002137],[-87.10241399959662,37.448660000354764],[-87.10441600031018,37.43504899979629],[-87.10041699980427,37.428030000296594],[-87.10145600024504,37.422062000044306],[-87.09824799958446,37.41190599974367],[-87.09680300016115,37.39647900001931],[-87.099665000317,37.38838399976798],[-87.09405800018114,37.378111000205365],[-87.09783300038107,37.37398500015922],[-87.12376300041458,37.36080499979677],[-87.12545499971012,37.354669000136155],[-87.1373519998721,37.340670000036425]]]}},{"type":"Feature","properties":{"GEOID":"21007","NAME":"State Senate District 7","BASENAME":"7","STATE":"21","SLDU":"007"},"geometry":{"type":"Polygon","coordinates":[[[-85.59892500043465,38.16509799982206],[-85.59199500017591,38.15974800000464],[-85.57461300007682,38.12541000026988],[-85.56462099964568,38.094086999880865],[-85.56247400006549,38.095989000330874],[-85.55888600036164,38.09386199973491],[-85.5554760000347,38.084686999844415],[-85.54387000012585,38.08980500012191],[-85.53088699966743,38.08668799999204],[-85.52947700040421,38.08386399973129],[-85.4288300003132,38.11838299984409],[-85.42405400020569,38.147437999972915],[-85.2324059999501,38.08943099987276],[-85.10164600009497,38.03727000007738],[-85.1093000002519,38.02716899971844],[-85.11312899998018,38.02564400026332],[-85.12043400015766,38.02594599964688],[-85.11923800025636,38.02095199978685],[-85.12621600019568,38.0206350002978],[-85.12322400034348,38.00984099992899],[-85.12896600019853,38.00104200022108],[-85.13026500003198,37.99616500032105],[-85.13820500041916,37.99742999982093],[-85.14021700028015,38.002612999925645],[-85.14256399987688,37.996881999955036],[-85.15051699978454,37.99960200020541],[-85.1510630003058,37.998407999968904],[-85.14801000035423,37.99648099986937],[-85.15104499986415,37.99390599986835],[-85.15081399988547,37.98900400003393],[-85.15221499982616,37.9881300003474],[-85.1562290004007,37.9929919999653],[-85.16189400026286,37.99057400023781],[-85.16365000003078,37.991301000032536],[-85.16400599968294,37.997559999730804],[-85.16146699956727,38.00152200031356],[-85.16465599996127,38.00141400019505],[-85.16935900027389,37.997575999812696],[-85.17006200025567,37.99428899986367],[-85.16616700040514,37.98717200026387],[-85.16922500037958,37.98137000015478],[-85.16804899967147,37.97291599981545],[-85.15279700033244,37.897660999982456],[-85.14928200042351,37.897344999761366],[-85.14925700030916,37.89398800024923],[-85.14700500024867,37.890739000085354],[-85.14244000002832,37.89258200012475],[-85.1385460000027,37.891574999703394],[-85.13756199981353,37.893763000094914],[-85.13916600014382,37.89697800028741],[-85.14547100023857,37.89922700001745],[-85.14624600019039,37.90160500002187],[-85.13435999989905,37.898619999678374],[-85.13158399995692,37.89978300010661],[-85.13169199991195,37.904542999823725],[-85.12784300009217,37.90732099969878],[-85.12778600019078,37.911248999671855],[-85.1256260001918,37.91248099985684],[-85.12755299966396,37.91459800008186],[-85.12510800015794,37.91591999997465],[-85.12655199975633,37.917168999728325],[-85.1063359999888,37.90941100023502],[-85.1078149997473,37.9035330003105],[-85.10754299976075,37.89312300019669],[-85.09378600007375,37.88783200026766],[-85.08793100024077,37.887701000008214],[-85.08741099965879,37.88982899991916],[-85.08083199992764,37.89499800031492],[-85.08033900000815,37.89377400019409],[-85.08222600019563,37.89323700033107],[-85.07950100030713,37.891047000004335],[-85.07970899982128,37.886635000012724],[-85.07779300021977,37.88585099994684],[-85.07702499994066,37.88797399984192],[-85.07264499966824,37.88863699978171],[-85.0684879998769,37.88568999976113],[-85.06585300040008,37.889819999871456],[-85.06848100020422,37.89604899974725],[-85.0663549996421,37.89619900023067],[-85.05952200036606,37.89042699975602],[-85.05760400021641,37.89216199990778],[-85.05916099979272,37.89513499971415],[-85.05166900001751,37.89436299968708],[-85.05009200034971,37.89583200000511],[-85.05138000031249,37.8976290002192],[-85.0476340004249,37.89859899971019],[-85.04629100021052,37.89751300007471],[-85.04825600021582,37.895324000308904],[-85.04156100013373,37.89006300006387],[-85.04456600040473,37.8865750001435],[-85.04259899985128,37.88602499965487],[-85.03972699964967,37.88941100024566],[-85.03481800037105,37.88851800005034],[-85.03464299957056,37.89240399988312],[-85.02874000005701,37.89216100032805],[-85.02763200001928,37.88906100016247],[-85.02984800009477,37.8865520002634],[-85.02757799959261,37.88435499968148],[-85.02712499985608,37.886618000208365],[-85.02142200035908,37.88679400024513],[-85.02010099988601,37.891061000002246],[-85.02129299958932,37.893374999735165],[-85.01787399993988,37.89506999985503],[-85.01491200022491,37.895209000323646],[-85.01402500012011,37.8923830002683],[-85.00798299979108,37.89096899966334],[-85.00617000012176,37.89305699970243],[-85.00736699984795,37.89795700032287],[-85.00483399958004,37.90029900022569],[-85.00136899989985,37.90072099972753],[-85.00022900007505,37.902896000020114],[-85.00086199973663,37.90727299996982],[-84.9955430003792,37.903753999846224],[-84.99311700024144,37.90755600031194],[-84.98725300018765,37.905495999928476],[-84.98650699964983,37.91242299981847],[-84.97913799989828,37.91516200007077],[-84.97919899999765,37.91791700011663],[-84.97717399971788,37.9203010000391],[-84.97819200024225,37.9228780001122],[-84.97721300007593,37.928809000066856],[-84.97335099983736,37.93551100024447],[-84.96796399980954,37.934719000284524],[-84.95738300009778,37.93724499976508],[-84.95627099986207,37.94608299997408],[-84.94861900025329,37.94468899991833],[-84.94803500009718,37.94895900008562],[-84.93777999990033,37.95282599974383],[-84.93350199973516,37.94957000030789],[-84.93308499998365,37.95418600028304],[-84.92162200018991,37.95306500012468],[-84.92228099979077,37.94729100003796],[-84.91809100038746,37.947186000184885],[-84.91058700001837,37.9509989996676],[-84.90938699991912,37.949536000023244],[-84.91033400029838,37.941108999990384],[-84.90500800036995,37.94103300024891],[-84.90213899964307,37.938427000229915],[-84.89635800032828,37.94771299985025],[-84.88972599999536,37.94675300021057],[-84.8924330003405,37.94362399974806],[-84.88374800013875,37.93989299965468],[-84.86355099973947,37.946617999686964],[-84.86114200021845,37.94878700017891],[-84.85718700009348,37.9489359998702],[-84.85493800040604,37.951450000015605],[-84.79632700018043,37.970087999936226],[-84.80332900040919,37.971633999695136],[-84.81334299968331,37.97127599985073],[-84.81806000023961,37.973390999666094],[-84.82350400016885,37.98338600027989],[-84.82149599960752,37.98936900033497],[-84.8161710004023,37.99687099970656],[-84.81651899965853,37.999116999748445],[-84.82256799966025,38.00294599982124],[-84.83665099976047,38.007395999920455],[-84.83845199973426,38.00970499992686],[-84.83731299973438,38.01423500024909],[-84.83001799960267,38.0220350002019],[-84.8307940002777,38.02942399991476],[-84.83407099963694,38.03407599976248],[-84.8470440000496,38.04114999997146],[-84.84950899964711,38.04457000025563],[-84.84977899998384,38.04798499993331],[-84.84372099976132,38.05270499981329],[-84.82860300031656,38.052507000167104],[-84.8256199997869,38.056733000106526],[-84.82758200031748,38.06112099974173],[-84.83789500024066,38.064655000032445],[-84.84287300001456,38.069373999853575],[-84.84139699973079,38.07258599968438],[-84.82741800028595,38.08294400015466],[-84.83010600036454,38.09254999976565],[-84.83732199995522,38.09931899997966],[-84.84159300044769,38.10025800031244],[-84.8548720002838,38.090593999868325],[-84.86107799974604,38.09060800001454],[-84.86555199972979,38.09832099978435],[-84.86490800019754,38.11692599993827],[-84.8718950003577,38.117356000005756],[-84.8733819996138,38.11613899980359],[-84.87113200010145,38.11517199997314],[-84.87158499983799,38.11285199968248],[-84.87843300008096,38.10865400033246],[-84.87701600024673,38.10560199986338],[-84.88071699992848,38.10494899965025],[-84.88069900038515,38.10251800028482],[-84.88465799980978,38.10096999988093],[-84.88642899964633,38.097393000013355],[-84.90207500006898,38.09589500005745],[-84.90226599986468,38.09343699969031],[-84.90779799965746,38.09366599980682],[-84.9191209997091,38.09958899998777],[-84.95813499958504,38.10982500027572],[-84.96739300007225,38.11926799992408],[-84.99166699989694,38.12618199980324],[-84.99410399990535,38.12414200021108],[-84.99574900024352,38.12732399969808],[-85.00135600037936,38.127266999765574],[-85.0073290002131,38.129606999716366],[-85.02396999979727,38.129321000157994],[-85.0229160001862,38.13377700005021],[-85.01874500015116,38.136307000095364],[-85.01998299988523,38.14193200016314],[-85.01795500013074,38.14334900012071],[-85.01839399962357,38.144690000219754],[-85.00380400025843,38.16020000012444],[-85.00553800028507,38.16234699968704],[-85.00956399965683,38.162605000237356],[-85.01035399967725,38.16492100021606],[-85.00621500032759,38.16490899968851],[-85.00323099997298,38.16745799988223],[-85.00931199976176,38.16878600030954],[-85.00570099959337,38.171528000294416],[-85.00896600015537,38.17531899979593],[-85.00747999982583,38.17577999970558],[-85.00103199961595,38.22615200023007],[-84.99889799955623,38.27497900024334],[-84.95695899977524,38.332271000028214],[-84.99766700039316,38.33558600029618],[-84.90625600014975,38.37483599972185],[-84.89235700017254,38.355199999826],[-84.88621000026151,38.35372400005945],[-84.88407899967655,38.3515270000569],[-84.8820469997241,38.35659600025672],[-84.86901899995814,38.357345999766],[-84.86698100015789,38.36545000027395],[-84.86899300001886,38.369380000351],[-84.87315300018328,38.371843000111134],[-84.89436900003352,38.37530799981813],[-84.89864899984852,38.378966999657685],[-84.89716500006713,38.39059600008897],[-84.88901499961766,38.40110000012325],[-84.88637199974492,38.40820700029566],[-84.88024800029844,38.41617999981359],[-84.88025800034418,38.41904900018443],[-84.89583199989848,38.42485399998798],[-84.91022299997029,38.42771599994947],[-84.916424000308,38.430798999703796],[-84.92471500032445,38.43117600027201],[-84.92733300008283,38.433069999712956],[-84.92783900042113,38.437768999679136],[-84.92502300029604,38.44182400033041],[-84.90928800018493,38.45023999977141],[-84.90910700043496,38.45320100031922],[-84.91222999980842,38.459843999744294],[-84.92332500025441,38.464500999694756],[-84.92898599991861,38.461993000038476],[-84.93512299978387,38.456681000268944],[-84.93818900015424,38.4504139997455],[-84.9375310003783,38.43181699995246],[-84.93925299981105,38.42779699966562],[-84.94983500024605,38.42618000012564],[-84.957040999791,38.42989699995237],[-84.96326499969491,38.43735799989147],[-84.95698600043772,38.445260000085504],[-84.95557399972807,38.4513799997579],[-84.9515779995952,38.45786699984506],[-84.95214699968268,38.465009000099556],[-84.95457299982044,38.47095700019259],[-84.96573000019072,38.479342999650086],[-84.97875899978158,38.4848040001862],[-84.98878100034996,38.48708499977119],[-84.992107000113,38.49121900028094],[-84.99079200038601,38.49834200024539],[-84.97716600022028,38.51298899997899],[-84.97808799958685,38.51533399986218],[-84.98502600024152,38.51840499976537],[-85.00048000014523,38.51704800024679],[-85.00717299967917,38.513922999656145],[-85.01924499974336,38.50391800029621],[-85.0264930000194,38.50529700022127],[-85.02971500002536,38.50934300028487],[-85.02529499957,38.523448000138494],[-85.01345000018485,38.53882299986664],[-85.01230299978904,38.54781000020733],[-85.00354899999031,38.55144099971726],[-85.00231700010401,38.55364100019771],[-85.01074200001477,38.562181999790354],[-85.04091300040353,38.574161999699704],[-85.05954400010737,38.56474499971302],[-85.0637639996479,38.564918999972996],[-85.0759300003217,38.57801799991702],[-85.07458299990937,38.596838000323274],[-85.16826999960442,38.58544800022007],[-85.24799600029624,38.525892000299045],[-85.27345099995361,38.49997099977942],[-85.27962700017693,38.49626800014455],[-85.28892800032185,38.4981250001423],[-85.30546699979875,38.497523000130805],[-85.30984600024627,38.499365999877874],[-85.31400600041064,38.49259199978939],[-85.34607999998212,38.45953999970241],[-85.33172099969737,38.4430489996623],[-85.32507199964601,38.40387200005014],[-85.29570700006953,38.3741069999387],[-85.28308199981139,38.358054000102754],[-85.32445300022815,38.310112000162306],[-85.35180500011874,38.30306099979984],[-85.39277999980206,38.30788300033832],[-85.39644100019916,38.30495500022137],[-85.40919299978059,38.30360200008799],[-85.40845999966156,38.29461599988052],[-85.40951900019382,38.293850000243644],[-85.41364900022097,38.29527200024182],[-85.41675800024903,38.302437000006435],[-85.42286699962692,38.302005999671074],[-85.42708600024085,38.30384700001435],[-85.42691899983626,38.29658100027604],[-85.42526600000048,38.29481100004312],[-85.42726299979284,38.29278300023451],[-85.43210199964959,38.29348299968604],[-85.43746699993609,38.296835000068114],[-85.43801400028227,38.29867199969155],[-85.44551899957796,38.29935300014986],[-85.44992300013982,38.295990999825705],[-85.45176299957335,38.2980660001606],[-85.44740499994055,38.301305999962004],[-85.44839199960447,38.30404599985482],[-85.45414799970322,38.29998099971987],[-85.45533100008403,38.29125000022815],[-85.46283000043024,38.291978999970176],[-85.46073300018047,38.285978000224446],[-85.4682059996891,38.28530900017897],[-85.4048989997219,38.26373000007773],[-85.41471700007575,38.203835000243025],[-85.42747200003022,38.2035099999316],[-85.44750799987271,38.21000799974213],[-85.44681300028684,38.20777700031302],[-85.45014200042294,38.20464999992086],[-85.45251300030911,38.20514800019855],[-85.4544480001772,38.20218800023142],[-85.45251400013402,38.19499800026397],[-85.4542029999548,38.18971100010684],[-85.45752200004515,38.18998099974819],[-85.46663700041724,38.186733000290545],[-85.47141500017459,38.188144000176166],[-85.48575699984261,38.18776600032599],[-85.4871510001106,38.185971999743025],[-85.48381600012674,38.178610000294654],[-85.48864599976264,38.17643299976874],[-85.49451800021235,38.17692300002104],[-85.49557299964832,38.17276099983017],[-85.50207199991185,38.169220000111366],[-85.4966199995867,38.15487699988363],[-85.50288100019884,38.15244799967998],[-85.50476800038635,38.15684800015123],[-85.5071800002804,38.15779799968931],[-85.5157559998039,38.15380299997498],[-85.51022700038419,38.146629999903176],[-85.51002900001747,38.14422400029243],[-85.5168260002068,38.141775999782524],[-85.51570099955232,38.13398799989991],[-85.51777799971063,38.13271300017758],[-85.52044800024586,38.13421300011573],[-85.52462599995361,38.13233999965489],[-85.52572099957254,38.134072000306574],[-85.53196700011608,38.13568500034787],[-85.5324540001878,38.13738299996997],[-85.53835199967847,38.13662800006308],[-85.54882799980825,38.15022499992477],[-85.559376999733,38.15377300008196],[-85.56546099989482,38.161153000247836],[-85.5668669998584,38.16380800026836],[-85.55964700006975,38.16430299979024],[-85.55577399996052,38.16608599970813],[-85.55374200000806,38.169265999990934],[-85.55020500035783,38.16765400022061],[-85.54956900032319,38.17986699972254],[-85.55203599957052,38.18829899972693],[-85.56170300031164,38.19061500013879],[-85.56525699968032,38.1884170000248],[-85.56895499988734,38.190200000267595],[-85.57096799957324,38.186244000154865],[-85.5743300002196,38.18639200014958],[-85.57598300005537,38.188507999746946],[-85.58405399996381,38.18594199967174],[-85.5856299998067,38.18208100008241],[-85.58357799976275,38.1823619996712],[-85.57916099968041,38.17907600011207],[-85.57619899996544,38.17599699993885],[-85.57659200032585,38.173558000100535],[-85.58431400025482,38.17394200009845],[-85.5851300002145,38.16869099976249],[-85.59757399982435,38.17091100010942],[-85.59892500043465,38.16509799982206]]]}},{"type":"Feature","properties":{"GEOID":"21009","NAME":"State Senate District 9","BASENAME":"9","STATE":"21","SLDU":"009"},"geometry":{"type":"Polygon","coordinates":[[[-86.67441400013132,36.9998939998],[-86.61645700038198,36.89215600028038],[-86.6079889999152,36.89276600031156],[-86.59771000032721,36.89696599990769],[-86.58406499989489,36.908100999753835],[-86.56027300011905,36.919182999712945],[-86.54275999960039,36.930868999652425],[-86.53249600008101,36.939219999761455],[-86.53366600004303,36.940693999864024],[-86.5301229996467,36.944416999997756],[-86.5332419997205,36.94612499970262],[-86.52955699993225,36.949563999969094],[-86.52365100004566,36.952921999890606],[-86.52203300037,36.95149400003731],[-86.51683299993994,36.956587999960355],[-86.50965300033425,36.955637999959066],[-86.50823300012698,36.95316500008659],[-86.5020390003603,36.95450899966432],[-86.48658000043373,36.96398300019481],[-86.46664999999813,36.981162000256035],[-86.46106200012886,36.982217000275625],[-86.45350199968327,36.988710999803594],[-86.45032999990603,36.989016000222506],[-86.44965299986349,36.986759000165804],[-86.44216699993606,36.98756400032135],[-86.43476399984932,36.97135100015946],[-86.42622000011286,36.97909799979645],[-86.42747700011353,36.97977999971463],[-86.42465799961536,36.98066999990102],[-86.42844899970882,36.98313500013662],[-86.43005499968892,36.98696899990459],[-86.42622099993778,36.99636200001904],[-86.43272699987398,37.00284600019496],[-86.44513700004697,36.9973919998716],[-86.45101199997141,37.00321600030625],[-86.45483599967682,37.00450999975351],[-86.45838099972296,37.00336599979961],[-86.46656899980728,37.00739999986452],[-86.47422600033725,37.00735500006817],[-86.47508699960447,37.01216199989489],[-86.47511300044204,37.0162660002419],[-86.47248700028774,37.01798000008654],[-86.45344499978187,37.01382899968779],[-86.44474299986166,37.01639699999638],[-86.4490820001262,37.024985000213086],[-86.44507699977251,37.029997999718745],[-86.44508299962028,37.03432300030996],[-86.43711100034436,37.047025999991675],[-86.44186900001023,37.05956099982763],[-86.44040600014527,37.07172999980554],[-86.42295999957375,37.06685299964223],[-86.42095500028378,37.074000999684294],[-86.42212100004784,37.07690199966999],[-86.4194499996877,37.08106100019715],[-86.40561400035797,37.07938400013938],[-86.39680699995748,37.07157499978554],[-86.38924200038734,37.06903000014194],[-86.39087299958348,37.064112999788684],[-86.38992500027763,37.06029699991665],[-86.39425600014624,37.05912599970724],[-86.39247000024108,37.05614999987396],[-86.38256999987146,37.05157299994588],[-86.37711599989649,37.05975500021093],[-86.36665999985817,37.06244099974976],[-86.35584300014483,37.070289000021376],[-86.33156900032013,37.080606000137394],[-86.32520700032397,37.08558999988199],[-86.30346000002108,37.09012200013791],[-86.29417499976968,37.090059000249475],[-86.28175000042641,37.080597000255146],[-86.26789900012977,37.08223900026354],[-86.24998300010328,37.08900700014034],[-86.24180900026269,37.09700499969224],[-86.21860699959241,37.10402900003275],[-86.19224599956368,37.076695999678364],[-86.11351200035524,37.06107200025912],[-86.16673999985271,36.93401500000132],[-86.1608619995552,36.92999899979732],[-86.16055500030684,36.92423000026612],[-86.16323199961647,36.923600000035464],[-86.16716099980219,36.91928899992728],[-86.17251299966989,36.91830500009177],[-86.17615099960247,36.91374000015768],[-86.1644169996471,36.906886000159574],[-86.15845200020928,36.9063439997033],[-86.15317599961122,36.90829100014294],[-86.14897000031439,36.911562000170406],[-86.14952599998308,36.915079000309476],[-86.15253100025409,36.918252999767724],[-86.15002399992548,36.927650999747264],[-86.14705800001254,36.92984000021156],[-86.1359319996044,36.93204299972853],[-86.13521000025436,36.92938999973541],[-86.14208699991133,36.91391900033549],[-86.13500600003985,36.90569799993206],[-86.13454900010537,36.90299000013607],[-86.14302400024484,36.90081399988222],[-86.14698199984456,36.8965600000662],[-86.14129600006599,36.892291999941705],[-86.1301239996271,36.89619700034853],[-86.12477699978226,36.89544399997685],[-86.11531599980376,36.88105000035758],[-86.11342299976849,36.87506600003182],[-86.10945400029811,36.87204000019867],[-86.10987900044556,36.868293000199714],[-86.10368399995566,36.86419199976241],[-86.09987699996867,36.864469000012555],[-86.09753799986956,36.86818599990319],[-86.10803999993861,36.88056800018046],[-86.1084459998195,36.885426999927674],[-86.10253599973494,36.89590699991531],[-86.09796100036716,36.90043600010947],[-86.0873260002287,36.89976699979921],[-86.07605599988052,36.902615000173434],[-86.07042500035355,36.901914999861674],[-86.0653100003123,36.89912800024379],[-86.06455499955365,36.894554000340236],[-86.06660599977269,36.891083999961836],[-86.06816300024732,36.89111000004852],[-86.0667329999943,36.893628999971504],[-86.06809799994998,36.89432900013669],[-86.07734600039146,36.892722000340505],[-86.07824400036691,36.891253000007694],[-86.07638099957055,36.883887999645815],[-86.07733499962248,36.881934000274356],[-86.07021000026839,36.87724600026986],[-86.07203299998348,36.871675999969476],[-86.07453500028923,36.873691000020266],[-86.07658700033318,36.87239500002484],[-86.07780999999865,36.86671699968876],[-86.07546199967868,36.864260000090674],[-86.07801599986297,36.85469999980876],[-86.07208800023507,36.844353000049765],[-86.05888600039184,36.83521699976283],[-86.05571899973916,36.82958300023831],[-86.06285800023527,36.826160000355486],[-86.06604500008113,36.82284699976319],[-86.06851800007456,36.812113999823005],[-86.0709640003038,36.81120300032635],[-86.07147200029192,36.807011999773394],[-86.0699569996501,36.80578300006697],[-86.0509700002941,36.80943800014766],[-86.04698400020699,36.8076469998482],[-86.04744600016436,36.80448899991755],[-86.04983999961675,36.80396899971043],[-86.05111099986111,36.80159500008466],[-86.05028400003076,36.79978300019139],[-86.05212099998955,36.79445099968304],[-86.05051599983435,36.7933889998935],[-86.04612700023942,36.79523299973732],[-86.03922399974486,36.790834999963714],[-86.04016699992614,36.787977999928245],[-86.03597900017266,36.78550399968644],[-86.03452200015548,36.78089700010833],[-86.0392630001029,36.77794299999048],[-86.04918000019099,36.778437000323684],[-86.05279700020716,36.77537800007458],[-86.05129300033428,36.77240900013347],[-86.04074400040955,36.76743699991208],[-86.03759000017565,36.76011199977683],[-86.03464600000403,36.759928000189745],[-86.03073500025998,36.764382999800134],[-86.0023089997685,36.75871099964083],[-85.99386100029153,36.74923700004746],[-85.98287600034871,36.74156299967315],[-85.97691000018766,36.722722000000935],[-85.8070109998848,36.82163800019769],[-85.77228600004467,36.836339999739],[-85.76676099992459,36.835763000032074],[-85.74882599963155,36.84210000031135],[-85.73925500004819,36.841476000137554],[-85.75039599962663,37.00590200021845],[-85.75543799987295,37.026844999965434],[-85.7592780003702,37.06857299974967],[-85.75847900012896,37.099437999838976],[-85.7560899998011,37.1098350001017],[-85.76246600004097,37.1117719996882],[-85.77177100038385,37.10973299987797],[-85.77696199969478,37.138327999862256],[-85.75931500018012,37.15024200014609],[-85.74422100012653,37.169813000281664],[-85.6864819999371,37.182426999790316],[-85.66089800040831,37.14303900008599],[-85.63231299990817,37.12505600015909],[-85.59089700018392,37.11628499997505],[-85.52673999992183,37.109443999811376],[-85.48189399977913,37.12783499973435],[-85.43388500008001,37.14478799993524],[-85.3802580003744,37.16831400030129],[-85.35277099986627,37.19243199995426],[-85.37189500038791,37.221312000016496],[-85.38655199970019,37.22385500004271],[-85.39118999971546,37.22232299973586],[-85.40728399985177,37.22212800019532],[-85.41121100038765,37.22479900004719],[-85.41015000020559,37.230018999766735],[-85.40637300035584,37.23507199973663],[-85.3985569998172,37.237853000136234],[-85.391874000329,37.237570999980434],[-85.3896499998576,37.23967300031009],[-85.39065800033622,37.24706200023389],[-85.43123200016153,37.305113999932246],[-85.43687199990933,37.30420999965704],[-85.44046700018421,37.3159180001288],[-85.47969699997023,37.36353399965452],[-85.47808099994437,37.3636729996657],[-85.58516299982645,37.43285200007224],[-85.58671500027823,37.443652999701634],[-85.58310099973677,37.44675499965384],[-85.58151200037342,37.4525499997022],[-85.58516500037459,37.45655900008907],[-85.58429900018619,37.4710399997106],[-85.58658100038393,37.46905800008594],[-85.59430900016068,37.4703840001294],[-85.59959900010413,37.46668399967692],[-85.6034770002362,37.467405999954],[-85.60689099986278,37.461021999769024],[-85.6101439998309,37.45993299973842],[-85.61140099983156,37.462992000304745],[-85.61531699959848,37.462837999666654],[-85.61773500023864,37.46808300029312],[-85.62399099992957,37.467715999854974],[-85.62804800016181,37.47110300019557],[-85.63434999988353,37.47168100016327],[-85.63627100040621,37.46469300034993],[-85.64009500011161,37.45961499975895],[-85.63788099968598,37.45829300018761],[-85.6382270001907,37.45407499997778],[-85.6445640000725,37.44936100010387],[-85.6550960002788,37.447434999758485],[-85.66539099976033,37.43675599996844],[-85.66420999992765,37.43182399994904],[-85.66059000043674,37.43086600013613],[-85.65917600007725,37.42846399987275],[-85.65733200044578,37.42199599967392],[-85.73331700037457,37.42532799970933],[-85.75037499971023,37.43117899985461],[-86.04759799960199,37.449933000043636],[-86.04512899980652,37.44801599974641],[-86.05064399988088,37.44405600009756],[-86.05055299964427,37.442431999651866],[-86.04765299985358,37.44049600020197],[-86.04127300031408,37.44194899980493],[-86.04185800029508,37.44008200010384],[-86.04715300026139,37.43677100034269],[-86.04577599971182,37.435330999921895],[-86.03834599986088,37.434277000238936],[-86.04376100037611,37.43097899964763],[-86.0436409998272,37.429319999972186],[-86.03283900018246,37.42740200002566],[-86.03383400024231,37.422597000272965],[-86.03140899992945,37.419577999700266],[-86.04019500041356,37.416803000333516],[-86.03790399999501,37.4112300000955],[-86.04364599985006,37.408827000287076],[-86.04321400002993,37.40586199990592],[-86.03901799988054,37.40381799999388],[-86.02684500043233,37.403490999933034],[-86.02550200021795,37.39787699971093],[-86.01924499980377,37.39617600010126],[-86.01878000037168,37.3948589996641],[-86.0253289999656,37.39278600018459],[-86.03172500029696,37.393320999687546],[-86.03285699972581,37.39113700011557],[-86.03099999967554,37.38730700018969],[-86.03246099989069,37.38604500034398],[-86.03488500037864,37.38804799980049],[-86.03509399971769,37.39407299992887],[-86.04375899982796,37.394605999775365],[-86.0388189996889,37.38452000023432],[-86.03919699998069,37.38289799976384],[-86.0429939999219,37.381359999944806],[-86.04717199962965,37.38249800007162],[-86.04205300028875,37.387868000039646],[-86.04606100011718,37.392628000340046],[-86.05321399995869,37.39427099973986],[-86.05591200008301,37.39281699988912],[-86.05647699997253,37.38998899970642],[-86.05066399997234,37.38653300028073],[-86.05420300017072,37.38441599995693],[-86.06398800001432,37.38892599964752],[-86.07022699998683,37.388484999669934],[-86.06977900027317,37.386797000057555],[-86.06499800014275,37.38479500001888],[-86.07178500028635,37.381937000015306],[-86.07202399976265,37.380617999848226],[-86.06514399973263,37.37535199979198],[-86.05806399968606,37.37609799964841],[-86.0569120001657,37.375039999645836],[-86.05950599963464,37.37304900018578],[-86.06756499984752,37.37337399995344],[-86.06991900001525,37.371382000351176],[-86.06898599987969,37.36715399980936],[-86.06451600009392,37.36350699970977],[-86.06688199995722,37.357093999924004],[-86.07046999966107,37.354690000107524],[-86.06266599971633,37.34993200009974],[-86.07362600044311,37.34804500009243],[-86.07018400032912,37.34213199982725],[-86.0708510003259,37.34053900003998],[-86.07696700027478,37.34133000022837],[-86.08051099959769,37.344869000155136],[-86.088818000406,37.3391390001737],[-86.09108999965966,37.342159000319285],[-86.07980900033913,37.34801399973495],[-86.07994999990615,37.35095100003019],[-86.09163299980787,37.351023000005256],[-86.08975400001628,37.346236000337406],[-86.09374000010341,37.345284999748024],[-86.09729699984513,37.34668199990494],[-86.09872999957288,37.35150000005983],[-86.10328300009766,37.352511999937484],[-86.1050809996984,37.34807499994246],[-86.101913999944,37.3423970000304],[-86.10621899987335,37.33854899998938],[-86.10202199989905,37.33483300006141],[-86.09460899976655,37.33272599996822],[-86.09386800014993,37.33122999978384],[-86.09525700039507,37.33016599996965],[-86.10890100010415,37.33360500013653],[-86.11538399957583,37.33876600029339],[-86.11746999995496,37.33809200020809],[-86.11916999964642,37.33254600032515],[-86.12181400024237,37.331751999776195],[-86.12379000011835,37.336876999795486],[-86.11589699958682,37.34337199986988],[-86.11971600016767,37.346227999754134],[-86.12445399974206,37.34413099984854],[-86.12679799986405,37.33883099977203],[-86.13042199955294,37.3383859999082],[-86.13512999988842,37.343694000105245],[-86.14365100005864,37.34442500018956],[-86.14651599968923,37.35004800025126],[-86.14948499997521,37.349386999796],[-86.14667600042112,37.34421500006345],[-86.15615999996582,37.34486299978707],[-86.15527399968592,37.34865099987977],[-86.15845100038436,37.35147699972554],[-86.16154799981855,37.3500140000284],[-86.15784499958865,37.343144000283296],[-86.15352399976578,37.339322000136555],[-86.15484000021597,37.337394000217095],[-86.1587419997392,37.3352259999383],[-86.17486400036289,37.33201400019237],[-86.17781199983416,37.333528000016834],[-86.18021799988045,37.33732200002908],[-86.18638700043107,37.33706499990606],[-86.18691200013762,37.34064699995547],[-86.18918699976435,37.34061100000088],[-86.19271199971901,37.336988999690085],[-86.19121500041715,37.32987300026273],[-86.1930499998278,37.32790500015533],[-86.19944600015916,37.32827400021795],[-86.2091930003679,37.332930000185165],[-86.32764799963203,37.32634099997038],[-86.4691260003646,37.32109900003678],[-86.43892400001371,37.25283199978511],[-86.39916500032317,37.1698959996869],[-86.41091299962393,37.165963999763854],[-86.41189699981312,37.16195900018694],[-86.40884899988441,37.15341000003606],[-86.41121499974773,37.15186400001596],[-86.41566799981507,37.152701999877436],[-86.42263999990661,37.157846999699714],[-86.43129099977318,37.16040200033673],[-86.43749100028596,37.166111000244506],[-86.4402050003038,37.166612999837575],[-86.44420499973631,37.16315899965733],[-86.44348699968592,37.154940999832505],[-86.44773200023911,37.151778000135295],[-86.45497200011926,37.15031199976318],[-86.46519999965363,37.15207500013306],[-86.46730899959898,37.15345700029228],[-86.46969899975173,37.16298500025284],[-86.48412499998364,37.17773299979826],[-86.48484100038422,37.18231799979781],[-86.49229200015156,37.184969000074275],[-86.49578699996898,37.190613000190666],[-86.50587200028654,37.18615499999377],[-86.5188449998009,37.18598700002469],[-86.5232519998375,37.183211000243055],[-86.52588700021263,37.17778600005674],[-86.5282010001974,37.176590999782654],[-86.53427299976534,37.182296999649886],[-86.53816599996604,37.18024100021505],[-86.54103800016765,37.176007999988066],[-86.55572999964001,37.17713299969481],[-86.56385499997513,37.180790999991544],[-86.5643379998489,37.183386999956504],[-86.56196899961255,37.18634899968056],[-86.56331600002487,37.18727100021835],[-86.57423599967038,37.183850999837766],[-86.57997500005071,37.18577799968639],[-86.58203399976733,37.18062699969379],[-86.58868600019174,37.17887399984642],[-86.59504800018792,37.185076000219496],[-86.60661999976156,37.185223000017935],[-86.61265100021994,37.18028900011301],[-86.61666300024632,37.18372999979334],[-86.62002400016945,37.18310299977666],[-86.62338199971956,37.18104899980029],[-86.6236100002235,37.174753999688825],[-86.61907400031546,37.169386999657554],[-86.61374800038702,37.166329000309126],[-86.61432699962194,37.15905700002662],[-86.61301600009293,37.154112000182764],[-86.6146120000273,37.15102999974564],[-86.61898100042905,37.1481640000243],[-86.61682300007989,37.146723999884635],[-86.67441400013132,36.9998939998]]]}},{"type":"Feature","properties":{"GEOID":"21011","NAME":"State Senate District 11","BASENAME":"11","STATE":"21","SLDU":"011"},"geometry":{"type":"Polygon","coordinates":[[[-84.89733599977134,39.05745099999677],[-84.89629899987872,39.05244099983253],[-84.88577400024343,39.03766099999269],[-84.87182400021258,39.027755999918384],[-84.85060699963911,39.00469300029198],[-84.8466559997121,38.99674099969266],[-84.83857899995586,38.989901999823275],[-84.8302739996957,38.97385399996451],[-84.82985500029437,38.96939100023325],[-84.83425200028522,38.958771000313554],[-84.84942900017948,38.948131999923],[-84.85626300017876,38.94067699969784],[-84.86664700024707,38.93322600010956],[-84.87783700022929,38.92035700011658],[-84.87930900031512,38.91610200002177],[-84.87724700022541,38.90941300002321],[-84.86758100020751,38.899106000119225],[-84.81455299982831,38.8954680003053],[-84.80104499966333,38.89146300019476],[-84.80084299999696,38.894980999883096],[-84.80277200001727,38.89679500000991],[-84.79918599996323,38.90404899990982],[-84.80442499985304,38.907802999864224],[-84.80193599996608,38.91011600015118],[-84.80436600030181,38.911861000013566],[-84.80436700012673,38.91712300012797],[-84.80372199987126,38.91881599984117],[-84.80205200031703,38.91829000005856],[-84.80134799961203,38.92304899997447],[-84.79663099995403,38.93073600034131],[-84.79099399968096,38.93155399998785],[-84.78976000014485,38.933896000236686],[-84.78577200040792,38.9332489997662],[-84.77047599978962,38.93664299970603],[-84.76428600022092,38.9359889997303],[-84.7560060000751,38.93991299994629],[-84.74409499966941,38.9409929997382],[-84.73960999981503,38.94518399973168],[-84.73440899956003,38.94570200029087],[-84.72668400015631,38.94909100006905],[-84.71771899957206,38.946492000097734],[-84.7196789995545,38.93622200001476],[-84.72341899959434,38.93274000012209],[-84.72224699998249,38.9251449996773],[-84.71998200040153,38.92177099978931],[-84.71274300034631,38.922717000101],[-84.71326399985489,38.92078700009832],[-84.71127499956015,38.919303000325385],[-84.71375400029966,38.91372900001191],[-84.70932499962343,38.90850700016276],[-84.70339600017063,38.90974300005741],[-84.69680099964764,38.91526300026172],[-84.69576700012806,38.918364999843305],[-84.6887780003181,38.91890200009645],[-84.6817669998685,38.9227079998723],[-84.67787600021595,38.92251899969796],[-84.6782810002719,38.91623399994154],[-84.66255200000857,38.910498000063434],[-84.6420099998278,38.906339000194336],[-84.6358910004042,38.9134719999305],[-84.63942399985646,38.914461000106996],[-84.64717500009776,38.920421999858405],[-84.65025200033878,38.92017000024772],[-84.65124200037573,38.92236600011995],[-84.65007999991133,38.92427999990653],[-84.65225599980384,38.92879900033468],[-84.65005999981983,38.93121500020257],[-84.64354399983789,38.93285799969764],[-84.64422900027633,38.93477699977308],[-84.64181599965903,38.935737000213386],[-84.6309639997856,38.93200799992032],[-84.63445199993035,38.95654599984617],[-84.60916899980214,38.95716700026853],[-84.6234929999268,39.07432999993628],[-84.63288199993525,39.07683300001202],[-84.65037500036243,39.09159800003488],[-84.65851700041597,39.095811999844884],[-84.66659699964693,39.097951999950794],[-84.67953900009748,39.098593999726624],[-84.68723400026225,39.1015599998866],[-84.71509499996591,39.13372000030797],[-84.72423100025438,39.14085500024386],[-84.73208100022987,39.14454700004479],[-84.74431899997539,39.14769400012635],[-84.75630599965076,39.145932999900204],[-84.77060200018633,39.135099000186734],[-84.78334600027014,39.118842000123415],[-84.78776800037535,39.11531299988185],[-84.81067899989417,39.109203999824544],[-84.81254799964002,39.10693599972576],[-84.83243500041792,39.10048900028186],[-84.86101900019482,39.077986000028],[-84.88905899999858,39.06612599967112],[-84.89733599977134,39.05745099999677]]]}},{"type":"Feature","properties":{"GEOID":"21013","NAME":"State Senate District 13","BASENAME":"13","STATE":"21","SLDU":"013"},"geometry":{"type":"Polygon","coordinates":[[[-84.56563200043695,38.045916000286496],[-84.55424599973779,38.04665900024438],[-84.55260700014573,38.04480899967801],[-84.55434199999726,38.03026500006449],[-84.55779499998191,38.02534099974328],[-84.56044399970241,38.02677100002026],[-84.56291000002317,38.02228199974353],[-84.56011499981446,38.0191570003242],[-84.56121299980646,38.01747500004167],[-84.5602439996859,38.015754999944185],[-84.55706500023595,38.01556899977163],[-84.55473700000748,38.01342200023014],[-84.54863799977703,38.017140000311834],[-84.54643500012034,38.01541500000214],[-84.53757099981844,38.01465000002774],[-84.5345830001642,38.0134340001732],[-84.5340890004198,38.01092900006429],[-84.52914900028071,38.00751800019581],[-84.52573899995379,38.009017000171404],[-84.52667899976204,37.997865000248474],[-84.50296800017705,37.99078700000167],[-84.4818729998023,37.9918839999824],[-84.48241099992765,37.989648999965425],[-84.4756620003172,37.98716800003032],[-84.47610500000798,37.98539799991523],[-84.47393400013834,37.983791000148244],[-84.46849799970673,37.98356999974719],[-84.46337900036583,37.98637400033795],[-84.46102900039605,37.983092999694925],[-84.45696700014093,37.99019900009798],[-84.4475510003683,37.9999839999507],[-84.43606299956191,38.006679999886565],[-84.4375749998307,38.0116829997964],[-84.44150800021437,38.01499200004565],[-84.43959599991251,38.01619099995975],[-84.44256299965033,38.01787699996088],[-84.43684500008473,38.02084599988929],[-84.43229900013095,38.01791099973321],[-84.42528500020664,38.024142000214255],[-84.42813599959354,38.028693999980796],[-84.43339399974992,38.02777800023617],[-84.43400200019546,38.03280400007365],[-84.43911300003876,38.029875000257455],[-84.44174199966778,38.031700000194114],[-84.44553600013428,38.02870600025371],[-84.44737399991797,38.029868999863154],[-84.44831000042659,38.02836499969339],[-84.4524579999971,38.029207999649095],[-84.45432500009312,38.03778899973222],[-84.45391800038733,38.04735400027391],[-84.45611000017338,38.051063999710394],[-84.44976900009361,38.053577000270096],[-84.45272199958774,38.056560000120236],[-84.45147299998301,38.057271000006004],[-84.45301799986375,38.056830000308345],[-84.45539999962058,38.059105000309266],[-84.45341399969887,38.05873700021728],[-84.45358799977616,38.06199700004809],[-84.4635950002759,38.07104900013354],[-84.47185299978207,38.066962000332595],[-84.4768520003707,38.070954000345694],[-84.48383199995985,38.065469000154],[-84.49082599979268,38.063640999965294],[-84.4989729998691,38.05862300008631],[-84.50082599972141,38.060288999981864],[-84.49943099962852,38.064223000181954],[-84.50264500013687,38.064667000070465],[-84.50500799962713,38.07042599975259],[-84.51359300026976,38.06440300019385],[-84.51575300026875,38.060642999827024],[-84.52125400009938,38.06302600011962],[-84.52477700040423,38.05648799966601],[-84.52404900030808,38.05210300022792],[-84.5323860003553,38.05376000022337],[-84.54850300005782,38.060288999981864],[-84.55894599967735,38.05433199989475],[-84.56563200043695,38.045916000286496]]]}},{"type":"Feature","properties":{"GEOID":"21015","NAME":"State Senate District 15","BASENAME":"15","STATE":"21","SLDU":"015"},"geometry":{"type":"Polygon","coordinates":[[[-85.6016240003839,36.872195999971204],[-85.59991999959618,36.86872299992712],[-85.5959369998821,36.86677199969495],[-85.59537000034274,36.86241699981586],[-85.59269300013482,36.86110299975061],[-85.59411699964176,36.85732700005719],[-85.59139299957815,36.85665599972685],[-85.59156300035578,36.85480400005453],[-85.58964000018327,36.854854999922864],[-85.58567099981457,36.84860900028476],[-85.58217599999713,36.847414000117716],[-85.57468599987175,36.83824100027399],[-85.58121600009741,36.822888999909786],[-85.59621399989153,36.81803900023786],[-85.58875100042864,36.77734900026214],[-85.57619700031562,36.77816600008215],[-85.57516899974551,36.77496100008995],[-85.5730349996858,36.77430599969286],[-85.5743939997937,36.772555999876],[-85.57129200033665,36.772040999801526],[-85.5710429999163,36.77069899973328],[-85.56324399999443,36.772978999706545],[-85.55848700015348,36.77333599994695],[-85.55699900017413,36.771668000253364],[-85.55223899996012,36.774347999842284],[-85.54655200035664,36.773535999830756],[-85.54251299966775,36.774813999922145],[-85.5390300004442,36.771934000130294],[-85.5412270002531,36.76689699968017],[-85.5411779998493,36.764439999869815],[-85.53832200043954,36.763439000060224],[-85.53752200037337,36.76128799994726],[-85.5397559999922,36.76089799971539],[-85.53934699973829,36.758917000344475],[-85.53169099993154,36.75602799997674],[-85.52781000032472,36.7513649996969],[-85.52830499989405,36.74977799987209],[-85.52578300039512,36.747302000214496],[-85.52740899956842,36.74564100029185],[-85.524133999859,36.74317499965062],[-85.52164300032224,36.743499999962644],[-85.52354300003022,36.738782000122995],[-85.5229789999656,36.73616099967815],[-85.51933900038321,36.73469400034588],[-85.51742899973117,36.731325999842156],[-85.5120800002365,36.73162200031029],[-85.51140800021686,36.73505999995211],[-85.50854199986304,36.736797000072904],[-85.50007000009661,36.733422999746324],[-85.48380100005812,36.73545299966965],[-85.47102099998929,36.7332159997174],[-85.47079900023145,36.72805100035113],[-85.49693199975623,36.69071800028306],[-85.43644199973902,36.61865499978838],[-85.33454900041635,36.62297899964497],[-85.32479100033694,36.62450799972467],[-85.30041500040501,36.624448999707035],[-85.29390400044593,36.62635499985073],[-85.27686700012833,36.62682700003239],[-85.17569199995773,36.62500799991839],[-85.02686100026544,36.61929899998163],[-84.83003500021943,36.60453599980074],[-84.77845399981166,36.60328999977212],[-84.67396399974866,36.739541999969966],[-84.67712200018053,36.7415009997454],[-84.67925100021738,36.74595199980826],[-84.67904700000287,36.74865899987323],[-84.67638200038884,36.7496520000102],[-84.67640699960488,36.75117800001084],[-84.68075699974005,36.754034000110046],[-84.6778100000937,36.75404200002755],[-84.6742750000933,36.75132599990008],[-84.67231299956272,36.75876099984153],[-84.6764719999022,36.75857000010849],[-84.67738300029643,36.75990099974776],[-84.67352799973058,36.7612600003584],[-84.66547799973854,36.75629100033713],[-84.66588799981736,36.76165699969162],[-84.65970300027152,36.76196799977864],[-84.65315399977929,36.76807000010373],[-84.64493599955775,36.76665200033979],[-84.64143400006763,36.76717100026506],[-84.64096500043756,36.77016500010286],[-84.63432800008178,36.7688999998263],[-84.63601100005478,36.77271900031334],[-84.63268699994158,36.77478299972837],[-84.63382000009368,36.779656000293436],[-84.62443199991012,36.77966499980204],[-84.62331200017682,36.78479999975271],[-84.62642700005266,36.787686000321095],[-84.63008300042691,36.78590000008937],[-84.63089199981557,36.78711300001597],[-84.62423899956627,36.793633000183284],[-84.6198759999106,36.792208000343614],[-84.61676000020985,36.795679000075346],[-84.6089200002801,36.79403100013214],[-84.6072370003071,36.80070499991135],[-84.60138900014682,36.79878100023519],[-84.5962769995803,36.79920399990744],[-84.60280099995818,36.807395999967774],[-84.59920599968329,36.808628000296835],[-84.59617299982322,36.80547500010891],[-84.59228999966827,36.80822499985938],[-84.58813500042505,36.80603199995873],[-84.5914109999594,36.80374599990637],[-84.588236999634,36.801307999703035],[-84.58151599961263,36.80368300010534],[-84.5865820001484,36.80637899969955],[-84.58828600003781,36.809730000269056],[-84.57933300004743,36.813978000098075],[-84.58236599990752,36.81644199994879],[-84.57757499973135,36.81895999988191],[-84.57773399974002,36.824952000153935],[-84.5821590002183,36.82599699999964],[-84.59567900007882,36.83819300028676],[-84.59154999987656,36.84001600015644],[-84.58154599974986,36.8405990003019],[-84.57383300004172,36.84428799992279],[-84.57253400020826,36.84629999987051],[-84.58625300026043,36.85073900012969],[-84.59071899984828,36.85793899974967],[-84.59167299990021,36.86250699964338],[-84.57951799999536,36.86326700026848],[-84.57815800006254,36.86713299981151],[-84.41681599991493,36.946920000334615],[-84.38657199973126,36.95149900009861],[-84.36817399965592,36.962595000004626],[-84.3633980004467,36.96255000025553],[-84.35802399993936,36.959399999820114],[-84.34771400038922,36.96620200015625],[-84.34453300039114,36.9734960003465],[-84.34658100023712,36.97773499994829],[-84.34710299957062,36.98449199978303],[-84.34996100042683,36.989140000087794],[-84.33785599985238,36.99073200005151],[-84.32793600028958,36.997584000303306],[-84.31767500024495,36.99899699994616],[-84.31504900009064,37.00145499980453],[-84.31360899979188,37.0058900000389],[-84.31559300006376,37.00978699965483],[-84.32696499962088,37.01630100028604],[-84.33033999978774,37.020319000186696],[-84.33142699990906,37.02569600035045],[-84.32767599999859,37.028436000287314],[-84.32045399966181,37.028718999664],[-84.31565499998804,37.02288799970738],[-84.31103899971407,37.024066999934014],[-84.30301600038453,37.03839600028031],[-84.30294600006432,37.0406749999433],[-84.30427699968483,37.04105199988267],[-84.31248099966267,37.037716999987715],[-84.317306000174,37.040810999840566],[-84.31800099975987,37.04648199973988],[-84.31591000025617,37.05443500029779],[-84.31956200043246,37.0596880000829],[-84.3251069997457,37.06181799998407],[-84.32459700010776,37.067872000321195],[-84.31854899993094,37.07053800011697],[-84.31464700040773,37.07714599986838],[-84.30755300011745,37.07790100009634],[-84.30328300034822,37.08021999968928],[-84.30067300008746,37.08803499974928],[-84.29141399977533,37.08726900027784],[-84.28478999983835,37.08927800021815],[-84.287040000249,37.09527300001679],[-84.28017399956437,37.101892999692836],[-84.29295899965607,37.113559999910734],[-84.28869899993256,37.11530399990281],[-84.2810620003924,37.11450399974747],[-84.2790649997017,37.11586400006824],[-84.278585000201,37.11880999972083],[-84.2846390002256,37.12312800002879],[-84.29441700039648,37.12093300016245],[-84.29686899957521,37.12164300026977],[-84.2960309998742,37.124682999719425],[-84.28945499961779,37.129116000115424],[-84.29227900013882,37.1354629998023],[-84.29160000044648,37.14171599988918],[-84.29386000000457,37.1445720000044],[-84.28907600039942,37.151740000290054],[-84.29207800029737,37.16090999990808],[-84.30047499972072,37.16394000009386],[-84.38957000032954,37.235955999751184],[-84.44628599997172,37.27905000027761],[-84.5002890003193,37.327143000319126],[-84.55646099998836,37.35572899972031],[-84.80933800022792,37.17503400003303],[-84.91655700037738,37.107281000127884],[-84.9544060003142,37.10227100010413],[-84.97062400029905,37.11304500011575],[-85.04331600007676,37.18602799990678],[-85.08964299962778,37.12554499967533],[-85.1661859997734,37.03326499999248],[-85.20583099966112,36.99686199968381],[-85.21061799963931,36.980031999915965],[-85.2320260000085,36.92506900025572],[-85.45183000041881,36.93813799974584],[-85.47422000042906,36.89382299996042],[-85.50737699992389,36.867508999839366],[-85.5369819996999,36.86218899982642],[-85.56071900012246,36.850856999973715],[-85.58030399987825,36.86886499975345],[-85.58664499995801,36.87056500009557],[-85.58945400041041,36.873392999938645],[-85.6016240003839,36.872195999971204]]]}},{"type":"Feature","properties":{"GEOID":"21017","NAME":"State Senate District 17","BASENAME":"17","STATE":"21","SLDU":"017"},"geometry":{"type":"Polygon","coordinates":[[[-84.78578999995126,38.720403000035375],[-84.77432200013466,38.6185939999426],[-84.68095900030474,38.5597500003341],[-84.67450500024707,38.557941999951026],[-84.67461200037718,38.55472300011832],[-84.67847700009048,38.555835999815386],[-84.6775289998863,38.55349200013407],[-84.67929600042322,38.55127899973059],[-84.6750280003038,38.54805500001809],[-84.67515200015235,38.54614600011213],[-84.6678200002107,38.545532000306885],[-84.66541599981426,38.54371799974798],[-84.6693059996419,38.54075900023633],[-84.66646399957754,38.53585500002886],[-84.67160600028129,38.53699799987499],[-84.67169400014484,38.534125000228926],[-84.67457399984403,38.53203299980303],[-84.67163399987038,38.530570000254215],[-84.67058000025932,38.52665100009328],[-84.66781500018784,38.528196000060206],[-84.66726600019183,38.531631000089746],[-84.66368299961255,38.53100600028075],[-84.66178899975233,38.53285100027636],[-84.65775199961159,38.53282000030084],[-84.65815699966754,38.529080000314],[-84.65301499986212,38.52751699985472],[-84.65547299978691,38.52386300020661],[-84.64475300015798,38.520300999766285],[-84.6485779996883,38.51843600032825],[-84.65005099959899,38.51529399969973],[-84.64587399971617,38.51331299985335],[-84.64228699983722,38.51385400013588],[-84.64200399998,38.510058999898035],[-84.64373399980867,38.50841300000886],[-84.63633200044515,38.5032049997714],[-84.63356300017573,38.4950220001852],[-84.62843700026382,38.49139500018811],[-84.62665100035865,38.48513199994151],[-84.61802999973098,38.4809659999584],[-84.61017999975549,38.48244599975506],[-84.60555199978594,38.48056699981002],[-84.60076900000571,38.48102800025372],[-84.58053899999447,38.47303900013289],[-84.62358300033847,38.431191000341634],[-84.64945999977022,38.41656700016979],[-84.70598799998976,38.37010199987857],[-84.7405940000042,38.35241500022439],[-84.73773400039649,38.29712999992903],[-84.73031200004314,38.20836199984421],[-84.72329100044614,38.19367800004217],[-84.72466700027248,38.190825000321],[-84.72999300020092,38.19051000017369],[-84.7315840001124,38.187394000104966],[-84.72839800009146,38.1854449998943],[-84.7214440004416,38.18560400022749],[-84.72100500005044,38.182040999731214],[-84.71872899970052,38.179960000032075],[-84.71435799964893,38.183123999652814],[-84.71563399991615,38.176877000030856],[-84.7075410002664,38.17338899974345],[-84.70569400026189,38.17417799969648],[-84.70370400014221,38.178850999869184],[-84.69747699986526,38.17770199986647],[-84.69266700032084,38.1810650000319],[-84.68942600004829,38.18125100029857],[-84.6874889996321,38.17962799977958],[-84.68755800012737,38.1773270000077],[-84.69195799959296,38.17705800000884],[-84.69135400024369,38.17515399984108],[-84.68765699986157,38.17335100024435],[-84.68971399992839,38.1706479998782],[-84.68143200013276,38.169241000321],[-84.67547600001745,38.17152400024588],[-84.68429099991556,38.17568599975546],[-84.68156900040009,38.177798999818926],[-84.68264099955451,38.181266999767836],[-84.67794800018596,38.18519300005418],[-84.67830800003608,38.17930799970398],[-84.670875999637,38.17647500026247],[-84.66591299993172,38.17597500031238],[-84.66413600024738,38.17726899966139],[-84.66583199974087,38.18207400030502],[-84.6606740000419,38.179163999776364],[-84.6529000002344,38.17887900021344],[-84.64748999974204,38.1761050001916],[-84.65043599956348,38.16784499971905],[-84.65571299998645,38.17078500023521],[-84.65740299963214,38.16767400011019],[-84.65570799996357,38.16481499984322],[-84.65724899964634,38.16178200002095],[-84.65269199982193,38.16037999967959],[-84.6505560001124,38.16264799965171],[-84.64584000027932,38.16326100005964],[-84.64159899992406,38.15909199965336],[-84.64280599969601,38.15739700014535],[-84.65194199998447,38.158670999926976],[-84.6521260001075,38.1517880003427],[-84.6498310003893,38.1482229997143],[-84.6511069997582,38.14551699982244],[-84.6458050001192,38.14545100017359],[-84.64137700016622,38.14960599966599],[-84.63867700039208,38.149243999976825],[-84.64370299984654,38.144213999958154],[-84.64843299992333,38.135855000280515],[-84.64085699958422,38.13498000007917],[-84.63971699975943,38.1313569997509],[-84.63404500022456,38.12598499972877],[-84.63389100023879,38.12263899973884],[-84.63676000006733,38.120376000323944],[-84.6392770004417,38.12802300030939],[-84.64430899974394,38.128290999717976],[-84.64494099958063,38.127298999782745],[-84.64060700023728,38.123474000209114],[-84.64076100022305,38.12107700031669],[-84.64712200039432,38.119210000039644],[-84.65379900003475,38.12092999987276],[-84.65324500001589,38.11669499980818],[-84.65076299980163,38.11485000027453],[-84.65033000015659,38.112407999745926],[-84.64454200027076,38.116789000178755],[-84.63356999984842,38.110778999837606],[-84.62507899981541,38.11639699981856],[-84.64925800010384,38.043206999863216],[-84.63619099997985,38.040395999916115],[-84.62497000003546,38.04284400016935],[-84.60887599989917,38.04243300023224],[-84.56572799979809,38.04573999994692],[-84.55674999969337,38.05601900011219],[-84.5637579997699,38.059300000090346],[-84.55884899959297,38.06838699972531],[-84.54526599998324,38.08013599996908],[-84.54852200032441,38.082614999700276],[-84.54656800018974,38.084366999711285],[-84.54884000034171,38.088076999799846],[-84.54715399999566,38.089071000271794],[-84.54133000012484,38.0860980000675],[-84.53317600037572,38.092670000245654],[-84.53459200038503,38.09393400016803],[-84.53762799971985,38.09163600019099],[-84.53952999997597,38.092937000341536],[-84.54001000037499,38.09924199983638],[-84.53726100019705,38.105560000258],[-84.54387300043848,38.105706000330585],[-84.53832900005182,38.116815000214785],[-84.53237399976143,38.1152190000936],[-84.53397800009171,38.11249499988405],[-84.52813900015228,38.110873000047754],[-84.52752400003405,38.11190200012197],[-84.53146999993818,38.136550999682285],[-84.53898900037588,38.15906599984302],[-84.40184700043314,38.20788900020707],[-84.41952200043518,38.21398800027277],[-84.42223599955473,38.216763999682584],[-84.42080200000206,38.218972000169735],[-84.41720099987941,38.22016800007043],[-84.41678199957974,38.222478000125044],[-84.41822799972628,38.22922299971918],[-84.42156100006034,38.23190099968299],[-84.42341100043792,38.23810400023743],[-84.4214170001203,38.240079000279685],[-84.42344099967683,38.24278099989971],[-84.42070400009277,38.24673999981725],[-84.42254000022665,38.25664200017298],[-84.43080799977857,38.259977000351356],[-84.43198299976348,38.26468799970127],[-84.43687199984892,38.266346000271696],[-84.43594499956114,38.27259099970813],[-84.44152300028298,38.27599300032691],[-84.44265200023712,38.27980700000611],[-84.44116000005982,38.281837999674046],[-84.44486999996242,38.28473899991411],[-84.44225100037912,38.28758799966171],[-84.44366999986318,38.289429999717136],[-84.44066200011744,38.29648199990808],[-84.43683300038916,38.29626299996018],[-84.43300700013562,38.29905800016259],[-84.43498200018668,38.30262900002651],[-84.43397999955583,38.306787999706806],[-84.43641099971647,38.30806700015207],[-84.43740900014934,38.31325200023059],[-84.4398629998762,38.3151209999535],[-84.4399619996104,38.31926299985677],[-84.44467400014383,38.32125900005416],[-84.4437560000769,38.32430999997287],[-84.44664599982184,38.32440100021416],[-84.44652600017126,38.328795999814155],[-84.45237000013356,38.33154900022186],[-84.45349300023992,38.335447999656445],[-84.45629799959603,38.33676099976394],[-84.45694299985149,38.34262799984095],[-84.45910299985047,38.34371100035078],[-84.46089100030379,38.34842499994333],[-84.4576740003207,38.351401000255265],[-84.46168999964674,38.353479999943396],[-84.46283200001966,38.36396100000997],[-84.46059300037795,38.36595899975792],[-84.46074599964052,38.37248400006338],[-84.45835999968573,38.374748000258556],[-84.45990600028969,38.378994999690356],[-84.46220400038094,38.380651999802936],[-84.46239799965137,38.384456000239624],[-84.46627300030873,38.387881000273126],[-84.46773500034881,38.393010000105775],[-84.47182199981995,38.39444400006112],[-84.47138300032711,38.39612400002108],[-84.47426499967614,38.400168999863446],[-84.48108799980476,38.40338500029263],[-84.48553500002433,38.41032200014742],[-84.48929699980546,38.411379999853075],[-84.49551300021174,38.417264000010825],[-84.50872699975055,38.421115999677546],[-84.51300999993859,38.4262670003122],[-84.51606799991302,38.42547500016006],[-84.51899100016824,38.42784299986364],[-84.52259599959054,38.42818199971559],[-84.52402099982068,38.431309000170764],[-84.52794800035656,38.43324999984333],[-84.5264369999127,38.43842700032587],[-84.52660099994422,38.45064800031055],[-84.53193199989555,38.45888599991115],[-84.54640099978518,38.466800999952234],[-84.55139199997787,38.47901500027258],[-84.55313400040042,38.490307000076534],[-84.55737499985734,38.492916999836226],[-84.55188300024754,38.49322099978403],[-84.54848499961615,38.496294999955865],[-84.54351299969004,38.49720399965157],[-84.54280999970825,38.499298000185966],[-84.53538999990306,38.500830999661446],[-84.53455499967681,38.50311600022199],[-84.53052599993198,38.503333000052216],[-84.5274720001555,38.50571000023118],[-84.52366400034362,38.50564400016227],[-84.52139300001656,38.50829900023252],[-84.51330399966645,38.5089110002083],[-84.50738500025939,38.507605999965804],[-84.50309000037579,38.51190599967702],[-84.49663299994505,38.512416999895756],[-84.4852949998248,38.50855199986196],[-84.47629900017674,38.54272300027389],[-84.49631499992775,38.62500499987753],[-84.53228800044602,38.79193700028078],[-84.41817599984776,38.806619999976085],[-84.42102499958482,38.80850699981517],[-84.41784699995978,38.810649000037756],[-84.41744000025402,38.81293300001462],[-84.42160899974093,38.82393100005917],[-84.4271480001047,38.827918999815914],[-84.43031200038435,38.8285510001984],[-84.43586199972047,38.826861999812344],[-84.44358000034981,38.81721099980581],[-84.44751399966007,38.81733699966879],[-84.45077400019919,38.81952599998218],[-84.45333400023125,38.82735699988747],[-84.45311099975017,38.83803800013755],[-84.46382200005662,38.85032600010115],[-84.46340000028222,38.85205899990202],[-84.44943299963462,38.861286999710536],[-84.45270900006727,38.86629200029946],[-84.44493299971161,38.880550999977594],[-84.43950600039913,38.897634999687405],[-84.4389120001973,38.90488000006743],[-84.44463099958782,38.91173600005592],[-84.44390099984186,38.91590400003118],[-84.44814600039504,38.91974500004721],[-84.45189899995536,38.92898099974933],[-84.46011499962876,38.9388719998112],[-84.46349200034373,38.946702999691965],[-84.46175499994405,38.949448000292364],[-84.46388200033107,38.95202000016161],[-84.47006600005201,38.946902000117845],[-84.47703999979336,38.9485729998218],[-84.47617100013022,38.95051899995472],[-84.47913200002029,38.95145000002409],[-84.477683000399,38.9547190002033],[-84.47895200009522,38.95533599990118],[-84.47650400021615,38.959471000164235],[-84.4731139999807,38.959792000246885],[-84.47414500002554,38.96567399978548],[-84.47702399989983,38.96628100000823],[-84.47754699995656,38.96865899989769],[-84.48202299959013,38.96459400025159],[-84.48937299997345,38.96368899986647],[-84.49525000044603,38.96081699979708],[-84.49966199960718,38.962094000212474],[-84.50374499977868,38.96591599992582],[-84.50307299975904,38.97046399976924],[-84.51519400022701,38.96856899999257],[-84.52412100027811,38.96469700024801],[-84.52747399980534,38.966186999820444],[-84.53024300007476,38.96530900006787],[-84.5294649997499,38.97020199996283],[-84.53214299978274,38.9715199999863],[-84.53627000033516,38.970788000002145],[-84.53778099988072,38.97350000003467],[-84.54138200000338,38.974955000048176],[-84.53929099960136,38.97800500014293],[-84.54048099965487,38.97986399972224],[-84.54328699973424,38.976107000164355],[-84.54911900000097,38.97498000026231],[-84.56039799967166,38.979322000202565],[-84.56600599963244,38.978417000137405],[-84.57782199960357,38.97309800027694],[-84.58564700036302,38.98014999989148],[-84.59066100012194,38.98070699980836],[-84.59800399993422,38.96597100000121],[-84.59366899986767,38.95800500006319],[-84.59325999961374,38.949161999806606],[-84.57940199964442,38.94205299975015],[-84.5690739996526,38.93398800004567],[-84.56001600008024,38.93210499993546],[-84.56049700030418,38.92901400022672],[-84.54841299964615,38.92405799975447],[-84.54934499995679,38.919513000299304],[-84.55973300022303,38.92252799995063],[-84.5574140002154,38.91943399973304],[-84.54432899964974,38.915262000053644],[-84.54459800016156,38.904845999894285],[-84.54162700022576,38.90049300018508],[-84.54007800014705,38.88947199998522],[-84.53516399994724,38.88244000008313],[-84.53568600017907,38.875152999840644],[-84.54012199962968,38.86814700007864],[-84.53591700015777,38.858866000104484],[-84.53611200015143,38.851359999741064],[-84.54073900029604,38.84918200017797],[-84.54017799970617,38.8481540002845],[-84.549050000404,38.848001999741946],[-84.55019500025166,38.844511000201116],[-84.55930499970255,38.8423699996585],[-84.55997199969931,38.84042899983394],[-84.56815700030889,38.837942000250905],[-84.56944500027168,38.83341899988552],[-84.57814700019189,38.83302100030026],[-84.58876100041395,38.82771300003344],[-84.59146399966282,38.808411000005066],[-84.59410900008372,38.800666999702635],[-84.60732599999555,38.806854999771915],[-84.61546300002622,38.802283000083825],[-84.63000700025891,38.8029009999176],[-84.63264599993369,38.80082800008856],[-84.64243599980014,38.79847699974618],[-84.64410500042777,38.797528000217724],[-84.64339800024803,38.795311000327644],[-84.64520400024468,38.79263100021272],[-84.6561670004462,38.790117000291005],[-84.65573300007792,38.78703199987021],[-84.6576880000375,38.78561500034651],[-84.65602199978292,38.78232900027008],[-84.65701400036802,38.780272000242924],[-84.65508699999755,38.77778299974237],[-84.7807660001466,38.76520800031842],[-84.78578999995126,38.720403000035375]]]}},{"type":"Feature","properties":{"GEOID":"21019","NAME":"State Senate District 19","BASENAME":"19","STATE":"21","SLDU":"019"},"geometry":{"type":"Polygon","coordinates":[[[-85.75196899999479,38.21900400017523],[-85.74909299959522,38.215341999735415],[-85.74532499996631,38.21697399996736],[-85.74185000024038,38.21358700006393],[-85.74699600024375,38.21136699999601],[-85.74707400006156,38.212465000271564],[-85.74788499999838,38.208789000334484],[-85.75105699977561,38.20865399986015],[-85.75031100013615,38.192844999793735],[-85.74373599970465,38.1943120000209],[-85.74087799974674,38.190618000095256],[-85.74702300000793,38.189645999978296],[-85.71495600010915,38.19171399968041],[-85.70876499981722,38.190708000142884],[-85.70504999989174,38.19139699966293],[-85.70691600016285,38.19374800005028],[-85.70296400041093,38.197595999937334],[-85.69745099998642,38.19689900033314],[-85.69814599957228,38.19426099980134],[-85.6938530002368,38.19303900019587],[-85.69251400022038,38.197169000154034],[-85.69640700042109,38.19863499976365],[-85.6932399997684,38.20086000004696],[-85.68613700015561,38.20092199981213],[-85.68228800033583,38.197964999933774],[-85.67401099966476,38.20320700016755],[-85.67115400043009,38.19951799991045],[-85.66992699966836,38.200147999983855],[-85.67208199964446,38.20288800019012],[-85.66726000040448,38.20540699982558],[-85.67020500040101,38.20751900016598],[-85.66851700040515,38.207874999965014],[-85.6624530003348,38.20018600033166],[-85.637848000074,38.187166000032654],[-85.63832199972693,38.18389599997433],[-85.64328600015546,38.184213999994405],[-85.64367299976973,38.18300000012646],[-85.64209699992686,38.18031499981101],[-85.63867200042962,38.18003099970255],[-85.64017200010453,38.16113199982717],[-85.64542699988785,38.15669000015638],[-85.64325900039125,38.15350500030175],[-85.64370000043223,38.140141000291486],[-85.64185599990243,38.13939999993306],[-85.64314899988811,38.122843000173305],[-85.66707299990841,38.117323999870976],[-85.66934099986244,38.11739299965819],[-85.66889800017164,38.11936699991286],[-85.68433500035692,38.115954999657944],[-85.69742800042019,38.11729199972217],[-85.70150700039373,38.11605299983162],[-85.70130200035432,38.11136299977063],[-85.69863900039009,38.10931599995398],[-85.70019099994353,38.10897999972557],[-85.70010300007998,38.10700099979785],[-85.69875499984273,38.10418299967304],[-85.69609000022868,38.10426600021539],[-85.69465199957975,38.10066200012476],[-85.69175000013922,38.10794899983749],[-85.68053599986754,38.105165999990795],[-85.67890499977308,38.10599199979172],[-85.67646000026706,38.10356800003228],[-85.67298999966566,38.1033900000507],[-85.67504400025774,38.11051000032745],[-85.65673999989374,38.11599500022069],[-85.65587500042857,38.113042999915386],[-85.64969699965711,38.11343999970429],[-85.64911300039932,38.116382999665845],[-85.64663000036016,38.116577000028904],[-85.64668399988851,38.11787399979511],[-85.61124799967068,38.12578300016577],[-85.60191200026397,38.13154099994787],[-85.60960300023082,38.13751999994678],[-85.60289100043029,38.13868499984131],[-85.5980480003756,38.14142499982612],[-85.595316999741,38.14733499994237],[-85.60230100042641,38.14765099985589],[-85.60196699961725,38.151304999865516],[-85.59844599986053,38.1511800003048],[-85.59762599970288,38.15541699990403],[-85.60485399988745,38.15573199989419],[-85.60542899982272,38.160243000250865],[-85.6131649999954,38.16065600020637],[-85.61320099998042,38.16395100005166],[-85.62290700018129,38.16752500016531],[-85.61268799996942,38.17849699993544],[-85.609453000443,38.181081000248135],[-85.6069679998557,38.181045000286254],[-85.60307499965499,38.19856900019319],[-85.61994100026835,38.20194000022479],[-85.61832600006741,38.20281599992005],[-85.62212999968135,38.20716000005686],[-85.62462699996422,38.20648700031573],[-85.6304480003603,38.211083999734214],[-85.62712300042217,38.21263099986037],[-85.62858600028714,38.2181479999459],[-85.62228200001732,38.22172299998482],[-85.62527899989237,38.22540899984931],[-85.62213999972708,38.227228000032426],[-85.62303000020493,38.22829699987464],[-85.62778700004591,38.22597400008736],[-85.62980599957957,38.228399999805276],[-85.63170399963774,38.22742700030063],[-85.63333800010524,38.22979099972369],[-85.6272790000578,38.233145000338],[-85.63530099956242,38.241465000276456],[-85.64293499962785,38.2375939998639],[-85.64771999995622,38.243469999692174],[-85.64207299963742,38.24626900001869],[-85.64434399996448,38.24907700020296],[-85.65049000005058,38.24701900022679],[-85.64821500042386,38.24406000012012],[-85.65386100001945,38.24225999984645],[-85.65695099978095,38.246122999797],[-85.65527600020386,38.246988000234154],[-85.65640799963272,38.24832999975989],[-85.6650150000167,38.243938000113445],[-85.66683400043213,38.24553000007655],[-85.67067700040411,38.24375699987668],[-85.6719849995601,38.24879300023926],[-85.680596000142,38.248655999897245],[-85.68867000042349,38.245122000111614],[-85.70453400040601,38.245535999695825],[-85.70756399989305,38.23806100020572],[-85.71788600003707,38.2322419997833],[-85.71946899955265,38.23419499989706],[-85.72447700036209,38.23163499983771],[-85.72765199961408,38.235731000141534],[-85.74191499963936,38.230801000048196],[-85.74342699990815,38.22173699968014],[-85.74532099976835,38.22285399970725],[-85.75196899999479,38.21900400017523]]]}},{"type":"Feature","properties":{"GEOID":"21021","NAME":"State Senate District 21","BASENAME":"21","STATE":"21","SLDU":"021"},"geometry":{"type":"Polygon","coordinates":[[[-85.16517200034531,37.31064499975167],[-85.14743399969576,37.304430000183885],[-85.11209299991248,37.28209000019412],[-85.05689799986156,37.25704099997622],[-85.05356500042585,37.19674599991004],[-84.97062400029905,37.11304500011575],[-84.9544060003142,37.10227100010413],[-84.91655700037738,37.107281000127884],[-84.89903299998807,37.117580999923454],[-84.80933800022792,37.17503400003303],[-84.55646099998836,37.35572899972031],[-84.5002890003193,37.327143000319126],[-84.44628599997172,37.27905000027761],[-84.38957000032954,37.235955999751184],[-84.30047499972072,37.16394000009386],[-84.29179500044015,37.160554000087224],[-84.2908559995585,37.154044999703515],[-84.28907600039942,37.151740000290054],[-84.29386000000457,37.1445720000044],[-84.29160000044648,37.14171599988918],[-84.29227900013882,37.1354629998023],[-84.28945499961779,37.129116000115424],[-84.2960309998742,37.124682999719425],[-84.29699099977394,37.12226200010709],[-84.29441700039648,37.12093300016245],[-84.2846390002256,37.12312800002879],[-84.27903200008976,37.1196619997361],[-84.27883999957082,37.11631899974965],[-84.2810620003924,37.11450399974747],[-84.28869899993256,37.11530399990281],[-84.29295899965607,37.113559999910734],[-84.28005399991376,37.10084700027037],[-84.287040000249,37.09527300001679],[-84.28456100040779,37.09143799992706],[-84.285209000138,37.0888980001981],[-84.29141399977533,37.08726900027784],[-84.30067300008746,37.08803499974928],[-84.30328300034822,37.08021999968928],[-84.30755300011745,37.07790100009634],[-84.31464700040773,37.07714599986838],[-84.31854899993094,37.07053800011697],[-84.32459700010776,37.067872000321195],[-84.3251069997457,37.06181799998407],[-84.31956200043246,37.0596880000829],[-84.31591000025617,37.05443500029779],[-84.31800099975987,37.04648199973988],[-84.317306000174,37.040810999840566],[-84.31248099966267,37.037716999987715],[-84.30427699968483,37.04105199988267],[-84.30294600006432,37.0406749999433],[-84.30301600038453,37.03839600028031],[-84.31103899971407,37.024066999934014],[-84.31565499998804,37.02288799970738],[-84.32045399966181,37.028718999664],[-84.32767599999859,37.028436000287314],[-84.33142699990906,37.02569600035045],[-84.33033999978774,37.020319000186696],[-84.32696499962088,37.01630100028604],[-84.31559300006376,37.00978699965483],[-84.31360899979188,37.0058900000389],[-84.31504900009064,37.00145499980453],[-84.31767500024495,36.99899699994616],[-84.32793600028958,36.997584000303306],[-84.33785599985238,36.99073200005151],[-84.34736399968654,36.99019499997182],[-84.35030600020833,36.98868399974997],[-84.3467140003065,36.98331800002767],[-84.34658100023712,36.97773499994829],[-84.34453300039114,36.9734960003465],[-84.34576699992726,36.96903499996728],[-84.35089200001426,36.963102000268755],[-84.35802399993936,36.959399999820114],[-84.35988400036268,36.95428900032703],[-84.36886400011723,36.94817499965381],[-84.36610099969558,36.94342300023298],[-84.35907500007568,36.93986899968706],[-84.34587200040757,36.939495999734895],[-84.32451400026707,36.94618799986574],[-84.31180299979523,36.94208499971543],[-84.3019369997608,36.94660399979453],[-84.29741599992138,36.945930999910146],[-84.29108599971227,36.949221999973325],[-84.28549600019316,36.956098999963295],[-84.27734999994166,36.956551999763754],[-84.27615400004038,36.96176799966672],[-84.26779899955149,36.96058499986929],[-84.26356200029252,36.962326000263324],[-84.26437700042729,36.96683900000208],[-84.25979100029056,36.96863899987851],[-84.25867300020707,36.97239199992574],[-84.2567249999202,36.97299500022318],[-84.25555800033123,36.9711220000177],[-84.25675000003456,36.96650599983828],[-84.26071900040324,36.961232000336864],[-84.25515900012307,36.959876999893226],[-84.2544379996996,36.95845200028508],[-84.25830099976308,36.95429800010683],[-84.25254700021247,36.953581999945534],[-84.24873400037771,36.955652000085934],[-84.24534300031733,36.95543600030339],[-84.24281500007233,36.95163100016178],[-84.24610400002544,36.947101999641916],[-84.24010600007733,36.95155700006753],[-84.2376310004341,36.95112999972001],[-84.23802300007127,36.94682199964394],[-84.23539899956678,36.944391000130025],[-84.23520399957312,36.941023000299545],[-84.22501200002374,36.946316000196255],[-84.22467399991496,36.956924000256684],[-84.22206200000436,36.96033000018931],[-84.21770299964832,36.95747999987486],[-84.21665499988505,36.952304999942015],[-84.21050200012624,36.9472880002203],[-84.20462200017893,36.95189400031273],[-84.20047700008314,36.94551000015997],[-84.19565699959469,36.94752299992736],[-84.18962699985954,36.94760199995018],[-84.1855050002283,36.94511399977065],[-84.1846120002757,36.9407739999413],[-84.18225599955984,36.9391160003238],[-84.17899300044431,36.94079400012705],[-84.17422599965927,36.94030200020965],[-84.16654700028631,36.944178999718055],[-84.16440999985356,36.94192899990928],[-84.16267500000203,36.94217800008301],[-84.16084700026406,36.94773699977232],[-84.16306300033953,36.95161099994934],[-84.15856000004345,36.952885000120666],[-84.15865100028007,36.95647800014373],[-84.15187800038017,36.95543099978275],[-84.15064499977065,36.96748800004084],[-84.14551600038399,36.96760799990308],[-84.14267799961927,36.966023999840296],[-84.14250100006726,36.963658999849436],[-84.14597699961811,36.96164399969655],[-84.14530799997154,36.95631799986577],[-84.14044300017554,36.95717400016896],[-84.13630499975244,36.96014499977441],[-84.13453599956573,36.96872699975729],[-84.12471399991222,36.97030099975123],[-84.12305400040374,36.96941299985929],[-84.1247909999051,36.96603400020783],[-84.12392300006688,36.96456199987718],[-84.12237900001105,36.96472500029262],[-84.12077899987871,36.96889200015294],[-84.11813500018107,36.968716999743584],[-84.11619299974197,36.96781499999235],[-84.11747800023004,36.96603000020452],[-84.11445299986757,36.963796000340935],[-84.1113859996723,36.96384699988988],[-84.1122159998757,36.959617999655435],[-84.10910600002272,36.961384999726896],[-84.1062890000727,36.958928999836296],[-84.10311499974732,36.96382600016418],[-84.10161099987445,36.96036500013967],[-84.10185100007396,36.95431299973747],[-84.09451999995723,36.95510199983246],[-84.09136099970047,36.956037000053506],[-84.09175599971067,36.95717600004435],[-84.08642599958426,36.96193999991615],[-84.07924000013081,36.96415899984883],[-84.07659399988502,36.969809000227684],[-84.06766500018409,36.974883000151],[-84.06144299993001,36.976239000165414],[-84.05798099972455,36.97314499975511],[-84.05066800004946,36.977979000277784],[-84.04951900000385,36.976329999645216],[-84.04174799967107,36.97675700005703],[-84.03803600011864,36.98197800011419],[-84.03815599976924,36.98412199969797],[-84.03255600020441,36.9886699999575],[-84.02811800020567,36.98600600014972],[-84.02347000014464,36.98910499973546],[-84.02102599956521,36.98564400035074],[-84.01570700020778,36.98343600014356],[-84.00962600041902,36.987299999709855],[-84.00853500009971,36.98460000015127],[-84.00576400018045,36.98560300028672],[-84.0001920002047,36.9805980000198],[-83.99515300033144,36.984423999685184],[-83.99449899985514,36.98091600011737],[-83.99200999996818,36.97976599971882],[-83.97921300018092,36.98299600009387],[-83.97747400013141,36.97814199995025],[-83.97344399966336,36.97944100016898],[-83.97252800014458,36.97757400017884],[-83.96733600011041,36.978651999690335],[-83.95938499985257,36.97712799975198],[-83.95186499958996,36.98742600001816],[-83.94525200042195,36.98830600014504],[-83.93578100039771,36.995768999845566],[-83.93178299971672,36.99617699965419],[-83.93471699984259,37.00103700026537],[-83.93424999986236,37.00658000011296],[-83.93054900018059,37.009202999915935],[-83.9292820001342,37.01366699965273],[-83.92673100032297,37.014359999852154],[-83.92731299993092,37.01858199993928],[-83.92553000039881,37.019405000253485],[-83.92430299963708,37.02561800010053],[-83.92202600036053,37.0266129998481],[-83.92410299962053,37.030357999801176],[-83.92233599998193,37.03641299976736],[-83.91698099974117,37.03689099989533],[-83.91457700024303,37.03385000018018],[-83.90891999987848,37.03460399998966],[-83.9059160003307,37.03214299965488],[-83.89082399992695,37.04386300009727],[-83.88466899962,37.04284000006263],[-83.87623200001369,37.04783100004193],[-83.8742200001527,37.053325000086325],[-83.87131500033912,37.05491900002793],[-83.87137100041562,37.057920999905015],[-83.87634499999157,37.0626839998984],[-83.8847389999402,37.061881999680345],[-83.88422599992921,37.066793000276355],[-83.88788200030346,37.0748260003186],[-83.88584199995508,37.077400999841636],[-83.88044300023168,37.07758499972252],[-83.87491999976143,37.08262600018605],[-83.87295800012917,37.08045700027713],[-83.86812099992225,37.08288799981943],[-83.86816299975504,37.08536900027297],[-83.86252600038029,37.09136100019911],[-83.86745599957531,37.09650800010594],[-83.86628899998634,37.099536000171305],[-83.8672299996195,37.10124400024142],[-83.86534199960708,37.10388400028081],[-83.8726929998153,37.1080000002326],[-83.87542000025195,37.107181999671475],[-83.88328500029606,37.10929000033934],[-83.8839149995846,37.11147000021312],[-83.88095500041776,37.11399900016426],[-83.88601100000947,37.11890100034629],[-83.89541000006368,37.11558799979825],[-83.89871800028337,37.11169399979681],[-83.9038819998301,37.11047299967638],[-83.90959600009607,37.11282999986741],[-83.91474799994725,37.11290099975371],[-83.91940900042705,37.109784999728234],[-83.92540499982702,37.1117680001917],[-83.9350330002101,37.12144099983153],[-83.93291900024185,37.128545000277434],[-83.93566900024472,37.13211700003752],[-83.93524400009728,37.13452700009883],[-83.94216900033314,37.14212899985849],[-83.9427850002763,37.14529500026362],[-83.95724400012017,37.16036399981437],[-83.9689050002806,37.16742499999185],[-83.96881599969383,37.175059999715856],[-83.95614199993021,37.181594000189016],[-83.95395000014418,37.184089999905936],[-83.95429300027587,37.18784099989568],[-83.94748199984281,37.19093000019162],[-83.95048299991583,37.19327999990407],[-83.94746699977418,37.20034100011331],[-83.9433619998614,37.19999799987954],[-83.94075999999653,37.20327599997879],[-83.94371800041185,37.25055100000309],[-84.00560599999672,37.253342999880395],[-84.04472600017786,37.267737000255416],[-84.04647100007514,37.26664300032602],[-84.05647699985167,37.26976200012648],[-84.05609100006228,37.276041999872504],[-84.04845500034703,37.28180200010289],[-84.0593859998632,37.28570499969668],[-84.06385900002202,37.28328400010354],[-84.06550000016225,37.28754399996507],[-84.0685609996114,37.28515599988191],[-84.07444700030483,37.2848910000873],[-84.07830600017034,37.282120999875225],[-84.07893399980905,37.28323300018763],[-84.0756270003126,37.28707600011913],[-84.0802679998026,37.28946099976721],[-84.08071899988931,37.291513999788876],[-84.08336299958697,37.29250400019606],[-84.08798300005888,37.291087000289345],[-84.08852700003202,37.29473799972461],[-84.09407700026645,37.29673499987251],[-84.09595100003517,37.29999400015101],[-84.10104699980984,37.2989629997752],[-84.09960200038653,37.303828000259756],[-84.10306700006674,37.30487400001457],[-84.10386200011004,37.30720500023701],[-84.10725399999532,37.30807200009257],[-84.10847199963791,37.310170000158884],[-84.09525200025134,37.3122739996682],[-84.09432599978848,37.3140160000929],[-84.09897700022255,37.316536000053986],[-84.10710099983444,37.315864999770334],[-84.10638899963182,37.31928999993469],[-84.10926500003137,37.32333599984991],[-84.10806900013009,37.326554000270775],[-84.1136310000601,37.32900100024233],[-84.11871099994124,37.33555599968076],[-84.12816199987401,37.33417299991682],[-84.12804100039847,37.32977500009844],[-84.13486199997895,37.32591699985229],[-84.13789800021208,37.319759000252645],[-84.14046599974175,37.32107199983288],[-84.14206300039935,37.32531599990721],[-84.14560300042262,37.32677100022419],[-84.14436800016328,37.33074900020753],[-84.13617400023121,37.32985499984853],[-84.13510200017846,37.33361299992184],[-84.141918999561,37.34029600001936],[-84.14065200041291,37.34410800011339],[-84.14230400042378,37.34517799989437],[-84.1351320003157,37.34301699970911],[-84.13282300035381,37.34890600009223],[-84.13496300026131,37.3502629999596],[-84.14131799968645,37.34983299992721],[-84.14292799986453,37.35261999977079],[-84.12913000016964,37.35783500028832],[-84.13095200005982,37.361312000081185],[-84.13562600006011,37.36436699986566],[-84.13444100002948,37.36642200018331],[-84.13590399989447,37.367607000249215],[-84.14593599961024,37.36873499981887],[-84.15668700009967,37.37486899988003],[-84.15757699967921,37.37735899975707],[-84.16312600008872,37.38121600031739],[-84.1666169997082,37.38110600012823],[-84.16668600020348,37.383666999978686],[-84.1694810004122,37.38540599997425],[-84.16928600041852,37.39692400015863],[-84.16394899972111,37.40447200011597],[-84.16325400013524,37.41076899975533],[-84.16068099968439,37.41293099976011],[-84.15928499976656,37.417368999857274],[-84.16954699963611,37.42622499966956],[-84.16895199960938,37.4300019996725],[-84.17566699978295,37.436503000335804],[-84.17691000043821,37.44012699993087],[-84.17523900016077,37.4413810000125],[-84.18304300010551,37.44542600020278],[-84.18437499955093,37.44808899982597],[-84.18282100034767,37.45477899967794],[-84.18925600013877,37.4568420001985],[-84.18895800021295,37.46063100025244],[-84.19076699968431,37.464954000237135],[-84.19301899974481,37.4663799996882],[-84.19598899985571,37.47742799997333],[-84.20375400034071,37.48666399972631],[-84.20392099984697,37.49084199966327],[-84.20002500017154,37.49524200017912],[-84.20346700028553,37.49856999973396],[-84.20529800039655,37.50333499968919],[-84.20415199982565,37.511563999929876],[-84.19820800030423,37.51530699972415],[-84.199488999696,37.52285799988215],[-84.21220000016787,37.52397499988481],[-84.21521299993647,37.52568400006226],[-84.21918599960479,37.5249780002139],[-84.22370099959642,37.52726700015826],[-84.22832500026631,37.52541099970322],[-84.23491599969303,37.51970399967195],[-84.23941599961604,37.52370699969395],[-84.24824300010802,37.52486099988929],[-84.25333800005781,37.523174999737854],[-84.25547999961512,37.518351000344744],[-84.26826800007987,37.51527899993143],[-84.26998600021297,37.51967099982384],[-84.27763699999684,37.52365999972872],[-84.27966599957625,37.52279900006826],[-84.28693300011886,37.524607999881404],[-84.29219700012304,37.523073000306624],[-84.30172400022377,37.52326400021039],[-84.30253099996263,37.52999399996971],[-84.30038900040532,37.53024899991925],[-84.29827399971386,37.534879000036895],[-84.3039290004286,37.53742400005516],[-84.30706699987066,37.535118999798385],[-84.30748399962218,37.530679000290206],[-84.31362300003558,37.52817700000115],[-84.31820400014945,37.532268000137314],[-84.31729000028048,37.53467599970101],[-84.31933899995138,37.53798699965447],[-84.32324499967254,37.539109000025405],[-84.32637200014227,37.537195000331785],[-84.32995499982326,37.5395179997404],[-84.33698999966398,37.53606299986703],[-84.34462700010248,37.53987600006342],[-84.34899300013119,37.53792600021703],[-84.34879200028973,37.53424299985419],[-84.3509370002201,37.5343540002701],[-84.34997499977221,37.530470999651605],[-84.35354199955968,37.52159899980244],[-84.36089399959282,37.51573200017407],[-84.35877999962459,37.50533799994465],[-84.35431700040981,37.50221999975475],[-84.35488399994915,37.499076000123054],[-84.35752599999698,37.497208999862835],[-84.35746800027067,37.49494999969762],[-84.36189399967552,37.490441999852095],[-84.36227299979222,37.4881709996844],[-84.36634400026813,37.48609700031149],[-84.36764700029954,37.48090300028266],[-84.37043900013519,37.480084999721996],[-84.37421199978698,37.472750000042794],[-84.44671899961678,37.48589299976356],[-84.4526060001351,37.49286599979278],[-84.45613799976246,37.4916149998752],[-84.457800999644,37.492909999945695],[-84.46416699983811,37.49286199984239],[-84.47079900017101,37.496586999835536],[-84.47320299966917,37.49443999999443],[-84.61847099977194,37.59305100016053],[-84.61746400001654,37.59872399969215],[-84.6206850001976,37.60291599979841],[-84.63269199996444,37.60097399970335],[-84.64363300042467,37.61259999991481],[-84.64591899992202,37.60944599994538],[-84.64855900032003,37.6098969997263],[-84.6489509999572,37.61558499989453],[-84.65229599998682,37.61852199995595],[-84.64792599976013,37.62039399975606],[-84.64574499984475,37.62413400022376],[-84.6409469999959,37.61881399974645],[-84.63602199992545,37.62176500015549],[-84.6412080001118,37.62392000001848],[-84.64466799976915,37.63234499968176],[-84.65143599964617,37.633701000255996],[-84.65144900006496,37.63633300031989],[-84.6488959997056,37.63859999996051],[-84.65049900021098,37.64031299988431],[-84.66010400012952,37.63308000013193],[-84.65708499961482,37.632066999700584],[-84.65212199990953,37.62585600015132],[-84.65838099997353,37.61775199997538],[-84.66014400031248,37.617767000286776],[-84.66075500023275,37.62213200004648],[-84.66366099987124,37.625199999868464],[-84.66514899985056,37.62488899998038],[-84.6642430003775,37.621954000344964],[-84.66616999984967,37.61750400022262],[-84.67411199988666,37.61580400013467],[-84.67715499979249,37.6176149996949],[-84.6749150003259,37.62102199984286],[-84.67609500033365,37.623815999716186],[-84.68043799989783,37.623441999848446],[-84.6838070002169,37.62098999972197],[-84.69026399974929,37.62559500021599],[-84.69053699956078,37.62172999988319],[-84.69383800010777,37.62052199976004],[-84.69637200020057,37.617282999811934],[-84.689284999583,37.61436500003509],[-84.6882850003986,37.61250499982898],[-84.69544200043805,37.61005799970835],[-84.69609799966585,37.607723000080696],[-84.72374500000757,37.591296999960065],[-84.74698600013758,37.58561200027971],[-84.7441709998374,37.59735400012838],[-84.75537099986538,37.59609599984019],[-84.75396499990183,37.59354999981419],[-84.75624200007664,37.59208900015358],[-84.75682600023275,37.58836199995645],[-84.75285799968897,37.588540999750364],[-84.74731199965252,37.585532999760815],[-84.78368900040182,37.57662400008534],[-84.84743400003696,37.54834299978556],[-84.8980999998525,37.532112999648625],[-85.00218300020971,37.533628000332435],[-85.00240699961738,37.54853099992729],[-85.00474900008956,37.54673600028895],[-85.013108999703,37.551265999943205],[-85.01584299981232,37.54968599984837],[-85.02707499962737,37.55052699967772],[-85.03967399994623,37.545232000230776],[-85.04350799969738,37.50009399993728],[-85.04266499997351,37.46101300032285],[-85.04480700042915,37.41203799965965],[-85.04637999989897,37.413527999703945],[-85.05078500028576,37.41290900005252],[-85.05567699984593,37.41702699967828],[-85.06039500022716,37.41648999973199],[-85.06121200001175,37.418248999926725],[-85.06526500004603,37.41651899974245],[-85.06568099997263,37.41454600024549],[-85.07063100015745,37.41375000033018],[-85.07304800007438,37.41494600016094],[-85.07382800004905,37.41283799988195],[-85.0804140003512,37.40875399973058],[-85.08364800005275,37.40262599996684],[-85.08252400012147,37.40058600016065],[-85.08424899992727,37.39896900024925],[-85.09109600034533,37.397245999707145],[-85.09544899995527,37.39944799983755],[-85.10602399981927,37.39758100000535],[-85.11895799987389,37.38476599986336],[-85.12680500037466,37.38663999970477],[-85.13116200018253,37.384264999688604],[-85.13289500038424,37.37947299992598],[-85.13322400027222,37.371494000175424],[-85.13122599975664,37.36492199977678],[-85.13235300006095,37.359977999904274],[-85.13561199987682,37.35491900002619],[-85.13989599988977,37.353598999938875],[-85.14511600041135,37.33857299990571],[-85.14951900024998,37.33672399968876],[-85.15171900043191,37.33309299996383],[-85.15436200030467,37.324463000238],[-85.15701799969789,37.321385000145746],[-85.15652499977838,37.31906899985799],[-85.16517200034531,37.31064499975167]]]}},{"type":"Feature","properties":{"GEOID":"21023","NAME":"State Senate District 23","BASENAME":"23","STATE":"21","SLDU":"023"},"geometry":{"type":"Polygon","coordinates":[[[-84.62310100028964,39.07421399979033],[-84.61177499986493,38.978301000313614],[-84.60497799967558,38.97669400027071],[-84.5930029996958,38.977329999844166],[-84.59066100012194,38.98070699980836],[-84.58564700036302,38.98014999989148],[-84.57782199960357,38.97309800027694],[-84.56600599963244,38.978417000137405],[-84.56039799967166,38.979322000202565],[-84.54911900000097,38.97498000026231],[-84.54328699973424,38.976107000164355],[-84.54060200002871,38.97988900029831],[-84.53929099960136,38.97800500014293],[-84.54138200000338,38.974955000048176],[-84.53778099988072,38.97350000003467],[-84.53627000033516,38.970788000002145],[-84.53214299978274,38.9715199999863],[-84.5294649997499,38.97020199996283],[-84.53024300007476,38.96530900006787],[-84.52747399980534,38.966186999820444],[-84.52412100027811,38.96469700024801],[-84.51519400022701,38.96856899999257],[-84.50307299975904,38.97046399976924],[-84.50374499977868,38.96591599992582],[-84.49966199960718,38.962094000212474],[-84.49525000044603,38.96081699979708],[-84.48937299997345,38.96368899986647],[-84.48202299959013,38.96459400025159],[-84.47754699995656,38.96865899989769],[-84.47702399989983,38.96628100000823],[-84.47414500002554,38.96567399978548],[-84.47312499985135,38.95961200014464],[-84.47656500031552,38.959407000169755],[-84.47895200009522,38.95533599990118],[-84.477683000399,38.9547190002033],[-84.47913200002029,38.95145000002409],[-84.47617100013022,38.95051899995472],[-84.47703999979336,38.9485729998218],[-84.47006600005201,38.946902000117845],[-84.46388200033107,38.95202000016161],[-84.46175499994405,38.949448000292364],[-84.44740099968215,38.95051400000237],[-84.44301200008722,38.95535999971293],[-84.43881799958764,38.96480899987071],[-84.4286960003585,38.97464100001453],[-84.42728500037204,38.98086299983712],[-84.43636200021098,38.98535499973027],[-84.4460089999623,38.980594000199574],[-84.45019300041615,38.975635000215085],[-84.45413500012232,38.96576099999173],[-84.45933200017933,38.96528900023951],[-84.46468300022214,38.96878800002789],[-84.4665660002117,38.973285000255245],[-84.4648210003144,38.980169999713596],[-84.45166399977873,38.99247099996994],[-84.45061600001544,38.99641599976511],[-84.4540279999922,38.99989199987019],[-84.46205899971767,39.00362600015766],[-84.47421899964539,39.005060000120075],[-84.4811460004294,39.012999000181715],[-84.48524499959609,39.01539799984175],[-84.48920499974396,39.02121900011838],[-84.48989000018238,39.03155999970785],[-84.48522000038005,39.04101599986454],[-84.49761200011137,39.05631099986552],[-84.49335700041074,39.0718470000505],[-84.49855500029265,39.078089000234016],[-84.50955699995393,39.07629100014638],[-84.50863100038939,39.077745999661964],[-84.51072000024325,39.08583800012598],[-84.51390700008912,39.0853569998044],[-84.51508299989892,39.08974200026914],[-84.50486799988502,39.091788999699794],[-84.50337900008078,39.09088200012537],[-84.5061609998707,39.09517700024194],[-84.52377200029864,39.09227199968375],[-84.54066300012806,39.099100999666504],[-84.55007600042597,39.09968499971535],[-84.5538869997126,39.098284999938706],[-84.56349500000417,39.08835999989398],[-84.57326399995422,39.0819409996941],[-84.59489099970821,39.07731499988701],[-84.60385000044468,39.07372700003683],[-84.62310100028964,39.07421399979033]]]}},{"type":"Feature","properties":{"GEOID":"21024","NAME":"State Senate District 24","BASENAME":"24","STATE":"21","SLDU":"024"},"geometry":{"type":"Polygon","coordinates":[[[-84.53228800044602,38.79193700028078],[-84.49631499992775,38.62500499987753],[-84.47629900017674,38.54272300027389],[-84.47218800041614,38.54399000034493],[-84.47002500004412,38.53850600012079],[-84.46529699961717,38.53568200030478],[-84.46257000007884,38.534858000141675],[-84.45817499973779,38.53655500030658],[-84.45614199996042,38.53485299980996],[-84.45724300032548,38.5319889999229],[-84.4557460001253,38.53096099979264],[-84.44832700014503,38.53322400029474],[-84.44855599957556,38.529422000171344],[-84.44599100041896,38.53249700035052],[-84.44851799994073,38.53518700026249],[-84.44795700024916,38.536838000172686],[-84.43509099996662,38.536637999868724],[-84.43346599971993,38.53368299977523],[-84.43222299996299,38.539700999687355],[-84.42701000001243,38.53892900013052],[-84.42290199972658,38.542559999797724],[-84.41937699977191,38.54249500031085],[-84.42134500015027,38.54552099994445],[-84.4262400000835,38.54507500012004],[-84.42784199986566,38.54630399995082],[-84.42443999993462,38.550044999943076],[-84.42107900001149,38.55023199973072],[-84.42030599970951,38.55171099982053],[-84.4255150003604,38.55526299994968],[-84.42646100001645,38.55771599969101],[-84.41830999974205,38.55722100026631],[-84.41064600043771,38.5657190000177],[-84.40366699977515,38.56493000017712],[-84.40032099992064,38.56060299991103],[-84.20534600007711,38.58203900006457],[-84.20167700018241,38.57063100005712],[-84.20217599994969,38.56615099972429],[-84.20466599966156,38.563750999943416],[-84.21443999963448,38.56281299985953],[-84.21768000008211,38.55998000023189],[-84.21562499966512,38.55497600023733],[-84.2107299997319,38.550485000198314],[-84.20079400027555,38.55044999985347],[-84.19331699967064,38.55359199975351],[-84.18987499955666,38.55254499971571],[-84.17963299977859,38.55844799982171],[-84.17261600037952,38.55742100023139],[-84.16809700018995,38.55900699970941],[-84.16252000019132,38.55583999975669],[-84.16203099957146,38.554124999937834],[-84.15591899982056,38.55413399966844],[-84.15376300001951,38.55095099985419],[-84.14636499995567,38.549802000025956],[-84.13620299964519,38.554054000306145],[-84.13554599969416,38.55705199982695],[-84.12232899978234,38.56357499990966],[-84.12481299964642,38.56846499968773],[-84.12192999957416,38.570348999873424],[-84.11472200037939,38.57085199980357],[-84.10923300024433,38.57593300006799],[-84.10803899999287,38.579791000030816],[-84.10242199981128,38.581143000017576],[-84.10509300017142,38.585053000204454],[-84.10447700022826,38.58628799991867],[-84.09636799978668,38.58837600005468],[-84.09520899969533,38.59198200034956],[-84.09076900004676,38.59544000031325],[-84.08301000030785,38.59808899971722],[-84.08233400009024,38.60034699977661],[-84.08500899975004,38.606455000331486],[-84.0837459999016,38.608594000143384],[-84.07875700025704,38.60456799986835],[-84.07798099958201,38.59833700006832],[-84.07440799994677,38.59863599969772],[-84.06861400021317,38.60394100018907],[-84.0659760003633,38.60237500007466],[-84.0677990000784,38.59972699991135],[-84.06721999994517,38.59775699964962],[-84.05949999966602,38.59889599991974],[-84.05847199999423,38.59740700030102],[-84.06093900013987,38.59278399988583],[-84.0582960002671,38.59137499990074],[-84.05345700041039,38.59588399978046],[-84.05510299967516,38.59907900002165],[-84.05025200012285,38.60259200028265],[-84.04543500000743,38.60064100019145],[-84.04441900003121,38.596151999749026],[-84.04585400030709,38.59441300007293],[-84.05065399980577,38.59438100016098],[-84.05244200025908,38.59252499981913],[-84.05182100029306,38.59108199999682],[-84.04818400018539,38.590692000038175],[-84.0372510001211,38.596277000343136],[-84.03290699983367,38.5961160001048],[-84.03187199959089,38.594905000170776],[-84.03503400022072,38.593702000049085],[-84.03193199986534,38.59062400028216],[-84.03369500020429,38.582946999680715],[-84.02839199984204,38.582398000304295],[-84.02356899987885,38.58386100013589],[-84.02553899990703,38.59090200011707],[-84.01969599976964,38.59482599965312],[-84.01570100036,38.58995300004219],[-84.02047400009448,38.585714999903],[-84.01927999984302,38.58421999969436],[-84.00970400023682,38.584497999746844],[-84.00668300007229,38.589317000242765],[-84.00467799988402,38.58977099971009],[-84.00108199978423,38.5889400003176],[-83.99893600002896,38.58419099998053],[-83.99676699980915,38.58333399971225],[-83.99336700042626,38.58700299994973],[-83.99303799963998,38.592675000221035],[-83.9039010000967,38.76818200016395],[-83.92814300013433,38.771972999676485],[-83.92614299996892,38.77383399967829],[-83.94320700005069,38.783175999799475],[-83.96236699965903,38.787521000045665],[-83.97809500009743,38.78736300013092],[-84.04375299985935,38.770670000089716],[-84.07077900023504,38.770413999805214],[-84.09246000041568,38.7744219997931],[-84.14721199987748,38.792861000081615],[-84.19800400008972,38.80090099981325],[-84.21311499986176,38.80583500031143],[-84.22529800025401,38.817461000338355],[-84.23186399956639,38.83271999992358],[-84.23370300007329,38.85402399986224],[-84.23156700036375,38.87251300014922],[-84.23433999993286,38.893265000060666],[-84.25703899973956,38.922649000053106],[-84.26044499986853,38.92471500024908],[-84.28877699975037,38.95564399966273],[-84.29579599969756,38.96920899978208],[-84.29773200028887,38.989742999896514],[-84.30607400035895,39.00775300028295],[-84.31383499974768,39.01658800030154],[-84.3266199998394,39.02726199986142],[-84.3475989998632,39.03758000020145],[-84.36072100023877,39.04156699965513],[-84.37691300028436,39.04416300003016],[-84.40805399972028,39.04593399967382],[-84.42638900004641,39.05313400010749],[-84.42856400011401,39.05557900015252],[-84.42386800037241,39.052860000008316],[-84.43056099990638,39.058739999902286],[-84.432731999776,39.066833999870795],[-84.43371799961501,39.08422499991152],[-84.43546500006042,39.08703299972403],[-84.43373500023176,39.09491899988838],[-84.43538800006753,39.10088500010411],[-84.44068499968365,39.10926500015106],[-84.44756600043692,39.11615999978458],[-84.45324399981956,39.1195190003094],[-84.46356400031377,39.121983000165145],[-84.47167700005498,39.12146600020223],[-84.48214599961378,39.116431999842455],[-84.48849199971642,39.110698000174686],[-84.49394800023953,39.10289600030648],[-84.5061609998707,39.09517700024194],[-84.50337900008078,39.09088200012537],[-84.50486799988502,39.091788999699794],[-84.51508299989892,39.08974200026914],[-84.51390700008912,39.0853569998044],[-84.51072000024325,39.08583800012598],[-84.50863100038939,39.077745999661964],[-84.50955699995393,39.07629100014638],[-84.49855500029265,39.078089000234016],[-84.49335700041074,39.0718470000505],[-84.49761200011137,39.05631099986552],[-84.48522000038005,39.04101599986454],[-84.49004900019104,39.03074700033449],[-84.48920499974396,39.02121900011838],[-84.48524499959609,39.01539799984175],[-84.47333300026382,39.00451000018563],[-84.46205899971767,39.00362600015766],[-84.4540279999922,38.99989199987019],[-84.45061600001544,38.99641599976511],[-84.45100900037582,38.99322199974664],[-84.46488200041378,38.980042000056095],[-84.4665660002117,38.973285000255245],[-84.46409700041623,38.968032000044495],[-84.45933200017933,38.96528900023951],[-84.45413500012232,38.96576099999173],[-84.44954700033577,38.976554000111385],[-84.44036800038958,38.98442099988287],[-84.43419100034134,38.98508599970317],[-84.42707000028689,38.98045700003035],[-84.4286960003585,38.97464100001453],[-84.43881799958764,38.96480899987071],[-84.44301200008722,38.95535999971293],[-84.44649699985892,38.95124300008965],[-84.44941199971824,38.949868999699305],[-84.4620889998549,38.94938400032787],[-84.46346499968125,38.94790999967241],[-84.46011499962876,38.9388719998112],[-84.45189899995536,38.92898099974933],[-84.44814600039504,38.91974500004721],[-84.44390099984186,38.91590400003118],[-84.44463099958782,38.91173600005592],[-84.4389120001973,38.90488000006743],[-84.43950600039913,38.897634999687405],[-84.44493299971161,38.880550999977594],[-84.45270900006727,38.86629200029946],[-84.44943299963462,38.861286999710536],[-84.46340000028222,38.85205899990202],[-84.46382200005662,38.85032600010115],[-84.45311099975017,38.83803800013755],[-84.45333400023125,38.82735699988747],[-84.45077400019919,38.81952599998218],[-84.44751399966007,38.81733699966879],[-84.44358000034981,38.81721099980581],[-84.43586199972047,38.826861999812344],[-84.43031200038435,38.8285510001984],[-84.4271480001047,38.827918999815914],[-84.42160899974093,38.82393100005917],[-84.41744000025402,38.81293300001462],[-84.41784699995978,38.810649000037756],[-84.42102499958482,38.80850699981517],[-84.41817599984776,38.806619999976085],[-84.53228800044602,38.79193700028078]]]}},{"type":"Feature","properties":{"GEOID":"21025","NAME":"State Senate District 25","BASENAME":"25","STATE":"21","SLDU":"025"},"geometry":{"type":"Polygon","coordinates":[[[-84.67396399974866,36.739541999969966],[-84.77845399981166,36.60328999977212],[-84.54047399998218,36.5963040000978],[-84.44889600023251,36.59621099973322],[-84.27154500033743,36.59170299993577],[-84.10216099969536,36.59131600001292],[-83.9307619997176,36.587691000239694],[-83.92833700030307,36.597954000306125],[-83.92491699993039,36.60028300010318],[-83.92549699988854,36.60499500022986],[-83.93150999990524,36.614330999676454],[-83.93394000024097,36.61577499970278],[-83.93242299994932,36.61888499980546],[-83.93839400013323,36.62360600019258],[-83.94067899980568,36.62807099985915],[-83.94859300025361,36.63151399991494],[-83.95067700008458,36.635703999986305],[-83.95429599975058,36.636790000113805],[-83.95421600028295,36.64073299964245],[-83.9572740002574,36.64220400028342],[-83.95631900038053,36.645433000175224],[-83.94898499989077,36.65057899981969],[-83.9384910002176,36.6537229996499],[-83.92507599993905,36.660844999679],[-83.91702099992413,36.661278999782475],[-83.90250400035396,36.66977700028245],[-83.87861499959541,36.680334999716116],[-83.87750300025803,36.68725899974342],[-83.87982899993835,36.6905899996567],[-83.87729400002064,36.69488800030361],[-83.87164800042507,36.69935599996095],[-83.87388000039408,36.70580999992958],[-83.86849300036626,36.71328800002469],[-83.86551999988231,36.71471699983804],[-83.85482399964448,36.70536599974093],[-83.84615900043252,36.70811999969534],[-83.84091100032187,36.711985999789086],[-83.83742499982696,36.71878700001273],[-83.83326300001275,36.719554999680525],[-83.8301709997031,36.72329499976399],[-83.83335300042442,36.726401000148186],[-83.8298739996022,36.731793999990025],[-83.83234800031886,36.7346599998572],[-83.8305149996597,36.73636699973548],[-83.8290359999012,36.74334000034649],[-83.81945600009702,36.74351900012435],[-83.80922000016673,36.747991999648264],[-83.80891100037024,36.7537819997631],[-83.811069999646,36.75737499968309],[-83.80830100027488,36.76202599981961],[-83.79971300015748,36.765744000005704],[-83.79955800034679,36.769263999878966],[-83.79630299983057,36.77259000012382],[-83.79648399958052,36.78343400011528],[-83.79824799974439,36.78519700022955],[-83.7864510000398,36.80051900025929],[-83.78136199993783,36.80280999999345],[-83.77577599971839,36.798120999809726],[-83.76753199955759,36.80303800008557],[-83.76414499969518,36.80206700023546],[-83.75226500014993,36.80531800035417],[-83.75266400035811,36.80264800006441],[-83.7555139999201,36.800408000008034],[-83.74638799967735,36.800294000088016],[-83.74375999987323,36.7964530000144],[-83.738688000388,36.80072000024647],[-83.73936899973016,36.80361499985089],[-83.73773099996299,36.8091440001909],[-83.7270099996108,36.81460699987955],[-83.72155800018399,36.82051199998582],[-83.71473699970518,36.820552999685106],[-83.7131600000374,36.82360000027995],[-83.7101690000101,36.82468399978167],[-83.70754500040395,36.82957900026713],[-83.70902099978939,36.83487900010808],[-83.70584599963911,36.83613400009279],[-83.69887400044588,36.834575999845754],[-83.68794300003141,36.835459999676594],[-83.69178699982831,36.83921199995814],[-83.68911800001631,36.84319500002937],[-83.68898300029709,36.847609000268285],[-83.68517600031012,36.84935699997276],[-83.68258699996572,36.85487500035529],[-83.66638400004949,36.85702100017018],[-83.6643780000363,36.8607489996864],[-83.66496300001731,36.86338599990793],[-83.66326999999855,36.86424799986802],[-83.65162499973165,36.86263399982655],[-83.64240700032572,36.86624599983039],[-83.64381099974116,36.8710720002558],[-83.64047099973442,36.875071000075536],[-83.64307000012452,36.87937699984527],[-83.6348100000702,36.886674000215706],[-83.62972900036415,36.88837000029228],[-83.62585700007983,36.884666999895494],[-83.62019700024054,36.8841909998988],[-83.61335400002045,36.89360600018456],[-83.6126119996806,36.89755500026009],[-83.60474400016174,36.89685800025975],[-83.60005000006998,36.901012000110505],[-83.5964890001303,36.89899299981497],[-83.58803599973213,36.9057469997951],[-83.58524100042173,36.90557599972593],[-83.5838949998343,36.90362400006659],[-83.5810939997778,36.90466700003236],[-83.58051800001765,36.908431999796946],[-83.57407200035588,36.91379700034821],[-83.57577799989511,36.92245099970463],[-83.57172700040898,36.92802899967089],[-83.56761400010025,36.92845699982578],[-83.56614200001444,36.93152500009146],[-83.57018800037602,36.9350279997427],[-83.56982400032796,36.93953099992547],[-83.57341899970451,36.940470999644894],[-83.57863900022606,36.937830999689474],[-83.58034800013833,36.941066999695806],[-83.58398799972072,36.94135499975077],[-83.58750199980474,36.94941900011849],[-83.5906800003281,36.95155300002159],[-83.58952100023673,36.955786000041854],[-83.53084700026191,36.9430379996865],[-83.52106300024325,36.937585999732434],[-83.50908300024058,36.93850900023573],[-83.52303699957108,36.99848700028232],[-83.51930499992717,37.001074999666244],[-83.51644399959622,37.0006609998082],[-83.51134299979869,37.003078999759516],[-83.51301800027407,37.0054280002938],[-83.51153299976947,37.00836399986375],[-83.51606000035497,37.01083399970814],[-83.51632999979341,37.016309000027455],[-83.51965800010458,37.02008899987805],[-83.52648100023319,37.02147200004],[-83.52688200009119,37.02579699986541],[-83.53042899978718,37.0282709999614],[-83.5330559997664,37.036235999871636],[-83.54072099979396,37.03589900027469],[-83.54034000002746,37.038363999856855],[-83.53677700043795,37.042092999933324],[-83.54477499965314,37.0415469996555],[-83.54738499991392,37.04296799986546],[-83.54580900007105,37.04848900020691],[-83.54153199973078,37.04760899990448],[-83.53904899969162,37.05057499987692],[-83.54135900037673,37.05243600029564],[-83.54162999964008,37.054891999835455],[-83.53880600001737,37.05812800004083],[-83.54169099973943,37.061131999849096],[-83.53843399957337,37.06763800029362],[-83.54522099971697,37.08034000006138],[-83.55310099982971,37.079281000001906],[-83.53528400043575,37.10309599971069],[-83.55123700010674,37.119056000286115],[-83.55130300022898,37.1675099999373],[-83.50511300004699,37.20421300024053],[-83.52892200043958,37.23125899978021],[-83.50788599961606,37.23587700009323],[-83.51137799995878,37.24226400027222],[-83.50964899995502,37.24793899986865],[-83.512766000379,37.25145699995232],[-83.51126300033106,37.25507299992534],[-83.5159280001105,37.25677500031121],[-83.52125800023693,37.25535299977653],[-83.52923000041115,37.26137199987114],[-83.52151299960673,37.26440900034452],[-83.52421099973104,37.26822999988174],[-83.52125400003897,37.27291300008181],[-83.52204499988429,37.27452400008113],[-83.5241780001191,37.27515899981291],[-83.52596200037443,37.27295700010129],[-83.52891499986858,37.27533500020437],[-83.531760000306,37.274880000006185],[-83.53428199980489,37.280164000157555],[-83.53770100035268,37.28123699969529],[-83.53700400021867,37.286043000159125],[-83.5467289997878,37.28385700023104],[-83.54813999977424,37.286096000096066],[-83.55177699988191,37.28721799975079],[-83.54973700043183,37.29109799978467],[-83.55125300000026,37.292516000004134],[-83.54769600025854,37.29629399985014],[-83.54989200024254,37.29852900017419],[-83.54764600002983,37.30228100015291],[-83.54940199979778,37.30668699968401],[-83.553895999873,37.30610200001734],[-83.55331699973978,37.30985499972166],[-83.54913099963612,37.311042000058734],[-83.5498410001889,37.31372699980826],[-83.54549299970354,37.31658899993938],[-83.54851899989093,37.31795400005758],[-83.5471020000567,37.32392700032426],[-83.55180299982116,37.32698099983593],[-83.55169599969105,37.33276000016188],[-83.54321499970379,37.33683200009052],[-83.54155199982227,37.3467929996626],[-83.53405900022216,37.352794999845244],[-83.54029499982161,37.356177999750415],[-83.54239399972123,37.36097899974389],[-83.54524800037949,37.36188700024262],[-83.54505800040867,37.36507500025772],[-83.54284599963283,37.36763199967847],[-83.54873200032625,37.37153199996305],[-83.54822799963779,37.376294999698395],[-83.54986999960292,37.378226000254706],[-83.54175400038694,37.38327899969763],[-83.5440819997171,37.384708000232465],[-83.5429410000674,37.3885180003504],[-83.54618800018773,37.388332999787046],[-83.54920099995631,37.39414200027923],[-83.54585500010178,37.39867299986109],[-83.54165499975441,37.398726000296165],[-83.54102899976553,37.40458200027401],[-83.53859199975712,37.406695000247964],[-83.54046300005109,37.41101399992251],[-83.53566299965412,37.41298400009935],[-83.53428099998,37.41740899979287],[-83.53578400002795,37.419741999885275],[-83.53908100037698,37.417473000073464],[-83.54358600032286,37.42020499971359],[-83.54471399955378,37.42231300025155],[-83.54330500011548,37.42560499991823],[-83.5524880002596,37.4330379999365],[-83.55106200020457,37.43636599988183],[-83.55456899971756,37.438394000250454],[-83.55077099995141,37.44475199989068],[-83.54662000000786,37.445051999710685],[-83.54546699976426,37.44698300022666],[-83.54985899973225,37.44942199988933],[-83.55505300031454,37.46036500027533],[-83.55253900031325,37.46321700014351],[-83.54906000038933,37.46273199966362],[-83.5477010002814,37.46400100006885],[-83.55529500016388,37.46847400005399],[-83.55766100002718,37.467885000266904],[-83.56121699994398,37.47254699967373],[-83.56284100036575,37.47034399998611],[-83.56491599997592,37.47099999991835],[-83.56613399961853,37.473132000218705],[-83.56462600044603,37.475353999662346],[-83.56928799985243,37.47705200013797],[-83.56966799979402,37.480494000052396],[-83.567800999698,37.48109899975117],[-83.56784500007893,37.48312599975504],[-83.57061199980024,37.484750999840195],[-83.57104199997055,37.48914899983334],[-83.57608500004177,37.492692000327196],[-83.57981800040892,37.49308600029818],[-83.58017400006106,37.496428000298806],[-83.57647800040218,37.50044800034768],[-83.57833100025448,37.505872999659175],[-83.5823800000908,37.50361499990425],[-83.58957300011525,37.50609999971293],[-83.5906669999093,37.509359000347686],[-83.60053499959355,37.51261700006294],[-83.60432400003718,37.51172800011325],[-83.60762399986095,37.51483600028606],[-83.6101410002353,37.51406899997239],[-83.61027699977944,37.510449000335775],[-83.61349799996049,37.50880400020692],[-83.61866200040555,37.51110399969999],[-83.62238099963066,37.51077500004591],[-83.61846599968865,37.52100699964869],[-83.61976899972007,37.52193300031744],[-83.62294800006832,37.520650999889405],[-83.62700399957733,37.52264899993278],[-83.62818600013321,37.52932400009646],[-83.63077999960215,37.5313389996817],[-83.62931599991228,37.533739000238974],[-83.63026400011644,37.537336000197996],[-83.63479500000159,37.537873000081404],[-83.63570600039584,37.54001100014884],[-83.63980200008781,37.53924299999627],[-83.64237499964034,37.54139499994269],[-83.64594800017392,37.53856200033092],[-83.64802500033223,37.54016200033991],[-83.6574369999069,37.53658799971231],[-83.66262999976595,37.531368000043436],[-83.66650000040045,37.52419999989446],[-83.68043899966231,37.511984000235316],[-83.70172099963482,37.50770500018894],[-83.7324589995629,37.521088999740805],[-83.73861300004492,37.51754699969311],[-83.74504899966095,37.50812699968443],[-83.74324600003735,37.50534900010793],[-83.74298400009653,37.494253000323496],[-83.82401299992145,37.48724600005824],[-83.82417399957994,37.488896999978806],[-83.8293399996748,37.486820999953814],[-83.8349560000315,37.49207799972777],[-83.84161599995348,37.49205399976898],[-83.84669800038277,37.49600600024539],[-83.85178800030967,37.495626000021424],[-83.85209299990821,37.49772199966728],[-83.85626499976816,37.49848199965711],[-83.8573090002318,37.50106899969475],[-83.86481799972545,37.5021850002894],[-83.86680799984511,37.50508299965726],[-83.86746499979614,37.51191399975472],[-83.86630499987987,37.51364999970844],[-83.8753969997874,37.5162439998606],[-83.8816769997678,37.51585399967498],[-83.88526199999694,37.51768799965213],[-83.89310000027687,37.52658300009876],[-83.89351399965533,37.5311190000585],[-83.90026499981394,37.53579499965267],[-83.90556999982599,37.54285599991314],[-83.93984600012756,37.57317300000987],[-83.9652439998835,37.581421000152034],[-83.99351200019123,37.57341799988792],[-84.0450230002788,37.563572999647555],[-84.09036399999081,37.5662269996765],[-84.14206300039935,37.56483899988768],[-84.17183600040485,37.55754899985677],[-84.20004400043811,37.522006999764166],[-84.19820800030423,37.51530699972415],[-84.20415199982565,37.511563999929876],[-84.20530599989414,37.50306200023217],[-84.20005399958553,37.494687999826716],[-84.20378100010488,37.49108900002717],[-84.20405800011433,37.487858000351714],[-84.19598899985571,37.47742799997333],[-84.19301899974481,37.4663799996882],[-84.19076699968431,37.464954000237135],[-84.18895800021295,37.46063100025244],[-84.18925600013877,37.4568420001985],[-84.18282100034767,37.45477899967794],[-84.18398999958647,37.44690800000233],[-84.17753999972676,37.44151699988326],[-84.17523900016077,37.4413810000125],[-84.17691000043821,37.44012699993087],[-84.17566699978295,37.436503000335804],[-84.16895199960938,37.4300019996725],[-84.16954699963611,37.42622499966956],[-84.15928499976656,37.417368999857274],[-84.16068099968439,37.41293099976011],[-84.16325400013524,37.41076899975533],[-84.16394899972111,37.40447200011597],[-84.16928600041852,37.39692400015863],[-84.1694810004122,37.38540599997425],[-84.16668600020348,37.383666999978686],[-84.1666169997082,37.38110600012823],[-84.16312600008872,37.38121600031739],[-84.15757699967921,37.37735899975707],[-84.15668700009967,37.37486899988003],[-84.14593599961024,37.36873499981887],[-84.13590399989447,37.367607000249215],[-84.13444100002948,37.36642200018331],[-84.13562600006011,37.36436699986566],[-84.12937600021694,37.35861100003241],[-84.12960200017274,37.35687699974587],[-84.14292799986453,37.35261999977079],[-84.14131799968645,37.34983299992721],[-84.13496300026131,37.3502629999596],[-84.13282300035381,37.34890600009223],[-84.1351320003157,37.34301699970911],[-84.14230400042378,37.34517799989437],[-84.14065200041291,37.34410800011339],[-84.141918999561,37.34029600001936],[-84.13510200017846,37.33361299992184],[-84.13617400023121,37.32985499984853],[-84.14436800016328,37.33074900020753],[-84.14586000034058,37.327112999964974],[-84.14206300039935,37.32531599990721],[-84.14046599974175,37.32107199983288],[-84.13789800021208,37.319759000252645],[-84.13486199997895,37.32591699985229],[-84.12804100039847,37.32977500009844],[-84.12816199987401,37.33417299991682],[-84.11871099994124,37.33555599968076],[-84.1136310000601,37.32900100024233],[-84.10806900013009,37.326554000270775],[-84.10926500003137,37.32333599984991],[-84.10638899963182,37.31928999993469],[-84.10710099983444,37.315864999770334],[-84.09897700022255,37.316536000053986],[-84.09432599978848,37.3140160000929],[-84.09525200025134,37.3122739996682],[-84.10847199963791,37.310170000158884],[-84.10725399999532,37.30807200009257],[-84.10386200011004,37.30720500023701],[-84.10306700006674,37.30487400001457],[-84.09960200038653,37.303828000259756],[-84.10104699980984,37.2989629997752],[-84.09595100003517,37.29999400015101],[-84.09407700026645,37.29673499987251],[-84.08852700003202,37.29473799972461],[-84.08798300005888,37.291087000289345],[-84.08336299958697,37.29250400019606],[-84.08071899988931,37.291513999788876],[-84.0802679998026,37.28946099976721],[-84.0756270003126,37.28707600011913],[-84.07893399980905,37.28323300018763],[-84.07830600017034,37.282120999875225],[-84.07444700030483,37.2848910000873],[-84.0685609996114,37.28515599988191],[-84.06550000016225,37.28754399996507],[-84.06385900002202,37.28328400010354],[-84.0593859998632,37.28570499969668],[-84.04845500034703,37.28180200010289],[-84.05609100006228,37.276041999872504],[-84.05647699985167,37.26976200012648],[-84.04647100007514,37.26664300032602],[-84.04472600017786,37.267737000255416],[-84.00560599999672,37.253342999880395],[-83.94371800041185,37.25055100000309],[-83.94075999999653,37.20327599997879],[-83.9433619998614,37.19999799987954],[-83.94746699977418,37.20034100011331],[-83.95048299991583,37.19327999990407],[-83.94748199984281,37.19093000019162],[-83.95429300027587,37.18784099989568],[-83.95395000014418,37.184089999905936],[-83.95614199993021,37.181594000189016],[-83.96881599969383,37.175059999715856],[-83.96798700021367,37.172168999778],[-83.96957099955415,37.168875999750064],[-83.95724400012017,37.16036399981437],[-83.9427850002763,37.14529500026362],[-83.94216900033314,37.14212899985849],[-83.93524400009728,37.13452700009883],[-83.93566900024472,37.13211700003752],[-83.93291900024185,37.128545000277434],[-83.9350330002101,37.12144099983153],[-83.92540499982702,37.1117680001917],[-83.91940900042705,37.109784999728234],[-83.91474799994725,37.11290099975371],[-83.90959600009607,37.11282999986741],[-83.9038819998301,37.11047299967638],[-83.89871800028337,37.11169399979681],[-83.89541000006368,37.11558799979825],[-83.88601100000947,37.11890100034629],[-83.88095500041776,37.11399900016426],[-83.8839149995846,37.11147000021312],[-83.88328500029606,37.10929000033934],[-83.87542000025195,37.107181999671475],[-83.8726929998153,37.1080000002326],[-83.86534199960708,37.10388400028081],[-83.8672299996195,37.10124400024142],[-83.86628899998634,37.099536000171305],[-83.86745599957531,37.09650800010594],[-83.8624769999765,37.09167299991579],[-83.86816299975504,37.08536900027297],[-83.86781700014863,37.08312099965723],[-83.87261800037054,37.080474000324095],[-83.87491999976143,37.08262600018605],[-83.88044300023168,37.07758499972252],[-83.88584199995508,37.077400999841636],[-83.88788200030346,37.0748260003186],[-83.88422599992921,37.066793000276355],[-83.8847389999402,37.061881999680345],[-83.87605499956335,37.06256800020186],[-83.87137100041562,37.057920999905015],[-83.87154499959458,37.054481000259734],[-83.8742200001527,37.053325000086325],[-83.87772800038894,37.04646300028141],[-83.88466899962,37.04284000006263],[-83.89082399992695,37.04386300009727],[-83.9059160003307,37.03214299965488],[-83.90891999987848,37.03460399998966],[-83.91457700024303,37.03385000018018],[-83.91698099974117,37.03689099989533],[-83.92233599998193,37.03641299976736],[-83.92410299962053,37.030357999801176],[-83.92202600036053,37.0266129998481],[-83.92430299963708,37.02561800010053],[-83.92553000039881,37.019405000253485],[-83.92731299993092,37.01858199993928],[-83.92673100032297,37.014359999852154],[-83.9292820001342,37.01366699965273],[-83.93054900018059,37.009202999915935],[-83.93424999986236,37.00658000011296],[-83.93471699984259,37.00103700026537],[-83.93178299971672,36.99617699965419],[-83.93578100039771,36.995768999845566],[-83.94525200042195,36.98830600014504],[-83.95186499958996,36.98742600001816],[-83.95938499985257,36.97712799975198],[-83.96733600011041,36.978651999690335],[-83.97252800014458,36.97757400017884],[-83.97344399966336,36.97944100016898],[-83.97747400013141,36.97814199995025],[-83.97921300018092,36.98299600009387],[-83.99200999996818,36.97976599971882],[-83.99449899985514,36.98091600011737],[-83.99515300033144,36.984423999685184],[-84.0001920002047,36.9805980000198],[-84.00576400018045,36.98560300028672],[-84.00853500009971,36.98460000015127],[-84.00962600041902,36.987299999709855],[-84.01570700020778,36.98343600014356],[-84.02102599956521,36.98564400035074],[-84.02347000014464,36.98910499973546],[-84.02811800020567,36.98600600014972],[-84.03255600020441,36.9886699999575],[-84.03815599976924,36.98412199969797],[-84.03803600011864,36.98197800011419],[-84.04174799967107,36.97675700005703],[-84.04951900000385,36.976329999645216],[-84.05066800004946,36.977979000277784],[-84.05798099972455,36.97314499975511],[-84.06144299993001,36.976239000165414],[-84.06766500018409,36.974883000151],[-84.07659399988502,36.969809000227684],[-84.07924000013081,36.96415899984883],[-84.08642599958426,36.96193999991615],[-84.09175599971067,36.95717600004435],[-84.09136099970047,36.956037000053506],[-84.09451999995723,36.95510199983246],[-84.10185100007396,36.95431299973747],[-84.10161099987445,36.96036500013967],[-84.10311499974732,36.96382600016418],[-84.1062890000727,36.958928999836296],[-84.10910600002272,36.961384999726896],[-84.1122159998757,36.959617999655435],[-84.1113859996723,36.96384699988988],[-84.11445299986757,36.963796000340935],[-84.11747800023004,36.96603000020452],[-84.11619299974197,36.96781499999235],[-84.11813500018107,36.968716999743584],[-84.12077899987871,36.96889200015294],[-84.12237900001105,36.96472500029262],[-84.12392300006688,36.96456199987718],[-84.1247909999051,36.96603400020783],[-84.12305400040374,36.96941299985929],[-84.12471399991222,36.97030099975123],[-84.13453599956573,36.96872699975729],[-84.13630499975244,36.96014499977441],[-84.14044300017554,36.95717400016896],[-84.14530799997154,36.95631799986577],[-84.14597699961811,36.96164399969655],[-84.14250100006726,36.963658999849436],[-84.14267799961927,36.966023999840296],[-84.14551600038399,36.96760799990308],[-84.15064499977065,36.96748800004084],[-84.15187800038017,36.95543099978275],[-84.15865100028007,36.95647800014373],[-84.15856000004345,36.952885000120666],[-84.16306300033953,36.95161099994934],[-84.16084700026406,36.94773699977232],[-84.16267500000203,36.94217800008301],[-84.16440999985356,36.94192899990928],[-84.16654700028631,36.944178999718055],[-84.17422599965927,36.94030200020965],[-84.17899300044431,36.94079400012705],[-84.18225599955984,36.9391160003238],[-84.1846120002757,36.9407739999413],[-84.1855050002283,36.94511399977065],[-84.18962699985954,36.94760199995018],[-84.19565699959469,36.94752299992736],[-84.20047700008314,36.94551000015997],[-84.20462200017893,36.95189400031273],[-84.21050200012624,36.9472880002203],[-84.21665499988505,36.952304999942015],[-84.21770299964832,36.95747999987486],[-84.22206200000436,36.96033000018931],[-84.22467399991496,36.956924000256684],[-84.22501200002374,36.946316000196255],[-84.23520399957312,36.941023000299545],[-84.23539899956678,36.944391000130025],[-84.23802300007127,36.94682199964394],[-84.2376310004341,36.95112999972001],[-84.24010600007733,36.95155700006753],[-84.24610400002544,36.947101999641916],[-84.24281500007233,36.95163100016178],[-84.24534300031733,36.95543600030339],[-84.24873400037771,36.955652000085934],[-84.25254700021247,36.953581999945534],[-84.25830099976308,36.95429800010683],[-84.2544379996996,36.95845200028508],[-84.25515900012307,36.959876999893226],[-84.26071900040324,36.961232000336864],[-84.25675000003456,36.96650599983828],[-84.25555800033123,36.9711220000177],[-84.2567249999202,36.97299500022318],[-84.25867300020707,36.97239199992574],[-84.25979100029056,36.96863899987851],[-84.26437700042729,36.96683900000208],[-84.26356200029252,36.962326000263324],[-84.26779899955149,36.96058499986929],[-84.27615400004038,36.96176799966672],[-84.27758900031625,36.95638000026458],[-84.28549600019316,36.956098999963295],[-84.29339899987212,36.94763700000683],[-84.29741599992138,36.945930999910146],[-84.3019369997608,36.94660399979453],[-84.31051099963449,36.942176999948394],[-84.31601599966307,36.94257899986621],[-84.32451400026707,36.94618799986574],[-84.34587200040757,36.939495999734895],[-84.36136099957305,36.94041600032442],[-84.36726200033509,36.9444759997198],[-84.36886400011723,36.94817499965381],[-84.35988400036268,36.95428900032703],[-84.35771099994491,36.95858800017722],[-84.36259199963443,36.962245999850076],[-84.36817399965592,36.962595000004626],[-84.38657199973126,36.95149900009861],[-84.41681599991493,36.946920000334615],[-84.57815800006254,36.86713299981151],[-84.57951799999536,36.86326700026848],[-84.59105500030724,36.86286400011902],[-84.59187899976455,36.86052900005066],[-84.58625300026043,36.85073900012969],[-84.57253400020826,36.84629999987051],[-84.57383300004172,36.84428799992279],[-84.58154599974986,36.8405990003019],[-84.59154999987656,36.84001600015644],[-84.59567900007882,36.83819300028676],[-84.5821590002183,36.82599699999964],[-84.57773399974002,36.824952000153935],[-84.57757499973135,36.81895999988191],[-84.58236599990752,36.81644199994879],[-84.57933300004743,36.813978000098075],[-84.58828600003781,36.809730000269056],[-84.5865820001484,36.80637899969955],[-84.58151599961263,36.80368300010534],[-84.588236999634,36.801307999703035],[-84.5914109999594,36.80374599990637],[-84.58813500042505,36.80603199995873],[-84.59228999966827,36.80822499985938],[-84.59617299982322,36.80547500010891],[-84.59920599968329,36.808628000296835],[-84.60280099995818,36.807395999967774],[-84.5962769995803,36.79920399990744],[-84.60138900014682,36.79878100023519],[-84.6072370003071,36.80070499991135],[-84.6089200002801,36.79403100013214],[-84.61676000020985,36.795679000075346],[-84.6198759999106,36.792208000343614],[-84.62423899956627,36.793633000183284],[-84.63089199981557,36.78711300001597],[-84.63008300042691,36.78590000008937],[-84.62642700005266,36.787686000321095],[-84.62331200017682,36.78479999975271],[-84.62443199991012,36.77966499980204],[-84.63382000009368,36.779656000293436],[-84.63268699994158,36.77478299972837],[-84.63601100005478,36.77271900031334],[-84.63432800008178,36.7688999998263],[-84.64096500043756,36.77016500010286],[-84.64143400006763,36.76717100026506],[-84.64493599955775,36.76665200033979],[-84.65315399977929,36.76807000010373],[-84.65970300027152,36.76196799977864],[-84.66588799981736,36.76165699969162],[-84.66547799973854,36.75629100033713],[-84.67352799973058,36.7612600003584],[-84.67738300029643,36.75990099974776],[-84.6764719999022,36.75857000010849],[-84.67231299956272,36.75876099984153],[-84.6742750000933,36.75132599990008],[-84.6778100000937,36.75404200002755],[-84.68075699974005,36.754034000110046],[-84.67640699960488,36.75117800001084],[-84.67638200038884,36.7496520000102],[-84.67904700000287,36.74865899987323],[-84.67925100021738,36.74595199980826],[-84.67712200018053,36.7415009997454],[-84.67396399974866,36.739541999969966]]]}},{"type":"Feature","properties":{"GEOID":"21026","NAME":"State Senate District 26","BASENAME":"26","STATE":"21","SLDU":"026"},"geometry":{"type":"Polygon","coordinates":[[[-85.76057200018079,38.242612999773094],[-85.75414099968933,38.24135299985408],[-85.75466200009623,38.23839099973251],[-85.7488309996544,38.237762000299035],[-85.74921700034209,38.23551999982985],[-85.74546499970839,38.233986999648266],[-85.74461799978656,38.23887300031824],[-85.74058499984378,38.23845600008277],[-85.74084599995969,38.23694000016832],[-85.73858999970123,38.2364460001431],[-85.73782099959722,38.23835599968263],[-85.73374599982165,38.23811900011126],[-85.73464899981998,38.23929400013319],[-85.72737299995482,38.241287000217305],[-85.72878700031431,38.24308399997796],[-85.72700300005897,38.24373699971368],[-85.72800399996659,38.24501800016925],[-85.72199699979765,38.24989800032788],[-85.71817300009225,38.2489069997966],[-85.71574199993161,38.25020500032951],[-85.70783800042774,38.24762099966964],[-85.70653600022125,38.24561599974583],[-85.69845199989402,38.24489299981784],[-85.68867000042349,38.245122000111614],[-85.680596000142,38.248655999897245],[-85.6719849995601,38.24879300023926],[-85.67067700040411,38.24375699987668],[-85.66683400043213,38.24553000007655],[-85.6650150000167,38.243938000113445],[-85.65640799963272,38.24832999975989],[-85.65527600020386,38.246988000234154],[-85.65695099978095,38.246122999797],[-85.65386100001945,38.24225999984645],[-85.64821500042386,38.24406000012012],[-85.65056100019568,38.24695799991013],[-85.64527700010004,38.249598999720924],[-85.64207299963742,38.24626900001869],[-85.64771999995622,38.243469999692174],[-85.64282099982505,38.23748199982853],[-85.63530099956242,38.241465000276456],[-85.6272790000578,38.233145000338],[-85.63333800010524,38.22979099972369],[-85.63170399963774,38.22742700030063],[-85.62980599957957,38.228399999805276],[-85.62778700004591,38.22597400008736],[-85.62303000020493,38.22829699987464],[-85.62213999972708,38.227228000032426],[-85.62527899989237,38.22540899984931],[-85.62228200001732,38.22172299998482],[-85.62858600028714,38.2181479999459],[-85.62712300042217,38.21263099986037],[-85.6304480003603,38.211083999734214],[-85.62462699996422,38.20648700031573],[-85.62212999968135,38.20716000005686],[-85.61832600006741,38.20281599992005],[-85.61994100026835,38.20194000022479],[-85.60307499965499,38.19856900019319],[-85.6069679998557,38.181045000286254],[-85.609453000443,38.181081000248135],[-85.61268799996942,38.17849699993544],[-85.62290700018129,38.16752500016531],[-85.61320099998042,38.16395100005166],[-85.6131649999954,38.16065600020637],[-85.60542899982272,38.160243000250865],[-85.60485399988745,38.15573199989419],[-85.59762599970288,38.15541699990403],[-85.59844599986053,38.1511800003048],[-85.60196699961725,38.151304999865516],[-85.60230100042641,38.14765099985589],[-85.595316999741,38.14733499994237],[-85.5980480003756,38.14142499982612],[-85.60289100043029,38.13868499984131],[-85.60960300023082,38.13751999994678],[-85.60191200026397,38.13154099994787],[-85.61124799967068,38.12578300016577],[-85.64668399988851,38.11787399979511],[-85.64663000036016,38.116577000028904],[-85.64911300039932,38.116382999665845],[-85.64969699965711,38.11343999970429],[-85.65587500042857,38.113042999915386],[-85.65673999989374,38.11599500022069],[-85.67504400025774,38.11051000032745],[-85.67259200018073,38.10350499992154],[-85.65042499975326,38.10284599998461],[-85.64695000002729,38.110594000183646],[-85.62171600030287,38.11056800005339],[-85.62136300012547,38.10939400024029],[-85.61190899981968,38.10865800029478],[-85.61174899998609,38.1113610002169],[-85.60625099963019,38.11105600013983],[-85.60587800025961,38.114908000088],[-85.6023299998404,38.11660899978425],[-85.601836000096,38.122967000255834],[-85.59465700031521,38.122759000271266],[-85.5955150001077,38.12493200014099],[-85.59415799964962,38.12770199994689],[-85.58955300014463,38.13276600004227],[-85.5901420003236,38.13900099977544],[-85.58336000020286,38.14188800012581],[-85.59221799975869,38.16010300005826],[-85.598942999978,38.16490000017442],[-85.59820099963815,38.1704900001262],[-85.5851300002145,38.16869099976249],[-85.58431400025482,38.17394200009845],[-85.57659200032585,38.173558000100535],[-85.57621499985896,38.17602499996742],[-85.58556799988241,38.1832580003045],[-85.5839900003897,38.18348299964826],[-85.58405399996381,38.18594199967174],[-85.57598300005537,38.188507999746946],[-85.5743300002196,38.18639200014958],[-85.57096799957324,38.186244000154865],[-85.56847299983849,38.19234599965345],[-85.56545699969686,38.1942760002434],[-85.57601599966735,38.20306699991583],[-85.5636149997152,38.20344500011873],[-85.56059600009883,38.20167600015476],[-85.55878900027726,38.21260399994028],[-85.55354500036458,38.221681000176936],[-85.55554100033203,38.223246000295745],[-85.57617899987395,38.22287700000713],[-85.59016099969185,38.22691899976389],[-85.603230000364,38.218816000206225],[-85.60683800015936,38.21897499966361],[-85.61563299996597,38.229942999777556],[-85.61578399957871,38.234026999688055],[-85.61832199986945,38.23294399973588],[-85.62311899989339,38.2378940002678],[-85.61895000040649,38.25193599988868],[-85.62247399963793,38.2578420001792],[-85.61753299967395,38.26083800016865],[-85.60681200022007,38.261949000174255],[-85.61036399993893,38.266643000151646],[-85.60463200012961,38.26796999987435],[-85.60565499977854,38.26907699979251],[-85.60444700018168,38.269781000347415],[-85.60869500020961,38.274325999853296],[-85.6061529997209,38.275815000211644],[-85.60792100008273,38.278363999764],[-85.61293999986451,38.278201999840405],[-85.6106640004129,38.2817829998302],[-85.60861499984368,38.281873999844116],[-85.6095959996598,38.287627999814966],[-85.60914999959599,38.290512999798665],[-85.6076099997381,38.29115599994115],[-85.61076800016995,38.29200500026188],[-85.61099800032373,38.29468800021854],[-85.6133259996539,38.29352300011551],[-85.61317000001829,38.29597599991304],[-85.61648200043592,38.29567799973626],[-85.61628499989412,38.29809399975251],[-85.61932000030232,38.29778600012183],[-85.61678799985937,38.2999989998901],[-85.62779799991655,38.29559299982348],[-85.62772199974857,38.30671999976487],[-85.62255700037691,38.32152999981502],[-85.63293600042235,38.32680299993875],[-85.63115100034209,38.328635999660825],[-85.63669099963246,38.328803000270845],[-85.63884999980654,38.33116000023515],[-85.64299400007741,38.33197099974267],[-85.65125099975867,38.331553999854854],[-85.65551700022829,38.323722000322114],[-85.67022100029455,38.3082669999412],[-85.67376200014273,38.30224700013984],[-85.6799619997572,38.29758499994396],[-85.73545700028207,38.27050300015387],[-85.7295320001289,38.262926999833866],[-85.72523499969716,38.26429199974837],[-85.72413900025329,38.2622600000513],[-85.71850700000309,38.263349000149894],[-85.70969600030294,38.266810000336804],[-85.71245499962832,38.264020999865146],[-85.71051599956228,38.262320000044454],[-85.71254099984205,38.25952699984725],[-85.70165299998358,38.25830600024822],[-85.69987700012418,38.25374700011022],[-85.7191830002207,38.25363500027027],[-85.7219650000106,38.25690800023102],[-85.7261889997491,38.25512299987741],[-85.73103500017683,38.24966799991591],[-85.74028899956777,38.25201500033689],[-85.74235700040356,38.24010200007165],[-85.74639199999618,38.24052299982581],[-85.74559600012796,38.2451360002417],[-85.76004599975101,38.24620099981658],[-85.76057200018079,38.242612999773094]]]}},{"type":"Feature","properties":{"GEOID":"21028","NAME":"State Senate District 28","BASENAME":"28","STATE":"21","SLDU":"028"},"geometry":{"type":"Polygon","coordinates":[[[-84.51085900016044,38.07260500021799],[-84.50829199955736,38.06828899997894],[-84.50448299992057,38.0702650001422],[-84.50264500013687,38.064667000070465],[-84.49943099962852,38.064223000181954],[-84.50082599972141,38.060288999981864],[-84.4989729998691,38.05862300008631],[-84.49082599979268,38.063640999965294],[-84.48383199995985,38.065469000154],[-84.4768520003707,38.070954000345694],[-84.47185299978207,38.066962000332595],[-84.4635950002759,38.07104900013354],[-84.45358799977616,38.06199700004809],[-84.45341399969887,38.05873700021728],[-84.45539999962058,38.059105000309266],[-84.45301799986375,38.056830000308345],[-84.45147299998301,38.057271000006004],[-84.45272199958774,38.056560000120236],[-84.44976900009361,38.053577000270096],[-84.45611000017338,38.051063999710394],[-84.454005000426,38.047806000153145],[-84.45409499993934,38.0428959997818],[-84.41298700018666,38.04037599982205],[-84.39698099991391,38.03603999990501],[-84.39666200007167,38.032426000003845],[-84.40426900037292,38.02654299979871],[-84.40438999984845,38.02104200032722],[-84.4083080001635,38.01816900032237],[-84.40517999986886,38.013896999721545],[-84.4022549999638,38.004929999740654],[-84.40753900005949,38.00107799975303],[-84.40794999996321,37.998563999876545],[-84.39984899991754,37.996607000326684],[-84.40015500023928,37.99554699989949],[-84.40355200014744,37.98967299984356],[-84.40846600034725,37.98804300024949],[-84.4127019997813,37.9826619999439],[-84.4153610004459,37.98302399994277],[-84.41949200029796,37.979965999821104],[-84.38884800008118,37.96278099976665],[-84.38760899962388,37.952727999807394],[-84.37117700027709,37.92483899976178],[-84.37429499962768,37.92613299971173],[-84.3779579996746,37.922082999759326],[-84.37327799982653,37.912028999911634],[-84.3712480004222,37.910906000185115],[-84.3712480004222,37.90809199982508],[-84.36903499982147,37.90579699975304],[-84.36985199960606,37.90465800011039],[-84.36607300010648,37.90404100005512],[-84.36233300006666,37.901080999922996],[-84.36616900036596,37.89758900014112],[-84.34989899960424,37.887257000290546],[-84.34565800014732,37.88182299973146],[-84.34055599962653,37.882495999696104],[-84.33707900025077,37.892553999995805],[-84.33285299996413,37.895503999647794],[-84.30909299997533,37.90351899984931],[-84.2982069997667,37.90517099973628],[-84.28582099988317,37.91234600017345],[-84.27118499958898,37.91747800025379],[-84.26875500015159,37.91545200034696],[-84.27039100026893,37.9069120002077],[-84.26137700017918,37.89489000016382],[-84.26274499960961,37.88728900030863],[-84.26568999960612,37.88268500012246],[-84.26450700012364,37.87831000032338],[-84.26209900042754,37.87626299988249],[-84.25863100037428,37.87687600033658],[-84.2501639997324,37.88390099988654],[-84.23768499996245,37.887329000311645],[-84.229794999804,37.88472000033071],[-84.22191100039161,37.87199100000358],[-84.21723400001828,37.869767999951286],[-84.20536100014574,37.87012199976324],[-84.19124799990826,37.877944999812776],[-84.18522900004378,37.879314999716335],[-84.1719800003449,37.874797999809914],[-84.17014800040897,37.87246099985809],[-84.16938000012985,37.865716000329215],[-84.16506599997967,37.8612849998879],[-84.14683899960858,37.867100000314274],[-84.12969900025713,37.8677060003336],[-84.12126000010265,37.86031000029197],[-84.1158770002728,37.852683999986766],[-84.11024099982463,37.84997700014578],[-84.10737799984388,37.850557999746115],[-84.09902099970517,37.85963299968423],[-84.0897079998647,37.8611599999331],[-84.0770290000782,37.850845000175326],[-84.07998400012046,37.84423699974014],[-84.0766209996492,37.8377009998228],[-84.07760999986125,37.83389499974364],[-84.07602700034566,37.82417599982213],[-84.0722980001765,37.8218590000298],[-84.0672929997401,37.82328499980141],[-84.06649500022209,37.830877000303346],[-84.05989600039945,37.83301200022689],[-84.05744000012446,37.83542800022649],[-84.05662699963949,37.84234799994568],[-84.05900799957142,37.847920000276666],[-84.05369699971158,37.84711300019198],[-84.0521209998687,37.8415960003489],[-84.04832700030052,37.83727499975164],[-84.04307900018986,37.841614999722815],[-84.03955699970994,37.833720999668195],[-84.02584799970352,37.83722499982847],[-84.01539300038843,37.84292199975124],[-84.0129410003114,37.84070000001128],[-84.01994400036507,37.83793599984999],[-84.019608999731,37.83433300029425],[-84.01703799982828,37.83282300010223],[-84.00436800026262,37.83397900029374],[-84.0021630000578,37.83801400029735],[-84.01359599971428,37.85152699986968],[-84.01338800020015,37.85355799997831],[-84.00829599972512,37.85346699971336],[-84.0117729999992,37.85579600002045],[-84.01843000044647,37.855784999923046],[-84.0219250002639,37.85786499985732],[-84.02737000001804,37.869454000349336],[-84.02260300013133,37.87066799968414],[-84.01966900000546,37.869588000103754],[-84.01698500012483,37.86002399984577],[-84.01461800043661,37.858189000311526],[-84.00669099956991,37.859813999753804],[-84.00585399969384,37.864098000247736],[-84.00277599962791,37.86716799979932],[-84.00388500038886,37.870440000271515],[-84.00035100021336,37.870720000073376],[-84.00045800034349,37.87503799979171],[-83.99656000011991,37.87812400003467],[-83.9984389999115,37.88084300024647],[-83.9959950002304,37.8828799997163],[-83.9982699998571,37.88748399976372],[-83.99353999978032,37.891880999793706],[-83.99011799975781,37.899803999737024],[-83.98734000016586,37.899760000099505],[-83.98576400032297,37.90293700019147],[-83.99171799989013,37.90326500003125],[-83.99227699993189,37.9071670002803],[-83.98968900031072,37.913073999910196],[-83.9925730002079,37.914268999745005],[-83.99161800033102,37.918043000066284],[-83.98566399986555,37.92161999981167],[-83.98556599995625,37.924960999819184],[-83.98342000020098,37.92240500001701],[-83.98215300015458,37.924680000225365],[-83.97958399990168,37.922851999914805],[-83.97599600019782,37.9235439998542],[-83.9797820002684,37.92764200005345],[-83.9772909998333,37.929406999893054],[-83.9658559996287,37.93075699978739],[-83.95963500009783,37.93389799987947],[-83.9081619996451,37.91671700024064],[-83.8863309996766,37.916542000128985],[-83.8839079999119,37.91329699985038],[-83.88003700035082,37.913645000221166],[-83.88062999982942,37.9089660002782],[-83.8786620003494,37.90506200022275],[-83.8768320000633,37.904459999708585],[-83.8752689997409,37.90593599980981],[-83.8624989997178,37.90816899966982],[-83.86073299990412,37.90535899996796],[-83.8526360000564,37.902755999746894],[-83.84418100000843,37.9028580002558],[-83.84369800013465,37.90592600021227],[-83.84142599998269,37.90629800020413],[-83.83803800029537,37.906089999678315],[-83.83271599966655,37.90275300002162],[-83.82828600006376,37.90638099966373],[-83.81592399957135,37.903186999877704],[-83.81453199985148,37.90014900030032],[-83.8115960000758,37.903834999788856],[-83.80646699979083,37.90315499968173],[-83.79959900035469,37.907379000215464],[-83.79443800028268,37.90620699986924],[-83.78201399986598,37.908169999740885],[-83.78121600034798,37.91053500014056],[-83.7765230000811,37.91132100032395],[-83.77537700040854,37.91472300006538],[-83.77115699996968,37.91527800003496],[-83.7699679997411,37.91781300005179],[-83.76327500020713,37.91751199977822],[-83.75594300026548,37.91384100001484],[-83.75660400041447,37.907858999656966],[-83.75906800018707,37.90505799976932],[-83.75617599989398,37.8996800001113],[-83.67740699962715,37.85650200013145],[-83.6738130000755,37.85258499983678],[-83.66753399992002,37.85257000021086],[-83.66804100008322,37.84882000010884],[-83.67515100026702,37.84333899978933],[-83.6722079999203,37.84241999987463],[-83.66621800036812,37.84585400002862],[-83.66127300020618,37.83989000021476],[-83.66336100023516,37.83505399981015],[-83.65655599964988,37.83219600020787],[-83.65050499999835,37.83507199980534],[-83.64763699999469,37.83353100027504],[-83.6432159997144,37.825946999941294],[-83.63036899969843,37.8254540003089],[-83.62798100009381,37.822668999822945],[-83.62495099970847,37.82440900006808],[-83.62139200031693,37.8344030002255],[-83.61755500019272,37.83560700013993],[-83.6054739999077,37.83199300025333],[-83.6089219998695,37.829355999838356],[-83.60834600010932,37.828201999770634],[-83.60024900026161,37.83014200018976],[-83.59794899962222,37.82561800015496],[-83.59828099988324,37.82206200018984],[-83.59099199959931,37.818223000161076],[-83.58731100000902,37.81960699966916],[-83.58545499978366,37.82550399969489],[-83.5818379997675,37.82432499997588],[-83.58232999986207,37.82058700020134],[-83.57519899976188,37.819703999674225],[-83.5687930002831,37.82167200008393],[-83.56490500010528,37.82503399987209],[-83.56228999982163,37.82493500021166],[-83.563809999588,37.82027900023994],[-83.56036300034945,37.82017900003137],[-83.5514100003591,37.821615000021374],[-83.5465170000757,37.82486400002939],[-83.54171900022685,37.824900999803106],[-83.539618999604,37.82667600000699],[-83.53605199981655,37.82574699984701],[-83.52967399992686,37.83024199967023],[-83.52378300010886,37.831495999670516],[-83.52647899968507,37.83381899994058],[-83.526190999805,37.837576000318414],[-83.5219119998149,37.84211400004576],[-83.51700199981306,37.851732999649734],[-83.49995000032517,37.856843999839775],[-83.49199700041748,37.86403499986483],[-83.4971860000786,37.867946000016744],[-83.5066000002014,37.869303000095854],[-83.50323500008031,37.87138300004665],[-83.5029310003067,37.87368399988538],[-83.49911300044909,37.87454400016524],[-83.49602699998724,37.89062799984701],[-83.4443429996473,37.942468000332504],[-83.43394199986058,38.03397400025832],[-83.43864299962505,38.03088499971103],[-83.44990700012544,38.03065599973719],[-83.45150300005982,38.028079000168056],[-83.4503680002579,38.019534000240654],[-83.45495600004445,38.01767400028432],[-83.46340799971941,38.01697500024119],[-83.46892199996883,38.02023000005382],[-83.4681539996897,38.02202699999938],[-83.45509199958857,38.02916799971343],[-83.45616600018944,38.03270600008562],[-83.46219699974951,38.03193700027105],[-83.47538199987429,38.025581000244344],[-83.4792480003108,38.02675599981333],[-83.47874600017047,38.03236499974806],[-83.4731230001411,38.03798200026067],[-83.46739499963142,38.039601999981706],[-83.4652020000205,38.04218500034365],[-83.4636119999339,38.049840000091116],[-83.4687429998687,38.05003400024437],[-83.47442299979946,38.047525000204246],[-83.47881200029272,38.048472000182855],[-83.48398199968723,38.04645500006522],[-83.49855600005715,38.05025100018581],[-83.49870199964703,38.05385899983342],[-83.49290799991343,38.05895200024783],[-83.48737100009778,38.05933100003668],[-83.48721299991404,38.064186999843486],[-83.48313300011559,38.065241000179824],[-83.48047599999916,38.06914300002406],[-83.4711099995569,38.069244000039276],[-83.4680959999634,38.065288999935625],[-83.46519399962457,38.066679000304084],[-83.46276400018715,38.071803999830294],[-83.46494400027763,38.083581000046],[-83.46880200031823,38.084224000226435],[-83.47196200039993,38.08209800003572],[-83.47691599988437,38.08590700009756],[-83.47956399977998,38.08239900009488],[-83.49126900032135,38.0867230001016],[-83.49729300020871,38.084955999679245],[-83.5018409998123,38.08783900002147],[-83.5059649999917,38.08800299976756],[-83.50932699973973,38.07248100021975],[-83.51192299975682,38.069658000058666],[-83.51394600038675,38.06965000010782],[-83.51863899975531,38.080149999996706],[-83.5169640001782,38.084676999839346],[-83.51843100024116,38.08569699967313],[-83.521249999841,38.08379400029334],[-83.52289900037714,38.08445600029764],[-83.5196170000967,38.0888899997221],[-83.52560499999905,38.09262099969052],[-83.53153900037304,38.09229199965737],[-83.53441999989715,38.094692999741504],[-83.52936099993241,38.09878599979466],[-83.5287619997077,38.10231799993493],[-83.52448299971762,38.10053800034292],[-83.52111400029688,38.10393400030764],[-83.52098500042544,38.10731399991418],[-83.5152589995656,38.10808899974029],[-83.51609399979186,38.11115899977764],[-83.51964700023393,38.11282699975939],[-83.52005999978749,38.11608299968541],[-83.52543599994465,38.119350000267],[-83.53272500022858,38.12042599994038],[-83.54248499995781,38.115555999965785],[-83.55472299970334,38.112438999798904],[-83.55905699994501,38.115840999665444],[-83.55193599989056,38.12231199984875],[-83.5546699999999,38.124252000150044],[-83.54932900000283,38.13181600023018],[-83.5516849998204,38.13852499984468],[-83.54795400000141,38.14151400015002],[-83.54833099956994,38.14293099974763],[-83.55077199977633,38.1430340003442],[-83.55371199974998,38.14037199971708],[-83.55482700035874,38.13540500009432],[-83.55659999984512,38.136338999682295],[-83.55834800011544,38.14591900005492],[-83.56259199994543,38.14281299998298],[-83.57102400042719,38.147246999999986],[-83.57639100036353,38.14713599975267],[-83.57946900042946,38.14473899975869],[-83.58408700035324,38.14625600021591],[-83.59089600023816,38.133756000226],[-83.59549499989538,38.13166400024332],[-83.60327799992373,38.124047000162555],[-83.60623600033904,38.12436199992323],[-83.60382600009481,38.12958600010564],[-83.61311999966871,38.13239900025661],[-83.61422199985867,38.135584000279344],[-83.61082599977543,38.13564400017602],[-83.6099649996099,38.137086999894805],[-83.61418900024672,38.13766899973272],[-83.61390100036662,38.141308999892004],[-83.61829900018239,38.14227000007912],[-83.61846300021392,38.14562999973555],[-83.62157499971671,38.14912000002929],[-83.61425799984369,38.1491479997852],[-83.6192649999299,38.15340100010072],[-83.61782700017929,38.15740400017395],[-83.61423699992729,38.1608240002612],[-83.6114850002746,38.16139700008423],[-83.6069440003437,38.159532000308104],[-83.60602299990371,38.164391999745874],[-83.60140099978196,38.162823000275395],[-83.599060000033,38.163667999858106],[-83.60106000019843,38.16874899987329],[-83.59519600014463,38.16813300023508],[-83.59066500025948,38.17009599998567],[-83.59109200005673,38.17185599999127],[-83.60168500036241,38.179513999684296],[-83.60094399984747,38.18142099995235],[-83.59607800022656,38.18247399982341],[-83.59712400034002,38.184788000073574],[-83.60285299977629,38.18403499982081],[-83.6066689999841,38.18731699965871],[-83.60765900002104,38.185605999865295],[-83.60470099960574,38.1830839998742],[-83.60742100036968,38.18146400027127],[-83.609274000222,38.18244100013691],[-83.61072500039141,38.18746099971185],[-83.61299099979729,38.18776499983067],[-83.61388499957478,38.18374600016256],[-83.61091799983694,38.18023699975719],[-83.61070100010197,38.17721600035164],[-83.61596799958087,38.177617000340646],[-83.62029599997474,38.17559300034659],[-83.62436300025271,38.18004800004104],[-83.63555999990766,38.18747699993552],[-83.63885399988365,38.178270000184064],[-83.6465459996754,38.17096299974737],[-83.64961600024371,38.17632999973326],[-83.65097500035162,38.18599499969513],[-83.65864600022698,38.20104200005022],[-83.66581800033505,38.201926000250474],[-83.67163499963486,38.19696099994128],[-83.67895200040621,38.2056100000719],[-83.68307900006033,38.21437799966939],[-83.6944120001577,38.20938500026728],[-83.68934399997211,38.19760800002403],[-83.69757300006431,38.198121999763124],[-83.70049899979425,38.20167800005726],[-83.701318000127,38.20729100027632],[-83.69666599986802,38.21277200022137],[-83.69833499959732,38.217590000223545],[-83.69674000038617,38.22598199984942],[-83.69193800033936,38.229671000310965],[-83.6913359997416,38.232144999667106],[-83.69560700023408,38.24361700003148],[-83.69277600004035,38.24718999978914],[-83.68480200021631,38.251488000321565],[-83.68503900004276,38.255864000158184],[-83.68812100030664,38.261698999657106],[-83.69008700013687,38.26175399990114],[-83.69237900038031,38.25927400021766],[-83.6932220001042,38.25150900008742],[-83.69569500009763,38.248618999827535],[-83.7039590003499,38.24438299979693],[-83.70906799964506,38.24378400022904],[-83.71189499964082,38.245102000324174],[-83.71729900028538,38.25229400025026],[-83.71463700014608,38.25647600014719],[-83.70638299993954,38.26009999974074],[-83.70579799995853,38.263219000180094],[-83.70896499971289,38.26754299978842],[-83.7257700002269,38.26887799997441],[-83.73259900020332,38.26216699978763],[-83.7362809996185,38.26324299986646],[-83.73828699963168,38.26754299978842],[-83.73484000039313,38.2801629999723],[-83.7323179999959,38.2834510003338],[-83.72432200043056,38.284170999859064],[-83.72539299976005,38.29258399981652],[-83.73477699974563,38.29379199969885],[-83.7395339995866,38.29105600014725],[-83.7417510003853,38.2855120002278],[-83.75542400040673,38.28447699971598],[-83.75879299982746,38.28629199969114],[-83.7596480001452,38.293022000107406],[-83.76187000006847,38.29510900025545],[-83.76747200018144,38.294247000199654],[-83.77544400035569,38.28568700027621],[-83.77857699977487,38.287584000350286],[-83.7822599999133,38.29367700032925],[-83.78521199958253,38.294707999751395],[-83.79542199957355,38.292153999937256],[-83.79936500000295,38.2820449998795],[-83.80232099987012,38.27916200027586],[-83.81404399995485,38.28309399967782],[-83.81530599997838,38.28607399986421],[-83.81379000040995,38.290351999983095],[-83.81613399963364,38.292933999936025],[-83.82186499961804,38.29461700031658],[-83.82124600020015,38.30027200016184],[-83.836835999648,38.30270699999965],[-83.8414829998841,38.30169399978513],[-83.8467770000255,38.29650599988152],[-83.84988400040373,38.29663900000159],[-83.97786699959349,38.19216599996495],[-83.99017100035957,38.17506700024095],[-84.03208099982825,38.14856199977612],[-84.03831399995298,38.14627400031277],[-84.0424549998508,38.141416000239815],[-84.04954499994311,38.13717999967061],[-84.05989399985131,38.13402500030967],[-84.08052700026869,38.1151179999779],[-84.28646100011576,38.067028000204274],[-84.2843229998581,38.06966799999603],[-84.28776999999496,38.07322100010435],[-84.28728899977104,38.07566599965948],[-84.29289000005909,38.077943999849964],[-84.29382900004244,38.080704999691584],[-84.29828200010978,38.07994199971387],[-84.30479600044193,38.085749999722715],[-84.30728600015378,38.084135999860564],[-84.30854900000222,38.086533999876565],[-84.31173199965012,38.08675599996733],[-84.31453199988168,38.093122999839906],[-84.31781099978907,38.093103999688594],[-84.32038400023993,38.089111999728594],[-84.3266700000681,38.084732000203765],[-84.3298179995559,38.0850870003392],[-84.34358199981392,38.091036000059205],[-84.34460600018606,38.09494200019821],[-84.3492340001556,38.09500099991237],[-84.35053999966176,38.09753099971052],[-84.36055999968198,38.098708000200126],[-84.36168199996341,38.10097699966749],[-84.36584899980049,38.10181299995518],[-84.36747099967414,38.104759999900196],[-84.37012299976772,38.10521600012447],[-84.36990799968254,38.10900400009609],[-84.37951000012634,38.11119699987495],[-84.38093500035649,38.113490999930185],[-84.37993899957343,38.11643299989611],[-84.37723600032454,38.11814799993327],[-84.37786599961308,38.12117099999351],[-84.36858899975762,38.12590099990836],[-84.36738600018364,38.13004200008598],[-84.36847300030499,38.13404399971068],[-84.44039099995581,38.0853650002496],[-84.4473250004125,38.09429300019886],[-84.46174599972322,38.084118999793766],[-84.46982300037776,38.091513000342644],[-84.48559299975065,38.099881999957105],[-84.49504799988135,38.07461600001576],[-84.50329100021725,38.075074000057185],[-84.51085900016044,38.07260500021799]]]}},{"type":"Feature","properties":{"GEOID":"21029","NAME":"State Senate District 29","BASENAME":"29","STATE":"21","SLDU":"029"},"geometry":{"type":"Polygon","coordinates":[[[-83.9572740002574,36.64220400028342],[-83.95421600028295,36.64073299964245],[-83.95429599975058,36.636790000113805],[-83.95067700008458,36.635703999986305],[-83.94896499979927,36.631785000171654],[-83.94067899980568,36.62807099985915],[-83.93839400013323,36.62360600019258],[-83.93242299994932,36.61888499980546],[-83.93394000024097,36.61577499970278],[-83.92607099999888,36.6061910001904],[-83.92491699993039,36.60028300010318],[-83.92833700030307,36.597954000306125],[-83.9307619997176,36.587691000239694],[-83.69078900029375,36.582596000286436],[-83.68265999976067,36.593108999871724],[-83.67621800029687,36.59793300033367],[-83.67443599969134,36.60362100010496],[-83.6635479998329,36.606927999737835],[-83.65710899984384,36.61302800008974],[-83.64931300029502,36.61677399975353],[-83.64770300011695,36.623082999979374],[-83.64072699982745,36.62476300002684],[-83.6341480000963,36.622937000343605],[-83.624016999748,36.625508999702724],[-83.61826099964924,36.628587000017625],[-83.61389600034374,36.634850000030994],[-83.60590099970499,36.637900999858054],[-83.60043199966141,36.63784899997503],[-83.58729599994041,36.642301000333674],[-83.58644900001858,36.64386299966629],[-83.58312400008046,36.6411039999951],[-83.57731600010317,36.64149599965045],[-83.574616000329,36.64433599970807],[-83.56605099977784,36.647165999987344],[-83.56242600026407,36.651249000020805],[-83.54681699965136,36.65413300028989],[-83.53705400044738,36.65893399980095],[-83.53230599992894,36.66196500011594],[-83.53240399983822,36.66468899975997],[-83.53014599992996,36.666049000250624],[-83.51558400015391,36.6677749999738],[-83.51243699959271,36.66960099972253],[-83.50574999990653,36.66894600015715],[-83.49921899985597,36.67043899987287],[-83.49280499998126,36.67018699972271],[-83.48268000037905,36.66618699991215],[-83.4666110003571,36.664709000121434],[-83.44783400016509,36.66531600026069],[-83.44354500012928,36.6671789997625],[-83.43635399975463,36.6662209997177],[-83.42471299968567,36.667340000342314],[-83.39648299991111,36.67690499987391],[-83.39523900032924,36.67770899997035],[-83.39587000034102,36.679425999945465],[-83.38680900039562,36.68661400016347],[-83.38123800024478,36.687326000298796],[-83.37526600023594,36.69072799996285],[-83.37109199982785,36.69068600014645],[-83.36497300040425,36.69409599994598],[-83.35876700004368,36.69350599995749],[-83.34763499978777,36.70019900002617],[-83.3097110004062,36.710638999963685],[-83.29663099986341,36.713604000056506],[-83.28829600036431,36.71371000018173],[-83.24547999962594,36.72594000013131],[-83.22371899997766,36.73025800015678],[-83.19483899992476,36.73944799986055],[-83.17482800019661,36.73917500022274],[-83.16802400033458,36.74064099969259],[-83.16712800000894,36.73933000032611],[-83.16312400037847,36.739298000274715],[-83.15249000006493,36.74270400017574],[-83.14441099976055,36.74163599968642],[-83.1351199996614,36.742629000001706],[-83.13299200034778,36.74609400004088],[-83.13442500007552,36.74935699974702],[-83.12798500026156,36.750645000252284],[-83.12863800001463,36.759655000000905],[-83.1255730003675,36.76162300035308],[-83.13254499956072,36.76439499985624],[-83.12956600012731,36.77018599987563],[-83.13308000021132,36.771678999679544],[-83.1289869999941,36.77578399967471],[-83.13323099982408,36.78458499986643],[-83.12316099957513,36.78669299980547],[-83.11825700031939,36.790415999976965],[-83.11064900019322,36.80048699984044],[-83.10433099967966,36.803997000243065],[-83.10256400004108,36.81126999990316],[-83.09848000004466,36.81351699990429],[-83.09850799963377,36.82379900030175],[-83.10193600040236,36.82823800011336],[-83.09902400001779,36.83181099986914],[-83.09090000040591,36.83459400033623],[-83.08745900011682,36.83822399998236],[-83.0751719999675,36.8407280002749],[-83.0740670003028,36.84579299997262],[-83.07584900001002,36.850693999769575],[-83.07283600024142,36.8544569999339],[-83.06424300010116,36.85158300033067],[-83.06074900010864,36.85394799979246],[-83.0477999999854,36.85167999988195],[-83.04137699988988,36.85495700027637],[-83.03570399963179,36.85411700007547],[-83.02660699970137,36.85555600027481],[-83.02207900018927,36.8499349998164],[-83.01277100037166,36.84692999989162],[-83.00657699970667,36.847643000269414],[-82.99858699998909,36.856567000016135],[-82.98899600031426,36.85915600030771],[-82.97857700008586,36.859812999778626],[-82.97079200040767,36.85764100003944],[-82.95157599982454,36.86618999975179],[-82.93767799967222,36.86731899998009],[-82.93429599983268,36.87023199967759],[-82.92830700010543,36.87041200021974],[-82.92246300014311,36.87389800010891],[-82.90782299965096,36.87476399980237],[-82.90738499998305,36.879298000264825],[-82.89515100043549,36.88223099988184],[-82.88446100004543,36.88849799998903],[-82.87868300020537,36.88953200024536],[-82.87741199996101,36.89550999972542],[-82.8679779997467,36.90004800021222],[-82.87737900034904,36.908471000037295],[-82.86975299978121,36.916496000131716],[-82.86734500008512,36.91726799974877],[-82.86712800035015,36.919090000013355],[-82.85766499982351,36.9286690001736],[-82.86230000036406,36.94133800014924],[-82.85988199972391,36.949172000004836],[-82.8557349999783,36.95381800031728],[-82.86593999994645,36.95833600003737],[-82.86743799997153,36.964162000104466],[-82.87010799960846,36.96497799993794],[-82.87098200019278,36.968482999908645],[-82.86896699995876,36.969654000276286],[-82.86960700019137,36.97334300017735],[-82.86746700028387,36.97804899972205],[-82.86258599969602,36.98026800011099],[-82.86041400000147,36.97837699988929],[-82.85698100010829,36.97884800011368],[-82.85650200043251,36.98204199964853],[-82.85357699962915,36.98529799981684],[-82.84980200032754,36.98358299969745],[-82.84524200013007,36.98376500035762],[-82.84100400014786,36.987098000112695],[-82.8372749999787,36.987280000256746],[-82.83505999972813,36.991476999721165],[-82.83017900003861,36.99435699993731],[-82.82898899998511,36.997869000039],[-82.83058599974439,37.0012190000554],[-82.82872000037159,37.00579800003404],[-82.82513799961721,37.00641899969943],[-82.8225249998817,37.00410600033386],[-82.81996599967455,37.00617200017098],[-82.81717300001398,37.00601300035486],[-82.81686199966934,37.007426999729546],[-82.81345499971545,37.005628999968934],[-82.7978850003591,37.00956200029908],[-82.79366499992025,37.00547099975506],[-82.78849800000047,37.00867200030469],[-82.78286300027554,37.00782100025541],[-82.77716499990309,37.01602299996247],[-82.77185300021836,37.015707000098615],[-82.76640900028912,37.0230840001651],[-82.75947900003038,37.02725500027015],[-82.7525809995587,37.026176999763166],[-82.75035199996273,37.02320099975088],[-82.74786200025088,37.024424999896695],[-82.74275899990519,37.04279599999093],[-82.73350600033918,37.0445210002434],[-82.72582399969484,37.04225200025698],[-82.72236800023545,37.04506800014132],[-82.72220000000597,37.05793599989233],[-82.72282900036792,37.061929000139706],[-82.72562399967829,37.06525499973275],[-82.72673699973892,37.07303900030554],[-82.7235959999238,37.07557600020829],[-82.71807800037473,37.07591799971362],[-82.7166549997944,37.07740600022603],[-82.72284400043651,37.08480099997231],[-82.72276200042077,37.089817000020396],[-82.72501699995598,37.09182199994282],[-82.72205600006593,37.09480499998077],[-82.72167899959908,37.10101500029909],[-82.72343299971719,37.10333100008206],[-82.72202599992869,37.1055699996499],[-82.72668800023341,37.11479399985816],[-82.7214130003586,37.12082999991259],[-82.71514900027174,37.121847999929436],[-82.70467200031702,37.12791400002624],[-82.68785699975726,37.13365900001872],[-82.68289200040215,37.13695099969686],[-82.67669500026243,37.134917000009814],[-82.66766000025628,37.1418940003189],[-82.65672299999403,37.144720000169414],[-82.65330400034458,37.15118799978197],[-82.65023799997422,37.15194300027809],[-82.64718900022062,37.150160000184925],[-82.64278300000893,37.15300300000765],[-82.63338099958169,37.154418000024435],[-82.62064599971868,37.166437999747686],[-82.59746200038842,37.17704500011878],[-82.59301900036678,37.180464000332506],[-82.59225600011055,37.18303900014311],[-82.56537899969778,37.196098999675094],[-82.5755600002748,37.20584400011693],[-82.5898030002086,37.208977000213245],[-82.59410499976492,37.2133500001675],[-82.59623200015193,37.22346899982289],[-82.59965599982425,37.225548999662564],[-82.59962599968702,37.227884000193384],[-82.62230299975243,37.2405609998425],[-82.62892099984163,37.247803999733385],[-82.63484000014701,37.24847799974609],[-82.63695999996303,37.24466700015374],[-82.64632499968202,37.24395900009823],[-82.65236100016327,37.23928499993953],[-82.65389699982319,37.23562800033077],[-82.66055500009537,37.23676900004011],[-82.66447000003738,37.235296000083366],[-82.66693999965776,37.23028999976731],[-82.67151499992384,37.22735899976243],[-82.67885899956106,37.22986900017636],[-82.68213499999368,37.228044000333725],[-82.68491299958563,37.22926499982645],[-82.68572400042078,37.23194499986394],[-82.69157300040595,37.23160699973945],[-82.69454500016667,37.23418100031606],[-82.69132800018357,37.23809299995525],[-82.69119500011418,37.24120899977954],[-82.70520100022154,37.242770000340265],[-82.70457000020976,37.24607299968807],[-82.70030200009033,37.24704600012376],[-82.6987580000345,37.2496699999536],[-82.70055599963523,37.25147499982675],[-82.69976099959194,37.255008999833684],[-82.70200099995688,37.25825499985349],[-82.70494900032645,37.25714600033807],[-82.71072600034161,37.25957100000788],[-82.71448099955172,37.256754999712484],[-82.72406999957673,37.2566939997482],[-82.72600500034312,37.259387999658436],[-82.72349299999165,37.26403999999745],[-82.72681100025709,37.26497200017436],[-82.72693699975545,37.267132000110884],[-82.73196399993317,37.2693769999027],[-82.73271600031875,37.271139999931066],[-82.72455699964844,37.2810349999093],[-82.71911000024448,37.280176999758496],[-82.7150699997307,37.283132000182015],[-82.71072799999142,37.28358899966422],[-82.70954100031096,37.28676899991894],[-82.70061500008478,37.28983800003131],[-82.70096999991203,37.29405199965615],[-82.69934600038856,37.29574299987887],[-82.70064900041996,37.2998080003199],[-82.69371599978817,37.30610300035655],[-82.68904400033603,37.305926999757894],[-82.6842759997261,37.30865900004755],[-82.68066899975567,37.30601699971764],[-82.67243800001366,37.30673099996346],[-82.67188700036785,37.314446000138645],[-82.66852399989656,37.31656600034419],[-82.67098500019442,37.31955600015436],[-82.6643799996257,37.32491599971372],[-82.66561800025809,37.328167999746654],[-82.66085899986898,37.33672600026632],[-82.66325800024256,37.33942099988375],[-82.66325800024256,37.34252000009264],[-82.65198100022168,37.351460999675076],[-82.64712200027347,37.353358000185715],[-82.65030300027155,37.35585600021435],[-82.65494700013461,37.35488099967956],[-82.65736200040173,37.358002999949086],[-82.66377899975116,37.360655999771765],[-82.66365300025276,37.3669209998371],[-82.66627100001115,37.36992399986301],[-82.66329099985452,37.373011999901124],[-82.65816699959244,37.373436999853105],[-82.65382499985319,37.380258999977166],[-82.64901500030875,37.37955100011398],[-82.63832099972075,37.381441999797424],[-82.63334600031989,37.37923600006506],[-82.62856500018948,37.38073399968174],[-82.62351500044556,37.3854199999312],[-82.61897399961634,37.38642899994034],[-82.6218149998558,37.393811999735654],[-82.61943700029694,37.39450299980456],[-82.61732199960548,37.399417000020904],[-82.61199599967702,37.40042800034492],[-82.61231700006739,37.408907999667896],[-82.60827099970582,37.41070500016798],[-82.60459900033638,37.41031699998274],[-82.60351100039011,37.41617399977636],[-82.60655699977067,37.42078100016839],[-82.59950100001356,37.42947599995592],[-82.59941800017288,37.433255000145074],[-82.60185000015842,37.437308999652444],[-82.59794199988912,37.43991900023446],[-82.59284799976426,37.43946500025379],[-82.5915919995885,37.44405500017009],[-82.58862700039882,37.446258999798886],[-82.59069699998611,37.456556999855174],[-82.58737299987288,37.459583999890405],[-82.58799700021196,37.46376000012206],[-82.58455599992288,37.46708100019549],[-82.58712400035085,37.473050999747265],[-82.58989699991994,37.47425000023122],[-82.59017899995224,37.48173600035416],[-82.59447399983586,37.49059199985413],[-82.60036800002686,37.49428200013163],[-82.59611300032624,37.500149000324555],[-82.59848000001445,37.50335799973879],[-82.60494099974483,37.50630799988447],[-82.61137200023629,37.503627000164926],[-82.61562100008913,37.505441999739155],[-82.62092299972812,37.5032319996589],[-82.62327000022317,37.50364799972558],[-82.62409200003064,37.50566300006854],[-82.62210399956079,37.516563999751256],[-82.62447699999512,37.52091400017367],[-82.6207379997802,37.52745300025216],[-82.59823499979206,37.64244600002232],[-82.60606700022423,37.64955600032158],[-82.60253800007159,37.653256000256626],[-82.60319599984754,37.65594699988507],[-82.60143000003384,37.65892099971214],[-82.61295399992694,37.66096500013206],[-82.61203199966204,37.66589799970752],[-82.6152040003376,37.667961999715786],[-82.61435599969253,37.670696000301724],[-82.60971100000457,37.6742220002993],[-82.60559299967298,37.67504700024788],[-82.60079800019719,37.67359899969928],[-82.5975829998639,37.67896200003313],[-82.59341100000394,37.678980999989065],[-82.58720999966627,37.68186000017076],[-82.58654600004253,37.67864699990458],[-82.58339400035678,37.67721400033242],[-82.58144400042008,37.68016000015971],[-82.56717399982378,37.679973000097895],[-82.56356100000558,37.684844000097286],[-82.56477199997545,37.688995000173726],[-82.56840900008312,37.68825100029876],[-82.57033499973038,37.689753999687355],[-82.57554199983313,37.68799299987195],[-82.57673699990951,37.6945769996951],[-82.58325899973924,37.69424900023607],[-82.58547900001268,37.69181800004515],[-82.58994100030087,37.69244999972023],[-82.60082900015932,37.701776999807294],[-82.61035999955969,37.70277500000911],[-82.61094299989087,37.705263000147966],[-82.61509200018462,37.706849000251644],[-82.62158700025017,37.704734999670045],[-82.62272500042513,37.7083020002545],[-82.63233000034367,37.71478500030379],[-82.63255299992642,37.71714199976534],[-82.63806800000077,37.71732700026098],[-82.6441470001397,37.724221999789556],[-82.64659800039182,37.72353500005503],[-82.65372500029406,37.726626999682715],[-82.65748600025029,37.72512200029352],[-82.65929800009471,37.72718800000734],[-82.66310300043186,37.72561500012238],[-82.66970100042958,37.72727599985378],[-82.67303700023837,37.725365999925764],[-82.68012800015559,37.729744999661165],[-82.68724599983697,37.72958199978295],[-82.68727900034726,37.731719999993594],[-82.684248000137,37.733531000205396],[-82.68495600014167,37.73534400002797],[-82.69469099975653,37.73619799989359],[-82.6962230001168,37.73809099969206],[-82.7012009998907,37.736978999930685],[-82.7032069999039,37.73915099978643],[-82.70828400031031,37.73951700028018],[-82.70957999977071,37.74278800005142],[-82.71346600029871,37.74465700014851],[-82.7208280003776,37.744475999660416],[-82.72346899970218,37.749223000321656],[-82.7393090002936,37.74391900028712],[-82.73802299998063,37.74719899985425],[-82.7470680000325,37.74821300012533],[-82.74996399962522,37.75060599974253],[-82.75238399991521,37.75624099986672],[-82.75232799983871,37.752029999887505],[-82.75469100022727,37.7516390000077],[-82.76331299978155,37.75612000024854],[-82.76474899988233,37.744838000193916],[-82.76710600042313,37.74180700015442],[-82.77629100021709,37.74216999972653],[-82.78567500020269,37.74605800004383],[-82.8452439997799,37.72955699996172],[-82.86236800013613,37.72767199964507],[-82.86548899985975,37.730726999887274],[-82.86781999956295,37.73082200007781],[-82.87076100025985,37.729265999773],[-82.87545500035162,37.7197699998156],[-82.87941999962402,37.71949300012732],[-82.88046300026275,37.71650200021047],[-82.88489700006353,37.715846999704986],[-82.89131299958805,37.70870300022995],[-82.8971800000149,37.70863199994753],[-82.9008480000847,37.70323499977565],[-82.9032830004433,37.703573000018885],[-82.90348500010967,37.706872999961185],[-82.90690100028438,37.70879900017336],[-82.90825700001923,37.71261600030559],[-82.91199000038637,37.71016799980361],[-82.91540900003582,37.71000899985773],[-82.91539200031737,37.712865999888905],[-82.92210099974487,37.715651999960215],[-82.92483499985421,37.71515800006261],[-82.92716899993046,37.719359000014144],[-82.932606000187,37.71636699983145],[-82.94051800008677,37.71676599986181],[-82.94587300032752,37.677938000148266],[-82.94143100013085,37.67401099981679],[-82.94222299980107,37.669111000264536],[-82.93736800005082,37.668485000124726],[-82.93616200010379,37.66502299993497],[-82.93338899963639,37.664828000189246],[-82.93342999964428,37.66210199985302],[-82.93077599990089,37.6620819999909],[-82.92753800000139,37.65956500021768],[-82.9277620003074,37.656547000317204],[-82.92255100000666,37.65673800007746],[-82.91881199979176,37.65382999995241],[-82.91172400024759,37.65320399967094],[-82.908924000016,37.64921299988358],[-82.91254600005506,37.646350000248404],[-82.91261600037525,37.6437920002262],[-82.90301300010654,37.640957000296446],[-82.90503099981531,37.63884299964787],[-82.90666899958248,37.631043999846305],[-82.90482300030116,37.6281770002369],[-82.9017219997707,37.62734799966113],[-82.90329000011597,37.62401099971892],[-82.90029599971564,37.62123900034371],[-82.9041930001143,37.6207939999262],[-82.90575300006367,37.618933999727496],[-82.90452100017737,37.617018999712826],[-82.9061499997237,37.611134000178524],[-82.90450699993366,37.608997999838124],[-82.90627500029548,37.606214999878446],[-82.90246199956242,37.59953900012383],[-82.90403800030361,37.594517999733014],[-82.8965189998659,37.58832000012536],[-82.89712700031144,37.58040800001511],[-82.90214699991814,37.57693200017428],[-82.89860400042014,37.57327899988168],[-82.89960000030487,37.57057800019492],[-82.89713300015923,37.56766199997831],[-82.88890499989195,37.56483500023464],[-82.89061499962915,37.55468900018284],[-82.88785200010581,37.55460100005184],[-82.88865600036992,37.55073400000035],[-82.88536900006663,37.549312999762336],[-82.88943799999443,37.54656400029409],[-82.88986499979168,37.54381499987459],[-82.88570399980237,37.54342699998943],[-82.88499300032298,37.54084799992364],[-82.87865999974083,37.53993299976523],[-82.87961999964057,37.53491799967676],[-82.89257100031193,37.532266999965145],[-82.89386599994742,37.52951299996302],[-82.89203400001149,37.52676299971013],[-82.89431799985904,37.52462599983993],[-82.8943780001335,37.52192600027931],[-82.89150099990903,37.51944999964451],[-82.89728200012215,37.51494300017427],[-82.89546500025484,37.51059800030565],[-82.89617800028236,37.5089260003439],[-82.90196600016819,37.50811500014715],[-82.9035729999732,37.504666999747464],[-82.90710100030091,37.50385700015538],[-82.91060000031631,37.499523000248175],[-82.90924299985824,37.491629999938525],[-82.91646000017215,37.48856700007171],[-82.92107399989798,37.490811999929946],[-82.92546000001819,37.48652499976259],[-82.92856900004624,37.490819000035074],[-82.93171800025728,37.49141100014078],[-82.93346499980437,37.493991000145634],[-82.93642499986953,37.49112999976903],[-82.94117599986271,37.48970099987043],[-82.94161799972859,37.496236000191864],[-82.9455390004167,37.49757099980604],[-82.94420500042314,37.5014339997861],[-82.94854399978935,37.503167000196264],[-82.95627300028936,37.50009399993728],[-82.96631300040106,37.50077799978646],[-82.97334400004384,37.49781199976973],[-82.97898899981449,37.50002399970973],[-82.9852339996348,37.50655399988746],[-82.9925699997744,37.50138700004626],[-82.99530300005884,37.503564999866526],[-82.99942399986517,37.50344199967392],[-83.00266500013771,37.5011999999543],[-83.00450600029446,37.5034089997616],[-83.01173299975581,37.50521899982388],[-83.01390299980054,37.508544000044104],[-83.02047099966101,37.50549599993165],[-83.02477399994054,37.507128999864136],[-83.0312620003334,37.50634099994065],[-83.03649399965221,37.51097100022671],[-83.03459399994424,37.5138780000452],[-83.04696300010932,37.52199500032099],[-83.04605199971509,37.52450199987935],[-83.04724099994367,37.52600599987752],[-83.0505819997753,37.525119999935036],[-83.05566900022748,37.52035600017684],[-83.06075699960626,37.52274900005657],[-83.0622660004003,37.526231000173624],[-83.06501200020519,37.525649999748424],[-83.0689830002237,37.52150300011585],[-83.06891200007858,37.51749800009468],[-83.07095999992457,37.51684600026757],[-83.07795799995536,37.519016000121354],[-83.08075700036203,37.517993999662416],[-83.0841979997528,37.52197999994566],[-83.08610300038197,37.521212000066285],[-83.08872000031543,37.522742000095],[-83.09015899989097,37.517491000353004],[-83.09446600036844,37.5184469998117],[-83.09530999991725,37.51638700020175],[-83.09520600016018,37.51360700008561],[-83.09210499962971,37.51211199996705],[-83.09476599994412,37.50791499973624],[-83.09204199988052,37.502169000345106],[-83.09300699980312,37.49827399977603],[-83.1347110003058,37.45718100034852],[-83.11193399978296,37.34250900026365],[-83.11280499999422,37.340314999958196],[-83.1098590001728,37.336201000023365],[-83.11070199989666,37.33189100006716],[-83.11728700037389,37.32821399968651],[-83.11490499971876,37.325939000082336],[-83.11060300016246,37.32516099965629],[-83.11228500031055,37.32336899989741],[-83.10979999972326,37.31952600034321],[-83.11238999989254,37.31764999998598],[-83.11322000009594,37.31300400018505],[-83.11664100029353,37.3086159997731],[-83.1163719997817,37.30721800016773],[-83.11099599962455,37.305805000148645],[-83.10986400019566,37.3025790000347],[-83.11122699960322,37.30073099986171],[-83.11055899978153,37.29864000033351],[-83.11562100011933,37.29518500034181],[-83.11930300043284,37.29543200024532],[-83.12018600033969,37.29136200005401],[-83.12210600013914,37.29087299971728],[-83.12308500030547,37.28793000005435],[-83.11944399999983,37.2833869997583],[-83.12436400004741,37.28046600031526],[-83.12402500011372,37.275497999777556],[-83.12724899976949,37.26840100011619],[-83.12632400002985,37.26482799969149],[-83.12166300044838,37.26057400032847],[-83.12589300003464,37.25624000016199],[-83.12102999988846,37.25172299980379],[-83.12040200024975,37.24692699995766],[-83.12329600019265,37.24397500014872],[-83.1268050002538,37.235972999911226],[-83.12313100033622,37.236293999688804],[-83.12145300038608,37.23879499979536],[-83.11621799979591,37.24072700035493],[-83.11243099990043,37.23819299977353],[-83.10845599968395,37.237779000121385],[-83.10752199972349,37.23611400024919],[-83.1005670002487,37.23565200019721],[-83.09216999992704,37.23845500001276],[-83.09073700019928,37.242373999985254],[-83.08298000011021,37.242754999785056],[-83.08251700032794,37.24772600002174],[-83.07035800022511,37.2485210000664],[-83.06634200000077,37.244591999950714],[-83.06844699974818,37.24172500028751],[-83.06669099998024,37.238910000005795],[-83.06816800008892,37.23568000015093],[-83.06740400000776,37.23125799987669],[-83.06309900007842,37.227038999811775],[-83.0607680003752,37.22665999990419],[-83.05983600006456,37.22370300034387],[-83.05609400037491,37.22234600023906],[-83.0539030004138,37.21541900023219],[-83.03420700032993,37.21736500010633],[-83.03298299994125,37.2168309999961],[-83.03245499986163,37.21113699981764],[-83.02973800036905,37.208444999811825],[-83.0234180002057,37.20837899978023],[-83.02047700040711,37.20997099968623],[-83.01487399957091,37.20866599994178],[-83.0142740004196,37.20451699988555],[-83.00634400007816,37.205874000170546],[-83.00359599972512,37.199564999776456],[-83.00014600011355,37.19606600035063],[-83.0023339997016,37.19334699994899],[-83.00915000015752,37.18989199987207],[-83.00955500021348,37.18635600030918],[-83.0130629995514,37.1837609998646],[-83.01546299974989,37.178293000271616],[-83.02123499974216,37.17801600023424],[-83.02233799975704,37.17485700024799],[-83.02845500042915,37.169597000255244],[-83.03403900010045,37.16883999993867],[-83.0374290003359,37.165265000330365],[-83.04303599957343,37.17047500014231],[-83.04889200012963,37.16942099990979],[-83.03708299983117,37.16194199981596],[-83.03561099974536,37.1572400001703],[-83.0538470003373,37.12980799985177],[-83.05707299964291,37.127394999646],[-83.06137900029547,37.1175899997112],[-83.05913800010565,37.11298199994627],[-83.05427699960929,37.10826599994253],[-83.05478100029777,37.10387299998193],[-83.0468779997205,37.102616000055654],[-83.04713200016371,37.09880699987615],[-83.05170800025472,37.09624099968848],[-83.05114599983993,37.09229699979495],[-83.04753100037189,37.09115899995473],[-83.0474400001353,37.086651000005105],[-83.0402939999665,37.07866999967003],[-83.04363399997322,37.075204000290036],[-83.04263800008849,37.07313099986046],[-83.04365400006472,37.071049999676134],[-83.04693799999495,37.06932800004065],[-83.04699499989637,37.06742300021089],[-83.04274100002064,37.06221500009586],[-83.04864100005946,37.05862000017517],[-83.05755100039212,37.06210600034249],[-83.05751000038423,37.056933000044545],[-83.06215000004934,37.054304000191046],[-83.06199699988846,37.051782999859505],[-83.068708999689,37.05070200011664],[-83.07348300014671,37.04727099969499],[-83.07191200032669,37.04227200030564],[-83.06702800026413,37.04321599976558],[-83.06553600008684,37.038668999691886],[-83.06118799960146,37.03872500001981],[-83.05763099985974,37.03504799966589],[-83.05206499973178,37.035037999766395],[-83.0522780001671,37.03237700014232],[-83.04949700020211,37.02943499995185],[-83.05817599965778,37.025004999789424],[-83.05758499982899,37.02237500027969],[-83.05428800037826,37.01947699997546],[-83.05475500035851,37.01779999997636],[-83.05826600006947,37.015387000077716],[-83.06341000042303,37.0160959999008],[-83.06872499958251,37.01084000012521],[-83.07329099962779,37.01193800033221],[-83.07887699984721,37.00876900030388],[-83.08503299997906,37.0018619998851],[-83.08936899987056,37.002131999838134],[-83.09359900035514,36.99810400002446],[-83.09820300003523,36.99940900005489],[-83.10346399966636,36.99342299990065],[-83.1095500003763,36.99184500022561],[-83.11295800015512,36.994793000355195],[-83.11423699989709,36.99846700018356],[-83.11967199960547,36.997913999710846],[-83.12417400007662,37.00569099965442],[-83.12841600025679,37.00288400012647],[-83.13027999997973,37.00594500012899],[-83.13696099981814,37.00412300026926],[-83.14246500002184,37.006452999966626],[-83.14423599985838,37.01366200008895],[-83.15035799965503,37.012968999980245],[-83.15376499960892,37.01540600013897],[-83.1601059996887,37.01385899986888],[-83.160824999564,37.02073900020103],[-83.16701500003104,37.02064599970124],[-83.17382100044122,37.01706199980064],[-83.18202299987091,37.02118200007049],[-83.18150400001214,37.01385700004848],[-83.18614000037759,37.00762299989686],[-83.18578200017731,37.00607999979002],[-83.19514600007142,37.008903999971075],[-83.19792200001355,37.01219800032662],[-83.19966699991083,37.01144299981542],[-83.20330200036865,37.0037370002931],[-83.21089200005316,37.003230000290614],[-83.21456000012297,37.00543299968187],[-83.22142699973422,37.003089000279076],[-83.22588399999951,37.005713000039805],[-83.227735000202,37.00319900016806],[-83.23060700040361,37.00246200031195],[-83.23283400034974,36.995262999957625],[-83.23942300012662,36.9857890001024],[-83.26001999966067,36.96895100029459],[-83.27768299996717,36.96095600015301],[-83.29167099963286,36.95218999966657],[-83.3239190001799,36.940709000019524],[-83.38455700033512,36.925912999934226],[-83.38623000026236,36.922261000116116],[-83.38993900034006,36.92027899965227],[-83.39406900036722,36.9192309998147],[-83.39965600041158,36.92095499965776],[-83.40243999985131,36.91611900024557],[-83.40000700004087,36.90981499994995],[-83.40171299958008,36.907882999767786],[-83.39552700020933,36.90360400018553],[-83.39608899972579,36.899113999790046],[-83.40030199959364,36.89866599971816],[-83.40861400042482,36.890217999973494],[-83.43278000029449,36.88871700015129],[-83.4343589996121,36.89081600004451],[-83.43400399978485,36.89422899999298],[-83.4470950001983,36.88973399998457],[-83.45181500022935,36.892193000074926],[-83.45401200003825,36.89059000022469],[-83.45653799973512,36.88319799976215],[-83.45954800002897,36.88575699973217],[-83.46476699982732,36.88689799985023],[-83.4657640004353,36.889346999673826],[-83.47358300044864,36.891810000324405],[-83.47689099977002,36.8965939998385],[-83.47994700009464,36.894445000110515],[-83.48762200016796,36.893142999937986],[-83.49260499996474,36.8969800000371],[-83.4931170001508,36.895470000015216],[-83.50022999980932,36.89541599987032],[-83.50410999959124,36.89816000027783],[-83.50342900024908,36.90089600006085],[-83.50481000009829,36.903916999662975],[-83.5034879998003,36.90577499970265],[-83.49931500011543,36.90601700022027],[-83.49805599956663,36.909146999838406],[-83.48906699959127,36.91204099985949],[-83.49234700022188,36.9188080003467],[-83.4995240003528,36.91982200007274],[-83.49969699970684,36.921886000086886],[-83.50432300002656,36.92472999984448],[-83.50787499974541,36.92296099973661],[-83.51120800007946,36.925518999667915],[-83.51084999987918,36.934054000083854],[-83.50908300024058,36.93850900023573],[-83.52106300024325,36.937585999732434],[-83.53084700026191,36.9430379996865],[-83.58952100023673,36.955786000041854],[-83.5906800003281,36.95155300002159],[-83.58750199980474,36.94941900011849],[-83.58398799972072,36.94135499975077],[-83.58034800013833,36.941066999695806],[-83.57863900022606,36.937830999689474],[-83.57341899970451,36.940470999644894],[-83.56982400032796,36.93953099992547],[-83.57018800037602,36.9350279997427],[-83.56614200001444,36.93152500009146],[-83.56761400010025,36.92845699982578],[-83.57172700040898,36.92802899967089],[-83.57577799989511,36.92245099970463],[-83.57407200035588,36.91379700034821],[-83.58051800001765,36.908431999796946],[-83.5810939997778,36.90466700003236],[-83.5838949998343,36.90362400006659],[-83.58524100042173,36.90557599972593],[-83.58803599973213,36.9057469997951],[-83.5964890001303,36.89899299981497],[-83.60005000006998,36.901012000110505],[-83.60474400016174,36.89685800025975],[-83.6126119996806,36.89755500026009],[-83.61335400002045,36.89360600018456],[-83.62019700024054,36.8841909998988],[-83.62585700007983,36.884666999895494],[-83.62972900036415,36.88837000029228],[-83.6348100000702,36.886674000215706],[-83.64307000012452,36.87937699984527],[-83.64047099973442,36.875071000075536],[-83.64381099974116,36.8710720002558],[-83.64240700032572,36.86624599983039],[-83.65162499973165,36.86263399982655],[-83.66326999999855,36.86424799986802],[-83.66496300001731,36.86338599990793],[-83.6643780000363,36.8607489996864],[-83.66638400004949,36.85702100017018],[-83.68258699996572,36.85487500035529],[-83.68517600031012,36.84935699997276],[-83.68898300029709,36.847609000268285],[-83.68911800001631,36.84319500002937],[-83.69178699982831,36.83921199995814],[-83.68794300003141,36.835459999676594],[-83.69887400044588,36.834575999845754],[-83.70584599963911,36.83613400009279],[-83.70902099978939,36.83487900010808],[-83.70754500040395,36.82957900026713],[-83.7101690000101,36.82468399978167],[-83.7131600000374,36.82360000027995],[-83.71473699970518,36.820552999685106],[-83.72155800018399,36.82051199998582],[-83.7270099996108,36.81460699987955],[-83.73773099996299,36.8091440001909],[-83.73936899973016,36.80361499985089],[-83.738688000388,36.80072000024647],[-83.74375999987323,36.7964530000144],[-83.74638799967735,36.800294000088016],[-83.7555139999201,36.800408000008034],[-83.75266400035811,36.80264800006441],[-83.75226500014993,36.80531800035417],[-83.76414499969518,36.80206700023546],[-83.76753199955759,36.80303800008557],[-83.77577599971839,36.798120999809726],[-83.78136199993783,36.80280999999345],[-83.7864510000398,36.80051900025929],[-83.79824799974439,36.78519700022955],[-83.79648399958052,36.78343400011528],[-83.79630299983057,36.77259000012382],[-83.79955800034679,36.769263999878966],[-83.79971300015748,36.765744000005704],[-83.80830100027488,36.76202599981961],[-83.811069999646,36.75737499968309],[-83.80891100037024,36.7537819997631],[-83.80922000016673,36.747991999648264],[-83.81945600009702,36.74351900012435],[-83.8290359999012,36.74334000034649],[-83.8305149996597,36.73636699973548],[-83.83234800031886,36.7346599998572],[-83.8298739996022,36.731793999990025],[-83.83335300042442,36.726401000148186],[-83.8301709997031,36.72329499976399],[-83.83326300001275,36.719554999680525],[-83.83742499982696,36.71878700001273],[-83.84091100032187,36.711985999789086],[-83.84615900043252,36.70811999969534],[-83.85482399964448,36.70536599974093],[-83.86551999988231,36.71471699983804],[-83.86849300036626,36.71328800002469],[-83.87388000039408,36.70580999992958],[-83.87164800042507,36.69935599996095],[-83.87729400002064,36.69488800030361],[-83.87982899993835,36.6905899996567],[-83.87750300025803,36.68725899974342],[-83.87861499959541,36.680334999716116],[-83.90250400035396,36.66977700028245],[-83.91702099992413,36.661278999782475],[-83.92507599993905,36.660844999679],[-83.9384910002176,36.6537229996499],[-83.94898499989077,36.65057899981969],[-83.95631900038053,36.645433000175224],[-83.9572740002574,36.64220400028342]]]}},{"type":"Feature","properties":{"GEOID":"21031","NAME":"State Senate District 31","BASENAME":"31","STATE":"21","SLDU":"031"},"geometry":{"type":"Polygon","coordinates":[[[-83.2708489999679,38.06953600000604],[-83.26766499959676,38.06289899989282],[-83.26769599955891,38.05901300028294],[-83.25613200038116,38.054464999929685],[-83.25005999991491,38.050218000118825],[-83.24118599956726,38.05090700023072],[-83.23679000029962,38.05340099995688],[-83.23169299980172,38.05082299969047],[-83.23067699982549,38.04629099982803],[-83.22268100026012,38.04387200035041],[-83.22058099963728,38.035603000081515],[-83.22333200036338,38.03001700001024],[-83.21941099967525,38.02606599971241],[-83.21496699982876,38.02820299968864],[-83.21089600025113,38.02713400012858],[-83.21229600036692,38.02520699998246],[-83.21152800008781,38.022239999696836],[-83.20906900033809,38.021858999791306],[-83.20812500033188,38.01864900010444],[-83.20319600006346,38.014058000169285],[-83.19667400023371,38.01348700019329],[-83.19361200006132,38.0105589997134],[-83.18399999957178,38.0131070001364],[-83.1815790003552,38.011920000215696],[-83.17656700024611,38.012774999740785],[-83.1740180000847,38.01705699996674],[-83.15961299976921,38.008146000095145],[-83.1558030003075,38.01069199997991],[-83.15197600022903,38.01044500030402],[-83.15178200006027,38.00525999994234],[-83.14971599977261,38.004821999686705],[-83.14697400016568,38.00007599981072],[-83.14479800027318,37.999851000079886],[-83.14461300032525,37.9965929998933],[-83.14166800032872,37.997302000229084],[-83.14078500042187,38.00173699985968],[-83.13700900039703,38.00223400033862],[-83.13594099964395,38.004396999830284],[-83.1241089997793,38.00443500019255],[-83.12226199977476,38.0024330001942],[-83.11987300034524,38.00431799992689],[-83.11534599975971,38.00383499988513],[-83.11303000012512,38.005812000125516],[-83.10982300018779,38.00389999985474],[-83.10459599999353,38.00619500023408],[-83.10168899963185,38.009750999789325],[-83.09739299992331,38.010395999882576],[-83.09392999989295,38.00778199993423],[-83.08935399980194,38.01044500030402],[-83.08736200003244,38.00798199972522],[-83.07699600040581,38.00713600006029],[-83.07354400024607,38.001539999963924],[-83.06534100009316,38.00794899972299],[-83.0592469998856,38.006222000110775],[-83.05911299999129,38.00439299982827],[-83.0562910000184,38.002348999979546],[-83.05715800003172,37.99940099996297],[-83.04787100013051,37.99672799986543],[-83.0446309996829,37.998100999766976],[-83.04425199956619,38.00162900005782],[-83.0424909997754,38.00221300023703],[-83.0411259998197,37.999253000277534],[-83.03861500019144,37.99974099985009],[-83.02913300029657,38.00949099978738],[-83.02410100009598,38.00958200035301],[-83.0243200003791,38.007320000122036],[-83.02162700027765,38.006214999750455],[-83.02412600021034,38.00389500034919],[-83.0239050002774,38.00132499984021],[-83.01921399966037,37.99930100011256],[-83.0252219996542,37.99141100017735],[-83.02422699959438,37.9881300003474],[-83.02193000022635,37.9877099999469],[-83.02206999996844,37.98199899999612],[-83.01400599973269,37.97958700004564],[-83.01603600003533,37.97379199991277],[-83.01446199984227,37.972599000128206],[-83.00972099989482,37.97415000023349],[-83.0108389999783,37.97011600029374],[-83.00923399982311,37.968206000037256],[-83.00435700033154,37.96647700023511],[-82.9988909997627,37.96779999988814],[-82.99833500009402,37.96367800020489],[-82.99315800012846,37.96141700021054],[-82.98901399985759,37.96396800032949],[-82.98709200040831,37.96242099987316],[-82.98738799978601,37.95559399982094],[-82.98463799978315,37.95107800031495],[-82.98123699967704,37.95000599989651],[-82.98052000034987,37.94830200033682],[-82.98076700022207,37.9440680001147],[-82.98459400030052,37.94522099974469],[-82.98512200038013,37.94284299992026],[-82.97713599996219,37.93921499989803],[-82.97535199970685,37.930789999786164],[-82.97264299971187,37.93046800010981],[-82.97238499996901,37.92641700030808],[-82.96837600031567,37.924024999971536],[-82.96812299969736,37.92105300004838],[-82.97099400007404,37.9178590001122],[-82.97014999962694,37.9155020003523],[-82.97315200042321,37.914231000184316],[-82.97006400031154,37.91113499979465],[-82.96150600033138,37.912764000011265],[-82.96090700010667,37.90687499977077],[-82.9642959996189,37.903298000316674],[-82.9614229995924,37.89382700013321],[-82.96579799984195,37.89320300022242],[-82.96964900020984,37.897875000079544],[-82.97695500021223,37.89333300034462],[-82.98185799964305,37.89887800001375],[-82.98656699980346,37.89840800002824],[-82.98817100013373,37.89125299990778],[-82.98285600007594,37.88449100005908],[-82.98416199958208,37.88267599991057],[-82.98342000014055,37.87948399980049],[-82.98620199993047,37.87742599966528],[-82.98385000031087,37.87571599978804],[-82.9874930002663,37.873665000266364],[-82.98921700024721,37.869588999989894],[-82.99172500040072,37.871367999991286],[-82.99733500001129,37.86975799969552],[-83.00464900040959,37.859246999708624],[-82.98411399990151,37.84150899986773],[-82.98643399973405,37.83851699996409],[-82.98152000043257,37.835412000308224],[-82.98682299989649,37.8298239996641],[-82.98629200034216,37.82661499980453],[-82.98406000037316,37.82584500006735],[-82.98976200004523,37.818180999800056],[-82.98771900022211,37.81409399973312],[-82.95058199958962,37.79473399993411],[-82.94825699973418,37.719870999967554],[-82.94076300030916,37.71633799978115],[-82.93808100007836,37.71756300005756],[-82.932606000187,37.71636699983145],[-82.92716899993046,37.719359000014144],[-82.92483499985421,37.71515800006261],[-82.92210099974487,37.715651999960215],[-82.91539200031737,37.712865999888905],[-82.91540900003582,37.71000899985773],[-82.91199000038637,37.71016799980361],[-82.90825700001923,37.71261600030559],[-82.90690100028438,37.70879900017336],[-82.90348500010967,37.706872999961185],[-82.9032830004433,37.703573000018885],[-82.9008480000847,37.70323499977565],[-82.8971800000149,37.70863199994753],[-82.89131299958805,37.70870300022995],[-82.88489700006353,37.715846999704986],[-82.88046300026275,37.71650200021047],[-82.87941999962402,37.71949300012732],[-82.87545500035162,37.7197699998156],[-82.87076100025985,37.729265999773],[-82.86781999956295,37.73082200007781],[-82.86548899985975,37.730726999887274],[-82.86236800013613,37.72767199964507],[-82.8452439997799,37.72955699996172],[-82.78567500020269,37.74605800004383],[-82.77629100021709,37.74216999972653],[-82.76710600042313,37.74180700015442],[-82.76474899988233,37.744838000193916],[-82.76331299978155,37.75612000024854],[-82.75469100022727,37.7516390000077],[-82.75232799983871,37.752029999887505],[-82.75238399991521,37.75624099986672],[-82.74996399962522,37.75060599974253],[-82.7470680000325,37.74821300012533],[-82.73802299998063,37.74719899985425],[-82.7393090002936,37.74391900028712],[-82.72346899970218,37.749223000321656],[-82.7208280003776,37.744475999660416],[-82.71346600029871,37.74465700014851],[-82.70957999977071,37.74278800005142],[-82.70828400031031,37.73951700028018],[-82.7032069999039,37.73915099978643],[-82.7012009998907,37.736978999930685],[-82.6962230001168,37.73809099969206],[-82.69469099975653,37.73619799989359],[-82.68495600014167,37.73534400002797],[-82.684248000137,37.733531000205396],[-82.68727900034726,37.731719999993594],[-82.68724599983697,37.72958199978295],[-82.68012800015559,37.729744999661165],[-82.67303700023837,37.725365999925764],[-82.66970100042958,37.72727599985378],[-82.66310300043186,37.72561500012238],[-82.65929800009471,37.72718800000734],[-82.65748600025029,37.72512200029352],[-82.65372500029406,37.726626999682715],[-82.64659800039182,37.72353500005503],[-82.6441470001397,37.724221999789556],[-82.63806800000077,37.71732700026098],[-82.63255299992642,37.71714199976534],[-82.63233000034367,37.71478500030379],[-82.62272500042513,37.7083020002545],[-82.62158700025017,37.704734999670045],[-82.61509200018462,37.706849000251644],[-82.61094299989087,37.705263000147966],[-82.61035999955969,37.70277500000911],[-82.60082900015932,37.701776999807294],[-82.58994100030087,37.69244999972023],[-82.58547900001268,37.69181800004515],[-82.58325899973924,37.69424900023607],[-82.57673699990951,37.6945769996951],[-82.57554199983313,37.68799299987195],[-82.57033499973038,37.689753999687355],[-82.56840900008312,37.68825100029876],[-82.56477199997545,37.688995000173726],[-82.56356100000558,37.684844000097286],[-82.56717399982378,37.679973000097895],[-82.58144400042008,37.68016000015971],[-82.58339400035678,37.67721400033242],[-82.58654600004253,37.67864699990458],[-82.58720999966627,37.68186000017076],[-82.59341100000394,37.678980999989065],[-82.5975829998639,37.67896200003313],[-82.60079800019719,37.67359899969928],[-82.60559299967298,37.67504700024788],[-82.60971100000457,37.6742220002993],[-82.61435599969253,37.670696000301724],[-82.6152040003376,37.667961999715786],[-82.61203199966204,37.66589799970752],[-82.61295399992694,37.66096500013206],[-82.60143000003384,37.65892099971214],[-82.60319599984754,37.65594699988507],[-82.60253800007159,37.653256000256626],[-82.60606700022423,37.64955600032158],[-82.59823499979206,37.64244600002232],[-82.6207379997802,37.52745300025216],[-82.62447699999512,37.52091400017367],[-82.62210399956079,37.516563999751256],[-82.62409200003064,37.50566300006854],[-82.62327000022317,37.50364799972558],[-82.62092299972812,37.5032319996589],[-82.61562100008913,37.505441999739155],[-82.61137200023629,37.503627000164926],[-82.60494099974483,37.50630799988447],[-82.59848000001445,37.50335799973879],[-82.59611300032624,37.500149000324555],[-82.60036800002686,37.49428200013163],[-82.59447399983586,37.49059199985413],[-82.59017899995224,37.48173600035416],[-82.58989699991994,37.47425000023122],[-82.58712400035085,37.473050999747265],[-82.58455599992288,37.46708100019549],[-82.58799700021196,37.46376000012206],[-82.58737299987288,37.459583999890405],[-82.59069699998611,37.456556999855174],[-82.58862700039882,37.446258999798886],[-82.5915919995885,37.44405500017009],[-82.59284799976426,37.43946500025379],[-82.59794199988912,37.43991900023446],[-82.60185000015842,37.437308999652444],[-82.59941800017288,37.433255000145074],[-82.59950100001356,37.42947599995592],[-82.60655699977067,37.42078100016839],[-82.60351100039011,37.41617399977636],[-82.60459900033638,37.41031699998274],[-82.60827099970582,37.41070500016798],[-82.61231700006739,37.408907999667896],[-82.61199599967702,37.40042800034492],[-82.61732199960548,37.399417000020904],[-82.61943700029694,37.39450299980456],[-82.6218149998558,37.393811999735654],[-82.61897399961634,37.38642899994034],[-82.62351500044556,37.3854199999312],[-82.62856500018948,37.38073399968174],[-82.63334600031989,37.37923600006506],[-82.63832099972075,37.381441999797424],[-82.64901500030875,37.37955100011398],[-82.65382499985319,37.380258999977166],[-82.65816699959244,37.373436999853105],[-82.66329099985452,37.373011999901124],[-82.66627100001115,37.36992399986301],[-82.66365300025276,37.3669209998371],[-82.66377899975116,37.360655999771765],[-82.65736200040173,37.358002999949086],[-82.65494700013461,37.35488099967956],[-82.65030300027155,37.35585600021435],[-82.64712200027347,37.353358000185715],[-82.65198100022168,37.351460999675076],[-82.66325800024256,37.34252000009264],[-82.66325800024256,37.33942099988375],[-82.66085899986898,37.33672600026632],[-82.66561800025809,37.328167999746654],[-82.6643799996257,37.32491599971372],[-82.67098500019442,37.31955600015436],[-82.66852399989656,37.31656600034419],[-82.67188700036785,37.314446000138645],[-82.67243800001366,37.30673099996346],[-82.68066899975567,37.30601699971764],[-82.6842759997261,37.30865900004755],[-82.68904400033603,37.305926999757894],[-82.69371599978817,37.30610300035655],[-82.70064900041996,37.2998080003199],[-82.69934600038856,37.29574299987887],[-82.70096999991203,37.29405199965615],[-82.70061500008478,37.28983800003131],[-82.70954100031096,37.28676899991894],[-82.71072799999142,37.28358899966422],[-82.7150699997307,37.283132000182015],[-82.71911000024448,37.280176999758496],[-82.72455699964844,37.2810349999093],[-82.73269299985421,37.27150199992368],[-82.73196399993317,37.2693769999027],[-82.72693699975545,37.267132000110884],[-82.72681100025709,37.26497200017436],[-82.72349299999165,37.26403999999745],[-82.72600500034312,37.259387999658436],[-82.72406999957673,37.2566939997482],[-82.71448099955172,37.256754999712484],[-82.71072600034161,37.25957100000788],[-82.70494900032645,37.25714600033807],[-82.70200099995688,37.25825499985349],[-82.69976099959194,37.255008999833684],[-82.70055599963523,37.25147499982675],[-82.6987580000345,37.2496699999536],[-82.70030200009033,37.24704600012376],[-82.70457000020976,37.24607299968807],[-82.70520100022154,37.242770000340265],[-82.69119500011418,37.24120899977954],[-82.69144799983417,37.23784200001301],[-82.6945540003875,37.23426500035458],[-82.69190399994375,37.23171999967667],[-82.68638399984654,37.23215199990097],[-82.68473500020872,37.22907699988128],[-82.68213499999368,37.228044000333725],[-82.67885899956106,37.22986900017636],[-82.67151499992384,37.22735899976243],[-82.66693999965776,37.23028999976731],[-82.66447000003738,37.235296000083366],[-82.66055500009537,37.23676900004011],[-82.65389699982319,37.23562800033077],[-82.65236100016327,37.23928499993953],[-82.64632499968202,37.24395900009823],[-82.63695999996303,37.24466700015374],[-82.63484000014701,37.24847799974609],[-82.62892099984163,37.247803999733385],[-82.62230299975243,37.2405609998425],[-82.59962599968702,37.227884000193384],[-82.59965599982425,37.225548999662564],[-82.59623200015193,37.22346899982289],[-82.59410499976492,37.2133500001675],[-82.5898030002086,37.208977000213245],[-82.5755600002748,37.20584400011693],[-82.56537899969778,37.196098999675094],[-82.55067700017966,37.20454199989364],[-82.54916999993375,37.20281300024927],[-82.54600400000429,37.20307599990477],[-82.54138199988253,37.20661000013604],[-82.53289800042052,37.206663999675875],[-82.53094500011079,37.20839299981343],[-82.53209099978335,37.21219799993689],[-82.52868300000455,37.21388200032604],[-82.52470399959013,37.21498100001366],[-82.52090800037212,37.212173000318764],[-82.50989499994188,37.21899000002848],[-82.50838799969597,37.222657999933915],[-82.49875500018835,37.227029000216135],[-82.49641000024144,37.22757499980186],[-82.4951599999135,37.22540399966997],[-82.49140999982792,37.22507100019551],[-82.48748200036545,37.22768200035392],[-82.4865500000548,37.23118800015854],[-82.47270100030629,37.23567799974587],[-82.46501399963908,37.23574900014571],[-82.46270100037755,37.238506000220966],[-82.45740300003818,37.23829099983856],[-82.44957900000196,37.243602000144634],[-82.44342299987011,37.243365999675504],[-82.43969399970095,37.247123000131076],[-82.43049300001346,37.24685899988052],[-82.41186999980724,37.25346300024822],[-82.39847399979526,37.255530000284516],[-82.3835439997732,37.260141999994524],[-82.37661900043565,37.25994300008618],[-82.36493200033593,37.26423199996776],[-82.35214200022136,37.26659599974229],[-82.34872600004664,37.26823200013761],[-82.34896100022328,37.272003999904314],[-82.34217099970662,37.273964999678974],[-82.34384100015914,37.280738999661146],[-82.34045699977148,37.281225000232666],[-82.33698700006839,37.279610000064544],[-82.33610400016155,37.281559000285476],[-82.32472500003344,37.283041999999156],[-82.31955999976346,37.28703199977621],[-82.31575000030175,37.29502899964633],[-82.12340499991217,37.42843900003946],[-81.96798399971976,37.538054000322035],[-81.96489700033132,37.54173599974698],[-81.96884099968734,37.54617099983105],[-81.9732390004014,37.546577000038404],[-81.98124400018763,37.542245000350725],[-81.9891059998587,37.54277999971919],[-81.99414899992992,37.537744999665634],[-81.99671399998486,37.538616000063904],[-81.99645899971672,37.541753999845774],[-81.99821299983483,37.543317000282414],[-82.00058399972102,37.54220899967354],[-82.00595200038059,37.53457300018249],[-82.01116899963077,37.53288099986063],[-82.01600599983769,37.53395399993455],[-82.01854599977825,37.540358000254464],[-82.0296379998512,37.53784899988663],[-82.0370169996485,37.54245899970407],[-82.0392410001199,37.54779800010466],[-82.04232099983565,37.54822499983329],[-82.04505099974702,37.54567500029247],[-82.04199799979546,37.53419299967712],[-82.04345900001061,37.53003100033496],[-82.0461549995868,37.52793999996349],[-82.04871700016702,37.529274999683466],[-82.04852100034843,37.53369499992996],[-82.05029899985767,37.535436000264426],[-82.06483499969445,37.53719599972553],[-82.0639099999548,37.54312499970556],[-82.07517899957976,37.555853000230556],[-82.08903200042455,37.55610800005422],[-82.10402600002071,37.552872000160214],[-82.10535499999139,37.554261999741286],[-82.10195999973307,37.55842000031647],[-82.10480799964522,37.56019099972058],[-82.11799699996796,37.558987000124425],[-82.12341400013301,37.551529999731365],[-82.13208500009107,37.55236599989434],[-82.13411100019574,37.55362700027233],[-82.13532399981548,37.55735099989363],[-82.13352600021474,37.56034499972287],[-82.13442400019021,37.56292800002686],[-82.14438399993597,37.566311000032144],[-82.14491399966539,37.567654999960595],[-82.14417800007163,37.56996799971803],[-82.14176399962943,37.57108599997751],[-82.12912099982796,37.57213800030533],[-82.12624000030384,37.57373800008394],[-82.12442199971332,37.57735799998225],[-82.12733999994568,37.58654499976845],[-82.13128800039794,37.59270700007992],[-82.13988499983786,37.59496700025217],[-82.14838199971864,37.59072000024981],[-82.15685100001033,37.59272299982097],[-82.15668299978087,37.60896899979851],[-82.16581499987137,37.60769299967252],[-82.1687749999365,37.60907999991336],[-82.16961400036072,37.61302700032244],[-82.16424599970118,37.62029000021313],[-82.16897499995305,37.621906999729134],[-82.17672600019436,37.61815200012884],[-82.18119799962997,37.62151000033543],[-82.18271599974653,37.62436999988218],[-82.18169100044778,37.62714700008131],[-82.17241200004418,37.63263399992357],[-82.17763599986537,37.64084899981281],[-82.17507500000839,37.64783199968656],[-82.18580600040633,37.648595000062535],[-82.19111600044126,37.64458599998378],[-82.18669900035891,37.635141999995774],[-82.18592900042997,37.62891000005005],[-82.18722800026342,37.626984000167994],[-82.19225500044112,37.62565399975272],[-82.20089000041418,37.62799000012593],[-82.20485399986168,37.62523499992996],[-82.21449899996317,37.62540000009962],[-82.21595299960731,37.62620900007242],[-82.21459500022264,37.62743500029828],[-82.22050299975905,37.634768999714396],[-82.21684800010804,37.64159799972474],[-82.22415499993534,37.644713000206714],[-82.22615599992565,37.65291299983837],[-82.23344199983654,37.65568599967728],[-82.23606600034103,37.65963400006753],[-82.2408940003271,37.66153099967873],[-82.25190100001123,37.65684700013746],[-82.25806800001374,37.656883000148206],[-82.27131199968974,37.66361700005767],[-82.28248599977847,37.67592500028076],[-82.28450100001248,37.675235999986576],[-82.28811899985358,37.66810799967733],[-82.2945610002157,37.670432999852636],[-82.29503200039387,37.678053000309404],[-82.30431400027221,37.676092999901336],[-82.30406800022492,37.67830699981105],[-82.29592399962324,37.686181999714464],[-82.3029400000957,37.69361100014478],[-82.30195799955634,37.69680400000753],[-82.2966890004276,37.699859000209706],[-82.29637499970994,37.70218499969892],[-82.30034499990353,37.705815999731904],[-82.30767799967009,37.70800599999899],[-82.31079699974389,37.71325500015574],[-82.3114229997328,37.71847399970243],[-82.31610500012899,37.72108100004432],[-82.31885400030694,37.73369500022286],[-82.32734399961672,37.736409999869636],[-82.33417400031635,37.7427709997678],[-82.32774500037303,37.749216000354366],[-82.32128799994231,37.75156300006918],[-82.3196469998021,37.758290000234624],[-82.31098199969182,37.76124000024074],[-82.31154499993153,37.76457900029905],[-82.31682499982921,37.76545500029612],[-82.32852000032484,37.76211799986012],[-82.33338000009796,37.764413999936075],[-82.33360500022886,37.76715000020657],[-82.32305799995395,37.77267800004322],[-82.3238859996092,37.774995000007735],[-82.33746499991928,37.774913999755775],[-82.33954799992539,37.77709600024016],[-82.34008600005072,37.78562500008821],[-82.3490259996223,37.78693300022109],[-82.35505299988272,37.79335399999973],[-82.36388899969721,37.79500200029646],[-82.36903700024872,37.80125899977652],[-82.37664100017695,37.802206999661465],[-82.3799829998335,37.811188000346476],[-82.38672499977129,37.81822499990734],[-82.39662199976786,37.80893200020677],[-82.4013219997074,37.80951200017593],[-82.40220299996444,37.81293700034766],[-82.39822699992305,37.82137800014832],[-82.39934599983144,37.829523000106185],[-82.4086570000221,37.83606900012885],[-82.4129369998371,37.84480099964533],[-82.42049300008472,37.84643299979447],[-82.41470900039688,37.85596999979562],[-82.4246230001119,37.86144900021629],[-82.42268099967279,37.86385900005196],[-82.40970800015843,37.86554200015805],[-82.40751299999935,37.86729699987028],[-82.41755999978375,37.870278999726374],[-82.41939199971968,37.874614000216134],[-82.41992900002012,37.88486999979136],[-82.43203200004642,37.88987600007151],[-82.43756499966409,37.89978599995293],[-82.44733100013944,37.90385699981038],[-82.45189600035977,37.90855100032196],[-82.4599940000324,37.90953599981834],[-82.46299099990746,37.91481999967379],[-82.46796500038172,37.913927000157216],[-82.46838200013323,37.903206999815886],[-82.47138999987895,37.89908599965867],[-82.47440699984551,37.89995499983944],[-82.47643299995019,37.90272500021741],[-82.47424000033925,37.90736499977721],[-82.47557400033278,37.911842999754896],[-82.47928900025826,37.91470099974917],[-82.4883460000057,37.91772399966829],[-82.48771400016903,37.91999200003513],[-82.480762000169,37.92464599976288],[-82.48065699968869,37.926168999848045],[-82.49594099971308,37.92695399967784],[-82.50243400012882,37.93345299998503],[-82.49995399956438,37.936820999986594],[-82.49134000040604,37.93574300026994],[-82.48927699959312,37.93821699983847],[-82.49696900028319,37.942019999648224],[-82.49722000035335,37.94624500005205],[-82.48555900019292,37.94580600001024],[-82.47177499984343,37.95873899981253],[-82.47221699970929,37.96051700028229],[-82.48445899965277,37.963577999823094],[-82.4844310000637,37.970921000162264],[-82.48122400012635,37.973072000112815],[-82.46885099976329,37.973229999867236],[-82.4645569997046,37.97744099971706],[-82.46456599992543,37.983876000125235],[-82.47218999994512,37.986710000172216],[-82.48359400018761,37.98384400035372],[-82.4860720002039,37.98986599966966],[-82.4860579999602,37.995646999913006],[-82.48865499980221,37.998911999999386],[-82.49985999985304,37.99889600020895],[-82.50842399968099,38.00150699989366],[-82.51363599980661,37.99909499992024],[-82.51919299971375,38.00113100021149],[-82.51554700028358,38.00660699978788],[-82.51975500012855,38.00837500034749],[-82.52506900036143,38.017503000008894],[-82.52631799996615,38.026970999655234],[-82.53192099990405,38.02929200022117],[-82.5387180000934,38.03740000009083],[-82.53709899969448,38.04465099988971],[-82.54415500034992,38.05259199970928],[-82.54484300026309,38.059075999836764],[-82.54949999964663,38.063233999708665],[-82.55036099981216,38.07010600015282],[-82.55963199981986,38.072781000310776],[-82.56598899979315,38.08099699986566],[-82.57385300001235,38.0819190002587],[-82.58335699964853,38.09003200016795],[-82.58554599995983,38.09497299988624],[-82.58534199974534,38.10663399984808],[-82.58700600035009,38.108663999884484],[-82.59241199974615,38.110415999650215],[-82.59869099990165,38.11669499980818],[-82.60616099993555,38.12078499984205],[-82.61922800005955,38.12053999984253],[-82.62090199981172,38.12278700024938],[-82.6218349999473,38.13329100024905],[-82.63698900027534,38.138718000260624],[-82.63862799986741,38.155914999855625],[-82.64453899977686,38.165248999980236],[-82.64295200006333,38.1694459997628],[-82.63721600005606,38.171389999907554],[-82.61936500032691,38.16887699983282],[-82.61252600030477,38.17061199970556],[-82.59900800009406,38.19778599966587],[-82.59848500003733,38.21791300032005],[-82.60861499966241,38.22349899971422],[-82.6124790004491,38.23529300002146],[-82.60812799959069,38.244829999705985],[-82.60193999967179,38.24987500010783],[-82.60426299987739,38.25084999973933],[-82.60438199970308,38.255434000051984],[-82.60683100030538,38.26102399974743],[-82.61430399981401,38.266077999959904],[-82.6196740001234,38.26567099981128],[-82.62791999993402,38.26901799982178],[-82.63438999988523,38.26697200028469],[-82.69947100006203,38.261913000000455],[-82.70237000002781,38.2574259996656],[-82.70471300032489,38.256598000271076],[-82.70532099987211,38.25311199980979],[-82.71035700027066,38.254160999947494],[-82.7151059997157,38.25046700001999],[-82.72146400041221,38.24976699992787],[-82.72390300007048,38.243609999820464],[-82.73519900035792,38.24257199977565],[-82.73680000031517,38.237487000299986],[-82.73892099995608,38.23696099990363],[-82.74642000030231,38.23681500003918],[-82.74677400030463,38.238929999783885],[-82.75312000040726,38.23661200005462],[-82.75645500039116,38.23920000032215],[-82.75833800038069,38.23832299992257],[-82.75827999975606,38.23606899972275],[-82.7663299997481,38.23509900003699],[-82.76846200015798,38.23822099973569],[-82.77193299968597,38.23711599994637],[-82.77799799958123,38.24103200035223],[-82.78265900006103,38.2382820003281],[-82.78613299996208,38.239816999834765],[-82.78632899978066,38.244642000167545],[-82.79326200041245,38.24459399978712],[-82.79479600042252,38.24051999980937],[-82.80348400009903,38.23943999995891],[-82.80776499973894,38.23711599994637],[-82.81153999993886,38.23814700024377],[-82.81386099959632,38.234059999986535],[-82.81732500034994,38.234966999933555],[-82.82161299966253,38.23236000012848],[-82.82407300013547,38.228290000305705],[-82.81982400028262,38.22562599970785],[-82.82008899969819,38.224010000132566],[-82.81486900007495,38.22296799971093],[-82.81226999968483,38.220016000057115],[-82.81403899987156,38.217317999735954],[-82.81836899991526,38.21720199987262],[-82.8170919998231,38.214350999691604],[-82.82060000005936,38.21027499980058],[-82.83928000016698,38.202463999849016],[-82.84573199967652,38.19591899978847],[-82.84958300004443,38.19438900013238],[-82.85173700019563,38.19093400022729],[-82.85693599990246,38.19056700011304],[-82.86779399962369,38.19401499973587],[-82.87263500002855,38.19233499983823],[-82.88376399991144,38.196027000160846],[-82.88578300034342,38.19206300028437],[-82.89294000038288,38.18884599983782],[-82.89752099959843,38.18279599983146],[-82.91365599974262,38.17875700034973],[-82.91878099982961,38.17899299988995],[-82.92154099987823,38.1754239997653],[-82.94483999973455,38.16831199992355],[-82.94950200003927,38.17031300019391],[-82.95154800023546,38.17298899978565],[-82.95698399976877,38.17456000001765],[-82.9678289999695,38.172471999945664],[-82.97150500043523,38.173638000208086],[-82.97573099982353,38.171995000207716],[-82.97830799957403,38.174771999808826],[-82.9894299997842,38.179346000333794],[-82.9906190000128,38.18180500017761],[-82.98885099965099,38.18694700027604],[-82.98964300021954,38.1901119998124],[-83.00923100034838,38.193559999795426],[-83.01193399959726,38.19875900020671],[-83.01146699961704,38.20575099991677],[-83.0270579997881,38.195503000099606],[-83.03679199957804,38.19977499984571],[-83.04027200022517,38.19944500020842],[-83.04352099999532,38.19522199966418],[-83.04792800003192,38.193024000205035],[-83.04857099973925,38.19040200009198],[-83.04638399997609,38.187383000247955],[-83.05107200022009,38.179064999705204],[-83.05180399961587,38.182440000274575],[-83.05578600040334,38.184506000122525],[-83.05473699991684,38.188622999667736],[-83.05302899982948,38.189624000236705],[-83.05399399975207,38.191003000303894],[-83.05990600038476,38.1914410001866],[-83.06225899982928,38.19745099979241],[-83.06616399972555,38.200540999669016],[-83.06926000023311,38.20069500005028],[-83.06927299975361,38.202866000213206],[-83.07578299988778,38.20643900016363],[-83.07710799966048,38.21083900021757],[-83.08319900039331,38.21719499994186],[-83.08199599992102,38.21864099997123],[-83.08455900032612,38.219781000112626],[-83.0839299999642,38.22292599991606],[-83.09207799986552,38.22797599989517],[-83.10168500033221,38.22609399995389],[-83.10368299994946,38.22771099975472],[-83.1038400003083,38.231285999830476],[-83.10569300016061,38.23124900009344],[-83.10796899961223,38.234887000160555],[-83.11605100028963,38.236200000112845],[-83.11950900029717,38.23330500010073],[-83.13500800040671,38.24203700032251],[-83.15501499993688,38.258711000297616],[-83.1547060001404,38.260803999837705],[-83.15896199966595,38.26445700010868],[-83.17778099969074,38.26696299998358],[-83.1775589999329,38.261088000121894],[-83.18512100002832,38.25941199980418],[-83.18585099977427,38.25255800008467],[-83.18913600042774,38.25335299966949],[-83.19090800008922,38.25010099989975],[-83.1969470000452,38.248828999858866],[-83.20254499996021,38.250442000006785],[-83.20373099981575,38.24784199965654],[-83.20268800007534,38.24561500004559],[-83.21815000037498,38.23705300015094],[-83.2191110000996,38.2319990000121],[-83.2168010003128,38.229779999920986],[-83.22008400041814,38.22749399976489],[-83.2209320001649,38.22298199987242],[-83.22320599996668,38.2215140000289],[-83.22142900028234,38.219719000177896],[-83.22265799979559,38.21129099965963],[-83.22090299985256,38.20968099977968],[-83.23257300023383,38.19875799986239],[-83.23286600013678,38.19341000011531],[-83.24203199966418,38.19156399972831],[-83.24430600036429,38.19238000022711],[-83.24541500022693,38.187763000252126],[-83.24440199972544,38.187207999988146],[-83.24744999965412,38.185305999913766],[-83.24927900011532,38.18694999967749],[-83.25265900030503,38.1863649996768],[-83.25621400039692,38.18949999977147],[-83.25885399989662,38.188026000142116],[-83.26027099973085,38.19007099987695],[-83.26422900022888,38.18809800020957],[-83.2438200001175,38.176081999941964],[-83.23793000012442,38.17772199982355],[-83.22676199988348,38.173792000273856],[-83.21576100004712,38.17710000014234],[-83.20897800010148,38.17473600026083],[-83.20525700032823,38.17551300026651],[-83.20379299974002,38.17266400023376],[-83.19953200019161,38.17091300015046],[-83.19899400006628,38.16864300012292],[-83.21180599992215,38.16447300013484],[-83.21766400012815,38.15941500002874],[-83.21706300025363,38.1526219997884],[-83.22001699957268,38.14879800029775],[-83.21862900005075,38.143636999897005],[-83.22244199988552,38.13207200027347],[-83.22587300012887,38.131146000067716],[-83.23481600007348,38.13287400003395],[-83.24792800040335,38.13015099974159],[-83.26076799984831,38.11962599984819],[-83.26116299985851,38.117093000293124],[-83.26958100009658,38.10907800006962],[-83.27057899963116,38.105987999683414],[-83.265863999623,38.106303000297885],[-83.26126900016372,38.10229199968666],[-83.26116000038378,38.09889199996206],[-83.26395899989213,38.094611999648606],[-83.26327699982674,38.090338000055034],[-83.26573499975154,38.087858000127326],[-83.26597199957801,38.082921000229035],[-83.27020399971244,38.07637099975045],[-83.2708489999679,38.06953600000604]]]}},{"type":"Feature","properties":{"GEOID":"21032","NAME":"State Senate District 32","BASENAME":"32","STATE":"21","SLDU":"032"},"geometry":{"type":"Polygon","coordinates":[[[-87.27231100024966,36.99617199965751],[-87.33597999971681,36.64165900008571],[-87.25004000006511,36.64171799990172],[-87.0704909996379,36.64272999965582],[-86.58990600038246,36.65244300028608],[-86.56390900040181,36.633561999649594],[-86.5512220002194,36.63799800028075],[-86.54994299957913,36.644759000305335],[-86.54335200015241,36.64385499980672],[-86.54382199960737,36.64042699973607],[-86.50778100021535,36.65237899986744],[-86.41137899977926,36.65092400009734],[-86.41380499991702,36.66100500032735],[-86.4128469996671,36.662725000345],[-86.41630899987258,36.66585799976777],[-86.41234500042508,36.67249899999184],[-86.4163160004436,36.67583600017612],[-86.41853800036685,36.675576000243545],[-86.41900100014912,36.67832099979879],[-86.41570299997518,36.68094399969261],[-86.416626000065,36.683698000011255],[-86.41452799999028,36.693460000344366],[-86.41139600039602,36.69580799978142],[-86.41443599992878,36.70119700021612],[-86.40897600010602,36.70918099975122],[-86.40961799998844,36.71162599986239],[-86.41481900024343,36.71442300021278],[-86.41003899993792,36.71679299964723],[-86.40859500033953,36.72080599996304],[-86.41371000038079,36.72231900003471],[-86.40897100008314,36.727260999890746],[-86.41272799984142,36.729726999892684],[-86.41086999996622,36.73473399992752],[-86.41414999969851,36.737940000014014],[-86.40873099988366,36.74096400015679],[-86.41002100039458,36.74705799999597],[-86.40576900016869,36.77618700027044],[-86.26327399963498,36.87324399982115],[-86.26551399999988,36.87549099970508],[-86.26393599960888,36.87654499984248],[-86.2626569998669,36.88442499993287],[-86.26877600018884,36.88727900026251],[-86.26895399956575,36.88950899994237],[-86.26724499965347,36.89086099976659],[-86.27037600032115,36.896289999941956],[-86.2718230002926,36.89586300031812],[-86.26589800013944,36.91811800014193],[-86.28516700042604,36.9285790000573],[-86.29349899955209,36.92967499993848],[-86.30456399986085,36.935415999784645],[-86.32856900007202,36.943292999827776],[-86.33042000027453,36.943166000283604],[-86.32916999994656,36.94077500009434],[-86.3396410000535,36.92035200025699],[-86.34130599958483,36.921854000178975],[-86.3514829999639,36.92352399996581],[-86.36405499962025,36.93331699969597],[-86.38184299960022,36.940843999850344],[-86.3883810002218,36.938194000179394],[-86.38770800037724,36.93553799964872],[-86.39549800007828,36.933225000254964],[-86.40806399988688,36.936107000190184],[-86.41521099988059,36.939839999925645],[-86.40961799998844,36.949585000038454],[-86.41553800011873,36.95156000010182],[-86.424419999964,36.948766000222804],[-86.44162799998581,36.9870199997126],[-86.44965299986349,36.986759000165804],[-86.4512239996835,36.98912599966176],[-86.46116599988594,36.98215899998114],[-86.46664999999813,36.981162000256035],[-86.48658000043373,36.96398300019481],[-86.5020390003603,36.95450899966432],[-86.50823300012698,36.95316500008659],[-86.50965300033425,36.955637999959066],[-86.51683299993994,36.956587999960355],[-86.52203300037,36.95149400003731],[-86.52365100004566,36.952921999890606],[-86.52955699993225,36.949563999969094],[-86.5332419997205,36.94612499970262],[-86.5301229996467,36.944416999997756],[-86.53366600004303,36.940693999864024],[-86.53249600008101,36.939219999761455],[-86.55691999969352,36.92125599987902],[-86.58406499989489,36.908100999753835],[-86.5986459999375,36.89645899995595],[-86.60771000025596,36.892831000157024],[-86.61645700038198,36.89215600028038],[-86.6744619998119,36.999765999867485],[-86.8453500003268,37.05651300018036],[-86.97639899988691,37.07358800002299],[-87.05316399979039,37.06101899994863],[-87.1180690002401,37.04473199981374],[-87.25025599997518,37.040556999750656],[-87.25086600007056,37.04940300003214],[-87.25316699963653,37.0505949998836],[-87.25986900028964,37.04979200006147],[-87.26208899966475,37.05307299979205],[-87.25528599962762,37.05481799981622],[-87.25344500036918,37.05328700028901],[-87.24658399970744,37.05440900002643],[-87.24378900039704,37.057713999921404],[-87.24848799961336,37.05867099993664],[-87.24524800006405,37.064115999684944],[-87.24919099959516,37.06568200027641],[-87.25001599977568,37.070157000165906],[-87.25466999968448,37.06969099965356],[-87.2518119997266,37.07554799966911],[-87.25885199959018,37.07547200009894],[-87.26027400034559,37.07465800028391],[-87.25930299967688,37.072690000317],[-87.27231100024966,36.99617199965751]]]}},{"type":"Feature","properties":{"GEOID":"21035","NAME":"State Senate District 35","BASENAME":"35","STATE":"21","SLDU":"035"},"geometry":{"type":"Polygon","coordinates":[[[-85.80471100014373,38.1970960002149],[-85.80201200019451,38.195627000228285],[-85.79257999963002,38.20247799971989],[-85.78477599968528,38.21290399966608],[-85.7837570002343,38.2115590001207],[-85.78111299963835,38.21279900007914],[-85.7795879998491,38.21072999975559],[-85.77212000036332,38.212697000093364],[-85.76956100015617,38.21124500019766],[-85.77052600007877,38.20570799981779],[-85.77619000011602,38.206328999930896],[-85.78184800030549,38.20183299974759],[-85.77735599988007,38.20187200022339],[-85.77741000030676,38.19862200020593],[-85.76846200033926,38.19853800002134],[-85.76639100002873,38.20047799996466],[-85.76556400019838,38.20515199981279],[-85.76117300005532,38.205156999683226],[-85.7495479998799,38.16015099967025],[-85.76363500017808,38.148652000196826],[-85.77455399999869,38.14275600013606],[-85.77246799961955,38.132445999887445],[-85.77574800025015,38.127341000314],[-85.77701299974841,38.12045100008914],[-85.7738579996896,38.11720000009968],[-85.78022300005881,38.11776700026931],[-85.7844390002997,38.11541899975654],[-85.7764279997674,38.10939000031827],[-85.77836600000853,38.10768600017822],[-85.77001800009066,38.09989800031243],[-85.77152500033657,38.09877199980104],[-85.76561500025203,38.092617000264156],[-85.75936000038598,38.105543000225744],[-85.74858299995728,38.112237000220475],[-85.73974799996769,38.10335299966649],[-85.73609800033955,38.106745000200725],[-85.73441100016859,38.10595600022266],[-85.73719399978343,38.1161870000726],[-85.73304500038799,38.11750099977815],[-85.71603999985744,38.11558399987891],[-85.70722499995935,38.11598300012481],[-85.70185499964995,38.11817500022913],[-85.70150700039373,38.11605299983162],[-85.69742800042019,38.11729199972217],[-85.6847499995603,38.115923000322745],[-85.66889800017164,38.11936699991286],[-85.66911999992949,38.11727000005344],[-85.66232100009032,38.118096000094425],[-85.64314899988811,38.122843000173305],[-85.64185599990243,38.13939999993306],[-85.64370000043223,38.140141000291486],[-85.64325900039125,38.15350500030175],[-85.64542699988785,38.15669000015638],[-85.64017200010453,38.16113199982717],[-85.63867200042962,38.18003099970255],[-85.64209699992686,38.18031499981101],[-85.64367299976973,38.18300000012646],[-85.64328600015546,38.184213999994405],[-85.63832199972693,38.18389599997433],[-85.637848000074,38.187166000032654],[-85.6624530003348,38.20018600033166],[-85.66851700040515,38.207874999965014],[-85.67020500040101,38.20751900016598],[-85.66726000040448,38.20540699982558],[-85.67208199964446,38.20288800019012],[-85.66992699966836,38.200147999983855],[-85.67115400043009,38.19951799991045],[-85.67401099966476,38.20320700016755],[-85.68228800033583,38.197964999933774],[-85.68613700015561,38.20092199981213],[-85.6932399997684,38.20086000004696],[-85.69640700042109,38.19863499976365],[-85.69251400022038,38.197169000154034],[-85.6938530002368,38.19303900019587],[-85.69814599957228,38.19426099980134],[-85.69745099998642,38.19689900033314],[-85.70118500017844,38.197693999881515],[-85.70691600016285,38.19374800005028],[-85.70504999989174,38.19139699966293],[-85.70998699965776,38.19053300010505],[-85.71495600010915,38.19171399968041],[-85.74590499992445,38.189540000263456],[-85.74702300000793,38.189645999978296],[-85.74087799974674,38.190618000095256],[-85.74373599970465,38.1943120000209],[-85.75031100013615,38.192844999793735],[-85.75105699977561,38.20865399986015],[-85.74788499999838,38.208789000334484],[-85.74707400006156,38.212465000271564],[-85.74699600024375,38.21136699999601],[-85.74185000024038,38.21358700006393],[-85.74532499996631,38.21697399996736],[-85.74909299959522,38.215341999735415],[-85.75214100042224,38.21831899965305],[-85.75161400016755,38.220139000022755],[-85.74532099976835,38.22285399970725],[-85.74342699990815,38.22173699968014],[-85.74191499963936,38.230801000048196],[-85.74042199963716,38.23037600011173],[-85.73728900021797,38.23291499984184],[-85.72765199961408,38.235731000141534],[-85.72447700036209,38.23163499983771],[-85.71946899955265,38.23419499989706],[-85.71788600003707,38.2322419997833],[-85.7080740004293,38.237645000062244],[-85.70424599962762,38.24404200018987],[-85.70783800042774,38.24762099966964],[-85.71574199993161,38.25020500032951],[-85.71817300009225,38.2489069997966],[-85.72199699979765,38.24989800032788],[-85.72800399996659,38.24501800016925],[-85.72700300005897,38.24373699971368],[-85.72878700031431,38.24308399997796],[-85.72737299995482,38.241287000217305],[-85.73464899981998,38.23929400013319],[-85.73374599982165,38.23811900011126],[-85.73782099959722,38.23835599968263],[-85.73858999970123,38.2364460001431],[-85.74084599995969,38.23694000016832],[-85.74058499984378,38.23845600008277],[-85.74461799978656,38.23887300031824],[-85.74546499970839,38.233986999648266],[-85.74921700034209,38.23551999982985],[-85.7488309996544,38.237762000299035],[-85.75466200009623,38.23839099973251],[-85.75414099968933,38.24135299985408],[-85.76058600042447,38.24204799968229],[-85.76004599975101,38.24620099981658],[-85.7749349997652,38.248021000264316],[-85.77719799969634,38.235426999919454],[-85.77871599981289,38.23449699991843],[-85.7720490002182,38.23392599968643],[-85.7713100002514,38.23010799980146],[-85.78099299998773,38.23100400002471],[-85.78349100009552,38.22044900020143],[-85.7878470000785,38.22099600015687],[-85.78828999976928,38.217555000043944],[-85.79834900014757,38.21488799979865],[-85.80050400012368,38.20738299993386],[-85.79923299987932,38.206624000340526],[-85.80471100014373,38.1970960002149]]]}},{"type":"Feature","properties":{"GEOID":"21036","NAME":"State Senate District 36","BASENAME":"36","STATE":"21","SLDU":"036"},"geometry":{"type":"Polygon","coordinates":[[[-85.62297599977826,38.238350999976525],[-85.61832199986945,38.23294399973588],[-85.61578399957871,38.234026999688055],[-85.61563299996597,38.229942999777556],[-85.60683800015936,38.21897499966361],[-85.603230000364,38.218816000206225],[-85.59016099969185,38.22691899976389],[-85.57617899987395,38.22287700000713],[-85.55554100033203,38.223246000295745],[-85.55354500036458,38.221681000176936],[-85.55878900027726,38.21260399994028],[-85.56059600009883,38.20167600015476],[-85.5636149997152,38.20344500011873],[-85.57601599966735,38.20306699991583],[-85.56545699969686,38.1942760002434],[-85.56847299983849,38.19234599965345],[-85.56895499988734,38.190200000267595],[-85.56525699968032,38.1884170000248],[-85.56170300031164,38.19061500013879],[-85.55203599957052,38.18829899972693],[-85.54964399976797,38.18059400008033],[-85.55020500035783,38.16765400022061],[-85.55374200000806,38.169265999990934],[-85.55577399996052,38.16608599970813],[-85.55964700006975,38.16430299979024],[-85.5668669998584,38.16380800026836],[-85.55955800038127,38.15390600005536],[-85.54882799980825,38.15022499992477],[-85.53835199967847,38.13662800006308],[-85.5324540001878,38.13738299996997],[-85.53196700011608,38.13568500034787],[-85.52572099957254,38.134072000306574],[-85.52462599995361,38.13233999965489],[-85.52044800024586,38.13421300011573],[-85.51777799971063,38.13271300017758],[-85.51570099955232,38.13398799989991],[-85.5168260002068,38.141775999782524],[-85.51002900001747,38.14422400029243],[-85.51022700038419,38.146629999903176],[-85.5157559998039,38.15380299997498],[-85.5071800002804,38.15779799968931],[-85.50476800038635,38.15684800015123],[-85.50288100019884,38.15244799967998],[-85.4966199995867,38.15487699988363],[-85.50207199991185,38.169220000111366],[-85.49557299964832,38.17276099983017],[-85.49451800021235,38.17692300002104],[-85.48864599976264,38.17643299976874],[-85.48381600012674,38.178610000294654],[-85.4871510001106,38.185971999743025],[-85.48575699984261,38.18776600032599],[-85.47141500017459,38.188144000176166],[-85.46663700041724,38.186733000290545],[-85.45752200004515,38.18998099974819],[-85.4542029999548,38.18971100010684],[-85.45251400013402,38.19499800026397],[-85.4544480001772,38.20218800023142],[-85.45251300030911,38.20514800019855],[-85.45014200042294,38.20464999992086],[-85.44681300028684,38.20777700031302],[-85.44750799987271,38.21000799974213],[-85.42747200003022,38.2035099999316],[-85.41471700007575,38.203835000243025],[-85.4048989997219,38.26373000007773],[-85.4682059996891,38.28530900017897],[-85.5146000000856,38.311010999944976],[-85.51896299974126,38.30883599984566],[-85.51733199964679,38.30620299975935],[-85.54861400044635,38.297473999712274],[-85.57237299971189,38.30936600032102],[-85.56164200021229,38.31555900021477],[-85.55388000010034,38.317356000060165],[-85.52696599987762,38.317949999877506],[-85.55996500008706,38.33638400000549],[-85.56114500009483,38.33331699974174],[-85.5744850000303,38.33021599978971],[-85.56979500013648,38.31868399967381],[-85.58223200007363,38.31485199980924],[-85.60571800042604,38.318807999792924],[-85.61131499961783,38.31273699993499],[-85.60865900022462,38.31295399982932],[-85.60754500033909,38.310361000121866],[-85.60467200031258,38.30919100027981],[-85.60036400001019,38.31173700001482],[-85.59349099965286,38.30889699965469],[-85.59791799978095,38.30666700028422],[-85.59807199976673,38.30262399980849],[-85.59955899992116,38.30212600019177],[-85.59724900013434,38.29945699985705],[-85.59812199999544,38.29774899969601],[-85.58565900011902,38.302941999737165],[-85.58288300017688,38.29618200027555],[-85.58426999987388,38.29355199979613],[-85.57760599975391,38.2860319998612],[-85.5723169996354,38.287602000070414],[-85.56650500035845,38.280792999746524],[-85.56396799989261,38.27394299976088],[-85.59932200009469,38.2641369998166],[-85.60444700018168,38.269781000347415],[-85.60653500021064,38.26686799987207],[-85.6076669996395,38.26812899976873],[-85.61036399993893,38.266643000151646],[-85.60681200022007,38.261949000174255],[-85.61753299967395,38.26083800016865],[-85.62247399963793,38.2578420001792],[-85.61895000040649,38.25193599988868],[-85.62297599977826,38.238350999976525]]]}},{"type":"Feature","properties":{"GEOID":"21038","NAME":"State Senate District 38","BASENAME":"38","STATE":"21","SLDU":"038"},"geometry":{"type":"Polygon","coordinates":[[[-85.93832099956083,37.998756000124125],[-85.92964899977785,37.99301600016569],[-85.90636599981504,37.9908589999116],[-85.90060100039376,37.97071999994255],[-85.9044419998176,37.957683000272255],[-85.90333899980276,37.94914199991075],[-85.90517699958644,37.94257900029653],[-85.90333299995496,37.94052500021952],[-85.8958369999818,37.9394859999137],[-85.87851500015715,37.94894799973709],[-85.87398900029486,37.9470339997336],[-85.86634799965842,37.948713000334024],[-85.85926599996202,37.94757700013851],[-85.854870999621,37.94538500014485],[-85.85120400027444,37.94081099973363],[-85.84767799959653,37.931145999776014],[-85.84896499973442,37.926139000089975],[-85.84756499961861,37.92305600034442],[-85.83595899970979,37.921071000299285],[-85.82927299984853,37.91783200032671],[-85.82752499957819,37.91337099991633],[-85.82746000017916,37.90063099975793],[-85.81847700005156,37.895922000171815],[-85.81681300034512,37.89217099966918],[-85.81321700024534,37.889333999916396],[-85.81916300031492,37.88651900026871],[-85.83544400004895,37.8926029996828],[-85.83910600027099,37.8899399999442],[-85.84027600023299,37.88289899979458],[-85.82901400028074,37.86986300018599],[-85.82021799975088,37.86431000010504],[-85.81733700022679,37.85826099966743],[-85.81130800031654,37.85670600007378],[-85.80314699999641,37.860015999718094],[-85.80054500013156,37.85950499969585],[-85.80052400021516,37.85437700014515],[-85.79660900027315,37.852735000184104],[-85.79389699990514,37.84801400012184],[-85.78555499983504,37.84289599968609],[-85.77435300015723,37.84258799990853],[-85.76206699983281,37.83694400015464],[-85.7595169998465,37.83161700006791],[-85.75036700021263,37.82715299969999],[-85.75005099984514,37.82347400023165],[-85.7421840001512,37.821871000044304],[-85.74123400029721,37.81965899988526],[-85.74253899997844,37.81614600024449],[-85.7377770001146,37.811790000176366],[-85.73604700028592,37.81247400035227],[-85.73401899963311,37.81098999994516],[-85.73161299958684,37.812300000155226],[-85.73072499965713,37.81108300003852],[-85.7290059996991,37.81249500003017],[-85.7287520001542,37.81002700019677],[-85.72630299955192,37.81106899974961],[-85.72098400019448,37.80992900026559],[-85.72036700042642,37.80859999979916],[-85.72297699978887,37.80860999983325],[-85.72423299996461,37.805878999828224],[-85.72279400038909,37.80786199993377],[-85.72170899991757,37.80630300009365],[-85.72099400024021,37.80776700001251],[-85.71485499982681,37.808226999689836],[-85.71570199974863,37.80978200012492],[-85.71034499985807,37.81066700005419],[-85.71079000009698,37.812427999752735],[-85.7068840003758,37.81406800015341],[-85.70445700041313,37.81290300008964],[-85.70230099971378,37.8141499999978],[-85.69785400039254,37.811331999917755],[-85.6929800003757,37.81523999968019],[-85.69154699974965,37.81845600004025],[-85.68741900027062,37.81792299999796],[-85.68200600030355,37.819726999839624],[-85.68339300000054,37.81543399968541],[-85.68064800002054,37.81487800028271],[-85.68155000019397,37.816341999795064],[-85.67646500028994,37.819195000319354],[-85.67490600016549,37.823410000102626],[-85.6718309995743,37.82373799999983],[-85.67058699999242,37.82234400030357],[-85.66782399957077,37.824746999759896],[-85.66242099964943,37.824782000023696],[-85.65617400017932,37.82813999967177],[-85.65149299960802,37.82845400000253],[-85.65374999969137,37.83255200031738],[-85.64248299971624,37.83439399979209],[-85.63989599991999,37.836905000085046],[-85.6402759998616,37.83890600013002],[-85.63720100016873,37.83878700023502],[-85.63777100008112,37.841878000298145],[-85.63414900004206,37.84191699986666],[-85.62982099964819,37.84530300033994],[-85.62727999988269,37.84975299976074],[-85.61743200028991,37.851822999799865],[-85.61015200022682,37.85937800021912],[-85.61330899993544,37.87003399973244],[-85.59967799974683,37.86944200027478],[-85.59845300043155,37.87259300012585],[-85.59389999990677,37.875573999977036],[-85.58742099973475,37.87614300021216],[-85.58031999977177,37.88308000014508],[-85.5774900003013,37.883204000081385],[-85.5762590002399,37.88512899978097],[-85.58113999992943,37.88664599975895],[-85.58480299997635,37.89355099992524],[-85.58568300040847,37.907728999674426],[-85.58386200034319,37.9111809997788],[-85.58111499981507,37.9113829999234],[-85.5757599995743,37.916769999957445],[-85.57276199987432,37.9159950002015],[-85.56708399959336,37.918674999976865],[-85.56560200036013,37.920031000072804],[-85.56651299985606,37.92366500007381],[-85.56533100019848,37.924899000326434],[-85.56028800012723,37.923011999729965],[-85.55148599974962,37.925954999841665],[-85.54291699989881,37.940359000332855],[-85.52994600003426,37.94723100003909],[-85.52524400044487,37.95274600009466],[-85.52391999959876,37.95755199972409],[-85.52788300011966,37.962593999766845],[-85.53430100019231,37.96535599999318],[-85.48920200032964,37.99065399973636],[-85.5168820002833,38.01126700012227],[-85.51245099995727,38.010891000236725],[-85.46923099988616,38.09622200016403],[-85.46287399991287,38.09587799989734],[-85.45051700034166,38.102704000140164],[-85.43767600017345,38.10211100006719],[-85.43512899966187,38.105560000258],[-85.43046800008038,38.10725100020634],[-85.4288300003132,38.11838299984409],[-85.52947700040421,38.08386399973129],[-85.53088699966743,38.08668799999204],[-85.54387000012585,38.08980500012191],[-85.5554760000347,38.084686999844415],[-85.55888600036164,38.09386199973491],[-85.56247400006549,38.095989000330874],[-85.56462099964568,38.094086999880865],[-85.57461300007682,38.12541000026988],[-85.58336000020286,38.14188800012581],[-85.5901420003236,38.13900099977544],[-85.58955300014463,38.13276600004227],[-85.59415799964962,38.12770199994689],[-85.5955150001077,38.12493200014099],[-85.59465700031521,38.122759000271266],[-85.601836000096,38.122967000255834],[-85.6023299998404,38.11660899978425],[-85.60587800025961,38.114908000088],[-85.60625099963019,38.11105600013983],[-85.61174899998609,38.1113610002169],[-85.61190899981968,38.10865800029478],[-85.62136300012547,38.10939400024029],[-85.62171600030287,38.11056800005339],[-85.64695000002729,38.110594000183646],[-85.65042499975326,38.10284599998461],[-85.67551500043592,38.10344199975653],[-85.67890499977308,38.10599199979172],[-85.68053599986754,38.105165999990795],[-85.69175000013922,38.10794899983749],[-85.69465199957975,38.10066200012476],[-85.69609000022868,38.10426600021539],[-85.69875499984273,38.10418299967304],[-85.70010300007998,38.10700099979785],[-85.70019099994353,38.10897999972557],[-85.69863900039009,38.10931599995398],[-85.70130200035432,38.11136299977063],[-85.70185499964995,38.11817500022913],[-85.70722499995935,38.11598300012481],[-85.71603999985744,38.11558399987891],[-85.73246299988172,38.11760000004226],[-85.73719399978343,38.1161870000726],[-85.73441100016859,38.10595600022266],[-85.73609800033955,38.106745000200725],[-85.73974799996769,38.10335299966649],[-85.74858299995728,38.112237000220475],[-85.75936000038598,38.105543000225744],[-85.76561500025203,38.092617000264156],[-85.77152500033657,38.09877199980104],[-85.77001800009066,38.09989800031243],[-85.77836600000853,38.10768600017822],[-85.7764279997674,38.10939000031827],[-85.78176000044193,38.1140220000838],[-85.78911800032284,38.11762699983404],[-85.7961670004073,38.11899599979941],[-85.8060540003581,38.11171400010891],[-85.80572600029507,38.10979100007176],[-85.84172700040241,38.08985200030147],[-85.85402799989714,38.0886110000477],[-85.85700999970358,38.0863050000416],[-85.85891500033274,38.08662099971539],[-85.85764699956313,38.08573399980518],[-85.8661839996269,38.07496600015761],[-85.86762999977344,38.06732299989957],[-85.85172800015607,38.065272999784774],[-85.84416500023575,38.06823399997716],[-85.83971600036635,38.06579799994704],[-85.83815899989172,38.06379899978682],[-85.84152300018792,38.060154999797426],[-85.84225899978166,38.05148500030702],[-85.88237200037283,38.04087900028044],[-85.88349200010613,38.03758199972193],[-85.89734500005261,38.02980900013913],[-85.90417499985392,38.02896299978891],[-85.90417200037919,38.02674499980116],[-85.90656699965649,38.02475400011709],[-85.90512800008096,38.02249999976745],[-85.90649800005951,38.02013400015533],[-85.9070880000634,38.02253700001553],[-85.9100659996719,38.02303299968191],[-85.90964200024769,38.0197759998821],[-85.91278899991057,38.02065200025384],[-85.91541199969183,38.014254999695424],[-85.91398599963676,38.01065099975322],[-85.91796199967814,38.00906000012409],[-85.91971400014643,38.01039699997812],[-85.92412399965777,38.00758000003745],[-85.93301499972388,37.99770300007344],[-85.93832099956083,37.998756000124125]]]}},{"type":"Feature","properties":{"GEOID":"21008","NAME":"State Senate District 8","BASENAME":"8","STATE":"21","SLDU":"008"},"geometry":{"type":"Polygon","coordinates":[[[-87.49994100034601,37.638751000158294],[-87.49934799996909,37.626711999883426],[-87.48101799966584,37.59991599986488],[-87.45925700001753,37.592861999828884],[-87.44259899981662,37.5916170001902],[-87.42476099960795,37.59268700004283],[-87.41012400038716,37.58975099993193],[-87.39697000022451,37.58925299983897],[-87.37999700037935,37.57842900003912],[-87.37069799988424,37.56096800004407],[-87.35987899962277,37.54787999994541],[-87.36053800012193,37.54235200010415],[-87.3664699999478,37.53366300001274],[-87.36005299970005,37.53280900013217],[-87.35455600006736,37.528374000294995],[-87.34918599975798,37.51767499985907],[-87.34955900002689,37.514731000346494],[-87.35750000023899,37.50772399973791],[-87.35939300027428,37.50399100002765],[-87.3568829995726,37.495386000084075],[-87.3618169998639,37.48697499965209],[-87.36040900025051,37.48475699970441],[-87.3561570000246,37.483954000171146],[-87.35411199965336,37.48065400015461],[-87.3582969999321,37.46569299966602],[-87.35539700014142,37.45856399978558],[-87.35514400042142,37.44630799977995],[-87.35134199955901,37.43750099994398],[-87.35254000000843,37.4265590000679],[-87.33671799985869,37.41248799976572],[-87.33256100006734,37.411837000051754],[-87.32970899995723,37.40821899979559],[-87.32514100026215,37.40739099993191],[-87.32533500043091,37.405894000347956],[-87.32926500044154,37.403920000257735],[-87.32854300019319,37.3984619997097],[-87.32037000017749,37.39802699985312],[-87.31901100006958,37.401002999668734],[-87.3118299997407,37.40197500018739],[-87.30772400000298,37.39991999988161],[-87.30520499997877,37.39500699968553],[-87.30655599969076,37.392695999979736],[-87.30212100006507,37.39373699976637],[-87.3008909998286,37.39006499979196],[-87.29697800043475,37.39260299996375],[-87.2390280003581,37.3851690003058],[-87.22967399961142,37.38237699992462],[-87.2269129997379,37.383480000248376],[-87.2161189995908,37.38045200026657],[-87.21101199994546,37.38207600019261],[-87.21079600003539,37.380991000212234],[-87.17106800030699,37.41358900015688],[-87.11229700024782,37.41153699981474],[-87.10620399986517,37.41528400003321],[-87.10164000036804,37.4139899998043],[-87.09980300040925,37.41604200001425],[-87.10145600024504,37.422062000044306],[-87.10034999985712,37.427284000063906],[-87.10428999991348,37.434068999975935],[-87.10241399959662,37.448660000354764],[-87.10484200028252,37.4615550002137],[-87.12043900030137,37.46855900032033],[-87.12362699997216,37.47521000035146],[-87.1356289997161,37.48515299965568],[-87.1242720002276,37.48694599985812],[-87.12094399991645,37.4842460001576],[-87.1202939996381,37.479769000241454],[-87.11736799990814,37.47751800029039],[-87.11849699986227,37.47530999986276],[-87.11726800034903,37.47237700027153],[-87.11236099982192,37.472085000244945],[-87.10690699984694,37.48003199984826],[-87.10311099973063,37.48089999983942],[-87.04937600006998,37.55185999975397],[-87.03825999970759,37.560803000086665],[-87.00609700044767,37.580466000278996],[-86.95028300008056,37.629898999699556],[-86.94207099970683,37.62897399986233],[-86.94180499956803,37.627019999712566],[-86.93863600016384,37.62562000023042],[-86.93322900004452,37.62622900034634],[-86.93343900010682,37.62300200027369],[-86.93260399988056,37.62478399996915],[-86.93080000043204,37.62365399998163],[-86.92977299968683,37.625195000264874],[-86.92928800016325,37.62334999979048],[-86.92432600028289,37.62562000023042],[-86.92069800039606,37.62431500005287],[-86.92053099999146,37.625520999754094],[-86.91618199968119,37.62657900035492],[-86.91707299998396,37.62799300034449],[-86.9150140002673,37.62981199981234],[-86.9167530003168,37.6312870000563],[-86.90973299964638,37.62931699984057],[-86.9094389999185,37.63049700013466],[-86.90391700017149,37.63023400028503],[-86.90475400004757,37.632753999649495],[-86.89504100017402,37.63915000025932],[-86.89239099973027,37.64300100012988],[-86.87874399964811,37.642911000317234],[-86.87824900007878,37.64695200009342],[-86.86504200021271,37.64949999990827],[-86.85453299957263,37.65478500033793],[-86.84242600024666,37.66519599981653],[-86.8277580001654,37.667283000090315],[-86.82424300025649,37.671063000257405],[-86.8175139998392,37.673814000125354],[-86.86655199993334,37.70885000024813],[-86.82342899994663,37.73775400016438],[-86.62231600041292,37.655008000074055],[-86.67787299996374,37.79284799995427],[-86.66608799995475,37.83580299980065],[-86.65930800038217,37.83820600011929],[-86.6552849995868,37.84250599973711],[-86.6609519999971,37.84785499989104],[-86.66248099998431,37.857084000143495],[-86.65818100007785,37.86996400029368],[-86.64471899994362,37.89499099998176],[-86.64400799956591,37.902397000097345],[-86.64626600037252,37.907918999898584],[-86.65042599963859,37.910861000063555],[-86.6803970000108,37.915076999932026],[-86.68586100003151,37.91318500031771],[-86.71743599983569,37.8935039999922],[-86.72238600002052,37.89270000009549],[-86.73254499995791,37.894767999855034],[-86.75112100030846,37.913355999908994],[-86.77099200029451,37.94158200019422],[-86.77392499969716,37.947900999724816],[-86.77783899981426,37.951687999727156],[-86.77998200009479,37.955529000259894],[-86.77856699991041,37.95714399993692],[-86.78734400017369,37.96907999978296],[-86.79496499982032,37.98921299998626],[-86.8148590002709,37.99877999985426],[-86.82434700001356,37.998751999814395],[-86.83276400042672,37.99468499976515],[-86.85214800034106,37.98901999985827],[-86.86091399983535,37.98436799972383],[-86.88581399964893,37.963619000158985],[-86.90198300012833,37.94644799977671],[-86.9189219996383,37.93683699984885],[-86.94673999968423,37.93332700022295],[-86.96757899996594,37.932690999747045],[-86.96674299991477,37.93348300030143],[-86.97617999960381,37.93111200017789],[-87.00997499968142,37.91989300033716],[-87.03416599966543,37.90626499984644],[-87.04175600024826,37.89917499990652],[-87.0458779998795,37.8926459997719],[-87.04605899962947,37.88770899996579],[-87.04305099988373,37.87795600014792],[-87.04324000002963,37.86836799986866],[-87.04923299995485,37.85399499998966],[-87.05666399963069,37.82753100013182],[-87.06541400012979,37.80761399972546],[-87.0715329995534,37.79981800001029],[-87.08927899970055,37.78786199964967],[-87.09841099979107,37.78462499968646],[-87.11379100007494,37.78230900016635],[-87.13006799961103,37.78677899978493],[-87.13394099972025,37.79271800005645],[-87.13585499967193,37.803895000349364],[-87.14111500037646,37.815517999961145],[-87.15468899976536,37.834185999796816],[-87.1617040004129,37.8397639998726],[-87.1689910001487,37.84212899967053],[-87.17583600001863,37.841017000205554],[-87.2023340003147,37.844199000210224],[-87.22026000038693,37.84897099976983],[-87.25549999988787,37.867802000300685],[-87.28077299997035,37.885943999964155],[-87.30291399956023,37.897821000007745],[-87.32340200021265,37.81923899982223],[-87.31928300005615,37.81905200033468],[-87.31400900000624,37.81572899978439],[-87.30837799958094,37.815626999982136],[-87.30326000006495,37.811708999801304],[-87.30287500010049,37.80894400019353],[-87.3082899997174,37.80370899968401],[-87.31048099967853,37.79900699992945],[-87.30740599998565,37.79607100002276],[-87.29918799976411,37.79530800027897],[-87.29900199999129,37.788004999693705],[-87.29731700036845,37.78520599987149],[-87.2939070000415,37.78382899978184],[-87.27400199972027,37.78426300002212],[-87.2715899998262,37.78291600000467],[-87.27160800026788,37.780120000310816],[-87.28471300002671,37.769863000026966],[-87.29093299973268,37.75999599975572],[-87.32077000021059,37.742517999682065],[-87.33956300029612,37.73913200033253],[-87.37233300017668,37.73756600019758],[-87.38496000008463,37.73150600012543],[-87.39470599957016,37.72283299994033],[-87.39389600035656,37.71027199999044],[-87.39610200038629,37.70247500035388],[-87.4143439999277,37.67360099980202],[-87.42176200008305,37.66990800017019],[-87.43982200004959,37.670859000298776],[-87.47016400014257,37.66604499997142],[-87.49413599984346,37.6489579996449],[-87.49994100034601,37.638751000158294]]]}},{"type":"Feature","properties":{"GEOID":"21037","NAME":"State Senate District 37","BASENAME":"37","STATE":"21","SLDU":"037"},"geometry":{"type":"Polygon","coordinates":[[[-85.89279400007597,38.166605999882826],[-85.88992299969927,38.16632599965207],[-85.88164199972854,38.16115499985035],[-85.88466799991595,38.157518000241836],[-85.88299900018663,38.157255999931465],[-85.88284799967559,38.15327700015623],[-85.8792159995908,38.14993300019814],[-85.88362500017554,38.1458570001073],[-85.88578099997655,38.1408040003321],[-85.88613199960582,38.13266000027446],[-85.88924499983185,38.129136000130934],[-85.88698699992358,38.12055199989626],[-85.87978200020355,38.1153790002918],[-85.87891400036531,38.11220700020042],[-85.87676100003904,38.11408899997795],[-85.87673500009977,38.11638699991168],[-85.86773000023086,38.11315000000146],[-85.86695399955583,38.11447999991713],[-85.86251300008236,38.11328600012243],[-85.86056899999343,38.11554599994375],[-85.85616899962953,38.11587399981174],[-85.85567999990799,38.11269800027449],[-85.85263799982708,38.113171000099065],[-85.85099400021214,38.105935999669036],[-85.84477100013315,38.105912999909165],[-85.84615500035541,38.103528999970166],[-85.84329200037465,38.10228699982818],[-85.842035000374,38.0976280002484],[-85.83733999955899,38.097824999763894],[-85.85402799989714,38.0886110000477],[-85.84938099966102,38.08829600023033],[-85.84172700040241,38.08985200030147],[-85.80572600029507,38.10979100007176],[-85.8060540003581,38.11171400010891],[-85.79634200030947,38.11894899998963],[-85.7844390002997,38.11541899975654],[-85.77937000028919,38.11789099978454],[-85.77454999980073,38.11661500013436],[-85.77701299974841,38.12045100008914],[-85.77574800025015,38.127341000314],[-85.77246799961955,38.132445999887445],[-85.77455399999869,38.14275600013606],[-85.75153399980161,38.15729299984365],[-85.74943300025215,38.160923999840925],[-85.76117300005532,38.205156999683226],[-85.76556400019838,38.20515199981279],[-85.76639100002873,38.20047799996466],[-85.76846200033926,38.19853800002134],[-85.77741000030676,38.19862200020593],[-85.77735599988007,38.20187200022339],[-85.78184800030549,38.20183299974759],[-85.77619000011602,38.206328999930896],[-85.77052600007877,38.20570799981779],[-85.76956100015617,38.21124500019766],[-85.77212000036332,38.212697000093364],[-85.7795879998491,38.21072999975559],[-85.78111299963835,38.21279900007914],[-85.7837570002343,38.2115590001207],[-85.78477599968528,38.21290399966608],[-85.79160800003473,38.20328000033319],[-85.80046300011578,38.19642200025018],[-85.79906800002288,38.19674400002279],[-85.80071500001087,38.19420600003678],[-85.80106499981524,38.1861440000073],[-85.80892200036175,38.185424000117436],[-85.81952200034011,38.17123699972588],[-85.82372500016221,38.17398499988765],[-85.81361899992827,38.184318000019466],[-85.8272650001855,38.18151299981553],[-85.83352699972423,38.18216699991586],[-85.83382600037329,38.18000700009022],[-85.84646800034986,38.18099300007452],[-85.85587200042693,38.172611999690716],[-85.86354699960194,38.176060000341145],[-85.87034399979127,38.1670559997158],[-85.87750099983074,38.17098500018059],[-85.88194399985235,38.17582599968211],[-85.88967900020013,38.1753879998332],[-85.89279400007597,38.166605999882826]]]}},{"type":"Feature","properties":{"GEOID":"21030","NAME":"State Senate District 30","BASENAME":"30","STATE":"21","SLDU":"030"},"geometry":{"type":"Polygon","coordinates":[[[-84.12686399986545,37.64294900018818],[-84.11252100037252,37.605648000256295],[-84.09036399999081,37.5662269996765],[-84.0450230002788,37.563572999647555],[-83.99351200019123,37.57341799988792],[-83.9652439998835,37.581421000152034],[-83.93984600012756,37.57317300000987],[-83.90556999982599,37.54285599991314],[-83.90026499981394,37.53579499965267],[-83.89351399965533,37.5311190000585],[-83.89310000027687,37.52658300009876],[-83.88526199999694,37.51768799965213],[-83.8816769997678,37.51585399967498],[-83.8753969997874,37.5162439998606],[-83.86630499987987,37.51364999970844],[-83.86746499979614,37.51191399975472],[-83.86680799984511,37.50508299965726],[-83.86481799972545,37.5021850002894],[-83.8573090002318,37.50106899969475],[-83.85626499976816,37.49848199965711],[-83.85209299990821,37.49772199966728],[-83.85178800030967,37.495626000021424],[-83.84669800038277,37.49600600024539],[-83.84161599995348,37.49205399976898],[-83.8349560000315,37.49207799972777],[-83.82979400013457,37.486837999690756],[-83.82417399957994,37.488896999978806],[-83.82401299992145,37.48724600005824],[-83.74298400009653,37.494253000323496],[-83.74324600003735,37.50534900010793],[-83.74504899966095,37.50812699968443],[-83.73861300004492,37.51754699969311],[-83.7324589995629,37.521088999740805],[-83.70172099963482,37.50770500018894],[-83.68043899966231,37.511984000235316],[-83.66650000040045,37.52419999989446],[-83.66262999976595,37.531368000043436],[-83.6574369999069,37.53658799971231],[-83.64802500033223,37.54016200033991],[-83.64594800017392,37.53856200033092],[-83.64272399961982,37.541418999708405],[-83.63980200008781,37.53924299999627],[-83.63570600039584,37.54001100014884],[-83.63479500000159,37.537873000081404],[-83.63026400011644,37.537336000197996],[-83.62931599991228,37.533739000238974],[-83.63077999960215,37.5313389996817],[-83.62818600013321,37.52932400009646],[-83.62700399957733,37.52264899993278],[-83.62294800006832,37.520650999889405],[-83.61976899972007,37.52193300031744],[-83.61846599968865,37.52100699964869],[-83.62238099963066,37.51077500004591],[-83.61866200040555,37.51110399969999],[-83.61349799996049,37.50880400020692],[-83.61027699977944,37.510449000335775],[-83.6101410002353,37.51406899997239],[-83.60762399986095,37.51483600028606],[-83.60432400003718,37.51172800011325],[-83.60053499959355,37.51261700006294],[-83.5906669999093,37.509359000347686],[-83.58957300011525,37.50609999971293],[-83.5823800000908,37.50361499990425],[-83.57932200011635,37.506240000111426],[-83.57768099997614,37.505277999997304],[-83.57655700004489,37.499921000100635],[-83.58017400006106,37.496428000298806],[-83.57981800040892,37.49308600029818],[-83.57608500004177,37.492692000327196],[-83.57104199997055,37.48914899983334],[-83.57061199980024,37.484750999840195],[-83.56784500007893,37.48312599975504],[-83.567800999698,37.48109899975117],[-83.56966799979402,37.480494000052396],[-83.56928799985243,37.47705200013797],[-83.56462600044603,37.475353999662346],[-83.56613399961853,37.473132000218705],[-83.56491599997592,37.47099999991835],[-83.56284100036575,37.47034399998611],[-83.56121699994398,37.47254699967373],[-83.55766100002718,37.467885000266904],[-83.55529500016388,37.46847400005399],[-83.5477010002814,37.46400100006885],[-83.54906000038933,37.46273199966362],[-83.55253900031325,37.46321700014351],[-83.55503200039814,37.460551000203324],[-83.54985899973225,37.44942199988933],[-83.54546699976426,37.44698300022666],[-83.54662000000786,37.445051999710685],[-83.54973400005879,37.445622999883774],[-83.5538180000552,37.44087299984067],[-83.55456899971756,37.438394000250454],[-83.55106200020457,37.43636599988183],[-83.5524880002596,37.4330379999365],[-83.54330500011548,37.42560499991823],[-83.54471399955378,37.42231300025155],[-83.54161999959433,37.41847799986026],[-83.53890200027682,37.41751100010278],[-83.53578400002795,37.419741999885275],[-83.53428099998,37.41740899979287],[-83.53566299965412,37.41298400009935],[-83.54046300005109,37.41101399992251],[-83.53859199975712,37.406695000247964],[-83.54102899976553,37.40458200027401],[-83.54165499975441,37.398726000296165],[-83.54585500010178,37.39867299986109],[-83.54920099995631,37.39414200027923],[-83.54618800018773,37.388332999787046],[-83.5429410000674,37.3885180003504],[-83.5440819997171,37.384708000232465],[-83.54175400038694,37.38327899969763],[-83.5498339996179,37.37855099972012],[-83.54822799963779,37.376294999698395],[-83.54873200032625,37.37153199996305],[-83.54284599963283,37.36763199967847],[-83.54505800040867,37.36507500025772],[-83.54524800037949,37.36188700024262],[-83.54239399972123,37.36097899974389],[-83.54029499982161,37.356177999750415],[-83.53405900022216,37.352794999845244],[-83.54155199982227,37.3467929996626],[-83.54321499970379,37.33683200009052],[-83.55169599969105,37.33276000016188],[-83.55180299982116,37.32698099983593],[-83.5471020000567,37.32392700032426],[-83.54851899989093,37.31795400005758],[-83.54549299970354,37.31658899993938],[-83.5498410001889,37.31372699980826],[-83.54913099963612,37.311042000058734],[-83.55331699973978,37.30985499972166],[-83.553895999873,37.30610200001734],[-83.54940199979778,37.30668699968401],[-83.54764600002983,37.30228100015291],[-83.54989200024254,37.29852900017419],[-83.54769600025854,37.29629399985014],[-83.55125300000026,37.292516000004134],[-83.54973700043183,37.29109799978467],[-83.55177699988191,37.28721799975079],[-83.54813999977424,37.286096000096066],[-83.5467289997878,37.28385700023104],[-83.53700400021867,37.286043000159125],[-83.53770100035268,37.28123699969529],[-83.53428199980489,37.280164000157555],[-83.531760000306,37.274880000006185],[-83.52891499986858,37.27533500020437],[-83.52596200037443,37.27295700010129],[-83.5241780001191,37.27515899981291],[-83.52204499988429,37.27452400008113],[-83.52125400003897,37.27291300008181],[-83.52421099973104,37.26822999988174],[-83.52151299960673,37.26440900034452],[-83.52923000041115,37.26137199987114],[-83.52125800023693,37.25535299977653],[-83.5159280001105,37.25677500031121],[-83.51126300033106,37.25507299992534],[-83.512766000379,37.25145699995232],[-83.50964899995502,37.24793899986865],[-83.51137799995878,37.24226400027222],[-83.50788599961606,37.23587700009323],[-83.52892200043958,37.23125899978021],[-83.50511300004699,37.20421300024053],[-83.55130300022898,37.1675099999373],[-83.55123700010674,37.119056000286115],[-83.53528400043575,37.10309599971069],[-83.55310099982971,37.079281000001906],[-83.54522099971697,37.08034000006138],[-83.53843399957337,37.06763800029362],[-83.54169099973943,37.061131999849096],[-83.53880600001737,37.05812800004083],[-83.54162999964008,37.054891999835455],[-83.54135900037673,37.05243600029564],[-83.53904899969162,37.05057499987692],[-83.54153199973078,37.04760899990448],[-83.54580900007105,37.04848900020691],[-83.54756400001408,37.043579999793955],[-83.54563400016886,37.04165199993113],[-83.53677700043795,37.042092999933324],[-83.54034000002746,37.038363999856855],[-83.54072099979396,37.03589900027469],[-83.5330559997664,37.036235999871636],[-83.53042899978718,37.0282709999614],[-83.52688200009119,37.02579699986541],[-83.52648100023319,37.02147200004],[-83.51965800010458,37.02008899987805],[-83.51632999979341,37.016309000027455],[-83.51606000035497,37.01083399970814],[-83.51153299976947,37.00836399986375],[-83.51301800027407,37.0054280002938],[-83.51134299979869,37.003078999759516],[-83.51644399959622,37.0006609998082],[-83.51930499992717,37.001074999666244],[-83.52303699957108,36.99848700028232],[-83.50908300024058,36.93850900023573],[-83.51128099987439,36.925747999778885],[-83.50948200044876,36.92337500002522],[-83.50432300002656,36.92472999984448],[-83.49969699970684,36.921886000086886],[-83.4995240003528,36.91982200007274],[-83.49234700022188,36.9188080003467],[-83.48906699959127,36.91204099985949],[-83.49805599956663,36.909146999838406],[-83.49931500011543,36.90601700022027],[-83.5034879998003,36.90577499970265],[-83.50481000009829,36.903916999662975],[-83.50342900024908,36.90089600006085],[-83.50436999988223,36.89852100001987],[-83.50022999980932,36.89541599987032],[-83.4931170001508,36.895470000015216],[-83.49260499996474,36.8969800000371],[-83.48762200016796,36.893142999937986],[-83.47994700009464,36.894445000110515],[-83.47689099977002,36.8965939998385],[-83.47358300044864,36.891810000324405],[-83.4657640004353,36.889346999673826],[-83.46476699982732,36.88689799985023],[-83.45954800002897,36.88575699973217],[-83.45752600012226,36.88315400002462],[-83.45577700002703,36.883604999725065],[-83.45420600020701,36.890176000167315],[-83.45181500022935,36.892193000074926],[-83.4470950001983,36.88973399998457],[-83.43400399978485,36.89422899999298],[-83.4343589996121,36.89081600004451],[-83.43278000029449,36.88871700015129],[-83.40861400042482,36.890217999973494],[-83.40030199959364,36.89866599971816],[-83.39608899972579,36.899113999790046],[-83.39552700020933,36.90360400018553],[-83.40171299958008,36.907882999767786],[-83.40000700004087,36.90981499994995],[-83.40243999985131,36.91611900024557],[-83.39965600041158,36.92095499965776],[-83.39406900036722,36.9192309998147],[-83.38993900034006,36.92027899965227],[-83.38623000026236,36.922261000116116],[-83.38455700033512,36.925912999934226],[-83.3239190001799,36.940709000019524],[-83.29167099963286,36.95218999966657],[-83.27768299996717,36.96095600015301],[-83.26001999966067,36.96895100029459],[-83.23942300012662,36.9857890001024],[-83.23283400034974,36.995262999957625],[-83.23060700040361,37.00246200031195],[-83.227735000202,37.00319900016806],[-83.22588399999951,37.005713000039805],[-83.22142699973422,37.003089000279076],[-83.21456000012297,37.00543299968187],[-83.21089200005316,37.003230000290614],[-83.20330200036865,37.0037370002931],[-83.19966699991083,37.01144299981542],[-83.19792200001355,37.01219800032662],[-83.19514600007142,37.008903999971075],[-83.18578200017731,37.00607999979002],[-83.18614000037759,37.00762299989686],[-83.18150400001214,37.01385700004848],[-83.18202299987091,37.02118200007049],[-83.17382100044122,37.01706199980064],[-83.16701500003104,37.02064599970124],[-83.160824999564,37.02073900020103],[-83.1601059996887,37.01385899986888],[-83.15376499960892,37.01540600013897],[-83.15035799965503,37.012968999980245],[-83.14423599985838,37.01366200008895],[-83.14246500002184,37.006452999966626],[-83.13696099981814,37.00412300026926],[-83.13027999997973,37.00594500012899],[-83.12841600025679,37.00288400012647],[-83.12417400007662,37.00569099965442],[-83.11967199960547,36.997913999710846],[-83.11423699989709,36.99846700018356],[-83.11295800015512,36.994793000355195],[-83.1095500003763,36.99184500022561],[-83.10346399966636,36.99342299990065],[-83.09820300003523,36.99940900005489],[-83.09359900035514,36.99810400002446],[-83.08936899987056,37.002131999838134],[-83.08503299997906,37.0018619998851],[-83.07887699984721,37.00876900030388],[-83.07329099962779,37.01193800033221],[-83.06872499958251,37.01084000012521],[-83.06581999976896,37.014895000196425],[-83.06227700027094,37.016431999980185],[-83.05826600006947,37.015387000077716],[-83.05454299974808,37.018033000324586],[-83.05817599965778,37.025004999789424],[-83.04949700020211,37.02943499995185],[-83.0522780001671,37.03237700014232],[-83.05206499973178,37.035037999766395],[-83.05763099985974,37.03504799966589],[-83.06118799960146,37.03872500001981],[-83.06553600008684,37.038668999691886],[-83.06702800026413,37.04321599976558],[-83.07191200032669,37.04227200030564],[-83.07348300014671,37.04727099969499],[-83.068708999689,37.05070200011664],[-83.06199699988846,37.051782999859505],[-83.06215000004934,37.054304000191046],[-83.05751000038423,37.056933000044545],[-83.05755100039212,37.06210600034249],[-83.04864100005946,37.05862000017517],[-83.04274100002064,37.06221500009586],[-83.04699499989637,37.06742300021089],[-83.04693799999495,37.06932800004065],[-83.04365400006472,37.071049999676134],[-83.04263800008849,37.07313099986046],[-83.04363399997322,37.075204000290036],[-83.0402939999665,37.07866999967003],[-83.0474400001353,37.086651000005105],[-83.04753100037189,37.09115899995473],[-83.05114599983993,37.09229699979495],[-83.05170800025472,37.09624099968848],[-83.04713200016371,37.09880699987615],[-83.0468779997205,37.102616000055654],[-83.05478100029777,37.10387299998193],[-83.05427699960929,37.10826599994253],[-83.05913800010565,37.11298199994627],[-83.06137900029547,37.1175899997112],[-83.05707299964291,37.127394999646],[-83.0538470003373,37.12980799985177],[-83.03561099974536,37.1572400001703],[-83.03708299983117,37.16194199981596],[-83.04889200012963,37.16942099990979],[-83.04303599957343,37.17047500014231],[-83.0374290003359,37.165265000330365],[-83.03403900010045,37.16883999993867],[-83.02845500042915,37.169597000255244],[-83.02233799975704,37.17485700024799],[-83.02123499974216,37.17801600023424],[-83.01546299974989,37.178293000271616],[-83.0130629995514,37.1837609998646],[-83.00955500021348,37.18635600030918],[-83.00915000015752,37.18989199987207],[-83.0023339997016,37.19334699994899],[-83.00014600011355,37.19606600035063],[-83.00359599972512,37.199564999776456],[-83.00634400007816,37.205874000170546],[-83.0142740004196,37.20451699988555],[-83.01487399957091,37.20866599994178],[-83.02047700040711,37.20997099968623],[-83.0234180002057,37.20837899978023],[-83.02973800036905,37.208444999811825],[-83.03245499986163,37.21113699981764],[-83.03298299994125,37.2168309999961],[-83.03420700032993,37.21736500010633],[-83.0539030004138,37.21541900023219],[-83.05609400037491,37.22234600023906],[-83.05983600006456,37.22370300034387],[-83.0607680003752,37.22665999990419],[-83.06309900007842,37.227038999811775],[-83.06740400000776,37.23125799987669],[-83.06816800008892,37.23568000015093],[-83.06669099998024,37.238910000005795],[-83.06844699974818,37.24172500028751],[-83.06634200000077,37.244591999950714],[-83.07035800022511,37.2485210000664],[-83.08251700032794,37.24772600002174],[-83.08298000011021,37.242754999785056],[-83.09073700019928,37.242373999985254],[-83.09216999992704,37.23845500001276],[-83.1005670002487,37.23565200019721],[-83.10752199972349,37.23611400024919],[-83.10845599968395,37.237779000121385],[-83.11243099990043,37.23819299977353],[-83.11621799979591,37.24072700035493],[-83.12145300038608,37.23879499979536],[-83.12313100033622,37.236293999688804],[-83.1268050002538,37.235972999911226],[-83.12329600019265,37.24397500014872],[-83.12040200024975,37.24692699995766],[-83.12102999988846,37.25172299980379],[-83.12589300003464,37.25624000016199],[-83.12166300044838,37.26057400032847],[-83.12632400002985,37.26482799969149],[-83.12724899976949,37.26840100011619],[-83.12402500011372,37.275497999777556],[-83.12436400004741,37.28046600031526],[-83.11944399999983,37.2833869997583],[-83.12308500030547,37.28793000005435],[-83.12210600013914,37.29087299971728],[-83.12018600033969,37.29136200005401],[-83.11930300043284,37.29543200024532],[-83.11562100011933,37.29518500034181],[-83.11055899978153,37.29864000033351],[-83.11122699960322,37.30073099986171],[-83.10986400019566,37.3025790000347],[-83.11099599962455,37.305805000148645],[-83.1163719997817,37.30721800016773],[-83.11664100029353,37.3086159997731],[-83.11322000009594,37.31300400018505],[-83.11238999989254,37.31764999998598],[-83.10979999972326,37.31952600034321],[-83.11228500031055,37.32336899989741],[-83.11060300016246,37.32516099965629],[-83.11490499971876,37.325939000082336],[-83.11728700037389,37.32821399968651],[-83.11070199989666,37.33189100006716],[-83.1098590001728,37.336201000023365],[-83.11280499999422,37.340314999958196],[-83.11193399978296,37.34250900026365],[-83.1347110003058,37.45718100034852],[-83.09300699980312,37.49827399977603],[-83.09204199988052,37.502169000345106],[-83.09476599994412,37.50791499973624],[-83.09210499962971,37.51211199996705],[-83.09520600016018,37.51360700008561],[-83.09530999991725,37.51638700020175],[-83.09446600036844,37.5184469998117],[-83.09015899989097,37.517491000353004],[-83.08882999992029,37.52270999975349],[-83.08610300038197,37.521212000066285],[-83.0841979997528,37.52197999994566],[-83.08075700036203,37.517993999662416],[-83.07795799995536,37.519016000121354],[-83.07095999992457,37.51684600026757],[-83.06891200007858,37.51749800009468],[-83.0689830002237,37.52150300011585],[-83.06501200020519,37.525649999748424],[-83.0622660004003,37.526231000173624],[-83.06075699960626,37.52274900005657],[-83.05566900022748,37.52035600017684],[-83.0505819997753,37.525119999935036],[-83.04724099994367,37.52600599987752],[-83.04605199971509,37.52450199987935],[-83.04696300010932,37.52199500032099],[-83.03459399994424,37.5138780000452],[-83.03649399965221,37.51097100022671],[-83.0312620003334,37.50634099994065],[-83.02477399994054,37.507128999864136],[-83.02047099966101,37.50549599993165],[-83.01390299980054,37.508544000044104],[-83.01173299975581,37.50521899982388],[-83.00450600029446,37.5034089997616],[-83.00266500013771,37.5011999999543],[-82.99942399986517,37.50344199967392],[-82.99530300005884,37.503564999866526],[-82.9925699997744,37.50138700004626],[-82.9852339996348,37.50655399988746],[-82.97898899981449,37.50002399970973],[-82.97334400004384,37.49781199976973],[-82.96631300040106,37.50077799978646],[-82.95627300028936,37.50009399993728],[-82.94854399978935,37.503167000196264],[-82.94420500042314,37.5014339997861],[-82.9455390004167,37.49757099980604],[-82.94161799972859,37.496236000191864],[-82.94117599986271,37.48970099987043],[-82.93642499986953,37.49112999976903],[-82.93346499980437,37.493991000145634],[-82.93171800025728,37.49141100014078],[-82.92856900004624,37.490819000035074],[-82.92546000001819,37.48652499976259],[-82.92107399989798,37.490811999929946],[-82.91646000017215,37.48856700007171],[-82.90912099965949,37.49175400034644],[-82.91060000031631,37.499523000248175],[-82.90710100030091,37.50385700015538],[-82.9035729999732,37.504666999747464],[-82.90196600016819,37.50811500014715],[-82.89617800028236,37.5089260003439],[-82.89546500025484,37.51059800030565],[-82.89728200012215,37.51494300017427],[-82.89160499966611,37.51908300001877],[-82.8943780001335,37.52192600027931],[-82.89431799985904,37.52462599983993],[-82.89203400001149,37.52676299971013],[-82.89386599994742,37.52951299996302],[-82.89257100031193,37.532266999965145],[-82.87961999964057,37.53491799967676],[-82.8785440002882,37.539042000305855],[-82.87935799969975,37.54052099976919],[-82.88525600008873,37.54095400020175],[-82.88587799987965,37.543532000141084],[-82.88986499979168,37.54381499987459],[-82.88943799999443,37.54656400029409],[-82.88536900006663,37.549312999762336],[-82.88865600036992,37.55073400000035],[-82.88785200010581,37.55460100005184],[-82.89061499962915,37.55468900018284],[-82.88890499989195,37.56483500023464],[-82.89713300015923,37.56766199997831],[-82.89960000030487,37.57057800019492],[-82.89860400042014,37.57327899988168],[-82.90214699991814,37.57693200017428],[-82.89712700031144,37.58040800001511],[-82.8965189998659,37.58832000012536],[-82.90403800030361,37.594517999733014],[-82.90246199956242,37.59953900012383],[-82.90627500029548,37.606214999878446],[-82.90450699993366,37.608997999838124],[-82.9061499997237,37.611134000178524],[-82.90452100017737,37.617018999712826],[-82.90575300006367,37.618933999727496],[-82.9041930001143,37.6207939999262],[-82.90029599971564,37.62123900034371],[-82.90329000011597,37.62401099971892],[-82.9017219997707,37.62734799966113],[-82.90482300030116,37.6281770002369],[-82.90666899958248,37.631043999846305],[-82.90503099981531,37.63884299964787],[-82.90301300010654,37.640957000296446],[-82.91261600037525,37.6437920002262],[-82.91254600005506,37.646350000248404],[-82.908924000016,37.64921299988358],[-82.91172400024759,37.65320399967094],[-82.91881199979176,37.65382999995241],[-82.92255100000666,37.65673800007746],[-82.9277620003074,37.656547000317204],[-82.92753800000139,37.65956500021768],[-82.93077599990089,37.6620819999909],[-82.93342999964428,37.66210199985302],[-82.93338899963639,37.664828000189246],[-82.93616200010379,37.66502299993497],[-82.93736800005082,37.668485000124726],[-82.94222299980107,37.669111000264536],[-82.94143100013085,37.67401099981679],[-82.94587300032752,37.677938000148266],[-82.94076300030916,37.71633799978115],[-82.94825699973418,37.719870999967554],[-82.95058199958962,37.79473399993411],[-82.98771900022211,37.81409399973312],[-82.98976200004523,37.818180999800056],[-82.98406000037316,37.82584500006735],[-82.98629200034216,37.82661499980453],[-82.98682299989649,37.8298239996641],[-82.98152000043257,37.835412000308224],[-82.98643399973405,37.83851699996409],[-82.98411399990151,37.84150899986773],[-83.00464900040959,37.859246999708624],[-82.99733500001129,37.86975799969552],[-82.99172500040072,37.871367999991286],[-82.98921700024721,37.869588999989894],[-82.9874930002663,37.873665000266364],[-82.98385000031087,37.87571599978804],[-82.98620199993047,37.87742599966528],[-82.98342000014055,37.87948399980049],[-82.98416199958208,37.88267599991057],[-82.98285600007594,37.88449100005908],[-82.98817100013373,37.89125299990778],[-82.98656699980346,37.89840800002824],[-82.98185799964305,37.89887800001375],[-82.97695500021223,37.89333300034462],[-82.96964900020984,37.897875000079544],[-82.96579799984195,37.89320300022242],[-82.9614229995924,37.89382700013321],[-82.9642959996189,37.903298000316674],[-82.96090700010667,37.90687499977077],[-82.96150600033138,37.912764000011265],[-82.97006400031154,37.91113499979465],[-82.97315200042321,37.914231000184316],[-82.97014999962694,37.9155020003523],[-82.97099400007404,37.9178590001122],[-82.96812299969736,37.92105300004838],[-82.96837600031567,37.924024999971536],[-82.97238499996901,37.92641700030808],[-82.97264299971187,37.93046800010981],[-82.97535199970685,37.930789999786164],[-82.97713599996219,37.93921499989803],[-82.98512200038013,37.94284299992026],[-82.98459400030052,37.94522099974469],[-82.98076700022207,37.9440680001147],[-82.98052000034987,37.94830200033682],[-82.98123699967704,37.95000599989651],[-82.98463799978315,37.95107800031495],[-82.98738799978601,37.95559399982094],[-82.98709200040831,37.96242099987316],[-82.98901399985759,37.96396800032949],[-82.99270500039195,37.96132399997815],[-82.99632800025589,37.962577999846964],[-82.99833500009402,37.96367800020489],[-82.9988909997627,37.96779999988814],[-83.00435700033154,37.96647700023511],[-83.00923399982311,37.968206000037256],[-83.0108389999783,37.97011600029374],[-83.00972099989482,37.97415000023349],[-83.01446199984227,37.972599000128206],[-83.01591100036185,37.97360299985226],[-83.01388899955681,37.97942099991808],[-83.02190000008912,37.981822999764255],[-83.02193000022635,37.9877099999469],[-83.0240170004304,37.98789800009302],[-83.02519499989002,37.99110900009251],[-83.01921399966037,37.99930100011256],[-83.0239050002774,38.00132499984021],[-83.02412600021034,38.00389500034919],[-83.02162700027765,38.006214999750455],[-83.0243200003791,38.007320000122036],[-83.02410100009598,38.00958200035301],[-83.02913300029657,38.00949099978738],[-83.03861500019144,37.99974099985009],[-83.0411259998197,37.999253000277534],[-83.0424909997754,38.00221300023703],[-83.04425199956619,38.00162900005782],[-83.0446309996829,37.998100999766976],[-83.04787100013051,37.99672799986543],[-83.05715800003172,37.99940099996297],[-83.0562910000184,38.002348999979546],[-83.05911299999129,38.00439299982827],[-83.0592469998856,38.006222000110775],[-83.06534100009316,38.00794899972299],[-83.07354400024607,38.001539999963924],[-83.07699600040581,38.00713600006029],[-83.08736200003244,38.00798199972522],[-83.08935399980194,38.01044500030402],[-83.09392999989295,38.00778199993423],[-83.09739299992331,38.010395999882576],[-83.10168899963185,38.009750999789325],[-83.10459599999353,38.00619500023408],[-83.10982300018779,38.00389999985474],[-83.11303000012512,38.005812000125516],[-83.11534599975971,38.00383499988513],[-83.11987300034524,38.00431799992689],[-83.12226199977476,38.0024330001942],[-83.1241089997793,38.00443500019255],[-83.13594099964395,38.004396999830284],[-83.13700900039703,38.00223400033862],[-83.14078500042187,38.00173699985968],[-83.14012400027289,38.000274000333704],[-83.14320300016371,37.99645200008179],[-83.14471899973213,37.99662799990995],[-83.14479800027318,37.999851000079886],[-83.14697400016568,38.00007599981072],[-83.14971599977261,38.004821999686705],[-83.15178200006027,38.00525999994234],[-83.15197600022903,38.01044500030402],[-83.1558030003075,38.01069199997991],[-83.15961299976921,38.008146000095145],[-83.1740180000847,38.01705699996674],[-83.17656700024611,38.012774999740785],[-83.1815790003552,38.011920000215696],[-83.18399999957178,38.0131070001364],[-83.19361200006132,38.0105589997134],[-83.19667400023371,38.01348700019329],[-83.20319600006346,38.014058000169285],[-83.20812500033188,38.01864900010444],[-83.20906900033809,38.021858999791306],[-83.21152800008781,38.022239999696836],[-83.21229600036692,38.02520699998246],[-83.21089600025113,38.02713400012858],[-83.21496699982876,38.02820299968864],[-83.21908500016035,38.02605600018624],[-83.22154999975785,38.027392000088774],[-83.22377900025212,38.03132799965554],[-83.22148199998578,38.03221300020029],[-83.22058099963728,38.035603000081515],[-83.22303500026246,38.041326000024654],[-83.22255499986343,38.043743000147195],[-83.23091899967481,38.04645599966869],[-83.23284199984735,38.05185600008426],[-83.23859999959592,38.05345599979077],[-83.24118599956726,38.05090700023072],[-83.25005999991491,38.050218000118825],[-83.25613200038116,38.054464999929685],[-83.26769599955891,38.05901300028294],[-83.26766499959676,38.06289899989282],[-83.27084599959484,38.06920200004989],[-83.27054699984411,38.07473800008165],[-83.26597199957801,38.082921000229035],[-83.26573499975154,38.087858000127326],[-83.26346799962245,38.089719000256714],[-83.26395899989213,38.094611999648606],[-83.26112100002571,38.10072799997979],[-83.265863999623,38.106303000297885],[-83.2706940001572,38.10619499987665],[-83.26397200031093,38.11545300016777],[-83.2729689997839,38.11189299972262],[-83.27702000016836,38.1073859998167],[-83.28375899973308,38.10547399984636],[-83.28607500026598,38.10228199996934],[-83.29933400001059,38.099687999787925],[-83.29881299960368,38.09258600028384],[-83.30359700010715,38.08989000016876],[-83.3071139996659,38.090950999930975],[-83.31498399973289,38.08794199986618],[-83.32040900029385,38.08874699989275],[-83.32559600030513,38.08481500021253],[-83.32839099961551,38.08571300030583],[-83.33259000013798,38.08405199999106],[-83.3341559999351,38.084245000153466],[-83.33406899989647,38.08888699982249],[-83.3374289999947,38.08816699985279],[-83.33912299983837,38.086310000286474],[-83.33761700031569,38.082375999997865],[-83.34126299974587,38.07817500017033],[-83.34297099983323,38.07811600031093],[-83.3441440001683,38.073547999805065],[-83.34614500015861,38.07220999983403],[-83.34272800015898,38.06947900024213],[-83.34919899993507,38.06798099971933],[-83.35126199984968,38.06490100006488],[-83.35392099961595,38.067014999816315],[-83.36396300027579,38.066231999773386],[-83.37136800001237,38.06955999989336],[-83.37119800013306,38.05980299997046],[-83.37417499991665,38.05917399989945],[-83.38101899996165,38.062065000350195],[-83.38287099998905,38.05636600028697],[-83.38046199956975,38.05154900021593],[-83.38250100009321,38.05070599991425],[-83.38650800009673,38.054337999699435],[-83.38990500000487,38.054569000293895],[-83.39162999981068,38.04837899994678],[-83.39605699993876,38.04562400015098],[-83.39515300011553,38.04210499976682],[-83.39866200017666,38.03887500013539],[-83.40277200011234,38.03949199997299],[-83.40639300032646,38.044981000224055],[-83.40811899995718,38.042970000173426],[-83.40646699994632,38.0396950000467],[-83.4088520000762,38.03919600017104],[-83.41208599977773,38.04202899988067],[-83.41234900044178,38.044698999709226],[-83.4155689998996,38.04551399999179],[-83.41689000037266,38.048013000266394],[-83.42525900020694,38.045312999724125],[-83.43048600040119,38.0470670003123],[-83.43124299991133,38.043874000335336],[-83.4393020001242,38.04032100006596],[-83.43216099997828,38.03836599965644],[-83.43394199986058,38.03397400025832],[-83.4443429996473,37.942468000332504],[-83.49602699998724,37.89062799984701],[-83.49911300044909,37.87454400016524],[-83.5029310003067,37.87368399988538],[-83.50323500008031,37.87138300004665],[-83.5066000002014,37.869303000095854],[-83.4971860000786,37.867946000016744],[-83.49199700041748,37.86403499986483],[-83.49995000032517,37.856843999839775],[-83.51700199981306,37.851732999649734],[-83.5219119998149,37.84211400004576],[-83.526190999805,37.837576000318414],[-83.52647899968507,37.83381899994058],[-83.52414499960881,37.83116699979152],[-83.52967399992686,37.83024199967023],[-83.53663799962246,37.82555699978751],[-83.53931999985326,37.82671700003331],[-83.54171900022685,37.824900999803106],[-83.5465170000757,37.82486400002939],[-83.5514100003591,37.821615000021374],[-83.56363200021109,37.82012099967801],[-83.56262399973248,37.825248999988865],[-83.5755310000229,37.81972000016032],[-83.58232999986207,37.82058700020134],[-83.5818379997675,37.82432499997588],[-83.58545499978366,37.82550399969489],[-83.58731100000902,37.81960699966916],[-83.59099199959931,37.818223000161076],[-83.59828099988324,37.82206200018984],[-83.59794899962222,37.82561800015496],[-83.60024900026161,37.83014200018976],[-83.60834600010932,37.828201999770634],[-83.6089219998695,37.829355999838356],[-83.6054739999077,37.83199300025333],[-83.61717900044908,37.83554299989177],[-83.62139200031693,37.8344030002255],[-83.62495099970847,37.82440900006808],[-83.62798100009381,37.822668999822945],[-83.63036899969843,37.8254540003089],[-83.6432159997144,37.825946999941294],[-83.64763699999469,37.83353100027504],[-83.65081799999278,37.835202999992696],[-83.65655599964988,37.83219600020787],[-83.66085599955636,37.83362000027202],[-83.66342499980927,37.83535100023316],[-83.66127300020618,37.83989000021476],[-83.66621800036812,37.84585400002862],[-83.6722079999203,37.84241999987463],[-83.67567099995071,37.84401600035187],[-83.66804100008322,37.84882000010884],[-83.66735200034513,37.85244699990025],[-83.6738130000755,37.85258499983678],[-83.67740699962715,37.85650200013145],[-83.75617599989398,37.8996800001113],[-83.75906800018707,37.90505799976932],[-83.75660400041447,37.907858999656966],[-83.75594300026548,37.91384100001484],[-83.76327500020713,37.91751199977822],[-83.7699679997411,37.91781300005179],[-83.77115699996968,37.91527800003496],[-83.77537700040854,37.91472300006538],[-83.7765230000811,37.91132100032395],[-83.78121600034798,37.91053500014056],[-83.78201399986598,37.908169999740885],[-83.79443800028268,37.90620699986924],[-83.79959900035469,37.907379000215464],[-83.80646699979083,37.90315499968173],[-83.8115960000758,37.903834999788856],[-83.81453199985148,37.90014900030032],[-83.81592399957135,37.903186999877704],[-83.82828600006376,37.90638099966373],[-83.83271599966655,37.90275300002162],[-83.83803800029537,37.906089999678315],[-83.84142599998269,37.90629800020413],[-83.84369800013465,37.90592600021227],[-83.84418100000843,37.9028580002558],[-83.8526360000564,37.902755999746894],[-83.86073299990412,37.90535899996796],[-83.8624989997178,37.90816899966982],[-83.87740699999857,37.90459099991591],[-83.88062999982942,37.9089660002782],[-83.88003700035082,37.913645000221166],[-83.8839079999119,37.91329699985038],[-83.8863309996766,37.916542000128985],[-83.9081619996451,37.91671700024064],[-83.95963500009783,37.93389799987947],[-83.9658559996287,37.93075699978739],[-83.96832199994941,37.93124799989326],[-83.97183100001057,37.92923900012747],[-83.97383500037394,37.9303399999435],[-83.97954500044195,37.92826699966721],[-83.97599600019782,37.9235439998542],[-83.97958399990168,37.922851999914805],[-83.98215300015458,37.924680000225365],[-83.98342000020098,37.92240500001701],[-83.98556599995625,37.924960999819184],[-83.98566399986555,37.92161999981167],[-83.99176899994377,37.91777600013636],[-83.9925730002079,37.914268999745005],[-83.98968900031072,37.913073999910196],[-83.99227699993189,37.9071670002803],[-83.99171799989013,37.90326500003125],[-83.98576400032297,37.90293700019147],[-83.98734000016586,37.899760000099505],[-83.99011799975781,37.899803999737024],[-83.99353999978032,37.891880999793706],[-83.9982699998571,37.88748399976372],[-83.9959950002304,37.8828799997163],[-83.9984389999115,37.88084300024647],[-83.99656000011991,37.87812400003467],[-84.00045800034349,37.87503799979171],[-84.00035100021336,37.870720000073376],[-84.00388500038886,37.870440000271515],[-84.00277599962791,37.86716799979932],[-84.00585399969384,37.864098000247736],[-84.0064500004438,37.86005100027008],[-84.01461800043661,37.858189000311526],[-84.01698500012483,37.86002399984577],[-84.01966900000546,37.869588000103754],[-84.02260300013133,37.87066799968414],[-84.02737000001804,37.869454000349336],[-84.0219250002639,37.85786499985732],[-84.01843000044647,37.855784999923046],[-84.0117729999992,37.85579600002045],[-84.00829599972512,37.85346699971336],[-84.01338800020015,37.85355799997831],[-84.01359599971428,37.85152699986968],[-84.0021630000578,37.83801400029735],[-84.00436800026262,37.83397900029374],[-84.01703799982828,37.83282300010223],[-84.019608999731,37.83433300029425],[-84.01994400036507,37.83793599984999],[-84.0129410003114,37.84070000001128],[-84.01539300038843,37.84292199975124],[-84.02584799970352,37.83722499982847],[-84.03955699970994,37.833720999668195],[-84.04307900018986,37.841614999722815],[-84.04832700030052,37.83727499975164],[-84.0521209998687,37.8415960003489],[-84.05369699971158,37.84711300019198],[-84.05900799957142,37.847920000276666],[-84.05662699963949,37.84234799994568],[-84.05744000012446,37.83542800022649],[-84.05989600039945,37.83301200022689],[-84.06649500022209,37.830877000303346],[-84.0672929997401,37.82328499980141],[-84.0722980001765,37.8218590000298],[-84.07649799962554,37.82578000009502],[-84.07760999986125,37.83389499974364],[-84.0766209996492,37.8377009998228],[-84.08002599995325,37.84451699977943],[-84.0770290000782,37.850845000175326],[-84.08033700029789,37.853065999842336],[-84.08267700022192,37.84393799986721],[-84.08884800042239,37.83674999993198],[-84.09267600032574,37.83578300000388],[-84.10311499974732,37.84004399986775],[-84.10916600029718,37.82590199970125],[-84.12022599968476,37.81738099998534],[-84.12182300034236,37.80774899974469],[-84.11817000034117,37.80469600014037],[-84.11470599958756,37.80468500022953],[-84.09915899979742,37.81560499986713],[-84.09661100035926,37.8159200002109],[-84.08634699994155,37.81019100025418],[-84.07572500022188,37.80827400007564],[-84.07376400041453,37.80208700011508],[-84.07796100038884,37.79748300028047],[-84.09570300033805,37.78558000011949],[-84.10739600028553,37.78409699994002],[-84.10912399956607,37.78167100026975],[-84.10901800015917,37.778169999802195],[-84.10499799973687,37.77457099969525],[-84.08642499975934,37.77073599979447],[-84.08186100026224,37.76827799995273],[-84.08963699971956,37.75766000031235],[-84.08760499976711,37.7533930000201],[-84.08107600026469,37.74907500006062],[-84.08027500037362,37.745978000204005],[-84.08619399978068,37.738674999659324],[-84.09668900017705,37.73508699969325],[-84.09166399964916,37.724449999748366],[-84.09399799972542,37.72161799984291],[-84.09795000037566,37.72169300021553],[-84.09920599965311,37.71897600000865],[-84.0982979996319,37.71687199967245],[-84.09282199991561,37.713961000235244],[-84.09592099989793,37.71097499964606],[-84.09203600009316,37.70946600023285],[-84.09359699986743,37.70675199995464],[-84.091785000023,37.70360300009217],[-84.09156900011293,37.69514400030707],[-84.09463799995802,37.69254799969135],[-84.0916600003495,37.68987899975476],[-84.09268100034863,37.68671100033402],[-84.10075300008197,37.67857000008051],[-84.09713199986783,37.6756650003043],[-84.09679499958395,37.67093999994166],[-84.0928770001672,37.667810999886925],[-84.08895300000437,37.66751599988586],[-84.09165000030377,37.66435700024388],[-84.09570300033805,37.66425599982866],[-84.09644999980245,37.6612160002236],[-84.10391599963839,37.65922600005492],[-84.10714100001742,37.659816000064616],[-84.11245100005233,37.65615500001499],[-84.11315800023208,37.65066199965345],[-84.11582100019632,37.65082400025616],[-84.11718699997691,37.64810800034989],[-84.12063999996155,37.64887500013981],[-84.11913100006582,37.64698799992246],[-84.12661799981815,37.645404000185664],[-84.12686399986545,37.64294900018818]]]}},{"type":"Feature","properties":{"GEOID":"21016","NAME":"State Senate District 16","BASENAME":"16","STATE":"21","SLDU":"016"},"geometry":{"type":"Polygon","coordinates":[[[-86.47511300044204,37.0162660002419],[-86.47422600033725,37.00735500006817],[-86.46656899980728,37.00739999986452],[-86.45838099972296,37.00336599979961],[-86.45483599967682,37.00450999975351],[-86.45101199997141,37.00321600030625],[-86.44513700004697,36.9973919998716],[-86.43272699987398,37.00284600019496],[-86.42661199975002,36.99704599968571],[-86.42624699987704,36.99481500030673],[-86.43005499968892,36.98696899990459],[-86.42844899970882,36.98313500013662],[-86.42465799961536,36.98066999990102],[-86.42747700011353,36.97977999971463],[-86.42622000011286,36.97909799979645],[-86.43476399984932,36.97135100015946],[-86.424419999964,36.948766000222804],[-86.41553800011873,36.95156000010182],[-86.40961799998844,36.949585000038454],[-86.41521099988059,36.939839999925645],[-86.40832800037583,36.93622200033126],[-86.39549800007828,36.933225000254964],[-86.38770800037724,36.93553799964872],[-86.3883810002218,36.938194000179394],[-86.38184299960022,36.940843999850344],[-86.36405499962025,36.93331699969597],[-86.3514829999639,36.92352399996581],[-86.34130599958483,36.921854000178975],[-86.3396410000535,36.92035200025699],[-86.32916999994656,36.94077500009434],[-86.33042000027453,36.943166000283604],[-86.32856900007202,36.943292999827776],[-86.30456399986085,36.935415999784645],[-86.29349899955209,36.92967499993848],[-86.28516700042604,36.9285790000573],[-86.26589800013944,36.91811800014193],[-86.2718230002926,36.89586300031812],[-86.27037600032115,36.896289999941956],[-86.26724499965347,36.89086099976659],[-86.26895399956575,36.88950899994237],[-86.26877600018884,36.88727900026251],[-86.2626569998669,36.88442499993287],[-86.26393599960888,36.87654499984248],[-86.26551399999988,36.87549099970508],[-86.26327399963498,36.87324399982115],[-86.40576900016869,36.77618700027044],[-86.41002100039458,36.74705799999597],[-86.40873099988366,36.74096400015679],[-86.41414999969851,36.737940000014014],[-86.41086999996622,36.73473399992752],[-86.41272799984142,36.729726999892684],[-86.40897100008314,36.727260999890746],[-86.41371000038079,36.72231900003471],[-86.40859500033953,36.72080599996304],[-86.41003899993792,36.71679299964723],[-86.41481900024343,36.71442300021278],[-86.40961799998844,36.71162599986239],[-86.40897600010602,36.70918099975122],[-86.41443599992878,36.70119700021612],[-86.41139600039602,36.69580799978142],[-86.41452799999028,36.693460000344366],[-86.416626000065,36.683698000011255],[-86.41570299997518,36.68094399969261],[-86.41900100014912,36.67832099979879],[-86.41853800036685,36.675576000243545],[-86.4163160004436,36.67583600017612],[-86.41234500042508,36.67249899999184],[-86.41630899987258,36.66585799976777],[-86.4128469996671,36.662725000345],[-86.41380499991702,36.66100500032735],[-86.41137899977926,36.65092400009734],[-86.33212599981375,36.648701000225216],[-86.16543500017148,36.637763999744074],[-85.83243200010529,36.6221000001221],[-85.50150700002231,36.6148550002275],[-85.43644199973902,36.61865499978838],[-85.49693199975623,36.69071800028306],[-85.47079900023145,36.72805100035113],[-85.47102099998929,36.7332159997174],[-85.48380100005812,36.73545299966965],[-85.50007000009661,36.733422999746324],[-85.50854199986304,36.736797000072904],[-85.51140800021686,36.73505999995211],[-85.5120800002365,36.73162200031029],[-85.51742899973117,36.731325999842156],[-85.51933900038321,36.73469400034588],[-85.5229789999656,36.73616099967815],[-85.52354300003022,36.738782000122995],[-85.52164300032224,36.743499999962644],[-85.524133999859,36.74317499965062],[-85.52740899956842,36.74564100029185],[-85.52578300039512,36.747302000214496],[-85.52830499989405,36.74977799987209],[-85.52781000032472,36.7513649996969],[-85.53169099993154,36.75602799997674],[-85.53934699973829,36.758917000344475],[-85.5397559999922,36.76089799971539],[-85.53752200037337,36.76128799994726],[-85.53832200043954,36.763439000060224],[-85.5411779998493,36.764439999869815],[-85.5412270002531,36.76689699968017],[-85.5390300004442,36.771934000130294],[-85.54251299966775,36.774813999922145],[-85.54655200035664,36.773535999830756],[-85.55223899996012,36.774347999842284],[-85.55699900017413,36.771668000253364],[-85.55848700015348,36.77333599994695],[-85.56324399999443,36.772978999706545],[-85.5710429999163,36.77069899973328],[-85.57129200033665,36.772040999801526],[-85.5743939997937,36.772555999876],[-85.5730349996858,36.77430599969286],[-85.57516899974551,36.77496100008995],[-85.57619700031562,36.77816600008215],[-85.58875100042864,36.77734900026214],[-85.59621399989153,36.81803900023786],[-85.58121600009741,36.822888999909786],[-85.57468599987175,36.83824100027399],[-85.58217599999713,36.847414000117716],[-85.58567099981457,36.84860900028476],[-85.58964000018327,36.854854999922864],[-85.59156300035578,36.85480400005453],[-85.59139299957815,36.85665599972685],[-85.59411699964176,36.85732700005719],[-85.59269300013482,36.86110299975061],[-85.59537000034274,36.86241699981586],[-85.5959369998821,36.86677199969495],[-85.59991999959618,36.86872299992712],[-85.6016240003839,36.872195999971204],[-85.58945400041041,36.873392999938645],[-85.58664499995801,36.87056500009557],[-85.58030399987825,36.86886499975345],[-85.56071900012246,36.850856999973715],[-85.5369819996999,36.86218899982642],[-85.50737699992389,36.867508999839366],[-85.47422000042906,36.89382299996042],[-85.45183000041881,36.93813799974584],[-85.2320260000085,36.92506900025572],[-85.21061799963931,36.980031999915965],[-85.20583099966112,36.99686199968381],[-85.1661859997734,37.03326499999248],[-85.08964299962778,37.12554499967533],[-85.04331600007676,37.18602799990678],[-85.05356500042585,37.19674599991004],[-85.05689799986156,37.25704099997622],[-85.11209299991248,37.28209000019412],[-85.14743399969576,37.304430000183885],[-85.16517399999513,37.310395999945314],[-85.15652499977838,37.31906899985799],[-85.15701799969789,37.321385000145746],[-85.15436200030467,37.324463000238],[-85.15171900043191,37.33309299996383],[-85.14951900024998,37.33672399968876],[-85.14511600041135,37.33857299990571],[-85.13989599988977,37.353598999938875],[-85.13561199987682,37.35491900002619],[-85.13235300006095,37.359977999904274],[-85.13122599975664,37.36492199977678],[-85.13322400027222,37.371494000175424],[-85.13289500038424,37.37947299992598],[-85.13116200018253,37.384264999688604],[-85.12680500037466,37.38663999970477],[-85.11895799987389,37.38476599986336],[-85.10602399981927,37.39758100000535],[-85.09544899995527,37.39944799983755],[-85.09109600034533,37.397245999707145],[-85.08424899992727,37.39896900024925],[-85.08252400012147,37.40058600016065],[-85.08364800005275,37.40262599996684],[-85.0804140003512,37.40875399973058],[-85.07377199997256,37.41366899976332],[-85.07791899971815,37.41472699975657],[-85.08164399968938,37.41839700012582],[-85.08455500024903,37.41730599977268],[-85.08812700005936,37.41821600020885],[-85.08930700006711,37.42154900030376],[-85.0972549999519,37.42626499986843],[-85.09632799966414,37.42890399985303],[-85.0991349995684,37.4297419999192],[-85.09805900021603,37.431973999887774],[-85.10344200004589,37.4324610002465],[-85.10830900039004,37.437160999745345],[-85.11360699983108,37.4369410000944],[-85.11318099985871,37.439417000060274],[-85.11525899984194,37.44268599986949],[-85.11779600030779,37.44229100026247],[-85.1234660001928,37.4456370000007],[-85.12879999961886,37.4532610002649],[-85.13409799995824,37.453375999797174],[-85.1367640002955,37.44903300006539],[-85.14274899982482,37.44720099982428],[-85.14606200006737,37.45216899972175],[-85.15065599970173,37.4506640001607],[-85.15329100007685,37.453768999759944],[-85.1593130003144,37.45612800015046],[-85.16064899995777,37.461657999956586],[-85.16567899961021,37.4620189999222],[-85.1716840001293,37.46510899972793],[-85.1714509996025,37.463197000296184],[-85.17363999991377,37.461766000150746],[-85.17329799960702,37.45809499990515],[-85.18327400014462,37.45381200031831],[-85.18409799960193,37.450994999683516],[-85.18678700040374,37.45032899979867],[-85.18911100043424,37.45386999993765],[-85.1934880003336,37.45462700023878],[-85.19573700002105,37.45235100008741],[-85.19676700024098,37.44723600008653],[-85.19930299998362,37.44699100004649],[-85.20104100020818,37.44887899992082],[-85.2055190003899,37.44327100011511],[-85.21556399962617,37.44607000028444],[-85.22217699969251,37.44477699998105],[-85.22814700005151,37.44098000012427],[-85.23126399957717,37.434677000327305],[-85.23581299990398,37.43429199968347],[-85.2368480001468,37.42833199965974],[-85.24173200020938,37.42718100007218],[-85.24619500032246,37.420361000140446],[-85.24994100021007,37.42079300017537],[-85.25250799991483,37.41918600020412],[-85.2572299995957,37.419282999655316],[-85.25899100028482,37.416970000329],[-85.26725600036202,37.41643800002965],[-85.27170000020853,37.41680500020322],[-85.27350000035742,37.42323999970231],[-85.27756599991216,37.424920999745254],[-85.27938699997742,37.42896899971194],[-85.27730700034438,37.43276799995904],[-85.27840799981111,37.43483800010006],[-85.28747999962715,37.43644800017846],[-85.28935000009623,37.44047400003386],[-85.29182800011253,37.43938099971659],[-85.29576800016889,37.44058999993963],[-85.30044999966678,37.444961000332206],[-85.30239499958061,37.444331000337634],[-85.30568000023409,37.445398999797014],[-85.30627600008576,37.447337999697815],[-85.309968000445,37.44783299965394],[-85.31195199981856,37.45101599977621],[-85.32010599956769,37.45022600014154],[-85.3220920003877,37.45328000011301],[-85.32669100004493,37.455343999684544],[-85.3310539997006,37.46164899987396],[-85.33845500013751,37.46211999965387],[-85.34016200039997,37.469349999816984],[-85.3439099999374,37.468450000355475],[-85.34814600026976,37.470085999830914],[-85.34881900011435,37.47182400030065],[-85.35166600020158,37.469691999765764],[-85.3553640004086,37.470973999756694],[-85.3581379998026,37.46762300030485],[-85.36197300027698,37.466631000281474],[-85.36588900004391,37.46834100023168],[-85.36999700032976,37.466182999774276],[-85.37415800031904,37.46928199990341],[-85.3813849997804,37.465508000048665],[-85.38679100007478,37.46778500009039],[-85.39770999989538,37.46853499993617],[-85.40276499966218,37.4751970002911],[-85.40699299959863,37.473798000212184],[-85.40986599962514,37.4751390001039],[-85.41370299974933,37.47360200013027],[-85.42136399957896,37.47515399991075],[-85.4253229999019,37.47438600022565],[-85.42994099982569,37.478786999923095],[-85.43771899983116,37.47754099973617],[-85.43955499996505,37.47872499967602],[-85.44403399997167,37.47659000004029],[-85.44273299959008,37.4717909999642],[-85.44515000040532,37.47022999974544],[-85.44902500016435,37.470620999683796],[-85.45132099970748,37.46698900018934],[-85.45663900013831,37.47011400017271],[-85.45949100024842,37.46689999964945],[-85.46387800019353,37.467660000216405],[-85.46573100004586,37.465531999978595],[-85.47430699956936,37.46713099970182],[-85.47982599984167,37.46539000028099],[-85.482920999626,37.467971000097876],[-85.4859970000421,37.46635699965992],[-85.48883699955836,37.467285000053224],[-85.49212300003671,37.47190999987762],[-85.49097800018906,37.473937000326146],[-85.49247799986397,37.47906499986938],[-85.49561899967907,37.47947900020091],[-85.49971199989632,37.48292199964867],[-85.50277099969566,37.48230300007497],[-85.50637600001627,37.4772379998986],[-85.51549700023614,37.473521999701795],[-85.5149950000958,37.46790700021652],[-85.52571800009781,37.46269900030468],[-85.52912699970152,37.45401900010611],[-85.53663500026857,37.45647299996715],[-85.54226800034368,37.45475199979548],[-85.54423099980087,37.457851999976484],[-85.55028599965037,37.459159000051976],[-85.55088900007304,37.460738999790756],[-85.55649500038398,37.45826300022171],[-85.56462900004159,37.459639999873566],[-85.56793100041352,37.46411200013511],[-85.57962000016303,37.46546800014829],[-85.5836589999536,37.469842999657956],[-85.58516500037459,37.45655900008907],[-85.58151200037342,37.4525499997022],[-85.58310099973677,37.44675499965384],[-85.58671500027823,37.443652999701634],[-85.58516299982645,37.43285200007224],[-85.47808099994437,37.3636729996657],[-85.47969699997023,37.36353399965452],[-85.44046700018421,37.3159180001288],[-85.43687199990933,37.30420999965704],[-85.43123200016153,37.305113999932246],[-85.39065800033622,37.24706200023389],[-85.3896499998576,37.23967300031009],[-85.391874000329,37.237570999980434],[-85.3985569998172,37.237853000136234],[-85.40637300035584,37.23507199973663],[-85.41015000020559,37.230018999766735],[-85.41121100038765,37.22479900004719],[-85.40728399985177,37.22212800019532],[-85.39118999971546,37.22232299973586],[-85.38655199970019,37.22385500004271],[-85.37189500038791,37.221312000016496],[-85.35277099986627,37.19243199995426],[-85.3802580003744,37.16831400030129],[-85.43388500008001,37.14478799993524],[-85.48189399977913,37.12783499973435],[-85.52673999992183,37.109443999811376],[-85.59089700018392,37.11628499997505],[-85.63231299990817,37.12505600015909],[-85.66089800040831,37.14303900008599],[-85.6864819999371,37.182426999790316],[-85.74422100012653,37.169813000281664],[-85.75931500018012,37.15024200014609],[-85.77696199969478,37.138327999862256],[-85.77177100038385,37.10973299987797],[-85.76246600004097,37.1117719996882],[-85.7560899998011,37.1098350001017],[-85.75847900012896,37.099437999838976],[-85.7592780003702,37.06857299974967],[-85.75543799987295,37.026844999965434],[-85.75039599962663,37.00590200021845],[-85.73925500004819,36.841476000137554],[-85.74882599963155,36.84210000031135],[-85.76676099992459,36.835763000032074],[-85.77228600004467,36.836339999739],[-85.8070109998848,36.82163800019769],[-85.97691000018766,36.722722000000935],[-85.98287600034871,36.74156299967315],[-85.99386100029153,36.74923700004746],[-86.0023089997685,36.75871099964083],[-86.03073500025998,36.764382999800134],[-86.03464600000403,36.759928000189745],[-86.03759000017565,36.76011199977683],[-86.04074400040955,36.76743699991208],[-86.05129300033428,36.77240900013347],[-86.05279700020716,36.77537800007458],[-86.04918000019099,36.778437000323684],[-86.0392630001029,36.77794299999048],[-86.03452200015548,36.78089700010833],[-86.03597900017266,36.78550399968644],[-86.04016699992614,36.787977999928245],[-86.03922399974486,36.790834999963714],[-86.04612700023942,36.79523299973732],[-86.05051599983435,36.7933889998935],[-86.05212099998955,36.79445099968304],[-86.05028400003076,36.79978300019139],[-86.05111099986111,36.80159500008466],[-86.04983999961675,36.80396899971043],[-86.04744600016436,36.80448899991755],[-86.04698400020699,36.8076469998482],[-86.0509700002941,36.80943800014766],[-86.0699569996501,36.80578300006697],[-86.07147200029192,36.807011999773394],[-86.0709640003038,36.81120300032635],[-86.06851800007456,36.812113999823005],[-86.06604500008113,36.82284699976319],[-86.06285800023527,36.826160000355486],[-86.05571899973916,36.82958300023831],[-86.05888600039184,36.83521699976283],[-86.07208800023507,36.844353000049765],[-86.07801599986297,36.85469999980876],[-86.07546199967868,36.864260000090674],[-86.07780999999865,36.86671699968876],[-86.07658700033318,36.87239500002484],[-86.07453500028923,36.873691000020266],[-86.07203299998348,36.871675999969476],[-86.07021000026839,36.87724600026986],[-86.07733499962248,36.881934000274356],[-86.07638099957055,36.883887999645815],[-86.07824400036691,36.891253000007694],[-86.07734600039146,36.892722000340505],[-86.06809799994998,36.89432900013669],[-86.0667329999943,36.893628999971504],[-86.06816300024732,36.89111000004852],[-86.06660599977269,36.891083999961836],[-86.06455499955365,36.894554000340236],[-86.0653100003123,36.89912800024379],[-86.07042500035355,36.901914999861674],[-86.07605599988052,36.902615000173434],[-86.0873260002287,36.89976699979921],[-86.09796100036716,36.90043600010947],[-86.10253599973494,36.89590699991531],[-86.1084459998195,36.885426999927674],[-86.10803999993861,36.88056800018046],[-86.09753799986956,36.86818599990319],[-86.09987699996867,36.864469000012555],[-86.10368399995566,36.86419199976241],[-86.10987900044556,36.868293000199714],[-86.10945400029811,36.87204000019867],[-86.11342299976849,36.87506600003182],[-86.11531599980376,36.88105000035758],[-86.12477699978226,36.89544399997685],[-86.1301239996271,36.89619700034853],[-86.14129600006599,36.892291999941705],[-86.14698199984456,36.8965600000662],[-86.14302400024484,36.90081399988222],[-86.13454900010537,36.90299000013607],[-86.13500600003985,36.90569799993206],[-86.14208699991133,36.91391900033549],[-86.13521000025436,36.92938999973541],[-86.1359319996044,36.93204299972853],[-86.14705800001254,36.92984000021156],[-86.15002399992548,36.927650999747264],[-86.15253100025409,36.918252999767724],[-86.14952599998308,36.915079000309476],[-86.14897000031439,36.911562000170406],[-86.15317599961122,36.90829100014294],[-86.15845200020928,36.9063439997033],[-86.1644169996471,36.906886000159574],[-86.16985999975141,36.90899500026491],[-86.17631700018214,36.914088000089784],[-86.17251299966989,36.91830500009177],[-86.16716099980219,36.91928899992728],[-86.16323199961647,36.923600000035464],[-86.16055500030684,36.92423000026612],[-86.1608619995552,36.92999899979732],[-86.16673999985271,36.93401500000132],[-86.11351200035524,37.06107200025912],[-86.19224599956368,37.076695999678364],[-86.21860699959241,37.10402900003275],[-86.24180900026269,37.09700499969224],[-86.24998300010328,37.08900700014034],[-86.26789900012977,37.08223900026354],[-86.28175000042641,37.080597000255146],[-86.29417499976968,37.090059000249475],[-86.30346000002108,37.09012200013791],[-86.32520700032397,37.08558999988199],[-86.33156900032013,37.080606000137394],[-86.35584300014483,37.070289000021376],[-86.36665999985817,37.06244099974976],[-86.37711599989649,37.05975500021093],[-86.38256999987146,37.05157299994588],[-86.39247000024108,37.05614999987396],[-86.39425600014624,37.05912599970724],[-86.38992500027763,37.06029699991665],[-86.39087299958348,37.064112999788684],[-86.38933600009867,37.06911899984471],[-86.39680699995748,37.07157499978554],[-86.40561400035797,37.07938400013938],[-86.41851499990231,37.08130799984366],[-86.42212100004784,37.07690199966999],[-86.42095500028378,37.074000999684294],[-86.42295999957375,37.06685299964223],[-86.44040600014527,37.07172999980554],[-86.44186900001023,37.05956099982763],[-86.43711100034436,37.047025999991675],[-86.44508299962028,37.03432300030996],[-86.44507699977251,37.029997999718745],[-86.4490820001262,37.024985000213086],[-86.44474299986166,37.01639699999638],[-86.452786000181,37.01383000031567],[-86.47248700028774,37.01798000008654],[-86.47511300044204,37.0162660002419]]]}},{"type":"Feature","properties":{"GEOID":"21018","NAME":"State Senate District 18","BASENAME":"18","STATE":"21","SLDU":"018"},"geometry":{"type":"Polygon","coordinates":[[[-83.6446509999903,38.636889000103395],[-83.64040799998523,38.63492099981835],[-83.62459599988122,38.61142499974004],[-83.64173299975793,38.52498200000906],[-83.63663000031057,38.51775899973534],[-83.63455300015227,38.51818999998341],[-83.63234499957439,38.521959999826],[-83.6287619998934,38.52206400012988],[-83.62637900031166,38.52001300026061],[-83.6262139995569,38.51724700001059],[-83.6311479998482,38.51559599970907],[-83.62709599963884,38.51354299995962],[-83.62622299977774,38.511121000123666],[-83.63130799968177,38.50970900002041],[-83.63226000008389,38.507455999836495],[-83.62893199977272,38.50692999977286],[-83.62511999976287,38.50368000031728],[-83.61708099964147,38.50445199983861],[-83.61184199975166,38.502036000202935],[-83.60800499962745,38.502698000345575],[-83.60784899999184,38.50645599989378],[-83.60325899965714,38.505465999951646],[-83.60570400006148,38.50014999991845],[-83.59875799990921,38.50165099981197],[-83.59832299971605,38.49929600004935],[-83.60129600019998,38.495887000321545],[-83.5992490001789,38.49442199982609],[-83.59386600034904,38.49449999984597],[-83.59717600021855,38.49097000026514],[-83.59085199985724,38.49034399982992],[-83.59042300041014,38.489283000350405],[-83.59333499989638,38.489030999691764],[-83.59311099959041,38.48608100008065],[-83.58700800006034,38.48524599981989],[-83.58982400018543,38.483419000004695],[-83.58911299980771,38.48171099994367],[-83.58504600042806,38.48219399980017],[-83.58958700035897,38.47407900034843],[-83.58261799974217,38.47138500029049],[-83.58258000010733,38.46970799967079],[-83.58518500034523,38.469045000117625],[-83.58310300016406,38.468772000308824],[-83.58240600003006,38.465540999966436],[-83.58030600030554,38.465209000340586],[-83.58258799960493,38.462460999861754],[-83.57910600020628,38.46160200020559],[-83.5767910003966,38.45718799987699],[-83.57942599987344,38.452791999784075],[-83.57812799986489,38.452375999985],[-83.5779039995589,38.447807000288506],[-83.57483200023907,38.44445599990114],[-83.58149200016109,38.438532999909796],[-83.58269200026034,38.43244700023052],[-83.58009500041834,38.42994300022017],[-83.56371800042481,38.426364999960015],[-83.55227499982428,38.419926000271666],[-83.5418000004177,38.418607000261524],[-83.536512999949,38.41622100025141],[-83.52992900019497,38.418611000085065],[-83.52736300031513,38.417769000324576],[-83.52883399967772,38.41227700029238],[-83.52348199981,38.408677999859],[-83.5128519996944,38.41503099974615],[-83.51136100024034,38.413046999787596],[-83.5126049998222,38.41048600027397],[-83.50548799996572,38.41103799997396],[-83.503606999626,38.40621600020512],[-83.49989900027154,38.40481300019502],[-83.49787399999177,38.401582000062724],[-83.485718000262,38.40508700012985],[-83.47720999961224,38.401502000184244],[-83.4732849996245,38.39870400016192],[-83.47403299981212,38.396906999822264],[-83.46659200009054,38.39890799989951],[-83.46447499974927,38.396511000068266],[-83.46637899965519,38.393609000153134],[-83.46251300011699,38.39290300011091],[-83.462364999979,38.390635999736695],[-83.45841999989976,38.38831900003629],[-83.45933799996669,38.383963999720464],[-83.45661300007819,38.384233000293044],[-83.45553699982752,38.381245999677084],[-83.44646500001146,38.38064200027307],[-83.44401299993443,38.387215999926276],[-83.43289999994506,38.389427000084744],[-83.4274090001602,38.38822399972939],[-83.42549100001054,38.39110599992466],[-83.416723999793,38.39626600013525],[-83.4120969996484,38.39650199964859],[-83.41233900039603,38.39470899993443],[-83.40963200005088,38.394287999668315],[-83.40936900028514,38.39200600001336],[-83.40384199961693,38.39208800013273],[-83.40309699980234,38.389740000212726],[-83.40066399999189,38.389854999973444],[-83.40124999979783,38.379595000300235],[-83.3980739998226,38.37857400019405],[-83.40014900033107,38.37508399981014],[-83.39739799960499,38.37489600028689],[-83.39476899997597,38.372509000295814],[-83.39470299985372,38.369933999999425],[-83.3923720001505,38.36939900030112],[-83.39235000040922,38.36655600026468],[-83.39058399969721,38.36597900005753],[-83.38851800030787,38.367721000301394],[-83.38425900040929,38.36411300028703],[-83.37843399981523,38.36272200000326],[-83.37797600005584,38.359063000038766],[-83.37959999957928,38.35755999983177],[-83.37714000000466,38.35552899998006],[-83.37737099998334,38.35341000016829],[-83.37190199993977,38.351130000185094],[-83.37231500039164,38.34896100006193],[-83.36800000041653,38.348174000295806],[-83.36586800000664,38.343825000241246],[-83.36365699995403,38.34291900034899],[-83.36384399955179,38.336455999748345],[-83.36174800002523,38.33248600011482],[-83.36414300020085,38.32831800035109],[-83.35772299958006,38.32755499997582],[-83.35902399996164,38.324027999700064],[-83.35598699990359,38.32172700034454],[-83.35186500027235,38.32230099991548],[-83.34138699959442,38.319588000067085],[-83.33984099988876,38.31608000033871],[-83.34124000017964,38.31439399976726],[-83.3378659998377,38.31249100024388],[-83.33494400030571,38.30780200023405],[-83.33592799959658,38.30473799965519],[-83.33184000030052,38.30326299992725],[-83.3347889995967,38.29952700029452],[-83.33278599995654,38.296546000054555],[-83.32982900026447,38.29589499990802],[-83.32925000013124,38.292412999931926],[-83.32619499963154,38.29039800016831],[-83.32779099956589,38.288367000266994],[-83.33490300029781,38.28663500024413],[-83.33094200032507,38.28389400013674],[-83.33159099988018,38.28169899977026],[-83.32786099988611,38.28156000030556],[-83.32788799965029,38.27825900019426],[-83.32353000001748,38.2776399999065],[-83.32146700010287,38.270521999940534],[-83.3166049997816,38.26807199992647],[-83.31892200013942,38.26497000004022],[-83.31885099999432,38.26052200025514],[-83.31523099960509,38.260209999786774],[-83.31644999997091,38.25838800010434],[-83.31238799971581,38.25285100008469],[-83.30952399991013,38.25385500001914],[-83.30788699996789,38.252429999771685],[-83.30940799955918,38.24943800018699],[-83.30856099963735,38.24834300031489],[-83.31049600040375,38.24703500005848],[-83.30850200008614,38.24607699978238],[-83.31271999997684,38.24383100000843],[-83.31064600019158,38.23757300031141],[-83.30641200040735,38.23453400011984],[-83.30841699969731,38.232696999976376],[-83.30701099973373,38.225581000109095],[-83.2972359999359,38.21787700021422],[-83.29869799997596,38.213404999662565],[-83.30108700030381,38.21234099988092],[-83.30114000000725,38.20970299981463],[-83.29260499959331,38.21059100003697],[-83.2908360003049,38.21404400005038],[-83.28774099962223,38.21552200000513],[-83.28538300015485,38.21311999997338],[-83.28648799981954,38.20604700008946],[-83.28318899982067,38.205744000296384],[-83.28321899995791,38.204232000162236],[-83.27967800010971,38.20282700026983],[-83.27588600019135,38.20421100015495],[-83.272967999959,38.198884000075225],[-83.2741999998453,38.195478000253026],[-83.27085800018874,38.19574499994976],[-83.26926999975196,38.19317699982527],[-83.26669300000148,38.193848000348616],[-83.26633800017423,38.191503000205394],[-83.260345000249,38.190965999851436],[-83.2545509996171,38.194271000331725],[-83.24587800000923,38.191398999847756],[-83.23286600013678,38.19341000011531],[-83.23257300023383,38.19875799986239],[-83.22090299985256,38.20968099977968],[-83.22265799979559,38.21129099965963],[-83.22142900028234,38.219719000177896],[-83.22320599996668,38.2215140000289],[-83.2209320001649,38.22298199987242],[-83.22008400041814,38.22749399976489],[-83.2168010003128,38.229779999920986],[-83.2191110000996,38.2319990000121],[-83.21815000037498,38.23705300015094],[-83.20268800007534,38.24561500004559],[-83.20373099981575,38.24784199965654],[-83.20254499996021,38.250442000006785],[-83.1969470000452,38.248828999858866],[-83.19090800008922,38.25010099989975],[-83.18913600042774,38.25335299966949],[-83.18585099977427,38.25255800008467],[-83.18512100002832,38.25941199980418],[-83.1775589999329,38.261088000121894],[-83.17778099969074,38.26696299998358],[-83.15896199966595,38.26445700010868],[-83.1547060001404,38.260803999837705],[-83.15501499993688,38.258711000297616],[-83.13500800040671,38.24203700032251],[-83.11950900029717,38.23330500010073],[-83.11605100028963,38.236200000112845],[-83.10796899961223,38.234887000160555],[-83.10569300016061,38.23124900009344],[-83.1038400003083,38.231285999830476],[-83.10368299994946,38.22771099975472],[-83.10168500033221,38.22609399995389],[-83.09207799986552,38.22797599989517],[-83.0839299999642,38.22292599991606],[-83.08455900032612,38.219781000112626],[-83.08199599992102,38.21864099997123],[-83.08319900039331,38.21719499994186],[-83.07710799966048,38.21083900021757],[-83.07578299988778,38.20643900016363],[-83.06927299975361,38.202866000213206],[-83.06926000023311,38.20069500005028],[-83.06616399972555,38.200540999669016],[-83.06225899982928,38.19745099979241],[-83.05990600038476,38.1914410001866],[-83.05399399975207,38.191003000303894],[-83.05302899982948,38.189624000236705],[-83.05473699991684,38.188622999667736],[-83.05578600040334,38.184506000122525],[-83.05180399961587,38.182440000274575],[-83.05107200022009,38.179064999705204],[-83.04638399997609,38.187383000247955],[-83.04857099973925,38.19040200009198],[-83.04792800003192,38.193024000205035],[-83.04352099999532,38.19522199966418],[-83.04027200022517,38.19944500020842],[-83.03679199957804,38.19977499984571],[-83.0270579997881,38.195503000099606],[-83.01146699961704,38.20575099991677],[-83.01193399959726,38.19875900020671],[-83.00923100034838,38.193559999795426],[-82.98964300021954,38.1901119998124],[-82.98885099965099,38.18694700027604],[-82.9906190000128,38.18180500017761],[-82.9894299997842,38.179346000333794],[-82.97830799957403,38.174771999808826],[-82.97573099982353,38.171995000207716],[-82.97150500043523,38.173638000208086],[-82.9678289999695,38.172471999945664],[-82.95698399976877,38.17456000001765],[-82.95154800023546,38.17298899978565],[-82.94950200003927,38.17031300019391],[-82.94483999973455,38.16831199992355],[-82.92154099987823,38.1754239997653],[-82.91878099982961,38.17899299988995],[-82.91365599974262,38.17875700034973],[-82.89752099959843,38.18279599983146],[-82.89294000038288,38.18884599983782],[-82.88578300034342,38.19206300028437],[-82.88376399991144,38.196027000160846],[-82.87263500002855,38.19233499983823],[-82.86779399962369,38.19401499973587],[-82.85693599990246,38.19056700011304],[-82.85173700019563,38.19093400022729],[-82.84958300004443,38.19438900013238],[-82.84573199967652,38.19591899978847],[-82.83928000016698,38.202463999849016],[-82.82060000005936,38.21027499980058],[-82.8170919998231,38.214350999691604],[-82.81836899991526,38.21720199987262],[-82.81403899987156,38.217317999735954],[-82.81226999968483,38.220016000057115],[-82.81486900007495,38.22296799971093],[-82.82008899969819,38.224010000132566],[-82.81982400028262,38.22562599970785],[-82.82407300013547,38.228290000305705],[-82.82161299966253,38.23236000012848],[-82.81732500034994,38.234966999933555],[-82.81386099959632,38.234059999986535],[-82.81153999993886,38.23814700024377],[-82.80776499973894,38.23711599994637],[-82.80348400009903,38.23943999995891],[-82.79479600042252,38.24051999980937],[-82.79326200041245,38.24459399978712],[-82.78632899978066,38.244642000167545],[-82.78613299996208,38.239816999834765],[-82.78265900006103,38.2382820003281],[-82.77799799958123,38.24103200035223],[-82.77193299968597,38.23711599994637],[-82.76846200015798,38.23822099973569],[-82.7663299997481,38.23509900003699],[-82.75827999975606,38.23606899972275],[-82.75833800038069,38.23832299992257],[-82.75645500039116,38.23920000032215],[-82.75312000040726,38.23661200005462],[-82.74677400030463,38.238929999783885],[-82.74642000030231,38.23681500003918],[-82.73892099995608,38.23696099990363],[-82.73680000031517,38.237487000299986],[-82.73519900035792,38.24257199977565],[-82.72390300007048,38.243609999820464],[-82.72146400041221,38.24976699992787],[-82.7151059997157,38.25046700001999],[-82.71035700027066,38.254160999947494],[-82.70532099987211,38.25311199980979],[-82.70471300032489,38.256598000271076],[-82.70237000002781,38.2574259996656],[-82.69947100006203,38.261913000000455],[-82.63438999988523,38.26697200028469],[-82.62791999993402,38.26901799982178],[-82.6245890001481,38.268718000221426],[-82.62078200016114,38.26591500000782],[-82.61492499978003,38.26624899981511],[-82.60995600022697,38.26406799995899],[-82.60449600040421,38.25581600013469],[-82.60426299987739,38.25084999973933],[-82.60193999967179,38.24987500010783],[-82.60462500027563,38.247662000346864],[-82.59450899999595,38.24550299966718],[-82.5857269997098,38.24572599984721],[-82.58113100042563,38.24896700023442],[-82.5746239997662,38.2639369997117],[-82.57409800023473,38.27463500032269],[-82.5787859995804,38.28194400031967],[-82.57950100015607,38.29098699977905],[-82.58303500033158,38.29680699999028],[-82.57900499986354,38.30477899981512],[-82.57192300016715,38.31334700026187],[-82.57175599976256,38.31719499990262],[-82.57539500041835,38.32297999972787],[-82.57672000019109,38.328515000050245],[-82.58458799970994,38.33373300015764],[-82.58916100032619,38.34026000019839],[-82.59550700042882,38.3424890001566],[-82.59812099998925,38.34593300029432],[-82.59759399973457,38.364912000020915],[-82.5927380001594,38.37680699978903],[-82.59945800035585,38.390781000210374],[-82.59873299973445,38.39376199987973],[-82.5945540002018,38.39826899977218],[-82.59704800011161,38.411215000113486],[-82.59597199986094,38.417879999976066],[-82.59340900035413,38.42188000016797],[-82.59999300010814,38.43549900030368],[-82.60364600010932,38.45922299975889],[-82.608008999765,38.467705000247264],[-82.61194200014867,38.473067000289255],[-82.61833400028205,38.477058999694954],[-82.63731099959229,38.48434599975831],[-82.65359499969941,38.493842999958815],[-82.67563599973018,38.51558100032034],[-82.69108499961101,38.53794800021988],[-82.69828500020648,38.543770000003654],[-82.71995200014345,38.553990999990475],[-82.72555400025642,38.558184999751816],[-82.79174599994572,38.56060200034318],[-82.82121400035268,38.57339300030434],[-82.84247200003573,38.5889099998251],[-82.84739299990822,38.59532799970394],[-82.85445500041143,38.6137690002865],[-82.85736900044584,38.63159999997409],[-82.85661299986228,38.64764599982768],[-82.86038300003933,38.66288199974273],[-82.86514999992603,38.672234000158575],[-82.87576199959997,38.684168999915016],[-82.87749300015186,38.68946500022369],[-82.86988400020078,38.727271999850664],[-82.87095899972823,38.736541999864606],[-82.87581400037682,38.74750099966901],[-82.87966999986928,38.75139600029526],[-82.8853599998458,38.75278800012228],[-82.88479300030646,38.754150000146296],[-82.88631100042302,38.75525400005618],[-82.89648200005598,38.756394999745346],[-82.93408599977039,38.74686100031007],[-82.96123000014687,38.73380199991914],[-82.97148899964337,38.72719999979526],[-82.9707789999889,38.72853400000056],[-82.98149100012026,38.72599600030324],[-83.0087839995613,38.729993999899584],[-83.0304949998792,38.725839000156476],[-83.03782099997306,38.71729400002934],[-83.0427450002186,38.70762000019888],[-83.05401800004154,38.695068000225206],[-83.0628730001226,38.689306999893596],[-83.08456900037187,38.68080100032367],[-83.10326199999999,38.67699800021565],[-83.11238400004476,38.67162300010311],[-83.12206699978108,38.66009799974556],[-83.1266930001008,38.644393000300184],[-83.1347539999635,38.63201300025846],[-83.14338200026387,38.62451999968147],[-83.15324300027542,38.618982000278116],[-83.17877400010076,38.6191879997805],[-83.20436400037565,38.616774999691735],[-83.21414500002126,38.61921599993975],[-83.23088699988779,38.62710399989414],[-83.24566399974897,38.628564000093924],[-83.25454099957135,38.62349699981013],[-83.26426299966575,38.62140099986406],[-83.26765499955101,38.61830500023001],[-83.26852599976229,38.61510900012647],[-83.28187599974352,38.603209000236006],[-83.28758900018458,38.59853700002176],[-83.2931810002518,38.59671399977152],[-83.30521899998078,38.59941100029294],[-83.31658700023826,38.60800400017107],[-83.319955999659,38.615268999660245],[-83.32215099981809,38.63008000030584],[-83.32774299988532,38.63783099979038],[-83.36277499987213,38.657219999722095],[-83.38485799973567,38.663111000084704],[-83.41981699992753,38.6671280001418],[-83.41748000037656,38.66773200012348],[-83.41855499990402,38.66811600032837],[-83.4453989998065,38.66999000009942],[-83.45707000001268,38.67396699975282],[-83.46771000017401,38.67534800024088],[-83.49363600000956,38.694518000308484],[-83.50870699959863,38.700796999911944],[-83.5208830003182,38.70306199979134],[-83.54522400009002,38.69992800033721],[-83.56920699966157,38.69294300019435],[-83.59268200014331,38.68855199966723],[-83.6018610000895,38.68398099981342],[-83.61151600023675,38.68465299967928],[-83.62552999984169,38.67887599970664],[-83.63206099989225,38.673903000065934],[-83.63649100039339,38.66734600029314],[-83.63881600024882,38.6536890003384],[-83.6446509999903,38.636889000103395]]]}},{"type":"Feature","properties":{"GEOID":"21014","NAME":"State Senate District 14","BASENAME":"14","STATE":"21","SLDU":"014"},"geometry":{"type":"Polygon","coordinates":[[[-85.89441900032264,37.47237400019892],[-85.89154899977088,37.45326999993083],[-85.8928040001217,37.44030799965914],[-85.75037499971023,37.43117899985461],[-85.73331700037457,37.42532799970933],[-85.65733200044578,37.42199599967392],[-85.65917600007725,37.42846399987275],[-85.66059000043674,37.43086600013613],[-85.66420999992765,37.43182399994904],[-85.66539099976033,37.43675599996844],[-85.6550960002788,37.447434999758485],[-85.6445640000725,37.44936100010387],[-85.6382270001907,37.45407499997778],[-85.63788099968598,37.45829300018761],[-85.64009500011161,37.45961499975895],[-85.63627100040621,37.46469300034993],[-85.63400099990406,37.47184299971004],[-85.62804800016181,37.47110300019557],[-85.62399099992957,37.467715999854974],[-85.61773500023864,37.46808300029312],[-85.61531699959848,37.462837999666654],[-85.61140099983156,37.462992000304745],[-85.6101439998309,37.45993299973842],[-85.60689099986278,37.461021999769024],[-85.6034770002362,37.467405999954],[-85.59959900010413,37.46668399967692],[-85.59430900016068,37.4703840001294],[-85.58658100038393,37.46905800008594],[-85.58429900018619,37.4710399997106],[-85.57983900044614,37.46556100024017],[-85.56793100041352,37.46411200013511],[-85.56462900004159,37.459639999873566],[-85.55649500038398,37.45826300022171],[-85.55088900007304,37.460738999790756],[-85.55028599965037,37.459159000051976],[-85.54423099980087,37.457851999976484],[-85.54226800034368,37.45475199979548],[-85.53663500026857,37.45647299996715],[-85.52912699970152,37.45401900010611],[-85.52630499972864,37.45960100011891],[-85.52704700006849,37.46131600033298],[-85.51526999955709,37.467621999979414],[-85.51549700023614,37.473521999701795],[-85.50637600001627,37.4772379998986],[-85.50277099969566,37.48230300007497],[-85.49869400027028,37.482909000217035],[-85.49708099971915,37.480371000355774],[-85.49247799986397,37.47906499986938],[-85.49097800018906,37.473937000326146],[-85.49212300003671,37.47190999987762],[-85.48883699955836,37.467285000053224],[-85.4859970000421,37.46635699965992],[-85.482920999626,37.467971000097876],[-85.47982599984167,37.46539000028099],[-85.47430699956936,37.46713099970182],[-85.46573100004586,37.465531999978595],[-85.46387800019353,37.467660000216405],[-85.45949100024842,37.46689999964945],[-85.45663900013831,37.47011400017271],[-85.45132099970748,37.46698900018934],[-85.44902500016435,37.470620999683796],[-85.44515000040532,37.47022999974544],[-85.44273299959008,37.4717909999642],[-85.44403399997167,37.47659000004029],[-85.4428179999789,37.477507000304996],[-85.42994099982569,37.478786999923095],[-85.4253229999019,37.47438600022565],[-85.42136399957896,37.47515399991075],[-85.41370299974933,37.47360200013027],[-85.40986599962514,37.4751390001039],[-85.40699299959863,37.473798000212184],[-85.40276499966218,37.4751970002911],[-85.39770999989538,37.46853499993617],[-85.38679100007478,37.46778500009039],[-85.3813849997804,37.465508000048665],[-85.37415800031904,37.46928199990341],[-85.36999700032976,37.466182999774276],[-85.36588900004391,37.46834100023168],[-85.36197300027698,37.466631000281474],[-85.3581379998026,37.46762300030485],[-85.3553640004086,37.470973999756694],[-85.35166600020158,37.469691999765764],[-85.34919900005593,37.471866999745075],[-85.3439099999374,37.468450000355475],[-85.3404460000821,37.4695120001379],[-85.33845500013751,37.46211999965387],[-85.3310539997006,37.46164899987396],[-85.32669100004493,37.455343999684544],[-85.3220920003877,37.45328000011301],[-85.32010599956769,37.45022600014154],[-85.31195199981856,37.45101599977621],[-85.309968000445,37.44783299965394],[-85.30627600008576,37.447337999697815],[-85.30568000023409,37.445398999797014],[-85.30239499958061,37.444331000337634],[-85.30044999966678,37.444961000332206],[-85.29576800016889,37.44058999993963],[-85.29182800011253,37.43938099971659],[-85.28935000009623,37.44047400003386],[-85.28747999962715,37.43644800017846],[-85.27840799981111,37.43483800010006],[-85.27730700034438,37.43276799995904],[-85.27938699997742,37.42896899971194],[-85.27756599991216,37.424920999745254],[-85.27350000035742,37.42323999970231],[-85.27170000020853,37.41680500020322],[-85.26725600036202,37.41643800002965],[-85.25899100028482,37.416970000329],[-85.2572299995957,37.419282999655316],[-85.25250799991483,37.41918600020412],[-85.24994100021007,37.42079300017537],[-85.24619500032246,37.420361000140446],[-85.24173200020938,37.42718100007218],[-85.2368480001468,37.42833199965974],[-85.23581299990398,37.43429199968347],[-85.23126399957717,37.434677000327305],[-85.22814700005151,37.44098000012427],[-85.22217699969251,37.44477699998105],[-85.21556399962617,37.44607000028444],[-85.2055190003899,37.44327100011511],[-85.20104100020818,37.44887899992082],[-85.19930299998362,37.44699100004649],[-85.19676700024098,37.44723600008653],[-85.19573700002105,37.45235100008741],[-85.1934880003336,37.45462700023878],[-85.18911100043424,37.45386999993765],[-85.18678700040374,37.45032899979867],[-85.18409799960193,37.450994999683516],[-85.18327400014462,37.45381200031831],[-85.17329799960702,37.45809499990515],[-85.17363999991377,37.461766000150746],[-85.1714509996025,37.463197000296184],[-85.1716840001293,37.46510899972793],[-85.16567899961021,37.4620189999222],[-85.16064899995777,37.461657999956586],[-85.1593130003144,37.45612800015046],[-85.15329100007685,37.453768999759944],[-85.15065599970173,37.4506640001607],[-85.14606200006737,37.45216899972175],[-85.14274899982482,37.44720099982428],[-85.1367640002955,37.44903300006539],[-85.13409799995824,37.453375999797174],[-85.12879999961886,37.4532610002649],[-85.1234660001928,37.4456370000007],[-85.11779600030779,37.44229100026247],[-85.11525899984194,37.44268599986949],[-85.11318099985871,37.439417000060274],[-85.11360699983108,37.4369410000944],[-85.10830900039004,37.437160999745345],[-85.10344200004589,37.4324610002465],[-85.09805900021603,37.431973999887774],[-85.0991349995684,37.4297419999192],[-85.09632799966414,37.42890399985303],[-85.0972549999519,37.42626499986843],[-85.08930700006711,37.42154900030376],[-85.08812700005936,37.41821600020885],[-85.08455500024903,37.41730599977268],[-85.08164399968938,37.41839700012582],[-85.07791899971815,37.41472699975657],[-85.07377199997256,37.41366899976332],[-85.07291300035516,37.41496799998369],[-85.07063100015745,37.41375000033018],[-85.065341000214,37.41464600024625],[-85.06526500004603,37.41651899974245],[-85.06121200001175,37.418248999926725],[-85.06039500022716,37.41648999973199],[-85.05567699984593,37.41702699967828],[-85.05078500028576,37.41290900005252],[-85.04637999989897,37.413527999703945],[-85.04480700042915,37.41203799965965],[-85.04266499997351,37.46101300032285],[-85.04350799969738,37.50009399993728],[-85.03967399994623,37.545232000230776],[-85.0250209999336,37.67885400007875],[-85.0058150002945,37.81661300021006],[-85.01203400017553,37.8171730002881],[-85.00952799967182,37.835587000290076],[-85.00326299976004,37.83503300016496],[-85.00052000032818,37.85472300013357],[-85.0099400002988,37.85910600010093],[-85.02450299989974,37.87824300025447],[-85.0314559997247,37.88159700025612],[-85.03052799961202,37.8915380000627],[-85.03464299957056,37.89240399988312],[-85.03481800037105,37.88851800005034],[-85.03972699964967,37.88941100024566],[-85.04259899985128,37.88602499965487],[-85.04456600040473,37.8865750001435],[-85.04156100013373,37.89006300006387],[-85.04842899956988,37.89557499986857],[-85.04629100021052,37.89751300007471],[-85.04692700024516,37.89846100017525],[-85.05138000031249,37.8976290002192],[-85.05009200034971,37.89583200000511],[-85.05166900001751,37.89436299968708],[-85.05916099979272,37.89513499971415],[-85.05760400021641,37.89216199990778],[-85.05952200036606,37.89042699975602],[-85.0663549996421,37.89619900023067],[-85.06848100020422,37.89604899974725],[-85.06585300040008,37.889819999871456],[-85.0684879998769,37.88568999976113],[-85.07264499966824,37.88863699978171],[-85.07702499994066,37.88797399984192],[-85.07779300021977,37.88585099994684],[-85.07970899982128,37.886635000012724],[-85.07950100030713,37.891047000004335],[-85.08222600019563,37.89323700033107],[-85.08033900000815,37.89377400019409],[-85.08083199992764,37.89499800031492],[-85.08741099965879,37.88982899991916],[-85.08793100024077,37.887701000008214],[-85.09378600007375,37.88783200026766],[-85.10754299976075,37.89312300019669],[-85.1078149997473,37.9035330003105],[-85.1063359999888,37.90941100023502],[-85.12655199975633,37.917168999728325],[-85.12510800015794,37.91591999997465],[-85.12755299966396,37.91459800008186],[-85.1256260001918,37.91248099985684],[-85.12778600019078,37.911248999671855],[-85.12784300009217,37.90732099969878],[-85.13169199991195,37.904542999823725],[-85.13200699955621,37.8994060002547],[-85.13435999989905,37.898619999678374],[-85.14292299990208,37.90168799981292],[-85.14665299989616,37.90119300016022],[-85.14491300002175,37.898879999699595],[-85.13916600014382,37.89697800028741],[-85.13757299968418,37.89415500016486],[-85.13823600038131,37.8917409998361],[-85.14244000002832,37.89258200012475],[-85.1471550000365,37.89077699972612],[-85.14925700030916,37.89398800024923],[-85.14928200042351,37.897344999761366],[-85.15279700033244,37.897660999982456],[-85.16804899967147,37.97291599981545],[-85.16922500037958,37.98137000015478],[-85.16616700040514,37.98717200026387],[-85.17006200025567,37.99428899986367],[-85.16935900027389,37.997575999812696],[-85.16465599996127,38.00141400019505],[-85.16146699956727,38.00152200031356],[-85.16400599968294,37.997559999730804],[-85.16365000003078,37.991301000032536],[-85.16189400026286,37.99057400023781],[-85.1562290004007,37.9929919999653],[-85.15221499982616,37.9881300003474],[-85.15081399988547,37.98900400003393],[-85.15104499986415,37.99390599986835],[-85.14801000035423,37.99648099986937],[-85.1510630003058,37.998407999968904],[-85.15051699978454,37.99960200020541],[-85.14256399987688,37.996881999955036],[-85.14021700028015,38.002612999925645],[-85.13820500041916,37.99742999982093],[-85.13026500003198,37.99616500032105],[-85.12896600019853,38.00104200022108],[-85.12322400034348,38.00984099992899],[-85.12621600019568,38.0206350002978],[-85.11923800025636,38.02095199978685],[-85.12043400015766,38.02594599964688],[-85.11312899998018,38.02564400026332],[-85.1093000002519,38.02716899971844],[-85.10164600009497,38.03727000007738],[-85.2324059999501,38.08943099987276],[-85.42405400020569,38.147437999972915],[-85.43046800008038,38.10725100020634],[-85.43512899966187,38.105560000258],[-85.43804299969625,38.101931000258745],[-85.45051700034166,38.102704000140164],[-85.46287399991287,38.09587799989734],[-85.46923099988616,38.09622200016403],[-85.51245099995727,38.010891000236725],[-85.5168820002833,38.01126700012227],[-85.48920200032964,37.99065399973636],[-85.53430100019231,37.96535599999318],[-85.52788300011966,37.962593999766845],[-85.52391999959876,37.95755199972409],[-85.52524400044487,37.95274600009466],[-85.52994600003426,37.94723100003909],[-85.54291699989881,37.940359000332855],[-85.55148599974962,37.925954999841665],[-85.56028800012723,37.923011999729965],[-85.56533100019848,37.924899000326434],[-85.56651299985606,37.92366500007381],[-85.56560200036013,37.920031000072804],[-85.56708399959336,37.918674999976865],[-85.57276199987432,37.9159950002015],[-85.5757599995743,37.916769999957445],[-85.58111499981507,37.9113829999234],[-85.58386200034319,37.9111809997788],[-85.58568300040847,37.907728999674426],[-85.58480299997635,37.89355099992524],[-85.58113999992943,37.88664599975895],[-85.5762590002399,37.88512899978097],[-85.5776030002792,37.88308099984804],[-85.58031999977177,37.88308000014508],[-85.58742099973475,37.87614300021216],[-85.59389999990677,37.875573999977036],[-85.59845300043155,37.87259300012585],[-85.59967799974683,37.86944200027478],[-85.61330899993544,37.87003399973244],[-85.61015200022682,37.85937800021912],[-85.61743200028991,37.851822999799865],[-85.62727999988269,37.84975299976074],[-85.62982099964819,37.84530300033994],[-85.63414900004206,37.84191699986666],[-85.63777100008112,37.841878000298145],[-85.63720100016873,37.83878700023502],[-85.6402759998616,37.83890600013002],[-85.63989599991999,37.836905000085046],[-85.64248299971624,37.83439399979209],[-85.65374999969137,37.83255200031738],[-85.65149299960802,37.82845400000253],[-85.65617400017932,37.82813999967177],[-85.66242099964943,37.824782000023696],[-85.66782399957077,37.824746999759896],[-85.67058699999242,37.82234400030357],[-85.6718309995743,37.82373799999983],[-85.67490600016549,37.823410000102626],[-85.67646500028994,37.819195000319354],[-85.68155000019397,37.816341999795064],[-85.68064800002054,37.81487800028271],[-85.68339300000054,37.81543399968541],[-85.68200600030355,37.819726999839624],[-85.68741900027062,37.81792299999796],[-85.69154699974965,37.81845600004025],[-85.6929800003757,37.81523999968019],[-85.69785400039254,37.811331999917755],[-85.70230099971378,37.8141499999978],[-85.70445700041313,37.81290300008964],[-85.7068840003758,37.81406800015341],[-85.71079000009698,37.812427999752735],[-85.71034499985807,37.81066700005419],[-85.71570199974863,37.80978200012492],[-85.71485499982681,37.808226999689836],[-85.72099400024021,37.80776700001251],[-85.72170899991757,37.80630300009365],[-85.72279400038909,37.80786199993377],[-85.72400399963576,37.80586600001261],[-85.72297699978887,37.80860999983325],[-85.72036700042642,37.80859999979916],[-85.72098400019448,37.80992900026559],[-85.72630299955192,37.81106899974961],[-85.7287520001542,37.81002700019677],[-85.7290059996991,37.81249500003017],[-85.73072499965713,37.81108300003852],[-85.73161299958684,37.812300000155226],[-85.73401899963311,37.81098999994516],[-85.73604700028592,37.81247400035227],[-85.7377770001146,37.811790000176366],[-85.74211200018118,37.80339299969298],[-85.7384109996011,37.796837000182755],[-85.74243500022138,37.79135300009767],[-85.73788400024472,37.788316000229166],[-85.7308710001453,37.78898000016947],[-85.72649599989577,37.78687500002071],[-85.72930600017307,37.78323200026205],[-85.73538000028915,37.783421999905784],[-85.73634699986158,37.78169800026232],[-85.73518000027262,37.779133000238694],[-85.72719700022772,37.77392500023507],[-85.71922800042654,37.77599899969921],[-85.71385700029225,37.77423499990443],[-85.7126079997892,37.77125399970855],[-85.71616899972888,37.76954200031729],[-85.71623200037638,37.76814999983471],[-85.71082899955672,37.76576599984225],[-85.7045050000937,37.76814999983471],[-85.69959599991678,37.762230000322205],[-85.70045299988433,37.75885099996818],[-85.6980490003862,37.75849099974713],[-85.69737700036656,37.76129600009243],[-85.69527699974373,37.76180200025445],[-85.69336000031731,37.755347999886254],[-85.68847899972947,37.756047999959236],[-85.68520900004292,37.75914600018482],[-85.68256399962206,37.75804599973564],[-85.68761699973902,37.75476500010024],[-85.68443200044129,37.7538960001603],[-85.68483099975114,37.75108600013977],[-85.68274100007237,37.7491630001747],[-85.68651100024941,37.74600200002298],[-85.68377200011722,37.74540499981794],[-85.68312100001397,37.74077300024795],[-85.67949399995204,37.73933300002909],[-85.68798300033524,37.73354900007779],[-85.68319899983177,37.732842000222355],[-85.67735599969437,37.73702400034943],[-85.67607199992955,37.736390000152504],[-85.67617099966375,37.73365699993056],[-85.68033800039915,37.73250799979378],[-85.73918800010104,37.65066199965345],[-85.75273200025103,37.64728900000315],[-85.76048299959402,37.64720600005546],[-85.76846800018704,37.64436200015909],[-85.77239900002257,37.63982499978202],[-85.77601699986366,37.63949300021834],[-85.77643199996537,37.635803999834465],[-85.7741609996383,37.63168399987854],[-85.77519900025416,37.6307480000483],[-85.79056699994413,37.62694999983114],[-85.79440099969528,37.627307000102455],[-85.80185099963771,37.62338000028591],[-85.80352000026531,37.62158599989056],[-85.80306900017861,37.61975399998814],[-85.79730399985903,37.608075000123144],[-85.80701900028072,37.60176100034576],[-85.80707100015927,37.59645200018524],[-85.81925799985116,37.58440699993955],[-85.82088499974766,37.57407100026086],[-85.83657600037616,37.56845099979583],[-85.83836599958097,37.56909600001395],[-85.87486100033104,37.54530100008067],[-85.8886919996379,37.478707000054605],[-85.88845499981143,37.47405299966944],[-85.89441900032264,37.47237400019892]]]}},{"type":"Feature","properties":{"GEOID":"21022","NAME":"State Senate District 22","BASENAME":"22","STATE":"21","SLDU":"022"},"geometry":{"type":"Polygon","coordinates":[[[-84.74544600027971,37.71562000010977],[-84.74448600037998,37.71276099991083],[-84.73840100039325,37.71316000017307],[-84.7333359996824,37.709768999775996],[-84.73866400015896,37.70657699968389],[-84.74348100027441,37.699048999968355],[-84.74305399957883,37.69742500031375],[-84.73551699959776,37.69500699987824],[-84.72633699982669,37.69674299993725],[-84.72206899970726,37.69279900029602],[-84.71379299975942,37.69570099976029],[-84.70002799967648,37.69740700019262],[-84.69806299967118,37.696553000165835],[-84.69821599983204,37.69453299991258],[-84.70401200011376,37.6867380001435],[-84.70110099955413,37.68226300014943],[-84.69705599991578,37.68163000009783],[-84.68628400040828,37.68752400024156],[-84.68231099984163,37.6859979999127],[-84.68524999999039,37.6817169997209],[-84.68017900033006,37.67575900032436],[-84.68061699999797,37.67429700028583],[-84.69854399989512,37.6683349997046],[-84.70524300017517,37.66141799994444],[-84.70363499964691,37.65905799994182],[-84.69356199992325,37.66463299993124],[-84.68929700017686,37.658959999818826],[-84.68330699972638,37.659400999709185],[-84.67901600004073,37.65548300006673],[-84.67922600010301,37.65253799991956],[-84.69282200013154,37.64507700034832],[-84.69404200032227,37.64111799988282],[-84.67753399990917,37.637143999747394],[-84.67249000001306,37.64066600013663],[-84.67952400002885,37.6426369997737],[-84.67941400042399,37.64583600029548],[-84.66949499978779,37.64646100003139],[-84.66508600010137,37.65340799979019],[-84.65567199997855,37.65398199973347],[-84.65182700035675,37.64968399988835],[-84.65304300034953,37.642181000257864],[-84.65537800025069,37.64065799973234],[-84.65952300034645,37.642436000289955],[-84.66576200031896,37.64022299966048],[-84.66669399973131,37.63412899992907],[-84.66343900011337,37.63328400003366],[-84.66064999975247,37.63561600021123],[-84.65743399959428,37.63440500028577],[-84.65049900021098,37.64031299988431],[-84.6488959997056,37.63859999996051],[-84.65144900006496,37.63633300031989],[-84.65143599964617,37.633701000255996],[-84.64466799976915,37.63234499968176],[-84.6412080001118,37.62392000001848],[-84.63605600026064,37.62212100003728],[-84.6409469999959,37.61881399974645],[-84.64574499984475,37.62413400022376],[-84.64792599976013,37.62039399975606],[-84.65229599998682,37.61852199995595],[-84.6489509999572,37.61558499989453],[-84.64855900032003,37.6098969997263],[-84.64591899992202,37.60944599994538],[-84.64363300042467,37.61259999991481],[-84.63269199996444,37.60097399970335],[-84.6206850001976,37.60291599979841],[-84.61746400001654,37.59872399969215],[-84.61847099977194,37.59305100016053],[-84.47320299966917,37.49443999999443],[-84.47079900017101,37.496586999835536],[-84.46416699983811,37.49286199984239],[-84.457800999644,37.492909999945695],[-84.45613799976246,37.4916149998752],[-84.4526060001351,37.49286599979278],[-84.44671899961678,37.48589299976356],[-84.37444000029092,37.47266299974842],[-84.37043900013519,37.480084999721996],[-84.36764700029954,37.48090300028266],[-84.36634400026813,37.48609700031149],[-84.36227299979222,37.4881709996844],[-84.36189399967552,37.490441999852095],[-84.35746800027067,37.49494999969762],[-84.35752599999698,37.497208999862835],[-84.35534000005875,37.498188999812044],[-84.35431700040981,37.50221999975475],[-84.35877999962459,37.50533799994465],[-84.36132799996109,37.51399600019598],[-84.35877899979968,37.517933000261124],[-84.35354199955968,37.52159899980244],[-84.34997499977221,37.530470999651605],[-84.3509370002201,37.5343540002701],[-84.34868000013672,37.534398000190265],[-84.34803599970618,37.53671999971469],[-84.34921499988903,37.537566000301815],[-84.34780499972749,37.539063999954635],[-84.35151700017823,37.54193399988259],[-84.35274400004165,37.545093000339236],[-84.35169299990532,37.55264300016989],[-84.3580209995663,37.556927999828176],[-84.35842999982022,37.560161000090055],[-84.36317499996562,37.56362899999152],[-84.36230299992943,37.5670809998279],[-84.36500500025171,37.570022000195266],[-84.36950699982457,37.57047099966717],[-84.3708829996509,37.57218300034392],[-84.36934100014321,37.573753000014875],[-84.37216800013896,37.58115100025961],[-84.36990900040577,37.58461400009829],[-84.37290499955762,37.58791599986188],[-84.37234200021624,37.5924120000561],[-84.37554599978053,37.5955800003073],[-84.38595499996319,37.59561300000793],[-84.38924599956613,37.5994940002499],[-84.39752999990989,37.600023000068234],[-84.3991140001487,37.60432700029526],[-84.39773099975135,37.60700899975052],[-84.39918100009585,37.615611000194],[-84.40114199990322,37.61754200027858],[-84.4225660001659,37.61854799993994],[-84.41924000040288,37.621754999774424],[-84.41463199962651,37.62288999992728],[-84.41474999962729,37.6254580001585],[-84.4182289995512,37.628527999912826],[-84.41200999967018,37.63147300014567],[-84.41319399987589,37.63321399964926],[-84.42021500037121,37.63259299972382],[-84.42531199997083,37.63506300014013],[-84.42660699960629,37.63766099991729],[-84.42527900035886,37.64029500013285],[-84.41954199962835,37.64005499994683],[-84.41824500034303,37.64169800024983],[-84.42326099975178,37.644833999713065],[-84.43001799975816,37.6431150002577],[-84.42740199964959,37.64797700007786],[-84.43115699975804,37.650514000216404],[-84.42805500030097,37.65377999969441],[-84.42858199965735,37.65624999978476],[-84.43398899977666,37.653015000012154],[-84.4392860002911,37.65489700026361],[-84.44677200021854,37.65159599969617],[-84.44105700012766,37.658676999673595],[-84.43689899961309,37.65995900005408],[-84.43759800029524,37.66174700007684],[-84.4425040000991,37.662851000197364],[-84.4400460001743,37.6686909997336],[-84.44468900021245,37.66739099982096],[-84.44605499999305,37.66877900006876],[-84.44628599997172,37.67129299967064],[-84.44265800008489,37.67791200032828],[-84.44713999956626,37.680122000135896],[-84.45220600010201,37.674716999662756],[-84.45425399994801,37.674483999723066],[-84.45694799987437,37.676321999706744],[-84.45989100022108,37.68205399965937],[-84.46501999960772,37.68417400021507],[-84.46388200033107,37.68731700009033],[-84.45370199957895,37.69120599979742],[-84.44949299990908,37.69695900019338],[-84.45156599986943,37.69804300016217],[-84.46097999999223,37.69520699979148],[-84.468671999784,37.69999700025294],[-84.47406999968247,37.70783800017322],[-84.4840839998549,37.70913999969974],[-84.4854129998256,37.71159699981051],[-84.48393099969402,37.72025500009742],[-84.48797600023069,37.72801400008606],[-84.49025699970518,37.729285999993444],[-84.49267699999517,37.72497999986377],[-84.49535199965496,37.725125000139556],[-84.4975090001792,37.72675699996777],[-84.49711900019187,37.72966600031418],[-84.50322799956973,37.73418400003763],[-84.50188500025367,37.736607000204664],[-84.49374099965199,37.74013099985469],[-84.4946009999926,37.747649000348524],[-84.49953799975863,37.747172000050114],[-84.50204000006435,37.74851899989062],[-84.50516499998595,37.75507499983112],[-84.51425400041876,37.75480500025305],[-84.51488500043052,37.757372999744774],[-84.5114340000957,37.764974000210536],[-84.5121449995751,37.766083000134415],[-84.5256429996943,37.7694969997887],[-84.52349799976395,37.77116099988704],[-84.52330000029554,37.77641800027703],[-84.52105400008286,37.778527999975495],[-84.49526899981427,37.785732999901306],[-84.48515199970969,37.79688699978549],[-84.4824410000649,37.80214100007701],[-84.47692000014277,37.802494000104524],[-84.47345700011238,37.79698100005432],[-84.46877800008922,37.796212000164005],[-84.46595899959105,37.79757500019525],[-84.46251300017742,37.80237300022684],[-84.46344499958974,37.808206000217496],[-84.47168899975055,37.82075100021857],[-84.47865699964413,37.826316000165036],[-84.48454900018534,37.83734299979144],[-84.48484700011116,37.84334400029091],[-84.47878700023878,37.85141899981017],[-84.47285799988767,37.853056000157295],[-84.46234199957489,37.842941000202345],[-84.45486200039355,37.84030499980294],[-84.44440899982997,37.84115299970789],[-84.43572000032856,37.84720200011688],[-84.4380600002526,37.84886999997445],[-84.43459200019933,37.85440299970873],[-84.43760300031809,37.86210799997108],[-84.43435000035001,37.86828500009876],[-84.44338000033326,37.87948399980049],[-84.44273099987983,37.886686999765324],[-84.44822099983982,37.89371699985584],[-84.45270300021947,37.90898399994325],[-84.4621309996877,37.91425399992078],[-84.46629500005004,37.91913800003961],[-84.47178699965984,37.920190999647595],[-84.4735850001589,37.93151700001696],[-84.478224999824,37.936417999694534],[-84.47962900013773,37.940218999804145],[-84.49730300031489,37.947459999877786],[-84.49056300002694,37.95142100014094],[-84.49463199995473,37.954490000318636],[-84.49315999986894,37.95636300003646],[-84.4905599996539,37.95784599966563],[-84.48729599981513,37.95456799989662],[-84.48578299972145,37.95502900029699],[-84.47614699984078,37.962593999766845],[-84.47523899981958,37.96494300032381],[-84.47697799986906,37.967101000343874],[-84.47283899962109,37.97216499992241],[-84.47137099973324,37.968350000192665],[-84.46385600039181,37.964054999931044],[-84.4607099996555,37.97064999995879],[-84.45722700043194,37.969048999884855],[-84.45535799978778,37.971798999816976],[-84.45340399965313,37.97153199969181],[-84.45283299991583,37.97812600023322],[-84.4555209999944,37.98300899998805],[-84.45523399993922,37.98584100009117],[-84.45909899965253,37.98676699994081],[-84.46102900039605,37.983092999694925],[-84.46337900036583,37.98637400033795],[-84.46849799970673,37.98356999974719],[-84.47209200015668,37.98354599999676],[-84.47586599963337,37.98510099993777],[-84.4756620003172,37.98716800003032],[-84.48241099992765,37.989648999965425],[-84.4818729998023,37.9918839999824],[-84.5058589997469,37.991339000101206],[-84.5070339997318,37.98939800009094],[-84.5093019996858,37.98925600022443],[-84.51330100019172,37.99114500025229],[-84.51681799975047,37.98377400014102],[-84.52612399991824,37.98634500009468],[-84.53013500011973,37.97617099969317],[-84.54328099988646,37.98060799981178],[-84.54285400008919,37.978563000063836],[-84.54591200006362,37.973459999977614],[-84.54507400036263,37.967047000108245],[-84.59239500014858,37.98645299974621],[-84.66013500009166,38.003745000158816],[-84.70991800000036,37.86195200031827],[-84.69239500033427,37.85884900016741],[-84.68909499961218,37.8547960001246],[-84.68902099999234,37.85109100026201],[-84.69549799961622,37.845415000283054],[-84.70989399971093,37.843801000298654],[-84.71652199984587,37.84119499976435],[-84.72170600038241,37.83573200014297],[-84.72432699961553,37.82952699969583],[-84.72409399998702,37.82236699964632],[-84.72068899968296,37.81746699994135],[-84.716488000409,37.814817000264355],[-84.71350200040457,37.808273000067736],[-84.71669500009823,37.799795000030905],[-84.70949600022598,37.79986799972475],[-84.71273599977529,37.79390099992474],[-84.70495399957184,37.792918000186745],[-84.70296000015253,37.789353999775614],[-84.70352699969189,37.78573499981748],[-84.71041099991986,37.78113800026373],[-84.71135999994895,37.77504399973135],[-84.71572299960462,37.76923100031815],[-84.70968299982373,37.7658700000677],[-84.70145200008173,37.766793000187036],[-84.69424900001151,37.76329099972987],[-84.6934819995573,37.760804999834654],[-84.69518999964467,37.75746499987474],[-84.70318100008548,37.755267000131084],[-84.70505900005215,37.7478079997648],[-84.70170599962661,37.74535000016243],[-84.69148200029021,37.74484800033268],[-84.68849000043802,37.74141099994708],[-84.6889120002124,37.735272999701245],[-84.69717399991656,37.73922099971416],[-84.70579600036912,37.73625199968372],[-84.7072170004013,37.73297000033186],[-84.68934300020763,37.727273999777715],[-84.69935499983193,37.72222999984081],[-84.70218500020073,37.725390000032505],[-84.71737399979057,37.7244189998669],[-84.72835700008358,37.72872000019338],[-84.7304569998081,37.72599599979589],[-84.72427899993495,37.71620199998166],[-84.7249090001218,37.713891999742955],[-84.73555299958278,37.71891799980736],[-84.74544600027971,37.71562000010977]]]}},{"type":"Feature","properties":{"GEOID":"21006","NAME":"State Senate District 6","BASENAME":"6","STATE":"21","SLDU":"006"},"geometry":{"type":"Polygon","coordinates":[[[-85.65093600011441,38.332228000075325],[-85.6401770001274,38.331516999743855],[-85.63669099963246,38.328803000270845],[-85.63115100034209,38.328635999660825],[-85.63293600042235,38.32680299993875],[-85.62255700037691,38.32152999981502],[-85.62772199974857,38.30671999976487],[-85.62779799991655,38.29559299982348],[-85.61678799985937,38.2999989998901],[-85.61932000030232,38.29778600012183],[-85.61628499989412,38.29809399975251],[-85.61648200043592,38.29567799973626],[-85.61317000001829,38.29597599991304],[-85.6133259996539,38.29352300011551],[-85.61099800032373,38.29468800021854],[-85.61076800016995,38.29200500026188],[-85.6076099997381,38.29115599994115],[-85.60914999959599,38.290512999798665],[-85.6095959996598,38.287627999814966],[-85.60861499984368,38.281873999844116],[-85.6106640004129,38.2817829998302],[-85.61293999986451,38.278201999840405],[-85.60792100008273,38.278363999764],[-85.6061529997209,38.275815000211644],[-85.60869500020961,38.274325999853296],[-85.59932200009469,38.2641369998166],[-85.56396799989261,38.27394299976088],[-85.56650500035845,38.280792999746524],[-85.5723169996354,38.287602000070414],[-85.57760599975391,38.2860319998612],[-85.58426999987388,38.29355199979613],[-85.58288300017688,38.29618200027555],[-85.58565900011902,38.302941999737165],[-85.59812199999544,38.29774899969601],[-85.59724900013434,38.29945699985705],[-85.59955899992116,38.30212600019177],[-85.59807199976673,38.30262399980849],[-85.59791799978095,38.30666700028422],[-85.59349099965286,38.30889699965469],[-85.60036400001019,38.31173700001482],[-85.60467200031258,38.30919100027981],[-85.60754500033909,38.310361000121866],[-85.60865900022462,38.31295399982932],[-85.61131499961783,38.31273699993499],[-85.60571800042604,38.318807999792924],[-85.58223200007363,38.31485199980924],[-85.56979500013648,38.31868399967381],[-85.5744850000303,38.33021599978971],[-85.56114500009483,38.33331699974174],[-85.55996500008706,38.33638400000549],[-85.52696599987762,38.317949999877506],[-85.55323900004281,38.317439999724634],[-85.56093900023049,38.31579200031354],[-85.57237299971189,38.30936600032102],[-85.56912800013971,38.30750099992403],[-85.55764400042959,38.303001000337616],[-85.54861400044635,38.297473999712274],[-85.51733199964679,38.30620299975935],[-85.51896299974126,38.30883599984566],[-85.5146000000856,38.311010999944976],[-85.4682059996891,38.28530900017897],[-85.46073300018047,38.285978000224446],[-85.46283000043024,38.291978999970176],[-85.45533100008403,38.29125000022815],[-85.45414799970322,38.29998099971987],[-85.44839199960447,38.30404599985482],[-85.44740499994055,38.301305999962004],[-85.45176299957335,38.2980660001606],[-85.44992300013982,38.295990999825705],[-85.44551899957796,38.29935300014986],[-85.43801400028227,38.29867199969155],[-85.43746699993609,38.296835000068114],[-85.43210199964959,38.29348299968604],[-85.42726299979284,38.29278300023451],[-85.42526600000048,38.29481100004312],[-85.42691899983626,38.29658100027604],[-85.42708600024085,38.30384700001435],[-85.42286699962692,38.302005999671074],[-85.41675800024903,38.302437000006435],[-85.41364900022097,38.29527200024182],[-85.40951900019382,38.293850000243644],[-85.40845999966156,38.29461599988052],[-85.40919299978059,38.30360200008799],[-85.39644100019916,38.30495500022137],[-85.39277999980206,38.30788300033832],[-85.35180500011874,38.30306099979984],[-85.32445300022815,38.310112000162306],[-85.28308199981139,38.358054000102754],[-85.29570700006953,38.3741069999387],[-85.32507199964601,38.40387200005014],[-85.33172099969737,38.4430489996623],[-85.34607999998212,38.45953999970241],[-85.31400600041064,38.49259199978939],[-85.30984600024627,38.499365999877874],[-85.30546699979875,38.497523000130805],[-85.28892800032185,38.4981250001423],[-85.27962700017693,38.49626800014455],[-85.27345099995361,38.49997099977942],[-85.24799600029624,38.525892000299045],[-85.16826999960442,38.58544800022007],[-85.21214800034976,38.58086300034389],[-85.21754700007314,38.58895599973257],[-85.21886599999806,38.596024000308006],[-85.21433000009004,38.60062600028539],[-85.21426800016577,38.60307699992177],[-85.21953399981976,38.60735099970093],[-85.22101900032436,38.612163999787974],[-85.23025699982176,38.61781799999368],[-85.23140300039266,38.62094799986997],[-85.22897600042998,38.62703500020359],[-85.32968299989712,38.72581700003691],[-85.3331099999425,38.73625799983356],[-85.35260299963677,38.731493999699126],[-85.37109899962138,38.73036600015746],[-85.41023800006914,38.73713499992054],[-85.42262599960247,38.73465100015685],[-85.43475499956806,38.729402000144276],[-85.45018400025573,38.71193100004312],[-85.45154400018853,38.707903999804344],[-85.45178400038806,38.71014999970969],[-85.4559269999357,38.69628700001548],[-85.4567229998039,38.6863570003242],[-85.45466099971422,38.680715999758874],[-85.44463900004418,38.670053999777814],[-85.4386290004005,38.65888999988254],[-85.43756300019555,38.65009200011115],[-85.43959699979784,38.63084600027101],[-85.43826799982716,38.605524999753364],[-85.43590100013894,38.59887400008326],[-85.41990400008703,38.57361800033913],[-85.41579599980118,38.564025999879476],[-85.41555499977676,38.54496899978017],[-85.41793300023393,38.537730000140414],[-85.42697499991276,38.52816300014971],[-85.43423400005948,38.52326399984724],[-85.46391400017855,38.511819999668845],[-85.46968899964557,38.508012000107456],[-85.47608300032711,38.50131400001757],[-85.48163000018849,38.48752999982176],[-85.4888890003352,38.47765200034351],[-85.49711000003147,38.46950799995017],[-85.5049209996489,38.465123000150186],[-85.51929099980433,38.45939000009357],[-85.53435399989577,38.455781000255165],[-85.58275299958223,38.451042999855446],[-85.60564200025807,38.43975400015098],[-85.61970799974154,38.42443099996513],[-85.62305100012132,38.41438799991896],[-85.63183300040747,38.39842700014198],[-85.6374539998887,38.38221899989215],[-85.63938499955883,38.36110599993121],[-85.65093600011441,38.332228000075325]]]}},{"type":"Feature","properties":{"GEOID":"21010","NAME":"State Senate District 10","BASENAME":"10","STATE":"21","SLDU":"010"},"geometry":{"type":"Polygon","coordinates":[[[-86.27755799957666,37.58880599997525],[-86.26813199975827,37.584631000336785],[-86.2650860003777,37.58902000014782],[-86.25948000006677,37.58643199988513],[-86.2560379999528,37.58946999978738],[-86.26264000014847,37.59298599996505],[-86.25585800002774,37.59651300011342],[-86.2557500000727,37.59208699999112],[-86.24774000026363,37.59429199980365],[-86.24947799958991,37.597606000198894],[-86.24634599999561,37.602069000339924],[-86.24532400017162,37.59928600021005],[-86.24080599980694,37.59720199980873],[-86.2457950003498,37.59281700018756],[-86.24091200011215,37.59230999997611],[-86.23705999991932,37.589487000340526],[-86.23646099969461,37.58202399998324],[-86.23328499971942,37.581424000113664],[-86.23250499974472,37.57498799986583],[-86.2280600000733,37.57782699984171],[-86.22967799974897,37.57919899985319],[-86.22411699964388,37.581421000152034],[-86.2197819995773,37.58052900025665],[-86.22174900013076,37.5779960001934],[-86.22107600028619,37.57603100007103],[-86.21374500016947,37.57608200024708],[-86.21158299962235,37.57893799991982],[-86.2092410000485,37.578012000248954],[-86.2079759996519,37.576585999773435],[-86.20828600017163,37.57137600012741],[-86.19999199978211,37.575321999743345],[-86.20296100006809,37.571799999684195],[-86.19933099963312,37.57102299984227],[-86.19550399955466,37.56541899999622],[-86.18978799963887,37.565280999743834],[-86.18649899968575,37.55986800030958],[-86.1834180001451,37.5593490001842],[-86.18236899965858,37.56252799990207],[-86.17843600017324,37.56313400032503],[-86.17832900004312,37.56079900021693],[-86.1826719996073,37.557340000275865],[-86.17925899980563,37.558151000174554],[-86.17667200000938,37.55483599965199],[-86.1734569996761,37.55613399977217],[-86.17454600034559,37.56203000001027],[-86.17235399966124,37.564598999675916],[-86.173617000408,37.56544700019166],[-86.16968499984924,37.56572499998438],[-86.1664510001477,37.57159799985722],[-86.16558800033235,37.56723999976798],[-86.16130900034226,37.56289899983546],[-86.15310700001426,37.56226199965909],[-86.14575499998114,37.55950699972973],[-86.14304500016124,37.55953899994842],[-86.14061400000061,37.56408599964787],[-86.1338689996898,37.563357000164686],[-86.13111000036443,37.566980000347996],[-86.1242169999156,37.567172999700226],[-86.11864499993986,37.563447000144016],[-86.11648400011596,37.56424699977055],[-86.11579299982974,37.56722499994934],[-86.11409499978812,37.5671310000203],[-86.10166799989672,37.550619000050354],[-86.06407300040311,37.50790199966606],[-86.06261800003576,37.50295799997289],[-86.05596599961136,37.50066700001492],[-86.06051199956512,37.49811199980303],[-86.05398899991047,37.494857999787854],[-86.05681099988337,37.49107599987835],[-86.06013099979862,37.4925939998271],[-86.06174500017465,37.490436999751815],[-86.05168400014654,37.482852999843054],[-86.05173699985,37.47883999996698],[-86.04929800019175,37.47657099969896],[-86.05405099983477,37.47588100001272],[-86.05511500038989,37.47226200001633],[-86.06156799972433,37.47165700006852],[-86.0645789998431,37.46275999990773],[-86.05862899957559,37.460942000138225],[-86.06543699963558,37.460911999808964],[-86.06744000017403,37.457927999666346],[-86.06034800043193,37.45505299994158],[-86.05631600031404,37.45647899996226],[-86.05618200041974,37.45387799973406],[-86.06009099961565,37.45081000007262],[-86.05666600011841,37.448532000285496],[-86.05310099998077,37.44980999997939],[-86.05009400005997,37.453468999953095],[-86.04759799960199,37.449933000043636],[-85.8928040001217,37.44030799965914],[-85.89154899977088,37.45326999993083],[-85.89362500010428,37.45944099987044],[-85.89464299973032,37.47174900003338],[-85.88845499981143,37.47405299966944],[-85.8886919996379,37.478707000054605],[-85.8857910000223,37.48801099999811],[-85.87564399978046,37.54426099984371],[-85.83836599958097,37.56909600001395],[-85.83657600037616,37.56845099979583],[-85.82088499974766,37.57407100026086],[-85.81925799985116,37.58440699993955],[-85.80707100015927,37.59645200018524],[-85.80701900028072,37.60176100034576],[-85.79730399985903,37.608075000123144],[-85.80306900017861,37.61975399998814],[-85.80352000026531,37.62158599989056],[-85.80185099963771,37.62338000028591],[-85.79440099969528,37.627307000102455],[-85.79056699994413,37.62694999983114],[-85.77519900025416,37.6307480000483],[-85.7741609996383,37.63168399987854],[-85.77643199996537,37.635803999834465],[-85.77601699986366,37.63949300021834],[-85.77239900002257,37.63982499978202],[-85.76846800018704,37.64436200015909],[-85.76048299959402,37.64720600005546],[-85.75273200025103,37.64728900000315],[-85.73918800010104,37.65066199965345],[-85.68033800039915,37.73250799979378],[-85.67617099966375,37.73365699993056],[-85.67607199992955,37.736390000152504],[-85.67735599969437,37.73702400034943],[-85.68319899983177,37.732842000222355],[-85.68798300033524,37.73354900007779],[-85.67949399995204,37.73933300002909],[-85.68312100001397,37.74077300024795],[-85.68377200011722,37.74540499981794],[-85.68651100024941,37.74600200002298],[-85.68274100007237,37.7491630001747],[-85.68483099975114,37.75108600013977],[-85.68443200044129,37.7538960001603],[-85.68761699973902,37.75476500010024],[-85.68256399962206,37.75804599973564],[-85.68520900004292,37.75914600018482],[-85.68847899972947,37.756047999959236],[-85.69336000031731,37.755347999886254],[-85.69527699974373,37.76180200025445],[-85.69737700036656,37.76129600009243],[-85.6980490003862,37.75849099974713],[-85.70045299988433,37.75885099996818],[-85.69959599991678,37.762230000322205],[-85.7045050000937,37.76814999983471],[-85.71082899955672,37.76576599984225],[-85.71623200037638,37.76814999983471],[-85.71616899972888,37.76954200031729],[-85.7126079997892,37.77125399970855],[-85.71385700029225,37.77423499990443],[-85.71922800042654,37.77599899969921],[-85.72719700022772,37.77392500023507],[-85.73518000027262,37.779133000238694],[-85.73634699986158,37.78169800026232],[-85.73538000028915,37.783421999905784],[-85.72930600017307,37.78323200026205],[-85.72649599989577,37.78687500002071],[-85.7308710001453,37.78898000016947],[-85.73788400024472,37.788316000229166],[-85.74243500022138,37.79135300009767],[-85.7384109996011,37.796837000182755],[-85.74211200018118,37.80339299969298],[-85.73775200000026,37.81051600005334],[-85.73835600024782,37.812807000320205],[-85.74253899997844,37.81614600024449],[-85.74123400029721,37.81965899988526],[-85.7421840001512,37.821871000044304],[-85.75005099984514,37.82347400023165],[-85.75036700021263,37.82715299969999],[-85.7595169998465,37.83161700006791],[-85.76206699983281,37.83694400015464],[-85.77435300015723,37.84258799990853],[-85.787791000002,37.84381600028967],[-85.79475700024575,37.84882000010884],[-85.79660900027315,37.852735000184104],[-85.80052400021516,37.85437700014515],[-85.80124999976317,37.859876000180954],[-85.81130800031654,37.85670600007378],[-85.81678599968264,37.857917000061214],[-85.82021799975088,37.86431000010504],[-85.82901400028074,37.86986300018599],[-85.83931600033327,37.88053000008065],[-85.83952300002251,37.88907899973336],[-85.83544400004895,37.8926029996828],[-85.81916300031492,37.88651900026871],[-85.81321700024534,37.889333999916396],[-85.81681300034512,37.89217099966918],[-85.81847700005156,37.895922000171815],[-85.82746000017916,37.90063099975793],[-85.82752499957819,37.91337099991633],[-85.83016900017415,37.918752000083764],[-85.83712299982402,37.9213930000275],[-85.84488599976088,37.92171800013257],[-85.84811600016276,37.92365599991208],[-85.84815700017064,37.93289499980391],[-85.85120400027444,37.94081099973363],[-85.854870999621,37.94538500014485],[-85.8645009996539,37.9485739996581],[-85.87398900029486,37.9470339997336],[-85.87851500015715,37.94894799973709],[-85.8958369999818,37.9394859999137],[-85.90333299995496,37.94052500021952],[-85.90517699958644,37.94257900029653],[-85.90333899980276,37.94914199991075],[-85.9044419998176,37.957683000272255],[-85.90060100039376,37.97071999994255],[-85.90636599981504,37.9908589999116],[-85.92964899977785,37.99301600016569],[-85.93832099956083,37.998756000124125],[-85.93301499972388,37.99770300007344],[-85.92412399965777,38.00758000003745],[-85.91971400014643,38.01039699997812],[-85.91796199967814,38.00906000012409],[-85.91398599963676,38.01065099975322],[-85.91541199969183,38.014254999695424],[-85.91278899991057,38.02065200025384],[-85.90964200024769,38.0197759998821],[-85.9100659996719,38.02303299968191],[-85.9070880000634,38.02253700001553],[-85.90649800005951,38.02013400015533],[-85.90512800008096,38.02249999976745],[-85.90656699965649,38.02475400011709],[-85.90417200037919,38.02674499980116],[-85.90417499985392,38.02896299978891],[-85.89734500005261,38.02980900013913],[-85.88349200010613,38.03758199972193],[-85.88237200037283,38.04087900028044],[-85.84225899978166,38.05148500030702],[-85.84152300018792,38.060154999797426],[-85.83849299980257,38.06482699991786],[-85.84416500023575,38.06823399997716],[-85.85011299995513,38.06547599980389],[-85.86169499957451,38.06590499990055],[-85.88475599977949,38.071706999677055],[-85.88570499980857,38.06421100007106],[-85.8906270004043,38.05617499976646],[-85.90726700016354,38.06479099987658],[-85.91574999980061,38.06512999973979],[-85.91981899972842,38.035955999995664],[-85.92342800024699,38.02524699995783],[-85.92905700012415,38.01786300005008],[-85.94269900018342,38.00681599983781],[-85.9482169997325,38.00490400026651],[-85.97187399978911,38.00255999983038],[-85.97741499980272,38.00338200028289],[-85.99897100030991,37.999754000149665],[-85.97594799973979,37.87579300017532],[-86.0074320002057,37.81843900011963],[-86.15128500012408,37.79887799964722],[-86.24992899967661,37.63353799977723],[-86.27524699996492,37.59356500002443],[-86.27385100004712,37.5902639997038],[-86.27755799957666,37.58880599997525]]]}},{"type":"Feature","properties":{"GEOID":"21001","NAME":"State Senate District 1","BASENAME":"1","STATE":"21","SLDU":"001"},"geometry":{"type":"MultiPolygon","coordinates":[[[[-89.41699399959397,36.49967799982194],[-89.39105699988777,36.49921599984739],[-89.30102200036902,36.507232999929265],[-88.95974599982972,36.5020760001394],[-88.54187400033967,36.502175999753035],[-88.216645000081,36.49982699973383],[-88.05329299972223,36.497057999768],[-88.03906900005501,36.51078400024297],[-88.03743200011274,36.522858000051656],[-88.0346829999348,36.52784499966551],[-88.03267500027178,36.53698500013424],[-88.03264900033253,36.54209499967216],[-88.03509300001363,36.56018899997935],[-88.04049699975988,36.57682399977095],[-88.0448619999637,36.603069999643196],[-88.05562500014867,36.630340000247564],[-88.05701600004362,36.640342999944885],[-88.0668360000473,36.65585599973683],[-88.07054099992705,36.678255000030305],[-88.0122030004112,36.677190000358664],[-87.92687499960638,36.6689359998071],[-87.84954399998848,36.66369499989132],[-87.85331900018842,36.63316000004165],[-87.69419200029138,36.63710799981052],[-87.67377399995914,36.75555700022228],[-87.67387199986845,36.82523500015334],[-87.67187099987811,36.878891999867356],[-87.6597240003692,36.966396999810904],[-87.73336799965071,37.002103000114985],[-87.76486800001015,36.974737000002165],[-87.85808799972494,36.95071400009892],[-87.86326800006353,36.95391199998188],[-87.86621300006006,36.95390000021445],[-87.87030899975204,36.95828399974521],[-87.87697000039725,36.960021000032356],[-87.97518600032761,37.06750899988701],[-88.04214200009805,37.17475600027781],[-88.06638900015857,37.17740100027743],[-88.0766710001196,37.176590999782654],[-88.09578100039755,37.17968400019762],[-88.0888229996514,37.17940999987572],[-88.08281499965756,37.18537800004565],[-88.08371299963302,37.189441999862396],[-88.08590199994433,37.190254999862724],[-88.08361999974662,37.192021000127454],[-88.09010999978929,37.20202099991948],[-88.08941900040139,37.20699600005204],[-88.08364499986097,37.20824899996113],[-88.08046899988575,37.212133999925044],[-88.08236399957086,37.216387000217466],[-88.0897869997491,37.21914700024657],[-88.08907399972156,37.22238799970915],[-88.08105800006471,37.22334700032095],[-88.0785080000784,37.22699800003067],[-88.07161399980467,37.22915600022733],[-88.06803600014658,37.22856000011858],[-88.06752499978539,37.23058600018586],[-88.06326199968885,37.23154299974416],[-88.05322999997304,37.22888800024764],[-88.05163400003867,37.23403599975683],[-88.05248299961032,37.237662999797216],[-87.80842100016717,37.37495099969116],[-87.80104599966951,37.37944499993023],[-87.80076500036043,37.38183299972443],[-87.80580900025657,37.382286000033425],[-87.80358099958723,37.37900399986737],[-87.81029900013384,37.37638300008258],[-87.81067499987749,37.378805000338204],[-87.81327199971948,37.37914700009252],[-87.81775699957389,37.383482000293796],[-87.81793900004708,37.38587299998365],[-87.8142440002131,37.386011000013575],[-87.81412600021231,37.38710699987955],[-87.81846100027889,37.38823300035342],[-87.82172799959238,37.38475199978425],[-87.82610299984194,37.38461100026948],[-87.82636899998072,37.380094999736606],[-87.83273799964957,37.3805290000881],[-87.83151599980903,37.37762200032319],[-87.8364779996894,37.377617999919764],[-87.84093300030489,37.37964800019801],[-87.84303200020449,37.37450000033464],[-87.8454900001293,37.37674799990871],[-87.84773200014406,37.375577999810375],[-87.85455299972455,37.377564000163616],[-87.85558299994447,37.3809680003506],[-87.8596829998344,37.38008599983923],[-87.85819400003015,37.38349099978356],[-87.85987799982807,37.38510300026475],[-87.85794799998287,37.38618100008395],[-87.85974300010885,37.38768000011357],[-87.85506200043586,37.38930299986175],[-87.85614500035925,37.39074299968112],[-87.85980400020823,37.39079600001406],[-87.85973100041329,37.39242099991334],[-87.85129899993152,37.39572900008421],[-87.84464599968221,37.394619000281274],[-87.84395399957107,37.401044000282326],[-87.84690899961336,37.40588599970353],[-87.84349300033695,37.41615600008196],[-87.84703400018513,37.420751999668056],[-87.85497200002419,37.41808600031389],[-87.85652399957762,37.414442000245785],[-87.8658210004229,37.417178000298236],[-87.865596000292,37.41512700013235],[-87.8629430003735,37.414113999849604],[-87.8635969999515,37.41101999999522],[-87.86126799989812,37.40971199989906],[-87.86717100030998,37.40789500019417],[-87.86896100041311,37.40510299993155],[-87.87580999958266,37.40767399975469],[-87.89261799957141,37.40307100000039],[-87.89731099983827,37.40359200017397],[-87.89828900017967,37.40099599971841],[-87.90228799978726,37.398249999852226],[-87.91538599987341,37.40436900014594],[-87.91527799991837,37.406284999761866],[-87.9115499995741,37.40676200025682],[-87.91349299983811,37.41127199975948],[-87.91590399990726,37.41034299982256],[-87.91606999958861,37.40727299983372],[-87.9217429998467,37.41144200033352],[-87.92387500025659,37.409102999773715],[-87.92999899970306,37.40916700001618],[-87.9327450004063,37.41308000010684],[-87.93321800023429,37.418596999698735],[-87.93832499987964,37.425635000139486],[-87.9399199999891,37.43337199989791],[-87.93636400007229,37.43980200001742],[-87.93753099966125,37.44519899978956],[-87.94163599957406,37.45179599995915],[-87.94108300027841,37.45462299966764],[-87.94393700003835,37.464572000336254],[-87.94176500034379,37.46938400010712],[-87.9324940003361,37.476453999779125],[-87.9321410001587,37.479485999942284],[-87.93638199961563,37.48027199993123],[-87.94338100036965,37.47725400019369],[-87.95016400031531,37.479914000196096],[-87.95448599996308,37.47920199982662],[-87.96393100004804,37.47048600025535],[-87.96798999993011,37.47199999971034],[-87.97050499975632,37.46999700012623],[-87.97523900003107,37.47035500031286],[-87.982520999744,37.47396999971516],[-87.98137900026937,37.476863000021964],[-87.97571400040721,37.476766000346416],[-87.96649600010298,37.48462100005054],[-87.966828000364,37.48887000030035],[-87.9734609996235,37.50056700023354],[-87.97700800021781,37.500652000341326],[-87.97917300023964,37.495488000294245],[-87.98174400014236,37.49372699980932],[-87.9879139996196,37.49625299992429],[-87.99140299958925,37.502826999947175],[-87.99747800042854,37.5067139997556],[-87.99973799998665,37.51461099982756],[-87.99864599984244,37.529758999705244],[-87.99992600030762,37.543342000165296],[-88.00370200033245,37.54638600000577],[-88.01557199983195,37.5472099998027],[-88.02015999961851,37.544733000127614],[-88.02355700042497,37.53786700021147],[-88.02039399997024,37.533134999752455],[-88.02079099963028,37.52892300035039],[-88.02999300004099,37.52050999982932],[-88.03072699998492,37.51659199977439],[-88.03409200010601,37.513602000111284],[-88.03860399972459,37.513270999926306],[-88.04270000031488,37.51737399968767],[-88.0474889999429,37.51827199974814],[-88.051988000041,37.50779200029704],[-88.05706299989929,37.50535399992247],[-88.06129800040675,37.505332000308414],[-88.06543000008375,37.48875999997833],[-88.06843799982947,37.48544900029329],[-88.07312199987548,37.48569100025144],[-88.0742559998525,37.481613999988795],[-88.08299299993281,37.47239099965818],[-88.08770100026828,37.47149699995292],[-88.09387599976837,37.47380300000024],[-88.12841099963771,37.470494999987174],[-88.1351609999714,37.4717539999585],[-88.19653899991832,37.46070299972431],[-88.22796800013263,37.457098999954624],[-88.25513699972515,37.456760999903665],[-88.28163099982326,37.45272899970614],[-88.31197399974116,37.44100100017527],[-88.31812200037538,37.435858999940734],[-88.32363300025176,37.43399200023605],[-88.33350599995889,37.42714800001023],[-88.34839800034612,37.410959999960355],[-88.35849600018416,37.4048029998439],[-88.35437700002765,37.39908399970861],[-88.35562200033274,37.39718600006013],[-88.33545000004781,37.39621000010362],[-88.3324640000434,37.39436200007234],[-88.32810100038773,37.39974300021345],[-88.32459800017438,37.39772299993766],[-88.32290599998052,37.393786999754255],[-88.31785000038883,37.3979269997917],[-88.31625500027937,37.39372899996507],[-88.3128490001504,37.3919430002883],[-88.3133289996511,37.38808499980483],[-88.30794499999632,37.38678400033634],[-88.30837500016663,37.38359299987396],[-88.31302400005256,37.38113699966579],[-88.30303900019244,37.379248999667254],[-88.30102499978332,37.380866000258656],[-88.2991140002047,37.38005800007234],[-88.29754900023246,37.37506400003265],[-88.30053900043484,37.37480800003206],[-88.29935500022911,37.371868999867694],[-88.30126900018081,37.373364999963435],[-88.30264599983207,37.37169100018087],[-88.30585100011959,37.37213299986883],[-88.30413600035953,37.36970499996109],[-88.30755800038203,37.36976399997804],[-88.30917299968466,37.36782400010096],[-88.30419200043603,37.36810400013373],[-88.30110699979909,37.366391999812215],[-88.30110799962401,37.36412500013587],[-88.30250000024218,37.365251999668864],[-88.30484699983893,37.36247499993543],[-88.30445299965362,37.36003299980272],[-88.30091199980542,37.36007599992895],[-88.30234899973114,37.35867400019044],[-88.3005169997952,37.35757000030549],[-88.30146400017448,37.35683399992896],[-88.29967300024644,37.35477800012772],[-88.29996000030161,37.35210500008214],[-88.29761299980656,37.352573000060794],[-88.29861600026231,37.350822000318665],[-88.29395700033065,37.349464999843605],[-88.29576099977916,37.34680999979111],[-88.2965220003856,37.33720600021583],[-88.29523900044565,37.33786600013736],[-88.29362800044268,37.3353759996763],[-88.26735799975222,37.317320000180274],[-88.21897999998217,37.27314499995997],[-88.20058299973175,37.234521000065136],[-88.20271099994368,37.23308899988055],[-88.20189099978603,37.22909699995859],[-88.20437700019825,37.230315999734636],[-88.20527900037166,37.22655899984327],[-88.20427900028896,37.22545400014291],[-88.20042000042345,37.22721299971644],[-88.20120799989571,37.22411700003741],[-88.1961430000832,37.21963399986476],[-88.2011700002609,37.216765000146005],[-88.20152599991306,37.21521099993257],[-88.19832599964839,37.21433099974881],[-88.2013669999044,37.21172900031274],[-88.20003600028389,37.21002000018818],[-88.20187700044065,37.20822799987024],[-88.20248300033805,37.210273000098184],[-88.204347000061,37.209655999889954],[-88.20574999965154,37.20590400021228],[-88.20437200017537,37.20525300020622],[-88.20480200034571,37.20359299975815],[-88.21094400023382,37.200022000351304],[-88.2111180003111,37.19497599985469],[-88.21319100027145,37.19506300033957],[-88.21205300009647,37.19048400027212],[-88.21414699997321,37.192735000117636],[-88.21747299973626,37.1904039997736],[-88.21955800029048,37.19083599974093],[-88.21646000013308,37.1874059999469],[-88.21730200003203,37.183892000163716],[-88.21987499958456,37.184688000248705],[-88.22033800026516,37.1830130003436],[-88.19576800016446,37.173221999660505],[-88.18986800012566,37.16637000012294],[-88.18728899982703,37.154539999962346],[-88.21264200027545,37.12794299967756],[-88.2170669998554,37.11090500018115],[-88.2154259997152,37.10182200023346],[-88.21688899958015,37.09573199979363],[-88.22906500029973,37.09067500001638],[-88.23238199984192,37.085170000320204],[-88.23114499993275,37.081574999841735],[-88.22218899956934,37.07088699997457],[-88.21629500027663,37.05622500009739],[-88.22519399984031,37.04539799986044],[-88.22687699981334,37.03804799970185],[-88.22677399988117,37.027601999661314],[-88.20922100007785,36.99997600028253],[-88.2403709997346,36.981911000252474],[-88.22507300036483,36.964162999950375],[-88.20275899962425,36.949021999902406],[-88.1879480003262,36.93303500023065],[-88.18419800024063,36.92218700022381],[-88.183414000068,36.91216900007986],[-88.18028300029863,36.90082700006532],[-88.15564299987773,36.86439399969367],[-88.13055100044353,36.80906999998485],[-88.12492000001824,36.782723000133615],[-88.11424300004698,36.76250199964054],[-88.11463999970702,36.75579499970327],[-88.1108310000702,36.74714999980368],[-88.22336600010236,36.750053999977645],[-88.48569699974942,36.75032800027395],[-88.48410300036319,36.94209599977255],[-88.58121200008071,36.94349399997958],[-88.69980399961219,36.94277399970538],[-88.70943100017034,36.94458699974231],[-88.70937799956857,36.94635699988644],[-88.8128969998612,36.94686399985286],[-88.81322900012219,36.773114999857086],[-89.00227700016274,36.7715620002725],[-89.06726499955482,36.77276300028369],[-89.06181499977781,36.78701799991292],[-89.10415799978985,36.797285000026285],[-89.10396799981906,36.79596899964711],[-89.11687900030745,36.79061000012176],[-89.12353099983352,36.78521700016834],[-89.11778300013069,36.77724599991243],[-89.11620999976253,36.77080200024478],[-89.11999199963516,36.75843699977614],[-89.12596700001703,36.75180900030502],[-89.13578899967054,36.75177699969866],[-89.1425020001943,36.755502999850215],[-89.15767300024079,36.75607799976712],[-89.16978499958962,36.75964099990963],[-89.18531999968418,36.75334899967294],[-89.19785600025385,36.73977200021172],[-89.20139999957678,36.72588100008559],[-89.19931099972291,36.715624000351355],[-89.18295299999596,36.69955200009436],[-89.17046199963212,36.69004800004582],[-89.16811000001252,36.68572899989413],[-89.16797100009536,36.67908899968761],[-89.17188400038755,36.67259800018542],[-89.1591179996641,36.66635399980873],[-89.17472700027683,36.65047499983811],[-89.1868560002424,36.642022000253455],[-89.19775300032168,36.62897099995553],[-89.20126499985756,36.61654499999476],[-89.20277100027856,36.60166499973959],[-89.21387400022216,36.57991099968418],[-89.22975699957297,36.56862400013991],[-89.23630799971502,36.566881000266314],[-89.26085500024949,36.56539699965997],[-89.27332899999655,36.572670000194485],[-89.29467500044146,36.5937789999395],[-89.31465699985728,36.62184399966417],[-89.32243300021294,36.629753999729864],[-89.32924000044804,36.63267000012574],[-89.33782400036746,36.63262500004347],[-89.34934999991037,36.63071800008478],[-89.36412299957361,36.62589399978207],[-89.37191499982278,36.62019600006664],[-89.37614399958414,36.614131999929555],[-89.38270999979481,36.58372199998814],[-89.39583299999532,36.55932499991862],[-89.39862599965589,36.54227599993379],[-89.41699399959397,36.49967799982194]]],[[[-89.57120299999157,36.55214200030341],[-89.56828499975921,36.54175999986424],[-89.55987400009215,36.52346699992536],[-89.53923200035227,36.49793399994869],[-89.48542700037142,36.49749099991454],[-89.47325599967472,36.5124159998464],[-89.46591299986243,36.5300150002719],[-89.46553499957065,36.53598899983624],[-89.46782000014142,36.546973999639434],[-89.47286099966452,36.55883999965504],[-89.47992999984042,36.56908699973943],[-89.48810600022918,36.57292500018443],[-89.51685200038777,36.57739699973262],[-89.52854100013731,36.58158199990622],[-89.54467499955825,36.58018799986298],[-89.55757400035108,36.57429700025614],[-89.56861399964718,36.562464999723694],[-89.57120299999157,36.55214200030341]]]]}},{"type":"Feature","properties":{"GEOID":"21033","NAME":"State Senate District 33","BASENAME":"33","STATE":"21","SLDU":"033"},"geometry":{"type":"Polygon","coordinates":[[[-85.90530700018111,38.088836999827855],[-85.91574999980061,38.06512999973979],[-85.90726700016354,38.06479099987658],[-85.8906270004043,38.05617499976646],[-85.88570499980857,38.06421100007106],[-85.88475599977949,38.071706999677055],[-85.86762999977344,38.06732299989957],[-85.8661839996269,38.07496600015761],[-85.85764699956313,38.08573399980518],[-85.85891500033274,38.08662099971539],[-85.85700999970358,38.0863050000416],[-85.84317000017592,38.095694999960834],[-85.83733999955899,38.097824999763894],[-85.842035000374,38.0976280002484],[-85.84329200037465,38.10228699982818],[-85.84615500035541,38.103528999970166],[-85.84477100013315,38.105912999909165],[-85.85099400021214,38.105935999669036],[-85.85263799982708,38.113171000099065],[-85.85567999990799,38.11269800027449],[-85.85616899962953,38.11587399981174],[-85.86056899999343,38.11554599994375],[-85.86251300008236,38.11328600012243],[-85.86695399955583,38.11447999991713],[-85.86773000023086,38.11315000000146],[-85.87673500009977,38.11638699991168],[-85.87676100003904,38.11408899997795],[-85.87891400036531,38.11220700020042],[-85.87978200020355,38.1153790002918],[-85.88691999997643,38.12044000002477],[-85.88924499983185,38.129136000130934],[-85.88613199960582,38.13266000027446],[-85.88578099997655,38.1408040003321],[-85.88362500017554,38.1458570001073],[-85.8792159995908,38.14993300019814],[-85.88284799967559,38.15327700015623],[-85.88299900018663,38.157255999931465],[-85.88466799991595,38.157518000241836],[-85.88164199972854,38.16115499985035],[-85.88992299969927,38.16632599965207],[-85.89277499980939,38.16641999966788],[-85.88999200019457,38.17524599984914],[-85.88194399985235,38.17582599968211],[-85.87750099983074,38.17098500018059],[-85.87034399979127,38.1670559997158],[-85.86354699960194,38.176060000341145],[-85.85587200042693,38.172611999690716],[-85.84646800034986,38.18099300007452],[-85.83382600037329,38.18000700009022],[-85.83352699972423,38.18216699991586],[-85.8272650001855,38.18151299981553],[-85.81361899992827,38.184318000019466],[-85.82372500016221,38.17398499988765],[-85.81952200034011,38.17123699972588],[-85.80892200036175,38.185424000117436],[-85.80106499981524,38.1861440000073],[-85.80071500001087,38.19420600003678],[-85.79906800002288,38.19674400002279],[-85.80201200019451,38.195627000228285],[-85.80483599981721,38.196906999761715],[-85.79923299987932,38.206624000340526],[-85.80050400012368,38.20738299993386],[-85.79834900014757,38.21488799979865],[-85.78828999976928,38.217555000043944],[-85.7878470000785,38.22099600015687],[-85.78349100009552,38.22044900020143],[-85.78099299998773,38.23100400002471],[-85.7713100002514,38.23010799980146],[-85.7720490002182,38.23392599968643],[-85.77871599981289,38.23449699991843],[-85.77719799969634,38.235426999919454],[-85.7749349997652,38.248021000264316],[-85.74559600012796,38.2451360002417],[-85.74639199999618,38.24052299982581],[-85.74235700040356,38.24010200007165],[-85.74028899956777,38.25201500033689],[-85.73103500017683,38.24966799991591],[-85.7261889997491,38.25512299987741],[-85.7219650000106,38.25690800023102],[-85.7191830002207,38.25363500027027],[-85.69987700012418,38.25374700011022],[-85.70165299998358,38.25830600024822],[-85.71254099984205,38.25952699984725],[-85.71051599956228,38.262320000044454],[-85.71245499962832,38.264020999865146],[-85.70969600030294,38.266810000336804],[-85.72413900025329,38.2622600000513],[-85.72523499969716,38.26429199974837],[-85.7295320001289,38.262926999833866],[-85.73545700028207,38.27050300015387],[-85.74407999966122,38.267240000119145],[-85.75509399991637,38.26904900029055],[-85.76684100029054,38.27650799983912],[-85.76617599994358,38.280249000256944],[-85.77200900003524,38.28505699996069],[-85.78118799998141,38.28830699993467],[-85.78799699986632,38.288355000345526],[-85.81840199970848,38.28216899988002],[-85.82906500033437,38.276554000335395],[-85.83658800007171,38.26407199986055],[-85.83892100032305,38.240330999935296],[-85.84359899962298,38.232178999998965],[-85.85203500030273,38.22230000016692],[-85.87498799965435,38.20769700028315],[-85.8826660001007,38.20084700018059],[-85.89605000041712,38.1854510002329],[-85.90552100044134,38.16953000030463],[-85.90816199976594,38.158263999781624],[-85.90909599972642,38.142340999722435],[-85.90438800028925,38.10621599985329],[-85.90441000003055,38.096617000213875],[-85.90530700018111,38.088836999827855]]]}},{"type":"Feature","properties":{"GEOID":"21027","NAME":"State Senate District 27","BASENAME":"27","STATE":"21","SLDU":"027"},"geometry":{"type":"Polygon","coordinates":[[[-84.56375299974702,38.05934499980279],[-84.55674999969337,38.05601900011219],[-84.54850300005782,38.060288999981864],[-84.5323860003553,38.05376000022337],[-84.52394899985066,38.052116999961925],[-84.52477700040423,38.05648799966601],[-84.5214390000473,38.06284400008263],[-84.5205860002777,38.06364200004135],[-84.51575300026875,38.060642999827024],[-84.5138140002027,38.06418499970631],[-84.50829199955736,38.06828899997894],[-84.51085900016044,38.07260500021799],[-84.50329100021725,38.075074000057185],[-84.49504799988135,38.07461600001576],[-84.48559299975065,38.099881999957105],[-84.46982300037776,38.091513000342644],[-84.46174599972322,38.084118999793766],[-84.4473250004125,38.09429300019886],[-84.44039099995581,38.0853650002496],[-84.36847300030499,38.13404399971068],[-84.36738600018364,38.13004200008598],[-84.36858899975762,38.12590099990836],[-84.37786599961308,38.12117099999351],[-84.37723600032454,38.11814799993327],[-84.37993899957343,38.11643299989611],[-84.38093500035649,38.113490999930185],[-84.37951000012634,38.11119699987495],[-84.36990799968254,38.10900400009609],[-84.37012299976772,38.10521600012447],[-84.36747099967414,38.104759999900196],[-84.36584899980049,38.10181299995518],[-84.36168199996341,38.10097699966749],[-84.36055999968198,38.098708000200126],[-84.35053999966176,38.09753099971052],[-84.3492340001556,38.09500099991237],[-84.34460600018606,38.09494200019821],[-84.34358199981392,38.091036000059205],[-84.3298179995559,38.0850870003392],[-84.3266700000681,38.084732000203765],[-84.32038400023993,38.089111999728594],[-84.31781099978907,38.093103999688594],[-84.31453199988168,38.093122999839906],[-84.31173199965012,38.08675599996733],[-84.30854900000222,38.086533999876565],[-84.30728600015378,38.084135999860564],[-84.30479600044193,38.085749999722715],[-84.29828200010978,38.07994199971387],[-84.29382900004244,38.080704999691584],[-84.29289000005909,38.077943999849964],[-84.28728899977104,38.07566599965948],[-84.28776999999496,38.07322100010435],[-84.2843229998581,38.06966799999603],[-84.28646100011576,38.067028000204274],[-84.08052700026869,38.1151179999779],[-84.05989399985131,38.13402500030967],[-84.04954499994311,38.13717999967061],[-84.0424549998508,38.141416000239815],[-84.03831399995298,38.14627400031277],[-84.03208099982825,38.14856199977612],[-83.99017100035957,38.17506700024095],[-83.97786699959349,38.19216599996495],[-83.84988400040373,38.29663900000159],[-83.8467770000255,38.29650599988152],[-83.84295699961972,38.30066399987611],[-83.83841400003901,38.302695999954274],[-83.82124600020015,38.30027200016184],[-83.82186499961804,38.29461700031658],[-83.81613399963364,38.292933999936025],[-83.81379000040995,38.290351999983095],[-83.81530599997838,38.28607399986421],[-83.81404399995485,38.28309399967782],[-83.80232099987012,38.27916200027586],[-83.79936500000295,38.2820449998795],[-83.79542199957355,38.292153999937256],[-83.78521199958253,38.294707999751395],[-83.7822599999133,38.29367700032925],[-83.77857699977487,38.287584000350286],[-83.77544400035569,38.28568700027621],[-83.76747200018144,38.294247000199654],[-83.76187000006847,38.29510900025545],[-83.7596480001452,38.293022000107406],[-83.75879299982746,38.28629199969114],[-83.75542400040673,38.28447699971598],[-83.7417510003853,38.2855120002278],[-83.7395339995866,38.29105600014725],[-83.73477699974563,38.29379199969885],[-83.72539299976005,38.29258399981652],[-83.72432200043056,38.284170999859064],[-83.7323179999959,38.2834510003338],[-83.73484000039313,38.2801629999723],[-83.73828699963168,38.26754299978842],[-83.7362809996185,38.26324299986646],[-83.73259900020332,38.26216699978763],[-83.7257700002269,38.26887799997441],[-83.70896499971289,38.26754299978842],[-83.70579799995853,38.263219000180094],[-83.70638299993954,38.26009999974074],[-83.71463700014608,38.25647600014719],[-83.71729900028538,38.25229400025026],[-83.71189499964082,38.245102000324174],[-83.70906799964506,38.24378400022904],[-83.7039590003499,38.24438299979693],[-83.69569500009763,38.248618999827535],[-83.6932220001042,38.25150900008742],[-83.69237900038031,38.25927400021766],[-83.69008700013687,38.26175399990114],[-83.68759400005196,38.26107999999001],[-83.68466699959878,38.25459200010933],[-83.68480200021631,38.251488000321565],[-83.69277600004035,38.24718999978914],[-83.69560700023408,38.24361700003148],[-83.6913359997416,38.232144999667106],[-83.69193800033936,38.229671000310965],[-83.69674000038617,38.22598199984942],[-83.69833499959732,38.217590000223545],[-83.69666599986802,38.21277200022137],[-83.7012279997153,38.20777499987212],[-83.70049899979425,38.20167800005726],[-83.6982640003505,38.1988219999865],[-83.69468099977121,38.19714899988789],[-83.68934399997211,38.19760800002403],[-83.6944120001577,38.20938500026728],[-83.68903400035072,38.211066000111785],[-83.68459600035197,38.214631000281294],[-83.68268300022521,38.21395500004328],[-83.67895200040621,38.2056100000719],[-83.67163499963486,38.19696099994128],[-83.6668989997103,38.20154999983202],[-83.65917699978131,38.201521999730645],[-83.65097500035162,38.18599499969513],[-83.64961600024371,38.17632999973326],[-83.6465459996754,38.17096299974737],[-83.63885399988365,38.178270000184064],[-83.63555999990766,38.18747699993552],[-83.62436300025271,38.18004800004104],[-83.62029599997474,38.17559300034659],[-83.61596799958087,38.177617000340646],[-83.61070100010197,38.17721600035164],[-83.61091799983694,38.18023699975719],[-83.61388499957478,38.18374600016256],[-83.61299099979729,38.18776499983067],[-83.61072500039141,38.18746099971185],[-83.609274000222,38.18244100013691],[-83.60742100036968,38.18146400027127],[-83.60470099960574,38.1830839998742],[-83.60765900002104,38.185605999865295],[-83.6066689999841,38.18731699965871],[-83.60285299977629,38.18403499982081],[-83.59657399962079,38.18444299996178],[-83.59607800022656,38.18247399982341],[-83.60094399984747,38.18142099995235],[-83.60168500036241,38.179513999684296],[-83.59072999965849,38.171526000270184],[-83.59104000017821,38.169552999797126],[-83.59519600014463,38.16813300023508],[-83.60106000019843,38.16874899987329],[-83.599060000033,38.163667999858106],[-83.60140099978196,38.162823000275395],[-83.60602299990371,38.164391999745874],[-83.6069440003437,38.159532000308104],[-83.6114850002746,38.16139700008423],[-83.61423699992729,38.1608240002612],[-83.61782700017929,38.15740400017395],[-83.6192649999299,38.15340100010072],[-83.61425799984369,38.1491479997852],[-83.62157499971671,38.14912000002929],[-83.61846300021392,38.14562999973555],[-83.61829900018239,38.14227000007912],[-83.61390100036662,38.141308999892004],[-83.61418900024672,38.13766899973272],[-83.6099649996099,38.137086999894805],[-83.61082599977543,38.13564400017602],[-83.61422199985867,38.135584000279344],[-83.61372200026648,38.133213999880354],[-83.61178200037553,38.131388000239006],[-83.60382600009481,38.12958600010564],[-83.60661799993046,38.12517600030214],[-83.6039800000806,38.123811000146716],[-83.59549499989538,38.13166400024332],[-83.59026199985334,38.13443600000946],[-83.58408700035324,38.14625600021591],[-83.57946900042946,38.14473899975869],[-83.57639100036353,38.14713599975267],[-83.57102400042719,38.147246999999986],[-83.56259199994543,38.14281299998298],[-83.55834800011544,38.14591900005492],[-83.55659999984512,38.136338999682295],[-83.55482700035874,38.13540500009432],[-83.55371199974998,38.14037199971708],[-83.55077199977633,38.1430340003442],[-83.54833099956994,38.14293099974763],[-83.54795400000141,38.14151400015002],[-83.5516849998204,38.13852499984468],[-83.54932900000283,38.13181600023018],[-83.5546699999999,38.124252000150044],[-83.55193599989056,38.12231199984875],[-83.55905699994501,38.115840999665444],[-83.55472299970334,38.112438999798904],[-83.54248499995781,38.115555999965785],[-83.53272500022858,38.12042599994038],[-83.52543599994465,38.119350000267],[-83.52005999978749,38.11608299968541],[-83.51964700023393,38.11282699975939],[-83.51609399979186,38.11115899977764],[-83.5152589995656,38.10808899974029],[-83.52098500042544,38.10731399991418],[-83.52111400029688,38.10393400030764],[-83.52448299971762,38.10053800034292],[-83.5287619997077,38.10231799993493],[-83.52936099993241,38.09878599979466],[-83.53441999989715,38.094692999741504],[-83.53153900037304,38.09229199965737],[-83.52560499999905,38.09262099969052],[-83.5196170000967,38.0888899997221],[-83.52289900037714,38.08445600029764],[-83.521249999841,38.08379400029334],[-83.51843100024116,38.08569699967313],[-83.5169640001782,38.084676999839346],[-83.51863899975531,38.080149999996706],[-83.51394600038675,38.06965000010782],[-83.51192299975682,38.069658000058666],[-83.50932699973973,38.07248100021975],[-83.5059649999917,38.08800299976756],[-83.5018409998123,38.08783900002147],[-83.49729300020871,38.084955999679245],[-83.49126900032135,38.0867230001016],[-83.47956399977998,38.08239900009488],[-83.47691599988437,38.08590700009756],[-83.47152700020673,38.08202199995875],[-83.46880200031823,38.084224000226435],[-83.46539899966399,38.08404499999756],[-83.46328499969576,38.07971100002541],[-83.46444899980999,38.07679600001258],[-83.46276400018715,38.071803999830294],[-83.46519399962457,38.066679000304084],[-83.4680959999634,38.065288999935625],[-83.4711099995569,38.069244000039276],[-83.48047599999916,38.06914300002406],[-83.48313300011559,38.065241000179824],[-83.48721299991404,38.064186999843486],[-83.48737100009778,38.05933100003668],[-83.49290799991343,38.05895200024783],[-83.49860399973772,38.05411300032115],[-83.49891599990728,38.051316000212246],[-83.49614699963783,38.04920199965171],[-83.48334300017787,38.04640500006635],[-83.47881200029272,38.048472000182855],[-83.47442299979946,38.047525000204246],[-83.4687429998687,38.05003400024437],[-83.4636119999339,38.049840000091116],[-83.4652020000205,38.04218500034365],[-83.46739499963142,38.039601999981706],[-83.4731230001411,38.03798200026067],[-83.47845999994021,38.032676999768],[-83.47951000025162,38.0276999999157],[-83.47538199987429,38.025581000244344],[-83.46153599960051,38.03217800018995],[-83.45564700033069,38.03240999974449],[-83.45509199958857,38.02916799971343],[-83.46868199976932,38.0215110003086],[-83.46847199970703,38.01888200001967],[-83.46340799971941,38.01697500024119],[-83.45043299965691,38.019370999844604],[-83.45150300005982,38.028079000168056],[-83.44990700012544,38.03065599973719],[-83.44058900026211,38.03059500013012],[-83.43517399974688,38.032593000247175],[-83.43229800024562,38.03887000018545],[-83.4393020001242,38.04032100006596],[-83.43124299991133,38.043874000335336],[-83.43048600040119,38.0470670003123],[-83.42525900020694,38.045312999724125],[-83.41689000037266,38.048013000266394],[-83.4155689998996,38.04551399999179],[-83.41234900044178,38.044698999709226],[-83.41208599977773,38.04202899988067],[-83.4088520000762,38.03919600017104],[-83.40646699994632,38.0396950000467],[-83.40811899995718,38.042970000173426],[-83.40639300032646,38.044981000224055],[-83.40277200011234,38.03949199997299],[-83.39866200017666,38.03887500013539],[-83.39515300011553,38.04210499976682],[-83.39605699993876,38.04562400015098],[-83.39162999981068,38.04837899994678],[-83.38990500000487,38.054569000293895],[-83.38650800009673,38.054337999699435],[-83.38250100009321,38.05070599991425],[-83.38046199956975,38.05154900021593],[-83.38287099998905,38.05636600028697],[-83.38101899996165,38.062065000350195],[-83.37417499991665,38.05917399989945],[-83.37119800013306,38.05980299997046],[-83.37136800001237,38.06955999989336],[-83.36254200024361,38.065953999972386],[-83.3531430001894,38.06691400025991],[-83.35147799975975,38.06489399965272],[-83.34919899993507,38.06798099971933],[-83.34297099983323,38.06917400004356],[-83.34614500015861,38.07220999983403],[-83.3441440001683,38.073547999805065],[-83.34297099983323,38.07811600031093],[-83.34126299974587,38.07817500017033],[-83.33761700031569,38.082375999997865],[-83.33912299983837,38.086310000286474],[-83.3374289999947,38.08816699985279],[-83.33406899989647,38.08888699982249],[-83.3341559999351,38.084245000153466],[-83.33259000013798,38.08405199999106],[-83.32839099961551,38.08571300030583],[-83.32559600030513,38.08481500021253],[-83.32040900029385,38.08874699989275],[-83.31498399973289,38.08794199986618],[-83.3071139996659,38.090950999930975],[-83.30359700010715,38.08989000016876],[-83.29881299960368,38.09258600028384],[-83.29933400001059,38.099687999787925],[-83.28607500026598,38.10228199996934],[-83.28375899973308,38.10547399984636],[-83.27702000016836,38.1073859998167],[-83.2729689997839,38.11189299972262],[-83.26328900042063,38.11538600011138],[-83.26076799984831,38.11962599984819],[-83.24792800040335,38.13015099974159],[-83.23481600007348,38.13287400003395],[-83.22587300012887,38.131146000067716],[-83.22244199988552,38.13207200027347],[-83.21862900005075,38.143636999897005],[-83.22001699957268,38.14879800029775],[-83.21706300025363,38.1526219997884],[-83.21766400012815,38.15941500002874],[-83.21180599992215,38.16447300013484],[-83.19899400006628,38.16864300012292],[-83.19953200019161,38.17091300015046],[-83.20379299974002,38.17266400023376],[-83.20525700032823,38.17551300026651],[-83.20897800010148,38.17473600026083],[-83.21576100004712,38.17710000014234],[-83.22676199988348,38.173792000273856],[-83.23793000012442,38.17772199982355],[-83.24588700023004,38.17671599983648],[-83.24893699980856,38.180249999771995],[-83.26434100038188,38.18742199999031],[-83.25994199984287,38.19008299979154],[-83.25885399989662,38.188026000142116],[-83.25533200031501,38.18933699969289],[-83.25265900030503,38.1863649996768],[-83.24927900011532,38.18694999967749],[-83.24719399956109,38.18536100004447],[-83.24440199972544,38.187207999988146],[-83.24541500022693,38.187763000252126],[-83.24430600036429,38.19238000022711],[-83.24638599999733,38.19145599979741],[-83.2545509996171,38.194271000331725],[-83.26308199983308,38.19067799990401],[-83.26633800017423,38.191503000205394],[-83.26669300000148,38.193848000348616],[-83.26951900017231,38.193334000093515],[-83.27085800018874,38.19574499994976],[-83.2741999998453,38.195478000253026],[-83.272967999959,38.198884000075225],[-83.27588600019135,38.20421100015495],[-83.27967800010971,38.20282700026983],[-83.28321899995791,38.204232000162236],[-83.28318899982067,38.205744000296384],[-83.28648799981954,38.20604700008946],[-83.28538300015485,38.21311999997338],[-83.287978000347,38.215619999815765],[-83.2908360003049,38.21404400005038],[-83.29260499959331,38.21059100003697],[-83.30114000000725,38.20970299981463],[-83.30108700030381,38.21234099988092],[-83.29869799997596,38.213404999662565],[-83.2972359999359,38.21787700021422],[-83.30701099973373,38.225581000109095],[-83.30841699969731,38.232696999976376],[-83.30641200040735,38.23453400011984],[-83.31064600019158,38.23757300031141],[-83.31271999997684,38.24383100000843],[-83.30850200008614,38.24607699978238],[-83.31049600040375,38.24703500005848],[-83.30856099963735,38.24834300031489],[-83.30940799955918,38.24943800018699],[-83.30788699996789,38.252429999771685],[-83.30952399991013,38.25385500001914],[-83.31238799971581,38.25285100008469],[-83.31644999997091,38.25838800010434],[-83.31523099960509,38.260209999786774],[-83.31885099999432,38.26052200025514],[-83.31892200013942,38.26497000004022],[-83.3166049997816,38.26807199992647],[-83.32146700010287,38.270521999940534],[-83.32353000001748,38.2776399999065],[-83.32788799965029,38.27825900019426],[-83.32786099988611,38.28156000030556],[-83.33159099988018,38.28169899977026],[-83.33094200032507,38.28389400013674],[-83.33490300029781,38.28663500024413],[-83.32779099956589,38.288367000266994],[-83.32619499963154,38.29039800016831],[-83.32925000013124,38.292412999931926],[-83.32982900026447,38.29589499990802],[-83.33278599995654,38.296546000054555],[-83.3347889995967,38.29952700029452],[-83.33184000030052,38.30326299992725],[-83.33592799959658,38.30473799965519],[-83.33494400030571,38.30780200023405],[-83.3378659998377,38.31249100024388],[-83.34124000017964,38.31439399976726],[-83.33984099988876,38.31608000033871],[-83.34138699959442,38.319588000067085],[-83.35186500027235,38.32230099991548],[-83.35598699990359,38.32172700034454],[-83.35902399996164,38.324027999700064],[-83.35772299958006,38.32755499997582],[-83.36414300020085,38.32831800035109],[-83.36174800002523,38.33248600011482],[-83.36384399955179,38.336455999748345],[-83.36365699995403,38.34291900034899],[-83.36586800000664,38.343825000241246],[-83.36800000041653,38.348174000295806],[-83.37231500039164,38.34896100006193],[-83.37190199993977,38.351130000185094],[-83.37737099998334,38.35341000016829],[-83.37714000000466,38.35552899998006],[-83.37959999957928,38.35755999983177],[-83.37797600005584,38.359063000038766],[-83.37843399981523,38.36272200000326],[-83.38425900040929,38.36411300028703],[-83.38851800030787,38.367721000301394],[-83.39058399969721,38.36597900005753],[-83.39235000040922,38.36655600026468],[-83.3923720001505,38.36939900030112],[-83.39470299985372,38.369933999999425],[-83.39476899997597,38.372509000295814],[-83.39739799960499,38.37489600028689],[-83.40014900033107,38.37508399981014],[-83.3980739998226,38.37857400019405],[-83.40124999979783,38.379595000300235],[-83.40052000005184,38.389660999732364],[-83.40309699980234,38.389740000212726],[-83.40384199961693,38.39208800013273],[-83.4091190000399,38.39192099970555],[-83.40963200005088,38.394287999668315],[-83.41233900039603,38.39470899993443],[-83.4120969996484,38.39650199964859],[-83.416723999793,38.39626600013525],[-83.42549100001054,38.39110599992466],[-83.4274090001602,38.38822399972939],[-83.43289999994506,38.389427000084744],[-83.44401299993443,38.387215999926276],[-83.44646500001146,38.38064200027307],[-83.45553699982752,38.381245999677084],[-83.45661300007819,38.384233000293044],[-83.45933799996669,38.383963999720464],[-83.45841999989976,38.38831900003629],[-83.462364999979,38.390635999736695],[-83.46251300011699,38.39290300011091],[-83.46637899965519,38.393609000153134],[-83.46447499974927,38.396511000068266],[-83.46659200009054,38.39890799989951],[-83.47403299981212,38.396906999822264],[-83.4732849996245,38.39870400016192],[-83.47720999961224,38.401502000184244],[-83.485718000262,38.40508700012985],[-83.49787399999177,38.401582000062724],[-83.49989900027154,38.40481300019502],[-83.503606999626,38.40621600020512],[-83.50548799996572,38.41103799997396],[-83.5126049998222,38.41048600027397],[-83.51136100024034,38.413046999787596],[-83.5128519996944,38.41503099974615],[-83.52348199981,38.408677999859],[-83.52883399967772,38.41227700029238],[-83.52736300031513,38.417769000324576],[-83.52992900019497,38.418611000085065],[-83.536512999949,38.41622100025141],[-83.5418000004177,38.418607000261524],[-83.54578999980446,38.41827100021793],[-83.55290500001112,38.4201390002259],[-83.56421399981906,38.426561000264144],[-83.58116400009801,38.430745000271386],[-83.58281600010889,38.4333469999387],[-83.58149200016109,38.438532999909796],[-83.57484300010974,38.444666999728625],[-83.5779039995589,38.447807000288506],[-83.57812799986489,38.452375999985],[-83.57942599987344,38.452791999784075],[-83.5767910003966,38.45718799987699],[-83.57910600020628,38.46160200020559],[-83.58258799960493,38.462460999861754],[-83.58030600030554,38.465209000340586],[-83.58240600003006,38.465540999966436],[-83.58310300016406,38.468772000308824],[-83.58518500034523,38.469045000117625],[-83.58258000010733,38.46970799967079],[-83.58261799974217,38.47138500029049],[-83.58958700035897,38.47407900034843],[-83.58504600042806,38.48219399980017],[-83.58911299980771,38.48171099994367],[-83.58982400018543,38.483419000004695],[-83.58700800006034,38.48524599981989],[-83.59311099959041,38.48608100008065],[-83.59333499989638,38.489030999691764],[-83.59042300041014,38.489283000350405],[-83.59085199985724,38.49034399982992],[-83.59717600021855,38.49097000026514],[-83.59386600034904,38.49449999984597],[-83.5992490001789,38.49442199982609],[-83.60129600019998,38.495887000321545],[-83.59832299971605,38.49929600004935],[-83.59875799990921,38.50165099981197],[-83.60570400006148,38.50014999991845],[-83.60325899965714,38.505465999951646],[-83.60784899999184,38.50645599989378],[-83.60800499962745,38.502698000345575],[-83.61184199975166,38.502036000202935],[-83.61708099964147,38.50445199983861],[-83.62511999976287,38.50368000031728],[-83.62893199977272,38.50692999977286],[-83.63226000008389,38.507455999836495],[-83.63130799968177,38.50970900002041],[-83.62622299977774,38.511121000123666],[-83.62709599963884,38.51354299995962],[-83.6311479998482,38.51559599970907],[-83.6262139995569,38.51724700001059],[-83.62637900031166,38.52001300026061],[-83.6287619998934,38.52206400012988],[-83.63234499957439,38.521959999826],[-83.63455300015227,38.51818999998341],[-83.63663000031057,38.51775899973534],[-83.64185199958364,38.525381000152606],[-83.62459599988122,38.61142499974004],[-83.64040799998523,38.63492099981835],[-83.64497700040351,38.63636300021785],[-83.64833499995362,38.63182899996685],[-83.65203599963539,38.62976000029527],[-83.66839500008555,38.62645300004987],[-83.71360799975105,38.64176799967741],[-83.7208619998749,38.646673999856695],[-83.74442299967205,38.64860699993234],[-83.76666899974224,38.65358199995706],[-83.77074699989085,38.65645899990715],[-83.77363099978804,38.661061000309566],[-83.78145900002222,38.68971200020042],[-83.78370100003697,38.69568500008932],[-83.78776900013985,38.69991800022741],[-83.80103899975512,38.70534900025364],[-83.82188999973239,38.70953699965195],[-83.83675899965509,38.71771800022875],[-83.84155599967903,38.72391900028356],[-83.84833100012708,38.74648499996434],[-83.85864200040042,38.756522999934354],[-83.87241499998096,38.76225500033813],[-83.9039010000967,38.76818200016395],[-83.99303799963998,38.592675000221035],[-83.99336700042626,38.58700299994973],[-83.99676699980915,38.58333399971225],[-83.99893600002896,38.58419099998053],[-84.00108199978423,38.5889400003176],[-84.00467799988402,38.58977099971009],[-84.00668300007229,38.589317000242765],[-84.00970400023682,38.584497999746844],[-84.01927999984302,38.58421999969436],[-84.02047400009448,38.585714999903],[-84.01570100036,38.58995300004219],[-84.01969599976964,38.59482599965312],[-84.02553899990703,38.59090200011707],[-84.02356899987885,38.58386100013589],[-84.02839199984204,38.582398000304295],[-84.03369500020429,38.582946999680715],[-84.03193199986534,38.59062400028216],[-84.03503400022072,38.593702000049085],[-84.03187199959089,38.594905000170776],[-84.03290699983367,38.5961160001048],[-84.0372510001211,38.596277000343136],[-84.04818400018539,38.590692000038175],[-84.05182100029306,38.59108199999682],[-84.05244200025908,38.59252499981913],[-84.05065399980577,38.59438100016098],[-84.04585400030709,38.59441300007293],[-84.04441900003121,38.596151999749026],[-84.04543500000743,38.60064100019145],[-84.05025200012285,38.60259200028265],[-84.05510299967516,38.59907900002165],[-84.05345700041039,38.59588399978046],[-84.0582960002671,38.59137499990074],[-84.06093900013987,38.59278399988583],[-84.05847199999423,38.59740700030102],[-84.05949999966602,38.59889599991974],[-84.06721999994517,38.59775699964962],[-84.0677990000784,38.59972699991135],[-84.0659760003633,38.60237500007466],[-84.06861400021317,38.60394100018907],[-84.07440799994677,38.59863599969772],[-84.07798099958201,38.59833700006832],[-84.07875700025704,38.60456799986835],[-84.08336699978491,38.6086209999225],[-84.08500899975004,38.606455000331486],[-84.08233400009024,38.60034699977661],[-84.08301000030785,38.59808899971722],[-84.09076900004676,38.59544000031325],[-84.09520899969533,38.59198200034956],[-84.09636799978668,38.58837600005468],[-84.10447700022826,38.58628799991867],[-84.10509300017142,38.585053000204454],[-84.10242199981128,38.581143000017576],[-84.10803899999287,38.579791000030816],[-84.10923300024433,38.57593300006799],[-84.11472200037939,38.57085199980357],[-84.12192999957416,38.570348999873424],[-84.12481299964642,38.56846499968773],[-84.12232899978234,38.56357499990966],[-84.13554599969416,38.55705199982695],[-84.13620299964519,38.554054000306145],[-84.14636499995567,38.549802000025956],[-84.15376300001951,38.55095099985419],[-84.15591899982056,38.55413399966844],[-84.16203099957146,38.554124999937834],[-84.16252000019132,38.55583999975669],[-84.16809700018995,38.55900699970941],[-84.17261600037952,38.55742100023139],[-84.17963299977859,38.55844799982171],[-84.18987499955666,38.55254499971571],[-84.19331699967064,38.55359199975351],[-84.20079400027555,38.55044999985347],[-84.2107299997319,38.550485000198314],[-84.21562499966512,38.55497600023733],[-84.21768000008211,38.55998000023189],[-84.21443999963448,38.56281299985953],[-84.20466599966156,38.563750999943416],[-84.20217599994969,38.56615099972429],[-84.20167700018241,38.57063100005712],[-84.20534600007711,38.58203900006457],[-84.40032099992064,38.56060299991103],[-84.40366699977515,38.56493000017712],[-84.4097529995868,38.56587600019361],[-84.41244200038861,38.564655999699745],[-84.41498300015411,38.559581000221115],[-84.41814599971053,38.55858300018898],[-84.41830999974205,38.55722100026631],[-84.42646100001645,38.55771599969101],[-84.4255150003604,38.55526299994968],[-84.42030599970951,38.55171099982053],[-84.42107900001149,38.55023199973072],[-84.42443999993462,38.550044999943076],[-84.42784199986566,38.54630399995082],[-84.4262400000835,38.54507500012004],[-84.42134500015027,38.54552099994445],[-84.41922500033427,38.542781000143],[-84.42290199972658,38.542559999797724],[-84.42701000001243,38.53892900013052],[-84.43222299996299,38.539700999687355],[-84.43315600009853,38.53381099997925],[-84.43509099996662,38.536637999868724],[-84.44724199967351,38.537057000039916],[-84.44862300042102,38.53549599984086],[-84.44599100041896,38.53249700035052],[-84.44785199976887,38.529654000102624],[-84.44927699999901,38.530049999662694],[-84.44871600030746,38.533389000036365],[-84.4550280000749,38.5307209999935],[-84.45724300032548,38.5319889999229],[-84.45597100025621,38.53427299973264],[-84.45760800019846,38.5362190000677],[-84.46257000007884,38.534858000141675],[-84.46624300017152,38.536053999789885],[-84.47002500004412,38.53850600012079],[-84.47218800041614,38.54399000034493],[-84.47519199996391,38.543838999649765],[-84.4852949998248,38.50855199986196],[-84.49663299994505,38.512416999895756],[-84.50309000037579,38.51190599967702],[-84.50738500025939,38.507605999965804],[-84.51330399966645,38.5089110002083],[-84.52139300001656,38.50829900023252],[-84.52366400034362,38.50564400016227],[-84.5274720001555,38.50571000023118],[-84.53052599993198,38.503333000052216],[-84.53455499967681,38.50311600022199],[-84.53538999990306,38.500830999661446],[-84.54280999970825,38.499298000185966],[-84.54351299969004,38.49720399965157],[-84.54848499961615,38.496294999955865],[-84.55188300024754,38.49322099978403],[-84.55737499985734,38.492916999836226],[-84.55313400040042,38.490307000076534],[-84.55139199997787,38.47901500027258],[-84.54640099978518,38.466800999952234],[-84.53193199989555,38.45888599991115],[-84.52660099994422,38.45064800031055],[-84.5264369999127,38.43842700032587],[-84.52794800035656,38.43324999984333],[-84.52402099982068,38.431309000170764],[-84.52259599959054,38.42818199971559],[-84.51899100016824,38.42784299986364],[-84.51606799991302,38.42547500016006],[-84.51300999993859,38.4262670003122],[-84.50872699975055,38.421115999677546],[-84.49551300021174,38.417264000010825],[-84.48929699980546,38.411379999853075],[-84.48553500002433,38.41032200014742],[-84.48108799980476,38.40338500029263],[-84.47426499967614,38.400168999863446],[-84.47138300032711,38.39612400002108],[-84.47182199981995,38.39444400006112],[-84.46773500034881,38.393010000105775],[-84.46627300030873,38.387881000273126],[-84.46239799965137,38.384456000239624],[-84.46220400038094,38.380651999802936],[-84.45990600028969,38.378994999690356],[-84.45835999968573,38.374748000258556],[-84.46074599964052,38.37248400006338],[-84.46059300037795,38.36595899975792],[-84.46283200001966,38.36396100000997],[-84.46168999964674,38.353479999943396],[-84.4576740003207,38.351401000255265],[-84.46089100030379,38.34842499994333],[-84.45910299985047,38.34371100035078],[-84.45694299985149,38.34262799984095],[-84.45629799959603,38.33676099976394],[-84.45349300023992,38.335447999656445],[-84.45237000013356,38.33154900022186],[-84.44652600017126,38.328795999814155],[-84.44664599982184,38.32440100021416],[-84.4437560000769,38.32430999997287],[-84.44467400014383,38.32125900005416],[-84.4399619996104,38.31926299985677],[-84.4398629998762,38.3151209999535],[-84.43740900014934,38.31325200023059],[-84.43641099971647,38.30806700015207],[-84.43397999955583,38.306787999706806],[-84.43498200018668,38.30262900002651],[-84.43300700013562,38.29905800016259],[-84.43683300038916,38.29626299996018],[-84.44066200011744,38.29648199990808],[-84.44366999986318,38.289429999717136],[-84.44225100037912,38.28758799966171],[-84.44486999996242,38.28473899991411],[-84.44116000005982,38.281837999674046],[-84.44265200023712,38.27980700000611],[-84.44152300028298,38.27599300032691],[-84.43594499956114,38.27259099970813],[-84.43687199984892,38.266346000271696],[-84.43198299976348,38.26468799970127],[-84.43080799977857,38.259977000351356],[-84.42254000022665,38.25664200017298],[-84.42070400009277,38.24673999981725],[-84.42344099967683,38.24278099989971],[-84.4214170001203,38.240079000279685],[-84.42341100043792,38.23810400023743],[-84.42156100006034,38.23190099968299],[-84.41822799972628,38.22922299971918],[-84.41678199957974,38.222478000125044],[-84.41720099987941,38.22016800007043],[-84.42080200000206,38.218972000169735],[-84.42223599955473,38.216763999682584],[-84.41952200043518,38.21398800027277],[-84.40184700043314,38.20788900020707],[-84.53898900037588,38.15906599984302],[-84.53146999993818,38.136550999682285],[-84.52752400003405,38.11190200012197],[-84.52813900015228,38.110873000047754],[-84.53397800009171,38.11249499988405],[-84.53237399976143,38.1152190000936],[-84.53832900005182,38.116815000214785],[-84.54387300043848,38.105706000330585],[-84.53726100019705,38.105560000258],[-84.54001000037499,38.09924199983638],[-84.53952999997597,38.092937000341536],[-84.53762799971985,38.09163600019099],[-84.53459200038503,38.09393400016803],[-84.53317600037572,38.092670000245654],[-84.54133000012484,38.0860980000675],[-84.54715399999566,38.089071000271794],[-84.54884000034171,38.088076999799846],[-84.54656800018974,38.084366999711285],[-84.54852200032441,38.082614999700276],[-84.54526599998324,38.08013599996908],[-84.55678900005141,38.07086400032117],[-84.56375299974702,38.05934499980279]]]}},{"type":"Feature","properties":{"GEOID":"21020","NAME":"State Senate District 20","BASENAME":"20","STATE":"21","SLDU":"020"},"geometry":{"type":"Polygon","coordinates":[[[-85.3331099999425,38.73625799983356],[-85.32968299989712,38.72581700003691],[-85.22897600042998,38.62703500020359],[-85.23140300039266,38.62094799986997],[-85.23025699982176,38.61781799999368],[-85.22101900032436,38.612163999787974],[-85.21953399981976,38.60735099970093],[-85.21426800016577,38.60307699992177],[-85.21433000009004,38.60062600028539],[-85.21886599999806,38.596024000308006],[-85.21583200031309,38.58519100022929],[-85.21137500004778,38.58021600012034],[-85.07458299990937,38.596838000323274],[-85.0759300003217,38.57801799991702],[-85.0637639996479,38.564918999972996],[-85.05954400010737,38.56474499971302],[-85.04091300040353,38.574161999699704],[-85.01074200001477,38.562181999790354],[-85.00231700010401,38.55364100019771],[-85.00354899999031,38.55144099971726],[-85.01230299978904,38.54781000020733],[-85.01345000018485,38.53882299986664],[-85.02529499957,38.523448000138494],[-85.02971500002536,38.50934300028487],[-85.0264930000194,38.50529700022127],[-85.01924499974336,38.50391800029621],[-85.00717299967917,38.513922999656145],[-85.00048000014523,38.51704800024679],[-84.98502600024152,38.51840499976537],[-84.97808799958685,38.51533399986218],[-84.97716600022028,38.51298899997899],[-84.99079200038601,38.49834200024539],[-84.992107000113,38.49121900028094],[-84.98878100034996,38.48708499977119],[-84.97875899978158,38.4848040001862],[-84.96573000019072,38.479342999650086],[-84.95457299982044,38.47095700019259],[-84.95214699968268,38.465009000099556],[-84.9515779995952,38.45786699984506],[-84.95557399972807,38.4513799997579],[-84.95698600043772,38.445260000085504],[-84.96326499969491,38.43735799989147],[-84.957040999791,38.42989699995237],[-84.94983500024605,38.42618000012564],[-84.93842400033088,38.42849900020286],[-84.93742099987512,38.452576000079524],[-84.93254799968321,38.459189999895486],[-84.9226420003641,38.46453800003473],[-84.91222999980842,38.459843999744294],[-84.90899500028198,38.451546000281475],[-84.91155699996384,38.448153999867586],[-84.92665600004032,38.440226000028204],[-84.928133000149,38.43627800034967],[-84.92661099983448,38.43209799983964],[-84.916424000308,38.430798999703796],[-84.91022299997029,38.42771599994947],[-84.89583199989848,38.42485399998798],[-84.87993899960364,38.41855300015884],[-84.88901499961766,38.40110000012325],[-84.89716500006713,38.39059600008897],[-84.89864899984852,38.378966999657685],[-84.89436900003352,38.37530799981813],[-84.8792609997362,38.37359800001146],[-84.8700430003303,38.37024599986697],[-84.86698100015789,38.36545000027395],[-84.86901899995814,38.357345999766],[-84.8820469997241,38.35659600025672],[-84.88395300017817,38.35152999971406],[-84.88621000026151,38.35372400005945],[-84.89235700017254,38.355199999826],[-84.90625600014975,38.37483599972185],[-84.99766700039316,38.33558600029618],[-84.95695899977524,38.332271000028214],[-84.99889799955623,38.27497900024334],[-85.00103199961595,38.22615200023007],[-85.00747999982583,38.17577999970558],[-85.00896600015537,38.17531899979593],[-85.00570099959337,38.171528000294416],[-85.00931199976176,38.16878600030954],[-85.00323099997298,38.16745799988223],[-85.00621500032759,38.16490899968851],[-85.01035399967725,38.16492100021606],[-85.00956399965683,38.162605000237356],[-85.00553800028507,38.16234699968704],[-85.00380400025843,38.16020000012444],[-85.01839399962357,38.144690000219754],[-85.01795500013074,38.14334900012071],[-85.01998299988523,38.14193200016314],[-85.01874500015116,38.136307000095364],[-85.0229160001862,38.13377700005021],[-85.02383799955278,38.12912900021622],[-85.0073290002131,38.129606999716366],[-85.00135600037936,38.127266999765574],[-84.99574900024352,38.12732399969808],[-84.99410399990535,38.12414200021108],[-84.99166699989694,38.12618199980324],[-84.96739300007225,38.11926799992408],[-84.95813499958504,38.10982500027572],[-84.9191209997091,38.09958899998777],[-84.90779799965746,38.09366599980682],[-84.90226599986468,38.09343699969031],[-84.90207500006898,38.09589500005745],[-84.88642899964633,38.097393000013355],[-84.88465799980978,38.10096999988093],[-84.88069900038515,38.10251800028482],[-84.88071699992848,38.10494899965025],[-84.87701600024673,38.10560199986338],[-84.87843300008096,38.10865400033246],[-84.87158499983799,38.11285199968248],[-84.87104000003995,38.11494400019282],[-84.87331300001682,38.115359000197884],[-84.87269500042386,38.11696399986213],[-84.86490800019754,38.11692599993827],[-84.86336300031681,38.121072000330464],[-84.8651290001305,38.124054999814334],[-84.86597500022741,38.13211000008746],[-84.86480400044049,38.141373000316996],[-84.72516799968957,38.195425999754],[-84.73031200004314,38.20836199984421],[-84.73773400039649,38.29712999992903],[-84.7405940000042,38.35241500022439],[-84.70598799998976,38.37010199987857],[-84.64945999977022,38.41656700016979],[-84.62358300033847,38.431191000341634],[-84.58053899999447,38.47303900013289],[-84.60076900000571,38.48102800025372],[-84.60555199978594,38.48056699981002],[-84.61017999975549,38.48244599975506],[-84.61802999973098,38.4809659999584],[-84.62665100035865,38.48513199994151],[-84.62843700026382,38.49139500018811],[-84.63356300017573,38.4950220001852],[-84.63633200044515,38.5032049997714],[-84.64373399980867,38.50841300000886],[-84.64200399998,38.510058999898035],[-84.64228699983722,38.51385400013588],[-84.64587399971617,38.51331299985335],[-84.65005099959899,38.51529399969973],[-84.6485779996883,38.51843600032825],[-84.64475300015798,38.520300999766285],[-84.65547299978691,38.52386300020661],[-84.65301499986212,38.52751699985472],[-84.65815699966754,38.529080000314],[-84.65775199961159,38.53282000030084],[-84.66178899975233,38.53285100027636],[-84.66368299961255,38.53100600028075],[-84.66726600019183,38.531631000089746],[-84.66781500018784,38.528196000060206],[-84.67058000025932,38.52665100009328],[-84.67163399987038,38.530570000254215],[-84.67457399984403,38.53203299980303],[-84.67169400014484,38.534125000228926],[-84.67160600028129,38.53699799987499],[-84.66646399957754,38.53585500002886],[-84.6693059996419,38.54075900023633],[-84.66541599981426,38.54371799974798],[-84.6678200002107,38.545532000306885],[-84.67515200015235,38.54614600011213],[-84.6750280003038,38.54805500001809],[-84.67929600042322,38.55127899973059],[-84.6775289998863,38.55349200013407],[-84.67847700009048,38.555835999815386],[-84.67461200037718,38.55472300011832],[-84.67450500024707,38.557941999951026],[-84.68095900030474,38.5597500003341],[-84.77432200013466,38.6185939999426],[-84.78579400014921,38.72027400012822],[-84.7807660001466,38.76520800031842],[-84.65508699999755,38.77778299974237],[-84.65701400036802,38.780272000242924],[-84.65602199978292,38.78232900027008],[-84.6576880000375,38.78561500034651],[-84.65573300007792,38.78703199987021],[-84.6561670004462,38.790117000291005],[-84.64520400024468,38.79263100021272],[-84.64339800024803,38.795311000327644],[-84.64410500042777,38.797528000217724],[-84.64243599980014,38.79847699974618],[-84.63264599993369,38.80082800008856],[-84.63000700025891,38.8029009999176],[-84.61546300002622,38.802283000083825],[-84.60732599999555,38.806854999771915],[-84.59410900008372,38.800666999702635],[-84.59146399966282,38.808411000005066],[-84.58876100041395,38.82771300003344],[-84.57814700019189,38.83302100030026],[-84.56944500027168,38.83341899988552],[-84.56815700030889,38.837942000250905],[-84.55997199969931,38.84042899983394],[-84.55930499970255,38.8423699996585],[-84.55019500025166,38.844511000201116],[-84.549050000404,38.848001999741946],[-84.54017799970617,38.8481540002845],[-84.54073900029604,38.84918200017797],[-84.53611200015143,38.851359999741064],[-84.53591700015777,38.858866000104484],[-84.54012199962968,38.86814700007864],[-84.53568600017907,38.875152999840644],[-84.53516399994724,38.88244000008313],[-84.54007800014705,38.88947199998522],[-84.54162700022576,38.90049300018508],[-84.54459800016156,38.904845999894285],[-84.54432899964974,38.915262000053644],[-84.5574140002154,38.91943399973304],[-84.55973300022303,38.92252799995063],[-84.54934499995679,38.919513000299304],[-84.54841299964615,38.92405799975447],[-84.56049700030418,38.92901400022672],[-84.56001600008024,38.93210499993546],[-84.5690739996526,38.93398800004567],[-84.57940199964442,38.94205299975015],[-84.59325999961374,38.949161999806606],[-84.59366899986767,38.95800500006319],[-84.59800399993422,38.96597100000121],[-84.5930029996958,38.977329999844166],[-84.60497799967558,38.97669400027071],[-84.61177499986493,38.978301000313614],[-84.60916899980214,38.95716700026853],[-84.63445199993035,38.95654599984617],[-84.6309639997856,38.93200799992032],[-84.64181599965903,38.935737000213386],[-84.64422900027633,38.93477699977308],[-84.64354399983789,38.93285799969764],[-84.65005999981983,38.93121500020257],[-84.65225599980384,38.92879900033468],[-84.65007999991133,38.92427999990653],[-84.65124200037573,38.92236600011995],[-84.65025200033878,38.92017000024772],[-84.64717500009776,38.920421999858405],[-84.63942399985646,38.914461000106996],[-84.6358910004042,38.9134719999305],[-84.6420099998278,38.906339000194336],[-84.66255200000857,38.910498000063434],[-84.6782810002719,38.91623399994154],[-84.67787600021595,38.92251899969796],[-84.6817669998685,38.9227079998723],[-84.6887780003181,38.91890200009645],[-84.69576700012806,38.918364999843305],[-84.69680099964764,38.91526300026172],[-84.70339600017063,38.90974300005741],[-84.70932499962343,38.90850700016276],[-84.71375400029966,38.91372900001191],[-84.71127499956015,38.919303000325385],[-84.71326399985489,38.92078700009832],[-84.71274300034631,38.922717000101],[-84.71998200040153,38.92177099978931],[-84.72224699998249,38.9251449996773],[-84.72341899959434,38.93274000012209],[-84.7196789995545,38.93622200001476],[-84.71771899957206,38.946492000097734],[-84.72616699994737,38.94909399996097],[-84.73960999981503,38.94518399973168],[-84.74409499966941,38.9409929997382],[-84.7560060000751,38.93991299994629],[-84.76428600022092,38.9359889997303],[-84.77047599978962,38.93664299970603],[-84.78577200040792,38.9332489997662],[-84.78976000014485,38.933896000236686],[-84.79099399968096,38.93155399998785],[-84.79663099995403,38.93073600034131],[-84.80134799961203,38.92304899997447],[-84.80205200031703,38.91829000005856],[-84.80372199987126,38.91881599984117],[-84.80436700012673,38.91712300012797],[-84.80436600030181,38.911861000013566],[-84.80193599996608,38.91011600015118],[-84.80442499985304,38.907802999864224],[-84.79918599996323,38.90404899990982],[-84.80278399971283,38.89657800013295],[-84.80084299999696,38.894980999883096],[-84.80104499966333,38.89146300019476],[-84.79315899970283,38.88741799986958],[-84.78548299980459,38.88089399979381],[-84.78453499960042,38.875082000162834],[-84.78573499969967,38.869959999853016],[-84.79359700026906,38.85784600000451],[-84.82364499973583,38.838921000178594],[-84.83004500026516,38.83013999976505],[-84.82757599957138,38.81958600022728],[-84.81648900041961,38.805239000175995],[-84.81315299971251,38.79754799971402],[-84.81185899990194,38.78886400023738],[-84.81568099995752,38.784097999809156],[-84.83295400027669,38.78386499980763],[-84.85559799983182,38.7899959999501],[-84.88742100023143,38.79483100000277],[-84.89413700022992,38.79371300031361],[-84.91560400015034,38.78404500016423],[-84.94111900008215,38.775687999651474],[-84.97457500022605,38.77894999981455],[-84.99192399981487,38.77828400004059],[-85.01224699971254,38.76597599982657],[-85.02784299990648,38.75889099985073],[-85.04036600005736,38.75543599977233],[-85.05244599961914,38.74814200005374],[-85.0730360003788,38.74103999984984],[-85.10201400034101,38.72629700015109],[-85.11459699986804,38.71535199992903],[-85.13740700000284,38.69986699992608],[-85.15746700013477,38.691731999671575],[-85.173161000238,38.68800700032452],[-85.18887100023473,38.68758499973018],[-85.19123999957277,38.68931299986813],[-85.20477100020227,38.6919000000853],[-85.21485899999456,38.69648799995963],[-85.22641800004774,38.70599300000597],[-85.24645499971516,38.73174600019687],[-85.25881999968227,38.737818000241056],[-85.28925600038491,38.742419999664165],[-85.30610100018357,38.74152800017358],[-85.3331099999425,38.73625799983356]]]}},{"type":"Feature","properties":{"GEOID":"21034","NAME":"State Senate District 34","BASENAME":"34","STATE":"21","SLDU":"034"},"geometry":{"type":"Polygon","coordinates":[[[-84.5256429996943,37.7694969997887],[-84.5121449995751,37.766083000134415],[-84.5114340000957,37.764974000210536],[-84.51488500043052,37.757372999744774],[-84.51425400041876,37.75480500025305],[-84.50516499998595,37.75507499983112],[-84.50204000006435,37.74851899989062],[-84.49953799975863,37.747172000050114],[-84.4946009999926,37.747649000348524],[-84.49374099965199,37.74013099985469],[-84.50188500025367,37.736607000204664],[-84.50322799956973,37.73418400003763],[-84.49711900019187,37.72966600031418],[-84.4975090001792,37.72675699996777],[-84.49535199965496,37.725125000139556],[-84.49267699999517,37.72497999986377],[-84.49025699970518,37.729285999993444],[-84.48797600023069,37.72801400008606],[-84.48393099969402,37.72025500009742],[-84.4854129998256,37.71159699981051],[-84.4840839998549,37.70913999969974],[-84.47406999968247,37.70783800017322],[-84.468671999784,37.69999700025294],[-84.46097999999223,37.69520699979148],[-84.45020099991373,37.69789800019219],[-84.44950399977974,37.69608600014741],[-84.45370199957895,37.69120599979742],[-84.46388200033107,37.68731700009033],[-84.46501999960772,37.68417400021507],[-84.45989100022108,37.68205399965937],[-84.45694799987437,37.676321999706744],[-84.45425399994801,37.674483999723066],[-84.45220600010201,37.674716999662756],[-84.44713999956626,37.680122000135896],[-84.44265800008489,37.67791200032828],[-84.44628599997172,37.67129299967064],[-84.44605499999305,37.66877900006876],[-84.44468900021245,37.66739099982096],[-84.4400460001743,37.6686909997336],[-84.4425040000991,37.662851000197364],[-84.43759800029524,37.66174700007684],[-84.43689899961309,37.65995900005408],[-84.44105700012766,37.658676999673595],[-84.44677200021854,37.65159599969617],[-84.4392860002911,37.65489700026361],[-84.43398899977666,37.653015000012154],[-84.42802199979072,37.65583400018564],[-84.42805500030097,37.65377999969441],[-84.43114800043551,37.650954999773866],[-84.42740199964959,37.64797700007786],[-84.43001799975816,37.6431150002577],[-84.4228049996422,37.64477399967094],[-84.41794999989195,37.6412139998148],[-84.42527900035886,37.64029500013285],[-84.42660699960629,37.63766099991729],[-84.42531199997083,37.63506300014013],[-84.42123999966996,37.63281100012724],[-84.41365699965816,37.63329799981807],[-84.4119629998145,37.631781000165006],[-84.4182289995512,37.628527999912826],[-84.41474999962729,37.6254580001585],[-84.41463199962651,37.62288999992728],[-84.41924000040288,37.621754999774424],[-84.4225660001659,37.61854799993994],[-84.40114199990322,37.61754200027858],[-84.39918100009585,37.615611000194],[-84.39773099975135,37.60700899975052],[-84.3991140001487,37.60432700029526],[-84.39752999990989,37.600023000068234],[-84.38924599956613,37.5994940002499],[-84.38595499996319,37.59561300000793],[-84.37554599978053,37.5955800003073],[-84.37234200021624,37.5924120000561],[-84.37290499955762,37.58791599986188],[-84.36990900040577,37.58461400009829],[-84.37216800013896,37.58115100025961],[-84.36934100014321,37.573753000014875],[-84.3708829996509,37.57218300034392],[-84.36950699982457,37.57047099966717],[-84.36500500025171,37.570022000195266],[-84.36230299992943,37.5670809998279],[-84.36317499996562,37.56362899999152],[-84.35842999982022,37.560161000090055],[-84.3580209995663,37.556927999828176],[-84.35169299990532,37.55264300016989],[-84.35274400004165,37.545093000339236],[-84.35151700017823,37.54193399988259],[-84.34780499972749,37.539063999954635],[-84.34462700010248,37.53987600006342],[-84.33698999966398,37.53606299986703],[-84.32995499982326,37.5395179997404],[-84.32637200014227,37.537195000331785],[-84.32456699997054,37.538799000094826],[-84.32144700007181,37.53867600027532],[-84.31921000007993,37.53788000004769],[-84.31729000028048,37.53467599970101],[-84.31820400014945,37.532268000137314],[-84.31362300003558,37.52817700000115],[-84.30748399962218,37.530679000290206],[-84.30706699987066,37.535118999798385],[-84.3039290004286,37.53742400005516],[-84.29827399971386,37.534879000036895],[-84.30038900040532,37.53024899991925],[-84.30253099996263,37.52999399996971],[-84.30172400022377,37.52326400021039],[-84.29219700012304,37.523073000306624],[-84.28693300011886,37.524607999881404],[-84.27966599957625,37.52279900006826],[-84.27763699999684,37.52365999972872],[-84.26998600021297,37.51967099982384],[-84.26826800007987,37.51527899993143],[-84.26297700031151,37.515568999922124],[-84.25547999961512,37.518351000344744],[-84.25333800005781,37.523174999737854],[-84.24824300010802,37.52486099988929],[-84.23941599961604,37.52370699969395],[-84.23491599969303,37.51970399967195],[-84.22832500026631,37.52541099970322],[-84.22370099959642,37.52726700015826],[-84.21918599960479,37.5249780002139],[-84.21521299993647,37.52568400006226],[-84.21220000016787,37.52397499988481],[-84.199488999696,37.52285799988215],[-84.17183600040485,37.55754899985677],[-84.14206300039935,37.56483899988768],[-84.09036399999081,37.5662269996765],[-84.11252100037252,37.605648000256295],[-84.12694800042935,37.642420999977595],[-84.12661799981815,37.645404000185664],[-84.11934199995301,37.64687099988083],[-84.12063999996155,37.64887500013981],[-84.11718699997691,37.64810800034989],[-84.11582100019632,37.65082400025616],[-84.11315800023208,37.65066199965345],[-84.11245100005233,37.65615500001499],[-84.10714100001742,37.659816000064616],[-84.10391599963839,37.65922600005492],[-84.09644999980245,37.6612160002236],[-84.09570300033805,37.66425599982866],[-84.09165000030377,37.66435700024388],[-84.08895300000437,37.66751599988586],[-84.0928770001672,37.667810999886925],[-84.09679499958395,37.67093999994166],[-84.09713199986783,37.6756650003043],[-84.10075300008197,37.67857000008051],[-84.09268100034863,37.68671100033402],[-84.0916600003495,37.68987899975476],[-84.09463799995802,37.69254799969135],[-84.09156900011293,37.69514400030707],[-84.091785000023,37.70360300009217],[-84.09359699986743,37.70675199995464],[-84.09203600009316,37.70946600023285],[-84.09592099989793,37.71097499964606],[-84.09282199991561,37.713961000235244],[-84.0982979996319,37.71687199967245],[-84.09920599965311,37.71897600000865],[-84.09795000037566,37.72169300021553],[-84.09399799972542,37.72161799984291],[-84.09166399964916,37.724449999748366],[-84.09668900017705,37.73508699969325],[-84.08619399978068,37.738674999659324],[-84.08027500037362,37.745978000204005],[-84.08107600026469,37.74907500006062],[-84.08760499976711,37.7533930000201],[-84.08963699971956,37.75766000031235],[-84.08186100026224,37.76827799995273],[-84.08642499975934,37.77073599979447],[-84.10499799973687,37.77457099969525],[-84.10901800015917,37.778169999802195],[-84.10912399956607,37.78167100026975],[-84.10739600028553,37.78409699994002],[-84.09570300033805,37.78558000011949],[-84.07509500003503,37.79968899972472],[-84.07378600015583,37.80325000033087],[-84.07684300030536,37.8089100002259],[-84.08485300011444,37.8096580001553],[-84.09661100035926,37.8159200002109],[-84.09915899979742,37.81560499986713],[-84.11564100027124,37.80445400030411],[-84.12064800035746,37.80576400006971],[-84.12201499996297,37.81016699997425],[-84.12022599968476,37.81738099998534],[-84.11288899972024,37.821891999887576],[-84.10785099967188,37.82784699970142],[-84.10371999981982,37.83956300004672],[-84.10164400038474,37.84031199965799],[-84.09267600032574,37.83578300000388],[-84.09016499979919,37.835922000252744],[-84.08267700022192,37.84393799986721],[-84.08033700029789,37.853065999842336],[-84.08777600036966,37.86025600033239],[-84.0927139999606,37.86154799980975],[-84.100163999903,37.85884600007182],[-84.10737799984388,37.850557999746115],[-84.1120269997298,37.850464999743025],[-84.1158770002728,37.852683999986766],[-84.12699100008706,37.86605400009895],[-84.13113000033505,37.86793500031428],[-84.14683899960858,37.867100000314274],[-84.16179899976787,37.86133099981792],[-84.16601699965858,37.86152399992049],[-84.16938000012985,37.865716000329215],[-84.17014800040897,37.87246099985809],[-84.1719800003449,37.874797999809914],[-84.18424599967952,37.87925999974792],[-84.19124799990826,37.877944999812776],[-84.20536100014574,37.87012199976324],[-84.21723400001828,37.869767999951286],[-84.22191100039161,37.87199100000358],[-84.229794999804,37.88472000033071],[-84.23768499996245,37.887329000311645],[-84.2501639997324,37.88390099988654],[-84.25863100037428,37.87687600033658],[-84.26162099967834,37.876084999899604],[-84.26450700012364,37.87831000032338],[-84.26568999960612,37.88268500012246],[-84.26274499960961,37.88728900030863],[-84.26137700017918,37.89489000016382],[-84.27039100026893,37.9069120002077],[-84.26875500015159,37.91545200034696],[-84.27118499958898,37.91747800025379],[-84.28582099988317,37.91234600017345],[-84.2982069997667,37.90517099973628],[-84.30909299997533,37.90351899984931],[-84.33285299996413,37.895503999647794],[-84.33707900025077,37.892553999995805],[-84.34055599962653,37.882495999696104],[-84.34565800014732,37.88182299973146],[-84.34989899960424,37.887257000290546],[-84.36616900036596,37.89758900014112],[-84.36233300006666,37.901080999922996],[-84.36607300010648,37.90404100005512],[-84.36985199960606,37.90465800011039],[-84.36903499982147,37.90579699975304],[-84.3712480004222,37.90809199982508],[-84.3712480004222,37.910906000185115],[-84.37327799982653,37.912028999911634],[-84.3779579996746,37.922082999759326],[-84.37429499962768,37.92613299971173],[-84.37117700027709,37.92483899976178],[-84.38760899962388,37.952727999807394],[-84.38884800008118,37.96278099976665],[-84.41949200029796,37.979965999821104],[-84.4153610004459,37.98302399994277],[-84.4127019997813,37.9826619999439],[-84.40846600034725,37.98804300024949],[-84.40355200014744,37.98967299984356],[-84.40015500023928,37.99554699989949],[-84.39984899991754,37.996607000326684],[-84.40794999996321,37.998563999876545],[-84.40753900005949,38.00107799975303],[-84.4022549999638,38.004929999740654],[-84.40517999986886,38.013896999721545],[-84.4083080001635,38.01816900032237],[-84.40438999984845,38.02104200032722],[-84.40426900037292,38.02654299979871],[-84.39666200007167,38.032426000003845],[-84.39698099991391,38.03603999990501],[-84.41298700018666,38.04037599982205],[-84.45409499993934,38.0428959997818],[-84.4524579999971,38.029207999649095],[-84.44831000042659,38.02836499969339],[-84.44737399991797,38.029868999863154],[-84.44553600013428,38.02870600025371],[-84.44174199966778,38.031700000194114],[-84.43911300003876,38.029875000257455],[-84.43400200019546,38.03280400007365],[-84.43339399974992,38.02777800023617],[-84.42813599959354,38.028693999980796],[-84.42528500020664,38.024142000214255],[-84.43229900013095,38.01791099973321],[-84.43684500008473,38.02084599988929],[-84.44256299965033,38.01787699996088],[-84.43959599991251,38.01619099995975],[-84.44150800021437,38.01499200004565],[-84.4375749998307,38.0116829997964],[-84.43606299956191,38.006679999886565],[-84.4475510003683,37.9999839999507],[-84.45909899965253,37.98676699994081],[-84.45523399993922,37.98584100009117],[-84.4555209999944,37.98300899998805],[-84.45283299991583,37.97812600023322],[-84.45340399965313,37.97153199969181],[-84.45535799978778,37.971798999816976],[-84.45722700043194,37.969048999884855],[-84.4607099996555,37.97064999995879],[-84.46385600039181,37.964054999931044],[-84.47137099973324,37.968350000192665],[-84.47283899962109,37.97216499992241],[-84.47697799986906,37.967101000343874],[-84.47523899981958,37.96494300032381],[-84.47614699984078,37.962593999766845],[-84.48578299972145,37.95502900029699],[-84.48729599981513,37.95456799989662],[-84.4905599996539,37.95784599966563],[-84.4930589995866,37.95643300018318],[-84.49463199995473,37.954490000318636],[-84.49056300002694,37.95142100014094],[-84.49739200000334,37.948213000022506],[-84.47962900013773,37.940218999804145],[-84.478224999824,37.936417999694534],[-84.4735850001589,37.93151700001696],[-84.47178699965984,37.920190999647595],[-84.46629500005004,37.91913800003961],[-84.4621309996877,37.91425399992078],[-84.45270300021947,37.90898399994325],[-84.44822099983982,37.89371699985584],[-84.44273099987983,37.886686999765324],[-84.44338000033326,37.87948399980049],[-84.43435000035001,37.86828500009876],[-84.43760300031809,37.86210799997108],[-84.43459200019933,37.85440299970873],[-84.4380600002526,37.84886999997445],[-84.43572000032856,37.84720200011688],[-84.44440899982997,37.84115299970789],[-84.45486200039355,37.84030499980294],[-84.46234199957489,37.842941000202345],[-84.47285799988767,37.853056000157295],[-84.47878700023878,37.85141899981017],[-84.48484700011116,37.84334400029091],[-84.48454900018534,37.83734299979144],[-84.47865699964413,37.826316000165036],[-84.47168899975055,37.82075100021857],[-84.46344499958974,37.808206000217496],[-84.46251300017742,37.80237300022684],[-84.46595899959105,37.79757500019525],[-84.46877800008922,37.796212000164005],[-84.47345700011238,37.79698100005432],[-84.47692000014277,37.802494000104524],[-84.4824410000649,37.80214100007701],[-84.48515199970969,37.79688699978549],[-84.49526899981427,37.785732999901306],[-84.52105400008286,37.778527999975495],[-84.52330000029554,37.77641800027703],[-84.52349799976395,37.77116099988704],[-84.5256429996943,37.7694969997887]]]}},{"type":"Feature","properties":{"GEOID":"21003","NAME":"State Senate District 3","BASENAME":"3","STATE":"21","SLDU":"003"},"geometry":{"type":"Polygon","coordinates":[[[-88.09538399983921,37.179736999803005],[-88.0766710001196,37.176590999782654],[-88.06638900015857,37.17740100027743],[-88.04214200009805,37.17475600027781],[-87.97518600032761,37.06750899988701],[-87.87697000039725,36.960021000032356],[-87.87030899975204,36.95828399974521],[-87.86621300006006,36.95390000021445],[-87.86326800006353,36.95391199998188],[-87.85808799972494,36.95071400009892],[-87.76486800001015,36.974737000002165],[-87.73336799965071,37.002103000114985],[-87.6597240003692,36.966396999810904],[-87.67187099987811,36.878891999867356],[-87.67387199986845,36.82523500015334],[-87.67377399995914,36.75555700022228],[-87.69419200029138,36.63710799981052],[-87.33597999971681,36.64165900008571],[-87.27231100024966,36.99617199965751],[-87.25930299967688,37.072690000317],[-87.26010399956797,37.07493300006561],[-87.2518119997266,37.07554799966911],[-87.25466999968448,37.06969099965356],[-87.25001599977568,37.070157000165906],[-87.24919099959516,37.06568200027641],[-87.24524800006405,37.064115999684944],[-87.24848799961336,37.05867099993664],[-87.24378900039704,37.057713999921404],[-87.24658399970744,37.05440900002643],[-87.25344500036918,37.05328700028901],[-87.25528599962762,37.05481799981622],[-87.26208899966475,37.05307299979205],[-87.25986900028964,37.04979200006147],[-87.25316699963653,37.0505949998836],[-87.25086600007056,37.04940300003214],[-87.25025599997518,37.040556999750656],[-87.1180690002401,37.04473199981374],[-87.05316399979039,37.06101899994863],[-86.97639899988691,37.07358800002299],[-86.94139100018957,37.068980999979175],[-86.93982100019446,37.07038600017598],[-86.94493899971046,37.07295500014699],[-86.94077100004846,37.078510999683004],[-86.93888800005891,37.077567999744446],[-86.93714399998653,37.079589000233156],[-86.93331699990807,37.078489000316615],[-86.923876999846,37.080105999804815],[-86.92136200001976,37.07809399966097],[-86.91453899989115,37.082556000311236],[-86.90923700025213,37.08383699989943],[-86.90836900041391,37.08577199987709],[-86.90546899972492,37.0839600001071],[-86.90435800021245,37.087791999853515],[-86.90111299974194,37.08669200000764],[-86.89391100039495,37.088478000335265],[-86.8954360001842,37.09142699997068],[-86.89746999978651,37.09191800018015],[-86.89755000015246,37.09555699979299],[-86.90014600016951,37.09540400030065],[-86.89800899973676,37.09846700020184],[-86.89584200006509,37.09891100021354],[-86.89978100029653,37.10039700035386],[-86.90189299971664,37.098960999884085],[-86.90126699972772,37.10071000032088],[-86.89799899969101,37.10180700032909],[-86.89877600019095,37.10416699986507],[-86.90398400011864,37.10154200033439],[-86.90311399973227,37.1046400001236],[-86.90061599962448,37.10520300004675],[-86.90135200011655,37.10657999968983],[-86.89934699992826,37.10616900011347],[-86.90025300029964,37.107339000183174],[-86.90572399999306,37.106852000081325],[-86.90067099987607,37.10924600012562],[-86.90228600007701,37.11231900030615],[-86.89461000017879,37.111903000096504],[-86.89163400022011,37.109977999769676],[-86.88646899995015,37.11146000035699],[-86.88436000000479,37.10966400004905],[-86.88125400034978,37.11229499991534],[-86.88324000027148,37.11232699995716],[-86.88374800025962,37.11383499966733],[-86.8867540003555,37.11301100030368],[-86.88845300022204,37.11547800012654],[-86.89227899957727,37.1145999998972],[-86.89135999968542,37.11715700011364],[-86.89730499993006,37.117180999679725],[-86.89663700010838,37.120197999866356],[-86.90031900042189,37.12111299992194],[-86.90084999997623,37.123930999700406],[-86.89704800001212,37.12512700004029],[-86.90025599977437,37.12668700020258],[-86.8991870000947,37.12937899995131],[-86.90245900032939,37.12966499967771],[-86.89712599982992,37.13165500009233],[-86.90237300011565,37.13209900033427],[-86.90092199994623,37.13478600003622],[-86.90498699967608,37.13396000002491],[-86.90320599979378,37.13137200010782],[-86.90683799987858,37.12984900013234],[-86.90721699999526,37.1266399997846],[-86.91598199966464,37.1258270000956],[-86.9163869997206,37.12705699980722],[-86.91394899988725,37.127989000163595],[-86.91560300044627,37.128898000187775],[-86.9140200000324,37.13156099966826],[-86.91143900008393,37.13182500010564],[-86.91435800014119,37.13429799982769],[-86.91278200029831,37.13589599995676],[-86.92364300039257,37.14285900020139],[-86.93275399966838,37.135692000128216],[-86.93834800028374,37.13613400013575],[-86.93713099956774,37.13921900013584],[-86.93080000043204,37.14054900018201],[-86.92388299969377,37.145308999819136],[-86.92702900043007,37.15215299993907],[-86.92586600014076,37.15341299997713],[-86.92688200011698,37.16026999998513],[-86.92513100037192,37.16317900002404],[-86.92349299970644,37.163009000317935],[-86.92439599970476,37.16528600020169],[-86.92018299983691,37.17057200014079],[-86.91959200000814,37.175024999920524],[-86.92216499956068,37.180151000234744],[-86.91865800004766,37.17956999974561],[-86.91852400015335,37.17795600016208],[-86.91554300017182,37.179806000151835],[-86.91395700028319,37.17759700005888],[-86.9073049998588,37.1779529997636],[-86.90700699993296,37.180133999661756],[-86.9042789996714,37.17771799990746],[-86.89825300013423,37.176395000254246],[-86.8973219996485,37.177984999952415],[-86.89484500035543,37.177669999807364],[-86.89065500005381,37.18514700029905],[-86.89296800021367,37.18765800003499],[-86.90145199967566,37.18460700024494],[-86.90899000037993,37.19140099969039],[-86.90906900002265,37.1948739999235],[-86.90442900035757,37.19174200020298],[-86.90155999963069,37.1919600000217],[-86.9062560002706,37.20819399991517],[-86.90404799969275,37.21179000018318],[-86.90072699995255,37.210324000050825],[-86.89926800028556,37.21231299993358],[-86.90783600031145,37.22263700027697],[-86.91927099961777,37.22519099980187],[-86.92009900017132,37.230156000123635],[-86.91859500029847,37.23266399992836],[-86.90938600021506,37.2334080000293],[-86.91232299981567,37.23744300004852],[-86.9188289997519,37.236538000229544],[-86.92321999989497,37.24149399993139],[-86.93368799962883,37.24009599979514],[-86.93861900044539,37.23703200004946],[-86.94447799957801,37.23830500004183],[-86.94700900019606,37.240586000063665],[-86.94847899973374,37.246384000185806],[-86.9546650000028,37.2512500000149],[-86.95483800025518,37.25761800002061],[-86.95658200032756,37.26005299973042],[-86.96311099982998,37.2608929999711],[-86.96860599981282,37.25638800033085],[-86.98266999964648,37.26963200032674],[-86.98401299986085,37.27448200035241],[-86.98096599975709,37.290616999949826],[-86.98247100035316,37.2952059997923],[-86.98817700022322,37.302179000315334],[-86.98901400009932,37.307370000015545],[-86.98584999981966,37.3209070001224],[-86.9886259997618,37.32458899994528],[-86.99666499988317,37.3280420003262],[-86.99847900027574,37.33211500027232],[-87.00823999982988,37.34052399968229],[-87.01614699970679,37.35314399977118],[-87.02255200025898,37.358648000278976],[-87.03675300036,37.365525000326],[-87.054276999851,37.369820000047966],[-87.07058600007244,37.370472000131564],[-87.08825400040182,37.35881800025104],[-87.09127800004106,37.3479579998169],[-87.09792500044259,37.33867700016884],[-87.10056099974432,37.33089500027669],[-87.10378899959807,37.32789300027969],[-87.11285299991651,37.32422700033124],[-87.11991100022176,37.325556000287015],[-87.12339699981837,37.32722700024697],[-87.12831199984309,37.333269999791845],[-87.13357400019744,37.33211100030005],[-87.13662200012612,37.334818999949746],[-87.13720999958188,37.34127600006696],[-87.12545499971012,37.354669000136155],[-87.12376300041458,37.36080499979677],[-87.11039099979372,37.3669389999343],[-87.09409300034126,37.37736499966895],[-87.099665000317,37.38838399976798],[-87.09680300016115,37.39647900001931],[-87.09980300040925,37.41604200001425],[-87.10164000036804,37.4139899998043],[-87.10586699958128,37.415337999732195],[-87.10944000011484,37.41423500013903],[-87.11229700024782,37.41153699981474],[-87.17106800030699,37.41358900015688],[-87.21095800041711,37.38093000034655],[-87.21101199994546,37.38207600019261],[-87.2181389998477,37.38052699996397],[-87.2269129997379,37.383480000248376],[-87.22967399961142,37.38237699992462],[-87.24846099984919,37.386595999833354],[-87.29596499993323,37.39181899994734],[-87.29625199998843,37.385660000214806],[-87.30467400042444,37.38294699981324],[-87.3099650001928,37.37678599989018],[-87.30745500038945,37.373882999850544],[-87.30106999992876,37.37486200034473],[-87.30109099984514,37.3722359998742],[-87.30375499963428,37.369831999649556],[-87.29954799961423,37.37096000003402],[-87.29919399961189,37.368734000313474],[-87.30272299976451,37.36731799978799],[-87.3031560003079,37.365075999811815],[-87.30567199995902,37.366468999788616],[-87.31231599998749,37.36319099981973],[-87.31773800017541,37.35338000023378],[-87.32199600024909,37.351039000149015],[-87.3211459999542,37.34899299998337],[-87.31882500029675,37.35099599984415],[-87.31714800017153,37.34825500021904],[-87.32028200031394,37.34472399993393],[-87.33041299976394,37.344065999957806],[-87.33822099990664,37.335991999697264],[-87.33472000024143,37.33427999973677],[-87.3382109998609,37.33181400033344],[-87.33362200024942,37.331335000217365],[-87.33706699983816,37.33003600024556],[-87.33455700003479,37.32613799979283],[-87.33791100028525,37.32661099978595],[-87.33981099999322,37.32434699985582],[-87.34313599993138,37.32555500020671],[-87.34393000014973,37.323795999702625],[-87.34314900035015,37.318935999718406],[-87.33938099982291,37.313774999774225],[-87.34327300019869,37.313398999696595],[-87.34575299986483,37.30966200008778],[-87.3545719999609,37.31052199965771],[-87.35627300037557,37.31469500010561],[-87.36210399991909,37.31316700032179],[-87.36285399975652,37.31661299972686],[-87.36675700000296,37.31854299964435],[-87.37093399988579,37.316506999952644],[-87.36941199957128,37.31395099986365],[-87.37410099964018,37.314974999680075],[-87.37220900032813,37.30999199993108],[-87.37383200002667,37.30978700002564],[-87.37488499981282,37.31204400019979],[-87.37986599995978,37.31133400004258],[-87.37790900035039,37.30862400007527],[-87.37980599968532,37.30446200031089],[-87.3739609998981,37.30515500007682],[-87.3750739999587,37.30345900021716],[-87.37196999995352,37.2992300001758],[-87.37911399957417,37.29978200003795],[-87.376193999692,37.297084999887545],[-87.37968100001184,37.29371299964954],[-87.38160300035945,37.29539099980247],[-87.38622499958288,37.2954339997783],[-87.38073700017105,37.29201100017291],[-87.38422699996562,37.29061600011933],[-87.38365100020543,37.28817100030024],[-87.3811210003106,37.28859799991103],[-87.38104199976958,37.28704799996888],[-87.37748400020293,37.28569599991943],[-87.37822999984243,37.28474400009552],[-87.38182099991934,37.286096999986626],[-87.37985300043928,37.283650999922855],[-87.38173100040596,37.28302100001245],[-87.3798540002642,37.278466000095136],[-87.3814300001071,37.2775190003296],[-87.38432800024795,37.27906200008693],[-87.38702999967192,37.273606000261296],[-87.38683200020351,37.26920300011006],[-87.38401100005554,37.269159000041284],[-87.38897899978372,37.261630999667595],[-87.38758600023894,37.260707000005304],[-87.38842700031297,37.25728699967441],[-87.38525999966028,37.25739700033751],[-87.38699600023506,37.25490400006822],[-87.38406100028426,37.25577400004039],[-87.383915999621,37.25243299980848],[-87.3806490003075,37.255060000279805],[-87.37903400010657,37.252969000153485],[-87.37654400039469,37.254105999928306],[-87.37747099978415,37.252171999879515],[-87.37641700017309,37.25166600001682],[-87.37239799957568,37.25271500012919],[-87.37387100038472,37.249023999879256],[-87.37250700025396,37.247336000252304],[-87.3693289997306,37.25124699966968],[-87.36934799999716,37.24873900031511],[-87.36441999955368,37.249314000261215],[-87.37205100014437,37.24282500020514],[-87.36893100024565,37.24383599968623],[-87.36912600023932,37.241807000259165],[-87.36529999998578,37.24164099997988],[-87.36786699969053,37.24086000002779],[-87.36901400008632,37.23777100015406],[-87.36804199959272,37.23880599977957],[-87.36457100006473,37.23685200022646],[-87.3611490000422,37.23726800032636],[-87.35956499980341,37.23443800017321],[-87.3555589996248,37.23668999980373],[-87.35422700017939,37.23601399981857],[-87.35654600018704,37.233835999686946],[-87.35529300038434,37.23168399978468],[-87.35822499996209,37.23119199977632],[-87.34931800000247,37.226955000306106],[-87.34682999994043,37.2234739998569],[-87.34955900002689,37.2196120000233],[-87.34683900016125,37.2188269997889],[-87.34993599959543,37.215029000004826],[-87.34680400000116,37.2150500003491],[-87.34626199967786,37.217253000208885],[-87.34238000024614,37.21584299997483],[-87.34574199999416,37.21233300016393],[-87.33866799979539,37.207621000135426],[-87.33752100029791,37.20805200010558],[-87.33889200010138,37.209852999850725],[-87.33480899992986,37.21124000012033],[-87.33389900025885,37.20696299976752],[-87.32851999972864,37.203584000186815],[-87.3309240001251,37.2027049999131],[-87.33029399993823,37.19973000005577],[-87.32674499969414,37.197607999951465],[-87.32392899956903,37.19658100026409],[-87.3243289996021,37.199606000157104],[-87.32039899959149,37.20049000015488],[-87.32058899956229,37.198595999743546],[-87.3184419999821,37.198736999837124],[-87.31691700019284,37.19544699987547],[-87.31579900010937,37.195493999749715],[-87.31680599986477,37.19736499975229],[-87.31557099960543,37.19847200012872],[-87.3116339999221,37.196824000124614],[-87.3111479996753,37.19492300020932],[-87.30819299963302,37.194994000333374],[-87.3088460002844,37.19328200000239],[-87.3066989998059,37.192060999888476],[-87.30789700025532,37.190192000297024],[-87.31144300012639,37.19194500009371],[-87.31083700022899,37.189651999818935],[-87.31491700002744,37.188003000035806],[-87.31449199987999,37.186768999751955],[-87.31164899999072,37.187785000243494],[-87.31142499968473,37.18516900016903],[-87.31764600011391,37.18565500028186],[-87.31350199984304,37.18326800024801],[-87.315661999842,37.18045199985192],[-87.31262399995906,37.180117999666386],[-87.31225099969016,37.17574399988413],[-87.31415899979407,37.177370999645206],[-87.31873800025811,37.177092999900225],[-87.31792599959806,37.17268700007082],[-87.31943799986685,37.17398799997869],[-87.32726299972799,37.17093099998178],[-87.32668000029511,37.16900100001586],[-87.32431899955637,37.16967499987867],[-87.32242899989414,37.16722100001904],[-87.32605099993319,37.166930000347065],[-87.32400599956192,37.165249000049506],[-87.32497399985759,37.163627000264654],[-87.32723599996382,37.16502500005709],[-87.33111099972285,37.164524000010424],[-87.33363099957194,37.16149300021469],[-87.33378399973282,37.15685900021357],[-87.335649000179,37.156949000015764],[-87.33608699984693,37.15478999973642],[-87.33768699997927,37.156929000148544],[-87.33872399987187,37.15589900019141],[-87.34104299987952,37.1578460002553],[-87.3446380001544,37.15620200013002],[-87.35143600016866,37.159345999661184],[-87.35373199971175,37.15751799992866],[-87.36030499959512,37.15665999980918],[-87.36020300038618,37.14996900001791],[-87.35716899980288,37.14972099987594],[-87.35905900036343,37.14759100013693],[-87.35620499970518,37.14323199984448],[-87.35999199960067,37.14441100016857],[-87.35781800025632,37.141198999693586],[-87.36148499960288,37.141061000044],[-87.35898900004324,37.138838000326565],[-87.36567300025469,37.13822300024557],[-87.36598100022624,37.13564300009798],[-87.36658700012366,37.13693299971131],[-87.37138499997249,37.136857000122845],[-87.37228499959777,37.13229999976137],[-87.37349700029091,37.134362999671744],[-87.48875499966343,37.126288999808736],[-87.4931819997915,37.124387000207356],[-87.49722599960494,37.118855000067434],[-87.51014600031418,37.11471000012805],[-87.51192600037156,37.11265399992277],[-87.51129799983453,37.10986200007473],[-87.51449700027429,37.10697699970448],[-87.5216090001079,37.10534400030374],[-87.622319999773,37.13524200030979],[-87.65008699976529,37.14709800010329],[-87.66829499986983,37.14973300022489],[-87.68061700017925,37.149239000276204],[-87.68014099997819,37.15123800001467],[-87.68403900020175,37.15501100011135],[-87.68737699966037,37.15588800029132],[-87.69007300013486,37.15477299990115],[-87.69820699979249,37.15792299967606],[-87.69720599988487,37.16165400019349],[-87.7052269995646,37.16105000008621],[-87.69949300010546,37.16503700012462],[-87.70144899988995,37.16699700014452],[-87.70499200028627,37.1650539997995],[-87.70611500039263,37.17115199969572],[-87.70809499956823,37.170162000176234],[-87.70959400031654,37.17264600010521],[-87.70771700017477,37.17474099979588],[-87.70515899979253,37.17413000015813],[-87.70795300017633,37.17763399989118],[-87.71110200038736,37.17544400004531],[-87.7132389999218,37.17852599999717],[-87.71728699993321,37.17904299977075],[-87.71729199995609,37.17291700002418],[-87.71906600016568,37.17156299999402],[-87.72132800027191,37.17325399970589],[-87.7202720001127,37.176093000299666],[-87.72343700021727,37.17649500026709],[-87.72164200009126,37.179027000259985],[-87.72980199968818,37.17831900026434],[-87.73098300041916,37.17986899979287],[-87.72915499978288,37.181488999815855],[-87.73025899962265,37.18286000013082],[-87.72583599969252,37.18536799993805],[-87.73160000018721,37.18583700019659],[-87.73363600033764,37.1935359998941],[-87.73671400040355,37.19137400019051],[-87.73664300025845,37.18807499998655],[-87.74155699955992,37.19103500032068],[-87.74254599977198,37.18817000005505],[-87.74455299961008,37.18929499968847],[-87.74669800043877,37.18817000005505],[-87.74567800026458,37.19625800031641],[-87.74712500023604,37.19701899995054],[-87.74467900000678,37.1991040001246],[-87.74622200023771,37.201703999977354],[-87.74902400011909,37.201500999852385],[-87.74750900037559,37.20378400034573],[-87.74163399955283,37.20603699977656],[-87.7440039996141,37.20714199988008],[-87.74561299996725,37.20540499987595],[-87.74796999960974,37.2091989996966],[-87.7572680002799,37.20819999974002],[-87.75699700011825,37.20431900004394],[-87.7636040003368,37.195016999865416],[-87.77375200040353,37.197564999932005],[-87.77470599955718,37.19964100001066],[-87.77067799963727,37.20287400017208],[-87.77375900007623,37.20307299978869],[-87.77462000024178,37.20569499991231],[-87.77653699966818,37.20508799983696],[-87.77772199969883,37.206376000252575],[-87.76971000023993,37.207520999840334],[-87.76949400032987,37.20888800034009],[-87.77325799976082,37.21151500029518],[-87.76439099998417,37.21158400022342],[-87.76009699992548,37.2135319998532],[-87.76043199966124,37.21550100019953],[-87.76582799990987,37.21754199969454],[-87.77207199990526,37.21420999990445],[-87.77411300007856,37.21581399970058],[-87.77482000025832,37.2192920001076],[-87.78051100005975,37.22418499988724],[-87.78632499988483,37.220115000323354],[-87.78786800011574,37.225312999897334],[-87.78412999972574,37.22685599984888],[-87.78717299963157,37.226783999694824],[-87.78630599961825,37.22913600016565],[-87.78795799962911,37.231745999866135],[-87.79303400021062,37.232866000010844],[-87.79279599966094,37.23496700008259],[-87.79683699999966,37.23360199985434],[-87.7987700002179,37.23676800020966],[-87.80171400038952,37.23722599984626],[-87.80039999958913,37.240751000028254],[-87.8050290002819,37.24108299985066],[-87.80156299987847,37.24529300032863],[-87.79755400022512,37.24583300025002],[-87.79441900025779,37.24341900033613],[-87.79294399979894,37.243937999937444],[-87.79830099968953,37.24857399996188],[-87.79495700038315,37.25143300011309],[-87.7974749996841,37.254111000075554],[-87.78589300006469,37.255685000335255],[-87.78840200004313,37.258885999937355],[-87.79759000021014,37.2578099999178],[-87.7969890003356,37.26120599979548],[-87.79982200017915,37.260849000051444],[-87.79599099990273,37.26346900025038],[-87.80242900006687,37.268732000231694],[-87.8003960002895,37.26967199968416],[-87.79762199999718,37.268154000129506],[-87.79362199966637,37.270222000310056],[-87.7981509999017,37.27034900022157],[-87.79830999991034,37.27181800021639],[-87.79430399973175,37.27428499983146],[-87.79873699970761,37.274966999826276],[-87.79979299986682,37.27628999973592],[-87.79655199959427,37.27706699978264],[-87.8004819996049,37.27877299985755],[-87.79473300007714,37.28025900004905],[-87.79578199966534,37.28220100030736],[-87.79290000031632,37.28222900011684],[-87.79557599980103,37.28718399968222],[-87.79312100024926,37.28886599979146],[-87.79554999986175,37.29017499995932],[-87.79324099989985,37.290849000289725],[-87.79696400022124,37.29289699988348],[-87.7989600001887,37.29143200032737],[-87.80625500032042,37.29295099979464],[-87.80642000017686,37.298005000062005],[-87.80824899973972,37.29844099999584],[-87.80315899981282,37.30121099965066],[-87.80366900034909,37.30349900017563],[-87.80149099990844,37.304458000295725],[-87.80287900032867,37.308403999672144],[-87.80017000033368,37.309252999644684],[-87.80271100009917,37.31088400026506],[-87.79968499991179,37.31137700019152],[-87.80040899980996,37.31443899996984],[-87.79707499965102,37.31591100009706],[-87.79580799960462,37.319119000316874],[-87.80377999977884,37.318351000344364],[-87.80412299991052,37.320558999831036],[-87.8063039998259,37.32098900030956],[-87.81055699987671,37.316858000304485],[-87.81287900025741,37.31885500031845],[-87.82070699959327,37.31767699999036],[-87.81767899975608,37.308034000335574],[-87.81906200015342,37.304674000093456],[-87.81700500008661,37.30366499988325],[-87.82097399955697,37.302397999964334],[-87.82010800026688,37.30036899967977],[-87.82413899966154,37.30416600004605],[-87.82620199957613,37.30403400034412],[-87.82484599984127,37.30645900022692],[-87.82935400016021,37.306562999927095],[-87.82952599968935,37.308468000102636],[-87.83241600033261,37.310405999907516],[-87.83760699964353,37.30983599993889],[-87.8423789995531,37.31475099981817],[-87.84762300036412,37.316180000030826],[-87.84742099979943,37.31795100022738],[-87.85180299972166,37.31839500022727],[-87.84924000021488,37.32129299973485],[-87.85075999998126,37.322135999839006],[-87.83984799983335,37.32924000024961],[-87.83991399995561,37.33153599992367],[-87.83858499998492,37.32835200005144],[-87.83643000000883,37.3285339998242],[-87.83897599979717,37.333525000094035],[-87.83547099993399,37.3343729999237],[-87.83710600022641,37.33715599964995],[-87.83428799955317,37.33857299990571],[-87.83624900025886,37.34138199989744],[-87.83201999959917,37.339268999857545],[-87.83122299990606,37.34136099977444],[-87.82926000044888,37.340550000157485],[-87.82749899975975,37.342544000168395],[-87.82376600029095,37.340437999859454],[-87.82241399985573,37.34181500006997],[-87.82278700012463,37.34519499967442],[-87.82073099988273,37.346564999751095],[-87.81751600044777,37.345343999682214],[-87.81771100044145,37.343125000345985],[-87.81482300034632,37.34260800009481],[-87.81473299993463,37.345002999918556],[-87.81253199992777,37.34549300010857],[-87.81450699997883,37.34670099965634],[-87.8149279999283,37.34869400009951],[-87.81298200018955,37.350098000088906],[-87.81546199985569,37.35092800024177],[-87.81488799974534,37.35284299984736],[-87.81892599971097,37.35399799979367],[-87.82718699959023,37.351955999923696],[-87.82775300020297,37.354442000274474],[-87.82557399993742,37.35620399980346],[-87.82821699981015,37.358903000092646],[-87.82542300032468,37.36064600007098],[-87.82065600043796,37.35879100003757],[-87.82318299995974,37.3643209999358],[-87.81996299960362,37.3660339999318],[-87.81080100027418,37.36437499994369],[-87.80943299994546,37.36775799978803],[-87.80525199986467,37.37057100021047],[-87.80923399975381,37.372555000012426],[-87.80493300002244,37.37368599989053],[-87.80104599966951,37.37944499993023],[-88.05248299961032,37.237662999797216],[-88.05163400003867,37.23403599975683],[-88.05322999997304,37.22888800024764],[-88.06326199968885,37.23154299974416],[-88.06752499978539,37.23058600018586],[-88.06803600014658,37.22856000011858],[-88.07161399980467,37.22915600022733],[-88.0785080000784,37.22699800003067],[-88.08105800006471,37.22334700032095],[-88.08907399972156,37.22238799970915],[-88.0897869997491,37.21914700024657],[-88.08236399957086,37.216387000217466],[-88.08046899988575,37.212133999925044],[-88.08364499986097,37.20824899996113],[-88.08941900040139,37.20699600005204],[-88.09010999978929,37.20202099991948],[-88.08361999974662,37.192021000127454],[-88.08590199994433,37.190254999862724],[-88.08371299963302,37.189441999862396],[-88.08281499965756,37.18537800004565],[-88.0888229996514,37.17940999987572],[-88.09538399983921,37.179736999803005]]]}},{"type":"Feature","properties":{"GEOID":"21012","NAME":"State Senate District 12","BASENAME":"12","STATE":"21","SLDU":"012"},"geometry":{"type":"Polygon","coordinates":[[[-85.0250209999336,37.67885400007875],[-85.03967399994623,37.545232000230776],[-85.02707499962737,37.55052699967772],[-85.01584299981232,37.54968599984837],[-85.013108999703,37.551265999943205],[-85.00474900008956,37.54673600028895],[-85.00240699961738,37.54853099992729],[-85.00218300020971,37.533628000332435],[-84.8980999998525,37.532112999648625],[-84.84743400003696,37.54834299978556],[-84.78368900040182,37.57662400008534],[-84.74731199965252,37.585532999760815],[-84.75285799968897,37.588540999750364],[-84.75682600023275,37.58836199995645],[-84.75624200007664,37.59208900015358],[-84.75396499990183,37.59354999981419],[-84.75537099986538,37.59609599984019],[-84.7441709998374,37.59735400012838],[-84.74698600013758,37.58561200027971],[-84.72374500000757,37.591296999960065],[-84.69609799966585,37.607723000080696],[-84.69544200043805,37.61005799970835],[-84.6882850003986,37.61250499982898],[-84.689284999583,37.61436500003509],[-84.69637200020057,37.617282999811934],[-84.69383800010777,37.62052199976004],[-84.69053699956078,37.62172999988319],[-84.69026399974929,37.62559500021599],[-84.6838070002169,37.62098999972197],[-84.68043799989783,37.623441999848446],[-84.67609500033365,37.623815999716186],[-84.6749150003259,37.62102199984286],[-84.67715499979249,37.6176149996949],[-84.67411199988666,37.61580400013467],[-84.66616999984967,37.61750400022262],[-84.6642430003775,37.621954000344964],[-84.6648760000391,37.62521199976944],[-84.66149099982651,37.62339700020556],[-84.65955400030859,37.617485000187386],[-84.6522740002455,37.6250840000143],[-84.65708499961482,37.632066999700584],[-84.65983200014296,37.63215800009808],[-84.6589009996572,37.63535000006043],[-84.66139000044248,37.635486999668636],[-84.66453100025758,37.63310900001609],[-84.6667499998078,37.63429100030909],[-84.66576200031896,37.64022299966048],[-84.65952300034645,37.642436000289955],[-84.6558090002459,37.640689999921584],[-84.65320800020596,37.641887000255856],[-84.65182700035675,37.64968399988835],[-84.65567199997855,37.65398199973347],[-84.66508600010137,37.65340799979019],[-84.66949499978779,37.64646100003139],[-84.67941400042399,37.64583600029548],[-84.67952400002885,37.6426369997737],[-84.67247800031747,37.64060799985365],[-84.67969300008325,37.63687999975649],[-84.69439399977647,37.6419189999157],[-84.69211999997465,37.64561300004541],[-84.67886700007782,37.65284600009423],[-84.67901600004073,37.65548300006673],[-84.68162499957829,37.65828499994956],[-84.68398200011907,37.65954299990168],[-84.68889899979362,37.658744999741636],[-84.69381800001628,37.66465800032113],[-84.70302600027478,37.65923499977088],[-84.70521100038812,37.65985399982011],[-84.7036199995783,37.66443799987202],[-84.69854399989512,37.6683349997046],[-84.68061699999797,37.67429700028583],[-84.68017900033006,37.67575900032436],[-84.68524999999039,37.6817169997209],[-84.68216199987873,37.68480300028364],[-84.68280700013419,37.686585999903144],[-84.68628400040828,37.68752400024156],[-84.69705599991578,37.68163000009783],[-84.69962599999359,37.6816239997278],[-84.70402200015954,37.686122999912754],[-84.69794999969328,37.695256999863254],[-84.70002799967648,37.69740700019262],[-84.71379299975942,37.69570099976029],[-84.72206899970726,37.69279900029602],[-84.72633699982669,37.69674299993725],[-84.73551699959776,37.69500699987824],[-84.74305399957883,37.69742500031375],[-84.74348100027441,37.699048999968355],[-84.73866400015896,37.70657699968389],[-84.7333359996824,37.709768999775996],[-84.73840100039325,37.71316000017307],[-84.74448600037998,37.71276099991083],[-84.7455020003562,37.7152070003334],[-84.74313399994477,37.71726399967929],[-84.73555299958278,37.71891799980736],[-84.7249090001218,37.713891999742955],[-84.72427899993495,37.71620199998166],[-84.7304569998081,37.72599599979589],[-84.72835700008358,37.72872000019338],[-84.71737399979057,37.7244189998669],[-84.70218500020073,37.725390000032505],[-84.69935499983193,37.72222999984081],[-84.68934300020763,37.727273999777715],[-84.7072170004013,37.73297000033186],[-84.70579600036912,37.73625199968372],[-84.69717399991656,37.73922099971416],[-84.6889120002124,37.735272999701245],[-84.68849000043802,37.74141099994708],[-84.69148200029021,37.74484800033268],[-84.70170599962661,37.74535000016243],[-84.70505900005215,37.7478079997648],[-84.70318100008548,37.755267000131084],[-84.69518999964467,37.75746499987474],[-84.6934819995573,37.760804999834654],[-84.69424900001151,37.76329099972987],[-84.70145200008173,37.766793000187036],[-84.70968299982373,37.7658700000677],[-84.71572299960462,37.76923100031815],[-84.71135999994895,37.77504399973135],[-84.71041099991986,37.78113800026373],[-84.70352699969189,37.78573499981748],[-84.70296000015253,37.789353999775614],[-84.70495399957184,37.792918000186745],[-84.71273599977529,37.79390099992474],[-84.70949600022598,37.79986799972475],[-84.71669500009823,37.799795000030905],[-84.71350200040457,37.808273000067736],[-84.716488000409,37.814817000264355],[-84.72068899968296,37.81746699994135],[-84.72409399998702,37.82236699964632],[-84.72432699961553,37.82952699969583],[-84.72170600038241,37.83573200014297],[-84.71652199984587,37.84119499976435],[-84.70989399971093,37.843801000298654],[-84.69549799961622,37.845415000283054],[-84.68902099999234,37.85109100026201],[-84.68909499961218,37.8547960001246],[-84.69239500033427,37.85884900016741],[-84.70991800000036,37.86195200031827],[-84.66013500009166,38.003745000158816],[-84.59239500014858,37.98645299974621],[-84.54507400036263,37.967047000108245],[-84.54591200006362,37.973459999977614],[-84.54285400008919,37.978563000063836],[-84.54328099988646,37.98060799981178],[-84.53013500011973,37.97617099969317],[-84.52612399991824,37.98634500009468],[-84.51681799975047,37.98377400014102],[-84.51330100019172,37.99114500025229],[-84.5093019996858,37.98925600022443],[-84.5070339997318,37.98939800009094],[-84.5058589997469,37.991339000101206],[-84.52667899976204,37.997865000248474],[-84.52573899995379,38.009017000171404],[-84.52914900028071,38.00751800019581],[-84.5340890004198,38.01092900006429],[-84.5349980002659,38.01367500008903],[-84.54110800036699,38.015957999981936],[-84.5418489999836,38.01467999973311],[-84.54643500012034,38.01541500000214],[-84.54863799977703,38.017140000311834],[-84.55473700000748,38.01342200023014],[-84.56083299986486,38.016312999752934],[-84.56011499981446,38.0191570003242],[-84.56291000002317,38.02228199974353],[-84.56044399970241,38.02677100002026],[-84.55779499998191,38.02534099974328],[-84.55607500019899,38.02681699978648],[-84.55357100024341,38.033655000240195],[-84.55260700014573,38.04480899967801],[-84.55424599973779,38.04665900024438],[-84.57640399994443,38.04413700035099],[-84.62497000003546,38.04284400016935],[-84.63619099997985,38.040395999916115],[-84.64925800010384,38.043206999863216],[-84.62507899981541,38.11639699981856],[-84.63356999984842,38.110778999837606],[-84.64454200027076,38.116789000178755],[-84.65033000015659,38.112407999745926],[-84.65076299980163,38.11485000027453],[-84.65324500001589,38.11669499980818],[-84.65379900003475,38.12092999987276],[-84.64712200039432,38.119210000039644],[-84.64076100022305,38.12107700031669],[-84.64060700023728,38.123474000209114],[-84.64494099958063,38.127298999782745],[-84.64430899974394,38.128290999717976],[-84.6392770004417,38.12802300030939],[-84.63676000006733,38.120376000323944],[-84.63389100023879,38.12263899973884],[-84.63404500022456,38.12598499972877],[-84.63971699975943,38.1313569997509],[-84.64085699958422,38.13498000007917],[-84.64843299992333,38.135855000280515],[-84.64370299984654,38.144213999958154],[-84.63867700039208,38.149243999976825],[-84.64137700016622,38.14960599966599],[-84.6458050001192,38.14545100017359],[-84.6511069997582,38.14551699982244],[-84.6498310003893,38.1482229997143],[-84.6521260001075,38.1517880003427],[-84.65194199998447,38.158670999926976],[-84.64280599969601,38.15739700014535],[-84.64159899992406,38.15909199965336],[-84.64584000027932,38.16326100005964],[-84.6505560001124,38.16264799965171],[-84.65269199982193,38.16037999967959],[-84.65724899964634,38.16178200002095],[-84.65570799996357,38.16481499984322],[-84.65740299963214,38.16767400011019],[-84.65571299998645,38.17078500023521],[-84.6531620001752,38.170147000174055],[-84.65151000016434,38.16767300004523],[-84.64940200004389,38.16896899999589],[-84.64723199999916,38.17530800023428],[-84.6484730001063,38.177135999934826],[-84.65570799996357,38.17946700001429],[-84.6606740000419,38.179163999776364],[-84.66583199974087,38.18207400030502],[-84.66413600024738,38.17726899966139],[-84.66591299993172,38.17597500031238],[-84.670875999637,38.17647500026247],[-84.67830800003608,38.17930799970398],[-84.67794800018596,38.18519300005418],[-84.68264099955451,38.181266999767836],[-84.68156900040009,38.177798999818926],[-84.68429099991556,38.17568599975546],[-84.67565699976741,38.17216400026615],[-84.67727199996835,38.16982600009711],[-84.68971399992839,38.1706479998782],[-84.68765699986157,38.17335100024435],[-84.69135400024369,38.17515399984108],[-84.69195799959296,38.17705800000884],[-84.68799699962018,38.176908000242356],[-84.68725699982848,38.17854899981008],[-84.69013900007583,38.18144700026317],[-84.69747699986526,38.17770199986647],[-84.70370400014221,38.178850999869184],[-84.70569400026189,38.17417799969648],[-84.7075410002664,38.17338899974345],[-84.71563399991615,38.176877000030856],[-84.71435799964893,38.183123999652814],[-84.71872899970052,38.179960000032075],[-84.72100500005044,38.182040999731214],[-84.7214440004416,38.18560400022749],[-84.72839800009146,38.1854449998943],[-84.73118699955407,38.1868650003493],[-84.72999300020092,38.19051000017369],[-84.72411300025361,38.191237999972046],[-84.7233390001267,38.19393099988479],[-84.72516799968957,38.195425999754],[-84.86480400044049,38.141373000316996],[-84.86597500022741,38.13211000008746],[-84.8651290001305,38.124054999814334],[-84.86336300031681,38.121072000330464],[-84.86542799988123,38.11517500020732],[-84.86444600024019,38.10841199972934],[-84.86558600006498,38.09910599972481],[-84.86283600006212,38.09258600028384],[-84.86017700029585,38.09025799979699],[-84.85566899997693,38.09020300005482],[-84.84002400027751,38.1004280000297],[-84.8309149997532,38.0936049996823],[-84.8280779997117,38.087703999648355],[-84.82808299973458,38.08167300018203],[-84.84139699973079,38.07258599968438],[-84.84298900036552,38.070005999902435],[-84.83789500024066,38.064655000032445],[-84.82758200031748,38.06112099974173],[-84.82598800003294,38.05498699995417],[-84.82948200002545,38.05220799993627],[-84.84455500016266,38.05251700032641],[-84.84977899998384,38.04798499993331],[-84.84950899964711,38.04457000025563],[-84.8470440000496,38.04114999997146],[-84.83407099963694,38.03407599976248],[-84.8307940002777,38.02942399991476],[-84.83001799960267,38.0220350002019],[-84.83731299973438,38.01423500024909],[-84.83845199973426,38.00970499992686],[-84.83665099976047,38.007395999920455],[-84.82256799966025,38.00294599982124],[-84.81651899965853,37.999116999748445],[-84.8161710004023,37.99687099970656],[-84.82149599960752,37.98936900033497],[-84.82350400016885,37.98338600027989],[-84.81806000023961,37.973390999666094],[-84.81334299968331,37.97127599985073],[-84.80332900040919,37.971633999695136],[-84.79632700018043,37.970087999936226],[-84.85493800040604,37.951450000015605],[-84.85718700009348,37.9489359998702],[-84.86114200021845,37.94878700017891],[-84.86355099973947,37.946617999686964],[-84.88374800013875,37.93989299965468],[-84.8924330003405,37.94362399974806],[-84.88972599999536,37.94675300021057],[-84.89635800032828,37.94771299985025],[-84.90213899964307,37.938427000229915],[-84.90500800036995,37.94103300024891],[-84.91033400029838,37.941108999990384],[-84.90938699991912,37.949536000023244],[-84.91058700001837,37.9509989996676],[-84.91809100038746,37.947186000184885],[-84.92228099979077,37.94729100003796],[-84.92162200018991,37.95306500012468],[-84.93308499998365,37.95418600028304],[-84.93350199973516,37.94957000030789],[-84.93777999990033,37.95282599974383],[-84.94803500009718,37.94895900008562],[-84.94861900025329,37.94468899991833],[-84.95627099986207,37.94608299997408],[-84.95738300009778,37.93724499976508],[-84.96796399980954,37.934719000284524],[-84.97335099983736,37.93551100024447],[-84.97721300007593,37.928809000066856],[-84.97719399980936,37.92016599982556],[-84.97919899999765,37.91791700011663],[-84.97932899969399,37.91490900002751],[-84.98650699964983,37.91242299981847],[-84.98740100032565,37.90542199973834],[-84.99311700024144,37.90755600031194],[-84.9955430003792,37.903753999846224],[-85.00110100011125,37.907096999987004],[-85.00022900007505,37.902896000020114],[-85.00136899989985,37.90072099972753],[-85.00483399958004,37.90029900022569],[-85.00736699984795,37.89795700032287],[-85.00617000012176,37.89305699970243],[-85.00798299979108,37.89096899966334],[-85.01402500012011,37.8923830002683],[-85.01491200022491,37.895209000323646],[-85.01787399993988,37.89506999985503],[-85.02129299958932,37.893374999735165],[-85.02010099988601,37.891061000002246],[-85.02142200035908,37.88679400024513],[-85.02712499985608,37.886618000208365],[-85.027710999662,37.88434799975428],[-85.02984800009477,37.8865520002634],[-85.02768300007291,37.89114300003794],[-85.03052799961202,37.8915380000627],[-85.0314559997247,37.88159700025612],[-85.02450299989974,37.87824300025447],[-85.0099400002988,37.85910600010093],[-85.00052000032818,37.85472300013357],[-85.00326299976004,37.83503300016496],[-85.00952799967182,37.835587000290076],[-85.01203400017553,37.8171730002881],[-85.0058150002945,37.81661300021006],[-85.0250209999336,37.67885400007875]]]}}]}