{"type":"FeatureCollection","features":[{"type":"Feature","properties":{"GEOID":"23103","NAME":"State House District 103","BASENAME":"103","STATE":"23","SLDL":"103"},"geometry":{"type":"Polygon","coordinates":[[[-70.22775100020833,43.79906499977089],[-70.22281799974196,43.79474800015253],[-70.21511000005668,43.799115999896586],[-70.20500999967051,43.79011599988263],[-70.21252200043551,43.785606999805836],[-70.20959599980726,43.78301899997835],[-70.20209200033646,43.787581000298914],[-70.19520300008561,43.781311000274194],[-70.19338799986814,43.78357899973163],[-70.17743900039511,43.775690999934135],[-70.17818699968441,43.77289699974919],[-70.18532500035562,43.76637599969421],[-70.18501800020894,43.76038299975262],[-70.17988700027418,43.755230999985315],[-70.1551499997689,43.73826900025102],[-70.11436199968333,43.7556379999781],[-70.09947699986711,43.770571000095295],[-70.08398199995553,43.78207699989795],[-70.08621700029758,43.78737799970932],[-70.09312200044197,43.79160100004238],[-70.10121599991662,43.791195000189816],[-70.1156959996769,43.795979000087584],[-70.1224059998276,43.79658799968504],[-70.13723299991752,43.79279199990375],[-70.14540699975811,43.79715800031282],[-70.14940299989097,43.79726200019345],[-70.15344199968153,43.80046699979627],[-70.15498200043773,43.804143000231115],[-70.15176899975427,43.80825799977156],[-70.15356300005536,43.81447099999592],[-70.1509119997867,43.81556900001711],[-70.15358899999462,43.817189999931614],[-70.15216999961225,43.8182619998279],[-70.153433000359,43.8212749999025],[-70.15241499983466,43.82290500025244],[-70.17390699986942,43.84293200011798],[-70.18212599991587,43.83970000030903],[-70.18190900018088,43.83857699976346],[-70.18660200044775,43.84281600024814],[-70.18797699955087,43.842087999847486],[-70.18322800010581,43.837865000131046],[-70.18599400000221,43.83516300020076],[-70.19103200005058,43.83998100032308],[-70.19451000014956,43.83848400015191],[-70.18909700018249,43.832914999889944],[-70.22055999983368,43.81508099990733],[-70.21829699990255,43.81289399997819],[-70.22180099994081,43.80634199972263],[-70.2185320000792,43.80539099979103],[-70.22775100020833,43.79906499977089]]]}},{"type":"Feature","properties":{"GEOID":"23053","NAME":"State House District 53","BASENAME":"53","STATE":"23","SLDL":"053"},"geometry":{"type":"Polygon","coordinates":[[[-69.81355399956246,44.02604699972567],[-69.7463290001785,44.01380200000063],[-69.71606300025351,44.04849699999855],[-69.69495199998525,44.080471999828724],[-69.6919070004296,44.077271999941736],[-69.67490100007413,44.10452800004396],[-69.66629799988814,44.12400300016026],[-69.65674200037341,44.12239200003827],[-69.66544099992055,44.227575999926344],[-69.65154399959316,44.27500799976624],[-69.77999799985943,44.29508999992091],[-69.78785600023085,44.287816000132636],[-69.7895130002646,44.28011100030688],[-69.78628000038796,44.2719230001735],[-69.77301999992011,44.26212800015046],[-69.76765800000665,44.25318799969645],[-69.76898799980223,44.24828100023199],[-69.76757799964071,44.24333499969902],[-69.77001899984708,44.23855099995717],[-69.77015899958917,44.23433200021178],[-69.76827599959964,44.22941100002575],[-69.76051100001294,44.219861000267436],[-69.76289100011995,44.20410800018537],[-69.75447500043,44.192904999746546],[-69.75221400014868,44.18406599994155],[-69.75611800022004,44.17000399968892],[-69.76139300009487,44.16673700013697],[-69.76380199961588,44.162651000302574],[-69.76387199993609,44.15388099990389],[-69.75816500024114,44.141350999803734],[-69.76132100012484,44.125484000254346],[-69.7663459997544,44.118406000203315],[-69.76721399959264,44.112376000039696],[-69.77417499981352,44.09935100005818],[-69.78579800033911,44.08764399997889],[-69.78451100020125,44.082786999732356],[-69.78742900043359,44.07530700027172],[-69.78291799974161,44.06988200013586],[-69.7864669999857,44.064501000291784],[-69.78586399956305,44.057319999920395],[-69.79008599965171,44.042904000009415],[-69.79546600000684,44.037829000182626],[-69.81215099997193,44.029896999981055],[-69.81355399956246,44.02604699972567]]]}},{"type":"Feature","properties":{"GEOID":"23030","NAME":"State House District 30","BASENAME":"30","STATE":"23","SLDL":"030"},"geometry":{"type":"Polygon","coordinates":[[[-69.8331009996834,45.73864199994117],[-69.82735200015566,45.73779299980343],[-69.82411799955581,45.742262999807075],[-69.81922799964545,45.739093999836825],[-69.81151900013526,45.73716900027162],[-69.81007299998872,45.73596799979766],[-69.81253199973844,45.735887999770966],[-69.80923500028773,45.7330530000349],[-69.80003000040227,45.73312699972897],[-69.79388299959295,45.72845799988837],[-69.79152500012557,45.72831700003087],[-69.79208599981713,45.725585999771454],[-69.79826600023843,45.72500699993967],[-69.79982600018778,45.72266500010185],[-69.80309300039958,45.72356000026972],[-69.80371000016765,45.720540999692176],[-69.80891999974514,45.72334800016507],[-69.81509599996846,45.721419000311336],[-69.80898400021755,45.72260100014738],[-69.8056569997313,45.72013599975175],[-69.80388000004695,45.715697000244944],[-69.79777800034178,45.71484899984663],[-69.79024399983545,45.710342000250314],[-69.79043299998135,45.704486000278926],[-69.78580199963876,45.69971099975463],[-69.78525699984073,45.69278000020978],[-69.78275700008314,45.69058299986077],[-69.76492899992019,45.682545000221936],[-69.76009799956107,45.68249100021485],[-69.75619500021294,45.67963199999259],[-69.7487929999511,45.68121099970997],[-69.73863099964065,45.679310999940306],[-69.73837299989779,45.676878000051936],[-69.73674799965112,45.67671700027222],[-69.73886099979441,45.67497100015735],[-69.74043099978952,45.668088000059164],[-69.73940200029281,45.66739299989728],[-69.7442729999366,45.66416199992314],[-69.74469100041135,45.66147699995165],[-69.7414140001538,45.66024699987608],[-69.74134100035886,45.65768699986754],[-69.739501000027,45.65721700010156],[-69.74420199979149,45.65221299978222],[-69.736135000081,45.650709000002394],[-69.7317349997171,45.65582200009579],[-69.73492199956296,45.65754400001026],[-69.72651400026893,45.656409000055014],[-69.72269600041132,45.65748699975462],[-69.70134999996641,45.651652000261286],[-69.69180000029948,45.64499499977395],[-69.69414299969824,45.640939999930104],[-69.69647900032264,45.64068700003215],[-69.70073400002327,45.644581000078716],[-69.70522300007562,45.64467899979752],[-69.71185100021057,45.65039399993556],[-69.71380500034523,45.65003100017931],[-69.71264000040608,45.64744199993075],[-69.71632099999637,45.6476390002419],[-69.71840599965228,45.63985399977986],[-69.70818300014076,45.6375099998038],[-69.70703999994294,45.63289900017658],[-69.70159400036388,45.627816000163605],[-69.70306399990156,45.62038599975381],[-69.70846400034816,45.61629299988475],[-69.70991100031962,45.61316099997424],[-69.71215499998418,45.61394300013215],[-69.71400399963855,45.6120679998492],[-69.71724599973601,45.612098000105895],[-69.7192869999093,45.614631999931646],[-69.71735299986612,45.60866300029323],[-69.72008399960241,45.6079299999617],[-69.72117200044698,45.60342300013564],[-69.71761499980694,45.59746900022758],[-69.7131280003027,45.59485099972822],[-69.71445800009832,45.585571000176564],[-69.72345499957129,45.58170700000075],[-69.72864900015357,45.57208800009507],[-69.72810299963231,45.57032300007289],[-69.731671000143,45.56683899980852],[-69.74340500009838,45.562776000076894],[-69.74490599959817,45.560884999973446],[-69.76022399995776,45.554236000237765],[-69.77349799977101,45.55458799969167],[-69.77536999988989,45.549872000040686],[-69.77328400040908,45.54546200008612],[-69.77992800043755,45.54276599975517],[-69.729214999868,45.37917899970979],[-69.70042799970153,45.29246099986527],[-69.70832399970776,45.291353999903514],[-69.70535000029724,45.278153999962974],[-69.68364599965204,45.21239900009978],[-69.68700699957517,45.20810799992246],[-69.65475999975133,45.09998899977513],[-69.7730259997679,45.08284700009452],[-69.75475800028724,45.015142000215604],[-69.75036899979398,44.99384000006265],[-69.74181900020974,44.994995000077914],[-69.74350800003053,45.002581000186375],[-69.73084900033552,45.004026999970506],[-69.7291939999516,44.996547999923976],[-69.4924500002064,45.028321000121664],[-69.48223199981946,44.994184000058695],[-69.47770799960698,45.00035699993221],[-69.46906599996123,45.00060399979939],[-69.46565999983227,44.9982099998182],[-69.45668799957532,44.99926300017793],[-69.45633100009826,45.0024869997461],[-69.459234000262,45.00464999979948],[-69.45372000001258,45.01167500002258],[-69.44642599970577,45.00686999976798],[-69.44303899984335,45.007603000241176],[-69.43895300019713,45.00376199973175],[-69.43384200035382,45.00642300018863],[-69.4277849999562,45.012738999879446],[-69.4274190002583,45.01518400027312],[-69.4157320001586,45.0232749998107],[-69.41261100043496,45.02279999989823],[-69.41128300028919,45.02474000002904],[-69.40859500021061,45.02456100014494],[-69.40439599968818,45.02782099986779],[-69.40395200017247,45.031684000282674],[-69.39948400003651,45.03251700006012],[-69.39978399961215,45.034998000060895],[-69.39522799961264,45.04026700023181],[-69.38852699968275,45.0417570002986],[-69.38973500017792,45.043818999705486],[-69.39267799962633,45.04347100007498],[-69.39293799991732,45.04484700015629],[-69.39033000020468,45.046778000216825],[-69.39208699979753,45.0485680000318],[-69.38503299969022,45.054924999882466],[-69.37939700014039,45.053864000110885],[-69.37584899972119,45.05585999970773],[-69.37379099982945,45.05471900025555],[-69.36842100041838,45.0553849998948],[-69.37081499987077,45.06031899985037],[-69.36793099997362,45.063712999772974],[-69.36354999987628,45.06253400007024],[-69.35981999988222,45.06567399986068],[-69.35384500039866,45.06713799969733],[-69.35566700028883,45.07346899972963],[-69.23202099991715,45.09016600031682],[-69.2562150002742,45.179478999770694],[-69.27654300019476,45.17758200008146],[-69.29932300019232,45.260596000275584],[-69.24716299965132,45.26767800006655],[-69.23756699995361,45.26552500004507],[-69.22446499966952,45.2667800002054],[-69.22224000027154,45.26942200020602],[-69.2083270000506,45.269906999984926],[-69.20196000003158,45.272633000170906],[-69.19719099959673,45.271762999783014],[-69.2033219996142,45.26916900022258],[-69.20340000033032,45.2677469997449],[-69.2068480002921,45.2679699999458],[-69.2071160000807,45.2647559997401],[-69.19989100026919,45.2646160001308],[-69.20136599982973,45.2664410001526],[-69.19123200000669,45.265013000102364],[-69.1902190004035,45.263668999858304],[-69.18603300029984,45.26531899984043],[-69.18084499956534,45.26471100030982],[-69.16157600017706,45.19316900022092],[-69.132328999703,45.19721199981165],[-69.12839200001972,45.196396000036344],[-69.12494300023302,45.19178299985039],[-69.12235800008659,45.190868000206805],[-69.11966699963497,45.1926440001479],[-69.1202030001105,45.19665899991686],[-69.11434099970653,45.198234999969436],[-69.11671499996574,45.20193200029233],[-69.10844800023872,45.20716999976],[-69.09337900029948,45.20383899984815],[-69.08359000025794,45.205341000209835],[-69.0700629998264,45.20199300009146],[-69.06422700026002,45.20338699971525],[-69.0624520002255,45.20595299986529],[-69.04867700009683,45.20250599978858],[-69.0455210002131,45.20355799994702],[-69.04577599958292,45.206595999853405],[-69.0444089999774,45.207802000168655],[-69.03803899958531,45.20664799973951],[-69.03466099994374,45.20777400017105],[-69.02953300038203,45.213161999986816],[-69.0823690002423,45.40577699983248],[-68.83120599993786,45.442430000015435],[-68.85729699962985,45.527301000173686],[-68.96465300004665,45.51236700012688],[-68.95171899999205,45.58178199970729],[-68.95069899981786,45.63843400027635],[-68.95891000036669,45.66219499971459],[-68.82703900010078,45.684825999953595],[-68.82320199997659,45.907334999967745],[-68.82277199980626,46.125483999989584],[-68.81942799960157,46.3873950002762],[-68.8194009998374,46.395782000251714],[-68.82175699965495,46.39580400024283],[-68.82141400042158,46.572510000154146],[-69.72110899979945,46.57405300003786],[-69.7192459999014,46.39410899978208],[-69.7323199996981,46.39400799982303],[-69.72857700018355,45.976882000115054],[-69.68356399963628,45.98363199972683],[-69.64656599981925,45.8639880000889],[-69.64859000027411,45.86283300002254],[-69.65388299969229,45.86367999999863],[-69.65492999963065,45.86166300018838],[-69.65678900022907,45.86189100007933],[-69.65667700007607,45.86013200007374],[-69.67443099972084,45.86224699976244],[-69.6723920000957,45.85895600009455],[-69.6741670001302,45.856740000262064],[-69.6744550000103,45.85234600008972],[-69.67630399966467,45.85139000022147],[-69.67763500018347,45.85289699972643],[-69.68343300011503,45.85096099998848],[-69.69006899974757,45.8541610000651],[-69.68915099968062,45.857884000199306],[-69.69383300007685,45.86188799980695],[-69.69200100014092,45.86508499969703],[-69.69691799981545,45.86425400021542],[-69.69676100035493,45.867220999770296],[-69.70130999978345,45.872606999800546],[-69.70039199971652,45.87380499997753],[-69.7026999998535,45.8783449998657],[-69.69849200000851,45.88033300006948],[-69.69780200044552,45.885670000140244],[-69.70878700038836,45.885583999880176],[-69.71277400030039,45.8831790002001],[-69.7226250002662,45.880998000069766],[-69.72407300006257,45.87910300025297],[-69.72692000014982,45.88020499971363],[-69.73214399997102,45.87835799990585],[-69.73813299969827,45.88313099982407],[-69.73766499989313,45.880243999770265],[-69.73367399978315,45.8791319999428],[-69.73366600028554,45.87697999998657],[-69.72476599999861,45.8738290001338],[-69.72366499963357,45.87100899995898],[-69.72559000035423,45.867131000158345],[-69.72453599984485,45.86578800010678],[-69.71731000020841,45.86577099996149],[-69.71498899965263,45.862368999702234],[-69.71153300019326,45.86078399994118],[-69.71093899999143,45.856300999761196],[-69.70571699982004,45.853938999911335],[-69.7082919999207,45.85040900006249],[-69.70769600006905,45.84702799971055],[-69.70426499982572,45.846136000205426],[-69.70712500033176,45.84224300028577],[-69.70818599961551,45.83653499997888],[-69.71207499961824,45.832235999975765],[-69.71498000033013,45.83183899971144],[-69.71796399978638,45.83332400026378],[-69.71728400026915,45.83447099978408],[-69.72003400027201,45.83491699970667],[-69.72580500043938,45.83438099973674],[-69.71933899978782,45.83362100000066],[-69.71843400013967,45.829793000117306],[-69.71633000021718,45.82892800000859],[-69.71254800034458,45.823047000220626],[-69.7124370000165,45.81948400028898],[-69.70863800042545,45.81147900024657],[-69.71738800002622,45.798755999752515],[-69.71924000005362,45.79114800019096],[-69.72310899996488,45.78557899986823],[-69.72282500028275,45.783303000026486],[-69.73791000011552,45.782540999988626],[-69.73599199996588,45.77922300001539],[-69.72934999958723,45.77602100021898],[-69.72579500039365,45.771440000003594],[-69.7245400000428,45.766600999757706],[-69.72636199993298,45.76230900022333],[-69.7325790001642,45.75597800026332],[-69.7367760001385,45.754632000137754],[-69.74093100028003,45.755537000306155],[-69.7437800000171,45.7598120000594],[-69.74723100035192,45.75970900011367],[-69.75144099984672,45.765913999823056],[-69.75033199998406,45.763356000264295],[-69.75286199987889,45.761665000189616],[-69.76852300037015,45.76132199982845],[-69.76793900021404,45.762901000061],[-69.7743270001495,45.764726000119616],[-69.7738280003822,45.766044000311034],[-69.7818399998411,45.775620000260645],[-69.78106099969132,45.77796100027402],[-69.78507299971773,45.77714599979922],[-69.78602699976966,45.77978099994273],[-69.78167099978668,45.78199299993586],[-69.78386400029595,45.78368899996833],[-69.78315799994111,45.7847730000031],[-69.78779199975844,45.784980000290915],[-69.78826299993663,45.78454499979525],[-69.78854300031911,45.78366099982225],[-69.79186099968622,45.78525799990998],[-69.79359399988793,45.783049999755605],[-69.79599699956118,45.78522500030716],[-69.79735999986703,45.785439999779484],[-69.79675999981741,45.78420700013414],[-69.79724600006423,45.783335000308256],[-69.79781500015172,45.784582000293476],[-69.80199399968437,45.78619100018802],[-69.79843699994264,45.784577999800604],[-69.80098899957879,45.784753000110115],[-69.80004499957258,45.78364800019714],[-69.79730200014072,45.783144999892876],[-69.79587299971261,45.78421300028686],[-69.79417899986896,45.782785000231584],[-69.79298899981546,45.783030999708735],[-69.79215600013734,45.783852000181504],[-69.79178399969334,45.78391300000423],[-69.78808600038462,45.7827500001057],[-69.78806299992009,45.78456000008483],[-69.78413799993233,45.782250999877206],[-69.7895480004247,45.77786199972649],[-69.7875010004036,45.77664299972859],[-69.78757599984837,45.774904999724086],[-69.78286400021325,45.7751089997445],[-69.78475200022567,45.774173000105144],[-69.78416999971938,45.77303399983478],[-69.78156200000674,45.77371299975965],[-69.78385099987716,45.77217699994163],[-69.7821000001321,45.76963199973055],[-69.79039799982125,45.76771699973674],[-69.78966899990019,45.76650199972244],[-69.79319100038012,45.761819999743295],[-69.79307900022714,45.75875999983338],[-69.79145599963027,45.75842500014097],[-69.79465599989493,45.75747099973203],[-69.78970400006028,45.75574600009495],[-69.79222800010734,45.75119700004317],[-69.78864500042636,45.74960100028607],[-69.78945499963996,45.7480029997207],[-69.78813800026316,45.74686399980161],[-69.79630500043106,45.74607800014702],[-69.80190900019386,45.74899600019553],[-69.81264100041669,45.74578299972609],[-69.8127819999837,45.74711899970688],[-69.8174280003949,45.746942000058546],[-69.82478499955258,45.743225999969546],[-69.8271649996596,45.73982900016315],[-69.8331009996834,45.73864199994117]]]}},{"type":"Feature","properties":{"GEOID":"23076","NAME":"State House District 76","BASENAME":"76","STATE":"23","SLDL":"076"},"geometry":{"type":"Polygon","coordinates":[[[-70.307143000091,44.53848300029329],[-70.28988800021354,44.54024800029843],[-70.28090799956067,44.50509500019846],[-70.27061800010202,44.506217999928694],[-70.26938799986553,44.50118099982789],[-70.25089500025398,44.50340200009602],[-70.23890400038066,44.45894199968279],[-70.27441199967019,44.44063199996341],[-70.27248799967276,44.43320699991758],[-70.24830900028263,44.437616999682405],[-70.23368100038437,44.42962899974021],[-70.2183439997582,44.42494900024054],[-70.22065199989518,44.420691999875494],[-70.22000499998988,44.41505899992316],[-70.22354500001319,44.40906300019839],[-70.22647800031415,44.408227999938944],[-70.23359099997268,44.41047599980876],[-70.24013600026696,44.40838499997236],[-70.24197499987557,44.387915999858606],[-70.24789300035603,44.385997999731266],[-70.24909500010509,44.38341500003601],[-70.25753199971143,44.37747699990935],[-70.26068500012042,44.36971700018742],[-70.26056600029474,44.361716999755096],[-70.18790299993103,44.343168000186566],[-70.18445499996925,44.34590399971055],[-70.18789899973306,44.34868700008746],[-70.18888200009732,44.35388400024448],[-70.18738599972207,44.36217800020216],[-70.1836139998952,44.36881200001758],[-70.17159700008261,44.368602999744176],[-70.16489199995478,44.366858999777584],[-70.12005199965985,44.37271199972914],[-70.12217200037419,44.381130999949164],[-70.10049100019353,44.38385399983294],[-70.12940800005636,44.48727900020858],[-70.13957000036682,44.53823099978874],[-70.15248099995688,44.58930999986929],[-70.2778060001036,44.573072000121584],[-70.307143000091,44.53848300029329]]]}},{"type":"Feature","properties":{"GEOID":"23060","NAME":"State House District 60","BASENAME":"60","STATE":"23","SLDL":"060"},"geometry":{"type":"Polygon","coordinates":[[[-69.78702100000457,44.29691300024632],[-69.65154399959316,44.27500799976624],[-69.62569999977337,44.36180199971879],[-69.72904199961565,44.37774999984244],[-69.74606300003973,44.36114000005101],[-69.74948900026018,44.35460100024119],[-69.7647740001095,44.33511199982585],[-69.7773979996444,44.30222199993912],[-69.7819460001463,44.30312499976392],[-69.78255000039388,44.300817999779376],[-69.78645600011508,44.2997819997417],[-69.78702100000457,44.29691300024632]]]}},{"type":"Feature","properties":{"GEOID":"23043","NAME":"State House District 43","BASENAME":"43","STATE":"23","SLDL":"043"},"geometry":{"type":"Polygon","coordinates":[[[-69.39421599983439,43.85796000018715],[-69.38360599981029,43.84823600010342],[-69.33333099980696,43.82022100004727],[-69.23347999958416,43.77800199989587],[-69.23327600026799,43.78096199994724],[-69.2425349996818,43.799761000094136],[-69.26234000044391,43.81537399996813],[-69.24949000005489,43.81914599998718],[-69.23655400035044,43.82562599981439],[-69.12007300041415,43.94512400029219],[-69.10385799990401,43.98451299990981],[-69.09620499957202,43.992515000070235],[-69.07275500010294,44.02660299983591],[-69.07233800035142,44.03549099988685],[-69.06577899981345,44.03997800031461],[-69.07599300000244,44.052366999750376],[-69.07351099978817,44.054050000279204],[-69.07274199968415,44.058165000242425],[-69.07835300001796,44.06234399978301],[-69.07900199957305,44.06598399994304],[-69.08078400017858,44.06406399995934],[-69.09110899979733,44.060528000068196],[-69.08692100004386,44.05564800017347],[-69.09125199991247,44.053702000096614],[-69.1030179996549,44.05393499984399],[-69.13380699963662,44.082185999822],[-69.12886700039586,44.08623100019192],[-69.13069099993587,44.08567100026977],[-69.13376800017687,44.090375999836034],[-69.13428000036295,44.094363999850096],[-69.13226500012892,44.09836800026656],[-69.14054299972658,44.10380999979708],[-69.14387699988555,44.10114999993545],[-69.14774699962173,44.10249599982681],[-69.14128699971627,44.10943200025503],[-69.15723699991253,44.11422299987792],[-69.15155699998174,44.119327000238144],[-69.18528699976203,44.127745000296066],[-69.19389699962073,44.11291099986673],[-69.19536100020895,44.10688100015233],[-69.19727900035859,44.10689100003215],[-69.19749000024578,44.1041349999757],[-69.19972600041274,44.10370799988473],[-69.2000820000649,44.099350000136255],[-69.20278500021207,44.0991560001264],[-69.21018300027596,44.09118799989369],[-69.2076090000002,44.08473499978258],[-69.21388700033079,44.08473499978258],[-69.2143950003189,44.08035400029659],[-69.21910699995402,44.078968000076614],[-69.21356699976533,44.07439500025158],[-69.21127600024509,44.069136000200835],[-69.20588300036951,44.06586000021954],[-69.28222499977535,44.05477199981218],[-69.28183899998596,44.02253200019736],[-69.27668799995969,44.02048300004459],[-69.28456399987446,44.01609600023844],[-69.30142499956665,43.990226000150685],[-69.30964399961312,43.98625600026949],[-69.31655700015341,43.97561500025858],[-69.3214980001174,43.97165900010117],[-69.32169200028615,43.967268999722286],[-69.3181670003315,43.954942999947285],[-69.32364200022285,43.93749499993645],[-69.32189099957945,43.92521000005202],[-69.33335199972336,43.91619600032154],[-69.37410999967169,43.87533700011687],[-69.3844679998007,43.86824400018508],[-69.39421599983439,43.85796000018715]]]}},{"type":"Feature","properties":{"GEOID":"23124","NAME":"State House District 124","BASENAME":"124","STATE":"23","SLDL":"124"},"geometry":{"type":"Polygon","coordinates":[[[-70.40063999981523,43.55908299976195],[-70.28216499956132,43.50008700017266],[-70.22208999964582,43.466877999882655],[-70.19974700038956,43.48422800008538],[-70.184240999709,43.49855900022046],[-70.27359200041086,43.55110499984206],[-70.27392799997152,43.55469599989293],[-70.27099700021869,43.56132300019675],[-70.27393700019236,43.56813399987147],[-70.27057299989617,43.57483500012762],[-70.2638519998748,43.57778199997751],[-70.26257800015571,43.580262999914225],[-70.25870099984854,43.580675000087226],[-70.25474999992151,43.584261999974366],[-70.2567629996074,43.58492399996234],[-70.25647499972732,43.586987000159546],[-70.2585700003273,43.58644299993737],[-70.25788999991173,43.58822999974493],[-70.26205000007612,43.58773400008863],[-70.26692099971989,43.5913399999827],[-70.27349299977836,43.59063899988474],[-70.27349000030361,43.59362700015794],[-70.29448199984787,43.60428500027773],[-70.29868999969284,43.60036699976569],[-70.29773499981597,43.59715899977602],[-70.29990599968562,43.5942359997379],[-70.30668600015652,43.59143300006627],[-70.31601700043866,43.58292199974898],[-70.3177589999629,43.57943800000745],[-70.32190900008156,43.57746000028662],[-70.32754299998157,43.580272999958105],[-70.33221600015695,43.580044000033],[-70.33330599975302,43.58492100024615],[-70.3432510003285,43.578670999988354],[-70.34655000032735,43.58303199983744],[-70.34455299963668,43.584362000203434],[-70.34586200041419,43.58827999983772],[-70.34906400032867,43.58781400022566],[-70.36245299976963,43.5835650000107],[-70.38525899970647,43.57299000001141],[-70.40063999981523,43.55908299976195]]]}},{"type":"Feature","properties":{"GEOID":"23042","NAME":"State House District 42","BASENAME":"42","STATE":"23","SLDL":"042"},"geometry":{"type":"Polygon","coordinates":[[[-69.23655400035044,43.82562599981439],[-69.22656299974422,43.81220300016526],[-69.20682400000265,43.79995899990095],[-69.19719899999265,43.79599200009592],[-69.185839999956,43.793785999753524],[-69.1605169996448,43.79366399969914],[-69.14133799976987,43.79842100029911],[-69.12221499997148,43.80769900011272],[-69.11890000007908,43.810968000303916],[-69.10562100024298,43.81409300027971],[-69.08300500027693,43.82564699987392],[-69.06493500026465,43.841908000087436],[-69.0580109998537,43.852458000124194],[-69.05589400041075,43.85891099967904],[-69.03427199978132,43.84638200015771],[-69.02278399987324,43.84250700004715],[-69.02474399985569,43.834210999941675],[-69.02429500031712,43.819841999684726],[-69.01790900003151,43.80785400024309],[-69.00992199978866,43.79843600004459],[-68.99667899993756,43.79005700025611],[-68.98115999973652,43.78378599982394],[-68.94983600000249,43.78016999990095],[-68.94443599955589,43.76787000019308],[-68.93816899999428,43.760337999754825],[-68.92016900030221,43.7473920002857],[-68.8744779998875,43.73417899974723],[-68.86145000012156,43.732515000160575],[-68.84910100004795,43.73238399992752],[-68.82691600007713,43.73571100017722],[-68.80536100029316,43.74598299985628],[-68.79377700012564,43.75789700004474],[-68.78613899986225,43.768363999897005],[-68.7822440000117,43.77753700011576],[-68.78180999964344,43.79272399987871],[-68.78532399972744,43.80433899970803],[-68.77233899961921,43.81290700019545],[-68.74888800032524,43.832516000069866],[-68.75135999959541,43.86219600020643],[-68.75278499982556,43.865507999962006],[-68.77623199981991,43.88988399991052],[-68.80425999992812,43.903146999926626],[-68.79551100015225,43.917469000110444],[-68.78081100028396,43.931056000188576],[-68.76042100043914,43.940312000313824],[-68.7426490003527,43.943146999981046],[-68.72147799980999,43.961937999741515],[-68.72962599971132,43.96142299983328],[-68.7450570000488,43.95632800021054],[-68.76152199990588,43.95364599995939],[-68.78106300017903,43.9550289998652],[-68.80398299991869,43.95172499993464],[-68.815536999949,43.952187000309365],[-68.83422200007949,43.956141999695625],[-68.85134700026065,43.964013999759175],[-68.85897299993019,43.96935500013435],[-68.87859899969384,43.97013900019708],[-68.98064099987775,43.95939199986991],[-68.98701299991966,43.960830999835025],[-68.97429300012527,44.00003500029104],[-68.95704699957031,44.0436330000546],[-68.93984199992153,44.07819399972132],[-68.92105300003396,44.10379699985599],[-68.90306500003744,44.12328000031207],[-68.88819000026697,44.12695300006638],[-68.87446100016908,44.12422500010134],[-68.85923700041913,44.12359500020187],[-68.85676100005266,44.12447799974029],[-68.84996200021347,44.13212200026825],[-68.83685499990652,44.13451599985737],[-68.78596300013514,44.121937000280944],[-68.76140700027814,44.1217260002629],[-68.73563100023041,44.11917500007176],[-68.74294200025567,44.123783999845394],[-68.7549480001976,44.13596900024841],[-68.76391999955622,44.1615390001709],[-68.77268599994885,44.17490400026796],[-68.7780899996951,44.1802629999113],[-68.7960280003612,44.188576000285664],[-68.81249300021827,44.20084700024829],[-68.82115199958245,44.20272500009676],[-68.83047000034414,44.20996400031587],[-68.83559700008094,44.20945400001898],[-68.85303600008143,44.20216699995706],[-68.8709989999636,44.19881699985147],[-68.89638400019906,44.20993500021289],[-68.91663799960143,44.16666699968107],[-68.99999999967773,44.166739000277666],[-69.00481099994536,44.20292600005024],[-69.02385500010107,44.16150499992821],[-69.04534299993787,44.1250800000886],[-69.06950200013482,44.10699600028059],[-69.16054799960695,44.17259099971173],[-69.18528699976203,44.127745000296066],[-69.15155699998174,44.119327000238144],[-69.15723699991253,44.11422299987792],[-69.14128699971627,44.10943200025503],[-69.14774699962173,44.10249599982681],[-69.14387699988555,44.10114999993545],[-69.14054299972658,44.10380999979708],[-69.13226500012892,44.09836800026656],[-69.13428000036295,44.094363999850096],[-69.13376800017687,44.090375999836034],[-69.13069099993587,44.08567100026977],[-69.12886700039586,44.08623100019192],[-69.13331200006729,44.08379499987756],[-69.1334750002739,44.08181399974754],[-69.1030179996549,44.05393499984399],[-69.09125199991247,44.053702000096614],[-69.08692100004386,44.05564800017347],[-69.09110899979733,44.060528000068196],[-69.08078400017858,44.06406399995934],[-69.07900199957305,44.06598399994304],[-69.07835300001796,44.06234399978301],[-69.07274199968415,44.058165000242425],[-69.07351099978817,44.054050000279204],[-69.07599300000244,44.052366999750376],[-69.06577899981345,44.03997800031461],[-69.07233800035142,44.03549099988685],[-69.07275500010294,44.02660299983591],[-69.09620499957202,43.992515000070235],[-69.10385799990401,43.98451299990981],[-69.12007300041415,43.94512400029219],[-69.23655400035044,43.82562599981439]]]}},{"type":"Feature","properties":{"GEOID":"23087","NAME":"State House District 87","BASENAME":"87","STATE":"23","SLDL":"087"},"geometry":{"type":"Polygon","coordinates":[[[-70.47561600033882,44.06993600020923],[-70.47152700031953,44.06667499998572],[-70.4679630000068,44.059104000008944],[-70.46047500042955,44.05430300006313],[-70.45375400040818,44.03880700022011],[-70.4448499999233,44.03493100031838],[-70.43834599963691,44.035770999946834],[-70.4289879995906,44.034285000011224],[-70.43246300021487,44.030196999849444],[-70.4226580002798,44.01851499986807],[-70.43441099960341,44.00723900003986],[-70.40195399971729,43.99010799980285],[-70.3982990000663,43.992093000087635],[-70.39931199966948,43.994750000171116],[-70.39674900016269,43.997131000004984],[-70.39747300006087,43.99854500011246],[-70.39532399993254,44.00309100030849],[-70.36387399980181,43.986444999888356],[-70.28882500038164,44.064781999944756],[-70.29363800029908,44.06527600015305],[-70.2932390000909,44.06933699970969],[-70.29502199962305,44.07384599995662],[-70.30235799976265,44.078812999858236],[-70.30917199967041,44.079766000257486],[-70.31628100002932,44.08434800019857],[-70.3198930000226,44.08328399995183],[-70.3258680004045,44.08731599975506],[-70.3298829999056,44.0864680002366],[-70.33616799990887,44.09051899987628],[-70.3340149995826,44.09256900010701],[-70.34252999990504,44.09001599995911],[-70.34225100024578,44.09192800027088],[-70.33810699997493,44.092633999869484],[-70.34127399972931,44.09431700018301],[-70.34261299974574,44.09895599990882],[-70.34770799969549,44.101579000208474],[-70.35386800002529,44.10093399975654],[-70.36094499969882,44.10588699991632],[-70.36206899963007,44.10429400028351],[-70.36733000015951,44.11000200028961],[-70.37188699998394,44.10978100018636],[-70.37929500009356,44.11247799982944],[-70.38255499973435,44.115440999888925],[-70.38145699974237,44.11861900030696],[-70.38276700034478,44.120751000148786],[-70.3852400003382,44.120757000087565],[-70.39437099970549,44.13336299989848],[-70.39813500003476,44.13310000031851],[-70.3961380002424,44.13504300002546],[-70.39990000002354,44.13763400030585],[-70.39707999970047,44.13903299992636],[-70.40180899995234,44.14365699983185],[-70.47561600033882,44.06993600020923]]]}},{"type":"Feature","properties":{"GEOID":"23064","NAME":"State House District 64","BASENAME":"64","STATE":"23","SLDL":"064"},"geometry":{"type":"Polygon","coordinates":[[[-69.6822489999093,44.54616699974115],[-69.65637999997516,44.55217100025492],[-69.65212100007658,44.551629999769574],[-69.64835199972443,44.55530399981621],[-69.63435900003589,44.55316000021609],[-69.63523899956967,44.55171000002804],[-69.63250899965828,44.55123000002861],[-69.63369500041215,44.549549999904016],[-69.62692599981189,44.54740600022858],[-69.62922499972804,44.5425989999128],[-69.6343120001802,44.53855699980232],[-69.62905800022179,44.53868100015328],[-69.62352600042901,44.54232600010185],[-69.61244299967858,44.54271299984901],[-69.61201900025435,44.54533200005553],[-69.62098700031333,44.54674700010622],[-69.6197310001376,44.550248000192404],[-69.62258599972245,44.551298999692],[-69.61792699979077,44.558074999963594],[-69.60799800000714,44.56471299982188],[-69.59623499973944,44.57586700031093],[-69.66660900023275,44.586153000051475],[-69.66870700030746,44.584813000018826],[-69.67017600002022,44.580010000271464],[-69.66706699999216,44.578226999901624],[-69.67115699983636,44.566244999950015],[-69.66700099986991,44.56579999986786],[-69.6670200001365,44.56390600025091],[-69.66971599971268,44.55771399972374],[-69.6822489999093,44.54616699974115]]]}},{"type":"Feature","properties":{"GEOID":"23039","NAME":"State House District 39","BASENAME":"39","STATE":"23","SLDL":"039"},"geometry":{"type":"Polygon","coordinates":[[[-69.17227499988962,44.39808300025944],[-69.10852400040669,44.337297000292146],[-69.07804800041941,44.35874399980513],[-69.05121000036472,44.34544899991138],[-69.0485130000653,44.341623999872844],[-69.03052900026677,44.33123600016295],[-69.02418700036209,44.324534999814844],[-69.00930900021855,44.32006199996384],[-68.97889000013268,44.27090000029571],[-68.96228899983318,44.286763000267044],[-68.94635399970554,44.30737399991913],[-68.94584900009045,44.316831000032224],[-68.9375730001426,44.33760999973014],[-68.93017599990364,44.34593399983441],[-68.930862000167,44.37507699982993],[-68.93535799989205,44.40507299998359],[-68.95552900035206,44.4004820001259],[-68.95776600034392,44.42859299981759],[-68.96309700029526,44.44787999980022],[-68.96618000038406,44.45754099988175],[-68.96913799990105,44.45718200023435],[-68.97147500035035,44.46649100007242],[-68.97449599961655,44.46619899992812],[-68.98145199981457,44.48730299990306],[-68.97822499978572,44.488851000030635],[-68.98119099969864,44.492010999882424],[-69.1182819995878,44.42982799999267],[-69.10446700017448,44.41549500004851],[-69.1253630003576,44.40620200001429],[-69.15050099982253,44.40366100002658],[-69.17227499988962,44.39808300025944]]]}},{"type":"Feature","properties":{"GEOID":"23014","NAME":"State House District 14","BASENAME":"14","STATE":"23","SLDL":"014"},"geometry":{"type":"Polygon","coordinates":[[[-68.47209999958581,44.34900699977079],[-68.47075399989669,44.335959999909655],[-68.46259900032267,44.32703600016842],[-68.46259000010183,44.324628000048605],[-68.44015200041103,44.314617000109806],[-68.43191800029598,44.31895199988737],[-68.42546699971304,44.32035500010897],[-68.41694800009094,44.327641000224155],[-68.41028200032116,44.32727800003983],[-68.39793200042264,44.32991000024838],[-68.39771599961426,44.31410099971918],[-68.36059300012377,44.318668999782204],[-68.35619100011004,44.32208799973162],[-68.31812100024031,44.30821000023063],[-68.31120199985223,44.31143200007297],[-68.30610899955228,44.302123000059694],[-68.3085320002153,44.29390899988419],[-68.30669699990634,44.28906800025299],[-68.2924809997367,44.281612000152045],[-68.28077899956838,44.27784799968161],[-68.28430299969813,44.264158000126955],[-68.28345900014938,44.246610000313005],[-68.28819699972375,44.23718700021016],[-68.28790999966857,44.228118999856044],[-68.28606500021218,44.22338000013343],[-68.26482800044555,44.19306700022141],[-68.24872300043857,44.195942000290934],[-68.22994000039877,44.20462699976356],[-68.21706300024559,44.207033000165914],[-68.21043199973758,44.20583499994793],[-68.17070200035936,44.18987999985519],[-68.15649000038769,44.194843999983576],[-68.13757900030139,44.20685999972388],[-68.1281469997369,44.217275000085586],[-68.12262599981476,44.22604100001057],[-68.12065999998457,44.244315000004924],[-68.12173700006015,44.250082000133844],[-68.12445299972784,44.25008000024742],[-68.12445299972784,44.254627000008384],[-68.12801600021565,44.26172599973122],[-68.12777600001614,44.264365999917516],[-68.16613600031411,44.291729999728446],[-68.16031499991801,44.30480399973702],[-68.15541900015988,44.32729800026604],[-68.15521199957233,44.34244400020941],[-68.16005499962702,44.35430500002205],[-68.15502300032475,44.36622399978844],[-68.16415600024017,44.37510500030489],[-68.19432599990571,44.38133999981462],[-68.19102100005907,44.390751999745035],[-68.19325600040112,44.39279799971628],[-68.19840700042738,44.394365000271605],[-68.21303399960243,44.39452000017781],[-68.21690900025979,44.397422999899874],[-68.21992799987616,44.40384999990021],[-68.21901300018227,44.410154000076396],[-68.22724899994715,44.4174490003195],[-68.22596199980926,44.42853099996186],[-68.21723099957674,44.443282000312],[-68.24755299957825,44.452609999970804],[-68.24908999996138,44.457984999963],[-68.25466899960982,44.465966999966525],[-68.25615800031238,44.479453999844836],[-68.26390000033284,44.488789999763206],[-68.26640900031128,44.49632799979561],[-68.27176299982882,44.50007600028709],[-68.27437899993738,44.504549000051924],[-68.29953700039212,44.51402400025527],[-68.3032239998302,44.5278470000763],[-68.37054700002174,44.51826300019781],[-68.3860810002914,44.52595099984978],[-68.38927300016014,44.51572700024166],[-68.37595599979088,44.50193500008184],[-68.37021300011091,44.49667000024005],[-68.35954700001032,44.4991350000667],[-68.35695799966594,44.494208999808706],[-68.35178900009632,44.491010999732886],[-68.35363699992577,44.480595999841604],[-68.35708900008551,44.474970999745416],[-68.35540199991453,44.46268200004182],[-68.35264100004102,44.45925799991017],[-68.35177999987549,44.45497299976121],[-68.34306299988668,44.44395800025074],[-68.34972500035681,44.440475999832415],[-68.3524629997658,44.433757000179945],[-68.35761499961697,44.429446999809116],[-68.35430899994542,44.42403999987348],[-68.36067799961427,44.420623000174245],[-68.36932600000611,44.42326000005043],[-68.3781049999192,44.41641199980226],[-68.37446199996376,44.40693900006971],[-68.37446199996376,44.401946999693536],[-68.38856599998039,44.39549100015809],[-68.40177799986937,44.39560600025473],[-68.41983700001096,44.385576000235936],[-68.43971200019499,44.38465299978936],[-68.45115599972213,44.3721319997824],[-68.47114300005913,44.36203500029415],[-68.47209999958581,44.34900699977079]]]}},{"type":"Feature","properties":{"GEOID":"23025","NAME":"State House District 25","BASENAME":"25","STATE":"23","SLDL":"025"},"geometry":{"type":"Polygon","coordinates":[[[-68.71633099998168,44.86061999969201],[-68.69618700018415,44.84526599972494],[-68.67442599963755,44.85827200023728],[-68.67111400011822,44.868457999755925],[-68.66179299988181,44.88060600003364],[-68.64235200006607,44.89511199970374],[-68.63827599956727,44.900351999952726],[-68.63762399963912,44.90401799992531],[-68.65677499992495,44.901263999847046],[-68.66001299982443,44.91235600015871],[-68.67841699974754,44.90975300016811],[-68.68120299973542,44.90478300025264],[-68.68465400007024,44.90553999972181],[-68.6814549996305,44.903315000255894],[-68.67610500031091,44.88799200023487],[-68.67870800000068,44.88484200004717],[-68.67215699985864,44.883496999751515],[-68.68410400024932,44.86677499999443],[-68.69043100008541,44.86745899982385],[-68.70220500022374,44.87303100017176],[-68.70879400000064,44.865270999974896],[-68.71633099998168,44.86061999969201]]]}},{"type":"Feature","properties":{"GEOID":"23024","NAME":"State House District 24","BASENAME":"24","STATE":"23","SLDL":"024"},"geometry":{"type":"Polygon","coordinates":[[[-68.80280399973583,44.90074100017686],[-68.7952190000742,44.87351899982694],[-68.74437900018138,44.880181000139956],[-68.72088199995832,44.86373799974515],[-68.73530399999227,44.85136599983702],[-68.76366099998847,44.81810599978846],[-68.76116500042882,44.806114000022866],[-68.75906399998107,44.803249999982164],[-68.76580699974375,44.80000400026266],[-68.76135399967637,44.79705200029963],[-68.74327899964125,44.804917000307725],[-68.73889400024427,44.80811099994979],[-68.74081599969357,44.80846699978592],[-68.73857799987678,44.81015399970068],[-68.72342799974669,44.81837299995872],[-68.69837899997019,44.82093900029354],[-68.69612299971175,44.82460100018475],[-68.70055200038796,44.83059000025024],[-68.70091899991077,44.833624999712335],[-68.70012300004255,44.83902400000139],[-68.69618700018415,44.84526599972494],[-68.71655100008971,44.86049100009846],[-68.70879400000064,44.865270999974896],[-68.70220500022374,44.87303100017176],[-68.69043100008541,44.86745899982385],[-68.68410400024932,44.86677499999443],[-68.67215699985864,44.883496999751515],[-68.67870800000068,44.88484200004717],[-68.67610500031091,44.88799200023487],[-68.68225600041988,44.90417899969056],[-68.71340699990155,44.91191699968477],[-68.71290099956326,44.91290099979124],[-68.78714099959475,44.901312000278004],[-68.78721500011292,44.89756200026966],[-68.7910849998491,44.89801100029252],[-68.79395500040086,44.902844999842706],[-68.80122899971788,44.900044999955824],[-68.80280399973583,44.90074100017686]]]}},{"type":"Feature","properties":{"GEOID":"23011","NAME":"State House District 11","BASENAME":"11","STATE":"23","SLDL":"011"},"geometry":{"type":"Polygon","coordinates":[[[-67.92517799997783,44.341433999850615],[-67.91669100014278,44.33351199985332],[-67.89815099977724,44.32212599985441],[-67.87444299966698,44.31692499971549],[-67.8583360000102,44.31702399969769],[-67.84228600025482,44.32047600013242],[-67.82372800034594,44.327038000006816],[-67.80968999955323,44.33651000029682],[-67.80079600001241,44.34748499990411],[-67.79526199967148,44.361165000186006],[-67.79604199964616,44.37952299970175],[-67.8055689997469,44.39101500021137],[-67.79899400021371,44.39836400026914],[-67.78833700033394,44.40218900029128],[-67.77474999962794,44.41131399999717],[-67.75856699980318,44.39826200030285],[-67.74174399974582,44.39083099989213],[-67.72953100011465,44.387702000159116],[-67.71532900018872,44.38650099998859],[-67.6958189998777,44.38769599979031],[-67.67938599980768,44.39187899991935],[-67.67464200038552,44.39463400020704],[-67.6549789999136,44.38670700002825],[-67.62741299976275,44.38347299989961],[-67.61003300021181,44.3857829998802],[-67.56758499971947,44.397209000301224],[-67.553655999605,44.40316999976952],[-67.54958300037757,44.40662400031673],[-67.51278499967879,44.42065200028174],[-67.4926159997669,44.432219999762154],[-67.47302699981316,44.448339000033386],[-67.46688199955197,44.457317000298175],[-67.45524100038135,44.46487300014646],[-67.4490159997542,44.47260699968547],[-67.44422700012619,44.48112599975869],[-67.44171800014776,44.49023300007687],[-67.44124899961938,44.50117500021165],[-67.44339600009788,44.50527899969652],[-67.41387800036051,44.50964000025924],[-67.38878900040105,44.520208999709226],[-67.41120600017547,44.553949999745605],[-67.41868399970696,44.569322000298655],[-67.4242690001015,44.573927999785745],[-67.4256270003845,44.58108599981505],[-67.4227629996805,44.58466500016643],[-67.42224600036988,44.59157200009362],[-67.41931800009176,44.59676200002412],[-67.42468800040116,44.60600100013775],[-67.42360100027982,44.61054999992656],[-67.42495600018975,44.617059000126595],[-67.4316400004012,44.625649999970285],[-67.43682599968925,44.62706699986553],[-67.44289599960737,44.63578300012788],[-67.44062900037659,44.647891999903536],[-67.43794200012292,44.65160000000233],[-67.44085899963204,44.65552899974283],[-67.44095900008948,44.658406999988024],[-67.43376299969194,44.666594999821285],[-67.43184100024267,44.66644200008213],[-67.43974899994447,44.687332999858725],[-67.41874399998143,44.69055899979954],[-67.42042199993156,44.69504399969516],[-67.4154340001119,44.695779999986115],[-67.42143399970983,44.71475400015777],[-67.42979900024446,44.7144599998436],[-67.43240100010931,44.72919200023734],[-67.44446899997553,44.72282199982625],[-67.44455699983907,44.7248209997684],[-67.48581600010283,44.72199099976268],[-67.4946009998637,44.72689600012706],[-67.50685600022598,44.72482500030823],[-67.50897900041504,44.72901599972282],[-67.50903999961609,44.73354499998654],[-67.54995499992324,44.80266000018541],[-67.57959499985935,44.79522799969768],[-67.58361100008369,44.80152099992468],[-67.70103799967603,44.76596299980673],[-67.7006750003512,44.76048099972594],[-67.69057699961485,44.7302349998377],[-67.73299599979487,44.723777000042745],[-67.73910599989594,44.74067000011372],[-67.75485699990058,44.73783300023533],[-67.75687999963222,44.739230999819],[-67.76008800029278,44.73688699978363],[-67.78151000000736,44.7329739998346],[-67.77717400011586,44.71740799979513],[-67.87979799990774,44.70224199992284],[-67.89205699956966,44.69915800006281],[-67.86987699962172,44.628672000068875],[-67.86070299969842,44.62949400005439],[-67.85618900043,44.614788999971765],[-67.91941100000842,44.60448399972313],[-67.91044299994942,44.56090200029072],[-67.89319300009481,44.49471600014194],[-67.88686799990856,44.495703999841645],[-67.88231799975684,44.49875199984664],[-67.88188400028687,44.4970319998929],[-67.88469500038912,44.49405299990374],[-67.8829630000123,44.488225999805614],[-67.88903499958025,44.486798000004356],[-67.88241599966612,44.47696599995418],[-67.87375800012686,44.45511199971333],[-67.879387000004,44.44951000019835],[-67.88248099996345,44.44207699994955],[-67.87907200035974,44.42505899995437],[-67.88083300015056,44.42072799974304],[-67.87918100013968,44.40852100031466],[-67.88393299995776,44.387132999786324],[-67.92517799997783,44.341433999850615]]]}},{"type":"Feature","properties":{"GEOID":"23049","NAME":"State House District 49","BASENAME":"49","STATE":"23","SLDL":"049"},"geometry":{"type":"Polygon","coordinates":[[[-69.89598300040149,43.86713400019622],[-69.8949280000672,43.86429700000941],[-69.88602799978028,43.85593499978798],[-69.87487899980592,43.85140199984879],[-69.87611900008814,43.83715700031344],[-69.86998800007065,43.817264999689485],[-69.88124599982496,43.79596200002257],[-69.88734500005538,43.78793700014743],[-69.88813900027378,43.70489400001841],[-69.88189500027839,43.636466000190055],[-69.85521200003438,43.6469469999507],[-69.84167399973217,43.64493599973317],[-69.82752299985987,43.64495899974806],[-69.8088260000338,43.64733999968676],[-69.79358999968998,43.65313999980618],[-69.78657599976566,43.65813100015902],[-69.77579699968716,43.65558600028865],[-69.74948800043526,43.65398500010971],[-69.73039599970068,43.65727300010279],[-69.70833700012656,43.66822200031679],[-69.69922000010466,43.67586000017911],[-69.6933929998608,43.683380999827385],[-69.68632899970775,43.698200000210086],[-69.67326800032984,43.70418200010768],[-69.66474499961147,43.71174800021835],[-69.69189900003369,43.780963000049546],[-69.69566599983767,43.795036000120504],[-69.69758499981224,43.80845299971834],[-69.69772000042975,43.82987699992894],[-69.69559999971544,43.83674200003865],[-69.68918199964278,43.84499199995975],[-69.6901759998777,43.85336900026354],[-69.69207599958568,43.85717500019613],[-69.7143810001054,43.850603999906205],[-69.72221299963924,43.85243200006957],[-69.7248070000065,43.85981399971805],[-69.73023199966914,43.86783800000673],[-69.72924099980729,43.876207000045255],[-69.7435330001449,43.89353700011541],[-69.72990899962895,43.908633999858516],[-69.7152459995706,43.91718999986003],[-69.70742099970944,43.927251000117145],[-69.72365799996088,43.93243400028425],[-69.72499600015239,43.93462699993765],[-69.72283799980323,43.94020900007394],[-69.72201900036882,43.95858600007624],[-69.71889899957178,43.96268500031885],[-69.72096400003453,43.965040000266676],[-69.71970700003386,43.97106199985834],[-69.71153800021612,43.985176999956494],[-69.70763099977172,43.99581099994775],[-69.70248099957037,44.00085800026587],[-69.70009700016371,44.00668500028314],[-69.81354900043789,44.02601099991051],[-69.8219629995797,44.013845000000856],[-69.82017000000184,44.00617799979229],[-69.82120799971938,44.00278100023143],[-69.82440399978609,44.00050300025098],[-69.8323059996401,43.98865500022524],[-69.83939300025767,43.98564600001395],[-69.82615700007928,43.97771600029865],[-69.82645199963206,43.972509000024566],[-69.82473500022218,43.9683400000136],[-69.82922400027454,43.95676000030729],[-69.82603200040582,43.954591000144134],[-69.81731399969377,43.952623000014604],[-69.80946200006844,43.944950000239714],[-69.8081210004022,43.91069600024878],[-69.81054599981674,43.89610599999066],[-69.81047600039486,43.882569999877944],[-69.8241100000582,43.875714999837555],[-69.82427300026482,43.86804700008022],[-69.83166299993277,43.86662500018354],[-69.83362700011318,43.86805199977862],[-69.83096199960082,43.870956999735505],[-69.8326000002663,43.87549200010733],[-69.82989499957095,43.880372999738604],[-69.83072499977436,43.8822129998367],[-69.82859800028567,43.888661999934435],[-69.84176599979368,43.88751599991086],[-69.83628500005454,43.89932899990166],[-69.83134300026563,43.90473999993978],[-69.83418299978189,43.90654300029845],[-69.84181299964935,43.925182999757475],[-69.85023500008539,43.925462000053706],[-69.86248000040192,43.93157899999748],[-69.86482500034883,43.91938400027878],[-69.86871099997852,43.9107960002216],[-69.87754400031828,43.89919100023691],[-69.88208199987614,43.89033699976423],[-69.89097399976714,43.883208999708394],[-69.89598300040149,43.86713400019622]]]}},{"type":"Feature","properties":{"GEOID":"23002","NAME":"State House District 2","BASENAME":"2","STATE":"23","SLDL":"002"},"geometry":{"type":"Polygon","coordinates":[[[-68.58197000000392,46.92299900028334],[-68.57942800041351,46.91816999981875],[-68.56335099999565,46.90822500009491],[-68.5231269999747,46.893020000253344],[-68.52126900009954,46.879553999814604],[-68.51399700043234,46.87939999981743],[-68.50361500001387,46.86191099982534],[-68.49815000016824,46.830846000120275],[-68.4414810003817,46.83186899971899],[-68.44013099959632,46.74485399973805],[-68.30053099972875,46.745238000234345],[-68.3001900001452,46.83450699974563],[-68.17729799980893,46.837037999965965],[-68.17869600027491,46.928859999927546],[-68.30015499998511,46.926445000159454],[-68.30197500022545,47.01744400017064],[-68.17896999991129,47.02052899984801],[-68.17944000026458,47.110910999807246],[-68.06013800018032,47.111640999900594],[-68.05963600003997,47.1347320002676],[-67.92734600037274,47.13561200016967],[-67.92739099968026,47.14797600024622],[-67.92201399969818,47.151989000207415],[-67.92866299974953,47.156218999857636],[-67.93690199988744,47.16606399997234],[-67.93880900016644,47.17093300008033],[-67.95146399966347,47.183464000167135],[-67.95194499988742,47.194533999878615],[-67.95721800011242,47.19961899983613],[-67.97320299957046,47.206789999901524],[-67.98970299958764,47.21002200005557],[-68.0196709995868,47.238497999695795],[-68.05917599973243,47.25518399999922],[-68.07399299977659,47.25915899970886],[-68.08194400003444,47.27099299996389],[-68.09230299998836,47.27655099998416],[-68.12093600016908,47.28742999973824],[-68.127492000334,47.29399899995709],[-68.1358910003055,47.2956479997568],[-68.15221100039761,47.309670000235414],[-68.15386900025625,47.3132989999669],[-68.15233199987313,47.32205199986295],[-68.15468000019308,47.32518499986561],[-68.15998500020514,47.32717399985997],[-68.17604500000625,47.328869999761515],[-68.2023509997834,47.33941600010931],[-68.21453300035073,47.339606000019074],[-68.2237189999696,47.344703999821974],[-68.22471499985436,47.35024899975616],[-68.22812099998333,47.353357999970996],[-68.23446899973578,47.35530100014907],[-68.24797299970281,47.35211799970357],[-68.26490799991315,47.35221700003242],[-68.28479800016578,47.360285999927214],[-68.29034400020225,47.35991000016012],[-68.30326200036335,47.35523799977029],[-68.32766800043252,47.36006800029803],[-68.36312999969128,47.354657000101874],[-68.37187900036548,47.34935700011501],[-68.37772300032779,47.34355099976417],[-68.38471499961248,47.32408099990311],[-68.38084400005141,47.30822599982868],[-68.38478699958252,47.30366099971242],[-68.38389299980501,47.30115399996299],[-68.37631999983896,47.29518399982059],[-68.37472499972951,47.29101500027297],[-68.37785800004701,47.287375000138006],[-68.3899669999211,47.28598000018715],[-68.41509699988845,47.287454999980746],[-68.4298069998025,47.28125899985206],[-68.4413049997563,47.28367000008915],[-68.45267899986156,47.282532000193534],[-68.45848600001393,47.28436699978131],[-68.46166399963899,47.28915299991183],[-68.48214899991835,47.277184999960404],[-68.480448000402,47.25748000022048],[-68.48132499956274,47.24824399977363],[-68.44566099973926,47.24764599989397],[-68.44458200001385,47.10638500013455],[-68.56402499966512,47.10391800028393],[-68.56309699955243,46.923233000238625],[-68.58197000000392,46.92299900028334]]]}},{"type":"Feature","properties":{"GEOID":"23031","NAME":"State House District 31","BASENAME":"31","STATE":"23","SLDL":"031"},"geometry":{"type":"Polygon","coordinates":[[[-69.29855900011115,45.260705999837825],[-69.27654300019476,45.17758200008146],[-69.2562150002742,45.179478999770694],[-69.23202099991715,45.09016600031682],[-68.85658699997539,45.14278299974544],[-68.88092299972435,45.2249470000834],[-68.77606100011569,45.24031700004761],[-68.83120599993786,45.442430000015435],[-69.0823690002423,45.40577699983248],[-69.02953300038203,45.213161999986816],[-69.036333999871,45.206734000079756],[-69.0444089999774,45.207802000168655],[-69.04577599958292,45.206595999853405],[-69.0455210002131,45.20355799994702],[-69.04894999990832,45.20248999992965],[-69.06289400009138,45.205912000091054],[-69.06422700026002,45.20338699971525],[-69.0700629998264,45.20199300009146],[-69.08359000025794,45.205341000209835],[-69.09337900029948,45.20383899984815],[-69.10844800023872,45.20716999976],[-69.11671499996574,45.20193200029233],[-69.11434099970653,45.198234999969436],[-69.1202030001105,45.19665899991686],[-69.11966699963497,45.1926440001479],[-69.12235800008659,45.190868000206805],[-69.12494300023302,45.19178299985039],[-69.12839200001972,45.196396000036344],[-69.132328999703,45.19721199981165],[-69.16157600017706,45.19316900022092],[-69.18084499956534,45.26471100030982],[-69.18603300029984,45.26531899984043],[-69.1902190004035,45.263668999858304],[-69.19123200000669,45.265013000102364],[-69.20136599982973,45.2664410001526],[-69.19989100026919,45.2646160001308],[-69.2071160000807,45.2647559997401],[-69.2068480002921,45.2679699999458],[-69.20340000033032,45.2677469997449],[-69.2033219996142,45.26916900022258],[-69.19719099959673,45.271762999783014],[-69.20196000003158,45.272633000170906],[-69.2083270000506,45.269906999984926],[-69.22224000027154,45.26942200020602],[-69.22446499966952,45.2667800002054],[-69.23756699995361,45.26552500004507],[-69.24716299965132,45.26767800006655],[-69.29855900011115,45.260705999837825]]]}},{"type":"Feature","properties":{"GEOID":"23118","NAME":"State House District 118","BASENAME":"118","STATE":"23","SLDL":"118"},"geometry":{"type":"Polygon","coordinates":[[[-70.2794110002588,43.66139000012657],[-70.27413399983585,43.65782299991633],[-70.2727510003368,43.654102999836745],[-70.2682239997513,43.653029999857324],[-70.26317300018246,43.65395999975225],[-70.25104900023976,43.663278999723175],[-70.25592900010436,43.671406000220394],[-70.25655699974308,43.67688799983678],[-70.27135500041899,43.670606000009215],[-70.26622600013403,43.667266000311606],[-70.26636800042425,43.663138999760605],[-70.27022599956653,43.661938999778926],[-70.2755249997308,43.66531600012998],[-70.27470000044862,43.66474199974986],[-70.2794110002588,43.66139000012657]]]}},{"type":"Feature","properties":{"GEOID":"23132","NAME":"State House District 132","BASENAME":"132","STATE":"23","SLDL":"132"},"geometry":{"type":"Polygon","coordinates":[[[-70.47135599971699,43.482956999948215],[-70.46092599961796,43.47720100025393],[-70.45608699976121,43.47210299970118],[-70.451375999951,43.47338800025348],[-70.4507490001372,43.47723000023422],[-70.4424919995576,43.48143800027198],[-70.4422389998376,43.48505399971148],[-70.43856400009513,43.48624299980444],[-70.43520200034706,43.49013499975491],[-70.44880400022336,43.49303700019935],[-70.45231400010942,43.49470299996379],[-70.4518539998019,43.49732999967832],[-70.45528099984726,43.49756899995833],[-70.46201699993725,43.49249500020561],[-70.46667599986891,43.49281800002041],[-70.46823800036643,43.491158999759875],[-70.46089999967867,43.48741499969471],[-70.47135599971699,43.482956999948215]]]}},{"type":"Feature","properties":{"GEOID":"23023","NAME":"State House District 23","BASENAME":"23","STATE":"23","SLDL":"023"},"geometry":{"type":"Polygon","coordinates":[[[-68.84322000027572,44.867068000066666],[-68.81879800031302,44.855170000092095],[-68.80600700037354,44.85125999979349],[-68.80457799994545,44.84982999973634],[-68.80487500004637,44.84452900004682],[-68.80339700011277,44.841200000025616],[-68.80513600016228,44.83287700016252],[-68.80377100020658,44.82807899970396],[-68.7975420002798,44.822828000299275],[-68.78316600027661,44.81591100010099],[-68.77751800013289,44.81171200012032],[-68.77658499999733,44.809329999791665],[-68.77210099996785,44.80993200008401],[-68.77128599983305,44.80690399971498],[-68.76197299999258,44.80936399990783],[-68.76366099998847,44.81810599978846],[-68.76216899981117,44.820201999763476],[-68.73530399999227,44.85136599983702],[-68.72088199995832,44.86373799974515],[-68.74437900018138,44.880181000139956],[-68.84322000027572,44.867068000066666]]]}},{"type":"Feature","properties":{"GEOID":"23013","NAME":"State House District 13","BASENAME":"13","STATE":"23","SLDL":"013"},"geometry":{"type":"Polygon","coordinates":[[[-68.63976400044493,44.636683999722415],[-68.5789630000831,44.58159199984363],[-68.59594099995115,44.55693699983137],[-68.58729599993235,44.55240500028651],[-68.57572299963547,44.55215999991294],[-68.56694100024765,44.544590999724754],[-68.5546239999611,44.54570099984633],[-68.54765699989242,44.5440759999699],[-68.53562800038429,44.53659999969416],[-68.51824499956196,44.529973999714976],[-68.51731899999741,44.52781899972745],[-68.47254399999981,44.51334700004186],[-68.45569800037624,44.503576000009794],[-68.43026999958477,44.50160699983559],[-68.42883600003209,44.49421700003902],[-68.43175900028731,44.47952200006304],[-68.43464800020735,44.47592599997129],[-68.42537600037475,44.47243100030985],[-68.40238700013983,44.47820099993551],[-68.38411200008814,44.53226400023036],[-68.3960009998542,44.57903800015085],[-68.2908339997487,44.59374699985796],[-68.30367800028995,44.63711499981251],[-68.28122600035545,44.64025699985222],[-68.31113300025524,44.75993899994444],[-68.31261200001374,44.75631500022743],[-68.3120880001321,44.75007399998099],[-68.31582099960092,44.74732300019933],[-68.32278299964672,44.749368000052186],[-68.3320460001568,44.74900799979413],[-68.33619200007749,44.7510080002861],[-68.3473179995873,44.74952399997803],[-68.35118700039688,44.75191799988842],[-68.35686200030477,44.75141900024448],[-68.35771199970135,44.74486699985063],[-68.3689080004297,44.742141000174804],[-68.37030199979938,44.73919500008944],[-68.38453700023557,44.729933999999155],[-68.38892300035577,44.720501000146626],[-68.38436099961017,44.7180909999518],[-68.38205900021927,44.71916399989199],[-68.3720579995673,44.717938999848016],[-68.36966800031287,44.71337000021869],[-68.37115200009426,44.70395299992486],[-68.36842800003066,44.695794999959844],[-68.37039700023394,44.68788400007381],[-68.36930799956446,44.683866999774565],[-68.37322800042766,44.68097200023646],[-68.37246699982121,44.67410400019576],[-68.37020600043823,44.6736549997918],[-68.37434099958995,44.66329800009374],[-68.37265400031728,44.66159099997544],[-68.37379800034005,44.65920700004663],[-68.3756110000094,44.658748999905356],[-68.37801399968261,44.66145399968154],[-68.38317700030277,44.65788999979032],[-68.38486000027575,44.649913999922575],[-68.38868599963101,44.64367299969616],[-68.40075799969517,44.63781799990795],[-68.39932199959436,44.63560999998752],[-68.39020999959534,44.63212200007785],[-68.39171900038939,44.624887999708264],[-68.40712800008725,44.62271800006161],[-68.41868100029265,44.66614299976856],[-68.55426800030894,44.648467999952615],[-68.55512299972838,44.65136500026087],[-68.56839800026485,44.6495169999524],[-68.56773600029094,44.646300999939164],[-68.63976400044493,44.636683999722415]]]}},{"type":"Feature","properties":{"GEOID":"23044","NAME":"State House District 44","BASENAME":"44","STATE":"23","SLDL":"044"},"geometry":{"type":"Polygon","coordinates":[[[-69.37375499984444,44.21222499982684],[-69.37184400026581,44.21089799972767],[-69.37245400036117,44.208753999807236],[-69.36945300028815,44.207908000066745],[-69.3721749998036,44.20540500018758],[-69.33767199972132,44.20937000017527],[-69.30366099973362,44.13267699996645],[-69.3115020003866,44.095490000033905],[-69.30614100029806,44.094091000095474],[-69.303729000404,44.096384999873486],[-69.28202700030695,44.06452299991305],[-69.28222499977535,44.05477199981218],[-69.20588300036951,44.06586000021954],[-69.21127600024509,44.069136000200835],[-69.21356699976533,44.07439500025158],[-69.21910699995402,44.078968000076614],[-69.2143950003189,44.08035400029659],[-69.21388700033079,44.08473499978258],[-69.2076090000002,44.08473499978258],[-69.21018300027596,44.09118799989369],[-69.20278500021207,44.0991560001264],[-69.2000820000649,44.099350000136255],[-69.19972600041274,44.10370799988473],[-69.19749000024578,44.1041349999757],[-69.19727900035859,44.10689100003215],[-69.19536100020895,44.10688100015233],[-69.19389699962073,44.11291099986673],[-69.16054799960695,44.17259099971173],[-69.16470600012151,44.175520000190744],[-69.16630200005588,44.174374999781755],[-69.17621300029616,44.1815529997374],[-69.17435200004792,44.18297900029765],[-69.19662900008024,44.199228999679924],[-69.12162199959454,44.25564400026301],[-69.1875790000055,44.30457200018738],[-69.25494599967968,44.241643999773785],[-69.32766400029497,44.29454599980344],[-69.32751299978392,44.29187300009307],[-69.33018599979388,44.29098300005067],[-69.32837899997232,44.28775600021692],[-69.32920599980267,44.285169999943726],[-69.33673399956288,44.278377999919456],[-69.3353400001932,44.27560899981375],[-69.33761200034519,44.274378000133005],[-69.33591799960321,44.27117699970168],[-69.33181500023854,44.269479000186045],[-69.33075300023155,44.26695199984178],[-69.33176699965964,44.26553599982245],[-69.32612799973674,44.26383199991481],[-69.32643700043154,44.2611030001225],[-69.32408999993649,44.25881399986274],[-69.3307210004445,44.256662000132096],[-69.3308550003388,44.25528400025368],[-69.33438000029346,44.25443600021498],[-69.33441499955525,44.255679000101686],[-69.33618000044234,44.255556000006735],[-69.33759700027657,44.2533099997087],[-69.33636799986499,44.25081999990789],[-69.33958300019826,44.250197999864234],[-69.33998800025422,44.24753200027967],[-69.34232099960725,44.24554499989351],[-69.34154499983053,44.24462000020663],[-69.34442899972768,44.24278299990412],[-69.34281299970185,44.242923000146455],[-69.34328999972782,44.241818999873196],[-69.34500299983806,44.24199400009564],[-69.3461119997007,44.23925800016879],[-69.3449850002947,44.23385999981377],[-69.34652199977954,44.23366600014241],[-69.34404399976323,44.23302500030054],[-69.34623999974721,44.23147000019975],[-69.34330700034457,44.22949799984057],[-69.34750000012092,44.227153999990456],[-69.3446399996149,44.22574000019838],[-69.34881099964994,44.22598800000772],[-69.34907400031398,44.2283729998841],[-69.35702200019878,44.22722299974758],[-69.35920899996194,44.22485799998519],[-69.3611289997614,44.22511300029038],[-69.3595589997663,44.2240819997942],[-69.36084300042945,44.22206999973852],[-69.35941300017643,44.22112099973789],[-69.36157800019829,44.21997899997859],[-69.36196700036072,44.2163769999998],[-69.36532300026099,44.2159610001824],[-69.36802800005802,44.21765400002495],[-69.36786099965342,44.21627699981677],[-69.37091500032822,44.21599699968848],[-69.37375499984444,44.21222499982684]]]}},{"type":"Feature","properties":{"GEOID":"23050","NAME":"State House District 50","BASENAME":"50","STATE":"23","SLDL":"050"},"geometry":{"type":"Polygon","coordinates":[[[-69.87465700004807,43.953589999716314],[-69.85703200027473,43.944742000237305],[-69.85935899977997,43.936814999833366],[-69.86112499959366,43.935910999710615],[-69.86082099982004,43.93283799983139],[-69.86248000040192,43.93157899999748],[-69.85023500008539,43.925462000053706],[-69.84163799974715,43.92500400013058],[-69.83418299978189,43.90654300029845],[-69.83134300026563,43.90473999993978],[-69.83628500005454,43.89932899990166],[-69.84176599979368,43.88751599991086],[-69.82859800028567,43.888661999934435],[-69.83072499977436,43.8822129998367],[-69.82989499957095,43.880372999738604],[-69.8326000002663,43.87549200010733],[-69.83096199960082,43.870956999735505],[-69.83362700011318,43.86805199977862],[-69.83166299993277,43.86662500018354],[-69.82521999974577,43.86747300018155],[-69.82326800015925,43.86902700030586],[-69.8241100000582,43.875714999837555],[-69.81047600039486,43.882569999877944],[-69.80800599987614,43.92570100005997],[-69.8098119998728,43.945581999861666],[-69.81731399969377,43.952623000014604],[-69.82664699962572,43.954812000284385],[-69.82948299984231,43.9573259999352],[-69.82473500022218,43.9683400000136],[-69.82645199963206,43.972509000024566],[-69.82631000024016,43.97806600007577],[-69.83939300025767,43.98564600001395],[-69.8631130000635,43.9769249997057],[-69.86510499983298,43.97467199976877],[-69.86735299969551,43.96245599994825],[-69.87465700004807,43.953589999716314]]]}},{"type":"Feature","properties":{"GEOID":"23056","NAME":"State House District 56","BASENAME":"56","STATE":"23","SLDL":"056"},"geometry":{"type":"Polygon","coordinates":[[[-70.10190600037792,44.14510700023621],[-70.1018479997533,44.13767999978308],[-70.06423300016822,44.1325139999153],[-70.06194500012272,44.13350599976697],[-70.0560230003426,44.13268699999449],[-70.05613299994747,44.13143600010554],[-70.03060700014498,44.12792799970344],[-70.02944999970346,44.13094499986833],[-70.01173200004368,44.128011000110995],[-70.01243500002546,44.12543399980265],[-69.89778299965204,44.107662000314335],[-69.89838199987676,44.111276000062084],[-69.89592899997483,44.11321299976791],[-69.8939630001446,44.11846400016835],[-69.89449500042217,44.1239069998925],[-69.87960300003492,44.15168999981055],[-69.87008500015503,44.1576190001145],[-69.86621600024377,44.16208199995091],[-69.85599500038211,44.16802500001455],[-69.84808699978198,44.17051499996867],[-69.85588099968098,44.17925699988058],[-69.86033600029646,44.17889999986295],[-69.86741100032015,44.181619000003245],[-69.88043499988814,44.179966999845284],[-69.89419900014616,44.18276800002452],[-69.8979759999959,44.189611999898325],[-69.89524299971147,44.194598999829104],[-69.89686799995815,44.201973000163726],[-69.89968099971021,44.203338000124596],[-69.90073799969431,44.20705200010531],[-69.91164300016952,44.21017499981386],[-69.91456200022678,44.21742600018393],[-69.92210300040581,44.223896999712],[-69.92051400014412,44.226692000148695],[-69.91562500005868,44.22707799974455],[-69.91299700025455,44.23264999985911],[-69.94719099964203,44.238299999876816],[-69.93741800039233,44.267676000021645],[-69.98289399982356,44.275122000172736],[-69.98910699985682,44.27217000001922],[-69.98974500043958,44.26707699985047],[-70.00604100024226,44.269469000192096],[-70.00433700035286,44.278393000208546],[-70.07425999986113,44.290154000030086],[-70.07574700001555,44.20616799995833],[-70.08839700038804,44.21256200016121],[-70.08088700017117,44.19548200009604],[-70.0848389999231,44.19007000018714],[-70.09017300024747,44.16676199995752],[-70.10190600037792,44.14510700023621]]]}},{"type":"Feature","properties":{"GEOID":"23020","NAME":"State House District 20","BASENAME":"20","STATE":"23","SLDL":"020"},"geometry":{"type":"Polygon","coordinates":[[[-68.78720099986923,44.76780000016977],[-68.76381999999712,44.75598799993706],[-68.76760299969465,44.75388499985864],[-68.73513800031091,44.74007699977367],[-68.68462099955997,44.80083099982262],[-68.69028399977232,44.80334000020939],[-68.68678599958182,44.80469899976679],[-68.69837899997019,44.82093900029354],[-68.72294499987294,44.818539000021204],[-68.73857799987678,44.81015399970068],[-68.74081599969357,44.80846699978592],[-68.73889400024427,44.80811099994979],[-68.74475199955197,44.80413499983656],[-68.76135399967637,44.79705200029963],[-68.76409500035673,44.79899300025604],[-68.76717300042266,44.79704099981004],[-68.77203300019578,44.791451000298544],[-68.7762739996527,44.78246200023223],[-68.78565099996561,44.774527000270425],[-68.78720099986923,44.76780000016977]]]}},{"type":"Feature","properties":{"GEOID":"23007","NAME":"State House District 7","BASENAME":"7","STATE":"23","SLDL":"007"},"geometry":{"type":"Polygon","coordinates":[[[-68.16730999957578,46.12349700026107],[-68.167199000146,46.03758399975872],[-68.03996300042064,46.03869199983244],[-68.0400520001091,45.99085599993725],[-67.91188499989802,45.993074000253],[-67.90655999979447,46.09526199986461],[-67.78121899975423,46.096182999978716],[-67.78143499966428,46.18616499996093],[-67.9036549999809,46.18548400029247],[-67.90379600044622,46.18961599974821],[-68.04113300038266,46.18738600000467],[-68.03968899988594,46.12282500003428],[-68.16730999957578,46.12349700026107]]]}},{"type":"Feature","properties":{"GEOID":"23019","NAME":"State House District 19","BASENAME":"19","STATE":"23","SLDL":"019"},"geometry":{"type":"Polygon","coordinates":[[[-68.84085500023733,44.70929599995028],[-68.8365450002851,44.700075999681864],[-68.83783400007282,44.694010000071664],[-68.83561299997446,44.69132000022862],[-68.81868299978699,44.6873599999149],[-68.81579300004204,44.68375400023509],[-68.79779900019776,44.688828000132425],[-68.79695499975065,44.68708899991577],[-68.79427199969496,44.68784100001259],[-68.79289000002082,44.68549300029912],[-68.78598300022662,44.686651000298056],[-68.78512100023617,44.678439000099104],[-68.76633599964825,44.675706000075074],[-68.7719009999513,44.664447999807045],[-68.74395300020903,44.66057899991546],[-68.7268930003252,44.69612600030709],[-68.71386700020909,44.703623999990995],[-68.69101500024149,44.72170500007062],[-68.64713400002141,44.70363600026015],[-68.61667300010275,44.74099199974428],[-68.55478799999263,44.74873400020031],[-68.5705060003853,44.80564399977645],[-68.55986000037618,44.8175850002064],[-68.6718589999328,44.86642999984238],[-68.67442599963755,44.85827200023728],[-68.69597799994678,44.84544100031055],[-68.70020099986037,44.83863300015001],[-68.70066100016791,44.83091000028647],[-68.69606699963524,44.82428100016503],[-68.69874200019335,44.82146599985142],[-68.68678599958182,44.80469899976679],[-68.69028399977232,44.80334000020939],[-68.68462099955997,44.80083099982262],[-68.73513800031091,44.74007699977367],[-68.76760299969465,44.75388499985864],[-68.76381999999712,44.75598799993706],[-68.7875459996507,44.76722900031373],[-68.81108200023183,44.75639600015975],[-68.81572400044507,44.75009299998729],[-68.82829299972838,44.743307000155404],[-68.83179699976667,44.73509300004604],[-68.83214400009629,44.721545000268954],[-68.84085500023733,44.70929599995028]]]}},{"type":"Feature","properties":{"GEOID":"23015","NAME":"State House District 15","BASENAME":"15","STATE":"23","SLDL":"015"},"geometry":{"type":"MultiPolygon","coordinates":[[[[-68.98701299991966,43.960830999835025],[-68.98064099987775,43.95939199986991],[-68.87859899969384,43.97013900019708],[-68.85897299993019,43.96935500013435],[-68.85134700026065,43.964013999759175],[-68.83422200007949,43.956141999695625],[-68.815536999949,43.952187000309365],[-68.80398299991869,43.95172499993464],[-68.78106300017903,43.9550289998652],[-68.77072199976844,43.95359599979108],[-68.75351100027189,43.95464299968045],[-68.72962599971132,43.96142299983328],[-68.70719100039358,43.96382699975587],[-68.68968000042305,43.954198999687875],[-68.65958600002718,43.94799099985244],[-68.64100899985169,43.9493619997111],[-68.6187259999716,43.955894000043436],[-68.59416400026682,43.953730000225065],[-68.5683880002191,43.9579699997961],[-68.54727699995082,43.96861999972827],[-68.53814999988319,43.97696000017782],[-68.53071500000938,43.98662099972413],[-68.49310600027209,44.01055799975133],[-68.48741499957234,44.01778300021118],[-68.48494499995196,44.028308999920434],[-68.46301199987623,44.03211199986647],[-68.44655899971472,44.04258300011304],[-68.43684300036642,44.05323300026643],[-68.4007879998324,44.05053800003877],[-68.3687970001016,44.04521999997681],[-68.35658199992228,44.04583600027105],[-68.3356089997463,44.05065899991934],[-68.32565200037357,44.05077400025965],[-68.31139299964792,44.053428999924535],[-68.29371299962298,44.06086399974473],[-68.27921199994634,44.069945000109094],[-68.26313600025169,44.09061699968163],[-68.24578199974168,44.08912500024484],[-68.23023699960137,44.090500999881186],[-68.20336000008695,44.099586999866425],[-68.1858130001314,44.111962000223976],[-68.1758580004085,44.125082999838256],[-68.17189499988761,44.13962699983441],[-68.17129999986084,44.1604969998291],[-68.16838800037459,44.172908000008405],[-68.17070200035936,44.18987999985519],[-68.21043199973758,44.20583499994793],[-68.21706300024559,44.207033000165914],[-68.22994000039877,44.20462699976356],[-68.24872300043857,44.195942000290934],[-68.26482800044555,44.19306700022141],[-68.28606500021218,44.22338000013343],[-68.28790999966857,44.228118999856044],[-68.28819699972375,44.23718700021016],[-68.28345900014938,44.246610000313005],[-68.28430299969813,44.264158000126955],[-68.28077899956838,44.27784799968161],[-68.2924809997367,44.281612000152045],[-68.30669699990634,44.28906800025299],[-68.3085320002153,44.29390899988419],[-68.30610899955228,44.302123000059694],[-68.31120199985223,44.31143200007297],[-68.31812100024031,44.30821000023063],[-68.35619100011004,44.32208799973162],[-68.36059300012377,44.318668999782204],[-68.39771599961426,44.31410099971918],[-68.39793200042264,44.32991000024838],[-68.41028200032116,44.32727800003983],[-68.41694800009094,44.327641000224155],[-68.42546699971304,44.32035500010897],[-68.43191800029598,44.31895199988737],[-68.43996800028802,44.31461599997893],[-68.46259000010183,44.324628000048605],[-68.47125000018926,44.30708599989325],[-68.47855000034383,44.29763899990189],[-68.51015699993509,44.29801300027377],[-68.57802800029773,44.344744000278524],[-68.58677200005071,44.333783000104305],[-68.58705999993082,44.327829000146465],[-68.59432999994817,44.326162000003535],[-68.59537600006163,44.32327600028178],[-68.60638500029391,44.313613999732894],[-68.60674900034199,44.31018899971798],[-68.61139400002996,44.30702699999707],[-68.61018499970989,44.305970000187344],[-68.61107900038569,44.30450499983924],[-68.62566000042828,44.29276899995581],[-68.63216800001433,44.27037699991055],[-68.68795700026706,44.29331600001244],[-68.72771199975963,44.31328800007745],[-68.73979300004464,44.31787999968066],[-68.78923199999677,44.298918000053476],[-68.80336199995267,44.29836699975498],[-68.81940199966229,44.30169800027158],[-68.82981900024087,44.30202899981185],[-68.86120099970123,44.29665599974385],[-68.8671429995728,44.28492800004718],[-68.88428100017275,44.25944999968782],[-68.88966800020057,44.2297630003116],[-68.89638400019906,44.20993500021289],[-68.87190000031208,44.19885000031121],[-68.85303600008143,44.20216699995706],[-68.8320110000269,44.21011899975835],[-68.82847100000363,44.20900699968014],[-68.82040500011806,44.20231399971028],[-68.81249300021827,44.20084700024829],[-68.7960280003612,44.188576000285664],[-68.77935500009167,44.180958999817825],[-68.77478999987133,44.177428999713314],[-68.76495499979903,44.16377000029633],[-68.7549480001976,44.13596900024841],[-68.74294200025567,44.123783999845394],[-68.73563100023041,44.11917500007176],[-68.76140700027814,44.1217260002629],[-68.78596300013514,44.121937000280944],[-68.83685499990652,44.13451599985737],[-68.84996200021347,44.13212200026825],[-68.85676100005266,44.12447799974029],[-68.85923700041913,44.12359500020187],[-68.87446100016908,44.12422500010134],[-68.88819000026697,44.12695300006638],[-68.90306500003744,44.12328000031207],[-68.92105300003396,44.10379699985599],[-68.93984199992153,44.07819399972132],[-68.95704699957031,44.0436330000546],[-68.97429300012527,44.00003500029104],[-68.98701299991966,43.960830999835025]]],[[[-68.79551100015225,43.917469000110444],[-68.80425999992812,43.903146999926626],[-68.77623199981991,43.88988399991052],[-68.75260300025069,43.86527299976852],[-68.74888800032524,43.832516000069866],[-68.72431499985149,43.834592000153584],[-68.70396000016677,43.84262099978553],[-68.68465999991803,43.85464700004972],[-68.67539499975811,43.862824999984696],[-68.66943299979505,43.86957599969762],[-68.6649870002987,43.88050200011036],[-68.66378899984926,43.89392599998406],[-68.66872099959241,43.90882600022624],[-68.67329099983564,43.91637199994441],[-68.6869460003137,43.929808999931],[-68.69599399984031,43.93485999996691],[-68.71649500001321,43.94198399975309],[-68.73516900027307,43.943723000176],[-68.74947300030624,43.94266700019099],[-68.77160499967529,43.9361429997936],[-68.7888749996214,43.92461900000445],[-68.79551100015225,43.917469000110444]]]]}},{"type":"Feature","properties":{"GEOID":"23028","NAME":"State House District 28","BASENAME":"28","STATE":"23","SLDL":"028"},"geometry":{"type":"MultiPolygon","coordinates":[[[[-68.88092299972435,45.2249470000834],[-68.84231200025454,45.095064000300894],[-68.63014299973455,45.132417000215696],[-68.62641199991558,45.13701299976738],[-68.62404500022735,45.1441549997043],[-68.62650800017504,45.15003999994449],[-68.63574599967244,45.157091000021126],[-68.64173299974988,45.16809799988093],[-68.63609399982698,45.16940599985338],[-68.63325500013568,45.174536999897484],[-68.63287699984389,45.17356399979871],[-68.63018299991752,45.17588699999402],[-68.62845599956361,45.18008499999904],[-68.62481900035425,45.183485000163785],[-68.62361000003416,45.19130300029416],[-68.62881600031201,45.203390999933816],[-68.64051299955916,45.210864000052304],[-68.64788700023189,45.22152699998376],[-68.65199899981741,45.22445599969337],[-68.65322200038119,45.2269619997472],[-68.65233500027638,45.23460199996533],[-68.65523300041724,45.23985500030151],[-68.65501099976109,45.241943999712696],[-68.65350900043637,45.24016799990873],[-68.65438800014525,45.24751200002822],[-68.65013300044461,45.25049600003161],[-68.64923600029405,45.25424099986592],[-68.64586699997501,45.25807599999663],[-68.64686399968467,45.26968600011341],[-68.64407400039715,45.27264400001706],[-68.64398300016055,45.27704100003912],[-68.64175700003933,45.28126399973228],[-68.64239700027193,45.29314800009247],[-68.63917899956562,45.2962620000417],[-68.63502900034527,45.29362899975974],[-68.63247599998591,45.29428300016096],[-68.6278570002372,45.29971300017848],[-68.6279989996291,45.30261199981551],[-68.63525399957784,45.30547800031377],[-68.63522500016386,45.310320999834076],[-68.6320679995569,45.3146200002885],[-68.62586999959227,45.319066000151054],[-68.6172329999694,45.31949999975633],[-68.61248000032639,45.32142599976828],[-68.60116700032049,45.33054299976425],[-68.59371700037808,45.33371700014727],[-68.5773579999279,45.34909500017218],[-68.56513000022812,45.35251899982085],[-68.54934099969036,45.36335400023825],[-68.54739099975365,45.36659600006577],[-68.60468999972701,45.357801999781955],[-68.60408800002759,45.37272899984409],[-68.60120099975737,45.37522599986119],[-68.6038069998202,45.37729600029075],[-68.60376699963722,45.38448399982027],[-68.59982900012898,45.39549900021368],[-68.6315050002155,45.382643000147304],[-68.66285800026185,45.36588700010906],[-68.67528400032835,45.36252999981177],[-68.70161500021985,45.440887000030685],[-68.82542499972475,45.420552000146806],[-68.77606100011569,45.24031700004761],[-68.88092299972435,45.2249470000834]]],[[[-68.65186900012105,45.23949400027454],[-68.64970699957395,45.235439999703985],[-68.64978500029007,45.225853000136844],[-68.64375800002965,45.21966899995974],[-68.51230400041358,45.24191200004209],[-68.52308000011904,45.273670000027316],[-68.51913699968964,45.28411300017328],[-68.51995799967219,45.286326000253545],[-68.51899299974957,45.28631800011116],[-68.51865299999096,45.286946000273495],[-68.52038600019267,45.28761500008745],[-68.51944600038442,45.291153000055445],[-68.51401400015077,45.28871799981286],[-68.34107000029228,45.31797900030847],[-68.36858100019153,45.40614500013115],[-68.24131899962859,45.426600000021296],[-68.2667759998341,45.50993300019648],[-68.36320900023233,45.49554799970319],[-68.36850400019864,45.48911800027122],[-68.37474399999607,45.487936999862534],[-68.38048099982825,45.484377000072286],[-68.38366799967412,45.477472999715985],[-68.39246199965584,45.46766499995902],[-68.419544000108,45.45497700021948],[-68.42837300024982,45.44565200016492],[-68.44067700011759,45.43903400000174],[-68.45069499958967,45.43702600016666],[-68.46282399955525,45.42969299988418],[-68.46480500035241,45.426045000247],[-68.47663100036928,45.41799800010258],[-68.48519500019722,45.41694199977601],[-68.49348500038879,45.40695200026634],[-68.49638600000438,45.400285999785524],[-68.49496800034524,45.39438400026016],[-68.50699500020357,45.37641099991012],[-68.52558300024968,45.37146699990875],[-68.53476899986856,45.37079399980579],[-68.55177699987387,45.35699999971898],[-68.5567220000358,45.355237000091066],[-68.56263899979305,45.350547000113366],[-68.57139900033786,45.33961199996726],[-68.57176400021085,45.341179999878115],[-68.58435400030889,45.33921899996044],[-68.58931799983908,45.333279999950456],[-68.59832699990595,45.329308999941325],[-68.61695000011218,45.31509699980277],[-68.62820899969138,45.30947199979835],[-68.628772999756,45.307791000143915],[-68.62693099977433,45.30551599983118],[-68.62496599976903,45.30684299998971],[-68.6263440001435,45.304920000143646],[-68.62163400015821,45.29887400003881],[-68.62243199967624,45.29629800004945],[-68.62415599965712,45.29278799984395],[-68.62790200044304,45.29090999994824],[-68.62706499966865,45.290191999936],[-68.62725499963945,45.288967999788014],[-68.62928900014003,45.2893800003106],[-68.62731400008899,45.28968399989418],[-68.62801799989568,45.290789000026685],[-68.63153000032986,45.29072399968548],[-68.6379940004333,45.285506000013235],[-68.6398189997982,45.27332400004376],[-68.63599199971975,45.27648900025735],[-68.6364240004382,45.27835399972933],[-68.63567700007548,45.27663199975307],[-68.64328500020164,45.268419999685186],[-68.64049900021378,45.25938199980448],[-68.64360599969369,45.25629100021372],[-68.6435780001046,45.25174500011272],[-68.65153900040819,45.24774600026599],[-68.64650499965947,45.249710999951134],[-68.65068800028838,45.24685199979116],[-68.65186900012105,45.23949400027454]]]]}},{"type":"Feature","properties":{"GEOID":"23001","NAME":"State House District 1","BASENAME":"1","STATE":"23","SLDL":"001"},"geometry":{"type":"Polygon","coordinates":[[[-70.0231870003398,46.57348699977674],[-68.82141400042158,46.572510000154146],[-68.82175699965495,46.39580400024283],[-68.69492000013776,46.39550499971706],[-68.69487699958174,46.382612000244954],[-68.56786900036033,46.382539999907074],[-68.56786000013949,46.470876999952594],[-68.30473600009897,46.469394999945045],[-68.30478299995464,46.589935999867826],[-68.30301200011809,46.657770999987285],[-68.30071999987464,46.65781100010018],[-68.30053099972875,46.745238000234345],[-68.44013099959632,46.74485399973805],[-68.4414810003817,46.83186899971899],[-68.49815000016824,46.830846000120275],[-68.50361500001387,46.86191099982534],[-68.51399700043234,46.87939999981743],[-68.52126900009954,46.879553999814604],[-68.5231269999747,46.893020000253344],[-68.56335099999565,46.90822500009491],[-68.57766400024965,46.91679600023703],[-68.58235199959535,46.92299500005496],[-68.56309699955243,46.923233000238625],[-68.56402499966512,47.10391800028393],[-68.44458200001385,47.10638500013455],[-68.44566099973926,47.24764599989397],[-68.48132499956274,47.24824399977363],[-68.480448000402,47.25748000022048],[-68.48214899991835,47.277184999960404],[-68.46166399963899,47.28915299991183],[-68.46561899976396,47.29460899973016],[-68.47502500038918,47.29713900015006],[-68.4901560002527,47.29385700017484],[-68.50826100042505,47.2964750001978],[-68.51676599980345,47.2960859996978],[-68.53023899980832,47.29202899972873],[-68.5387909999407,47.28528499976511],[-68.54980000017298,47.282142000084924],[-68.57191900002154,47.28715100017833],[-68.58005000020445,47.28711499981342],[-68.58944500006069,47.28053999979029],[-68.59235700044525,47.27413400027372],[-68.5976749999778,47.270154999865404],[-68.59820200023248,47.268518000003695],[-68.59331899999482,47.26108500026599],[-68.59354599977554,47.258768999867414],[-68.607518000446,47.24698200007759],[-68.61751199962865,47.243372000199805],[-68.6530959999845,47.23926999982455],[-68.65984700014309,47.23612400005172],[-68.66319800002049,47.236279999703605],[-68.67495399971715,47.24232700001181],[-68.68435199994644,47.24288699987466],[-68.68715200017803,47.24441000013977],[-68.69170800017754,47.243836999781244],[-68.70510699966425,47.23786599977785],[-68.71702399991773,47.2405409997629],[-68.73014600029333,47.23567299986689],[-68.73436599983384,47.23567899986614],[-68.75189299969789,47.22635999988842],[-68.76434600042688,47.22204399999474],[-68.7813769999984,47.221047999958536],[-68.80426699960083,47.21536599970454],[-68.81152900012059,47.21513099976867],[-68.83145100016026,47.20391899983817],[-68.84996200021347,47.19625099977155],[-68.85743800009516,47.19034000028097],[-68.87103300029877,47.18906899979217],[-68.88215200013592,47.18290699974116],[-68.89551899983557,47.1824339997389],[-68.9000339998272,47.17774199997609],[-68.90487199985901,47.1804730002746],[-68.90844299984445,47.186341999728235],[-68.91977900031486,47.18992999972695],[-68.91994900019418,47.19483200017055],[-68.92374000028762,47.197376999911945],[-68.92844500025006,47.19659899983133],[-68.92994999994784,47.19759400027786],[-68.92805600008762,47.198719999996285],[-68.93411599996001,47.20014600011088],[-68.9410579999143,47.20607800019419],[-68.9507800000087,47.2020040000109],[-68.95285399979396,47.206893999710225],[-68.9611859998183,47.2056860002052],[-68.96527499983758,47.21252499976456],[-68.97858999965871,47.217698999784076],[-68.9803990000284,47.22011300006672],[-69.02707499955889,47.239339999901006],[-69.03377300001405,47.24040300007281],[-69.04089999991628,47.2450109997385],[-69.05074699968412,47.25647900013866],[-69.04684199978787,47.27158499993641],[-69.05077799964627,47.27847400007744],[-69.04919199975765,47.283323999882406],[-69.0496960004461,47.289284000001345],[-69.05117299965647,47.29238300023485],[-69.05311099989761,47.292812999903276],[-69.05346499989994,47.29717999976551],[-69.05063299988132,47.29953800019158],[-69.05069900000355,47.30395599997887],[-69.04923699996348,47.30584899999525],[-69.05486599984064,47.31533100003038],[-69.05353000019727,47.34063999997991],[-69.05488299955907,47.3777159997667],[-69.05002500033409,47.37855000022943],[-69.05088800014944,47.38097299980709],[-69.04748299984537,47.38342299969841],[-69.0421429996732,47.38264499991216],[-69.0396420000907,47.38420800029018],[-69.04013800038325,47.3860119998373],[-69.04488799965321,47.38865699985963],[-69.04540999988502,47.39298600022312],[-69.04376899974481,47.39743300015888],[-69.0392060000726,47.395399999850696],[-69.03756499993239,47.39684299978263],[-69.0418520003184,47.39823499983464],[-69.0427319998522,47.401969999942],[-69.04002899970499,47.40025700006807],[-69.03523900025206,47.4018010002568],[-69.03986999969634,47.40224399974752],[-69.04249400020082,47.404746000041236],[-69.04032699963082,47.405689000080834],[-69.03945100029499,47.40372000021826],[-69.03237600027128,47.40222100008935],[-69.03159899977136,47.40313300025245],[-69.03340899996597,47.4044409999506],[-69.03059899968865,47.40742000019361],[-69.03128699960182,47.409056999820926],[-69.03659499998692,47.40767699986003],[-69.03451899965353,47.414565000239925],[-69.04224899997843,47.4157129999486],[-69.03919699985177,47.419655000212565],[-69.03945700014276,47.42228600018478],[-69.04225599965112,47.423586999783254],[-69.04321700027408,47.426784000124194],[-69.0474350001648,47.427741000222376],[-69.04654600041017,47.42427299971632],[-69.05215000017297,47.4221419997647],[-69.05231800040247,47.42327399980565],[-69.04854999987523,47.42419400016975],[-69.05324200031717,47.42853000001937],[-69.05212000003574,47.430007999740006],[-69.05448500007414,47.42909099977671],[-69.05682900019613,47.42997599998578],[-69.0556380003177,47.43217799977447],[-69.06215299957644,47.432642000111166],[-69.06354900039258,47.434058000215515],[-69.0637400001883,47.43189900013798],[-69.06190700042745,47.430585999812756],[-69.06734200013585,47.43007500001689],[-69.0683930002722,47.427406000145396],[-69.07485599965237,47.42728799979376],[-69.08136300031181,47.423739000027275],[-69.08813899968645,47.42553600028636],[-69.09013800002694,47.4241360001579],[-69.09126699998109,47.42682999985764],[-69.09785199956,47.426890000004484],[-69.09715699997415,47.42974000021021],[-69.09888199977993,47.431448000141664],[-69.10055899990516,47.430197000075324],[-69.10419199981486,47.43086499972532],[-69.10506100037632,47.42790199983278],[-69.10774100005898,47.427684000185664],[-69.10656400042427,47.43067499970156],[-69.10779299993752,47.43537500029522],[-69.1126000000072,47.43580100014774],[-69.11208699999621,47.43751700010024],[-69.1179999995555,47.43919300016584],[-69.12201499995491,47.44269800013642],[-69.1233790000857,47.442606999849495],[-69.12360900023948,47.44068699993597],[-69.12681100015395,47.443565000223224],[-69.13930099979454,47.446635999885515],[-69.14105599973757,47.444003000121484],[-69.1456109999122,47.448588000160036],[-69.15037199995112,47.44872699969789],[-69.15649899977063,47.45163900023207],[-69.15902299981768,47.448419999953],[-69.16225800024246,47.447431999724316],[-69.16505599992588,47.449238000007036],[-69.16312799973049,47.450274999902085],[-69.16492799987935,47.45151499973109],[-69.17251799956387,47.45353999970617],[-69.17273400037224,47.45564900005839],[-69.17889700017679,47.45737799998133],[-69.18990800005888,47.45356300003286],[-69.19579399985398,47.45549299987231],[-69.20519600028123,47.45195300025193],[-69.20613299971644,47.454101000103634],[-69.21788900031142,47.45661400001091],[-69.22446100036987,47.45983299982984],[-69.6128539995823,47.07903300015761],[-69.9971109998181,46.695519999930525],[-70.0231870003398,46.57348699977674]]]}},{"type":"Feature","properties":{"GEOID":"23034","NAME":"State House District 34","BASENAME":"34","STATE":"23","SLDL":"034"},"geometry":{"type":"Polygon","coordinates":[[[-69.06238699992817,44.92695500030382],[-69.03921000027056,44.840963999688434],[-68.7952190000742,44.87351899982694],[-68.80279899971296,44.90078600023577],[-68.80122899971788,44.900044999955824],[-68.79403200039376,44.90284600007646],[-68.79175400039401,44.900947000144015],[-68.80778099968484,44.96123899994251],[-69.06238699992817,44.92695500030382]]]}},{"type":"Feature","properties":{"GEOID":"23006","NAME":"State House District 6","BASENAME":"6","STATE":"23","SLDL":"006"},"geometry":{"type":"Polygon","coordinates":[[[-68.56786000013949,46.470876999952594],[-68.56786900036033,46.382539999907074],[-68.43644300033336,46.38212100026531],[-68.43690199991767,46.042890000206576],[-68.43227300012322,46.03556800028113],[-68.167199000146,46.03758399975872],[-68.16730999957578,46.12349700026107],[-68.03968899988594,46.12282500003428],[-68.04113300038266,46.18738600000467],[-67.90379600044622,46.18961599974821],[-67.9036549999809,46.18548400029247],[-67.78143499966428,46.18616499996093],[-67.78317799991176,46.357393999795825],[-67.78825299977004,46.59991899991548],[-68.0482469998661,46.59437899992015],[-68.0553009999734,46.74972200027991],[-68.30053099972875,46.745238000234345],[-68.30071999987464,46.65781100010018],[-68.30301200011809,46.657770999987285],[-68.30478299995464,46.589935999867826],[-68.30473600009897,46.469394999945045],[-68.56786000013949,46.470876999952594]]]}},{"type":"Feature","properties":{"GEOID":"23018","NAME":"State House District 18","BASENAME":"18","STATE":"23","SLDL":"018"},"geometry":{"type":"Polygon","coordinates":[[[-68.69092999985268,44.72166800009197],[-68.63793599980866,44.666517000205175],[-68.65117500036011,44.655769000115335],[-68.62447299984953,44.6387099999633],[-68.56773600029094,44.646300999939164],[-68.56839800026485,44.6495169999524],[-68.55512299972838,44.65136500026087],[-68.55426800030894,44.648467999952615],[-68.41868100029265,44.66614299976856],[-68.40712800008725,44.62271800006161],[-68.39171900038939,44.624887999708264],[-68.39020999959534,44.63212200007785],[-68.39932199959436,44.63560999998752],[-68.40071199966442,44.63794399969695],[-68.38868599963101,44.64367299969616],[-68.38486000027575,44.649913999922575],[-68.38317700030277,44.65788999979032],[-68.37801399968261,44.66145399968154],[-68.37446600016172,44.658837999719324],[-68.37265400031728,44.661343999742975],[-68.37434099958995,44.66329800009374],[-68.37020600043823,44.6736549997918],[-68.37246699982121,44.67410400019576],[-68.37322800042766,44.68097200023646],[-68.36930799956446,44.683866999774565],[-68.37039700023394,44.68788400007381],[-68.36842800003066,44.695794999959844],[-68.37115200009426,44.70395299992486],[-68.36966800031287,44.71337000021869],[-68.37255200021004,44.71824700001267],[-68.38205900021927,44.71916399989199],[-68.38436099961017,44.7180909999518],[-68.3887840004386,44.72030699999502],[-68.38434999973951,44.7302349998377],[-68.37030199979938,44.73919500008944],[-68.3689080004297,44.742141000174804],[-68.35771199970135,44.74486699985063],[-68.35686200030477,44.75141900024448],[-68.35118700039688,44.75191799988842],[-68.3473179995873,44.74952399997803],[-68.33619200007749,44.7510080002861],[-68.3320460001568,44.74900799979413],[-68.32278299964672,44.749368000052186],[-68.31582099960092,44.74732300019933],[-68.3120880001321,44.75007399998099],[-68.31261200001374,44.75631500022743],[-68.31113300025524,44.75993899994444],[-68.28122600035545,44.64025699985222],[-68.17884799971256,44.65435300011016],[-68.17799499994294,44.65105200023328],[-68.17419700017682,44.65156500019635],[-68.17313699981965,44.64763699986927],[-68.17079299969764,44.6479259998234],[-68.16969499970564,44.64423600005677],[-68.16182299998883,44.645312999962016],[-68.16142399978065,44.64382900020938],[-68.16107099960325,44.641264999904806],[-68.16853499978937,44.64015400029056],[-68.16763000014123,44.63653299980415],[-68.17372400034878,44.63575799984389],[-68.15727200001218,44.566758999719845],[-68.0932479998195,44.577818999729985],[-68.08489700042688,44.54650000021905],[-68.08982300032226,44.54579600029521],[-68.08750199976646,44.53699600002131],[-68.11434499984405,44.5332139999248],[-68.10305699995253,44.48988199980506],[-68.07437699991615,44.49421300024437],[-68.07548300030406,44.498272999828274],[-68.07067600023439,44.49899899978306],[-68.07130800007106,44.5031679998129],[-68.06429199959861,44.503907999840486],[-68.06754999958957,44.50540199970562],[-68.06480499960958,44.510578000078745],[-68.0692989996848,44.51228500002987],[-68.06950700009727,44.51421800029355],[-68.06532699984142,44.516592000200006],[-68.06307999980379,44.51598400023709],[-68.06052599961951,44.518411999760396],[-68.06771299979619,44.52457000010925],[-68.07082900039526,44.53956999989299],[-68.03864799979534,44.54349100020389],[-68.02906499961814,44.500823000287056],[-67.9918059996852,44.504478999991846],[-68.01721900040808,44.58908700025049],[-67.95825400018013,44.59770800014708],[-67.95677100022367,44.58444100000169],[-67.95354400019484,44.58489800003604],[-67.94782300025618,44.57170100025452],[-67.94463600041031,44.57220299984373],[-67.94069800000378,44.559490999807025],[-67.936777000214,44.56003999969733],[-67.9348280001022,44.553963000157005],[-67.92689500028602,44.55511299985027],[-67.92463999985247,44.54794299969602],[-67.91842900036737,44.548875000190506],[-67.91898699968588,44.55104100000283],[-67.90827899975248,44.5525779999238],[-67.91941100000842,44.60448399972313],[-67.85618900043,44.614788999971765],[-67.86070299969842,44.62949400005439],[-67.86987699962172,44.628672000068875],[-67.89205699956966,44.69915800006281],[-67.87979799990774,44.70224199992284],[-67.77717400011586,44.71740799979513],[-67.78151000000736,44.7329739998346],[-67.76008800029278,44.73688699978363],[-67.75687999963222,44.739230999819],[-67.75485699990058,44.73783300023533],[-67.73910599989594,44.74067000011372],[-67.73299599979487,44.723777000042745],[-67.69057699961485,44.7302349998377],[-67.70338500017108,44.772306999695786],[-67.71577100005462,44.8444129997632],[-67.69409900009478,44.84870800024071],[-67.72957499959726,44.97553800015323],[-67.75451700014195,45.052665999847754],[-67.78118000029448,45.17352799984904],[-67.81183000035902,45.28537200028234],[-67.99854000012536,45.25978400007553],[-68.31228999979848,45.22040899968584],[-68.34107000029228,45.31797900030847],[-68.51401400015077,45.28871799981286],[-68.51944600038442,45.291153000055445],[-68.52038600019267,45.28761500008745],[-68.51865299999096,45.286946000273495],[-68.51995799967219,45.286326000253545],[-68.51913699968964,45.28411300017328],[-68.52308000011904,45.273670000027316],[-68.51230400041358,45.24191200004209],[-68.64375800002965,45.21966899995974],[-68.63849300020058,45.211604999729666],[-68.62697699980508,45.207255999943975],[-68.62391299998286,45.20422099996103],[-68.61632099975023,45.20140599995413],[-68.6144319999129,45.198694000216555],[-68.61613800035045,45.187496999897164],[-68.62536800035024,45.17790499993747],[-68.62596800039987,45.17273099983213],[-68.63284300040704,45.163391999786896],[-68.62871199965664,45.160695999827254],[-68.62742299986893,45.157081999808405],[-68.62146000008093,45.15267000015619],[-68.6157700001044,45.1454579997619],[-68.62076200012203,45.1355000001382],[-68.61738799978009,45.13477399994622],[-68.61513700044283,45.131457000060706],[-68.6156289996391,45.127237999690465],[-68.61342699980733,45.12210800025827],[-68.61863399991009,45.113318999918945],[-68.62420699971075,45.11014400026355],[-68.63265000006318,45.115859000269445],[-68.63936600006168,45.114939000053006],[-68.64157299991632,45.10698799984636],[-68.64433100031509,45.1030089999801],[-68.64272399961176,45.098578999718114],[-68.64831499985407,45.09543699979249],[-68.65590200006385,45.094559999725774],[-68.6547299995537,45.08982599977571],[-68.64990400011575,45.085909000065946],[-68.64868200027519,45.082997999848956],[-68.65156500034745,45.08015799997893],[-68.66004299996166,45.076515000169564],[-68.65508500027924,45.066555000245366],[-68.65719800042255,45.052750000083606],[-68.66041200003261,45.04505099984207],[-68.65966700021804,45.040128000065444],[-68.64514200025192,45.02108100026667],[-68.51669300000853,45.03935200031583],[-68.4730140003531,44.87076299987075],[-68.51672999981845,44.865595000023305],[-68.5705060003853,44.80564399977645],[-68.55478799999263,44.74873400020031],[-68.61667300010275,44.74099199974428],[-68.64713400002141,44.70363600026015],[-68.69092999985268,44.72166800009197]]]}},{"type":"Feature","properties":{"GEOID":"23032","NAME":"State House District 32","BASENAME":"32","STATE":"23","SLDL":"032"},"geometry":{"type":"Polygon","coordinates":[[[-69.35566700028883,45.07346899972963],[-69.33094900005013,44.98690099997221],[-69.20852000039444,45.004432999907216],[-69.16071599983643,44.8249060000833],[-69.03921000027056,44.840963999688434],[-69.08623099958254,45.017386999749085],[-68.92036699977062,45.03873099983984],[-68.93652200000628,45.06691499987023],[-68.93975200040816,45.07515200029988],[-68.95784300033684,45.1010049998007],[-68.95850500031072,45.110804999960344],[-68.9605459995857,45.116226000195816],[-68.97680600030166,45.12679400022528],[-69.35566700028883,45.07346899972963]]]}},{"type":"Feature","properties":{"GEOID":"23147","NAME":"State House District 147","BASENAME":"147","STATE":"23","SLDL":"147"},"geometry":{"type":"Polygon","coordinates":[[[-70.70870000041015,43.13621199978878],[-70.67035699983062,43.11390500028758],[-70.66957900040407,43.10986000030802],[-70.66170099994116,43.103996000220484],[-70.66241300014377,43.10117199989898],[-70.58578100030971,43.08100399973737],[-70.5821629995703,43.09548699976931],[-70.57316000024952,43.100530999882054],[-70.56196199987136,43.10990100024235],[-70.55742000011554,43.11465699969932],[-70.5557620002569,43.12150499976309],[-70.54012699970492,43.13054699985861],[-70.54040500043757,43.11963799989764],[-70.53742299973281,43.10585199988985],[-70.53019899974619,43.09373199992194],[-70.5169349999787,43.08394000004156],[-70.49949299960517,43.07486899987555],[-70.47724200041041,43.0710190003277],[-70.45907199994072,43.07147800004246],[-70.43057100000449,43.08021799974552],[-70.41563000011178,43.091483999778596],[-70.40624299975312,43.10209199979451],[-70.40321599974084,43.115244000114394],[-70.40339599966589,43.12509000015075],[-70.4072269999423,43.138438999807185],[-70.41964399978798,43.15255099997954],[-70.44093800035434,43.16663999979414],[-70.46494100001738,43.17080199990076],[-70.48636199990703,43.17026399967931],[-70.49949400032837,43.16685099989515],[-70.52167500010123,43.154882999858785],[-70.52085400011867,43.17456999985162],[-70.52291799985818,43.17889399974058],[-70.51994000024969,43.1829440003213],[-70.51966599971499,43.191014999697714],[-70.51347699997119,43.196075999811825],[-70.50943300015774,43.20781899977992],[-70.58139099999154,43.229348000223446],[-70.6010100000825,43.237751999851085],[-70.6042349995632,43.2267680000958],[-70.61067799975022,43.21984499999943],[-70.6117039997722,43.21507800028067],[-70.62055700020346,43.202488999775085],[-70.62124400029171,43.19489200003464],[-70.61971799977924,43.191844000198735],[-70.620785999634,43.18800699993203],[-70.62785700035805,43.18019999976601],[-70.63699000027347,43.1736309997004],[-70.64253600030995,43.165430000167184],[-70.6589719998547,43.15457100017311],[-70.66575999982322,43.15649100014853],[-70.70870000041015,43.13621199978878]]]}},{"type":"Feature","properties":{"GEOID":"23066","NAME":"State House District 66","BASENAME":"66","STATE":"23","SLDL":"066"},"geometry":{"type":"Polygon","coordinates":[[[-70.01352899981951,44.75769899973646],[-69.99619100010135,44.67749700000189],[-69.9601489999861,44.68122599969977],[-69.96064600010355,44.67822400018952],[-69.96506200036099,44.67473000010883],[-69.95885299962738,44.67025400022368],[-69.95870299983956,44.662647999748735],[-69.96115800028963,44.66042199975407],[-69.96780599961777,44.662707000145616],[-69.96883199963973,44.66152799991782],[-69.9675899997077,44.658494999684926],[-69.94708100003719,44.64802200027906],[-69.93045100032369,44.61085200027024],[-69.85327299996833,44.621506000153374],[-69.82544099967869,44.60674000001276],[-69.82244600035177,44.607647999964506],[-69.82273699970659,44.60457999977844],[-69.82036199962245,44.603174999795215],[-69.82228599961988,44.60089699969301],[-69.81715200021037,44.59777000002306],[-69.81874300012187,44.5942920001419],[-69.81729899962515,44.59163300024319],[-69.81858999996099,44.58830699993162],[-69.8169780001331,44.585640000199845],[-69.8179849998885,44.58475499973251],[-69.81656700022937,44.58421600024972],[-69.81886100012265,44.58158400009242],[-69.7823190004152,44.575893999802084],[-69.78360200035513,44.570667999778394],[-69.78295700009966,44.5689259997249],[-69.77970999997935,44.56835899999843],[-69.77819600006073,44.56302200022777],[-69.77901000037062,44.56035600017536],[-69.76619299959353,44.55858300012474],[-69.77256700018357,44.53828899973211],[-69.77977899957631,44.53472899968559],[-69.7818750000012,44.526837000113844],[-69.78791099958411,44.51847699983712],[-69.7512090000431,44.51273299982415],[-69.76556099975687,44.49998900029785],[-69.76792499997035,44.48961600014202],[-69.728629999887,44.48310100017345],[-69.72931100012748,44.50904200030222],[-69.71988199993604,44.50750300028401],[-69.71842699956866,44.51336600019581],[-69.6695409998105,44.55796199984384],[-69.66700099986991,44.56579999986786],[-69.67115699983636,44.566244999950015],[-69.66706699999216,44.578226999901624],[-69.67017600002022,44.580010000271464],[-69.66870700030746,44.584813000018826],[-69.66552499958614,44.58640199981407],[-69.7420910001963,44.598246000127446],[-69.7802709996709,44.677119000145],[-69.79091900022816,44.67872500024572],[-69.82885900040156,44.6715510000442],[-69.83253999999184,44.67404499990019],[-69.86279500004616,44.66969700021174],[-69.86416300037493,44.67577199980929],[-69.86763100042819,44.675138000010335],[-69.8683439995574,44.68167299972],[-69.86581399966258,44.682357999816254],[-69.86845499988547,44.692930000249945],[-69.89194700008566,44.706881999916995],[-69.8902259995795,44.70803900022335],[-69.89510600034244,44.71170100010998],[-69.89620599998425,44.71462699971242],[-69.89540000007031,44.717775000094484],[-69.8868959996185,44.7226579998712],[-69.88675900024948,44.72879899980172],[-69.88394700032232,44.732151000171086],[-69.89097700014018,44.732798999977035],[-69.89540400026826,44.73045500022782],[-69.89886700029865,44.731930999850576],[-69.89685500043768,44.73666399982169],[-69.89773800034452,44.73855700009955],[-69.89261900010531,44.74501600002566],[-69.89576800031634,44.74853800022954],[-69.90299200030296,44.751325999769335],[-69.9033909996128,44.753159000000544],[-69.89968999993103,44.75660900024306],[-69.89673900008673,44.75651500024017],[-69.89453899990478,44.75415599975349],[-69.89280900007611,44.75516900031198],[-69.89537499995595,44.75850699968413],[-69.90216700012243,44.759361999790144],[-69.9027079997225,44.7608789999008],[-69.90160200023291,44.76364299994534],[-69.89399300028182,44.76283800009312],[-69.88936899961193,44.76488200003392],[-69.88637599993483,44.77561800022386],[-69.88891099985253,44.78782299989673],[-70.00382199979374,44.7735480000231],[-70.00066000006223,44.75904299969333],[-70.01352899981951,44.75769899973646]]]}},{"type":"Feature","properties":{"GEOID":"23093","NAME":"State House District 93","BASENAME":"93","STATE":"23","SLDL":"093"},"geometry":{"type":"Polygon","coordinates":[[[-70.22342000033971,44.1044760002489],[-70.22243299977748,44.10142200011335],[-70.21682399999183,44.1027759998204],[-70.21456500025863,44.100411000032835],[-70.20577200010183,44.10017600019607],[-70.18969700023212,44.11707000023815],[-70.1872400001322,44.11628500009058],[-70.1783680003327,44.12565299980409],[-70.18401200027847,44.12902100003726],[-70.16388100000142,44.14922199970553],[-70.19975200041243,44.167507000313975],[-70.21074900005082,44.15109099971135],[-70.2008830000164,44.13925199979021],[-70.20254599989792,44.13322400030316],[-70.20791100018442,44.12769900017263],[-70.2104500003001,44.12183299967859],[-70.21652900043902,44.116592000248865],[-70.21726199965974,44.11151100027894],[-70.22342000033971,44.1044760002489]]]}},{"type":"Feature","properties":{"GEOID":"23070","NAME":"State House District 70","BASENAME":"70","STATE":"23","SLDL":"070"},"geometry":{"type":"Polygon","coordinates":[[[-69.75998999960603,44.7850410001208],[-69.7501100002262,44.7766079997362],[-69.75760600019937,44.77127399984909],[-69.75136800005177,44.76670599970613],[-69.75328500037651,44.76540600000621],[-69.73900399990956,44.754436000087296],[-69.74743800004114,44.74929399973561],[-69.7298969999334,44.686876999989416],[-69.6407749995604,44.69984400020375],[-69.63297099961565,44.6987630000501],[-69.63311799992874,44.70037300002936],[-69.60362399958251,44.70461999981863],[-69.60378900033726,44.70733799996979],[-69.60657000030227,44.70743999978401],[-69.5993780001027,44.710619999825326],[-69.59690799958402,44.71430599978209],[-69.59136099972262,44.712742000299954],[-69.58119799958726,44.715331999699224],[-69.58409900010119,44.71958499998001],[-69.5806920001473,44.72206000028454],[-69.58318600005711,44.72570200029444],[-69.58243799986947,44.73098099973511],[-69.58589000002921,44.73138700030329],[-69.5872690002286,44.733701999838125],[-69.58140599999972,44.73856599981433],[-69.5816439996511,44.7405640000808],[-69.58745099980348,44.743235000007196],[-69.59051299997589,44.7422830002502],[-69.5888119995612,44.7500690002133],[-69.59167299989217,44.75006799987692],[-69.58955899992392,44.7582259997443],[-69.58705599979328,44.7589820001001],[-69.59661399985615,44.802187999700536],[-69.59285500044807,44.802631000260256],[-69.59931799982824,44.8243690000608],[-69.72448700033935,44.808335000131656],[-69.71902800034151,44.78965900020793],[-69.75998999960603,44.7850410001208]]]}},{"type":"Feature","properties":{"GEOID":"23045","NAME":"State House District 45","BASENAME":"45","STATE":"23","SLDL":"045"},"geometry":{"type":"Polygon","coordinates":[[[-69.49085500009694,43.985487000224964],[-69.47322399957748,43.982148999967094],[-69.44429199964604,43.96788600012794],[-69.43669600011377,43.96756500006281],[-69.43796099961203,43.95712500001744],[-69.45058599987016,43.91501500013704],[-69.45160600004434,43.90293299998108],[-69.44909399969286,43.89188799998684],[-69.44596600029654,43.88650899972368],[-69.43898099978622,43.87963799985035],[-69.3981259997535,43.8688550003007],[-69.39749300009193,43.863044999760625],[-69.39421599983439,43.85796000018715],[-69.3844679998007,43.86824400018508],[-69.37410999967169,43.87533700011687],[-69.33335199972336,43.91619600032154],[-69.32189099957945,43.92521000005202],[-69.32364200022285,43.93749499993645],[-69.3181670003315,43.954942999947285],[-69.32169200028615,43.967268999722286],[-69.3214980001174,43.97165900010117],[-69.31655700015341,43.97561500025858],[-69.30964399961312,43.98625600026949],[-69.30142499956665,43.990226000150685],[-69.28456399987446,44.01609600023844],[-69.27668799995969,44.02048300004459],[-69.28183899998596,44.02253200019736],[-69.28202700030695,44.06452299991305],[-69.303729000404,44.096384999873486],[-69.30614100029806,44.094091000095474],[-69.3115020003866,44.095490000033905],[-69.30366099973362,44.13267699996645],[-69.33767199972132,44.20937000017527],[-69.3721749998036,44.20540500018758],[-69.36945300028815,44.207908000066745],[-69.37245400036117,44.208753999807236],[-69.37184400026581,44.21089799972767],[-69.37375400001952,44.2121699997325],[-69.37091500032822,44.21599699968848],[-69.36786099965342,44.21627699981677],[-69.36802800005802,44.21765400002495],[-69.36532300026099,44.2159610001824],[-69.36196700036072,44.2163769999998],[-69.36157800019829,44.21997899997859],[-69.35941300017643,44.22112099973789],[-69.36084300042945,44.22206999973852],[-69.3595589997663,44.2240819997942],[-69.3611289997614,44.22511300029038],[-69.35920899996194,44.22485799998519],[-69.35702200019878,44.22722299974758],[-69.34907400031398,44.2283729998841],[-69.34881099964994,44.22598800000772],[-69.3446399996149,44.22574000019838],[-69.34750000012092,44.227153999990456],[-69.34330700034457,44.22949799984057],[-69.34623999974721,44.23147000019975],[-69.34404399976323,44.23302500030054],[-69.34652199977954,44.23366600014241],[-69.3449850002947,44.23385999981377],[-69.3461119997007,44.23925800016879],[-69.34500299983806,44.24199400009564],[-69.34328999972782,44.241818999873196],[-69.34281299970185,44.242923000146455],[-69.34442899972768,44.24278299990412],[-69.34154499983053,44.24462000020663],[-69.34232099960725,44.24554499989351],[-69.33998800025422,44.24753200027967],[-69.33958300019826,44.250197999864234],[-69.33636799986499,44.25081999990789],[-69.33759700027657,44.2533099997087],[-69.33618000044234,44.255556000006735],[-69.33441499955525,44.255679000101686],[-69.33438000029346,44.25443600021498],[-69.3308550003388,44.25528400025368],[-69.3307210004445,44.256662000132096],[-69.32408999993649,44.25881399986274],[-69.32643700043154,44.2611030001225],[-69.32612799973674,44.26383199991481],[-69.33176699965964,44.26553599982245],[-69.33075300023155,44.26695199984178],[-69.33181500023854,44.269479000186045],[-69.33591799960321,44.27117699970168],[-69.33761200034519,44.274378000133005],[-69.3353400001932,44.27560899981375],[-69.33673399956288,44.278377999919456],[-69.32920599980267,44.285169999943726],[-69.32837899997232,44.28775600021692],[-69.33018599979388,44.29098300005067],[-69.32751299978392,44.29187300009307],[-69.32766400029497,44.29454599980344],[-69.39436099959934,44.34293400010704],[-69.3967730003917,44.34056700004555],[-69.40226900019945,44.343058999680935],[-69.40908300010726,44.33639999986106],[-69.40456899994054,44.3329410002212],[-69.41642900029258,44.32130200002669],[-69.43698800019182,44.32448499977334],[-69.4512510002171,44.313950000286354],[-69.44066499958414,44.28443399981568],[-69.44948100020547,44.26227000014087],[-69.43283700024826,44.22673999974927],[-69.40363300033025,44.21914499972067],[-69.40602000010995,44.21067400000417],[-69.4160920000087,44.2122579998588],[-69.4434849999072,44.11962900023995],[-69.43546199967933,44.09548100014836],[-69.43950899986582,44.093989000189886],[-69.44301700010205,44.0835319996917],[-69.44579600041722,44.081153000082416],[-69.44538499961517,44.077967999979016],[-69.44804000008179,44.07624599984516],[-69.44786900037757,44.07174499968905],[-69.44586199964115,44.06856599992339],[-69.44665599985952,44.06424099980618],[-69.45016999994355,44.05891600009298],[-69.4439080004048,44.05148500005575],[-69.44486800030455,44.040984000011164],[-69.4512079996611,44.03044300026176],[-69.45244999959313,44.02446800021908],[-69.46099900025077,44.01885200014839],[-69.46826800044323,44.017427000045345],[-69.49085500009694,43.985487000224964]]]}},{"type":"Feature","properties":{"GEOID":"23127","NAME":"State House District 127","BASENAME":"127","STATE":"23","SLDL":"127"},"geometry":{"type":"Polygon","coordinates":[[[-70.38908999998289,43.66457100017747],[-70.38560299966304,43.666183000257],[-70.3860069998941,43.66758400002406],[-70.38011699990103,43.666686000008234],[-70.37732300041556,43.668787000313145],[-70.36559500030798,43.66598199997098],[-70.36109500038496,43.66288199980573],[-70.36158599975633,43.66051900030218],[-70.3589160001194,43.66579600017361],[-70.36063699972725,43.67042600024652],[-70.35576699990837,43.66932999978768],[-70.35679499958016,43.66798200007758],[-70.35577600012921,43.665605000047414],[-70.34713100011041,43.66631000002613],[-70.33476199994531,43.66186400016156],[-70.32914300011392,43.67953499996289],[-70.33608199969515,43.689239000276324],[-70.34919599967483,43.685781999726714],[-70.35721800007778,43.67998100020627],[-70.36702300001285,43.677676000267766],[-70.37636900036362,43.683806999976184],[-70.37992799975514,43.69159600013388],[-70.38908999998289,43.66457100017747]]]}},{"type":"Feature","properties":{"GEOID":"23052","NAME":"State House District 52","BASENAME":"52","STATE":"23","SLDL":"052"},"geometry":{"type":"Polygon","coordinates":[[[-70.02724600022185,44.0433580001621],[-70.02571300003667,44.03865700031159],[-69.99076200024072,44.04006899986848],[-69.98185500028113,44.0372359996901],[-69.96588300034355,44.03644000026176],[-69.94534600018565,44.032249999797166],[-69.94239500034134,44.030154000082085],[-69.92498700030295,44.026168999762035],[-69.93530400042411,43.99137899981379],[-69.91088999995902,43.98723700021054],[-69.90965999972255,43.98505399969748],[-69.91091400024848,43.982995999855675],[-69.88917100014352,43.96659099991895],[-69.88726499968944,43.97230100014684],[-69.88084099976899,43.97973800012604],[-69.88173000042194,43.98267500001495],[-69.88030199981874,43.98456800016951],[-69.86477000009724,43.9752960001017],[-69.8323059996401,43.98865500022524],[-69.82440399978609,44.00050300025098],[-69.82103299981719,44.00307000009595],[-69.82028499962956,44.00757299989592],[-69.8219629995797,44.013845000000856],[-69.8141899995971,44.023683000108946],[-69.81251500002,44.029561000289206],[-69.79546600000684,44.037829000182626],[-69.79030599975974,44.042466000182976],[-69.78603099996762,44.056351000177614],[-69.7864669999857,44.064501000291784],[-69.78291799974161,44.06988200013586],[-69.78742900043359,44.07530700027172],[-69.78451100020125,44.082786999732356],[-69.78579800033911,44.08764399997889],[-69.77439599974646,44.09902099974732],[-69.7681269996367,44.11030400022107],[-69.7663459997544,44.118406000203315],[-69.7611550004435,44.12605699991999],[-69.75820799989881,44.139333999865805],[-69.75875000022214,44.144727999705275],[-69.76356599961431,44.153217000029464],[-69.85599500038211,44.16802500001455],[-69.86715100002914,44.16148600012525],[-69.87008500015503,44.1576190001145],[-69.88001700031171,44.15109200004691],[-69.89449500042217,44.1239069998925],[-69.8939630001446,44.11846400016835],[-69.89592899997483,44.11321299976791],[-69.89838199987676,44.111276000062084],[-69.89778299965204,44.107662000314335],[-70.00547100032986,44.12451899973268],[-70.02724600022185,44.0433580001621]]]}},{"type":"Feature","properties":{"GEOID":"23051","NAME":"State House District 51","BASENAME":"51","STATE":"23","SLDL":"051"},"geometry":{"type":"Polygon","coordinates":[[[-70.0045590001107,43.937578000321174],[-70.00232600031678,43.93360199972884],[-69.99229500042591,43.93067400031633],[-69.97829000014349,43.915259000316986],[-69.96742400002634,43.921266999746564],[-69.96520100027816,43.92002499989681],[-69.96100699977858,43.92296400027689],[-69.95673199998646,43.92344099968661],[-69.93684799958162,43.91365699997824],[-69.93055400025584,43.91206100025615],[-69.92134500017242,43.92014400008542],[-69.91122999971765,43.922047999850655],[-69.90470000039032,43.925588999922134],[-69.89983499969598,43.9316099999964],[-69.89094100015517,43.9373750001028],[-69.88638699980548,43.943950999695105],[-69.88017700014528,43.94679899995671],[-69.86782100039898,43.96158299971151],[-69.86540600013187,43.96757500020583],[-69.86477000009724,43.9752960001017],[-69.88030199981874,43.98456800016951],[-69.88173000042194,43.98267500001495],[-69.88084099976899,43.97973800012604],[-69.88726499968944,43.97230100014684],[-69.88917100014352,43.96659099991895],[-69.91091400024848,43.982995999855675],[-69.90965999972255,43.98505399969748],[-69.91088999995902,43.98723700021054],[-69.97745200044248,43.9978350000056],[-69.98088199996258,43.99066199989401],[-69.98573800043609,43.98571900005895],[-69.98572900021524,43.98015300006492],[-69.99750900020138,43.97614999994139],[-70.00038300005279,43.969743000126215],[-69.99916500041019,43.9624080000241],[-70.00052799981775,43.95648699983449],[-69.99864300017838,43.95179399968963],[-70.00152100022774,43.94094800012198],[-69.99898899978479,43.93861000026085],[-69.99912600005213,43.936124000013216],[-69.99544799993659,43.93302300003058],[-70.0018619998113,43.93405699970477],[-70.0045590001107,43.937578000321174]]]}},{"type":"Feature","properties":{"GEOID":"23084","NAME":"State House District 84","BASENAME":"84","STATE":"23","SLDL":"084"},"geometry":{"type":"Polygon","coordinates":[[[-70.80161200015337,43.856083000023844],[-70.79499099969111,43.85210000021921],[-70.79573700022893,43.85048500000009],[-70.79253299976631,43.847335000227865],[-70.79476300008548,43.841047000040575],[-70.79428900043256,43.83425699992627],[-70.787125999647,43.83260399983232],[-70.78164699955767,43.82355999996973],[-70.78340200039902,43.81568199984052],[-70.78115299981327,43.811925999936285],[-70.78033500020376,43.80351600025153],[-70.76392300005013,43.7913949997048],[-70.74532400013335,43.788025000118296],[-70.73323399962752,43.789550999968455],[-70.72656299983487,43.794243999786616],[-70.71861400012516,43.79489900004313],[-70.71263799991837,43.799611999751185],[-70.70808199991886,43.8001619999025],[-70.70148200027133,43.79793300012811],[-70.69894599963038,43.80400600028764],[-70.69539499973645,43.8052130002521],[-70.69264499973359,43.80230500008406],[-70.694095999903,43.79798900030765],[-70.68959500015507,43.795849999702064],[-70.68171500004235,43.796550999723706],[-70.67716599971551,43.793070999825986],[-70.67464099984356,43.78865099991591],[-70.67156199995273,43.78918700028814],[-70.6714120001649,43.79337999983036],[-70.66974300043559,43.79416099995043],[-70.66740299961324,43.791102000034996],[-70.662547999863,43.7911999998454],[-70.65257499969843,43.78809500026793],[-70.65179800009679,43.78688900014504],[-70.65495800017848,43.783206000068205],[-70.65536200040954,43.780155000110824],[-70.65260400001075,43.77893100014604],[-70.64134600025643,43.777834000091275],[-70.63625200013158,43.78069700012598],[-70.6315789999562,43.77945800026594],[-70.62450099955947,43.781490999863955],[-70.61880399991024,43.78106999987765],[-70.60892500035534,43.778970999748196],[-70.60825900018348,43.7751530000941],[-70.60684099962603,43.777348000129805],[-70.60932600021334,43.78066499994322],[-70.60792500027262,43.784486999972856],[-70.57113599979468,43.785187000300894],[-70.57056500005737,43.787480999756035],[-70.5662659999758,43.78924600012497],[-70.56704099992761,43.79231099983815],[-70.56474399966127,43.7929069998273],[-70.55568799973875,43.80254000005419],[-70.5490870002663,43.80438999987002],[-70.54561400019016,43.80223399997473],[-70.54869100043118,43.80735000021631],[-70.54387599996558,43.81119699973254],[-70.55066399993407,43.811860999698794],[-70.55426300040692,43.81803499987917],[-70.55824199992303,43.819499000082196],[-70.55830499967222,43.82320299973051],[-70.56313699985625,43.82455199988149],[-70.57393699985116,43.82345199969777],[-70.57813899984835,43.82583000007998],[-70.58464499978456,43.8250969997664],[-70.5918789998169,43.82989699985756],[-70.59927000020811,43.82955199982547],[-70.59764499996142,43.83176900031397],[-70.5993200004368,43.83320600016184],[-70.60648999999674,43.83316599992352],[-70.60754199995799,43.835259999819044],[-70.6189339996066,43.8415989997189],[-70.6124579998076,43.8479430000172],[-70.53565199989625,43.86403300002569],[-70.58067999961384,43.91271699995901],[-70.57178699989794,43.91510400026288],[-70.57613000036042,43.9170289997766],[-70.57326800020456,43.9192439997664],[-70.57660400001335,43.91939999976177],[-70.57306300016515,43.92369899992221],[-70.57554600020431,43.92338599976256],[-70.5754599999906,43.924727999827475],[-70.56969300002119,43.92751300029868],[-70.57224399983241,43.92790599970112],[-70.5726940000942,43.930965000279045],[-70.5751000001405,43.93059399990365],[-70.57629699986668,43.932675999894215],[-70.57175400028596,43.934039000030644],[-70.57235000013762,43.936106000317835],[-70.56816300020905,43.93595199968237],[-70.56956699962448,43.938908999908],[-70.56703400025492,43.939091999897826],[-70.56582499993483,43.93751099972344],[-70.5661250004088,43.93958599990002],[-70.56344400000292,43.93842600002921],[-70.56182899980199,43.94154000027367],[-70.56023799989048,43.94025699981855],[-70.56003500039921,43.941826000131904],[-70.55699699961795,43.942951999826285],[-70.5583590000989,43.94459900005597],[-70.55954900015242,43.94299000019189],[-70.56157299970894,43.94392500010613],[-70.55983399965945,43.945462000180015],[-70.5620279999936,43.94844800008529],[-70.55985499957583,43.950255999865874],[-70.56107399994167,43.95199900011993],[-70.55863899958305,43.950628000295865],[-70.5572679997796,43.95192500018496],[-70.5664209997865,43.95614000018755],[-70.56610799979205,43.95833200003532],[-70.56955599975382,43.96355099988906],[-70.5679620003676,43.96436999974978],[-70.56911899991081,43.96709600006349],[-70.5674429996105,43.966889000198286],[-70.56738400005928,43.96882100019661],[-70.56992399999986,43.96970500005569],[-70.56764199980215,43.971450999832484],[-70.56839599983755,43.97455199999735],[-70.5656809999948,43.97325600020271],[-70.56629500028811,43.97471499968713],[-70.56438399981117,43.97492599976736],[-70.56345499987357,43.97856300008013],[-70.56650199997736,43.980088000266065],[-70.56455899971336,43.98093399984061],[-70.56668799975019,43.98217400032307],[-70.54409400042378,44.00564700019888],[-70.56385099970869,44.02499200004006],[-70.57452000018235,44.01561700005609],[-70.58259100009079,44.01869300018197],[-70.58479299992257,44.02131799993523],[-70.58164500043476,44.02231200007008],[-70.58833299994583,44.02559499974277],[-70.58981199970434,44.02837499969738],[-70.59096599977283,44.02771099990312],[-70.59088200010724,44.03024199982789],[-70.59234099977427,44.02939700027073],[-70.59467599967543,44.03086800001763],[-70.59285799998322,44.031078000261296],[-70.59354900026943,44.03194199989385],[-70.59563099955228,44.03205699975772],[-70.63337200043239,44.01290499979837],[-70.647869999736,44.00793400000291],[-70.68542400012002,43.98990999978747],[-70.66460900012777,43.966990999894044],[-70.70215099991792,43.94774199992098],[-70.71541800005848,43.96181499983647],[-70.74750699969854,43.9459009998424],[-70.72972899976433,43.928362000129226],[-70.75248299982262,43.91400600003896],[-70.75450999975222,43.9086669999759],[-70.75793400032286,43.90686399987886],[-70.75522100012992,43.888610000316014],[-70.75057999974159,43.88827199974736],[-70.75032700002161,43.88589000026081],[-70.74387799998681,43.885849000101686],[-70.76528800000581,43.871538000221264],[-70.76628800008852,43.877239000013574],[-70.78049199966426,43.86823099971498],[-70.78150299961763,43.873878999825536],[-70.79819299960559,43.86330400013732],[-70.79313299981592,43.85946700020124],[-70.79325900021263,43.85754699975973],[-70.79845000042187,43.85849599980927],[-70.80161200015337,43.856083000023844]]]}},{"type":"Feature","properties":{"GEOID":"23067","NAME":"State House District 67","BASENAME":"67","STATE":"23","SLDL":"067"},"geometry":{"type":"Polygon","coordinates":[[[-69.7802709996709,44.677119000145],[-69.7420910001963,44.598246000127446],[-69.48178800030375,44.55932899986742],[-69.47965699971877,44.566322000301895],[-69.44318399960831,44.56133799970427],[-69.44695499961028,44.57634900019618],[-69.43648400040166,44.61357899980639],[-69.58734200002354,44.634075999977014],[-69.60556799967141,44.65104499995201],[-69.61602999955753,44.6553379999374],[-69.62215599955213,44.665521999792],[-69.62786499979524,44.671001000148365],[-69.6299610002201,44.68453799997754],[-69.63269799980417,44.69066199988631],[-69.63297099961565,44.6987630000501],[-69.6407749995604,44.69984400020375],[-69.7298969999334,44.686876999989416],[-69.73194300012956,44.694209999767814],[-69.73228500043632,44.686520000149564],[-69.73421199990848,44.686228999983385],[-69.7382680003158,44.67128499974971],[-69.7802709996709,44.677119000145]]]}},{"type":"Feature","properties":{"GEOID":"23037","NAME":"State House District 37","BASENAME":"37","STATE":"23","SLDL":"037"},"geometry":{"type":"Polygon","coordinates":[[[-69.01416700034186,44.67179399985619],[-68.99940899984892,44.62045099996686],[-68.99149899959896,44.62540499997693],[-68.96651900031777,44.61645100004274],[-68.96432300033378,44.618142999732406],[-68.96536600007417,44.62090700006466],[-68.96343700005387,44.62191499992228],[-68.96054899995876,44.62039300008193],[-68.96232499981818,44.61875500019879],[-68.96109700012985,44.61697200031032],[-68.95658499961294,44.619832999932],[-68.9533290001701,44.6186790002785],[-68.95117900021688,44.619948000095214],[-68.93882699977021,44.61465799983327],[-68.92636700026685,44.613818000304],[-68.93389699967689,44.610531000148896],[-68.9431130003313,44.594261000275736],[-68.90290299965574,44.570460999689175],[-68.98235200033815,44.55866700027843],[-68.96561499959621,44.49912900023988],[-68.98119099969864,44.492010999882424],[-68.97822499978572,44.488851000030635],[-68.98145199981457,44.48730299990306],[-68.97449599961655,44.46619899992812],[-68.97147500035035,44.46649100007242],[-68.96913799990105,44.45718200023435],[-68.96618000038406,44.45754099988175],[-68.96309700029526,44.44787999980022],[-68.95776600034392,44.42859299981759],[-68.95552900035206,44.4004820001259],[-68.93535799989205,44.40507299998359],[-68.88664500038622,44.410887000018576],[-68.85305199997498,44.412428000171516],[-68.84925900023171,44.420792000023255],[-68.84074399990925,44.43133900007851],[-68.82895499970229,44.44183399969128],[-68.80915599968627,44.45492599971638],[-68.80007399982446,44.46307900024463],[-68.79655499971757,44.46997799995757],[-68.79246900007135,44.49366099968107],[-68.79404499991423,44.504292000242884],[-68.80327800028708,44.52731900019817],[-68.80330300040144,44.54335699983387],[-68.80622199956039,44.552265999746524],[-68.8047589996954,44.556952999713005],[-68.79830499963774,44.56580100018827],[-68.7983370003231,44.56826799973306],[-68.80779499992853,44.571200999987084],[-68.81261799989174,44.574750999923005],[-68.8236189997281,44.59601900003194],[-68.8307439999805,44.60428599990749],[-68.84475500011072,44.613493000031525],[-68.84750000009072,44.619839000112954],[-68.84639399970278,44.62646699969797],[-68.83492599988621,44.64145000017278],[-68.83162699988735,44.6516089998212],[-68.82241600015412,44.66400500007591],[-68.81211400010159,44.66932200003315],[-68.81653700003172,44.68580399991467],[-68.83649900025435,44.69183400029946],[-68.83783400007282,44.694010000071664],[-68.8362070001763,44.69797300024171],[-68.83752899957598,44.70212500028132],[-68.86597799963367,44.69695900012042],[-68.86535699966765,44.6942169999458],[-68.89588399970856,44.689247999810924],[-68.89672599960751,44.691723999902614],[-69.01416700034186,44.67179399985619]]]}},{"type":"Feature","properties":{"GEOID":"23150","NAME":"State House District 150","BASENAME":"150","STATE":"23","SLDL":"150"},"geometry":{"type":"Polygon","coordinates":[[[-70.83359500038657,43.14696500006204],[-70.82976599975996,43.13768400006215],[-70.82875999982947,43.13052800024254],[-70.82514199998838,43.125511000187174],[-70.80435299993539,43.11439599988928],[-70.78386400035639,43.100959000153836],[-70.77968800029846,43.096248000190016],[-70.76642600018079,43.0928320002714],[-70.74769199964648,43.10467200032512],[-70.75171600026674,43.11380100015088],[-70.7598089999165,43.120695999797995],[-70.73319599999267,43.14831799982853],[-70.74478900038106,43.15428299985599],[-70.75742700015965,43.1923049999371],[-70.75447499959212,43.197595000244505],[-70.77549299997396,43.20462100000329],[-70.7892370001405,43.21232100019318],[-70.79297299998235,43.21797100002986],[-70.7986789998524,43.22058999979987],[-70.80855800030564,43.23167399990739],[-70.81138100010342,43.22727500027495],[-70.80972999991747,43.22416499995795],[-70.81354500030037,43.21996900000723],[-70.81261399981464,43.2177190002134],[-70.81691700009416,43.21452999968347],[-70.81656599956656,43.211318000258935],[-70.82067100037767,43.199491999914585],[-70.81928200013255,43.19299199994475],[-70.82825500021441,43.187788999851485],[-70.82356899962022,43.1742390000186],[-70.82778200038639,43.17043200020373],[-70.8289720004399,43.158523000157935],[-70.83359500038657,43.14696500006204]]]}},{"type":"Feature","properties":{"GEOID":"23113","NAME":"State House District 113","BASENAME":"113","STATE":"23","SLDL":"113"},"geometry":{"type":"Polygon","coordinates":[[[-70.34079699970333,43.65225799981822],[-70.347398999899,43.64534199986067],[-70.3267489997632,43.64820099977222],[-70.31160700002903,43.65856300008249],[-70.29990900005866,43.66221300025345],[-70.30851300006957,43.66526300013353],[-70.31495899973132,43.673281999735586],[-70.30800300043164,43.671113999676734],[-70.30542900015587,43.676888999729265],[-70.30213500017987,43.67922800024183],[-70.29453600027455,43.677609999746515],[-70.29347900029043,43.68958400031431],[-70.30379899988631,43.709198999935815],[-70.30376600027435,43.71282800005361],[-70.30029400002313,43.720266000131936],[-70.30410900040603,43.72385400022614],[-70.3078250001564,43.72401899979342],[-70.30990700033757,43.72041100027586],[-70.31693600033051,43.717706000093116],[-70.31772899982568,43.7142530002113],[-70.3254680003714,43.707977999717876],[-70.32263800000261,43.70551700006545],[-70.32935300017618,43.69864099977391],[-70.32981099993557,43.69318099969328],[-70.33635399968172,43.69005900016984],[-70.32917300025112,43.67929299978058],[-70.33476199994531,43.66186400016156],[-70.33742999993241,43.6620449997456],[-70.34532599993865,43.65473899989173],[-70.34079699970333,43.65225799981822]]]}},{"type":"Feature","properties":{"GEOID":"23021","NAME":"State House District 21","BASENAME":"21","STATE":"23","SLDL":"021"},"geometry":{"type":"Polygon","coordinates":[[[-68.85151700013996,44.83714300029394],[-68.83642899993417,44.77753599986322],[-68.79175199984587,44.78337799969922],[-68.7811529996924,44.77828999970547],[-68.77579900017487,44.783135999962155],[-68.7713519999553,44.792400000242345],[-68.76409500035673,44.79899300025604],[-68.76580699974375,44.80000400026266],[-68.75906399998107,44.803249999982164],[-68.76197299999258,44.80936399990783],[-68.76904100034358,44.80835200016681],[-68.7673190000125,44.80315499997954],[-68.7775680003616,44.801214999894555],[-68.85151700013996,44.83714300029394]]]}},{"type":"Feature","properties":{"GEOID":"23068","NAME":"State House District 68","BASENAME":"68","STATE":"23","SLDL":"068"},"geometry":{"type":"Polygon","coordinates":[[[-69.63311799992874,44.70037300002936],[-69.63269799980417,44.69066199988631],[-69.6299610002201,44.68453799997754],[-69.62786499979524,44.671001000148365],[-69.62215599955213,44.665521999792],[-69.61602999955753,44.6553379999374],[-69.60556799967141,44.65104499995201],[-69.58734200002354,44.634075999977014],[-69.45737100036393,44.61643200027725],[-69.46418699992155,44.64313300003945],[-69.45896300010035,44.64491399998236],[-69.46060599989038,44.647053999752586],[-69.34288200019714,44.63494999969588],[-69.32598799999467,44.653886999949705],[-69.2990689997491,44.649967999745584],[-69.28592600035542,44.62711800014362],[-69.18373199983554,44.644022999688744],[-69.20519999958087,44.72958599996988],[-69.32740700037704,44.714441999932156],[-69.34354499999596,44.749818999795224],[-69.33930799983865,44.757912000119916],[-69.33994600042142,44.76012899982524],[-69.33620600038161,44.761035000009905],[-69.33528099974366,44.764593999889804],[-69.34811100004119,44.76941200024421],[-69.34990000031941,44.771743000119905],[-69.35419100000507,44.77135199995145],[-69.37156800008128,44.80894800010804],[-69.42510400044863,44.80218999984308],[-69.43920799956693,44.84590100024262],[-69.47022099985465,44.84148300004056],[-69.47109200006594,44.84366300014428],[-69.47458600005845,44.84220800029963],[-69.47423899972883,44.84090900023749],[-69.48462500034526,44.83939300027362],[-69.47901999985923,44.81828900027471],[-69.52165099975136,44.81208799994426],[-69.51521900033332,44.787986999908036],[-69.49812199974126,44.76749700002424],[-69.49313499974652,44.748232000033504],[-69.4766520003461,44.743768999770374],[-69.48339500010879,44.72027099997428],[-69.63311799992874,44.70037300002936]]]}},{"type":"Feature","properties":{"GEOID":"23058","NAME":"State House District 58","BASENAME":"58","STATE":"23","SLDL":"058"},"geometry":{"type":"Polygon","coordinates":[[[-70.1293899996147,44.487216999830714],[-70.0994609999736,44.380100999685006],[-70.02179100042197,44.390913999744946],[-70.01763499955722,44.39945200018466],[-70.01895600003029,44.415360000218826],[-70.0169850001772,44.41811000025618],[-70.01682500034364,44.42444000026957],[-69.98331399994812,44.419102000082006],[-69.98275800027945,44.420967999790925],[-69.94057799957571,44.41509200030831],[-69.94151699955906,44.411586000220154],[-69.92401300015953,44.40985699973808],[-69.8321290000881,44.39389400028207],[-69.7922249997343,44.48405299995752],[-69.78321300019269,44.490344999943645],[-69.77616199956014,44.50044000026298],[-69.76479699967572,44.50721900009088],[-69.7604800000508,44.51413499997983],[-69.78791099958411,44.51847699983712],[-69.7818750000012,44.526837000113844],[-69.77977899957631,44.53472899968559],[-69.77256700018357,44.53828899973211],[-69.76619299959353,44.55858300012474],[-69.77901000037062,44.56035600017536],[-69.77819600006073,44.56302200022777],[-69.77970999997935,44.56835899999843],[-69.78295700009966,44.5689259997249],[-69.78360200035513,44.570667999778394],[-69.7823190004152,44.575893999802084],[-69.81886100012265,44.58158400009242],[-69.81656700022937,44.58421600024972],[-69.8179849998885,44.58475499973251],[-69.8169780001331,44.585640000199845],[-69.81858999996099,44.58830699993162],[-69.81729899962515,44.59163300024319],[-69.81874300012187,44.5942920001419],[-69.81715200021037,44.59777000002306],[-69.82228599961988,44.60089699969301],[-69.82036199962245,44.603174999795215],[-69.82273699970659,44.60457999977844],[-69.82244600035177,44.607647999964506],[-69.82544099967869,44.60674000001276],[-69.85327299996833,44.621506000153374],[-69.93045100032369,44.61085200027024],[-69.94708100003719,44.64802200027906],[-69.9675899997077,44.658494999684926],[-69.96883199963973,44.66152799991782],[-69.96780599961777,44.662707000145616],[-69.96115800028963,44.66042199975407],[-69.95870299983956,44.662647999748735],[-69.95885299962738,44.67025400022368],[-69.96506200036099,44.67473000010883],[-69.95973300005949,44.68069899985587],[-69.99619100010135,44.67749700000189],[-70.00298599974255,44.70885499978271],[-70.009493000402,44.70814100007914],[-70.00876799978057,44.7048249997497],[-70.02210600006624,44.70332699971997],[-70.02288199984297,44.70461899997293],[-70.02695900016668,44.70283599985788],[-70.04938199978888,44.70032699990326],[-70.07716399984979,44.714698000061084],[-70.08736100032033,44.70468899998552],[-70.06578399989675,44.62009899968562],[-70.05511899962104,44.62099899979043],[-70.05304900003377,44.61921300027085],[-70.05428599994292,44.613850000100655],[-70.04868499965487,44.610035000152514],[-70.04872599966274,44.60694599987733],[-70.04522900019549,44.604704999799274],[-70.04598599970562,44.60248799983636],[-70.043273000411,44.60110000003123],[-70.03751800013714,44.58362000012187],[-70.0399509999476,44.57745299983122],[-70.04131199970534,44.57727899980568],[-70.04106099963518,44.5713929998405],[-70.04453000041165,44.56757199985148],[-70.04618599972217,44.567710000020995],[-70.04593600037524,44.56603699980322],[-70.04817199964387,44.56490099990887],[-70.0517700002918,44.557304999836354],[-70.05449900037827,44.55602400009796],[-70.05510299972754,44.55279699976319],[-70.05847700006946,44.55247200001837],[-70.06010800016392,44.545348999958485],[-70.06287999990809,44.54374399977021],[-70.06532299976429,44.539093000083874],[-70.07082100012019,44.53585100000012],[-70.07252699965942,44.53022600009057],[-70.0414420003,44.5141469997469],[-70.04065999977718,44.515135000067055],[-70.03554599956082,44.508083000097415],[-70.03787399978931,44.5002429999984],[-70.04230500011535,44.49453099972222],[-70.04581599982632,44.494097999943804],[-70.04641500005103,44.490910000243474],[-70.04232900040479,44.48867500030425],[-70.04235000032118,44.485234999932175],[-70.1293899996147,44.487216999830714]]]}},{"type":"Feature","properties":{"GEOID":"23062","NAME":"State House District 62","BASENAME":"62","STATE":"23","SLDL":"062"},"geometry":{"type":"Polygon","coordinates":[[[-69.62569999977337,44.36180199971879],[-69.65017100013986,44.279625000116184],[-69.54739800038507,44.260987999785854],[-69.54655800013595,44.26262999983905],[-69.54259200014032,44.26250099980932],[-69.53483699970106,44.26736299996663],[-69.5345019999653,44.27209500024093],[-69.52822299980981,44.275447000004746],[-69.49496400020772,44.25525800016414],[-69.48331999976573,44.24345999972379],[-69.472666000259,44.244566000165854],[-69.47017700037203,44.23617700000682],[-69.43283700024826,44.22673999974927],[-69.44948100020547,44.26227000014087],[-69.44066499958414,44.28443399981568],[-69.4512510002171,44.313950000286354],[-69.43698800019182,44.32448499977334],[-69.41642900029258,44.32130200002669],[-69.40456899994054,44.3329410002212],[-69.40908300010726,44.33639999986106],[-69.40226900019945,44.343058999680935],[-69.3967730003917,44.34056700004555],[-69.39414800006232,44.34315999982038],[-69.38587499958919,44.365487999957224],[-69.38230199995395,44.40125999970811],[-69.33963599990172,44.44938000010085],[-69.46969799979793,44.467154000096514],[-69.46969299977505,44.48223400025551],[-69.5153249997402,44.490441000024425],[-69.51398700044702,44.494511999836405],[-69.53855400017467,44.498075999930826],[-69.54326499998487,44.480602000293295],[-69.56498499962528,44.48386799968137],[-69.61356199958696,44.38250700019294],[-69.61525200013098,44.38238099975392],[-69.61498599999219,44.37431599986586],[-69.6177169997285,44.373481999839676],[-69.6154150003376,44.36994200018436],[-69.61186899956822,44.36853000018884],[-69.61330999969188,44.367099999816055],[-69.61335099969978,44.362882000193224],[-69.61274200032763,44.360279000092085],[-69.61036499969535,44.35921500000988],[-69.62569999977337,44.36180199971879]]]}},{"type":"Feature","properties":{"GEOID":"23040","NAME":"State House District 40","BASENAME":"40","STATE":"23","SLDL":"040"},"geometry":{"type":"Polygon","coordinates":[[[-69.39436099959934,44.34293400010704],[-69.25494599967968,44.241643999773785],[-69.1875790000055,44.30457200018738],[-69.12162199959454,44.25564400026301],[-69.04310500012109,44.259549999868],[-69.02836800044288,44.2490069999027],[-69.01321400011483,44.21055800026097],[-69.0048419999075,44.20316200013273],[-68.99999999967773,44.166739000277666],[-68.91663799960143,44.16666699968107],[-68.89342499995882,44.21727900015718],[-68.88966800020057,44.2297630003116],[-68.88428100017275,44.25944999968782],[-68.86182599986519,44.29489199973342],[-68.86012100015087,44.3024119997012],[-68.85952199992617,44.32698499976806],[-68.84267899977733,44.35730799984282],[-68.84050700008278,44.3736630001731],[-68.84242400040752,44.37984200018588],[-68.85149500039866,44.39563099979932],[-68.8534059999773,44.4032949998391],[-68.85305199997498,44.412428000171516],[-68.88664500038622,44.410887000018576],[-68.93535799989205,44.40507299998359],[-68.930862000167,44.37507699982993],[-68.93017599990364,44.34593399983441],[-68.9375730001426,44.33760999973014],[-68.94584900009045,44.316831000032224],[-68.94635399970554,44.30737399991913],[-68.96228899983318,44.286763000267044],[-68.97889000013268,44.27090000029571],[-69.00930900021855,44.32006199996384],[-69.02418700036209,44.324534999814844],[-69.03052900026677,44.33123600016295],[-69.0485130000653,44.341623999872844],[-69.05121000036472,44.34544899991138],[-69.07804800041941,44.35874399980513],[-69.10852400040669,44.337297000292146],[-69.17227499988962,44.39808300025944],[-69.15050099982253,44.40366100002658],[-69.1253630003576,44.40620200001429],[-69.10446700017448,44.41549500004851],[-69.16001100020483,44.46983499995339],[-69.2017580003652,44.46478600021604],[-69.20344299998804,44.471355000205115],[-69.25093899967615,44.506344000061475],[-69.27372899971948,44.517720999881966],[-69.27840600009282,44.517591999758906],[-69.28921000028568,44.52266999977468],[-69.30293900038359,44.514780000133456],[-69.30519100044407,44.5094799999699],[-69.31089999978884,44.504536000138636],[-69.31420299998567,44.50359500014566],[-69.30295699992692,44.50008700021759],[-69.33963599990172,44.44938000010085],[-69.38219599964874,44.40146399992087],[-69.38587499958919,44.365487999957224],[-69.39436099959934,44.34293400010704]]]}},{"type":"Feature","properties":{"GEOID":"23048","NAME":"State House District 48","BASENAME":"48","STATE":"23","SLDL":"048"},"geometry":{"type":"Polygon","coordinates":[[[-69.74350300000765,43.89359100028066],[-69.72924099980729,43.876207000045255],[-69.73023199966914,43.86783800000673],[-69.7248070000065,43.85981399971805],[-69.72221299963924,43.85243200006957],[-69.7143810001054,43.850603999906205],[-69.69207599958568,43.85717500019613],[-69.6901759998777,43.85336900026354],[-69.68918199964278,43.84499199995975],[-69.69559999971544,43.83674200003865],[-69.69772000042975,43.82987699992894],[-69.69758499981224,43.80845299971834],[-69.69566599983767,43.795036000120504],[-69.69189900003369,43.780963000049546],[-69.66474499961147,43.71174800021835],[-69.65558099973391,43.70720499982178],[-69.63153700006299,43.70088499995153],[-69.61728800028139,43.69981400002582],[-69.60775600015779,43.700399999913984],[-69.59670300044291,43.70329000030019],[-69.584573999579,43.70199599998493],[-69.5666180002679,43.70282999973212],[-69.55093800040837,43.70714400015835],[-69.53530799987925,43.71453400015581],[-69.52449299981572,43.723973999720435],[-69.51908999989439,43.7321219999],[-69.51572499977328,43.741379000040446],[-69.5141620003492,43.75008500029285],[-69.51582600005563,43.76097499970061],[-69.5120929996885,43.76441399972376],[-69.50580199983744,43.77815299993521],[-69.53114100004217,43.82215199974541],[-69.53104599960761,43.838471000320105],[-69.5330299998795,43.850185000217316],[-69.54368400028453,43.87538600021595],[-69.54247999998731,43.89684699993017],[-69.53966300003731,43.901627999846085],[-69.53311299972017,43.904837000302294],[-69.53234399961615,43.90900900023283],[-69.53515899991633,43.991481999907386],[-69.5471189998275,43.99524799983579],[-69.55352100000664,43.98661000031521],[-69.56296299971856,43.979775000238355],[-69.62620500028676,44.01017900023726],[-69.63782600026423,44.017105999736444],[-69.6420630004215,44.010442000041316],[-69.65797799955935,44.000889000317386],[-69.67605199976958,43.96943799999744],[-69.68378000044466,43.960648999842775],[-69.69515000035196,43.94096600029218],[-69.70481899984459,43.932421000237255],[-69.71275400020892,43.91983000026943],[-69.71955600042112,43.91371499994471],[-69.72990899962895,43.908633999858516],[-69.74350300000765,43.89359100028066]]]}},{"type":"Feature","properties":{"GEOID":"23035","NAME":"State House District 35","BASENAME":"35","STATE":"23","SLDL":"035"},"geometry":{"type":"Polygon","coordinates":[[[-69.10262099999485,44.83249599992693],[-69.09533400025904,44.80294400019906],[-69.1018700003325,44.802087000060794],[-69.10063400024823,44.79695700029045],[-69.09405299996895,44.79773200012679],[-69.0813549999159,44.745751999735155],[-68.94615899971187,44.76306599978825],[-68.94660800014876,44.76914699987083],[-68.94450199967811,44.77182400010595],[-68.94268499981081,44.77112099988192],[-68.94112499986146,44.77246200024492],[-68.94248200031953,44.77541100009922],[-68.94590299961882,44.77589400029855],[-68.9462030000928,44.77738399976985],[-68.93883400034123,44.77909499974315],[-68.93289999996723,44.77713900017407],[-68.92832999972401,44.772216000220524],[-68.92348199964646,44.77203700007045],[-68.92108999984389,44.77007799996885],[-68.92077900039757,44.76655800001112],[-68.83642899993417,44.77753599986322],[-68.85904099970223,44.86493699999696],[-69.10262099999485,44.83249599992693]]]}},{"type":"Feature","properties":{"GEOID":"23075","NAME":"State House District 75","BASENAME":"75","STATE":"23","SLDL":"075"},"geometry":{"type":"Polygon","coordinates":[[[-70.22936300003622,44.728055000000154],[-70.22111499967745,44.69583399987338],[-70.19717399993871,44.6546129997241],[-70.15741699989799,44.612594000122215],[-70.13445799980028,44.59522500003343],[-70.15248099995688,44.58930999986929],[-70.13957000036682,44.53823099978874],[-70.1293899996147,44.487216999830714],[-70.04235000032118,44.485234999932175],[-70.04232900040479,44.48867500030425],[-70.04641500005103,44.490910000243474],[-70.04581599982632,44.494097999943804],[-70.04230500011535,44.49453099972222],[-70.03787399978931,44.5002429999984],[-70.03554599956082,44.508083000097415],[-70.04065999977718,44.515135000067055],[-70.0414420003,44.5141469997469],[-70.07252699965942,44.53022600009057],[-70.07082100012019,44.53585100000012],[-70.06532299976429,44.539093000083874],[-70.06287999990809,44.54374399977021],[-70.06010800016392,44.545348999958485],[-70.05847700006946,44.55247200001837],[-70.05510299972754,44.55279699976319],[-70.05449900037827,44.55602400009796],[-70.0517700002918,44.557304999836354],[-70.04817199964387,44.56490099990887],[-70.04593600037524,44.56603699980322],[-70.04618599972217,44.567710000020995],[-70.04453000041165,44.56757199985148],[-70.04106099963518,44.5713929998405],[-70.04131199970534,44.57727899980568],[-70.0399509999476,44.57745299983122],[-70.03758699973413,44.58408700027218],[-70.04012699967471,44.5884530002462],[-70.043273000411,44.60110000003123],[-70.04598599970562,44.60248799983636],[-70.04522900019549,44.604704999799274],[-70.04872599966274,44.60694599987733],[-70.04868499965487,44.610035000152514],[-70.05428599994292,44.613850000100655],[-70.05304900003377,44.61921300027085],[-70.05511899962104,44.62099899979043],[-70.06578399989675,44.62009899968562],[-70.09751900043281,44.74268100006767],[-70.11154100043369,44.74123099977888],[-70.11578699991348,44.76034699969762],[-70.1353879995628,44.75855499986861],[-70.13031600007754,44.73909800017472],[-70.17105899995727,44.73464999999767],[-70.17141399978452,44.73610399981423],[-70.19191499995742,44.73392099982553],[-70.19151699957416,44.73280899994666],[-70.22936300003622,44.728055000000154]]]}},{"type":"Feature","properties":{"GEOID":"23072","NAME":"State House District 72","BASENAME":"72","STATE":"23","SLDL":"072"},"geometry":{"type":"Polygon","coordinates":[[[-70.4176539996683,45.71338600009205],[-70.34366999972984,45.72307599972821],[-70.16007200036462,45.751415000296696],[-70.12897500041133,45.629773999892834],[-70.1350700004438,45.626527000246114],[-70.11772500015462,45.5636549998417],[-70.13645399976774,45.56092499969229],[-70.13299599976021,45.5571139999677],[-70.12048299965508,45.55092299972732],[-70.10419900044631,45.53891999990264],[-70.09971000039393,45.52759500009285],[-70.09450099974303,45.52209899980532],[-70.09099800042799,45.5128159999664],[-70.08007100021148,45.504685000050365],[-70.07554399962598,45.4918740002304],[-70.06487300040081,45.476449999702254],[-70.06521499980926,45.46876500023709],[-70.05641499997976,45.45924900013605],[-70.0544600000202,45.452065999789056],[-70.05507799961318,45.43895500018585],[-70.04955400021633,45.424617000140245],[-69.87968000002782,45.4490049998161],[-69.88337900005976,45.44366600024701],[-69.88948499996287,45.44351500000634],[-69.90361599974369,45.427598000224],[-69.90491600030039,45.42165100017221],[-69.91846899977287,45.41701599976043],[-69.92210099985766,45.413241999879375],[-69.92823799972294,45.41285900006515],[-69.93138399956091,45.404062000039524],[-69.93757900005082,45.40076599973438],[-69.9364080002639,45.396544999691166],[-69.9388589996177,45.39366699969763],[-69.93865000027863,45.391648000267416],[-69.93275400043778,45.3875779999881],[-69.93264700030765,45.383258000026316],[-69.93679900007614,45.37620799976006],[-69.95017300034681,45.37026900000639],[-69.94743199966646,45.365593000005916],[-69.95228099956893,45.36073700020313],[-69.95069300003048,45.35750499972306],[-69.95755799999189,45.353591000029766],[-69.95786799961328,45.35099999996646],[-69.95512400035653,45.347067000172984],[-69.95845900034041,45.3442439998347],[-69.87386799985256,45.356066000143976],[-69.87109100008551,45.35332899978905],[-69.87370100034629,45.352166000120896],[-69.87307399963419,45.350081999816936],[-69.86905099973714,45.34870899985806],[-69.86544600031485,45.344878999857585],[-69.86104699977585,45.34460200016966],[-69.85568900006035,45.34145100025357],[-69.85508800018582,45.3386780001083],[-69.85899700028006,45.3327439998185],[-69.85354400013,45.32736199996599],[-69.8473920001961,45.32513000012173],[-69.84350999986606,45.3181869999543],[-69.83944199976318,45.31581800023298],[-69.83303600028438,45.300773999856915],[-69.83218900036256,45.294024999912075],[-69.82397299979085,45.27577499994749],[-69.99112899976353,45.25214099982138],[-69.99093200012004,45.246710999749666],[-70.00132399968594,45.235256000057724],[-69.99548899994447,45.22538200030217],[-69.99158599969803,45.210384000066846],[-69.98772900038065,45.203696999997234],[-69.98497000015696,45.18673999973392],[-69.98706300020878,45.170717000174655],[-69.98141900026302,45.16310900006695],[-69.97354900019603,45.15868899984239],[-69.96659100034822,45.15694400016952],[-70.02919699998345,45.14750300018987],[-70.00436400011704,45.05367800019012],[-70.13344299964896,45.03668800001646],[-70.12242900029214,45.00006199981937],[-70.11036499972558,44.9473109998297],[-70.01349600020755,44.95975199979495],[-70.00032399960325,44.89758300010516],[-69.99378599987999,44.893687999814084],[-69.99103000002935,44.889831999956776],[-69.9921969996183,44.88759000019723],[-69.98972399962489,44.88575699993792],[-69.98730800043118,44.88016100030727],[-69.9946749996346,44.87915999979888],[-69.99293099956222,44.869633000009095],[-70.03327000010921,44.86453999999407],[-70.0255320002867,44.83068100007701],[-70.0322559997828,44.82983700030097],[-70.02710700030468,44.809061999861335],[-70.02072299966888,44.80976700003931],[-70.01559699975698,44.78694700023313],[-70.00315399997204,44.78829000029699],[-70.00083099976645,44.773817000311624],[-69.88891099985253,44.78782299989673],[-69.88907700043221,44.79076599969972],[-69.88430899982227,44.79451199999118],[-69.88862299997244,44.79729600001576],[-69.88642100014067,44.802389999724454],[-69.89172199995477,44.8121529997585],[-69.88461699979385,44.81636700006245],[-69.87320599987865,44.818147000303036],[-69.87116999972824,44.822159999886956],[-69.87425199999213,44.83021099999352],[-69.87335499984157,44.833081000075985],[-69.87101599974245,44.834457999714914],[-69.86600799983131,44.83212800027098],[-69.86438900033073,44.83318500010369],[-69.8666609995844,44.84073800005724],[-69.86877499955261,44.84084799987009],[-69.87101400009263,44.83795100011628],[-69.87369200012547,44.83809200027148],[-69.87859100025666,44.84220500025672],[-69.87927300032204,44.84605200016304],[-69.87751400018105,44.848397000119625],[-69.87238700044423,44.84966099969374],[-69.86890799962201,44.854755999882634],[-69.86298599984188,44.85543099989886],[-69.86283299968102,44.857573999854154],[-69.86553900020127,44.860543000231026],[-69.86348200013444,44.868957000130074],[-69.86456000003496,44.87958100022499],[-69.85955299994873,44.88717100019963],[-69.6255829995975,44.91737300024325],[-69.61496699972562,44.87980700020821],[-69.61135700028045,44.88021299985781],[-69.60979999980583,44.88367800021933],[-69.60703800010741,44.884206000021805],[-69.60599299981887,44.887943000284054],[-69.6038479998885,44.88861999974037],[-69.60787199961045,44.89210499983204],[-69.60312300016541,44.89733800006279],[-69.60295800030896,44.8998600002149],[-69.59999599969568,44.900771000007936],[-69.59921099969812,44.90460099982428],[-69.59696100018577,44.904694000195576],[-69.59530400015203,44.90781299969045],[-69.59065000024322,44.90787700017611],[-69.58747199971988,44.909735000029805],[-69.58146200007623,44.908414999969715],[-69.57301299987601,44.91063600013915],[-69.57415500024894,44.91195800023761],[-69.56994099965787,44.91407700027072],[-69.57138900035255,44.91483000001887],[-69.57104899969562,44.91935099978786],[-69.56065799995461,44.91446099970745],[-69.56741699961083,44.91912200012413],[-69.55312500017153,44.916851000176095],[-69.55415600021637,44.91928100030692],[-69.5500119999455,44.923190000246464],[-69.55198600017165,44.925341000214274],[-69.55058400040603,44.92703599982495],[-69.46765599979972,44.93903600017746],[-69.47544399985094,44.96822900030937],[-69.33094900005013,44.98690099997221],[-69.35384500039866,45.06713799969733],[-69.35981999988222,45.06567399986068],[-69.36354999987628,45.06253400007024],[-69.36793099997362,45.063712999772974],[-69.37081499987077,45.06031899985037],[-69.36842100041838,45.0553849998948],[-69.37379099982945,45.05471900025555],[-69.37584899972119,45.05585999970773],[-69.37939700014039,45.053864000110885],[-69.38503299969022,45.054924999882466],[-69.39208699979753,45.0485680000318],[-69.39033000020468,45.046778000216825],[-69.39293799991732,45.04484700015629],[-69.39267799962633,45.04347100007498],[-69.38973500017792,45.043818999705486],[-69.38852699968275,45.0417570002986],[-69.39522799961264,45.04026700023181],[-69.39978399961215,45.034998000060895],[-69.39948400003651,45.03251700006012],[-69.40395200017247,45.031684000282674],[-69.40439599968818,45.02782099986779],[-69.40859500021061,45.02456100014494],[-69.41128300028919,45.02474000002904],[-69.41261100043496,45.02279999989823],[-69.4157320001586,45.0232749998107],[-69.4274190002583,45.01518400027312],[-69.4277849999562,45.012738999879446],[-69.43384200035382,45.00642300018863],[-69.43895300019713,45.00376199973175],[-69.44303899984335,45.007603000241176],[-69.44642599970577,45.00686999976798],[-69.45372000001258,45.01167500002258],[-69.459234000262,45.00464999979948],[-69.45633100009826,45.0024869997461],[-69.45668799957532,44.99926300017793],[-69.46565999983227,44.9982099998182],[-69.46906599996123,45.00060399979939],[-69.47770799960698,45.00035699993221],[-69.48223199981946,44.994184000058695],[-69.4924500002064,45.028321000121664],[-69.7291939999516,44.996547999923976],[-69.73084900033552,45.004026999970506],[-69.74350800003053,45.002581000186375],[-69.74181900020974,44.994995000077914],[-69.75036899979398,44.99384000006265],[-69.75475800028724,45.015142000215604],[-69.7730259997679,45.08284700009452],[-69.65475999975133,45.09998899977513],[-69.68700699957517,45.20810799992246],[-69.68364599965204,45.21239900009978],[-69.70535000029724,45.278153999962974],[-69.70832399970776,45.291353999903514],[-69.70042799970153,45.29246099986527],[-69.729214999868,45.37917899970979],[-69.77992800043755,45.54276599975517],[-69.77328400040908,45.54546200008612],[-69.77536999988989,45.549872000040686],[-69.77349799977101,45.55458799969167],[-69.76022399995776,45.554236000237765],[-69.74490599959817,45.560884999973446],[-69.74340500009838,45.562776000076894],[-69.731671000143,45.56683899980852],[-69.72810299963231,45.57032300007289],[-69.72864900015357,45.57208800009507],[-69.72345499957129,45.58170700000075],[-69.71445800009832,45.585571000176564],[-69.7131280003027,45.59485099972822],[-69.71761499980694,45.59746900022758],[-69.72117200044698,45.60342300013564],[-69.72008399960241,45.6079299999617],[-69.71735299986612,45.60866300029323],[-69.7192869999093,45.614631999931646],[-69.71724599973601,45.612098000105895],[-69.71400399963855,45.6120679998492],[-69.71215499998418,45.61394300013215],[-69.70991100031962,45.61316099997424],[-69.70846400034816,45.61629299988475],[-69.70306399990156,45.62038599975381],[-69.70159400036388,45.627816000163605],[-69.70703999994294,45.63289900017658],[-69.70818300014076,45.6375099998038],[-69.71840599965228,45.63985399977986],[-69.71632099999637,45.6476390002419],[-69.71264000040608,45.64744199993075],[-69.71380500034523,45.65003100017931],[-69.71185100021057,45.65039399993556],[-69.70522300007562,45.64467899979752],[-69.70073400002327,45.644581000078716],[-69.69647900032264,45.64068700003215],[-69.69414299969824,45.640939999930104],[-69.69180600014725,45.64503100003974],[-69.70134999996641,45.651652000261286],[-69.72269600041132,45.65748699975462],[-69.72651400026893,45.656409000055014],[-69.73492199956296,45.65754400001026],[-69.7317349997171,45.65582200009579],[-69.736135000081,45.650709000002394],[-69.74420199979149,45.65221299978222],[-69.739501000027,45.65721700010156],[-69.74134100035886,45.65768699986754],[-69.7414140001538,45.66024699987608],[-69.74469100041135,45.66147699995165],[-69.7442729999366,45.66416199992314],[-69.73940200029281,45.66739299989728],[-69.74043099978952,45.668088000059164],[-69.73886099979441,45.67497100015735],[-69.73674799965112,45.67671700027222],[-69.73837299989779,45.676878000051936],[-69.73863099964065,45.679310999940306],[-69.7487929999511,45.68121099970997],[-69.75619500021294,45.67963199999259],[-69.76009799956107,45.68249100021485],[-69.76492899992019,45.682545000221936],[-69.78275700008314,45.69058299986077],[-69.78525699984073,45.69278000020978],[-69.78580199963876,45.69971099975463],[-69.79043299998135,45.704486000278926],[-69.79024399983545,45.710342000250314],[-69.79777800034178,45.71484899984663],[-69.80388000004695,45.715697000244944],[-69.8056569997313,45.72013599975175],[-69.80898400021755,45.72260100014738],[-69.81509599996846,45.721419000311336],[-69.80891999974514,45.72334800016507],[-69.80371000016765,45.720540999692176],[-69.80309300039958,45.72356000026972],[-69.79982600018778,45.72266500010185],[-69.79826600023843,45.72500699993967],[-69.79208599981713,45.725585999771454],[-69.79152500012557,45.72831700003087],[-69.79388299959295,45.72845799988837],[-69.80003000040227,45.73312699972897],[-69.80923500028773,45.7330530000349],[-69.81253199973844,45.735887999770966],[-69.81007299998872,45.73596799979766],[-69.81151900013526,45.73716900027162],[-69.81922799964545,45.739093999836825],[-69.82411799955581,45.742262999807075],[-69.82735200015566,45.73779299980343],[-69.83310499988136,45.73859300022366],[-69.8271649996596,45.73982900016315],[-69.82478499955258,45.743225999969546],[-69.8174280003949,45.746942000058546],[-69.8127819999837,45.74711899970688],[-69.81264100041669,45.74578299972609],[-69.80190900019386,45.74899600019553],[-69.79630500043106,45.74607800014702],[-69.78813800026316,45.74686399980161],[-69.78945499963996,45.7480029997207],[-69.78864500042636,45.74960100028607],[-69.79222800010734,45.75119700004317],[-69.78970400006028,45.75574600009495],[-69.79465599989493,45.75747099973203],[-69.79145599963027,45.75842500014097],[-69.79307900022714,45.75875999983338],[-69.79319100038012,45.761819999743295],[-69.78966899990019,45.76650199972244],[-69.79039799982125,45.76771699973674],[-69.7821000001321,45.76963199973055],[-69.78385099987716,45.77217699994163],[-69.78156200000674,45.77371299975965],[-69.78416999971938,45.77303399983478],[-69.78475200022567,45.774173000105144],[-69.78286400021325,45.7751089997445],[-69.78757599984837,45.774904999724086],[-69.7875010004036,45.77664299972859],[-69.7895480004247,45.77786199972649],[-69.78413799993233,45.782250999877206],[-69.78806299992009,45.78456000008483],[-69.78808600038462,45.7827500001057],[-69.79178399969334,45.78391300000423],[-69.79298899981546,45.783030999708735],[-69.79417899986896,45.782785000231584],[-69.79635300011164,45.78341299970442],[-69.79587299971261,45.78421300028686],[-69.79730200014072,45.783144999892876],[-69.80004499957258,45.78364800019714],[-69.80098899957879,45.784753000110115],[-69.79843699994264,45.784577999800604],[-69.80140700005353,45.7851100001907],[-69.80199399968437,45.78619100018802],[-69.79781500015172,45.784582000293476],[-69.79724600006423,45.783335000308256],[-69.79735999986703,45.785439999779484],[-69.79599699956118,45.78522500030716],[-69.79359399988793,45.783049999755605],[-69.79186099968622,45.78525799990998],[-69.78854300031911,45.78366099982225],[-69.78826299993663,45.78454499979525],[-69.78779199975844,45.784980000290915],[-69.78315799994111,45.7847730000031],[-69.78386400029595,45.78368899996833],[-69.78167099978668,45.78199299993586],[-69.78602699976966,45.77978099994273],[-69.78507299971773,45.77714599979922],[-69.78106099969132,45.77796100027402],[-69.7818399998411,45.775620000260645],[-69.7738280003822,45.766044000311034],[-69.7743270001495,45.764726000119616],[-69.76793900021404,45.762901000061],[-69.76852300037015,45.76132199982845],[-69.75286199987889,45.761665000189616],[-69.75033199998406,45.763356000264295],[-69.75144099984672,45.765913999823056],[-69.74723100035192,45.75970900011367],[-69.7437800000171,45.7598120000594],[-69.74093100028003,45.755537000306155],[-69.7367760001385,45.754632000137754],[-69.7325790001642,45.75597800026332],[-69.72636199993298,45.76230900022333],[-69.7245400000428,45.766600999757706],[-69.72579500039365,45.771440000003594],[-69.72934999958723,45.77602100021898],[-69.73599199996588,45.77922300001539],[-69.73791000011552,45.782540999988626],[-69.72282500028275,45.783303000026486],[-69.72310899996488,45.78557899986823],[-69.71924000005362,45.79114800019096],[-69.71738800002622,45.798755999752515],[-69.70863800042545,45.81147900024657],[-69.7124370000165,45.81948400028898],[-69.71254800034458,45.823047000220626],[-69.71633000021718,45.82892800000859],[-69.71843400013967,45.829793000117306],[-69.71933899978782,45.83362100000066],[-69.7243209997597,45.833293000083984],[-69.72580500043938,45.83438099973674],[-69.72003400027201,45.83491699970667],[-69.71728400026915,45.83447099978408],[-69.71796399978638,45.83332400026378],[-69.71498000033013,45.83183899971144],[-69.71207499961824,45.832235999975765],[-69.70818599961551,45.83653499997888],[-69.70712500033176,45.84224300028577],[-69.70426499982572,45.846136000205426],[-69.70769600006905,45.84702799971055],[-69.7082919999207,45.85040900006249],[-69.70571699982004,45.853938999911335],[-69.71093899999143,45.856300999761196],[-69.71153300019326,45.86078399994118],[-69.71498899965263,45.862368999702234],[-69.71731000020841,45.86577099996149],[-69.72453599984485,45.86578800010678],[-69.72559000035423,45.867131000158345],[-69.72366499963357,45.87100899995898],[-69.72476599999861,45.8738290001338],[-69.73366600028554,45.87697999998657],[-69.73367399978315,45.8791319999428],[-69.73766499989313,45.880243999770265],[-69.73813299969827,45.88313099982407],[-69.73214399997102,45.87835799990585],[-69.72692000014982,45.88020499971363],[-69.72407300006257,45.87910300025297],[-69.7226250002662,45.880998000069766],[-69.71277400030039,45.8831790002001],[-69.70878700038836,45.885583999880176],[-69.69780200044552,45.885670000140244],[-69.69849200000851,45.88033300006948],[-69.7026999998535,45.8783449998657],[-69.70039199971652,45.87380499997753],[-69.70130999978345,45.872606999800546],[-69.69676100035493,45.867220999770296],[-69.69691799981545,45.86425400021542],[-69.69200100014092,45.86508499969703],[-69.69383300007685,45.86188799980695],[-69.68915099968062,45.857884000199306],[-69.69006899974757,45.8541610000651],[-69.68343300011503,45.85096099998848],[-69.67763500018347,45.85289699972643],[-69.67630399966467,45.85139000022147],[-69.6744550000103,45.85234600008972],[-69.6741670001302,45.856740000262064],[-69.6723920000957,45.85895600009455],[-69.67443099972084,45.86224699976244],[-69.65667700007607,45.86013200007374],[-69.65678900022907,45.86189100007933],[-69.65492999963065,45.86166300018838],[-69.65388299969229,45.86367999999863],[-69.64859000027411,45.86283300002254],[-69.64656599981925,45.8639880000889],[-69.68356399963628,45.98363199972683],[-69.72857700018355,45.976882000115054],[-69.7323199996981,46.39400799982303],[-69.7192459999014,46.39410899978208],[-69.72110899979945,46.57405300003786],[-70.0231870003398,46.57348699977674],[-70.05650000036859,46.41557799981316],[-70.0764469996243,46.40953899980913],[-70.08124700002128,46.41066699986779],[-70.0870280002344,46.40924699995741],[-70.08911700008827,46.410924999769215],[-70.09694399959923,46.409478000020165],[-70.09452199965943,46.40829699983972],[-70.09683900001725,46.40699699982702],[-70.09517500031082,46.406417000070675],[-70.10093600043245,46.40525600025107],[-70.09777499962755,46.40424400014859],[-70.1004190002235,46.403150000138176],[-70.09878099955803,46.40106899976507],[-70.10093600043245,46.40126399985695],[-70.10165600013268,46.39707499982328],[-70.10752799968408,46.39263900004284],[-70.10684999981665,46.390530999834525],[-70.10869699982118,46.39137500016571],[-70.10987500017912,46.39026899995928],[-70.1077610002109,46.38899699979828],[-70.1077610002109,46.387718999809074],[-70.10990000029346,46.388941999759396],[-70.11021400011285,46.387419000123955],[-70.1123170002104,46.38809399988523],[-70.11076399993374,46.386108000111555],[-70.11421100007061,46.38520299984513],[-70.11497500015176,46.38801700015251],[-70.1166470002541,46.388217000206716],[-70.11620600021315,46.385917000265025],[-70.1270249995763,46.380399999703464],[-70.12810599984986,46.378938999894046],[-70.12699199996435,46.37080799997887],[-70.1337330000772,46.36888299989606],[-70.13643600022439,46.36987200029045],[-70.14137499964023,46.364805999931484],[-70.14109400033115,46.36252200020575],[-70.1448999995949,46.36210599990231],[-70.14809200036196,46.358993999863706],[-70.15643299970881,46.36145000030789],[-70.15860299975354,46.35923899992061],[-70.16167199959862,46.361061000056395],[-70.16656400005714,46.357361000144856],[-70.17288599987033,46.35918600026964],[-70.18110599974167,46.354161000128144],[-70.1816920004459,46.352181000101695],[-70.19118900040941,46.35021699969815],[-70.19148099958915,46.34756699969783],[-70.19577499964782,46.34328600023518],[-70.19569699983002,46.34083299992509],[-70.20894399987908,46.32949399969531],[-70.20604699956313,46.3247419997119],[-70.20729199986822,46.31955299970558],[-70.20298299974093,46.314361000240986],[-70.2061000001649,46.309855999805094],[-70.20588099988178,46.29972799993736],[-70.21237199974938,46.2985390000704],[-70.21524999979876,46.29476900024973],[-70.2169000001598,46.29544400028825],[-70.21696100025916,46.29422800024654],[-70.23163299964006,46.291027999704326],[-70.2325309996155,46.28470800005304],[-70.23987799962576,46.27914999986502],[-70.24066699982127,46.272950000104274],[-70.24335300025004,46.27306900002411],[-70.24304399955524,46.27181100021808],[-70.24866099973681,46.267081000070256],[-70.25009199981476,46.26143100005091],[-70.2530719999714,46.25882500009229],[-70.25303900035942,46.25516699995666],[-70.2546779999515,46.25421399979485],[-70.2515029998012,46.25186900030584],[-70.25089199988092,46.24910799979071],[-70.25539199980393,46.246125000176285],[-70.25405299978752,46.245699999737056],[-70.2591970001411,46.238916999712465],[-70.25797799977528,46.237927999853575],[-70.2603670001031,46.23022799986209],[-70.26733599982158,46.22501700000457],[-70.26576400017667,46.223610999918186],[-70.26748099958655,46.21940800022411],[-70.26904200025912,46.21966100001623],[-70.26871099982301,46.21797799980521],[-70.27150000018395,46.21648099977433],[-70.27364699976413,46.21682799984338],[-70.27436099961658,46.21451900027028],[-70.2720190000427,46.213700000258164],[-70.27107500003649,46.21082499976555],[-70.276396999767,46.207507999874245],[-70.27753300029214,46.20369700002261],[-70.28541400022978,46.197571999698255],[-70.28600599988349,46.195386000304225],[-70.28816900025552,46.19528300028339],[-70.28897500016946,46.19277200010812],[-70.29269199974475,46.19146399976276],[-70.29009400007784,46.188881000117725],[-70.29060799991375,46.18513599991726],[-70.28593899993633,46.184627999996735],[-70.28583900037721,46.182599999841074],[-70.27759400039149,46.17457500010544],[-70.2665690002657,46.169330999844995],[-70.26446699999305,46.164653000266725],[-70.25964400002984,46.16321099993484],[-70.2554389996596,46.15848300000227],[-70.25261400021198,46.158155999704455],[-70.24953600014605,46.15551100008937],[-70.25035600030371,46.154293999763375],[-70.2476029999278,46.15312499987611],[-70.24823300011464,46.15180599976984],[-70.2438219998801,46.15146099987727],[-70.24251700019887,46.14975000030082],[-70.24059400002635,46.15096899980145],[-70.24041900012416,46.14899200004868],[-70.23628300024922,46.14523299991725],[-70.23958100042317,46.14319399990841],[-70.2396750001345,46.13786399996624],[-70.24390300007094,46.13101100015913],[-70.24356400013724,46.128755999795764],[-70.24743600042153,46.12558899981683],[-70.24783899992936,46.12267500007654],[-70.25148299970971,46.11951099984665],[-70.2521780001939,46.11506899974261],[-70.25453099963842,46.11370300023943],[-70.25348299987512,46.112261000169156],[-70.25532200038205,46.10902500017985],[-70.25279400013703,46.10759199997817],[-70.25220800033112,46.10528900024785],[-70.25311399980419,46.10011900014981],[-70.27253299987859,46.10208500010663],[-70.27936699987788,46.09985999975387],[-70.28593700028651,46.099826000263356],[-70.2841839999933,46.09788999981671],[-70.28970599974032,46.09457399984146],[-70.29202200027323,46.08679300024911],[-70.30190900022407,46.08236000019059],[-70.30227900011992,46.08042900021049],[-70.29998199985359,46.07841499999366],[-70.30285900007806,46.07659099971036],[-70.30207699955525,46.0732680000843],[-70.30502499992483,46.07180299971626],[-70.30253100001501,46.07035799974492],[-70.31084899979564,46.06461300029477],[-70.3080989997928,46.06154799971669],[-70.30335500037062,46.0622590001358],[-70.30038400043482,46.06058499985705],[-70.29219399980236,46.0604409997277],[-70.28424599991759,46.06271800025325],[-70.28218399982788,46.06026700026511],[-70.27894199973045,46.06083799994519],[-70.27832099976443,46.05628599972051],[-70.2807760002145,46.054273999823636],[-70.27961399975008,46.052325999864756],[-70.28104900002597,46.05064600009926],[-70.28913599982793,46.04650199978766],[-70.29424199964835,46.041018999977325],[-70.29736499992013,46.04070999983956],[-70.30185300014757,46.033338000206676],[-70.30193400033842,46.031802999910596],[-70.29846000043739,46.03087899985403],[-70.30137399957347,46.02762000006524],[-70.31799599978937,46.0190750001987],[-70.31404700041048,46.01612999973528],[-70.31222999964486,46.0166540000134],[-70.31049599961823,46.0149249997862],[-70.3113030002554,46.012054000227685],[-70.30612100026701,46.00976599974033],[-70.30554799998156,46.00359100000723],[-70.30301999973653,46.00296699978248],[-70.30402499984211,46.001191999690796],[-70.3023689996333,45.998680000285404],[-70.2919219998158,45.99736099974192],[-70.2903519998207,45.99590199999044],[-70.29109400016056,45.99495900019238],[-70.28870900003068,45.99528899974568],[-70.28862700001491,45.994007999720615],[-70.28394200014397,45.99548800017045],[-70.29467099999377,45.98616299997656],[-70.29972699958546,45.98587500025283],[-70.30698999993014,45.98269199996335],[-70.30891099955453,45.98039800028731],[-70.30703199976293,45.97834799987433],[-70.31193400026717,45.97451800003399],[-70.31024299989825,45.972539000134304],[-70.3124639999966,45.96910799981395],[-70.31157000021909,45.96635899978296],[-70.31585900025492,45.96299099978285],[-70.31255100003523,45.962135000268205],[-70.30484599982468,45.964973000232106],[-70.29837400022367,45.962893999890994],[-70.28338599957696,45.96377699993018],[-70.27700400038762,45.9672510001448],[-70.27268600003949,45.9643730001568],[-70.27494200029793,45.96345799987863],[-70.273539999634,45.96108800022363],[-70.26571399994795,45.964206000225495],[-70.26144400017871,45.959988000100324],[-70.25802399980603,45.95897899998261],[-70.26006599980421,45.95759099974841],[-70.25865800019083,45.9545880002897],[-70.26052600011177,45.95229000028588],[-70.25635099987876,45.95205800008155],[-70.25504199999958,45.954337999934005],[-70.25164099989345,45.95487599974116],[-70.2480310004483,45.94963599976186],[-70.24232499967992,45.94663899973097],[-70.24427499961664,45.94467799992213],[-70.23914200003202,45.94394399993196],[-70.24035399982685,45.94291500010946],[-70.239506999905,45.93984800015094],[-70.25330700014803,45.93254799979283],[-70.26309000034179,45.923986999925596],[-70.26235100037499,45.920041999964674],[-70.26055899972373,45.92046699999695],[-70.25718299973198,45.91763899994623],[-70.25953199987684,45.90976400028475],[-70.25338599979074,45.907369999930886],[-70.25386700001467,45.902479999844964],[-70.26571800014592,45.89374899982138],[-70.25882200022237,45.891168999849555],[-70.26194399977089,45.88811900007717],[-70.2722090000135,45.8830839999499],[-70.2739260003217,45.87964200014407],[-70.2844579996297,45.8716980000395],[-70.30351600002909,45.8627369997347],[-70.30780599988982,45.85884699977218],[-70.34194499992404,45.852343999773346],[-70.34351599974406,45.8499779999956],[-70.34930100015514,45.847067999835886],[-70.35299199979114,45.84236000018464],[-70.35218599987721,45.84090300000294],[-70.35569499993834,45.83960099970138],[-70.35942599975735,45.83544999969991],[-70.37082400015203,45.83519799975338],[-70.37193100036487,45.83395899974336],[-70.36933699999761,45.83117099989307],[-70.37224099998626,45.828003999846906],[-70.37679899963561,45.82676499992706],[-70.388027000151,45.818802999758624],[-70.38779299979926,45.81435300002566],[-70.39669300008619,45.80809599996479],[-70.39785100035265,45.803769999728736],[-70.39571599956969,45.80252699987102],[-70.39615999998372,45.798659000174865],[-70.40136700008648,45.79595800016714],[-70.4066700004487,45.797796000249896],[-70.416870000394,45.79553600014921],[-70.41780600000428,45.79397999986064],[-70.41435499966946,45.790161000230604],[-70.41573899989172,45.78534799980961],[-70.41018299980949,45.7842370002648],[-70.40562400033525,45.77651500004391],[-70.40766399978531,45.77320900003774],[-70.40546399960336,45.77000500002495],[-70.40702699992576,45.76252799989072],[-70.40077899973241,45.75735999997521],[-70.39587600030158,45.75663200010643],[-70.38842499963593,45.75020600008725],[-70.38914900043243,45.74700200027843],[-70.3945110003459,45.743589000217696],[-70.39292399973405,45.74146100002201],[-70.39389399967953,45.74008900013285],[-70.3893710001903,45.73745100007959],[-70.39013899957106,45.73609599972736],[-70.3854439996544,45.73626999975896],[-70.38586100030425,45.73461800021989],[-70.38383600002446,45.734554000165296],[-70.39010199976116,45.72849600015816],[-70.39650599959012,45.72908100001016],[-70.39673099972103,45.725141000143076],[-70.4006220002719,45.72166100013072],[-70.40034600008738,45.71971700019407],[-70.40767200018124,45.71669399984499],[-70.41296700014753,45.716568999933074],[-70.4176539996683,45.71338600009205]]]}},{"type":"Feature","properties":{"GEOID":"23092","NAME":"State House District 92","BASENAME":"92","STATE":"23","SLDL":"092"},"geometry":{"type":"Polygon","coordinates":[[[-70.21274099982033,44.179356999775905],[-70.20132800025532,44.170574000311035],[-70.19975200041243,44.167507000313975],[-70.11525200016118,44.12623699970747],[-70.11875000035168,44.11539400020802],[-70.11622299993158,44.10776200029514],[-70.12679299977272,44.06559000013123],[-70.02522799961477,44.050921000195515],[-70.00547100032986,44.12451899973268],[-70.01243500002546,44.12543399980265],[-70.01173200004368,44.128011000110995],[-70.02944999970346,44.13094499986833],[-70.03060700014498,44.12792799970344],[-70.05613299994747,44.13143600010554],[-70.0560230003426,44.13268699999449],[-70.06194500012272,44.13350599976697],[-70.06423300016822,44.1325139999153],[-70.1018479997533,44.13767999978308],[-70.10174499982114,44.14581499984264],[-70.09017300024747,44.16676199995752],[-70.0848389999231,44.19007000018714],[-70.08088700017117,44.19548200009604],[-70.08839700038804,44.21256200016121],[-70.17835099971595,44.25875999998563],[-70.18373500026904,44.24818000021657],[-70.18822699979613,44.24332599982083],[-70.19019500017448,44.232641000277454],[-70.18857099975271,44.218923999949574],[-70.20256500016448,44.20011799972261],[-70.21274099982033,44.179356999775905]]]}},{"type":"Feature","properties":{"GEOID":"23003","NAME":"State House District 3","BASENAME":"3","STATE":"23","SLDL":"003"},"geometry":{"type":"Polygon","coordinates":[[[-68.30197500022545,47.01744400017064],[-68.30015499998511,46.926445000159454],[-68.17869600027491,46.928859999927546],[-68.17729799980893,46.837037999965965],[-68.0593990002135,46.839319999751694],[-68.06288099961215,46.9555879998947],[-67.92927600021794,46.95788999984608],[-67.92679400000368,46.86658100026579],[-67.91912599960307,46.86598299970076],[-67.91921699983966,46.77892999990581],[-67.92607900032634,46.77876499979152],[-67.92160100014462,46.686521000136594],[-67.92052700044206,46.5968860002605],[-67.78825299977004,46.59991899991548],[-67.79019600003404,47.06722000016147],[-67.8112160000657,47.07604700022453],[-67.82110999968923,47.08341399973131],[-67.8305410004288,47.084970000207896],[-67.84866699961925,47.093303000165044],[-67.88291600015664,47.1044030002324],[-67.8881659999171,47.109813000064875],[-67.89085599964551,47.1265579998233],[-67.89420800024614,47.13046799970252],[-67.90349099994938,47.136485000222066],[-67.90983299985406,47.147219000017344],[-67.92201399969818,47.151989000207415],[-67.92739099968026,47.14797600024622],[-67.92734600037274,47.13561200016967],[-68.05963600003997,47.1347320002676],[-68.06013800018032,47.111640999900594],[-68.17944000026458,47.110910999807246],[-68.17896999991129,47.02052899984801],[-68.30197500022545,47.01744400017064]]]}},{"type":"Feature","properties":{"GEOID":"23008","NAME":"State House District 8","BASENAME":"8","STATE":"23","SLDL":"008"},"geometry":{"type":"Polygon","coordinates":[[[-68.55881500008762,45.94490300003248],[-68.55856800021542,45.85547299973751],[-68.42662099978152,45.85338000009714],[-68.42755100044235,45.75986700022025],[-68.43070700032608,45.75991900019712],[-68.43104100023692,45.74964200001555],[-68.43300100021936,45.58120399973163],[-68.42825100005109,45.57880299976069],[-68.42402599958938,45.57908400002937],[-68.42047399987052,45.57641900000011],[-68.41941100003862,45.57753000030096],[-68.41042000041342,45.57308800016614],[-68.4003509999894,45.564485000237646],[-68.39121800007396,45.559927000180295],[-68.3803219998196,45.548586000131245],[-68.36981399990275,45.540444999698536],[-68.36628999977297,45.528349000220814],[-68.3622919999903,45.521880999971664],[-68.36243000008257,45.51805100013845],[-68.35904499986998,45.51216200019374],[-68.3592159995742,45.50718099973694],[-68.35768599976207,45.50434600018551],[-68.36331399981432,45.497866000288724],[-68.36320900023233,45.49554799970319],[-68.2667759998341,45.50993300019648],[-68.24131899962859,45.426600000021296],[-68.36858100019153,45.40614500013115],[-68.31228999979848,45.22040899968584],[-67.99854000012536,45.25978400007553],[-67.74944700030655,45.293958999762744],[-67.63542400029506,45.31115600030069],[-67.55080799969285,45.319925000105435],[-67.53870800003959,45.2736139997894],[-67.53199000039127,45.26933099969712],[-67.5220370003182,45.253057000224985],[-67.51229000010947,45.25679700002108],[-67.50433499965365,45.2623739999621],[-67.50363000002204,45.270542000065205],[-67.49713699960631,45.27220299997475],[-67.49446299977143,45.27558899999605],[-67.48775299962072,45.276066999892144],[-67.48711800030932,45.28016800022654],[-67.48966300027277,45.28213299990767],[-67.4858710003544,45.28701499991071],[-67.48639600006095,45.28989099993798],[-67.48507799996094,45.291153000055445],[-67.48121499989746,45.2910970000086],[-67.47793400034026,45.288313000207054],[-67.47611099972686,45.28863300008854],[-67.47471499980904,45.29167700025181],[-67.46612500004183,45.29385899998378],[-67.46595799963724,45.29688499979427],[-67.46870299961724,45.297375000137194],[-67.46806900013073,45.298994000135046],[-67.46031200004167,45.30001800023037],[-67.45786300033768,45.30959100012544],[-67.45346700017173,45.31369100018443],[-67.45183699990218,45.317681999751954],[-67.45690900028572,45.32525400006937],[-67.4507890001389,45.32915899995116],[-67.44360199996221,45.33086900016252],[-67.44060500008713,45.33603699971772],[-67.43122600012443,45.34107300021614],[-67.42887899962938,45.344387000220664],[-67.43145600027819,45.34976300020101],[-67.4253529998498,45.35741500027737],[-67.43355400035288,45.36081799987858],[-67.43453000014615,45.36496399978456],[-67.4301680003154,45.37161700014657],[-67.42675100031578,45.373681000150924],[-67.42113400013417,45.373571000075266],[-67.4192350002511,45.37710399993655],[-67.42281999958192,45.379288000121946],[-67.4276409998953,45.39101599990905],[-67.44689099991533,45.40675400007194],[-67.45272700038004,45.40967699992359],[-67.45914299990456,45.415780999808156],[-67.46124199980416,45.42222799991273],[-67.47267700000879,45.42322000006265],[-67.4775209998884,45.43052800002687],[-67.47813500018172,45.43686799984427],[-67.48039100044015,45.44093499974054],[-67.47646899992716,45.443322000007676],[-67.47789800035527,45.44642799971654],[-67.48396200042559,45.44940200016657],[-67.48502899955714,45.45275900027998],[-67.48494599971644,45.45634299973076],[-67.48249700001249,45.45709799974052],[-67.48210600020023,45.459396999978765],[-67.48722700008926,45.46772900026094],[-67.50094600014143,45.47893999989035],[-67.50371399968763,45.486703999722614],[-67.50345500011987,45.489567999826],[-67.5000649998844,45.490899999755484],[-67.49509899980607,45.48868700025329],[-67.4895319998532,45.48915499987068],[-67.48816100004973,45.49117900000563],[-67.48921800003384,45.493055999941184],[-67.48548899986467,45.49559999988512],[-67.4816900002736,45.49380500020376],[-67.47759700005638,45.497048000004185],[-67.47330299999768,45.4960640002549],[-67.47139499989377,45.49723900015643],[-67.46754299970095,45.49517500005406],[-67.46373499988907,45.497055999967536],[-67.47123599988512,45.50085100026098],[-67.46988599999804,45.50582699982638],[-67.46689699962059,45.50580500004623],[-67.46359900034496,45.50838000005321],[-67.45158900020506,45.499070999949865],[-67.44971399971311,45.499086999930235],[-67.44891899966983,45.5021260001301],[-67.4534589997758,45.50884799969966],[-67.45014100040869,45.51026700011191],[-67.44192400001208,45.50523900011383],[-67.43061500020414,45.50307899996079],[-67.43010700021603,45.50102299988322],[-67.42733700012168,45.50091699971691],[-67.42447400014092,45.50365299985962],[-67.42522399997836,45.504895000291036],[-67.4228179999321,45.50549500016965],[-67.41801099986242,45.50120199977041],[-67.41621099971354,45.50129500020468],[-67.42092800026985,45.51179200003645],[-67.42640599963596,45.51518400020436],[-67.42568799958555,45.517122000264266],[-67.43269800021024,45.519780999987844],[-67.43174400015828,45.52379700006043],[-67.43486400005699,45.52813700002602],[-67.43474299968317,45.53588599977305],[-67.4324710004295,45.540407000053875],[-67.42507699966527,45.54025799992443],[-67.42390099985548,45.54701999990127],[-67.42066600032904,45.549675999896444],[-67.42267599964187,45.55376800006551],[-67.42205399985093,45.55653199973652],[-67.42654100025348,45.56060399984085],[-67.42887000030687,45.56833699997217],[-67.42319399967573,45.57159200001384],[-67.42552799975198,45.57843199999078],[-67.44509699961422,45.5961780002665],[-67.44732500028358,45.59660699973832],[-67.45001800038504,45.602465999931724],[-67.45670199969818,45.6043400001613],[-67.46500100011058,45.60343600024142],[-67.4684890002553,45.600681000274996],[-67.47248600021308,45.60051700023892],[-67.4771839996045,45.60390900030138],[-67.48601399957123,45.60141399979648],[-67.49329000033468,45.60134299971722],[-67.49410799994418,45.59893800005439],[-67.48774599994803,45.59696299968608],[-67.48795799966014,45.59582199973856],[-67.49113199998553,45.59323500009833],[-67.49150600007935,45.590897999687655],[-67.499022000144,45.58665400022155],[-67.51921600017022,45.58756800025755],[-67.53521300022216,45.595042999808996],[-67.54799499994081,45.59784699998004],[-67.55707900035075,45.59697299995214],[-67.55776800008884,45.59482199974076],[-67.56168899987863,45.59469300002678],[-67.58322299974618,45.60226899982074],[-67.58985699972891,45.60678400004756],[-67.60837399962993,45.6061480002916],[-67.6391020004106,45.625114999736375],[-67.64395600033593,45.6231469999852],[-67.63977500025516,45.616081999949756],[-67.6455659996157,45.61333900018127],[-67.66328099980075,45.62536000027452],[-67.66622699962217,45.62421400029728],[-67.67522999984125,45.63074100017461],[-67.67978400019095,45.638222000212416],[-67.69229999977081,45.65008700015334],[-67.6913130001069,45.653533999773934],[-67.69794100024185,45.65955400001491],[-67.70139000002854,45.669057000115096],[-67.71053800001258,45.67920299990758],[-67.70957399991488,45.68132800013963],[-67.71781399987772,45.67941000020561],[-67.72825200037269,45.68924400019182],[-67.73455200044457,45.68891999988637],[-67.72995399971396,45.67667499987142],[-67.72370499969568,45.67219200016438],[-67.72349200015869,45.669990999803964],[-67.71794299974916,45.66766100002986],[-67.71760299999052,45.665137999979294],[-67.72007299961089,45.662264999851175],[-67.72494699962773,45.66416600025912],[-67.72722899982544,45.66264000012396],[-67.73247299973814,45.66337999968866],[-67.74442000012884,45.67291700009062],[-67.7543029998817,45.667574999995935],[-67.76871800024297,45.67748699994078],[-67.80362999968087,45.67765100017252],[-67.81800800023218,45.6938190002306],[-67.80293400027008,45.69608799973604],[-67.80962199978116,45.72957400021211],[-67.78179600023762,45.73111700009597],[-67.79287900008974,45.75007499987629],[-67.80627000007884,45.75524399977917],[-67.80931299998468,45.76735800021979],[-67.80551299967038,45.76954100007315],[-67.80385200033702,45.78110299973152],[-67.80648299961587,45.79440499991532],[-67.80211800031039,45.80303399979043],[-67.78084899985838,45.815363000215434],[-67.78068900002481,45.81775700008437],[-67.77810200022856,45.819208000115275],[-67.76564199982688,45.81853300017991],[-67.75531899985793,45.82335000002968],[-67.76377300008103,45.828839000028516],[-67.76523000009821,45.83442199973463],[-67.76880299973347,45.839003000174316],[-67.78991800019969,45.851927000128896],[-67.79711399969888,45.86002500022007],[-67.7959300003915,45.86180299994685],[-67.79850399976894,45.8640460002156],[-67.79615100032441,45.86524300014718],[-67.80454699992289,45.86937900020513],[-67.80322499962489,45.87033599995151],[-67.80480499966575,45.87528400017708],[-67.80295900038445,45.883841000191524],[-67.79886199996922,45.88432400001508],[-67.79633700009727,45.88832600020705],[-67.79521499981584,45.88781400001763],[-67.78584400024903,45.89537099990965],[-67.77925299992398,45.89458300008133],[-67.7780779999391,45.89752799975139],[-67.77646899958594,45.895906999832995],[-67.76805299989603,45.89811099981382],[-67.76952599980675,45.90080799993545],[-67.76481199962348,45.90797700019269],[-67.76532299998465,45.90975300021955],[-67.76039399971621,45.909624000087405],[-67.75793099976853,45.912248999714464],[-67.75537099973647,45.91165999980936],[-67.75062800013922,45.917636000183855],[-67.75384799959704,45.92132399989959],[-67.7583779996573,45.92333000015799],[-67.7585550001076,45.926378000296914],[-67.76623799967854,45.92803299996282],[-67.76593800010289,45.93053599983692],[-67.76808300003324,45.932164000243766],[-67.77190699973866,45.93194700009566],[-67.77347000006107,45.93482300002238],[-67.77783600008978,45.934207000035],[-67.78061700005478,45.93928700020629],[-67.78121899975423,46.096182999978716],[-67.90655999979447,46.09526199986461],[-67.91188499989802,45.993074000253],[-68.0400520001091,45.99085599993725],[-68.03996300042064,46.03869199983244],[-68.43227300012322,46.03556800028113],[-68.43177600000575,45.9542700003017],[-68.427598000298,45.944590999801214],[-68.55881500008762,45.94490300003248]]]}},{"type":"Feature","properties":{"GEOID":"23016","NAME":"State House District 16","BASENAME":"16","STATE":"23","SLDL":"016"},"geometry":{"type":"Polygon","coordinates":[[[-68.86058599958298,44.3202929999524],[-68.86120099970123,44.29665599974385],[-68.82647900023413,44.30213199993876],[-68.80336199995267,44.29836699975498],[-68.78923199999677,44.298918000053476],[-68.73979300004464,44.31787999968066],[-68.72771199975963,44.31328800007745],[-68.68795700026706,44.29331600001244],[-68.63216800001433,44.27037699991055],[-68.62566000042828,44.29276899995581],[-68.61107900038569,44.30450499983924],[-68.61018499970989,44.305970000187344],[-68.61139400002996,44.30702699999707],[-68.60674900034199,44.31018899971798],[-68.60638500029391,44.313613999732894],[-68.59537600006163,44.32327600028178],[-68.59432999994817,44.326162000003535],[-68.58705999993082,44.327829000146465],[-68.58677200005071,44.333783000104305],[-68.57802800029773,44.344744000278524],[-68.51015699993509,44.29801300027377],[-68.47855000034383,44.29763899990189],[-68.47125000018926,44.30708599989325],[-68.46250700026117,44.32484799989031],[-68.46259900032267,44.32703600016842],[-68.47075399989669,44.335959999909655],[-68.47213599957081,44.34493399985235],[-68.47114300005913,44.36203500029415],[-68.45115599972213,44.3721319997824],[-68.43971200019499,44.38465299978936],[-68.41983700001096,44.385576000235936],[-68.40177799986937,44.39560600025473],[-68.38856599998039,44.39549100015809],[-68.37676599990279,44.400532000172575],[-68.37446199996376,44.401946999693536],[-68.37446199996376,44.40693900006971],[-68.3781049999192,44.41641199980226],[-68.36932600000611,44.42326000005043],[-68.36067799961427,44.420623000174245],[-68.35430899994542,44.42403999987348],[-68.35761499961697,44.429446999809116],[-68.3524629997658,44.433757000179945],[-68.34972500035681,44.440475999832415],[-68.34306299988668,44.44395800025074],[-68.35177999987549,44.45497299976121],[-68.35264100004102,44.45925799991017],[-68.35540199991453,44.46268200004182],[-68.35708900008551,44.474970999745416],[-68.35363699992577,44.480595999841604],[-68.35178900009632,44.491010999732886],[-68.35695799966594,44.494208999808706],[-68.35954700001032,44.4991350000667],[-68.37021300011091,44.49667000024005],[-68.38927300016014,44.51572700024166],[-68.40238700013983,44.47820099993551],[-68.42537600037475,44.47243100030985],[-68.43464800020735,44.47592599997129],[-68.43175900028731,44.47952200006304],[-68.42883600003209,44.49421700003902],[-68.43026999958477,44.50160699983559],[-68.45569800037624,44.503576000009794],[-68.47254399999981,44.51334700004186],[-68.51731899999741,44.52781899972745],[-68.51824499956196,44.529973999714976],[-68.53562800038429,44.53659999969416],[-68.54765699989242,44.5440759999699],[-68.5546239999611,44.54570099984633],[-68.56694100024765,44.544590999724754],[-68.57572299963547,44.55215999991294],[-68.58729599993235,44.55240500028651],[-68.59594099995115,44.55693699983137],[-68.60232899988658,44.547613999762476],[-68.62552399998586,44.540824000293156],[-68.62131299976784,44.531600000264866],[-68.62093899967402,44.52639500010238],[-68.62273600034817,44.520937000234355],[-68.62117499967557,44.51645299998403],[-68.6187329996443,44.51377999971947],[-68.61081599972164,44.51130000000471],[-68.60732299955401,44.508619000236905],[-68.59945199966212,44.493084000143604],[-68.63037100023851,44.50537799977114],[-68.70406399992385,44.39538500017023],[-68.70512099990795,44.39677900001311],[-68.70300899958956,44.40072099988577],[-68.7034990000343,44.40272999989017],[-68.71714699994136,44.41348199998056],[-68.72023300040321,44.413769000082695],[-68.72649400011703,44.409895000079416],[-68.73429899988669,44.41469899999502],[-68.74182800037015,44.42479500029343],[-68.74596699971983,44.42790500025912],[-68.76279399997514,44.424831000200754],[-68.77219399985427,44.43056700011918],[-68.76964200021811,44.43228599974474],[-68.7765409996164,44.43563100028879],[-68.77671399986876,44.44230600028935],[-68.78046399995432,44.448245999904486],[-68.78330000017091,44.447158000264494],[-68.78753300013025,44.45430100029937],[-68.80096400030232,44.46203100011121],[-68.82895499970229,44.44183399969128],[-68.84074399990925,44.43133900007851],[-68.85085199979301,44.41807000017928],[-68.85351599958216,44.40801700017861],[-68.85087299970941,44.39397899976463],[-68.84090600029096,44.37622000007981],[-68.84101400024598,44.36282900024025],[-68.84578100013269,44.350960000307786],[-68.85900300006739,44.32871800018001],[-68.86058599958298,44.3202929999524]]]}},{"type":"Feature","properties":{"GEOID":"23026","NAME":"State House District 26","BASENAME":"26","STATE":"23","SLDL":"026"},"geometry":{"type":"Polygon","coordinates":[[[-68.81309900011568,44.981443000133304],[-68.7910849998491,44.89801100029252],[-68.78633800005386,44.897997000295135],[-68.78714099959475,44.901312000278004],[-68.71290099956326,44.91290099979124],[-68.71340699990155,44.91191699968477],[-68.68120299973542,44.90478300025264],[-68.67841699974754,44.90975300016811],[-68.66001299982443,44.91235600015871],[-68.65677499992495,44.901263999847046],[-68.63762399963912,44.90401799992531],[-68.63771200040098,44.90192599973682],[-68.64235200006607,44.89511199970374],[-68.6604260002763,44.88213699983877],[-68.6718589999328,44.86642999984238],[-68.55986000037618,44.8175850002064],[-68.51672999981845,44.865595000023305],[-68.4730140003531,44.87076299987075],[-68.49183699967756,44.94402599992339],[-68.63630399988928,44.9239449998871],[-68.64105400005754,44.92913999988245],[-68.63629300001861,44.93470199987565],[-68.64846499964192,44.9439040002213],[-68.6491330003619,44.946228999984726],[-68.64561599990485,44.94844100011013],[-68.64448399957766,44.9518769998327],[-68.64506100006106,44.95754100007894],[-68.64706899972407,44.959517999702584],[-68.64647899972019,44.96211799994947],[-68.6406859998115,44.96714599975821],[-68.64034500022798,44.96986299969352],[-68.63595400008491,44.97289600007063],[-68.63494800015441,44.97547700014722],[-68.6361089998956,44.983541999716415],[-68.64177999960556,44.99508700030853],[-68.640705999903,45.01240699974185],[-68.64171699985637,45.01637500005842],[-68.66051300031494,45.042329999730754],[-68.65508500027924,45.066555000245366],[-68.66004299996166,45.076515000169564],[-68.64883600026099,45.08251199985709],[-68.64990400011575,45.085909000065946],[-68.65490600017911,45.09011500011103],[-68.65590200006385,45.094559999725774],[-68.64831499985407,45.09543699979249],[-68.64272399961176,45.098578999718114],[-68.64433100031509,45.1030089999801],[-68.64157299991632,45.10698799984636],[-68.63936600006168,45.114939000053006],[-68.63265000006318,45.115859000269445],[-68.62420699971075,45.11014400026355],[-68.61863399991009,45.113318999918945],[-68.61340500006601,45.12248600031414],[-68.61553400010287,45.126789000195906],[-68.61554900017147,45.132190000285796],[-68.61738799978009,45.13477399994622],[-68.62076200012203,45.1355000001382],[-68.6157700001044,45.1454579997619],[-68.62146000008093,45.15267000015619],[-68.62742299986893,45.157081999808405],[-68.62871199965664,45.160695999827254],[-68.63284300040704,45.163391999786896],[-68.62596800039987,45.17273099983213],[-68.62536800035024,45.17790499993747],[-68.61613800035045,45.187496999897164],[-68.6144319999129,45.198694000216555],[-68.61632099975023,45.20140599995413],[-68.62391299998286,45.20422099996103],[-68.62697699980508,45.207255999943975],[-68.63849300020058,45.211604999729666],[-68.64403900023704,45.22009000025124],[-68.64913800038478,45.22460000023046],[-68.64970699957395,45.235439999703985],[-68.6518149996944,45.2401270001331],[-68.65068800028838,45.24685199979116],[-68.64650499965947,45.249710999951134],[-68.65177200003669,45.24708099999187],[-68.6435780001046,45.25174500011272],[-68.64360599969369,45.25629100021372],[-68.64049900021378,45.25938199980448],[-68.64328500020164,45.268419999685186],[-68.63567700007548,45.27663199975307],[-68.6360450003215,45.2781179998164],[-68.6364240004382,45.27835399972933],[-68.63599199971975,45.27648900025735],[-68.6398189997982,45.27332400004376],[-68.6379940004333,45.285506000013235],[-68.63153000032986,45.29072399968548],[-68.62801799989568,45.290789000026685],[-68.62731400008899,45.28968399989418],[-68.62848599970083,45.289647000310545],[-68.62928900014003,45.2893800003106],[-68.62726999970805,45.288959000204905],[-68.62706499966865,45.290191999936],[-68.62787999980343,45.29094199981643],[-68.62314399987883,45.29425200000202],[-68.62163400015821,45.29887400003881],[-68.62627899984618,45.304757999921485],[-68.62497499998987,45.30686000029872],[-68.62658099996996,45.30525900030398],[-68.6284620003097,45.30710600003678],[-68.62820899969138,45.30947199979835],[-68.61695000011218,45.31509699980277],[-68.59832699990595,45.329308999941325],[-68.58931799983908,45.333279999950456],[-68.58435400030889,45.33921899996044],[-68.57176400021085,45.341179999878115],[-68.57130899992617,45.34105700022569],[-68.57185799992219,45.339893000157],[-68.57139900033786,45.33961199996726],[-68.56263899979305,45.350547000113366],[-68.5567220000358,45.355237000091066],[-68.55177699987387,45.35699999971898],[-68.53476899986856,45.37079399980579],[-68.52558300024968,45.37146699990875],[-68.50699500020357,45.37641099991012],[-68.49662399965575,45.39106100004746],[-68.49486899971272,45.394859999901925],[-68.49612900008643,45.40117599972034],[-68.49116499965791,45.41108199978052],[-68.4860110001569,45.41629800002681],[-68.47663100036928,45.41799800010258],[-68.46480500035241,45.426045000247],[-68.46282399955525,45.42969299988418],[-68.45069499958967,45.43702600016666],[-68.44067700011759,45.43903400000174],[-68.42837300024982,45.44565200016492],[-68.419544000108,45.45497700021948],[-68.39246199965584,45.46766499995902],[-68.38366799967412,45.477472999715985],[-68.38106400015945,45.48378600010811],[-68.37503000022635,45.48780399996416],[-68.36717500022795,45.49026299977818],[-68.3682260003643,45.49030500006772],[-68.36342400031748,45.49429300006224],[-68.36331399981432,45.497866000288724],[-68.35768599976207,45.50434600018551],[-68.3592159995742,45.50718099973694],[-68.35904499986998,45.51216200019374],[-68.36243000008257,45.51805100013845],[-68.3622919999903,45.521880999971664],[-68.36628999977297,45.528349000220814],[-68.36952400037283,45.54007900029828],[-68.3803219998196,45.548586000131245],[-68.39121800007396,45.559927000180295],[-68.4003509999894,45.564485000237646],[-68.41042000041342,45.57308800016614],[-68.41941100003862,45.57753000030096],[-68.42047399987052,45.57641900000011],[-68.42421899993322,45.57915200020302],[-68.42825100005109,45.57880299976069],[-68.4313840003686,45.58135799972143],[-68.43559600041152,45.58160900020803],[-68.44009700015945,45.58546599985008],[-68.4482249999693,45.586549000034736],[-68.45172300015979,45.5906890000467],[-68.46696000032851,45.5998230000074],[-68.46938999976592,45.59769399998293],[-68.46717700006349,45.59377700018545],[-68.47026299962702,45.59211699987379],[-68.47858899980359,45.59225500021913],[-68.48715299963153,45.594795999934355],[-68.5141859996799,45.59803699985172],[-68.52964700015461,45.604167999694106],[-68.53677800025481,45.61529600003022],[-68.53740699971844,45.614164000290465],[-68.53676999985889,45.6209120003097],[-68.54185999978579,45.63118900002042],[-68.54161999958627,45.63555400017303],[-68.54579499981928,45.63888300008609],[-68.54655700025063,45.64159099992409],[-68.55173199966801,45.64373099984984],[-68.55277500030674,45.65292899972069],[-68.55665400026373,45.65761600008501],[-68.5616649996496,45.66081599983455],[-68.55319200005825,45.6517199997794],[-68.55389400021514,45.64685399978789],[-68.5526749998493,45.643712000108934],[-68.54696200030658,45.641021000078005],[-68.54616499971512,45.63816399984186],[-68.54393399957105,45.63640000028659],[-68.543360000359,45.62736100020786],[-68.5441479998313,45.62843099974968],[-68.54508299961667,45.62741700022775],[-68.54625500012682,45.63001000020719],[-68.54530100007486,45.62709900013447],[-68.54700400013937,45.62618699969929],[-68.54282600043162,45.6250549999414],[-68.54307699960346,45.62354799989187],[-68.54138000028507,45.620030999774045],[-68.53972200042642,45.619151000105674],[-68.53887799997933,45.61414299988072],[-68.53507699984014,45.60977100028404],[-68.53589100015,45.608244000134505],[-68.54450299965853,45.60749599988719],[-68.55382300007001,45.61535499988862],[-68.56222000039169,45.616107000260456],[-68.57687900025209,45.6222379999516],[-68.58444800002022,45.62228399991268],[-68.60573400019065,45.63257999975677],[-68.60724499973621,45.63229600029103],[-68.58720399987085,45.6210700003132],[-68.57380600020906,45.62014700029075],[-68.56252300034039,45.61462300001162],[-68.55422700030105,45.61376299987426],[-68.54636999975456,45.60677400027319],[-68.5323219998144,45.60363900010058],[-68.51372500044577,45.595479000158754],[-68.50506600018328,45.59454199974124],[-68.50056100023737,45.59182199969211],[-68.48961700030245,45.59174600007814],[-68.48634800044081,45.59308200009823],[-68.48035899981522,45.59008399974273],[-68.47275300023719,45.58979700016912],[-68.4747030001739,45.58420799998163],[-68.4736699995809,45.58285299972601],[-68.46488399999512,45.58271300022275],[-68.46414800040138,45.578928999741805],[-68.45393900023527,45.586136000118614],[-68.44836200023664,45.582977000126135],[-68.44895300006544,45.58157500004749],[-68.4470009995806,45.582367000141495],[-68.44481600036559,45.58058300024304],[-68.44234099982403,45.582001999903255],[-68.43849799985203,45.57971499994746],[-68.44401200010147,45.57889600019328],[-68.43758999983083,45.57755000021135],[-68.43983400039372,45.57656200002004],[-68.43894100044113,45.57526200022251],[-68.43653600021976,45.57669899986471],[-68.43126700019273,45.57487300030561],[-68.4269570002405,45.5754540000321],[-68.4077790001905,45.568709000306676],[-68.40259300000413,45.56291300021802],[-68.39428799974398,45.55842199970724],[-68.37738500021898,45.544100999720165],[-68.37065800034983,45.53533299984875],[-68.36064199962925,45.51137500011669],[-68.36165599995567,45.5083880002951],[-68.36022499987774,45.503122999754346],[-68.36989699974342,45.49640799988494],[-68.37153500040888,45.49017899973489],[-68.3833780001442,45.485508999902095],[-68.3858970001684,45.48054499980893],[-68.39355299997514,45.47765099987183],[-68.39651300004027,45.47126699989894],[-68.40069800031904,45.467589999788366],[-68.4350399998445,45.4492040000934],[-68.44467099970231,45.44031799986006],[-68.45192499982616,45.43794999989547],[-68.48690599975933,45.418957000073554],[-68.49582299976468,45.40677299991683],[-68.49932799962785,45.39779599989173],[-68.49781799990721,45.39324399995852],[-68.50434099956186,45.38613900008106],[-68.50966400001558,45.38398799989884],[-68.51607100021758,45.38575500010246],[-68.51508399965536,45.388917000016846],[-68.51773499992402,45.392105999773975],[-68.51518699958753,45.388828000019494],[-68.51636599977036,45.386146000021945],[-68.51566600016163,45.384860000117214],[-68.52783100011223,45.381453999793095],[-68.53953699958018,45.3743909997945],[-68.55001299970998,45.362857000121295],[-68.56606800038655,45.35201899996132],[-68.57700800012354,45.349328000123045],[-68.59371700037808,45.33371700014727],[-68.60116700032049,45.33054299976425],[-68.61248000032639,45.32142599976828],[-68.6172329999694,45.31949999975633],[-68.62586999959227,45.319066000151054],[-68.63416300015686,45.312406999998316],[-68.63525399957784,45.30547800031377],[-68.6279989996291,45.30261199981551],[-68.62771900014494,45.30001000012356],[-68.63247599998591,45.29428300016096],[-68.63502900034527,45.29362899975974],[-68.63917899956562,45.2962620000417],[-68.64239700027193,45.29314800009247],[-68.64175700003933,45.28126399973228],[-68.64398300016055,45.27704100003912],[-68.64407400039715,45.27264400001706],[-68.64686399968467,45.26968600011341],[-68.64586699997501,45.25807599999663],[-68.64923600029405,45.25424099986592],[-68.65013300044461,45.25049600003161],[-68.65438800014525,45.24751200002822],[-68.65350900043637,45.24016799990873],[-68.65501099976109,45.241943999712696],[-68.65523300041724,45.23985500030151],[-68.65233500027638,45.23460199996533],[-68.65322200038119,45.2269619997472],[-68.65199899981741,45.22445599969337],[-68.64788700023189,45.22152699998376],[-68.64051299955916,45.210864000052304],[-68.6292940001629,45.20392399995931],[-68.6244710001997,45.19452799977912],[-68.62334100042067,45.18964600020959],[-68.62481900035425,45.183485000163785],[-68.63042200029213,45.17560799992954],[-68.63287699984389,45.17356399979871],[-68.63328100007493,45.17353799994291],[-68.6329549996617,45.17433799986088],[-68.63325500013568,45.174536999897484],[-68.63599300044297,45.16949600018215],[-68.63959500039051,45.16950100026661],[-68.64182200033666,45.1669049999677],[-68.63513899995013,45.15627900002411],[-68.62588600038411,45.149264000313856],[-68.62404000020447,45.14363899987327],[-68.62641199991558,45.13701299976738],[-68.63125999999313,45.130639000148804],[-68.63796199974792,45.125948000303204],[-68.64288900036651,45.12516200007313],[-68.64630700019106,45.12093699982378],[-68.64354499959433,45.113213999767275],[-68.64573899992848,45.10689299983683],[-68.65569200000155,45.106244000060485],[-68.66436999963231,45.10122899970054],[-68.6625290003739,45.09306799974163],[-68.6671129999625,45.08738099999671],[-68.66795599968636,45.07827399974234],[-68.66624900032224,45.074954000043974],[-68.67033699961827,45.0703069999444],[-68.66506299956838,45.05664900011151],[-68.66718999995538,45.04834699996406],[-68.66642699969914,45.040423000112305],[-68.65276000042383,45.02329199987221],[-68.64928800017262,45.012308000290496],[-68.65017699992723,45.00300000026604],[-68.81309900011568,44.981443000133304]],[[-68.54518200024918,45.62664799988771],[-68.54395000036288,45.627534000021484],[-68.5434099996894,45.62620900012965],[-68.54370299959237,45.62612000010585],[-68.54518200024918,45.62664799988771]],[[-68.54148800024012,45.622633000149904],[-68.54219200004681,45.624210999789646],[-68.54144499968409,45.623126999986795],[-68.54148800024012,45.622633000149904]],[[-68.541853999938,45.62693199970285],[-68.54188900009811,45.62786799994129],[-68.54169300027952,45.62801100018066],[-68.541853999938,45.62693199970285]],[[-68.54138100011,45.626018000045995],[-68.54181299993013,45.625308000054936],[-68.54153199972274,45.62598200012835],[-68.54138100011,45.626018000045995]],[[-68.54105600041999,45.62259899971103],[-68.54105600041999,45.623444999995286],[-68.54066499970942,45.62269100025962],[-68.54105600041999,45.62259899971103]],[[-68.54027700027022,45.62354799989187],[-68.54024399975994,45.62593799970903],[-68.53900600002586,45.62352500012044],[-68.54027700027022,45.62354799989187]],[[-68.5387919997656,45.606331999918815],[-68.53387300044125,45.60710800006772],[-68.53179000043517,45.60431799994824],[-68.5363489999094,45.60479899983875],[-68.5387919997656,45.606331999918815]],[[-68.53804799977594,45.619243000029215],[-68.53831599956453,45.62062200001158],[-68.53783699988875,45.61912500026384],[-68.53804799977594,45.619243000029215]]]}},{"type":"Feature","properties":{"GEOID":"23029","NAME":"State House District 29","BASENAME":"29","STATE":"23","SLDL":"029"},"geometry":{"type":"MultiPolygon","coordinates":[[[[-68.96456099998514,45.512862000234186],[-68.85729699962985,45.527301000173686],[-68.82542499972475,45.420552000146806],[-68.70161500021985,45.440887000030685],[-68.67528400032835,45.36252999981177],[-68.66285800026185,45.36588700010906],[-68.6315050002155,45.382643000147304],[-68.59982900012898,45.39549900021368],[-68.60376699963722,45.38448399982027],[-68.6038069998202,45.37729600029075],[-68.60120099975737,45.37522599986119],[-68.60408800002759,45.37272899984409],[-68.60468999972701,45.357801999781955],[-68.54739099975365,45.36659600006577],[-68.53993900016141,45.374099999701386],[-68.52830399994022,45.381199999861124],[-68.51566600016163,45.384860000117214],[-68.51636599977036,45.386146000021945],[-68.51586299980512,45.38807899974213],[-68.51518699958753,45.388828000019494],[-68.51629399980035,45.389444000049984],[-68.51765299990825,45.391286000202136],[-68.51773499992402,45.392105999773975],[-68.51508399965536,45.388917000016846],[-68.51607100021758,45.38575500010246],[-68.50966400001558,45.38398799989884],[-68.50434099956186,45.38613900008106],[-68.49781799990721,45.39324399995852],[-68.49932799962785,45.39779599989173],[-68.49582299976468,45.40677299991683],[-68.48690599975933,45.418957000073554],[-68.45192499982616,45.43794999989547],[-68.44467099970231,45.44031799986006],[-68.4350399998445,45.4492040000934],[-68.40069800031904,45.467589999788366],[-68.39651300004027,45.47126699989894],[-68.39355299997514,45.47765099987183],[-68.3858970001684,45.48054499980893],[-68.3833780001442,45.485508999902095],[-68.37153500040888,45.49017899973489],[-68.36989699974342,45.49640799988494],[-68.36022499987774,45.503122999754346],[-68.36165599995567,45.5083880002951],[-68.36064199962925,45.51137500011669],[-68.37065800034983,45.53533299984875],[-68.37738500021898,45.544100999720165],[-68.39428799974398,45.55842199970724],[-68.40259300000413,45.56291300021802],[-68.4077790001905,45.568709000306676],[-68.4269570002405,45.5754540000321],[-68.43126700019273,45.57487300030561],[-68.43653600021976,45.57669899986471],[-68.43894100044113,45.57526200022251],[-68.43983400039372,45.57656200002004],[-68.43758999983083,45.57755000021135],[-68.44401200010147,45.57889600019328],[-68.43849799985203,45.57971499994746],[-68.44234099982403,45.582001999903255],[-68.44481600036559,45.58058300024304],[-68.4470009995806,45.582367000141495],[-68.44895300006544,45.58157500004749],[-68.44836200023664,45.582977000126135],[-68.45393900023527,45.586136000118614],[-68.46414800040138,45.578928999741805],[-68.46488399999512,45.58271300022275],[-68.4736699995809,45.58285299972601],[-68.4747030001739,45.58420799998163],[-68.47275300023719,45.58979700016912],[-68.48035899981522,45.59008399974273],[-68.48634800044081,45.59308200009823],[-68.48961700030245,45.59174600007814],[-68.50056100023737,45.59182199969211],[-68.50506600018328,45.59454199974124],[-68.51372500044577,45.595479000158754],[-68.5323219998144,45.60363900010058],[-68.54636999975456,45.60677400027319],[-68.55422700030105,45.61376299987426],[-68.56252300034039,45.61462300001162],[-68.57380600020906,45.62014700029075],[-68.58720399987085,45.6210700003132],[-68.60724499973621,45.63229600029103],[-68.58444800002022,45.62228399991268],[-68.57687900025209,45.6222379999516],[-68.56222000039169,45.616107000260456],[-68.55382300007001,45.61535499988862],[-68.54450299965853,45.60749599988719],[-68.53589100015,45.608244000134505],[-68.53507699984014,45.60977100028404],[-68.53887799997933,45.61414299988072],[-68.53972200042642,45.619151000105674],[-68.54138000028507,45.620030999774045],[-68.54307699960346,45.62354799989187],[-68.54282600043162,45.6250549999414],[-68.54700400013937,45.62618699969929],[-68.54530100007486,45.62709900013447],[-68.54625500012682,45.63001000020719],[-68.54508299961667,45.62741700022775],[-68.5441479998313,45.62843099974968],[-68.543360000359,45.62736100020786],[-68.54393399957105,45.63640000028659],[-68.54616499971512,45.63816399984186],[-68.54696200030658,45.641021000078005],[-68.5526749998493,45.643712000108934],[-68.55389400021514,45.64685399978789],[-68.55319200005825,45.6517199997794],[-68.5616649996496,45.66081599983455],[-68.55277500030674,45.65292899972069],[-68.55173199966801,45.64373099984984],[-68.54655700025063,45.64159099992409],[-68.54579499981928,45.63888300008609],[-68.54161999958627,45.63555400017303],[-68.54185999978579,45.63118900002042],[-68.53676999985889,45.6209120003097],[-68.53740699971844,45.614164000290465],[-68.53677800025481,45.61529600003022],[-68.52964700015461,45.604167999694106],[-68.5141859996799,45.59803699985172],[-68.48715299963153,45.594795999934355],[-68.47858899980359,45.59225500021913],[-68.47026299962702,45.59211699987379],[-68.46717700006349,45.59377700018545],[-68.46938999976592,45.59769399998293],[-68.46696000032851,45.5998230000074],[-68.45172300015979,45.5906890000467],[-68.44848899955993,45.586677000026704],[-68.44321799988309,45.584886999838936],[-68.44009700015945,45.58546599985008],[-68.43300100021936,45.58120399973163],[-68.43104100023692,45.74964200001555],[-68.43070700032608,45.75991900019712],[-68.42755100044235,45.75986700022025],[-68.42662099978152,45.85338000009714],[-68.55856800021542,45.85547299973751],[-68.55881500008762,45.94490300003248],[-68.427598000298,45.944590999801214],[-68.43177600000575,45.9542700003017],[-68.43224200016108,46.035486999965116],[-68.43690199991767,46.042890000206576],[-68.43644300033336,46.38212100026531],[-68.69487699958174,46.382612000244954],[-68.69492000013776,46.39550499971706],[-68.8194009998374,46.395782000251714],[-68.82062799970082,46.21521999974402],[-68.82277199980626,46.125483999989584],[-68.82320199997659,45.907334999967745],[-68.82703900010078,45.684825999953595],[-68.95891000036669,45.66219499971459],[-68.95069899981786,45.63843400027635],[-68.95171899999205,45.58178199970729],[-68.96456099998514,45.512862000234186]]],[[[-68.53820400030988,45.620566999720815],[-68.53855499993915,45.6196319997174],[-68.53783699988875,45.61912500026384],[-68.53820400030988,45.620566999720815]]],[[[-68.53875900015363,45.60660599977534],[-68.5363489999094,45.60479899983875],[-68.53179000043517,45.60431799994824],[-68.53387300044125,45.60710800006772],[-68.53875900015363,45.60660599977534]]],[[[-68.53995099985697,45.62575499983608],[-68.54060299978512,45.623777000051234],[-68.53900600002586,45.62352500012044],[-68.53995099985697,45.62575499983608]]],[[[-68.54105600041999,45.623444999995286],[-68.54128400002561,45.622781999834245],[-68.54066499970942,45.62269100025962],[-68.54105600041999,45.623444999995286]]],[[[-68.54153199972274,45.62598200012835],[-68.54115299960603,45.62536199994373],[-68.54138100011,45.626018000045995],[-68.54153199972274,45.62598200012835]]],[[[-68.54188900009811,45.62786799994129],[-68.541853999938,45.62693199970285],[-68.54169300027952,45.62801100018066],[-68.54188900009811,45.62786799994129]]],[[[-68.5419879998323,45.624056999902265],[-68.542142999643,45.622617000130745],[-68.54148800024012,45.622633000149904],[-68.5419879998323,45.624056999902265]]],[[[-68.5451909995717,45.626706999737685],[-68.54370299959237,45.62612000010585],[-68.5434099996894,45.62620900012965],[-68.54395000036288,45.627534000021484],[-68.5451909995717,45.626706999737685]]]]}},{"type":"Feature","properties":{"GEOID":"23046","NAME":"State House District 46","BASENAME":"46","STATE":"23","SLDL":"046"},"geometry":{"type":"Polygon","coordinates":[[[-69.6377330003778,44.01717399974975],[-69.62620500028676,44.01017900023726],[-69.56296299971856,43.979775000238355],[-69.55352100000664,43.98661000031521],[-69.5471189998275,43.99524799983579],[-69.53515899991633,43.991481999907386],[-69.53234399961615,43.90900900023283],[-69.53311299972017,43.904837000302294],[-69.53966300003731,43.901627999846085],[-69.54247999998731,43.89684699993017],[-69.54368400028453,43.87538600021595],[-69.5330299998795,43.850185000217316],[-69.53104599960761,43.838471000320105],[-69.53114100004217,43.82215199974541],[-69.50580199983744,43.77815299993521],[-69.48038399999001,43.78815899979567],[-69.46986799967723,43.7939009997096],[-69.409269999705,43.81081700018335],[-69.40057899965545,43.80452900029391],[-69.38727899990295,43.799015999850674],[-69.39531300000147,43.780257000165896],[-69.39721000023472,43.763371000034326],[-69.38758799969942,43.73610499980603],[-69.36886099973613,43.71852799994472],[-69.35637799976821,43.71088000007238],[-69.335093000321,43.70448499972335],[-69.32348999988687,43.70366900004469],[-69.3089530002252,43.705012000323215],[-69.28294799984862,43.713766000038206],[-69.26202699955115,43.7254260002583],[-69.25247900043234,43.733239000120534],[-69.24053000039181,43.746424000208066],[-69.23338000002506,43.76231599989834],[-69.23347999958416,43.77800199989587],[-69.33444300004265,43.820802999805686],[-69.38578900027377,43.8498050000538],[-69.39655400010858,43.86107200015167],[-69.3981259997535,43.8688550003007],[-69.43898099978622,43.87963799985035],[-69.44596600029654,43.88650899972368],[-69.44909399969286,43.89188799998684],[-69.45160600004434,43.90293299998108],[-69.45058599987016,43.91501500013704],[-69.43796099961203,43.95712500001744],[-69.43637399989848,43.966993999901476],[-69.43877099972393,43.9683400000136],[-69.44429199964604,43.96788600012794],[-69.47322399957748,43.982148999967094],[-69.49085500009694,43.985487000224964],[-69.46826800044323,44.017427000045345],[-69.46099900025077,44.01885200014839],[-69.45244999959313,44.02446800021908],[-69.4512079996611,44.03044300026176],[-69.44486800030455,44.040984000011164],[-69.4439080004048,44.05148500005575],[-69.4501520004002,44.05960899990452],[-69.44665599985952,44.06424099980618],[-69.44586199964115,44.06856599992339],[-69.44786900037757,44.07174499968905],[-69.44804000008179,44.07624599984516],[-69.44538499961517,44.077967999979016],[-69.44579600041722,44.081153000082416],[-69.44301700010205,44.0835319996917],[-69.43950899986582,44.093989000189886],[-69.43546199967933,44.09548100014836],[-69.4434849999072,44.11962900023995],[-69.43218399959686,44.15770200003569],[-69.4852339997174,44.165034000075494],[-69.48151999961682,44.15533500028192],[-69.48191499962704,44.1502639999899],[-69.48582100024655,44.14712400019178],[-69.48402199992259,44.14065800011796],[-69.48504600029473,44.13228100007358],[-69.48968500013493,44.129389000167315],[-69.49987400020956,44.13211800021898],[-69.50283799957434,44.131023999781526],[-69.50637900032085,44.120691000082516],[-69.50562199991239,44.11907399982136],[-69.5073059997103,44.115879000290896],[-69.510910000206,44.11522400003465],[-69.51632499982291,44.1068440000018],[-69.5178310002439,44.10101199991215],[-69.5544540001422,44.10395599978279],[-69.57901599984696,44.115627999881966],[-69.59905800043556,44.094313000154735],[-69.60494500005558,44.090491999881586],[-69.60596799970449,44.085236999926096],[-69.59908400037483,44.072381000138925],[-69.60884800030202,44.06183600024481],[-69.60806900015226,44.058342000295795],[-69.61150299987032,44.05655899984337],[-69.61284100006183,44.048556999727296],[-69.61750400019146,44.04831600030871],[-69.62572300023791,44.02384400007045],[-69.63214100031057,44.017309000172034],[-69.6377330003778,44.01717399974975]]]}},{"type":"Feature","properties":{"GEOID":"23057","NAME":"State House District 57","BASENAME":"57","STATE":"23","SLDL":"057"},"geometry":{"type":"Polygon","coordinates":[[[-70.04593399982708,44.29242000013613],[-70.04482400013953,44.288022999853695],[-70.03896599993351,44.28638800030025],[-70.04128699959098,44.28409900009647],[-70.00433700035286,44.278393000208546],[-70.00604100024226,44.269469000192096],[-69.98974500043958,44.26707699985047],[-69.98910699985682,44.27217000001922],[-69.98289399982356,44.275122000172736],[-69.93741800039233,44.267676000021645],[-69.92324200040568,44.27093399982635],[-69.9107200000797,44.268833000040814],[-69.88022200035111,44.32149199972667],[-69.87651800029631,44.332846999853494],[-69.87986099977778,44.33476100028074],[-69.88116999965698,44.33876600009666],[-69.87844599959338,44.343130999849045],[-69.88271500043604,44.34401200024172],[-69.87428700015222,44.36926700016914],[-69.87652300031917,44.393404999720445],[-69.87976500041663,44.39632399989471],[-69.87830500002639,44.401299999730384],[-69.92401300015953,44.40985699973808],[-69.94151699955906,44.411586000220154],[-69.94057799957571,44.41509200030831],[-69.98275800027945,44.420967999790925],[-69.98331399994812,44.419102000082006],[-70.01682500034364,44.42444000026957],[-70.0169850001772,44.41811000025618],[-70.01895600003029,44.415360000218826],[-70.01765600037193,44.3993149999678],[-70.02303699965366,44.39073699992446],[-70.02560900027959,44.381228999767025],[-70.01118399987261,44.37898500029959],[-70.02977100009382,44.308507000071586],[-70.04355100024534,44.31012399976793],[-70.04593399982708,44.29242000013613]]]}},{"type":"Feature","properties":{"GEOID":"23065","NAME":"State House District 65","BASENAME":"65","STATE":"23","SLDL":"065"},"geometry":{"type":"Polygon","coordinates":[[[-69.71988199993604,44.50750300028401],[-69.67656599960549,44.50046999999768],[-69.67442499987307,44.506528000101746],[-69.66876300038395,44.5126560003148],[-69.64976500025901,44.52888099968909],[-69.63772300033206,44.53501600027021],[-69.62922499972804,44.5425989999128],[-69.62692599981189,44.54740600022858],[-69.63369500041215,44.549549999904016],[-69.63250899965828,44.55123000002861],[-69.63523899956967,44.55171000002804],[-69.63435900003589,44.55316000021609],[-69.64835199972443,44.55530399981621],[-69.65212100007658,44.551629999769574],[-69.65637999997516,44.55217100025492],[-69.6822489999093,44.54616699974115],[-69.71842699956866,44.51336600019581],[-69.71988199993604,44.50750300028401]]]}},{"type":"Feature","properties":{"GEOID":"23078","NAME":"State House District 78","BASENAME":"78","STATE":"23","SLDL":"078"},"geometry":{"type":"Polygon","coordinates":[[[-70.89124599981412,44.4179519997288],[-70.83857900000824,44.351348999693585],[-70.64061399996234,44.43113199994076],[-70.636858000029,44.426558999832714],[-70.62363000024651,44.432253000083506],[-70.62045599992112,44.42834100018067],[-70.6241290000138,44.42684400026327],[-70.6213070000409,44.422914000277736],[-70.60680299999119,44.42917800021596],[-70.55075599999559,44.453548999855215],[-70.56061600018225,44.47509300027251],[-70.50400900032001,44.49680199993126],[-70.50836799977772,44.503819999698976],[-70.48286399971654,44.52982999983414],[-70.50534999998625,44.53014799970963],[-70.52680199983806,44.54235000018579],[-70.54029599975932,44.55464600001122],[-70.5468760002137,44.55583600012984],[-70.5923299999036,44.61601400002685],[-70.54998500024175,44.61072700004744],[-70.51059800009689,44.627216000313986],[-70.61503000043356,44.79563399969586],[-70.76922800006217,44.73222800011749],[-70.65533499974704,44.590802000041556],[-70.73270700027113,44.560905000224444],[-70.70427999995475,44.52246399972087],[-70.78801699994975,44.48662799968301],[-70.89124599981412,44.4179519997288]]]}},{"type":"Feature","properties":{"GEOID":"23082","NAME":"State House District 82","BASENAME":"82","STATE":"23","SLDL":"082"},"geometry":{"type":"Polygon","coordinates":[[[-71.00219400013273,44.110586000105066],[-70.993328000181,43.9297930000125],[-70.98912199998587,43.792112999977874],[-70.98188100028081,43.793507999819546],[-70.97232499986777,43.785168999728064],[-70.9677649996703,43.785484999917124],[-70.9644840001131,43.78810700006302],[-70.95754800000658,43.78512300018516],[-70.94260600028895,43.792282999688155],[-70.93559900003731,43.790010999935376],[-70.92707100019439,43.79029900003536],[-70.92360700033909,43.794317000070706],[-70.9126819997724,43.800909000306085],[-70.89923499970679,43.802312999990626],[-70.88450899989924,43.80800800032147],[-70.88085400024822,43.810845999678016],[-70.86956399980855,43.806794000146475],[-70.86247899973911,43.807708000248404],[-70.86099699960756,43.80690400006493],[-70.8612820000129,43.80469300016358],[-70.85301299973776,43.80451699990629],[-70.84961500000469,43.80664299984603],[-70.84360500036104,43.80742500001501],[-70.84084699996225,43.80995199975116],[-70.83024399961084,43.80885900030103],[-70.82733499959932,43.80671100023895],[-70.82190800028685,43.80719100012426],[-70.81500300014247,43.81148899981092],[-70.81189099974137,43.81054199987164],[-70.81117299969095,43.807537999689444],[-70.80885600023146,43.81023900007518],[-70.8048040000221,43.80796699975425],[-70.80230099989146,43.80954600011539],[-70.79782600008278,43.806163999775954],[-70.79651200018071,43.8066620001066],[-70.79825200005514,43.808399000205725],[-70.79744199994323,43.80970799993374],[-70.7912799999636,43.81312700000199],[-70.78298399992427,43.81414699983004],[-70.78164699955767,43.82355999996973],[-70.787125999647,43.83260399983232],[-70.79435700020461,43.83436800030661],[-70.79476300008548,43.841047000040575],[-70.79238399980339,43.84687400018965],[-70.79573700022893,43.85048500000009],[-70.79499099969111,43.85210000021921],[-70.79925899981053,43.8537569998844],[-70.80149499997749,43.85651699978789],[-70.79845000042187,43.85849599980927],[-70.79325900021263,43.85754699975973],[-70.79313299981592,43.85946700020124],[-70.79819299960559,43.86330400013732],[-70.78150299961763,43.873878999825536],[-70.78049199966426,43.86823099971498],[-70.76628800008852,43.877239000013574],[-70.76528800000581,43.871538000221264],[-70.74387799998681,43.885849000101686],[-70.75032700002161,43.88589000026081],[-70.75057999974159,43.88827199974736],[-70.75522100012992,43.888610000316014],[-70.75793400032286,43.90686399987886],[-70.75450999975222,43.9086669999759],[-70.75248299982262,43.91400600003896],[-70.72977999981795,43.928330000156464],[-70.83365300011288,43.910233999746225],[-70.83090099956188,43.91349699986692],[-70.8274119995922,43.91427300001449],[-70.82829000037451,43.916640000076285],[-70.82584800034323,43.91748500010837],[-70.82890600031764,43.92166799973352],[-70.82266099959904,43.921344000039255],[-70.82708899955202,43.927144000224764],[-70.82330000000671,43.92632599999615],[-70.82171699959282,43.927746999964235],[-70.83762300030648,43.93284100026932],[-70.8424760004069,43.92939100024446],[-70.85065199989734,43.930483000107046],[-70.84554899955164,43.933897000110086],[-70.85078599979164,43.934060000081196],[-70.84774899973358,43.93741300015182],[-70.85182400040748,43.939976000304775],[-70.85241400041136,43.94236100013728],[-70.84320699997778,43.951545000168686],[-70.84350400007871,43.95354799982277],[-70.85087899967805,43.9590430003178],[-70.85856700017015,43.95868400031089],[-70.87518099999015,43.98947799969397],[-70.88898600025604,43.982747999835205],[-70.89290000037313,43.986358000312975],[-70.88562299978476,43.989985999897584],[-70.89127699977627,43.99522200007345],[-70.88527200015548,43.998275000126355],[-70.8909479998883,44.00754500000343],[-70.89518800041863,44.009823999789624],[-70.88511800016968,44.01982200026838],[-70.88051600013942,44.01744000023054],[-70.84807699979665,44.04952199998191],[-70.85845199964412,44.059640000228185],[-70.85819100042653,44.06545999984071],[-70.86000900011874,44.06807699973391],[-70.85923199961879,44.07019199983863],[-70.86098300026218,44.07176199983968],[-70.86131899982284,44.0772259998956],[-70.86662300000998,44.07986699991822],[-70.86286700007663,44.08636899986786],[-70.859738999782,44.08550300009818],[-70.85780399991391,44.0880419998932],[-70.85854600025375,44.09526899986803],[-70.89876600007673,44.115188000246285],[-70.88451999976988,44.126282000213465],[-70.83120199986075,44.16054399971143],[-70.79178200010395,44.18086200019956],[-70.81151499999771,44.20143299967899],[-70.86369999975476,44.26139899979218],[-70.91316800001921,44.23865900009042],[-70.97090200018577,44.21454899983565],[-70.96455299971008,44.21127700014534],[-70.96026100019951,44.20102499969383],[-70.94804699984513,44.18696800015475],[-70.94415799984237,44.185351000236516],[-70.94036699974893,44.171312000251255],[-70.93669200000643,44.16383400025092],[-70.93709600023747,44.156949000280136],[-70.94522499987224,44.13781899984969],[-70.9655260000286,44.147477999918564],[-71.00219400013273,44.110586000105066]]]}},{"type":"Feature","properties":{"GEOID":"23085","NAME":"State House District 85","BASENAME":"85","STATE":"23","SLDL":"085"},"geometry":{"type":"Polygon","coordinates":[[[-70.65962200013304,43.71090200017304],[-70.65884399980817,43.7031570002417],[-70.65195200008259,43.69954200009096],[-70.64878799980295,43.699336000293336],[-70.64183599980291,43.703200000156194],[-70.63087000012663,43.70445200025749],[-70.62450099955947,43.70234900031284],[-70.62215399996272,43.699500999831386],[-70.6147790003634,43.69855199997589],[-70.61075999976599,43.69275199968026],[-70.61207399966806,43.68709899993766],[-70.60563700022713,43.68770099995959],[-70.59534199984729,43.6971950002154],[-70.57740099970646,43.687185000032315],[-70.54996500015028,43.715796000099466],[-70.54660500005203,43.713160000252316],[-70.47770199981964,43.78558299985803],[-70.48005699981229,43.786582999679794],[-70.47798300002702,43.78885600001371],[-70.47560499956984,43.787828000313375],[-70.44901299956244,43.816490999965474],[-70.44678399996647,43.82826699989174],[-70.45088499968132,43.83120099992236],[-70.45338799981197,43.8294679998539],[-70.46214199961071,43.83084200018633],[-70.45938900013311,43.83635799982879],[-70.46513699983598,43.84561899983381],[-70.48673500017594,43.856545000270174],[-70.49949900035125,43.83333799985076],[-70.53565199989625,43.86403300002569],[-70.6124579998076,43.8479430000172],[-70.6189339996066,43.8415989997189],[-70.61851900040321,43.84048300015099],[-70.60754199995799,43.835259999819044],[-70.60648999999674,43.83316599992352],[-70.5993200004368,43.83320600016184],[-70.59764499996142,43.83176900031397],[-70.59927000020811,43.82955199982547],[-70.5918789998169,43.82989699985756],[-70.58464499978456,43.8250969997664],[-70.57813899984835,43.82583000007998],[-70.57393699985116,43.82345199969777],[-70.56313699985625,43.82455199988149],[-70.55811600042465,43.823111000185236],[-70.55824199992303,43.819499000082196],[-70.55426300040692,43.81803499987917],[-70.55066399993407,43.811860999698794],[-70.54387599996558,43.81119699973254],[-70.54869100043118,43.80735000021631],[-70.54561400019016,43.80223399997473],[-70.5490870002663,43.80438999987002],[-70.55568799973875,43.80254000005419],[-70.56474399966127,43.7929069998273],[-70.56704099992761,43.79231099983815],[-70.5662659999758,43.78924600012497],[-70.57056500005737,43.787480999756035],[-70.57113599979468,43.785187000300894],[-70.60792500027262,43.784486999972856],[-70.60932600021334,43.78066499994322],[-70.60684099962603,43.777348000129805],[-70.60825900018348,43.7751530000941],[-70.60892500035534,43.778970999748196],[-70.61880399991024,43.78106999987765],[-70.62450099955947,43.781490999863955],[-70.6315789999562,43.77945800026594],[-70.63625200013158,43.78069700012598],[-70.64134600025643,43.777834000091275],[-70.65260400001075,43.77893100014604],[-70.65535900003647,43.78054100012738],[-70.65179399989883,43.787413000173245],[-70.65759000018058,43.789831000059785],[-70.65277899991293,43.78716399974378],[-70.65567500040399,43.7800990000829],[-70.64985300018297,43.768662999989175],[-70.65550499962636,43.766306999762314],[-70.65634800024853,43.764282999870005],[-70.65272899968423,43.76201499968052],[-70.65107500002352,43.75844900025872],[-70.64522100001547,43.75702100012702],[-70.64301099978778,43.751721999841145],[-70.64569800004145,43.747316999778555],[-70.64614099973225,43.740049000091965],[-70.65096899971833,43.736831999775525],[-70.65341900014553,43.73142600016657],[-70.6564510001807,43.71734100024649],[-70.65962200013304,43.71090200017304]],[[-70.53453899983565,43.836168000069954],[-70.5315779999456,43.84000300027757],[-70.53325099987286,43.84084200020348],[-70.53221999982802,43.842294000310304],[-70.53326799959129,43.8438000000062],[-70.53127699964672,43.844144000259355],[-70.53287599995413,43.84566199979657],[-70.53300300017574,43.85254800002648],[-70.52998200001123,43.85398100013891],[-70.52559199969305,43.85028999998906],[-70.51730900007252,43.847283999815716],[-70.51610499977531,43.83763800020572],[-70.51151299979078,43.83176599996558],[-70.51703200006307,43.826165000299845],[-70.51515499992132,43.82383299989405],[-70.52030400029777,43.822239999881646],[-70.52295600039133,43.825360999724595],[-70.53290400044153,43.82536299973947],[-70.53108500002608,43.833036000259966],[-70.53453899983565,43.836168000069954]]]}},{"type":"Feature","properties":{"GEOID":"23094","NAME":"State House District 94","BASENAME":"94","STATE":"23","SLDL":"094"},"geometry":{"type":"Polygon","coordinates":[[[-70.22426200023868,44.09393300010362],[-70.22134599965614,44.08938599990229],[-70.21251599968942,44.09405999975061],[-70.2131190001121,44.09504700017187],[-70.20530900031956,44.09755999989611],[-70.20200899959748,44.09548000016099],[-70.20026200005037,44.09727899975779],[-70.19150499987859,44.09283200011523],[-70.18881099995222,44.09557600016126],[-70.19086600036923,44.09734300019369],[-70.18891200023455,44.101636999916316],[-70.17392000028822,44.10324900003645],[-70.16921399960256,44.10812400004946],[-70.16046599965159,44.11051199990435],[-70.15756300038619,44.113863999745256],[-70.15796699971891,44.11994100023928],[-70.14020100037857,44.13797699987589],[-70.16388100000142,44.14922199970553],[-70.18401200027847,44.12902100003726],[-70.17830399986028,44.12580199971196],[-70.1872400001322,44.11628500009058],[-70.18969700023212,44.11707000023815],[-70.20586699963808,44.100119000254125],[-70.21464399990137,44.10043000014077],[-70.21682399999183,44.1027759998204],[-70.22243299977748,44.10142200011335],[-70.22426200023868,44.09393300010362]]]}},{"type":"Feature","properties":{"GEOID":"23097","NAME":"State House District 97","BASENAME":"97","STATE":"23","SLDL":"097"},"geometry":{"type":"Polygon","coordinates":[[[-70.15788600042637,44.00607300024241],[-70.14497800031103,43.998563999969484],[-70.13317900005833,43.986300999987094],[-70.12782600036569,43.983860000112955],[-70.11817799989115,43.991019000247235],[-70.10459399955819,43.99581899974674],[-70.10014899988677,43.99969300007355],[-70.09504399989125,44.008507000273546],[-70.0905349997474,44.01027400021507],[-70.0865980000641,44.0086819997771],[-70.08211700040764,44.0001760002036],[-70.07766699981502,43.99719300010912],[-70.06807899961493,43.996387000164574],[-70.05795900003561,43.99304799978444],[-70.06110099967562,43.99586300023729],[-70.05749899972807,43.99635400025265],[-70.05313500024748,44.00308699993013],[-70.05599099965724,44.003931000129626],[-70.04167199955545,44.022751000229604],[-70.03279899993102,44.02126400009528],[-70.03526199987871,44.02310500024332],[-70.0364860002674,44.02700100010195],[-70.03426299962092,44.02966399997433],[-70.03222399999575,44.02978600031662],[-70.03302700043497,44.030431000139345],[-70.02930300028868,44.03036999969459],[-70.02576599974013,44.03487699996259],[-70.02724600022185,44.0433580001621],[-70.02522799961477,44.050921000195515],[-70.12679299977272,44.06559000013123],[-70.14307900042795,44.02205899994804],[-70.15788600042637,44.00607300024241]]]}},{"type":"Feature","properties":{"GEOID":"23099","NAME":"State House District 99","BASENAME":"99","STATE":"23","SLDL":"099"},"geometry":{"type":"Polygon","coordinates":[[[-70.07024899965967,43.74225200017361],[-70.05388199971189,43.68094799974626],[-69.96371400012374,43.60287500023454],[-69.88189500027839,43.636466000190055],[-69.88813900027378,43.70489400001841],[-69.88734500005538,43.78793700014743],[-69.88124599982496,43.79596200002257],[-69.86998800007065,43.817264999689485],[-69.87611900008814,43.83715700031344],[-69.87487899980592,43.85140199984879],[-69.88602799978028,43.85593499978798],[-69.8949280000672,43.86429700000941],[-69.89598300040149,43.86713400019622],[-69.89097399976714,43.883208999708394],[-69.88208199987614,43.89033699976423],[-69.87754400031828,43.89919100023691],[-69.8685970001757,43.91102200005896],[-69.86482500034883,43.91938400027878],[-69.86258599980881,43.9314429997487],[-69.86073100030666,43.933082000022026],[-69.86112499959366,43.935910999710615],[-69.85935899977997,43.936814999833366],[-69.85703200027473,43.944742000237305],[-69.87465700004807,43.953589999716314],[-69.88017700014528,43.94679899995671],[-69.88638699980548,43.943950999695105],[-69.89094100015517,43.9373750001028],[-69.89983499969598,43.9316099999964],[-69.90470000039032,43.925588999922134],[-69.91122999971765,43.922047999850655],[-69.92077400043512,43.92041400011466],[-69.92470500027066,43.91720000006788],[-69.92608799976969,43.915329999918924],[-69.9212940001188,43.91236800010474],[-69.92617499980832,43.90998500025739],[-69.916083999643,43.91026200023177],[-69.9141820002852,43.90394200010687],[-69.90980600021072,43.899401999857645],[-69.9127329997656,43.89544300016696],[-69.91792300014993,43.89812599980476],[-69.91992999998803,43.89257299988283],[-69.92554600034471,43.8883390001255],[-69.92919000012506,43.88858899976003],[-69.93365099969002,43.88449199978744],[-69.93288599978395,43.87750599977555],[-69.93792200018248,43.87147200025728],[-69.9433229995557,43.874045999735785],[-69.94781199960805,43.87409100024814],[-69.94470199975508,43.87403200004436],[-69.94290900017722,43.8699439999684],[-69.94001900043229,43.86930900002342],[-69.93689000031273,43.86253499977566],[-69.93956400014763,43.85472200003184],[-69.94540800010992,43.85230699999749],[-69.94719499984,43.85989600021417],[-69.9492929999147,43.860748000322644],[-69.95447300025329,43.85776899980396],[-69.95713399966937,43.85269300030309],[-69.96110700023603,43.85034500007331],[-69.9732370000265,43.84812700015543],[-69.98226799983469,43.84959300006292],[-69.98729599983729,43.84789200012491],[-70.00314300010139,43.83259500020865],[-70.03754200042661,43.81183500010261],[-70.06032800027194,43.79367800010074],[-70.06115500010229,43.791492999683186],[-70.05699099973995,43.77875099998363],[-70.05880500013251,43.77642000011063],[-70.06979699974804,43.77108200020618],[-70.07024899965967,43.74225200017361]]]}},{"type":"Feature","properties":{"GEOID":"23102","NAME":"State House District 102","BASENAME":"102","STATE":"23","SLDL":"102"},"geometry":{"type":"Polygon","coordinates":[[[-70.17138000034763,43.84070699972066],[-70.15241499983466,43.82290500025244],[-70.153433000359,43.8212749999025],[-70.15216999961225,43.8182619998279],[-70.15358899999462,43.817189999931614],[-70.1509119997867,43.81556900001711],[-70.15356300005536,43.81447099999592],[-70.15176899975427,43.80825799977156],[-70.15498200043773,43.804143000231115],[-70.15344199968153,43.80046699979627],[-70.14940299989097,43.79726200019345],[-70.14540699975811,43.79715800031282],[-70.13723299991752,43.79279199990375],[-70.11988599997852,43.79650999972223],[-70.10230899988574,43.79138299992137],[-70.09187799996178,43.791307000156294],[-70.08565200040805,43.78677899969186],[-70.08432900028517,43.78095700008384],[-70.06981400036479,43.770815999786876],[-70.0678150000243,43.77313100031995],[-70.057282999818,43.777996000281625],[-70.06089800018435,43.79312500022524],[-70.03754200042661,43.81183500010261],[-70.0284250004047,43.81669699999079],[-70.03722600005909,43.824832999936895],[-70.02691800015879,43.838228999992616],[-70.01329299981795,43.8508160001905],[-70.03866499963465,43.86484600022098],[-70.03564600001826,43.868474999945455],[-70.04360899997167,43.871787999775215],[-70.03986100043426,43.875796999830484],[-70.04833200037577,43.881638999754344],[-70.0465759997095,43.883554999897235],[-70.08789199987467,43.919022000312246],[-70.08083899959226,43.92645799993361],[-70.09232900004848,43.93195299988674],[-70.11585999970842,43.90670999990303],[-70.11852299967265,43.90796700007478],[-70.1313749997115,43.89447400029218],[-70.12983800022667,43.8936789999176],[-70.16271699988717,43.85436800014326],[-70.16133799968779,43.85372900003632],[-70.16741199980387,43.84718000022471],[-70.16569000037111,43.846346999904696],[-70.17138000034763,43.84070699972066]]]}},{"type":"Feature","properties":{"GEOID":"23104","NAME":"State House District 104","BASENAME":"104","STATE":"23","SLDL":"104"},"geometry":{"type":"Polygon","coordinates":[[[-70.4454340000794,43.88184199979963],[-70.38402599999526,43.85057899992386],[-70.37941800011721,43.85638199979974],[-70.36859399983285,43.864512000187304],[-70.35571099983187,43.879484000032186],[-70.33609400028905,43.88358499998737],[-70.34091399987919,43.891913000126294],[-70.34175599977814,43.89739800018151],[-70.35573299957318,43.91921499989641],[-70.34950600019454,43.92290200030878],[-70.33701300018089,43.92401400031785],[-70.33498200005334,43.93520500008545],[-70.25372700027259,43.8928060001932],[-70.20028399979168,43.95199299988393],[-70.31537399983301,44.037806999684456],[-70.36387399980181,43.986444999888356],[-70.3954970001849,44.00291299968688],[-70.39749399997726,43.99845499982279],[-70.39674900016269,43.997131000004984],[-70.39931199966948,43.994750000171116],[-70.3982990000663,43.992093000087635],[-70.40512499966965,43.98688200014305],[-70.37775199986264,43.971608000080955],[-70.38718500025203,43.96144999983891],[-70.37449899989453,43.95522899999007],[-70.4454340000794,43.88184199979963]]]}},{"type":"Feature","properties":{"GEOID":"23105","NAME":"State House District 105","BASENAME":"105","STATE":"23","SLDL":"105"},"geometry":{"type":"Polygon","coordinates":[[[-70.38400400025397,43.850608999771886],[-70.32437899970192,43.81982200027597],[-70.29638199955585,43.84877499981277],[-70.2838960001132,43.84169000019076],[-70.28827899986035,43.83846200028529],[-70.28031500008204,43.83343800010802],[-70.27905600043157,43.83457699976773],[-70.27625600020001,43.833681000293964],[-70.27129000012167,43.838609000035255],[-70.26902800001542,43.83637699970661],[-70.27229500022725,43.833585999792405],[-70.26531899993775,43.82850599992759],[-70.26751699957155,43.82648600009701],[-70.25350499961644,43.81977899983929],[-70.25629200032752,43.81688600000874],[-70.25002800024066,43.813978999844224],[-70.2525809997017,43.81081400007832],[-70.24586700025135,43.80761499986146],[-70.24229600026594,43.81213500019058],[-70.2368940001695,43.80747400016971],[-70.23711599992734,43.80336799992399],[-70.23235800026147,43.80114699987452],[-70.22992200007796,43.803185000243005],[-70.23196400007618,43.804649000147876],[-70.22791600006477,43.806939000114376],[-70.2229130001765,43.8021759997406],[-70.22014800010503,43.803866000224346],[-70.2185320000792,43.80539099979103],[-70.22180099994081,43.80634199972263],[-70.21829699990255,43.81289399997819],[-70.22055999983368,43.81508099990733],[-70.18909700018249,43.832914999889944],[-70.19451000014956,43.83848400015191],[-70.19103200005058,43.83998100032308],[-70.18599400000221,43.83516300020076],[-70.18322800010581,43.837865000131046],[-70.18797699955087,43.842087999847486],[-70.18660200044775,43.84281600024814],[-70.18190900018088,43.83857699976346],[-70.18212599991587,43.83970000030903],[-70.17390699986942,43.84293200011798],[-70.2159569999785,43.88175699993184],[-70.21116499997744,43.890357000138536],[-70.24861700025421,43.89828200013807],[-70.25372700027259,43.8928060001932],[-70.33498200005334,43.93520500008545],[-70.33701300018089,43.92401400031785],[-70.34950600019454,43.92290200030878],[-70.35573299957318,43.91921499989641],[-70.34175599977814,43.89739800018151],[-70.34091399987919,43.891913000126294],[-70.33609400028905,43.88358499998737],[-70.35571099983187,43.879484000032186],[-70.36859399983285,43.864512000187304],[-70.37941800011721,43.85638199979974],[-70.38400400025397,43.850608999771886]]]}},{"type":"Feature","properties":{"GEOID":"23106","NAME":"State House District 106","BASENAME":"106","STATE":"23","SLDL":"106"},"geometry":{"type":"Polygon","coordinates":[[[-70.48673500017594,43.856545000270174],[-70.46513699983598,43.84561899983381],[-70.45938900013311,43.83635799982879],[-70.46231400003816,43.83195099999866],[-70.46173099970697,43.8306220001979],[-70.45318500032069,43.829484000166175],[-70.45202700005424,43.83114700024268],[-70.4497010003739,43.83063200003828],[-70.42293699993905,43.83775699982326],[-70.42222899993439,43.835683999840256],[-70.42508500024246,43.83268399973942],[-70.4233200002537,43.830833000296956],[-70.4258569998212,43.829061000107345],[-70.42359499971501,43.82984700002345],[-70.41692499974727,43.82571600001751],[-70.42252699986024,43.819896999968634],[-70.41899799970761,43.812257999706794],[-70.41555599959361,43.81198999987164],[-70.41613599955176,43.81034400013377],[-70.41359899998422,43.80910099978587],[-70.41454499964024,43.80834699993265],[-70.40553300009864,43.80314400025532],[-70.39551200025352,43.78814500004666],[-70.38122699958859,43.77525999994152],[-70.37571700043544,43.76540500002613],[-70.3614080003794,43.753156999975225],[-70.34319799972674,43.81030600000422],[-70.3367810003773,43.807148999980335],[-70.32437899970192,43.81982200027597],[-70.45473799969906,43.88657400023748],[-70.48673500017594,43.856545000270174]]]}},{"type":"Feature","properties":{"GEOID":"23109","NAME":"State House District 109","BASENAME":"109","STATE":"23","SLDL":"109"},"geometry":{"type":"Polygon","coordinates":[[[-70.5012419997004,43.76036699974287],[-70.46801400006042,43.74978900006555],[-70.46802400010618,43.74551600025352],[-70.4702860002124,43.743618000074065],[-70.47198300042912,43.73850599981461],[-70.47005699988355,43.73426400023243],[-70.46429099973905,43.730349999844144],[-70.46537100018769,43.728685000000056],[-70.46220000023534,43.72492600013128],[-70.4629719998141,43.72146700009327],[-70.46033099959119,43.71957599989998],[-70.46452900028874,43.7171170003052],[-70.4562890003259,43.70253200011735],[-70.42069400009939,43.64176300015651],[-70.40618099982885,43.641473999895545],[-70.3920120004132,43.65572899975088],[-70.37810400021515,43.69735600029553],[-70.39096100027687,43.700303000215015],[-70.39643799981806,43.70607100023994],[-70.40326500014463,43.70583400026097],[-70.40215100025911,43.70945800022795],[-70.40575800022955,43.71537699987497],[-70.41171500016976,43.71779500002269],[-70.41303200044487,43.720683000306735],[-70.42222499973643,43.72866699994885],[-70.42370000019531,43.733619000254805],[-70.427333000105,43.73455899975856],[-70.42804399958439,43.738111000237176],[-70.43234299966595,43.74116400018911],[-70.4373239998129,43.73926500012258],[-70.43961000020857,43.74568299993655],[-70.43851999971419,43.748536999776796],[-70.44400399982638,43.74866099975889],[-70.44778999989697,43.751809999902754],[-70.4484059998401,43.75600200017258],[-70.44685400028668,43.759451999811326],[-70.4492419998913,43.762600999838234],[-70.443618000037,43.77281900000418],[-70.44542099966061,43.77267900017333],[-70.44748399957521,43.77622200014908],[-70.45234400024665,43.77734599980418],[-70.4550010003631,43.78290700004674],[-70.4537490003853,43.79138499977734],[-70.45039900033284,43.79369400027772],[-70.44736499974952,43.7995860000101],[-70.45007999959228,43.80249000000003],[-70.4508479998714,43.80835000016155],[-70.44854499975729,43.81697500027646],[-70.47560499956984,43.787828000313375],[-70.47798300002702,43.78885600001371],[-70.48005699981229,43.786582999679794],[-70.47770199981964,43.78558299985803],[-70.5012419997004,43.76036699974287]]]}},{"type":"Feature","properties":{"GEOID":"23110","NAME":"State House District 110","BASENAME":"110","STATE":"23","SLDL":"110"},"geometry":{"type":"Polygon","coordinates":[[[-70.3367810003773,43.807148999980335],[-70.16903600022565,43.724036999943024],[-70.1846630003817,43.70911400024535],[-70.19918599979968,43.700147999881516],[-70.161267000441,43.65430900029162],[-70.11100999998104,43.66313999988217],[-70.1328390002997,43.68352900020367],[-70.12223400029846,43.7012810003186],[-70.1154649996982,43.69802000009222],[-70.09381799985273,43.7144319997229],[-70.09057800030344,43.71231000020459],[-70.08406499979621,43.699992000289356],[-70.09539799989358,43.68817000026116],[-70.0651689997785,43.6736999999059],[-69.97585099958692,43.59787599986063],[-69.96371400012374,43.60287500023454],[-70.05388199971189,43.68094799974626],[-70.0702939998655,43.74134200030816],[-70.06981400036479,43.770815999786876],[-70.08432900028517,43.78095700008384],[-70.09947699986711,43.770571000095295],[-70.11436199968333,43.7556379999781],[-70.1551499997689,43.73826900025102],[-70.17988700027418,43.755230999985315],[-70.18501800020894,43.76038299975262],[-70.18532500035562,43.76637599969421],[-70.17818699968441,43.77289699974919],[-70.17743900039511,43.775690999934135],[-70.19338799986814,43.78357899973163],[-70.19520300008561,43.781311000274194],[-70.20209200033646,43.787581000298914],[-70.20959599980726,43.78301899997835],[-70.21252200043551,43.785606999805836],[-70.20500999967051,43.79011599988263],[-70.21511000005668,43.799115999896586],[-70.22281799974196,43.79474800015253],[-70.22775100020833,43.79906499977089],[-70.2229130001765,43.8021759997406],[-70.22791600006477,43.806939000114376],[-70.23196400007618,43.804649000147876],[-70.22992200007796,43.803185000243005],[-70.23235800026147,43.80114699987452],[-70.23711599992734,43.80336799992399],[-70.2368940001695,43.80747400016971],[-70.24229600026594,43.81213500019058],[-70.24586700025135,43.80761499986146],[-70.2525809997017,43.81081400007832],[-70.25002800024066,43.813978999844224],[-70.25629200032752,43.81688600000874],[-70.25350499961644,43.81977899983929],[-70.26751699957155,43.82648600009701],[-70.26531899993775,43.82850599992759],[-70.27229500022725,43.833585999792405],[-70.26902800001542,43.83637699970661],[-70.27129000012167,43.838609000035255],[-70.27625600020001,43.833681000293964],[-70.27905600043157,43.83457699976773],[-70.28031500008204,43.83343800010802],[-70.28827899986035,43.83846200028529],[-70.2838960001132,43.84169000019076],[-70.29638199955585,43.84877499981277],[-70.3367810003773,43.807148999980335]]]}},{"type":"Feature","properties":{"GEOID":"23114","NAME":"State House District 114","BASENAME":"114","STATE":"23","SLDL":"114"},"geometry":{"type":"Polygon","coordinates":[[[-70.29369600002542,43.68890399972421],[-70.29172500017232,43.68493199993499],[-70.28456700030794,43.682324000228],[-70.28032900032576,43.68791899985645],[-70.27452399982317,43.68492399991796],[-70.27472499966466,43.6883260000792],[-70.2735520002279,43.688564999808776],[-70.26848700041536,43.685925999759384],[-70.27450200008188,43.681961000221314],[-70.27190900043786,43.68009900016468],[-70.2692659996668,43.67151700027469],[-70.25601500031809,43.67697500016747],[-70.25588399989853,43.678327999940834],[-70.25200400011661,43.67720199969707],[-70.25291700016069,43.67896400000215],[-70.25082599975867,43.68137599991599],[-70.25155899987769,43.6850369998161],[-70.24465799993126,43.6885839999122],[-70.25091899964511,43.70014699972723],[-70.26640199986113,43.70245699992435],[-70.27069599991982,43.700440000058855],[-70.27466100009053,43.70536799997826],[-70.27734599979607,43.705500000261644],[-70.27724100021408,43.7108669997435],[-70.29176600018019,43.69516200009269],[-70.29369600002542,43.68890399972421]]]}},{"type":"Feature","properties":{"GEOID":"23123","NAME":"State House District 123","BASENAME":"123","STATE":"23","SLDL":"123"},"geometry":{"type":"Polygon","coordinates":[[[-70.27393700019236,43.56813399987147],[-70.27099700021869,43.56132300019675],[-70.27392799997152,43.55469599989293],[-70.27359200041086,43.55110499984206],[-70.184240999709,43.49855900022046],[-70.16414600031527,43.518563000298634],[-70.15598599982006,43.524443999803204],[-70.13660600010371,43.53346800020253],[-70.10718999957527,43.54434799980881],[-70.18280600033142,43.62165600024351],[-70.20557700010816,43.62877399976435],[-70.21361799987938,43.633632000011254],[-70.23358900032285,43.63355400025787],[-70.2409439998307,43.62889499972589],[-70.24838100025266,43.62062499985953],[-70.24890699978413,43.62216300030345],[-70.25193899981929,43.61853300011851],[-70.25577299957045,43.61989400029813],[-70.26793900024427,43.60836699992153],[-70.26613599972234,43.59443799999909],[-70.26226599998618,43.59088999971006],[-70.26212600024411,43.587774999919986],[-70.2595500003185,43.58703000002363],[-70.25788999991173,43.58822999974493],[-70.2585700003273,43.58644299993737],[-70.25635000005386,43.58690999984187],[-70.2567629996074,43.58492399996234],[-70.25476099979217,43.584001999902775],[-70.27017500041121,43.575251999809204],[-70.27393700019236,43.56813399987147]]]}},{"type":"Feature","properties":{"GEOID":"23120","NAME":"State House District 120","BASENAME":"120","STATE":"23","SLDL":"120"},"geometry":{"type":"Polygon","coordinates":[[[-70.37054499959446,43.64243800022063],[-70.30035199974944,43.60727800015876],[-70.27786399982992,43.62792999988892],[-70.28135899964738,43.62862999980443],[-70.28595999985274,43.63685499994164],[-70.28207900024591,43.63977699974481],[-70.28769499970427,43.64585200027291],[-70.2980529998333,43.64690999976204],[-70.31721400016485,43.6459730003011],[-70.31366300027092,43.64958000007446],[-70.37054499959446,43.64243800022063]]]}},{"type":"Feature","properties":{"GEOID":"23121","NAME":"State House District 121","BASENAME":"121","STATE":"23","SLDL":"121"},"geometry":{"type":"Polygon","coordinates":[[[-70.3003209997873,43.60731799993442],[-70.27349000030361,43.59362700015794],[-70.27349299977836,43.59063899988474],[-70.26692099971989,43.5913399999827],[-70.26290899969351,43.58856399983692],[-70.26226599998618,43.59088999971006],[-70.26637900029492,43.59512899991063],[-70.26580400035965,43.599511000032585],[-70.26793900024427,43.60836699992153],[-70.25573199956256,43.61992199979827],[-70.25193899981929,43.61853300011851],[-70.24890699978413,43.62216300030345],[-70.24838100025266,43.62062499985953],[-70.24180199962319,43.62702000029608],[-70.23874000034913,43.63420000028069],[-70.248258000229,43.63442099997749],[-70.25844700030363,43.627139999816215],[-70.2576279999709,43.63373999980277],[-70.26432999972569,43.64182099987716],[-70.28207900024591,43.63977699974481],[-70.28595999985274,43.63685499994164],[-70.28135899964738,43.62862999980443],[-70.27786399982992,43.62792999988892],[-70.3003209997873,43.60731799993442]]]}},{"type":"Feature","properties":{"GEOID":"23125","NAME":"State House District 125","BASENAME":"125","STATE":"23","SLDL":"125"},"geometry":{"type":"Polygon","coordinates":[[[-70.44981500017673,43.58437999996673],[-70.40072600002895,43.55896800002777],[-70.38525899970647,43.57299000001141],[-70.36245299976963,43.5835650000107],[-70.34906400032867,43.58781400022566],[-70.34586200041419,43.58827999983772],[-70.34455299963668,43.584362000203434],[-70.34655000032735,43.58303199983744],[-70.3432510003285,43.578670999988354],[-70.33330599975302,43.58492100024615],[-70.33221600015695,43.580044000033],[-70.32754299998157,43.580272999958105],[-70.32190900008156,43.57746000028662],[-70.3177589999629,43.57943800000745],[-70.31601700043866,43.58292199974898],[-70.30668600015652,43.59143300006627],[-70.29990599968562,43.5942359997379],[-70.29773499981597,43.59715899977602],[-70.29868999969284,43.60036699976569],[-70.29448199984787,43.60428500027773],[-70.34618200008131,43.63034499973536],[-70.38784999970066,43.589135999928594],[-70.40007900012368,43.59190699968664],[-70.41820600003736,43.59074500008381],[-70.42235199995805,43.589219000307],[-70.42402099968734,43.59009500013632],[-70.42601699965479,43.587076000116646],[-70.43283099956258,43.58493399988273],[-70.43756900003528,43.585515999806965],[-70.43807500037357,43.58802299976483],[-70.44981500017673,43.58437999996673]]]}},{"type":"Feature","properties":{"GEOID":"23130","NAME":"State House District 130","BASENAME":"130","STATE":"23","SLDL":"130"},"geometry":{"type":"Polygon","coordinates":[[[-70.46241399959727,43.52504900025182],[-70.45193499999274,43.51459499982403],[-70.44302899985804,43.50070800005596],[-70.43006100036656,43.496782000029405],[-70.4362600001561,43.49063500025372],[-70.43356200003177,43.488893000320964],[-70.43278999955469,43.48453599968675],[-70.42106300017034,43.48297999996776],[-70.41718500003826,43.47989499976696],[-70.41070800041436,43.47910599977442],[-70.41082200021717,43.47632299983678],[-70.40878000021898,43.47488499973538],[-70.39996699997069,43.47363300018219],[-70.39424199983407,43.46526599984098],[-70.39089799962937,43.46306900002082],[-70.37449399987166,43.46103900004744],[-70.31339899978197,43.46358000026296],[-70.25932099998965,43.43237800009649],[-70.24359599992428,43.448373999713255],[-70.22751799968151,43.46163400011984],[-70.3879579996557,43.49752400021241],[-70.39591499976132,43.49614399975689],[-70.40101499973397,43.49918800016475],[-70.40440900016739,43.497922000089254],[-70.40943100032221,43.499119999940696],[-70.41453399976959,43.502901999970824],[-70.41490899968831,43.50805700020434],[-70.41662799964632,43.509489999966625],[-70.41743299973537,43.51428799976796],[-70.41517700037524,43.51840400022972],[-70.42526000014466,43.51767100009063],[-70.3900900000656,43.5537099999212],[-70.41319200027844,43.56522400015714],[-70.4251150003797,43.55397899979569],[-70.43309599987646,43.555527999931506],[-70.46241399959727,43.52504900025182]]]}},{"type":"Feature","properties":{"GEOID":"23137","NAME":"State House District 137","BASENAME":"137","STATE":"23","SLDL":"137"},"geometry":{"type":"Polygon","coordinates":[[[-70.66277899984168,43.61257999981037],[-70.64778600007043,43.58247500014934],[-70.6435609996087,43.57568400009068],[-70.63425600016413,43.56595399971331],[-70.62917999958263,43.565363999785724],[-70.62042199958593,43.561289000277256],[-70.61486999970167,43.56160999999674],[-70.60965199972824,43.564335999976024],[-70.60796799993034,43.565764000279195],[-70.60901700041684,43.569823000278795],[-70.5965749995585,43.578762999898835],[-70.59472400025432,43.5849929998999],[-70.59070700020506,43.5890560002473],[-70.58703199956425,43.58959700014376],[-70.58453699982952,43.59426899995896],[-70.58263200009867,43.59478600019214],[-70.57511900040707,43.591005000309444],[-70.55829899982443,43.586147999872175],[-70.55699699961795,43.58342999982706],[-70.55819199969432,43.581232999693114],[-70.56111400012463,43.58134699969007],[-70.55885299984331,43.580365000023804],[-70.5600489997446,43.577933999960884],[-70.56155799964031,43.575654999896145],[-70.56441999979619,43.57673000026136],[-70.56221799996439,43.5716529998596],[-70.56341300004078,43.57012100008334],[-70.56039400042441,43.56913799984275],[-70.55832700031185,43.57116600020509],[-70.55211799957823,43.56828300023108],[-70.54942399965186,43.56284000029958],[-70.54379200029999,43.5594809998592],[-70.54388400036149,43.55665299985124],[-70.54849200023955,43.55154400031149],[-70.54765100016549,43.54999800014381],[-70.45774299997004,43.64237199995658],[-70.51461500014615,43.68770799989406],[-70.53811400001904,43.67236099994324],[-70.54581000000874,43.67622200016131],[-70.55049499987969,43.67170699980336],[-70.55260999967282,43.673281999735586],[-70.55645099999498,43.67053800016232],[-70.55849899984098,43.67232299984998],[-70.56294699988545,43.66928999968645],[-70.56802699976662,43.67317500016436],[-70.57184799999729,43.67223599992197],[-70.58011300007449,43.678448000284504],[-70.58546999996507,43.67945499969382],[-70.5920830000314,43.67672100001358],[-70.60811199987037,43.661093000118406],[-70.62014700012463,43.65560700028101],[-70.66277899984168,43.61257999981037]]]}},{"type":"Feature","properties":{"GEOID":"23142","NAME":"State House District 142","BASENAME":"142","STATE":"23","SLDL":"142"},"geometry":{"type":"Polygon","coordinates":[[[-70.79663199983133,43.46538800001707],[-70.78447799975139,43.44471199970885],[-70.78612800011241,43.440131000187705],[-70.78120600041503,43.43561900018139],[-70.77454999979267,43.4381060002564],[-70.77134500040344,43.43366899970318],[-70.76928900016155,43.43556600002765],[-70.7477350002025,43.426530000141234],[-70.73680100031329,43.4197759999245],[-70.72741499977955,43.436745000145805],[-70.7227719997414,43.438575999926265],[-70.72581899984519,43.44389499978622],[-70.73212499976488,43.44388000002695],[-70.73670599987874,43.447943000016515],[-70.73701999969809,43.4529630000168],[-70.73986500013552,43.45602699991788],[-70.74538000020983,43.458437000135305],[-70.74938399984032,43.45774499989076],[-70.75696199982926,43.459403000038],[-70.76062999989905,43.46609000023236],[-70.7767280002333,43.47621799972725],[-70.77795500009674,43.46875199984332],[-70.78289699988564,43.46355199978098],[-70.78601500013451,43.462782000027026],[-70.79408100002009,43.467632999886206],[-70.79663199983133,43.46538800001707]]]}},{"type":"Feature","properties":{"GEOID":"23146","NAME":"State House District 146","BASENAME":"146","STATE":"23","SLDL":"146"},"geometry":{"type":"Polygon","coordinates":[[[-70.75717699991439,43.192834999971694],[-70.74478900038106,43.15428299985599],[-70.70902400027525,43.13605799970954],[-70.66575999982322,43.15649100014853],[-70.6589719998547,43.15457100017311],[-70.64253600030995,43.165430000167184],[-70.63699000027347,43.1736309997004],[-70.62785700035805,43.18019999976601],[-70.620785999634,43.18800699993203],[-70.61971799977924,43.191844000198735],[-70.62124400029171,43.19489200003464],[-70.62055700020346,43.202488999775085],[-70.6117039997722,43.21507800028067],[-70.61067799975022,43.21984499999943],[-70.6042349995632,43.2267680000958],[-70.6010100000825,43.237751999851085],[-70.58139099999154,43.229348000223446],[-70.50943300015774,43.20781899977992],[-70.50632400012968,43.218829999852424],[-70.50627800009893,43.224908000260804],[-70.51238300017715,43.24271100021156],[-70.52083099965412,43.25210399989033],[-70.5148150001627,43.255565000037315],[-70.50218800025473,43.268125000004986],[-70.49728800029864,43.274361999713285],[-70.49301000013348,43.28684599982705],[-70.53515300012897,43.33510700027284],[-70.55450299970812,43.31730800000962],[-70.56055500008287,43.321359000118925],[-70.57175599993577,43.31976299996583],[-70.58061299966668,43.32275000027114],[-70.58458899970806,43.3136769999512],[-70.58478399970173,43.30610100012661],[-70.58772299985047,43.296875999876995],[-70.5937159997757,43.28694899984791],[-70.59858999979254,43.290462000184256],[-70.60522799997322,43.29217500023417],[-70.61662200016995,43.2890660002628],[-70.61892299973594,43.26653599985354],[-70.6272559995852,43.264163999734194],[-70.6279240003052,43.26270100007277],[-70.6317539998584,43.26543299997768],[-70.63573499992263,43.26347200032492],[-70.64949499998269,43.26431900015992],[-70.65121399994071,43.26012500015275],[-70.65291100015742,43.26086099984996],[-70.75447499959212,43.197595000244505],[-70.75717699991439,43.192834999971694]]]}},{"type":"Feature","properties":{"GEOID":"23149","NAME":"State House District 149","BASENAME":"149","STATE":"23","SLDL":"149"},"geometry":{"type":"Polygon","coordinates":[[[-70.81763599996947,43.237744999978226],[-70.81548199981827,43.23351899998976],[-70.81687100006341,43.22898000023067],[-70.81287300028072,43.22890300031927],[-70.81138100010342,43.22727500027495],[-70.80855800030564,43.23167399990739],[-70.7986789998524,43.22058999979987],[-70.79297299998235,43.21797100002986],[-70.7892370001405,43.21232100019318],[-70.77748100044381,43.20551500015473],[-70.75645200019132,43.19722499983607],[-70.65291100015742,43.26086099984996],[-70.70206200022945,43.28345300000908],[-70.73434800041136,43.35918199982656],[-70.74123400028915,43.3670889997863],[-70.74121900022054,43.37526499988781],[-70.74989900039944,43.381310000304694],[-70.74801899988462,43.38593099990684],[-70.74914799983875,43.38801099980823],[-70.75764700026768,43.388493000075165],[-70.75679299977485,43.390226000311685],[-70.76253999965277,43.39275400018278],[-70.76352600039009,43.39563799998365],[-70.76766499973976,43.398705000017024],[-70.76385699992788,43.39044000030973],[-70.7565290001842,43.383414999885744],[-70.7552970002979,43.379099000230994],[-70.74779999960151,43.37028699974361],[-70.7488830004232,43.36572000008629],[-70.74625999974363,43.361749999824184],[-70.74864099967557,43.360401000293145],[-70.75141400014296,43.346985000047844],[-70.75770199962096,43.33731300032138],[-70.7759189999463,43.31684599985785],[-70.79949300016226,43.31100100019216],[-70.80304800025417,43.31394899969103],[-70.76039899992038,43.269755999960694],[-70.80180999962177,43.24253000030348],[-70.80800299956353,43.24502999992317],[-70.81763599996947,43.237744999978226]]]}},{"type":"Feature","properties":{"GEOID":"23151","NAME":"State House District 151","BASENAME":"151","STATE":"23","SLDL":"151"},"geometry":{"type":"Polygon","coordinates":[[[-70.76642600018079,43.0928320002714],[-70.756783999554,43.08033800015606],[-70.7430329997148,43.07797300024438],[-70.73796899972717,43.073728000179635],[-70.7063100002574,43.075338999831914],[-70.70119699986597,43.045240000071075],[-70.63071399959273,42.98528599991779],[-70.61115200030146,42.97899000013694],[-70.58759300015413,42.94918800024181],[-70.58185499959872,42.938318999854495],[-70.5750940002927,42.91712599993515],[-70.56594100028579,42.92089399998234],[-70.55298299994173,42.929253000249346],[-70.54216000038062,42.940990000145824],[-70.53622099998374,42.95466699971414],[-70.53474899989793,42.98847899969516],[-70.53148300040937,42.9941629998398],[-70.52888200036939,43.00576900001179],[-70.53015100006562,43.01420599978788],[-70.54217999957378,43.03403899981869],[-70.55835300025112,43.04726399992255],[-70.57306999983784,43.05289100031014],[-70.5996579996473,43.05693900001907],[-70.5906260000142,43.0673600002339],[-70.58578100030971,43.08100399973737],[-70.66241300014377,43.10117199989898],[-70.66170099994116,43.103996000220484],[-70.66957900040407,43.10986000030802],[-70.67084999975012,43.11427299985669],[-70.70236000015528,43.13269500014494],[-70.73319599999267,43.14831799982853],[-70.7598089999165,43.120695999797995],[-70.75171600026674,43.11380100015088],[-70.74769199964648,43.10467200032512],[-70.76642600018079,43.0928320002714]]]}},{"type":"Feature","properties":{"GEOID":"23126","NAME":"State House District 126","BASENAME":"126","STATE":"23","SLDL":"126"},"geometry":{"type":"Polygon","coordinates":[[[-70.51904899994693,43.579218999728475],[-70.51552999984004,43.57741099991391],[-70.51160900005026,43.571101000147145],[-70.49912799973218,43.56364000025402],[-70.49677600011258,43.55553199976935],[-70.48713400038412,43.54558900028835],[-70.46241399959727,43.52504900025182],[-70.43309599987646,43.555527999931506],[-70.4251150003797,43.55397899979569],[-70.41319200027844,43.56522400015714],[-70.45013999986675,43.58421299993164],[-70.43807500037357,43.58802299976483],[-70.43756900003528,43.585515999806965],[-70.43283099956258,43.58493399988273],[-70.42601699965479,43.587076000116646],[-70.42402099968734,43.59009500013632],[-70.42235199995805,43.589219000307],[-70.41820600003736,43.59074500008381],[-70.40007900012368,43.59190699968664],[-70.38784999970066,43.589135999928594],[-70.34618200008131,43.63034499973536],[-70.37054499959446,43.64243800022063],[-70.347398999899,43.64534199986067],[-70.34079699970333,43.65225799981822],[-70.34532599993865,43.65473899989173],[-70.33742999993241,43.6620449997456],[-70.33509699968107,43.66188200013027],[-70.34713100011041,43.66631000002613],[-70.35577600012921,43.665605000047414],[-70.35679499958016,43.66798200007758],[-70.35576699990837,43.66932999978768],[-70.36063699972725,43.67042600024652],[-70.3589160001194,43.66579600017361],[-70.36158599975633,43.66051900030218],[-70.36109500038496,43.66288199980573],[-70.36559500030798,43.66598199997098],[-70.37732300041556,43.668787000313145],[-70.38011699990103,43.666686000008234],[-70.3860069998941,43.66758400002406],[-70.38560299966304,43.666183000257],[-70.38908999998289,43.66457100017747],[-70.39210399957639,43.65558899973095],[-70.4348449999717,43.61421400007532],[-70.46846199977409,43.631318999823954],[-70.51904899994693,43.579218999728475]]]}},{"type":"Feature","properties":{"GEOID":"23038","NAME":"State House District 38","BASENAME":"38","STATE":"23","SLDL":"038"},"geometry":{"type":"Polygon","coordinates":[[[-69.41682299957958,44.551137999923384],[-69.291648000119,44.53390799987263],[-69.28921000028568,44.52266999977468],[-69.27840600009282,44.517591999758906],[-69.27372899971948,44.517720999881966],[-69.25093899967615,44.506344000061475],[-69.20344299998804,44.471355000205115],[-69.2017580003652,44.46478600021604],[-69.16001100020483,44.46983499995339],[-69.1182819995878,44.42982799999267],[-68.96561499959621,44.49912900023988],[-68.98235200033815,44.55866700027843],[-68.90290299965574,44.570460999689175],[-68.9431130003313,44.594261000275736],[-68.93389699967689,44.610531000148896],[-68.92636700026685,44.613818000304],[-68.93882699977021,44.61465799983327],[-68.95117900021688,44.619948000095214],[-68.9533290001701,44.6186790002785],[-68.95658499961294,44.619832999932],[-68.96109700012985,44.61697200031032],[-68.96232499981818,44.61875500019879],[-68.96054899995876,44.62039300008193],[-68.96343700005387,44.62191499992228],[-68.96536600007417,44.62090700006466],[-68.96432300033378,44.618142999732406],[-68.96651900031777,44.61645100004274],[-68.99149899959896,44.62540499997693],[-68.99940899984892,44.62045099996686],[-69.01416700034186,44.67179399985619],[-69.28592600035542,44.62711800014362],[-69.2990689997491,44.649967999745584],[-69.32598799999467,44.653886999949705],[-69.34288200019714,44.63494999969588],[-69.39312299986526,44.64037500013058],[-69.41682299957958,44.551137999923384]]]}},{"type":"Feature","properties":{"GEOID":"23100","NAME":"State House District 100","BASENAME":"100","STATE":"23","SLDL":"100"},"geometry":{"type":"Polygon","coordinates":[[[-70.03722600005909,43.824832999936895],[-70.0284250004047,43.81669699999079],[-70.00314300010139,43.83259500020865],[-69.99262400031388,43.843651000038044],[-69.98580500038322,43.84853400008559],[-69.98226799983469,43.84959300006292],[-69.9732370000265,43.84812700015543],[-69.96110700023603,43.85034500007331],[-69.95713399966937,43.85269300030309],[-69.95447300025329,43.85776899980396],[-69.9492929999147,43.860748000322644],[-69.94719499984,43.85989600021417],[-69.94540800010992,43.85230699999749],[-69.93956400014763,43.85472200003184],[-69.93689000031273,43.86253499977566],[-69.94001900043229,43.86930900002342],[-69.94290900017722,43.8699439999684],[-69.94470199975508,43.87403200004436],[-69.94764099990384,43.87378700005504],[-69.94781199960805,43.87409100024814],[-69.9433229995557,43.874045999735785],[-69.93792200018248,43.87147200025728],[-69.93288599978395,43.87750599977555],[-69.93365099969002,43.88449199978744],[-69.92919000012506,43.88858899976003],[-69.92554600034471,43.8883390001255],[-69.91992999998803,43.89257299988283],[-69.91792300014993,43.89812599980476],[-69.9127329997656,43.89544300016696],[-69.90980600021072,43.899401999857645],[-69.9141820002852,43.90394200010687],[-69.916083999643,43.91026200023177],[-69.92617499980832,43.90998500025739],[-69.9212940001188,43.91236800010474],[-69.92608799976969,43.915329999918924],[-69.9300300003742,43.91223999999568],[-69.93389799956222,43.91244299993455],[-69.9549109999212,43.923258000060045],[-69.96100699977858,43.92296400027689],[-69.96520100027816,43.92002499989681],[-69.96712699992541,43.92135899995022],[-69.97306899979701,43.91776099971833],[-69.9762359995514,43.9129769997699],[-69.97523999966664,43.907009999992354],[-69.96463200019069,43.90837700022051],[-69.96795600030389,43.899121000219026],[-69.97384100027408,43.89168099974958],[-69.97090399977516,43.888482999861836],[-69.96747599990486,43.880254000322545],[-69.96753600017932,43.87625300002284],[-69.9704920000465,43.870244999980585],[-69.99194899992119,43.85366200025399],[-70.0043399998276,43.8577600000896],[-70.02644199995773,43.838728000308066],[-70.03722600005909,43.824832999936895]]]}},{"type":"Feature","properties":{"GEOID":"23059","NAME":"State House District 59","BASENAME":"59","STATE":"23","SLDL":"059"},"geometry":{"type":"Polygon","coordinates":[[[-69.83423399983549,44.3471670000571],[-69.82825299960585,44.34605799984081],[-69.83377000022833,44.332090999866345],[-69.83060699977358,44.331564999868505],[-69.83112599963236,44.32991299985895],[-69.8245469999012,44.32860100001816],[-69.82631199988997,44.324761999711555],[-69.8297430001333,44.32525999980482],[-69.83237199976236,44.318740000273],[-69.82643200043888,44.31765799990231],[-69.82710100008549,44.31403399996343],[-69.80891800009532,44.309744000053115],[-69.81059799969528,44.30429399976888],[-69.80053599984225,44.30267700018652],[-69.80165599957556,44.29925699976353],[-69.78703299970014,44.296859999799466],[-69.78645600011508,44.2997819997417],[-69.78255000039388,44.300817999779376],[-69.7819460001463,44.30312499976392],[-69.7773979996444,44.30222199993912],[-69.7647740001095,44.33511199982585],[-69.74948900026018,44.35460100024119],[-69.74606300003973,44.36114000005101],[-69.72904199961565,44.37774999984244],[-69.81851899981588,44.39174599970055],[-69.82206499968693,44.38069699979287],[-69.82356400043525,44.380748999984185],[-69.83423399983549,44.3471670000571]]]}},{"type":"Feature","properties":{"GEOID":"23138","NAME":"State House District 138","BASENAME":"138","STATE":"23","SLDL":"138"},"geometry":{"type":"Polygon","coordinates":[[[-70.8525929996132,43.804735000089444],[-70.85138699966615,43.78208399983488],[-70.84368099963069,43.75954099999641],[-70.83940800038673,43.70917199984095],[-70.78134000030933,43.73565800006227],[-70.77627600032169,43.7455959999966],[-70.75532900008496,43.75160499997173],[-70.7438910004056,43.695951999966645],[-70.71960699963685,43.6656349998557],[-70.71141899955256,43.665676999952034],[-70.69632100019932,43.67108400000766],[-70.69666500015589,43.67329399981522],[-70.69226899998995,43.674543000129816],[-70.66277899984168,43.61257999981037],[-70.62014700012463,43.65560700028101],[-70.60811199987037,43.661093000118406],[-70.5895899999465,43.678529999677544],[-70.58011300007449,43.678448000284504],[-70.57369099980386,43.67474099990091],[-70.57292400024798,43.672644999912684],[-70.56836700042355,43.67331899991942],[-70.56294699988545,43.66928999968645],[-70.55849899984098,43.67232299984998],[-70.55645099999498,43.67053800016232],[-70.55260999967282,43.673281999735586],[-70.55049499987969,43.67170699980336],[-70.54581000000874,43.67622200016131],[-70.53811400001904,43.67236099994324],[-70.51461500014615,43.68770799989406],[-70.54996500015028,43.715796000099466],[-70.57740099970646,43.687185000032315],[-70.59534199984729,43.6971950002154],[-70.60563700022713,43.68770099995959],[-70.61207399966806,43.68709899993766],[-70.61075999976599,43.69275199968026],[-70.61449300013312,43.698330999855095],[-70.62215399996272,43.699500999831386],[-70.6289670000456,43.70432500003787],[-70.64183599980291,43.703200000156194],[-70.64973699983203,43.69913799985861],[-70.65737099989745,43.70154400027804],[-70.65927999982627,43.70435100028367],[-70.65933000005498,43.712288999923224],[-70.6564510001807,43.71734100024649],[-70.65341900014553,43.73142600016657],[-70.65096899971833,43.736831999775525],[-70.64614099973225,43.740049000091965],[-70.64569800004145,43.747316999778555],[-70.64301099978778,43.751721999841145],[-70.64522100001547,43.75702100012702],[-70.65107500002352,43.75844900025872],[-70.65272899968423,43.76201499968052],[-70.65644100013495,43.76457000027486],[-70.65550499962636,43.766306999762314],[-70.64984300013722,43.768371000141876],[-70.65567500040399,43.7800990000829],[-70.65277899991293,43.78716399974378],[-70.65958100012516,43.79045100008704],[-70.66740299961324,43.791102000034996],[-70.66974300043559,43.79416099995043],[-70.6714120001649,43.79337999983036],[-70.67156199995273,43.78918700028814],[-70.67464099984356,43.78865099991591],[-70.67716599971551,43.793070999825986],[-70.68171500004235,43.796550999723706],[-70.68959500015507,43.795849999702064],[-70.694095999903,43.79798900030765],[-70.69264499973359,43.80230500008406],[-70.69467500003623,43.80513400018114],[-70.69894599963038,43.80400600028764],[-70.70148200027133,43.79793300012811],[-70.70808199991886,43.8001619999025],[-70.71263799991837,43.799611999751185],[-70.71861400012516,43.79489900004313],[-70.72854799993165,43.79338499995159],[-70.73198800039583,43.78993399977032],[-70.74512699959153,43.788015000275536],[-70.75552699955337,43.789134000187225],[-70.76712400013969,43.79312399967793],[-70.7751299997508,43.80073399969435],[-70.78033500020376,43.80351600025153],[-70.78115299981327,43.811925999936285],[-70.78298399992427,43.81414699983004],[-70.7912799999636,43.81312700000199],[-70.79744199994323,43.80970799993374],[-70.79748499960093,43.80620100026745],[-70.80230099989146,43.80954600011539],[-70.8048040000221,43.80796699975425],[-70.80885600023146,43.81023900007518],[-70.81117299969095,43.807537999689444],[-70.81189099974137,43.81054199987164],[-70.81500300014247,43.81148899981092],[-70.82162799990436,43.8072589998933],[-70.82710299979574,43.80669000000195],[-70.83024399961084,43.80885900030103],[-70.84120699981236,43.809893999879534],[-70.84360500036104,43.80742500001501],[-70.8525929996132,43.804735000089444]]]}},{"type":"Feature","properties":{"GEOID":"23069","NAME":"State House District 69","BASENAME":"69","STATE":"23","SLDL":"069"},"geometry":{"type":"Polygon","coordinates":[[[-69.61492800026588,44.8798110001999],[-69.59285500044807,44.802631000260256],[-69.59661399985615,44.802187999700536],[-69.58705599979328,44.7589820001001],[-69.58955899992392,44.7582259997443],[-69.59167299989217,44.75006799987692],[-69.5888119995612,44.7500690002133],[-69.59051299997589,44.7422830002502],[-69.58724199956612,44.743190999766085],[-69.58176300037509,44.74070700006142],[-69.58135800031914,44.73885500004887],[-69.5872690002286,44.733701999838125],[-69.58589000002921,44.73138700030329],[-69.58243799986947,44.73098099973511],[-69.58318600005711,44.72570200029444],[-69.5806920001473,44.72206000028454],[-69.58409900010119,44.71958499998001],[-69.58119799958726,44.715331999699224],[-69.59136099972262,44.712742000299954],[-69.59690799958402,44.71430599978209],[-69.5993780001027,44.710619999825326],[-69.60657000030227,44.70743999978401],[-69.60378900033726,44.70733799996979],[-69.60362399958251,44.70461999981863],[-69.48339500010879,44.72027099997428],[-69.4766520003461,44.743768999770374],[-69.49313499974652,44.748232000033504],[-69.49812199974126,44.76749700002424],[-69.51521900033332,44.787986999908036],[-69.52165099975136,44.81208799994426],[-69.47901999985923,44.81828900027471],[-69.48462500034526,44.83939300027362],[-69.47423899972883,44.84090900023749],[-69.47458600005845,44.84220800029963],[-69.47109200006594,44.84366300014428],[-69.47022099985465,44.84148300004056],[-69.43920799956693,44.84590100024262],[-69.42510400044863,44.80218999984308],[-69.37156800008128,44.80894800010804],[-69.35419100000507,44.77135199995145],[-69.34990000031941,44.771743000119905],[-69.34811100004119,44.76941200024421],[-69.33528099974366,44.764593999889804],[-69.33620600038161,44.761035000009905],[-69.33994600042142,44.76012899982524],[-69.33930799983865,44.757912000119916],[-69.34354499999596,44.749818999795224],[-69.32740700037704,44.714441999932156],[-69.26678500011533,44.72192800026883],[-69.28633600043425,44.80798799985552],[-69.28127499992135,44.80865699998435],[-69.33094900005013,44.98690099997221],[-69.47544399985094,44.96822900030937],[-69.46765599979972,44.93903600017746],[-69.55058400040603,44.92703599982495],[-69.55198600017165,44.925341000214274],[-69.5500119999455,44.923190000246464],[-69.55415600021637,44.91928100030692],[-69.55312500017153,44.916851000176095],[-69.56741699961083,44.91912200012413],[-69.56065799995461,44.91446099970745],[-69.57095800035732,44.91938799970624],[-69.57138900035255,44.91483000001887],[-69.56994099965787,44.91407700027072],[-69.57415500024894,44.91195800023761],[-69.57301299987601,44.91063600013915],[-69.58146200007623,44.908414999969715],[-69.58747199971988,44.909735000029805],[-69.59065000024322,44.90787700017611],[-69.59530400015203,44.90781299969045],[-69.59696100018577,44.904694000195576],[-69.59921099969812,44.90460099982428],[-69.59999599969568,44.900771000007936],[-69.60295800030896,44.8998600002149],[-69.60312300016541,44.89733800006279],[-69.60787199961045,44.89210499983204],[-69.6038479998885,44.88861999974037],[-69.60763800015704,44.8856789998365],[-69.60703800010741,44.884206000021805],[-69.61006199974665,44.88338400011668],[-69.61126799969367,44.88026300001788],[-69.61492800026588,44.8798110001999]]]}},{"type":"Feature","properties":{"GEOID":"23033","NAME":"State House District 33","BASENAME":"33","STATE":"23","SLDL":"033"},"geometry":{"type":"Polygon","coordinates":[[[-69.33094900005013,44.98690099997221],[-69.28127499992135,44.80865699998435],[-69.28633600043425,44.80798799985552],[-69.26678500011533,44.72192800026883],[-69.20519999958087,44.72958599996988],[-69.18373199983554,44.644022999688744],[-69.06099799968302,44.66394599972212],[-69.09405299996895,44.79773200012679],[-69.10063400024823,44.79695700029045],[-69.1018700003325,44.802087000060794],[-69.09533400025904,44.80294400019906],[-69.10269299996489,44.83248499982586],[-69.16071599983643,44.8249060000833],[-69.20852000039444,45.004432999907216],[-69.33094900005013,44.98690099997221]]]}},{"type":"Feature","properties":{"GEOID":"23145","NAME":"State House District 145","BASENAME":"145","STATE":"23","SLDL":"145"},"geometry":{"type":"Polygon","coordinates":[[[-70.7241869999258,43.33489600010013],[-70.7111549999619,43.30729499993738],[-70.70206200022945,43.28345300000908],[-70.65121399994071,43.26012500015275],[-70.64935900043857,43.26438400003113],[-70.63573499992263,43.26347200032492],[-70.6317539998584,43.26543299997768],[-70.6279240003052,43.26270100007277],[-70.6272559995852,43.264163999734194],[-70.61892299973594,43.26653599985354],[-70.61662200016995,43.2890660002628],[-70.60522799997322,43.29217500023417],[-70.59858999979254,43.290462000184256],[-70.5937159997757,43.28694899984791],[-70.58772299985047,43.296875999876995],[-70.58478399970173,43.30610100012661],[-70.58458899970806,43.3136769999512],[-70.58061299966668,43.32275000027114],[-70.57175599993577,43.31976299996583],[-70.56055500008287,43.321359000118925],[-70.55450299970812,43.31730800000962],[-70.53515300012897,43.33510700027284],[-70.54057299976876,43.335513000230335],[-70.53898299968218,43.33750700000988],[-70.54101100033498,43.343233999944275],[-70.54347799958231,43.34150299972474],[-70.54204999987743,43.33966300011751],[-70.54222399995471,43.337755999877146],[-70.54336600032764,43.33808699999598],[-70.54636400002762,43.34193500015062],[-70.54352299978817,43.3435960000183],[-70.54365000000976,43.34611599989857],[-70.54597300021535,43.34577799991937],[-70.54409299970055,43.34692900027566],[-70.54540199957974,43.34705999993006],[-70.54539400008213,43.34930200012276],[-70.5476799995795,43.348533000314056],[-70.54769499964812,43.35036899985589],[-70.55037199985604,43.351810000087575],[-70.54940100008564,43.3533179997087],[-70.55148499991665,43.35343800014987],[-70.55705699989238,43.360254999812135],[-70.55943399962635,43.360721999869305],[-70.5599080001776,43.36301199984686],[-70.56162299993765,43.3627859997417],[-70.56487300043102,43.36755900021225],[-70.57513500030059,43.372019000262064],[-70.58074499991116,43.378838999793196],[-70.58825599995295,43.38250800013855],[-70.6056770004101,43.38631200016531],[-70.61084000013194,43.38678400009976],[-70.613464999563,43.385239000190914],[-70.63004900014408,43.38776299995451],[-70.63946699956655,43.3874909998327],[-70.65653099964834,43.382402999721904],[-70.66016000025837,43.386995000078116],[-70.67010199956249,43.391224000101204],[-70.7241869999258,43.33489600010013]]]}},{"type":"Feature","properties":{"GEOID":"23041","NAME":"State House District 41","BASENAME":"41","STATE":"23","SLDL":"041"},"geometry":{"type":"Polygon","coordinates":[[[-69.19602999985554,44.19967600015738],[-69.17435200004792,44.18297900029765],[-69.17621300029616,44.1815529997374],[-69.17124300001986,44.177906000275165],[-69.16630200005588,44.174374999781755],[-69.16470600012151,44.175520000190744],[-69.06950200013482,44.10699600028059],[-69.04534299993787,44.1250800000886],[-69.02385500010107,44.16150499992821],[-69.00481099994536,44.20292600005024],[-69.01321400011483,44.21055800026097],[-69.02836800044288,44.2490069999027],[-69.04310500012109,44.259549999868],[-69.12162199959454,44.25564400026301],[-69.19602999985554,44.19967600015738]]]}},{"type":"Feature","properties":{"GEOID":"23012","NAME":"State House District 12","BASENAME":"12","STATE":"23","SLDL":"012"},"geometry":{"type":"Polygon","coordinates":[[[-68.3960009998542,44.57903800015085],[-68.38411200008814,44.53226400023036],[-68.3860810002914,44.52595099984978],[-68.37054700002174,44.51826300019781],[-68.3032239998302,44.5278470000763],[-68.29953700039212,44.51402400025527],[-68.27437899993738,44.504549000051924],[-68.27176299982882,44.50007600028709],[-68.26640900031128,44.49632799979561],[-68.26390000033284,44.488789999763206],[-68.25615800031238,44.479453999844836],[-68.25466899960982,44.465966999966525],[-68.24908999996138,44.457984999963],[-68.24755299957825,44.452609999970804],[-68.21723099957674,44.443282000312],[-68.22596199980926,44.42853099996186],[-68.22724899994715,44.4174490003195],[-68.21901300018227,44.410154000076396],[-68.21992799987616,44.40384999990021],[-68.21690900025979,44.397422999899874],[-68.21303399960243,44.39452000017781],[-68.19840700042738,44.394365000271605],[-68.19325600040112,44.39279799971628],[-68.19102100005907,44.390751999745035],[-68.19432599990571,44.38133999981462],[-68.16415600024017,44.37510500030489],[-68.15473999956923,44.36562800007544],[-68.16005499962702,44.35430500002205],[-68.15521199957233,44.34244400020941],[-68.15541900015988,44.32729800026604],[-68.16031499991801,44.30480399973702],[-68.16613600031411,44.291729999728446],[-68.12777600001614,44.264365999917516],[-68.06095900016287,44.27825599982717],[-68.0278439996025,44.2742139997944],[-68.00744000041229,44.27740900001494],[-67.99250299981921,44.2830840001597],[-67.9736469999845,44.29515899972227],[-67.96557500025112,44.30599800025742],[-67.96077900005211,44.319265000185396],[-67.94241199993891,44.32607100014514],[-67.93338899962835,44.33230799986027],[-67.88393299995776,44.387132999786324],[-67.87918100013968,44.40852100031466],[-67.88083300015056,44.42072799974304],[-67.87907200035974,44.42505899995437],[-67.88248099996345,44.44207699994955],[-67.879387000004,44.44951000019835],[-67.87374999973095,44.45550399991801],[-67.88241599966612,44.47696599995418],[-67.88903499958025,44.486798000004356],[-67.8829630000123,44.488225999805614],[-67.88469500038912,44.49405299990374],[-67.88188400028687,44.4970319998929],[-67.88231799975684,44.49875199984664],[-67.88686799990856,44.495703999841645],[-67.89319300009481,44.49471600014194],[-67.90827899975248,44.5525779999238],[-67.91898699968588,44.55104100000283],[-67.91842900036737,44.548875000190506],[-67.92463999985247,44.54794299969602],[-67.92689500028602,44.55511299985027],[-67.9348280001022,44.553963000157005],[-67.936777000214,44.56003999969733],[-67.94069800000378,44.559490999807025],[-67.94463600041031,44.57220299984373],[-67.94782300025618,44.57170100025452],[-67.95354400019484,44.58489800003604],[-67.95677100022367,44.58444100000169],[-67.95825400018013,44.59770800014708],[-68.01721900040808,44.58908700025049],[-67.9918059996852,44.504478999991846],[-68.02906499961814,44.500823000287056],[-68.03864799979534,44.54349100020389],[-68.07082900039526,44.53956999989299],[-68.06771299979619,44.52457000010925],[-68.06052599961951,44.518411999760396],[-68.06307999980379,44.51598400023709],[-68.06532699984142,44.516592000200006],[-68.06950700009727,44.51421800029355],[-68.0692989996848,44.51228500002987],[-68.06480499960958,44.510578000078745],[-68.06754999958957,44.50540199970562],[-68.06429199959861,44.503907999840486],[-68.07130800007106,44.5031679998129],[-68.07067600023439,44.49899899978306],[-68.07548300030406,44.498272999828274],[-68.07437699991615,44.49421300024437],[-68.10305699995253,44.48988199980506],[-68.11434499984405,44.5332139999248],[-68.08750199976646,44.53699600002131],[-68.08982300032226,44.54579600029521],[-68.08489700042688,44.54650000021905],[-68.0932479998195,44.577818999729985],[-68.15727200001218,44.566758999719845],[-68.17372400034878,44.63575799984389],[-68.16763000014123,44.63653299980415],[-68.16853499978937,44.64015400029056],[-68.16107099960325,44.641264999904806],[-68.16142399978065,44.64382900020938],[-68.16182299998883,44.645312999962016],[-68.16969499970564,44.64423600005677],[-68.17079299969764,44.6479259998234],[-68.17313699981965,44.64763699986927],[-68.17419700017682,44.65156500019635],[-68.17799499994294,44.65105200023328],[-68.17884799971256,44.65435300011016],[-68.30367800028995,44.63711499981251],[-68.2908339997487,44.59374699985796],[-68.3960009998542,44.57903800015085]]]}},{"type":"Feature","properties":{"GEOID":"23086","NAME":"State House District 86","BASENAME":"86","STATE":"23","SLDL":"086"},"geometry":{"type":"MultiPolygon","coordinates":[[[[-70.58064700000187,43.91297000029268],[-70.5805869997274,43.91133700026765],[-70.54330799970299,43.87146999984514],[-70.49949900035125,43.83333799985076],[-70.48673500017594,43.856545000270174],[-70.45473799969906,43.88657400023748],[-70.4454340000794,43.88184199979963],[-70.37449899989453,43.95522899999007],[-70.38718500025203,43.96144999983891],[-70.37775199986264,43.971608000080955],[-70.40512499966965,43.98688200014305],[-70.40195399971729,43.99010799980285],[-70.43441099960341,44.00723900003986],[-70.4226580002798,44.01851499986807],[-70.43246300021487,44.030196999849444],[-70.4289879995906,44.034285000011224],[-70.43834599963691,44.035770999946834],[-70.4448499999233,44.03493100031838],[-70.45375400040818,44.03880700022011],[-70.46047500042955,44.05430300006313],[-70.4679630000068,44.059104000008944],[-70.47152700031953,44.06667499998572],[-70.47561600033882,44.06993600020923],[-70.48528800020449,44.06039800028115],[-70.4790230002927,44.05507699975909],[-70.48145899957788,44.04368799975077],[-70.47841499984716,44.03520100006752],[-70.48007799972868,44.03207800004014],[-70.50237099965453,44.04256799980379],[-70.50523899965818,44.0395909999343],[-70.50899700013966,44.041454000229756],[-70.56668799975019,43.98217400032307],[-70.56455899971336,43.98093399984061],[-70.56650199997736,43.980088000266065],[-70.56345499987357,43.97856300008013],[-70.56438399981117,43.97492599976736],[-70.56629500028811,43.97471499968713],[-70.5656809999948,43.97325600020271],[-70.56839599983755,43.97455199999735],[-70.56764199980215,43.971450999832484],[-70.56992399999986,43.96970500005569],[-70.56738400005928,43.96882100019661],[-70.5674429996105,43.966889000198286],[-70.56911899991081,43.96709600006349],[-70.5679620003676,43.96436999974978],[-70.56955599975382,43.96355099988906],[-70.56610799979205,43.95833200003532],[-70.5664209997865,43.95614000018755],[-70.5572679997796,43.95192500018496],[-70.55863899958305,43.950628000295865],[-70.56107399994167,43.95199900011993],[-70.55985499957583,43.950255999865874],[-70.5620279999936,43.94844800008529],[-70.55983399965945,43.945462000180015],[-70.56157299970894,43.94392500010613],[-70.55954900015242,43.94299000019189],[-70.5583590000989,43.94459900005597],[-70.55699699961795,43.942951999826285],[-70.56003500039921,43.941826000131904],[-70.56023799989048,43.94025699981855],[-70.56182899980199,43.94154000027367],[-70.56344400000292,43.93842600002921],[-70.5661250004088,43.93958599990002],[-70.56582499993483,43.93751099972344],[-70.56703400025492,43.939091999897826],[-70.56956699962448,43.938908999908],[-70.56816300020905,43.93595199968237],[-70.57235000013762,43.936106000317835],[-70.57175400028596,43.934039000030644],[-70.57629699986668,43.932675999894215],[-70.5751000001405,43.93059399990365],[-70.5726940000942,43.930965000279045],[-70.57224399983241,43.92790599970112],[-70.56969300002119,43.92751300029868],[-70.5754599999906,43.924727999827475],[-70.57554600020431,43.92338599976256],[-70.57306300016515,43.92369899992221],[-70.57660400001335,43.91939999976177],[-70.57326800020456,43.9192439997664],[-70.57613000036042,43.9170289997766],[-70.57178699989794,43.91510400026288],[-70.58064700000187,43.91297000029268]]],[[[-70.53453100033805,43.83625399998118],[-70.53108500002608,43.833036000259966],[-70.53290400044153,43.82536299973947],[-70.52295600039133,43.825360999724595],[-70.52030400029777,43.822239999881646],[-70.51515499992132,43.82383299989405],[-70.51703200006307,43.826165000299845],[-70.51151299979078,43.83176599996558],[-70.51610499977531,43.83763800020572],[-70.51730900007252,43.847283999815716],[-70.52559199969305,43.85028999998906],[-70.52998200001123,43.85398100013891],[-70.53300300017574,43.85254800002648],[-70.53287599995413,43.84566199979657],[-70.53127699964672,43.844144000259355],[-70.53326799959129,43.8438000000062],[-70.53221999982802,43.842294000310304],[-70.53325099987286,43.84084200020348],[-70.5315779999456,43.84000300027757],[-70.53453100033805,43.83625399998118]]]]}},{"type":"Feature","properties":{"GEOID":"23096","NAME":"State House District 96","BASENAME":"96","STATE":"23","SLDL":"096"},"geometry":{"type":"Polygon","coordinates":[[[-70.20725300040847,44.064528999749655],[-70.20205299997842,44.06189099982197],[-70.19908299986751,44.05598999983957],[-70.18759199958639,44.04518000006329],[-70.18472899960562,44.03462199977043],[-70.17944700005812,44.02536700031285],[-70.16715200041119,44.01917799997328],[-70.16565400038611,44.00895600019638],[-70.15855800044602,44.005345999934455],[-70.14307900042795,44.02205899994804],[-70.12679299977272,44.06559000013123],[-70.11622299993158,44.10776200029514],[-70.11875000035168,44.11539400020802],[-70.11525200016118,44.12623699970747],[-70.14020100037857,44.13797699987589],[-70.15796699971891,44.11994100023928],[-70.15756300038619,44.113863999745256],[-70.16038799983379,44.110583000264356],[-70.16921399960256,44.10812400004946],[-70.17479099960119,44.10234400023334],[-70.17170900023561,44.097181000024534],[-70.17333799978194,44.09369600029214],[-70.1763339998321,44.09292499980633],[-70.18114799957448,44.08752099994682],[-70.18346199955924,44.088694999842524],[-70.19224800004334,44.079151999792096],[-70.18271300044502,44.07546100031324],[-70.18453299978705,44.07223800013915],[-70.19747199986453,44.070887999889585],[-70.20725300040847,44.064528999749655]]]}},{"type":"Feature","properties":{"GEOID":"23071","NAME":"State House District 71","BASENAME":"71","STATE":"23","SLDL":"071"},"geometry":{"type":"Polygon","coordinates":[[[-69.90350199994089,44.75243800015432],[-69.89576800031634,44.74853800022954],[-69.89261900010531,44.74501600002566],[-69.89779100004797,44.738438999952095],[-69.89685500043768,44.73666399982169],[-69.89859299976395,44.73162699985216],[-69.89540400026826,44.73045500022782],[-69.89097700014018,44.732798999977035],[-69.88394700032232,44.732151000171086],[-69.88675900024948,44.72879899980172],[-69.88722100020684,44.72224099988422],[-69.89581500017199,44.71716900024274],[-69.89510600034244,44.71170100010998],[-69.8902259995795,44.70803900022335],[-69.89194700008566,44.706881999916995],[-69.86845499988547,44.692930000249945],[-69.86581399966258,44.682357999816254],[-69.8683439995574,44.68167299972],[-69.86763100042819,44.675138000010335],[-69.86416300037493,44.67577199980929],[-69.86279500004616,44.66969700021174],[-69.83253999999184,44.67404499990019],[-69.82885900040156,44.6715510000442],[-69.79091900022816,44.67872500024572],[-69.7382680003158,44.67128499974971],[-69.73421199990848,44.686228999983385],[-69.73228500043632,44.686520000149564],[-69.73194300012956,44.694209999767814],[-69.74743800004114,44.74929399973561],[-69.73900399990956,44.754436000087296],[-69.75328500037651,44.76540600000621],[-69.75136800005177,44.76670599970613],[-69.75760600019937,44.77127399984909],[-69.7501100002262,44.7766079997362],[-69.75998999960603,44.7850410001208],[-69.71902800034151,44.78965900020793],[-69.72448700033935,44.808335000131656],[-69.59931799982824,44.8243690000608],[-69.62552999989407,44.917351000021746],[-69.85955299994873,44.88717100019963],[-69.86456000003496,44.87958100022499],[-69.86348200013444,44.868957000130074],[-69.86553900020127,44.860543000231026],[-69.86283299968102,44.857573999854154],[-69.86298599984188,44.85543099989886],[-69.86890799962201,44.854755999882634],[-69.87238700044423,44.84966099969374],[-69.87751400018105,44.848397000119625],[-69.87927300032204,44.84605200016304],[-69.87859100025666,44.84220500025672],[-69.87369200012547,44.83809200027148],[-69.87101400009263,44.83795100011628],[-69.86877499955261,44.84084799987009],[-69.8666609995844,44.84073800005724],[-69.86438900033073,44.83318500010369],[-69.86600799983131,44.83212800027098],[-69.87101599974245,44.834457999714914],[-69.87335499984157,44.833081000075985],[-69.87425199999213,44.83021099999352],[-69.87116999972824,44.822159999886956],[-69.87320599987865,44.818147000303036],[-69.88461699979385,44.81636700006245],[-69.89172199995477,44.8121529997585],[-69.88642100014067,44.802389999724454],[-69.88862299997244,44.79729600001576],[-69.88430899982227,44.79451199999118],[-69.8892539999842,44.79035000030365],[-69.88657799960119,44.774122000303606],[-69.88971000009379,44.76451899984914],[-69.89412499962799,44.762828000214576],[-69.90119299997899,44.76374499999276],[-69.90248699978956,44.761943000281654],[-69.90241999984241,44.75951299994165],[-69.89551300004821,44.758585999993116],[-69.89295499966596,44.7544970000142],[-69.89968999993103,44.75660900024306],[-69.90350199994089,44.75243800015432]]]}},{"type":"Feature","properties":{"GEOID":"23091","NAME":"State House District 91","BASENAME":"91","STATE":"23","SLDL":"091"},"geometry":{"type":"Polygon","coordinates":[[[-70.26522299967826,44.36291299992542],[-70.32521800012616,44.208399000085066],[-70.2124930001232,44.17857199970996],[-70.20321799991757,44.19901700009048],[-70.18857099975271,44.218923999949574],[-70.19019500017448,44.232641000277454],[-70.18822699979613,44.24332599982083],[-70.18373500026904,44.24818000021657],[-70.17835099971595,44.25875999998563],[-70.07574700001555,44.20616799995833],[-70.07425999986113,44.290154000030086],[-70.04128699959098,44.28409900009647],[-70.03897000013147,44.28626700009162],[-70.04482400013953,44.288022999853695],[-70.04540300027276,44.28950299995078],[-70.04544299955741,44.30207599995458],[-70.04363200043619,44.31003700029562],[-70.02977100009382,44.308507000071586],[-70.01118399987261,44.37898500029959],[-70.02560900027959,44.381228999767025],[-70.02303699965366,44.39073699992446],[-70.0994609999736,44.380100999685006],[-70.10049100019353,44.38385399983294],[-70.12217200037419,44.381130999949164],[-70.12005199965985,44.37271199972914],[-70.1532009996571,44.369356999935675],[-70.15804500043502,44.36751700019716],[-70.16489199995478,44.366858999777584],[-70.18243200023763,44.369121000053994],[-70.18544500000623,44.36740700014771],[-70.18749500040035,44.36168100017907],[-70.18885000031028,44.35335799983034],[-70.18773200022682,44.34838599984473],[-70.18445499996925,44.34590399971055],[-70.18790299993103,44.343168000186566],[-70.26522299967826,44.36291299992542]]]}},{"type":"Feature","properties":{"GEOID":"23005","NAME":"State House District 5","BASENAME":"5","STATE":"23","SLDL":"005"},"geometry":{"type":"Polygon","coordinates":[[[-68.05652799983682,46.77567700012896],[-68.0482469998661,46.59437899992015],[-67.92052700044206,46.5968860002605],[-67.92160100014462,46.686521000136594],[-67.92607900032634,46.77876499979152],[-68.05652799983682,46.77567700012896]]]}},{"type":"Feature","properties":{"GEOID":"23089","NAME":"State House District 89","BASENAME":"89","STATE":"23","SLDL":"089"},"geometry":{"type":"Polygon","coordinates":[[[-70.24042400014703,44.09917599991745],[-70.23609199955519,44.0953879999607],[-70.2350420001421,44.09350799992131],[-70.2374420003406,44.092268999979666],[-70.23264100011869,44.087450000278736],[-70.22902900012538,44.08795099985066],[-70.23028000027826,44.08452600021492],[-70.21922900021318,44.08120299992671],[-70.2160349997963,44.08633100028846],[-70.22388599959672,44.091785999816075],[-70.22236500000542,44.10020199973257],[-70.22339699987519,44.10488600029412],[-70.21726199965974,44.11151100027894],[-70.21687599987035,44.11704100022352],[-70.21319100008212,44.12071000012084],[-70.22405800002419,44.12293200030512],[-70.22521899976535,44.121044000102266],[-70.23323000029765,44.1203090001878],[-70.23226299982692,44.11486700014257],[-70.2351629996176,44.11032799970093],[-70.23075800012913,44.10530700004508],[-70.23377099989773,44.10339100005823],[-70.234642000109,44.104547000118885],[-70.24042400014703,44.09917599991745]]]}},{"type":"Feature","properties":{"GEOID":"23128","NAME":"State House District 128","BASENAME":"128","STATE":"23","SLDL":"128"},"geometry":{"type":"Polygon","coordinates":[[[-70.36122599990621,43.753814999811546],[-70.37992799975514,43.69159600013388],[-70.37636900036362,43.683806999976184],[-70.36702300001285,43.677676000267766],[-70.35721800007778,43.67998100020627],[-70.34919599967483,43.685781999726714],[-70.33689500018012,43.68808099986257],[-70.33604400006031,43.69031999999873],[-70.32997199959406,43.6929879997886],[-70.32935300017618,43.69864099977391],[-70.32263800000261,43.70551700006545],[-70.32537700013482,43.70812299972634],[-70.31772899982568,43.7142530002113],[-70.31693600033051,43.717706000093116],[-70.31111699958424,43.71975799987274],[-70.31827699999677,43.727319999918684],[-70.3233769999694,43.7280849999223],[-70.3273970003917,43.73224800001666],[-70.32725400027658,43.735328999903686],[-70.33760300018477,43.74063700014662],[-70.33532600000993,43.74380600013457],[-70.33210099963091,43.74334899994808],[-70.33490500006043,43.74933100014811],[-70.33749400040482,43.74915599972894],[-70.33597200009031,43.751834999719655],[-70.34819200029247,43.75015600005295],[-70.34776700014503,43.74903100013594],[-70.35015899994761,43.74811100011034],[-70.35155400004054,43.75220100020454],[-70.35334199959551,43.75178799989949],[-70.35330099958763,43.749343999917826],[-70.36122599990621,43.753814999811546]]]}},{"type":"Feature","properties":{"GEOID":"23010","NAME":"State House District 10","BASENAME":"10","STATE":"23","SLDL":"010"},"geometry":{"type":"Polygon","coordinates":[[[-67.7807020004436,45.17095799984673],[-67.75451700014195,45.052665999847754],[-67.72957499959726,44.97553800015323],[-67.69409900009478,44.84870800024071],[-67.71577100005462,44.8444129997632],[-67.7049779997324,44.779853000190435],[-67.70103799967603,44.76596299980673],[-67.58361100008369,44.80152099992468],[-67.57959499985935,44.79522799969768],[-67.54995499992324,44.80266000018541],[-67.50903999961609,44.73354499998654],[-67.50897900041504,44.72901599972282],[-67.50685600022598,44.72482500030823],[-67.4946009998637,44.72689600012706],[-67.48581600010283,44.72199099976268],[-67.44455699983907,44.7248209997684],[-67.44446899997553,44.72282199982625],[-67.43240100010931,44.72919200023734],[-67.42979900024446,44.7144599998436],[-67.42143399970983,44.71475400015777],[-67.4154340001119,44.695779999986115],[-67.42042199993156,44.69504399969516],[-67.41874399998143,44.69055899979954],[-67.43974899994447,44.687332999858725],[-67.43184100024267,44.66644200008213],[-67.43376299969194,44.666594999821285],[-67.44095900008948,44.658406999988024],[-67.44085899963204,44.65552899974283],[-67.43794200012292,44.65160000000233],[-67.44062900037659,44.647891999903536],[-67.44289599960737,44.63578300012788],[-67.43682599968925,44.62706699986553],[-67.4316400004012,44.625649999970285],[-67.42495600018975,44.617059000126595],[-67.42360100027982,44.61054999992656],[-67.42468800040116,44.60600100013775],[-67.41931800009176,44.59676200002412],[-67.42224600036988,44.59157200009362],[-67.4227629996805,44.58466500016643],[-67.4256270003845,44.58108599981505],[-67.4242690001015,44.573927999785745],[-67.41868399970696,44.569322000298655],[-67.41120600017547,44.553949999745605],[-67.38878900040105,44.520208999709226],[-67.36599799963452,44.51782700029068],[-67.34044800044093,44.52128899975257],[-67.3178409997974,44.53154399996017],[-67.30417600017189,44.54438200022433],[-67.30082000027163,44.5498570001458],[-67.27923000032759,44.55031699973965],[-67.26367599996644,44.55414499985099],[-67.24598599989577,44.555282000314605],[-67.22328500043922,44.56322600009606],[-67.19148999962871,44.57953600005446],[-67.17431900031511,44.59470399978461],[-67.15707199993523,44.600206000106766],[-67.14085399995037,44.6082650002675],[-67.13344500001583,44.61376000018801],[-67.12744799989265,44.62141699996107],[-67.11749800019261,44.625276999942294],[-67.10375800022406,44.633426000016996],[-67.09321199977406,44.643081000143354],[-67.08751799959957,44.6534610002924],[-67.0502129996359,44.68104799969473],[-67.0437850004158,44.68799099970138],[-67.03927899974668,44.696967999921846],[-67.02396499958508,44.70509099993288],[-67.01076500029,44.71732200008055],[-66.97752099985817,44.731241000175686],[-66.96374300025477,44.75008000008439],[-66.9522689996921,44.76042200005163],[-66.94184100014118,44.765624999805866],[-66.90255500027867,44.77656099976245],[-66.88544400034124,44.79420800018208],[-66.93256299956249,44.82550800025266],[-66.96529900000618,44.8289029999353],[-66.97486299991682,44.84160500000306],[-66.97477400022836,44.850971000233876],[-66.98070900042727,44.860480000248096],[-66.9821339997591,44.86725900026029],[-66.98076600032869,44.87386599970737],[-66.99855400030866,44.87415199993288],[-66.99809800019906,44.88730499980323],[-67.00615200038906,44.8879139999818],[-67.01954400020308,44.893684000150856],[-67.02929399988656,44.90349300004819],[-67.04531600005285,44.909961999983175],[-67.05226899987781,44.91084600001885],[-67.08234800020504,44.90843000011174],[-67.08893899963175,44.91438299973131],[-67.09888500003213,44.92004900021546],[-67.10636199973875,44.93690799989984],[-67.11077600034635,44.93628799978102],[-67.12800699993439,44.939065000129034],[-67.13145599972107,44.94242600012053],[-67.13069199963992,44.94549199990519],[-67.13932099976519,44.95559799997987],[-67.13314700008999,44.95718499978862],[-67.13947499975097,44.95577699986874],[-67.18584900005598,45.009661000224554],[-67.19029399972743,45.00766500003897],[-67.2426659999805,45.071982999701454],[-67.29908899971974,45.047289999770086],[-67.29388199961697,45.04123100010803],[-67.33963999997884,45.021622000049796],[-67.33356199966481,45.01413099978793],[-67.34956799993755,45.00700000029529],[-67.37755400021297,44.99909299977628],[-67.41074000002014,45.048615000214674],[-67.37454599956894,45.05969599973324],[-67.4994730002307,45.20067600019482],[-67.53653100032219,45.2449540001357],[-67.54905299974982,45.24431699979261],[-67.56332800036901,45.250757999706906],[-67.56538299988769,45.250342999949545],[-67.56781599969814,45.24733100000477],[-67.56655100019988,45.24378700003978],[-67.56790500028492,45.2365620002278],[-67.56711799973922,45.23008900015917],[-67.57121000013156,45.22696300002002],[-67.58155300019197,45.22396399979864],[-67.58816700008323,45.21406700002753],[-67.61436699955514,45.2166570001166],[-67.62208299963635,45.21219500001554],[-67.62643000029682,45.21171200014684],[-67.62849099966327,45.209103999709555],[-67.64815800033314,45.20122999975396],[-67.66217199993808,45.19186899987082],[-67.69357100001518,45.18392400001175],[-67.7807020004436,45.17095799984673]]]}},{"type":"Feature","properties":{"GEOID":"23079","NAME":"State House District 79","BASENAME":"79","STATE":"23","SLDL":"079"},"geometry":{"type":"Polygon","coordinates":[[[-70.69424400004101,44.40980499973757],[-70.6695259998023,44.38740999968505],[-70.67513399976306,44.38515799983004],[-70.66750800009356,44.37686099976335],[-70.66086700043813,44.379776000073306],[-70.60290200029287,44.32587600015693],[-70.58076099980468,44.294827000205004],[-70.53684899962245,44.21975199994221],[-70.5309729998731,44.22196400025989],[-70.52783000040817,44.220197000230556],[-70.52861200003267,44.21278599978661],[-70.5263549999493,44.2107680002391],[-70.52759199985847,44.20872499975241],[-70.5202010003656,44.20625800012534],[-70.52679400034044,44.20441500027859],[-70.51263199969917,44.17943900018195],[-70.50742999961929,44.181497999996246],[-70.5035010003319,44.17540999971006],[-70.4313119996211,44.20477299974896],[-70.43459200025171,44.21040400001575],[-70.4225450003019,44.21539400023042],[-70.42454999959186,44.21956400031876],[-70.41496599958973,44.223644999823385],[-70.4570569997067,44.29316800003676],[-70.44739400006183,44.29641100019648],[-70.45970299995248,44.31668200010271],[-70.40028699963784,44.31694400016647],[-70.40367699987328,44.324324999739694],[-70.40242999991835,44.326316999868034],[-70.39257499975457,44.32772899985262],[-70.38821899977162,44.32619800019099],[-70.38777000023306,44.32424100001328],[-70.39131799975394,44.32155499991414],[-70.38989000004905,44.320605000137505],[-70.39064900010733,44.31834899969053],[-70.39640400038117,44.31694099989272],[-70.36396800041146,44.31701400008364],[-70.36275800026648,44.32283100023911],[-70.36144699983915,44.32110600023269],[-70.35993600029359,44.32155899996457],[-70.367125999945,44.327212999739594],[-70.36410700032863,44.32787899990814],[-70.36409300008494,44.32935600013097],[-70.37384500031656,44.33319099994647],[-70.37413099964851,44.33591099973705],[-70.37555099985578,44.33634899989275],[-70.37133299996506,44.34377300022241],[-70.3733699999404,44.35299699977182],[-70.37588300011679,44.3556019998066],[-70.37439099993951,44.35642600011447],[-70.37705100042899,44.35816300024406],[-70.37378300039227,44.360308999923],[-70.37730900017186,44.360460000123076],[-70.3818330003843,44.36508200022701],[-70.38484000030513,44.3739320002205],[-70.38203900024864,44.379219000255574],[-70.38619799968981,44.38309800025344],[-70.38604200005419,44.38665600017943],[-70.38812099986232,44.38910699972462],[-70.38594599979473,44.39093799989697],[-70.38830099978738,44.39338999993791],[-70.38657000013382,44.3952109998708],[-70.39503100002959,44.39985699978856],[-70.39705700013425,44.40316399970298],[-70.40458200041975,44.40254900020873],[-70.40517999992123,44.40041700012977],[-70.408740000036,44.39878000011504],[-70.41486199983265,44.40077500015019],[-70.41461599978535,44.402928999928974],[-70.41611700018349,44.40289300001401],[-70.41900100008064,44.40840299984707],[-70.41707100023544,44.410790000220054],[-70.42163999975541,44.41387099996306],[-70.42036900040938,44.415105999960545],[-70.42019899963175,44.42453399998152],[-70.44009100043252,44.42852100012385],[-70.45773999959698,44.424624000110086],[-70.46331999996866,44.43470799981857],[-70.5234479995876,44.43621300021592],[-70.53078100025247,44.462132000230525],[-70.6213070000409,44.422914000277736],[-70.6241290000138,44.42684400026327],[-70.62045599992112,44.42834100018067],[-70.62363000024651,44.432253000083506],[-70.636858000029,44.426558999832714],[-70.64061399996234,44.43113199994076],[-70.69424400004101,44.40980499973757]]]}},{"type":"Feature","properties":{"GEOID":"23141","NAME":"State House District 141","BASENAME":"141","STATE":"23","SLDL":"141"},"geometry":{"type":"Polygon","coordinates":[[[-70.97934999966274,43.673239999762664],[-70.9751569998864,43.614409999858665],[-70.96564800022733,43.612272999822416],[-70.9567889999483,43.61233100003765],[-70.94147999980954,43.60522199993799],[-70.9323729998334,43.6050339997395],[-70.92891499982588,43.60284200017963],[-70.92880900041897,43.600845000006636],[-70.92667199998623,43.60188499981979],[-70.92383300029489,43.60014499990566],[-70.91968800019913,43.601745999721516],[-70.91199499968414,43.59737300027108],[-70.90845399983594,43.59759400003824],[-70.89825800008863,43.57229400005211],[-70.89264799957972,43.567968000089564],[-70.88810499999902,43.558594000212295],[-70.87919600038957,43.546837000037435],[-70.87523399969358,43.53116099970683],[-70.87237900010874,43.53087699993663],[-70.87190200008276,43.53356800010569],[-70.8687289995823,43.53568600013381],[-70.86598500032554,43.534744999855015],[-70.8644770002547,43.51677499992122],[-70.85774299981455,43.50417099970524],[-70.86636899956677,43.492740000211235],[-70.86278500006087,43.470221000071284],[-70.87207500033512,43.469113999686755],[-70.85680100035648,43.45630699987992],[-70.8599210002552,43.454243999858626],[-70.83522200028307,43.43623900003359],[-70.84776999964998,43.42764500021127],[-70.8134709997822,43.401587000062655],[-70.80719300034993,43.40590899974524],[-70.80969300010754,43.41009799994869],[-70.81228199955362,43.425794000024155],[-70.80428199979028,43.43009400002626],[-70.79503400024713,43.43011900010027],[-70.78556300022291,43.43516999967454],[-70.78381499995258,43.43935500005311],[-70.78612800011241,43.440131000187705],[-70.78447799975139,43.44471199970885],[-70.79663199983133,43.46538800001707],[-70.79408100002009,43.467632999886206],[-70.78601500013451,43.462782000027026],[-70.78264499999055,43.46369499998745],[-70.77818699990033,43.46832099999217],[-70.7779669997923,43.47372500006385],[-70.77377099964289,43.47895199969109],[-70.77961899980316,43.48264800025364],[-70.77443699981478,43.48776100011053],[-70.7829570001601,43.4917120001311],[-70.78030099986856,43.49189800016923],[-70.7876610002976,43.52691900016613],[-70.81469799964562,43.64199800012447],[-70.8302190003948,43.64461300011994],[-70.8350840001908,43.6473129996929],[-70.83479200011276,43.64965399973954],[-70.83849699999247,43.65108499971791],[-70.83807199984504,43.67536699982128],[-70.97934999966274,43.673239999762664]]]}},{"type":"Feature","properties":{"GEOID":"23047","NAME":"State House District 47","BASENAME":"47","STATE":"23","SLDL":"047"},"geometry":{"type":"Polygon","coordinates":[[[-69.71606300025351,44.04849699999855],[-69.7463290001785,44.01380200000063],[-69.70009700016371,44.00668500028314],[-69.70248099957037,44.00085800026587],[-69.70763099977172,43.99581099994775],[-69.71153800021612,43.985176999956494],[-69.71970700003386,43.97106199985834],[-69.72096400003453,43.965040000266676],[-69.71889899957178,43.96268500031885],[-69.72201900036882,43.95858600007624],[-69.72283799980323,43.94020900007394],[-69.72499600015239,43.93462699993765],[-69.72365799996088,43.93243400028425],[-69.70742099970944,43.927251000117145],[-69.70396299970193,43.933404000204824],[-69.69590699986209,43.93994900024475],[-69.68378000044466,43.960648999842775],[-69.6773630001969,43.96740899968278],[-69.65779500015958,44.001119999753634],[-69.6420630004215,44.010442000041316],[-69.6377330003778,44.01717399974975],[-69.63104199959537,44.01803999986254],[-69.62572300023791,44.02384400007045],[-69.61750400019146,44.04831600030871],[-69.61284100006183,44.048556999727296],[-69.61150299987032,44.05655899984337],[-69.60806900015226,44.058342000295795],[-69.60884800030202,44.06183600024481],[-69.59908400037483,44.072381000138925],[-69.60596799970449,44.085236999926096],[-69.60597000025265,44.08858600022671],[-69.57901599984696,44.115627999881966],[-69.5544540001422,44.10395599978279],[-69.5178310002439,44.10101199991215],[-69.51632499982291,44.1068440000018],[-69.510910000206,44.11522400003465],[-69.5073059997103,44.115879000290896],[-69.50562199991239,44.11907399982136],[-69.50637900032085,44.120691000082516],[-69.50283799957434,44.131023999781526],[-69.49987400020956,44.13211800021898],[-69.48968500013493,44.129389000167315],[-69.48504600029473,44.13228100007358],[-69.48402199992259,44.14065800011796],[-69.48582100024655,44.14712400019178],[-69.48191499962704,44.1502639999899],[-69.48151999961682,44.15533500028192],[-69.4852339997174,44.165034000075494],[-69.43218399959686,44.15770200003569],[-69.4160920000087,44.2122579998588],[-69.40602000010995,44.21067400000417],[-69.40363300033025,44.21914499972067],[-69.47017700037203,44.23617700000682],[-69.472666000259,44.244566000165854],[-69.48331999976573,44.24345999972379],[-69.49496400020772,44.25525800016414],[-69.52822299980981,44.275447000004746],[-69.5345019999653,44.27209500024093],[-69.53483699970106,44.26736299996663],[-69.54259200014032,44.26250099980932],[-69.54655800013595,44.26262999983905],[-69.54739800038507,44.260987999785854],[-69.65017100013986,44.279625000116184],[-69.66544099992055,44.227575999926344],[-69.65674200037341,44.12239200003827],[-69.66629799988814,44.12400300016026],[-69.67490100007413,44.10452800004396],[-69.6919070004296,44.077271999941736],[-69.69495199998525,44.080471999828724],[-69.71606300025351,44.04849699999855]]]}},{"type":"Feature","properties":{"GEOID":"23077","NAME":"State House District 77","BASENAME":"77","STATE":"23","SLDL":"077"},"geometry":{"type":"Polygon","coordinates":[[[-70.56757700040313,44.6137180002663],[-70.5923299999036,44.61601400002685],[-70.5468760002137,44.55583600012984],[-70.54029599975932,44.55464600001122],[-70.52680199983806,44.54235000018579],[-70.50534999998625,44.53014799970963],[-70.48286399971654,44.52982999983414],[-70.50836799977772,44.503819999698976],[-70.50400900032001,44.49680199993126],[-70.56061600018225,44.47509300027251],[-70.55075599999559,44.453548999855215],[-70.53078100025247,44.462132000230525],[-70.5234479995876,44.43621300021592],[-70.46331999996866,44.43470799981857],[-70.45773999959698,44.424624000110086],[-70.44009100043252,44.42852100012385],[-70.42019899963175,44.42453399998152],[-70.42036900040938,44.415105999960545],[-70.42163999975541,44.41387099996306],[-70.41707100023544,44.410790000220054],[-70.41900100008064,44.40840299984707],[-70.41611700018349,44.40289300001401],[-70.41461599978535,44.402928999928974],[-70.41486199983265,44.40077500015019],[-70.408740000036,44.39878000011504],[-70.40517999992123,44.40041700012977],[-70.40458200041975,44.40254900020873],[-70.39705700013425,44.40316399970298],[-70.39503100002959,44.39985699978856],[-70.38657000013382,44.3952109998708],[-70.38830099978738,44.39338999993791],[-70.38594599979473,44.39093799989697],[-70.38812099986232,44.38910699972462],[-70.38604200005419,44.38665600017943],[-70.38619799968981,44.38309800025344],[-70.38203900024864,44.379219000255574],[-70.38484000030513,44.3739320002205],[-70.3818330003843,44.36508200022701],[-70.37730900017186,44.360460000123076],[-70.37378300039227,44.360308999923],[-70.37705100042899,44.35816300024406],[-70.37439099993951,44.35642600011447],[-70.37588300011679,44.3556019998066],[-70.3733699999404,44.35299699977182],[-70.37133299996506,44.34377300022241],[-70.37555099985578,44.33634899989275],[-70.37413099964851,44.33591099973705],[-70.37384500031656,44.33319099994647],[-70.36394099974896,44.32918200024844],[-70.36410700032863,44.32787899990814],[-70.367125999945,44.327212999739594],[-70.36525100035139,44.32450700023385],[-70.36192499969003,44.32428599978987],[-70.35991299982906,44.321856999740916],[-70.36118099970038,44.32100900011208],[-70.36275800026648,44.32283100023911],[-70.36396800041146,44.31701400008364],[-70.31807000030753,44.31683800004115],[-70.3178490003746,44.31850100008019],[-70.28151099998334,44.32239400002156],[-70.26522299967826,44.36291299992542],[-70.26056600029474,44.361716999755096],[-70.26068500012042,44.36971700018742],[-70.25778500032975,44.377076000277434],[-70.24909500010509,44.38341500003601],[-70.24789300035603,44.385997999731266],[-70.24197499987557,44.387915999858606],[-70.24013600026696,44.40838499997236],[-70.23359099997268,44.41047599980876],[-70.22647800031415,44.408227999938944],[-70.22354500001319,44.40906300019839],[-70.22000499998988,44.41505899992316],[-70.22065199989518,44.420691999875494],[-70.2183439997582,44.42494900024054],[-70.23368100038437,44.42962899974021],[-70.24830900028263,44.437616999682405],[-70.27248799967276,44.43320699991758],[-70.27441199967019,44.44063199996341],[-70.23890400038066,44.45894199968279],[-70.25089500025398,44.50340200009602],[-70.26938799986553,44.50118099982789],[-70.27061800010202,44.506217999928694],[-70.28090799956067,44.50509500019846],[-70.28988800021354,44.54024800029843],[-70.30765899957673,44.53787599971509],[-70.2807479997271,44.56961899991962],[-70.56757700040313,44.6137180002663]]]}},{"type":"Feature","properties":{"GEOID":"23122","NAME":"State House District 122","BASENAME":"122","STATE":"23","SLDL":"122"},"geometry":{"type":"Polygon","coordinates":[[[-70.26372100035354,43.64181600009402],[-70.2576279999709,43.63373999980277],[-70.25844700030363,43.627139999816215],[-70.24628400000287,43.63497700000671],[-70.23874000034913,43.63420000028069],[-70.2409439998307,43.62889499972589],[-70.23358900032285,43.63355400025787],[-70.21361799987938,43.633632000011254],[-70.21592400036656,43.635646999945024],[-70.21964299959166,43.651242999746664],[-70.22863900013803,43.658256999862026],[-70.2383860003468,43.65837500029318],[-70.26372100035354,43.64181600009402]]]}},{"type":"Feature","properties":{"GEOID":"23017","NAME":"State House District 17","BASENAME":"17","STATE":"23","SLDL":"017"},"geometry":{"type":"Polygon","coordinates":[[[-68.84753299970268,44.62150000014471],[-68.84475500011072,44.613493000031525],[-68.8307439999805,44.60428599990749],[-68.8236189997281,44.59601900003194],[-68.81261799989174,44.574750999923005],[-68.80779499992853,44.571200999987084],[-68.7983370003231,44.56826799973306],[-68.79830499963774,44.56580100018827],[-68.8047589996954,44.556952999713005],[-68.80622199956039,44.552265999746524],[-68.80330300040144,44.54335699983387],[-68.80327800028708,44.52731900019817],[-68.79553600026661,44.50884999972619],[-68.79235400044362,44.49453399987225],[-68.79655499971757,44.46997799995757],[-68.80096400030232,44.46203100011121],[-68.78753300013025,44.45430100029937],[-68.78330000017091,44.447158000264494],[-68.78046399995432,44.448245999904486],[-68.77671399986876,44.44230600028935],[-68.7765409996164,44.43563100028879],[-68.76964200021811,44.43228599974474],[-68.77219399985427,44.43056700011918],[-68.76279399997514,44.424831000200754],[-68.74661000032548,44.4280819999029],[-68.74285600004195,44.42590400012706],[-68.7302929997081,44.411447999779114],[-68.72514599987979,44.40992299994357],[-68.72023300040321,44.413769000082695],[-68.71714699994136,44.41348199998056],[-68.7034990000343,44.40272999989017],[-68.70300899958956,44.40072099988577],[-68.70512099990795,44.39677900001311],[-68.70406399992385,44.39538500017023],[-68.63037100023851,44.50537799977114],[-68.59945199966212,44.493084000143604],[-68.60732299955401,44.508619000236905],[-68.61081599972164,44.51130000000471],[-68.6187329996443,44.51377999971947],[-68.62117499967557,44.51645299998403],[-68.62273600034817,44.520937000234355],[-68.62093899967402,44.52639500010238],[-68.62131299976784,44.531600000264866],[-68.62552399998586,44.540824000293156],[-68.60232899988658,44.547613999762476],[-68.5789630000831,44.58159199984363],[-68.63976400044493,44.636683999722415],[-68.62447299984953,44.6387099999633],[-68.65117500036011,44.655769000115335],[-68.63793599980866,44.666517000205175],[-68.69092999985268,44.72166800009197],[-68.71386700020909,44.703623999990995],[-68.7268930003252,44.69612600030709],[-68.74395300020903,44.66057899991546],[-68.7719009999513,44.664447999807045],[-68.76633599964825,44.675706000075074],[-68.78512100023617,44.678439000099104],[-68.78598300022662,44.686651000298056],[-68.79289000002082,44.68549300029912],[-68.79427199969496,44.68784100001259],[-68.79695499975065,44.68708899991577],[-68.79779900019776,44.688828000132425],[-68.81579300004204,44.68375400023509],[-68.81211400010159,44.66932200003315],[-68.82295500010439,44.66335699982916],[-68.83187899978242,44.65116800002401],[-68.83723700039623,44.63779799974381],[-68.84639399970278,44.62646699969797],[-68.84753299970268,44.62150000014471]]]}},{"type":"Feature","properties":{"GEOID":"23129","NAME":"State House District 129","BASENAME":"129","STATE":"23","SLDL":"129"},"geometry":{"type":"Polygon","coordinates":[[[-70.54742500020969,43.550229999869664],[-70.54170599992085,43.54932599971504],[-70.52949300028968,43.554613000098556],[-70.5197939997615,43.54517100022774],[-70.51221999997054,43.54430900000144],[-70.51404699988358,43.540547999721824],[-70.5188849999154,43.537651999699186],[-70.52870699956891,43.52562200025295],[-70.52580099993044,43.5198800001486],[-70.51790800029723,43.51540200024686],[-70.51470399983461,43.508367000303366],[-70.50990000013797,43.506142999733854],[-70.50407899974189,43.49913400008892],[-70.48213599962041,43.4989619997186],[-70.47404299997066,43.50263600016865],[-70.4663360001103,43.498858999701724],[-70.45263299995165,43.499511000020156],[-70.4509469996056,43.49788099970739],[-70.45184999960392,43.494190999918104],[-70.4362600001561,43.49063500025372],[-70.43006100036656,43.496782000029405],[-70.44204600039208,43.500202999724145],[-70.4448919997561,43.50241399970109],[-70.45757700028868,43.52131600021421],[-70.48713400038412,43.54558900028835],[-70.49826800028987,43.557562999676904],[-70.49895299982998,43.56346199991862],[-70.51160900005026,43.571101000147145],[-70.51552999984004,43.57741099991391],[-70.51847300018675,43.57901300021885],[-70.54742500020969,43.550229999869664]]]}},{"type":"Feature","properties":{"GEOID":"23036","NAME":"State House District 36","BASENAME":"36","STATE":"23","SLDL":"036"},"geometry":{"type":"Polygon","coordinates":[[[-69.0813549999159,44.745751999735155],[-69.06099799968302,44.66394599972212],[-68.89672599960751,44.691723999902614],[-68.89588399970856,44.689247999810924],[-68.86535699966765,44.6942169999458],[-68.86597799963367,44.69695900012042],[-68.83752899957598,44.70212500028132],[-68.84085500023733,44.70929599995028],[-68.83214400009629,44.721545000268954],[-68.83179699976667,44.73509300004604],[-68.82959900013284,44.74176600002886],[-68.82486599968301,44.74612799995101],[-68.81572400044507,44.75009299998729],[-68.81108200023183,44.75639600015975],[-68.78789800000322,44.76689200011235],[-68.78600199959487,44.77401399991777],[-68.7811529996924,44.77828999970547],[-68.79175199984587,44.78337799969922],[-68.92077900039757,44.76655800001112],[-68.92108999984389,44.77007799996885],[-68.92348199964646,44.77203700007045],[-68.92832999972401,44.772216000220524],[-68.93289999996723,44.77713900017407],[-68.93883400034123,44.77909499974315],[-68.9462030000928,44.77738399976985],[-68.94590299961882,44.77589400029855],[-68.94248200031953,44.77541100009922],[-68.94112499986146,44.77246200024492],[-68.94268499981081,44.77112099988192],[-68.94450199967811,44.77182400010595],[-68.94660800014876,44.76914699987083],[-68.94615899971187,44.76306599978825],[-69.0813549999159,44.745751999735155]]]}},{"type":"Feature","properties":{"GEOID":"23061","NAME":"State House District 61","BASENAME":"61","STATE":"23","SLDL":"061"},"geometry":{"type":"Polygon","coordinates":[[[-69.83173900010077,44.3947949996843],[-69.61036499969535,44.35921500000988],[-69.61274200032763,44.360279000092085],[-69.61335099969978,44.362882000193224],[-69.61330999969188,44.367099999816055],[-69.61186899956822,44.36853000018884],[-69.6154150003376,44.36994200018436],[-69.6177169997285,44.373481999839676],[-69.61498599999219,44.37431599986586],[-69.61525200013098,44.38238099975392],[-69.61356199958696,44.38250700019294],[-69.56561900001009,44.48259599978839],[-69.72931100012748,44.50904200030222],[-69.728629999887,44.48310100017345],[-69.76792499997035,44.48961600014202],[-69.76556099975687,44.49998900029785],[-69.7512090000431,44.51273299982415],[-69.7604800000508,44.51413499997983],[-69.76479699967572,44.50721900009088],[-69.77616199956014,44.50044000026298],[-69.78321300019269,44.490344999943645],[-69.7922249997343,44.48405299995752],[-69.83173900010077,44.3947949996843]]]}},{"type":"Feature","properties":{"GEOID":"23081","NAME":"State House District 81","BASENAME":"81","STATE":"23","SLDL":"081"},"geometry":{"type":"Polygon","coordinates":[[[-71.01505100019445,44.37141000017521],[-71.00219400013273,44.110586000105066],[-70.9655260000286,44.147477999918564],[-70.94522499987224,44.13781899984969],[-70.93709600023747,44.156949000280136],[-70.93669200000643,44.16383400025092],[-70.94036699974893,44.171312000251255],[-70.94415799984237,44.185351000236516],[-70.94804699984513,44.18696800015475],[-70.96026100019951,44.20102499969383],[-70.96455299971008,44.21127700014534],[-70.97090200018577,44.21454899983565],[-70.91316800001921,44.23865900009042],[-70.86369999975476,44.26139899979218],[-70.81151499999771,44.20143299967899],[-70.79178200010395,44.18086200019956],[-70.83120199986075,44.16054399971143],[-70.88451999976988,44.126282000213465],[-70.89876600007673,44.115188000246285],[-70.82180299980656,44.07708899984111],[-70.6997490000696,44.13908100003665],[-70.69592000034132,44.13421699981063],[-70.62450599958233,44.17098899976281],[-70.60796999958016,44.154107999813974],[-70.59318000019849,44.161342000198474],[-70.58820800027237,44.156369000234434],[-70.56727899957899,44.16864599981351],[-70.52414899991956,44.20020999976593],[-70.52677099987591,44.204491000157375],[-70.5202010003656,44.20625800012534],[-70.52759199985847,44.20872499975241],[-70.5263549999493,44.2107680002391],[-70.52861200003267,44.21278599978661],[-70.52733499994054,44.219069000079394],[-70.52828700034266,44.22059299986375],[-70.5309729998731,44.22196400025989],[-70.53684899962245,44.21975199994221],[-70.58076099980468,44.294827000205004],[-70.60290200029287,44.32587600015693],[-70.66086700043813,44.379776000073306],[-70.66750800009356,44.37686099976335],[-70.67513399976306,44.38515799983004],[-70.6695259998023,44.38740999968505],[-70.69424400004101,44.40980499973757],[-70.83857900000824,44.351348999693585],[-70.86773100004771,44.38825599967999],[-71.01505100019445,44.37141000017521]]]}},{"type":"Feature","properties":{"GEOID":"23098","NAME":"State House District 98","BASENAME":"98","STATE":"23","SLDL":"098"},"geometry":{"type":"Polygon","coordinates":[[[-70.24860399983541,43.8983000002747],[-70.21116499997744,43.890357000138536],[-70.2159569999785,43.88175699993184],[-70.17138000034763,43.84070699972066],[-70.16569000037111,43.846346999904696],[-70.16741199980387,43.84718000022471],[-70.16133799968779,43.85372900003632],[-70.16271699988717,43.85436800014326],[-70.12983800022667,43.8936789999176],[-70.1313749997115,43.89447400029218],[-70.11852299967265,43.90796700007478],[-70.11585999970842,43.90670999990303],[-70.09232900004848,43.93195299988674],[-70.08083899959226,43.92645799993361],[-70.03423800040488,43.9756609997102],[-70.02259399996287,43.953411000225316],[-70.02023599959716,43.946062000046375],[-70.00882399985707,43.9424719997554],[-70.0018619998113,43.93405699970477],[-69.99544799993659,43.93302300003058],[-69.99912600005213,43.936124000013216],[-69.99898899978479,43.93861000026085],[-70.00152100022774,43.94094800012198],[-69.99864300017838,43.95179399968963],[-70.00052799981775,43.95648699983449],[-69.99916500041019,43.9624080000241],[-70.00044400015217,43.9694650002395],[-69.99785200033304,43.9758230001654],[-69.9858959997215,43.979958999808126],[-69.98573800043609,43.98571900005895],[-69.98088199996258,43.99066199989401],[-69.97745200044248,43.9978350000056],[-69.93530400042411,43.99137899981379],[-69.92498700030295,44.026168999762035],[-69.94239500034134,44.030154000082085],[-69.94534600018565,44.032249999797166],[-69.96588300034355,44.03644000026176],[-69.98185500028113,44.0372359996901],[-69.99076200024072,44.04006899986848],[-70.02571300003667,44.03865700031159],[-70.02512700023075,44.036364000247175],[-70.0271359997187,44.03234799987111],[-70.02930300028868,44.03036999969459],[-70.03302700043497,44.030431000139345],[-70.03222399999575,44.02978600031662],[-70.03426299962092,44.02966399997433],[-70.0364860002674,44.02700100010195],[-70.03526199987871,44.02310500024332],[-70.03279899993102,44.02126400009528],[-70.04167199955545,44.022751000229604],[-70.0519250001025,44.01034200030974],[-70.05599099965724,44.003931000129626],[-70.05313500024748,44.00308699993013],[-70.05391600004708,44.00183899987908],[-70.05833999980212,43.99534099968767],[-70.06113300036098,43.99580300014774],[-70.05795900003561,43.99304799978444],[-70.06807899961493,43.996387000164574],[-70.07766699981502,43.99719300010912],[-70.08211700040764,44.0001760002036],[-70.0865980000641,44.0086819997771],[-70.0905349997474,44.01027400021507],[-70.09504399989125,44.008507000273546],[-70.10014899988677,43.99969300007355],[-70.10459399955819,43.99581899974674],[-70.11817799989115,43.991019000247235],[-70.12782600036569,43.983860000112955],[-70.13317900005833,43.986300999987094],[-70.14497800031103,43.998563999969484],[-70.16505799963613,44.00835400006302],[-70.16693700032603,44.018874999921366],[-70.17090300032166,44.020970999914866],[-70.21181799973051,43.979359000233295],[-70.21983199973755,43.97577500005266],[-70.22462200008879,43.97858299989309],[-70.22924400021053,43.974064000281864],[-70.20028399979168,43.95199299988393],[-70.24860399983541,43.8983000002747]]]}},{"type":"Feature","properties":{"GEOID":"23117","NAME":"State House District 117","BASENAME":"117","STATE":"23","SLDL":"117"},"geometry":{"type":"Polygon","coordinates":[[[-70.29102800003831,43.645530000149414],[-70.28629700013661,43.645402000210375],[-70.28057500037303,43.63896600006398],[-70.2723909995884,43.64166100010841],[-70.26222900017626,43.64191600022897],[-70.25800500043776,43.645063000242516],[-70.26013899959916,43.64944200006896],[-70.26698799966704,43.65313200010029],[-70.2727510003368,43.654102999836745],[-70.27628700016214,43.65946999977662],[-70.28654400000882,43.65529299987688],[-70.29102800003831,43.645530000149414]]]}},{"type":"Feature","properties":{"GEOID":"23144","NAME":"State House District 144","BASENAME":"144","STATE":"23","SLDL":"144"},"geometry":{"type":"Polygon","coordinates":[[[-70.98791199984088,43.39020200017327],[-70.98546999980957,43.38634899989319],[-70.9856680001763,43.37917800002264],[-70.98270999976098,43.377806000037744],[-70.9835490001852,43.376332999820356],[-70.98101400026749,43.37336399987097],[-70.98104500022963,43.37072500018801],[-70.97648199965911,43.36720700014114],[-70.97459000034705,43.36357599981801],[-70.97816100033248,43.35866300009165],[-70.97202699994193,43.354633999918505],[-70.97304899976595,43.34881299975149],[-70.97141400037185,43.34876899981348],[-70.97094300019364,43.35049899983566],[-70.96744900020111,43.34923999986897],[-70.96650299964676,43.34780600030744],[-70.96879200041549,43.34641000026726],[-70.96795299999127,43.34457900015087],[-70.96430599983786,43.3432209998401],[-70.96339000031907,43.340909000163236],[-70.95949899976819,43.34097800019616],[-70.95585199961478,43.33399699968549],[-70.95250999995822,43.33335600006695],[-70.95014499991983,43.33570600010954],[-70.94005799995246,43.33544700022568],[-70.93749500044565,43.337536999953535],[-70.93117799975703,43.33654499988285],[-70.93395500042239,43.33536299993781],[-70.93123899985638,43.333326000017976],[-70.9310709996269,43.329792999711195],[-70.92428000018364,43.32737500031464],[-70.92638599975595,43.32636000014504],[-70.9240669997483,43.325657999988515],[-70.8134709997822,43.401587000062655],[-70.84776999964998,43.42764500021127],[-70.83522200028307,43.43623900003359],[-70.8599210002552,43.454243999858626],[-70.85680100035648,43.45630699987992],[-70.87207500033512,43.469113999686755],[-70.86278500006087,43.470221000071284],[-70.86636899956677,43.492740000211235],[-70.85774299981455,43.50417099970524],[-70.8644770002547,43.51677499992122],[-70.86598500032554,43.534744999855015],[-70.8687289995823,43.53568600013381],[-70.87190200008276,43.53356800010569],[-70.87237900010874,43.53087699993663],[-70.87523399969358,43.53116099970683],[-70.87919600038957,43.546837000037435],[-70.88810499999902,43.558594000212295],[-70.89264799957972,43.567968000089564],[-70.89825800008863,43.57229400005211],[-70.90845399983594,43.59759400003824],[-70.91199499968414,43.59737300027108],[-70.91968800019913,43.601745999721516],[-70.92383300029489,43.60014499990566],[-70.92667199998623,43.60188499981979],[-70.92880900041897,43.600845000006636],[-70.92891499982588,43.60284200017963],[-70.9323729998334,43.6050339997395],[-70.94147999980954,43.60522199993799],[-70.9567889999483,43.61233100003765],[-70.96564800022733,43.612272999822416],[-70.97372199961052,43.614384999941734],[-70.9751569998864,43.614409999858665],[-70.97274300034252,43.57030999972819],[-70.96989600025528,43.568554000272286],[-70.96671199988415,43.569437000161685],[-70.9628299995541,43.56339399987109],[-70.95725299955548,43.561338000097656],[-70.9549029995857,43.55404500008487],[-70.95063199999154,43.55131299981352],[-70.95363300006457,43.544166999988775],[-70.95350400019313,43.54060300006902],[-70.95591299971416,43.54209400003746],[-70.95879699961131,43.54059899989156],[-70.9621540002348,43.5410870000492],[-70.9614210001158,43.54019399992115],[-70.96380200004772,43.53937099993218],[-70.96247399990195,43.5342049998297],[-70.95775899989377,43.53149699985443],[-70.95679800016913,43.5241040001286],[-70.9539440004092,43.52227299998951],[-70.95679800016913,43.51278200001593],[-70.95466099973636,43.50930299996599],[-70.95797300015401,43.50803700024834],[-70.95884299964206,43.499369999678485],[-70.96433599997509,43.49714200017848],[-70.9644280000366,43.49347999985918],[-70.96828899955194,43.489451999747736],[-70.96941800040439,43.48563000024086],[-70.96752600019401,43.4809449998056],[-70.97214800031577,43.47832799985667],[-70.97603999979324,43.47842799988767],[-70.97033300009828,43.47313299976507],[-70.96458000037258,43.47331600023992],[-70.96111599961895,43.46918800031713],[-70.96033800019241,43.466182999997635],[-70.96662599967043,43.45127399987264],[-70.96589599992446,43.4477939996915],[-70.96153599974352,43.44318099981598],[-70.96097900024992,43.438389000179924],[-70.96879200041549,43.4345970003084],[-70.96970700010938,43.42690699968266],[-70.97561200017107,43.42188699970336],[-70.98127299983528,43.42087199990225],[-70.9868430001612,43.41378399998749],[-70.98650800042545,43.403980999789184],[-70.98229700020744,43.398281999967125],[-70.98266299990532,43.39457400009588],[-70.98717899972186,43.393536000002904],[-70.98791199984088,43.39020200017327]]]}},{"type":"Feature","properties":{"GEOID":"23139","NAME":"State House District 139","BASENAME":"139","STATE":"23","SLDL":"139"},"geometry":{"type":"Polygon","coordinates":[[[-70.98912199998587,43.79208100006989],[-70.97934999966274,43.673239999762664],[-70.83807199984504,43.67536699982128],[-70.83849699999247,43.65108499971791],[-70.83479200011276,43.64965399973954],[-70.8350840001908,43.6473129996929],[-70.8302190003948,43.64461300011994],[-70.81469799964562,43.64199800012447],[-70.80116400043971,43.58603100019586],[-70.79214299977896,43.58751800029358],[-70.78183200040391,43.59431700030733],[-70.78296800003075,43.596365000323665],[-70.78035500029523,43.59867399976772],[-70.77441199970042,43.592497999823294],[-70.76326000025132,43.5942319998676],[-70.76079800012853,43.595405999834426],[-70.76337800025209,43.5991030001665],[-70.76035000041487,43.60086600026762],[-70.75245500023354,43.600599000027586],[-70.7410400001204,43.5966589998298],[-70.72599100027264,43.59546899978475],[-70.709655000287,43.58891699979176],[-70.69846600012967,43.59615499988989],[-70.69663900021663,43.60227900006116],[-70.69216000021001,43.60780199998985],[-70.6924699998314,43.61237299968764],[-70.6976159998348,43.61753800001769],[-70.69128099960282,43.62771199991512],[-70.68992499986796,43.63864499996732],[-70.68363099964385,43.63905300009858],[-70.67771100041188,43.643412999781255],[-70.69226899998995,43.674543000129816],[-70.69666500015589,43.67329399981522],[-70.69632100019932,43.67108400000766],[-70.71141899955256,43.665676999952034],[-70.71960699963685,43.6656349998557],[-70.7438910004056,43.695951999966645],[-70.75532900008496,43.75160499997173],[-70.77627600032169,43.7455959999966],[-70.78134000030933,43.73565800006227],[-70.83940800038673,43.70917199984095],[-70.84368099963069,43.75954099999641],[-70.85138699966615,43.78208399983488],[-70.8525929996132,43.804735000089444],[-70.8612820000129,43.80469300016358],[-70.86099699960756,43.80690400006493],[-70.86247899973911,43.807708000248404],[-70.86956399980855,43.806794000146475],[-70.8812330003649,43.81078100020984],[-70.88450899989924,43.80800800032147],[-70.89923499970679,43.802312999990626],[-70.9126819997724,43.800909000306085],[-70.92360700033909,43.794317000070706],[-70.92707100019439,43.79029900003536],[-70.93559900003731,43.790010999935376],[-70.94260600028895,43.792282999688155],[-70.95754800000658,43.78512300018516],[-70.9644840001131,43.78810700006302],[-70.9677649996703,43.785484999917124],[-70.97232499986777,43.785168999728064],[-70.98188100028081,43.793507999819546],[-70.98912199998587,43.79208100006989]]]}},{"type":"Feature","properties":{"GEOID":"23135","NAME":"State House District 135","BASENAME":"135","STATE":"23","SLDL":"135"},"geometry":{"type":"Polygon","coordinates":[[[-70.67010199956249,43.391224000101204],[-70.66016000025837,43.386995000078116],[-70.65653099964834,43.382402999721904],[-70.63946699956655,43.3874909998327],[-70.63004900014408,43.38776299995451],[-70.613464999563,43.385239000190914],[-70.61084000013194,43.38678400009976],[-70.6056770004101,43.38631200016531],[-70.58825599995295,43.38250800013855],[-70.58074499991116,43.378838999793196],[-70.57513500030059,43.372019000262064],[-70.56487300043102,43.36755900021225],[-70.56162299993765,43.3627859997417],[-70.5599080001776,43.36301199984686],[-70.55943399962635,43.360721999869305],[-70.55705699989238,43.360254999812135],[-70.55148499991665,43.35343800014987],[-70.54940100008564,43.3533179997087],[-70.55037199985604,43.351810000087575],[-70.54769499964812,43.35036899985589],[-70.54775499992257,43.348608000243324],[-70.54555200026589,43.3494170001308],[-70.54540199957974,43.34705999993006],[-70.54410100009646,43.34702299974717],[-70.54592100033682,43.34566200003391],[-70.54365000000976,43.34611599989857],[-70.54358999973532,43.343433000035574],[-70.54636400002762,43.34193500015062],[-70.54278800001931,43.33760500025007],[-70.54207199961874,43.339865000293855],[-70.54347799958231,43.34150299972474],[-70.54073299960233,43.34291799973934],[-70.53898299968218,43.33750700000988],[-70.54034699981295,43.33541299985865],[-70.53515300012897,43.33510700027284],[-70.51935799974342,43.342467999709775],[-70.51523100008932,43.34271400013925],[-70.51518500005855,43.34911300014176],[-70.52185500002628,43.3548319998507],[-70.52125699962649,43.35865099998112],[-70.52539300039975,43.360184000278814],[-70.52831300028191,43.36525899969932],[-70.52466000028075,43.36828999982653],[-70.52750599964475,43.37294599981396],[-70.52801600018101,43.37914799976675],[-70.51208600007624,43.37376500009231],[-70.50828599976195,43.37659899981724],[-70.50890099988018,43.37794699992271],[-70.50633500000035,43.3782699999376],[-70.50524000038139,43.37872099986955],[-70.5078399996981,43.37835600017916],[-70.50733300043322,43.38047000009105],[-70.5097040003194,43.38010100011899],[-70.51385500026295,43.38308899989686],[-70.51692499993295,43.382594000244836],[-70.51559900033533,43.38532199983599],[-70.52275100035192,43.39185000000175],[-70.52137999965014,43.393177999694835],[-70.52480500004567,43.39279500007425],[-70.52497800029805,43.39536199994471],[-70.52247199979433,43.396485000087615],[-70.524101000239,43.39948500019366],[-70.52703500036488,43.400500000145335],[-70.52576999996829,43.40242100007759],[-70.53352799988228,43.405877999837315],[-70.53813900013338,43.41475799983741],[-70.53610600035601,43.41686899969432],[-70.53724199998285,43.418682000221644],[-70.54507100004194,43.423064999908156],[-70.54160700018664,43.42505699992764],[-70.54363900013912,43.427658999959284],[-70.54244900008561,43.42877799986966],[-70.54943700007065,43.42990800024728],[-70.54977500017947,43.432456000194],[-70.55293799973587,43.43173299977814],[-70.55401499981149,43.43410900012212],[-70.55674800009592,43.43502599985246],[-70.55413500036039,43.43764599976458],[-70.55844299976448,43.43877600024673],[-70.55516700023016,43.44037799970666],[-70.55816400010522,43.44251700024876],[-70.55762900035293,43.44594099979554],[-70.56202100032091,43.44865000014093],[-70.56093599984938,43.44949300006466],[-70.56581700043724,43.45020100008102],[-70.5657720002314,43.44864400018754],[-70.56974099970176,43.44922800025011],[-70.57639200030124,43.446561999997456],[-70.58248700033371,43.452203999882684],[-70.58708199979297,43.452636000227365],[-70.5886040001075,43.45131799977749],[-70.59052499973188,43.45242999984709],[-70.59173999989974,43.4564610002845],[-70.59453400028353,43.45557499994497],[-70.59688599990314,43.45682100011523],[-70.59774399969561,43.45547699989755],[-70.60010200006131,43.45611400030112],[-70.60005000018278,43.45793399969113],[-70.60725200042808,43.45746399978548],[-70.67010199956249,43.391224000101204]]]}},{"type":"Feature","properties":{"GEOID":"23140","NAME":"State House District 140","BASENAME":"140","STATE":"23","SLDL":"140"},"geometry":{"type":"Polygon","coordinates":[[[-70.69714200018187,43.53294599996974],[-70.68804400042656,43.52832000003257],[-70.67936800044562,43.516329999933696],[-70.66951699958146,43.51028999983887],[-70.64991599993216,43.51207300003468],[-70.6410120003456,43.508273000218715],[-70.63628999976643,43.5082419999716],[-70.63651800027037,43.50223900028043],[-70.62935799985787,43.500733000265875],[-70.62309399977097,43.50173499992264],[-70.61938800006635,43.49893500023731],[-70.62493400010283,43.48968200023769],[-70.62236800022298,43.48677000030427],[-70.62468399985758,43.47951299968823],[-70.62138400003379,43.47719200000997],[-70.62488100039938,43.474044999836934],[-70.62045900029415,43.470573000253545],[-70.6185040003346,43.461870000179154],[-70.6165550002228,43.459354999799714],[-70.6089579999673,43.45926699991596],[-70.60679999961815,43.457285999686],[-70.59974100038629,43.457874999834104],[-70.6001999999706,43.45622600028037],[-70.59774399969561,43.45547699989755],[-70.59688599990314,43.45682100011523],[-70.59453400028353,43.45557499994497],[-70.59183799980903,43.45651300009541],[-70.590371999571,43.4522330001187],[-70.58826400034886,43.45122400023839],[-70.58708199979297,43.452636000227365],[-70.58248700033371,43.452203999882684],[-70.57639200030124,43.446561999997456],[-70.56974099970176,43.44922800025011],[-70.5657720002314,43.44864400018754],[-70.56581700043724,43.45020100008102],[-70.56093599984938,43.44949300006466],[-70.56202100032091,43.44865000014093],[-70.55762900035293,43.44594099979554],[-70.55816400010522,43.44251700024876],[-70.55516700023016,43.44037799970666],[-70.55844299976448,43.43877600024673],[-70.55413500036039,43.43764599976458],[-70.55674800009592,43.43502599985246],[-70.55401499981149,43.43410900012212],[-70.55293799973587,43.43173299977814],[-70.54977500017947,43.432456000194],[-70.54943700007065,43.42990800024728],[-70.54244900008561,43.42877799986966],[-70.54363900013912,43.427658999959284],[-70.54160700018664,43.42505699992764],[-70.54507100004194,43.423064999908156],[-70.53724199998285,43.418682000221644],[-70.53610600035601,43.41686899969432],[-70.53813900013338,43.41475799983741],[-70.53352799988228,43.405877999837315],[-70.52576999996829,43.40242100007759],[-70.52703500036488,43.400500000145335],[-70.524101000239,43.39948500019366],[-70.52247199979433,43.396485000087615],[-70.52497800029805,43.39536199994471],[-70.52480500004567,43.39279500007425],[-70.52137999965014,43.393177999694835],[-70.52275100035192,43.39185000000175],[-70.51559900033533,43.38532199983599],[-70.51679799971136,43.382487999762304],[-70.51385500026295,43.38308899989686],[-70.5097040003194,43.38010100011899],[-70.50739399963427,43.380500999940466],[-70.50796799974462,43.37842599970868],[-70.50503399961876,43.37863799967503],[-70.50492999986167,43.37669299968926],[-70.49688499989252,43.37434899979332],[-70.49461299974054,43.37218600010556],[-70.49136499979531,43.37400300011944],[-70.48566800014609,43.37348700028268],[-70.48536900039535,43.37776499980123],[-70.47727800039543,43.381455000150794],[-70.49285799979751,43.4150970001567],[-70.49163699978186,43.428420999813945],[-70.47686499994356,43.45254099976563],[-70.56530199987812,43.494323999996034],[-70.51582000026828,43.54546699996267],[-70.5199340004019,43.54526000013148],[-70.52949300028968,43.554613000098556],[-70.54170599992085,43.54932599971504],[-70.54826000043595,43.55038499985675],[-70.54349000017619,43.557454999789634],[-70.54379200029999,43.5594809998592],[-70.54942399965186,43.56284000029958],[-70.55211799957823,43.56828300023108],[-70.55832700031185,43.57116600020509],[-70.56039400042441,43.56913799984275],[-70.56341300004078,43.57012100008334],[-70.56221799996439,43.5716529998596],[-70.56441999979619,43.57673000026136],[-70.56155799964031,43.575654999896145],[-70.5600489997446,43.577933999960884],[-70.55885299984331,43.580365000023804],[-70.56111400012463,43.58134699969007],[-70.55819199969432,43.581232999693114],[-70.55699699961795,43.58342999982706],[-70.55829899982443,43.586147999872175],[-70.58410800038244,43.59464899987957],[-70.58703199956425,43.58959700014376],[-70.59070700020506,43.5890560002473],[-70.59472400025432,43.5849929998999],[-70.5965749995585,43.578762999898835],[-70.60911100012817,43.569710000316775],[-70.60802499983174,43.56560999993499],[-70.61475199970089,43.56164799981787],[-70.62042199958593,43.561289000277256],[-70.62917999958263,43.565363999785724],[-70.63425600016413,43.56595399971331],[-70.6435609996087,43.57568400009068],[-70.64780299978885,43.58251100014827],[-70.69714200018187,43.53294599996974]]]}},{"type":"Feature","properties":{"GEOID":"23080","NAME":"State House District 80","BASENAME":"80","STATE":"23","SLDL":"080"},"geometry":{"type":"Polygon","coordinates":[[[-70.61410200032086,44.06196299973112],[-70.61047600008386,44.060965000035566],[-70.60929799972592,44.054949999705336],[-70.60701300005347,44.05360900007999],[-70.60794899966376,44.051863000149766],[-70.60367499969657,44.05023899995146],[-70.60454900028087,44.0444560000588],[-70.60218400024249,44.04352299986335],[-70.60385899981956,44.041637999687225],[-70.59754000037941,44.03939099981992],[-70.59861800027993,44.03858299987246],[-70.59564899999395,44.03583400005247],[-70.5926599996165,44.03519099969212],[-70.5962719996098,44.03260199975647],[-70.59354900026943,44.03194199989385],[-70.59285799998322,44.031078000261296],[-70.59467599967543,44.03086800001763],[-70.59249200028532,44.02945799977925],[-70.59088200010724,44.03024199982789],[-70.59096599977283,44.02771099990312],[-70.58981199970434,44.02837499969738],[-70.58833299994583,44.02559499974277],[-70.58164500043476,44.02231200007008],[-70.58479299992257,44.02131799993523],[-70.58259100009079,44.01869300018197],[-70.57395699994264,44.01564800014721],[-70.56385099970869,44.02499200004006],[-70.54409400042378,44.00564700019888],[-70.50899700013966,44.041454000229756],[-70.50523899965818,44.0395909999343],[-70.50237099965453,44.04256799980379],[-70.48007799972868,44.03207800004014],[-70.47841499984716,44.03520100006752],[-70.48145899957788,44.04368799975077],[-70.4790230002927,44.05507699975909],[-70.48528800020449,44.06039800028115],[-70.33409400012363,44.21075300008153],[-70.32521800012616,44.208399000085066],[-70.28151099998334,44.32239400002156],[-70.3178490003746,44.31850100008019],[-70.31807000030753,44.31683800004115],[-70.39640400038117,44.31694099989272],[-70.39064900010733,44.31834899969053],[-70.38989000004905,44.320605000137505],[-70.39131799975394,44.32155499991414],[-70.38777000023306,44.32424100001328],[-70.38821899977162,44.32619800019099],[-70.39257499975457,44.32772899985262],[-70.40242999991835,44.326316999868034],[-70.40367699987328,44.324324999739694],[-70.40028699963784,44.31694400016647],[-70.45970299995248,44.31668200010271],[-70.44739400006183,44.29641100019648],[-70.4570569997067,44.29316800003676],[-70.41496599958973,44.223644999823385],[-70.42454999959186,44.21956400031876],[-70.4225450003019,44.21539400023042],[-70.43459200025171,44.21040400001575],[-70.4313119996211,44.20477299974896],[-70.5035010003319,44.17540999971006],[-70.50742999961929,44.181497999996246],[-70.51263199969917,44.17943900018195],[-70.52414899991956,44.20020999976593],[-70.56727899957899,44.16864599981351],[-70.58820800027237,44.156369000234434],[-70.59318000019849,44.161342000198474],[-70.60738299994934,44.15440400012549],[-70.60207700011236,44.152961000132485],[-70.60041400023084,44.14946000026196],[-70.59866099993765,44.14976799982287],[-70.59652500022811,44.145526000072984],[-70.59894700016791,44.14434899996413],[-70.59838200027839,44.14265999986548],[-70.59506099963991,44.144831000165176],[-70.59447300018415,44.142938999904594],[-70.59595100011775,44.141482999988135],[-70.59423399980956,44.13861700012926],[-70.59552900034336,44.13739699969833],[-70.59233400010156,44.13345299968926],[-70.59002500013969,44.13296700009231],[-70.59063500023504,44.12939399981512],[-70.59205000041945,44.1289910000202],[-70.58729900042626,44.122809000162526],[-70.59894100032011,44.11203100007218],[-70.602741999561,44.10453299986053],[-70.60617299980433,44.101292999727264],[-70.60623800010165,44.099135999683504],[-70.6041440002249,44.097594000196516],[-70.60667300029485,44.09570900005198],[-70.60467599960417,44.09185199984271],[-70.6055640004322,44.0895159999002],[-70.60296099984411,44.08877899997176],[-70.60590099981778,44.08170100012213],[-70.60906699974724,44.07900500024772],[-70.60816600029706,44.0742459998134],[-70.61190399978874,44.07062499977246],[-70.60894000042396,44.069445999938225],[-70.60887099992866,44.06772699974969],[-70.61346000043845,44.06659999986222],[-70.61176999989443,44.06507099969417],[-70.61410200032086,44.06196299973112]]]}},{"type":"Feature","properties":{"GEOID":"23101","NAME":"State House District 101","BASENAME":"101","STATE":"23","SLDL":"101"},"geometry":{"type":"Polygon","coordinates":[[[-70.03423800040488,43.9756609997102],[-70.08789199987467,43.919022000312246],[-70.0465759997095,43.883554999897235],[-70.04833200037577,43.881638999754344],[-70.03986100043426,43.875796999830484],[-70.04360899997167,43.871787999775215],[-70.03564600001826,43.868474999945455],[-70.03866499963465,43.86484600022098],[-70.0133170001074,43.851022999890624],[-70.0043399998276,43.8577600000896],[-69.99194899992119,43.85366200025399],[-69.97806900021054,43.865580999921676],[-69.97102400032408,43.86956400007989],[-69.96753600017932,43.87625300002284],[-69.96872700005775,43.8840610000432],[-69.97386200019048,43.89154100010074],[-69.96795600030389,43.899121000219026],[-69.96463200019069,43.90837700022051],[-69.97523999966664,43.907009999992354],[-69.9762359995514,43.9129769997699],[-69.97456500017226,43.9158609997333],[-69.97769199974368,43.91505700007486],[-69.98178099976296,43.91773600007838],[-69.99366299985634,43.9316570000474],[-70.00268899964165,43.93387399974481],[-70.00744300000787,43.94162900017569],[-70.02000100031884,43.945817000153404],[-70.03423800040488,43.9756609997102]]]}},{"type":"Feature","properties":{"GEOID":"23095","NAME":"State House District 95","BASENAME":"95","STATE":"23","SLDL":"095"},"geometry":{"type":"Polygon","coordinates":[[[-70.2211609997082,44.08963499995556],[-70.21195300034803,44.08326100001174],[-70.20743300033354,44.0777900002368],[-70.20725300040847,44.064528999749655],[-70.19747199986453,44.070887999889585],[-70.18453299978705,44.07223800013915],[-70.18271300044502,44.07546100031324],[-70.19224800004334,44.079151999792096],[-70.18346199955924,44.088694999842524],[-70.18114799957448,44.08752099994682],[-70.1763339998321,44.09292499980633],[-70.17333799978194,44.09369600029214],[-70.17170900023561,44.097181000024534],[-70.17479300014931,44.10185200022755],[-70.17392000028822,44.10324900003645],[-70.18891200023455,44.101636999916316],[-70.19086600036923,44.09734300019369],[-70.18881099995222,44.09557600016126],[-70.19150499987859,44.09283200011523],[-70.20026200005037,44.09727899975779],[-70.20200899959748,44.09548000016099],[-70.20530900031956,44.09755999989611],[-70.2131190001121,44.09504700017187],[-70.21251599968942,44.09405999975061],[-70.21473400031304,44.092564999960445],[-70.2211609997082,44.08963499995556]]]}},{"type":"Feature","properties":{"GEOID":"23027","NAME":"State House District 27","BASENAME":"27","STATE":"23","SLDL":"027"},"geometry":{"type":"MultiPolygon","coordinates":[[[[-69.08623099958254,45.017386999749085],[-69.06238699992817,44.92695500030382],[-68.80778099968484,44.96123899994251],[-68.81309900011568,44.981443000133304],[-68.65017699992723,45.00300000026604],[-68.64928800017262,45.012308000290496],[-68.65276000042383,45.02329199987221],[-68.66642699969914,45.040423000112305],[-68.66718999995538,45.04834699996406],[-68.66506299956838,45.05664900011151],[-68.67033699961827,45.0703069999444],[-68.66624900032224,45.074954000043974],[-68.66795599968636,45.07827399974234],[-68.6671129999625,45.08738099999671],[-68.6625290003739,45.09306799974163],[-68.66436999963231,45.10122899970054],[-68.65569200000155,45.106244000060485],[-68.64573899992848,45.10689299983683],[-68.64354499959433,45.113213999767275],[-68.64630700019106,45.12093699982378],[-68.64288900036651,45.12516200007313],[-68.63796199974792,45.125948000303204],[-68.63014299973455,45.132417000215696],[-68.84231200025454,45.095064000300894],[-68.85658699997539,45.14278299974544],[-68.97680600030166,45.12679400022528],[-68.9605459995857,45.116226000195816],[-68.95850500031072,45.110804999960344],[-68.95784300033684,45.1010049998007],[-68.93975200040816,45.07515200029988],[-68.93652200000628,45.06691499987023],[-68.92036699977062,45.03873099983984],[-69.08623099958254,45.017386999749085]]],[[[-68.64916500014895,44.94601300028597],[-68.64294799991775,44.93863800002051],[-68.63629300001861,44.93470199987565],[-68.64105400005754,44.92913999988245],[-68.63630399988928,44.9239449998871],[-68.49183699967756,44.94402599992339],[-68.51669300000853,45.03935200031583],[-68.64514200025192,45.02108100026667],[-68.64077299985016,45.0132850001783],[-68.64177999960556,44.99508700030853],[-68.6361089998956,44.983541999716415],[-68.63492700023802,44.97473000011376],[-68.64647899972019,44.96211799994947],[-68.64706899972407,44.959517999702584],[-68.64506100006106,44.95754100007894],[-68.64461699964706,44.95098600022458],[-68.64916500014895,44.94601300028597]]]]}},{"type":"Feature","properties":{"GEOID":"23116","NAME":"State House District 116","BASENAME":"116","STATE":"23","SLDL":"116"},"geometry":{"type":"Polygon","coordinates":[[[-70.32851200010212,43.64775900017905],[-70.31366300027092,43.64958000007446],[-70.31721400016485,43.6459730003011],[-70.2980529998333,43.64690999976204],[-70.29103300006119,43.64551900013491],[-70.28654400000882,43.65529299987688],[-70.2814940002649,43.657533000016215],[-70.28479900011153,43.66323400018858],[-70.28362499995157,43.66642999970941],[-70.28447100004847,43.67082300030498],[-70.29487400038334,43.669875000216564],[-70.29453600027455,43.677609999746515],[-70.30022000040329,43.67929400028267],[-70.30542900015587,43.676888999729265],[-70.30800300043164,43.671113999676734],[-70.31495899973132,43.673281999735586],[-70.30851300006957,43.66526300013353],[-70.29990900005866,43.66221300025345],[-70.31160700002903,43.65856300008249],[-70.32851200010212,43.64775900017905]]]}},{"type":"Feature","properties":{"GEOID":"23009","NAME":"State House District 9","BASENAME":"9","STATE":"23","SLDL":"009"},"geometry":{"type":"Polygon","coordinates":[[[-67.8117299999016,45.28538400006363],[-67.7807020004436,45.17095799984673],[-67.69357100001518,45.18392400001175],[-67.66217199993808,45.19186899987082],[-67.64815800033314,45.20122999975396],[-67.62849099966327,45.209103999709555],[-67.62643000029682,45.21171200014684],[-67.62208299963635,45.21219500001554],[-67.61436699955514,45.2166570001166],[-67.58816700008323,45.21406700002753],[-67.58155300019197,45.22396399979864],[-67.57121000013156,45.22696300002002],[-67.56711799973922,45.23008900015917],[-67.56790500028492,45.2365620002278],[-67.56655100019988,45.24378700003978],[-67.56781599969814,45.24733100000477],[-67.56538299988769,45.250342999949545],[-67.56332800036901,45.250757999706906],[-67.54905299974982,45.24431699979261],[-67.53653100032219,45.2449540001357],[-67.4994730002307,45.20067600019482],[-67.37454599956894,45.05969599973324],[-67.41074000002014,45.048615000214674],[-67.37755400021297,44.99909299977628],[-67.34956799993755,45.00700000029529],[-67.33356199966481,45.01413099978793],[-67.33963999997884,45.021622000049796],[-67.29388199961697,45.04123100010803],[-67.29908899971974,45.047289999770086],[-67.2426659999805,45.071982999701454],[-67.19029399972743,45.00766500003897],[-67.18584900005598,45.009661000224554],[-67.13947499975097,44.95577699986874],[-67.13665199995319,44.956827999902565],[-67.13314700008999,44.95718499978862],[-67.13932099976519,44.95559799997987],[-67.13069199963992,44.94549199990519],[-67.13145599972107,44.94242600012053],[-67.12800699993439,44.939065000129034],[-67.11077600034635,44.93628799978102],[-67.10636199973875,44.93690799989984],[-67.09888500003213,44.92004900021546],[-67.08893899963175,44.91438299973131],[-67.08234800020504,44.90843000011174],[-67.05226899987781,44.91084600001885],[-67.04339899972811,44.909415999718014],[-67.02929399988656,44.90349300004819],[-67.01954400020308,44.893684000150856],[-67.00615200038906,44.8879139999818],[-66.99809800019906,44.88730499980323],[-66.99855400030866,44.87415199993288],[-66.98076600032869,44.87386599970737],[-66.97222400024205,44.89477499996716],[-66.96871000015803,44.91038900016507],[-66.99684600022128,44.92837100023486],[-67.00999000033818,44.94476200024553],[-67.02166499984399,44.953914000205195],[-67.09455099979047,45.07451299977655],[-67.11255700022863,45.11258399987232],[-67.12890800028289,45.1323820002826],[-67.1449959996731,45.146015999898836],[-67.1588710002592,45.16203500017205],[-67.16796499981655,45.164733000308374],[-67.19089299995213,45.16571500001971],[-67.20508300018248,45.171408999822674],[-67.2231630002405,45.163362999981],[-67.22728400004682,45.163428999932854],[-67.2329000004035,45.16851699988711],[-67.24280900009565,45.17244299981834],[-67.24393899987469,45.17825599983465],[-67.24742600019452,45.18088900028993],[-67.25530499958403,45.18285999974062],[-67.26224200041378,45.187941999887116],[-67.26921600015514,45.19050800019619],[-67.28336000035473,45.19185899983095],[-67.29099100004713,45.187572000203225],[-67.29073199958103,45.181663000201944],[-67.29404700037173,45.177165999919985],[-67.29110499984995,45.17457099998695],[-67.2914260002403,45.17103499975561],[-67.29934300016295,45.16918000028676],[-67.30268599964444,45.16071200003418],[-67.30162500036067,45.156995999815614],[-67.29422499974866,45.153631999797916],[-67.29597300001898,45.147837000129854],[-67.30977499991182,45.143656000271186],[-67.32001199966703,45.14240200028807],[-67.31770100005531,45.138022000219976],[-67.32082199977894,45.13133500006672],[-67.33050500041358,45.13180100003049],[-67.34084799957567,45.1250410000878],[-67.34599299975417,45.12645200012245],[-67.34916500042974,45.12949599976305],[-67.35344500024472,45.129164999750785],[-67.35752900024112,45.13220400018198],[-67.35656000012057,45.132989999704996],[-67.37068000003072,45.14200300006764],[-67.38072000014243,45.15214400006668],[-67.39258999964193,45.15429400020764],[-67.40502900012723,45.1600629999125],[-67.40476899983622,45.16677700006689],[-67.3991990004086,45.16895499984988],[-67.39832900002226,45.17338000002812],[-67.40051999998337,45.17766700015454],[-67.40653999967279,45.178903999902964],[-67.41811399979457,45.18999699989741],[-67.42687199979127,45.191515000175286],[-67.42926699996688,45.193464999794685],[-67.42796899995837,45.20179100019497],[-67.43729299966948,45.21990799979384],[-67.43698899989587,45.222737999905696],[-67.45384899976315,45.24123500015813],[-67.4619139998238,45.242700999729024],[-67.46852000021744,45.25065299975765],[-67.47311300002687,45.25863699988422],[-67.47181099982039,45.26163600026537],[-67.47478400030433,45.26327700003721],[-67.47641899969844,45.27539599970103],[-67.48203099985716,45.27536499996582],[-67.48350499959278,45.27945400006571],[-67.48711800030932,45.28016800022654],[-67.48876600012223,45.275242999701625],[-67.49419199960978,45.27567999995328],[-67.49713699960631,45.27220299997475],[-67.50401699963633,45.270214000037655],[-67.50341300028707,45.26391400018975],[-67.5064779999342,45.260515999827795],[-67.5220370003182,45.253057000224985],[-67.53199000039127,45.26933099969712],[-67.53870800003959,45.2736139997894],[-67.55080799969285,45.319925000105435],[-67.63542400029506,45.31115600030069],[-67.8117299999016,45.28538400006363]]]}},{"type":"Feature","properties":{"GEOID":"23004","NAME":"State House District 4","BASENAME":"4","STATE":"23","SLDL":"004"},"geometry":{"type":"Polygon","coordinates":[[[-68.3001900001452,46.83450699974563],[-68.299534999844,46.74523199970902],[-68.0553009999734,46.74972200027991],[-68.05652799983682,46.77567700012896],[-67.91921699983966,46.77892999990581],[-67.91912599960307,46.86598299970076],[-67.92679400000368,46.86658100026579],[-67.92927600021794,46.95788999984608],[-68.06288099961215,46.9555879998947],[-68.0593990002135,46.839319999751694],[-68.3001900001452,46.83450699974563]]]}},{"type":"Feature","properties":{"GEOID":"23055","NAME":"State House District 55","BASENAME":"55","STATE":"23","SLDL":"055"},"geometry":{"type":"Polygon","coordinates":[[[-69.93741800039233,44.267676000021645],[-69.94719099964203,44.238299999876816],[-69.91299700025455,44.23264999985911],[-69.91562500005868,44.22707799974455],[-69.92051400014412,44.226692000148695],[-69.92210300040581,44.223896999712],[-69.91456200022678,44.21742600018393],[-69.91164300016952,44.21017499981386],[-69.90073799969431,44.20705200010531],[-69.89968099971021,44.203338000124596],[-69.89686799995815,44.201973000163726],[-69.89524299971147,44.194598999829104],[-69.8979059996757,44.1892570001246],[-69.89270899961868,44.182090999829],[-69.87995600021235,44.17995200022026],[-69.86687700039276,44.18159600031916],[-69.86033600029646,44.17889999986295],[-69.85588099968098,44.17925699988058],[-69.84808699978198,44.17051499996867],[-69.83270800022133,44.191100999730196],[-69.82400200010316,44.193612999711036],[-69.80693299999852,44.20538100006655],[-69.80591299982433,44.21112800029929],[-69.80153900029802,44.213288000164425],[-69.80582599978568,44.22111900015456],[-69.8073050004425,44.22102600014036],[-69.80004700012071,44.24246400010247],[-69.84718999963142,44.238595000273776],[-69.84565499979644,44.24339099969661],[-69.85554199974725,44.24645899978439],[-69.84817200017078,44.251600999752974],[-69.87741600027178,44.25634100000214],[-69.86852500020566,44.26878800020332],[-69.86726200035723,44.27590999985723],[-69.8628450002749,44.27911299993385],[-69.85556900040976,44.280446000257484],[-69.8477009999926,44.285815999924345],[-69.81851499961792,44.281013999944015],[-69.82080900040951,44.2738860003169],[-69.7925620000182,44.26901599983983],[-69.7947029997506,44.262000999786906],[-69.7859659996703,44.267900000264746],[-69.77849700035961,44.26658300005643],[-69.78563199975945,44.27107200014088],[-69.7895130002646,44.28011100030688],[-69.78785600023085,44.287816000132636],[-69.77961899974274,44.295645999807114],[-69.80165599957556,44.29925699976353],[-69.80053599984225,44.30267700018652],[-69.81059799969528,44.30429399976888],[-69.80891800009532,44.309744000053115],[-69.82710100008549,44.31403399996343],[-69.82643200043888,44.31765799990231],[-69.83237199976236,44.318740000273],[-69.8297430001333,44.32525999980482],[-69.82631199988997,44.324761999711555],[-69.8245469999012,44.32860100001816],[-69.83112599963236,44.32991299985895],[-69.83060699977358,44.331564999868505],[-69.83377000022833,44.332090999866345],[-69.82825299960585,44.34605799984081],[-69.83403100034421,44.34669199975337],[-69.83403499964386,44.34828499971572],[-69.82356400043525,44.380748999984185],[-69.82206499968693,44.38069699979287],[-69.81851899981588,44.39174599970055],[-69.87830500002639,44.401299999730384],[-69.87976500041663,44.39632399989471],[-69.87652300031917,44.393404999720445],[-69.87428700015222,44.36926700016914],[-69.88271500043604,44.34401200024172],[-69.87844599959338,44.343130999849045],[-69.88116999965698,44.33876600009666],[-69.87986099977778,44.33476100028074],[-69.87651800029631,44.332846999853494],[-69.88022200035111,44.32149199972667],[-69.9107200000797,44.268833000040814],[-69.92324200040568,44.27093399982635],[-69.93741800039233,44.267676000021645]]]}},{"type":"Feature","properties":{"GEOID":"23136","NAME":"State House District 136","BASENAME":"136","STATE":"23","SLDL":"136"},"geometry":{"type":"Polygon","coordinates":[[[-70.80116400043971,43.58603100019586],[-70.78030099986856,43.49189800016923],[-70.7829570001601,43.4917120001311],[-70.77443699981478,43.48776100011053],[-70.77961899980316,43.48264800025364],[-70.77377400001595,43.47904699972117],[-70.7767280002333,43.47621799972725],[-70.76062999989905,43.46609000023236],[-70.75731900020463,43.459604000214426],[-70.74938399984032,43.45774499989076],[-70.74538000020983,43.458437000135305],[-70.73986500013552,43.45602699991788],[-70.73701999969809,43.4529630000168],[-70.73670599987874,43.447943000016515],[-70.7300789995687,43.44317300024173],[-70.7194069996203,43.44702599973627],[-70.71439899970918,43.45090099977887],[-70.70981000009769,43.45073500007092],[-70.7099230000756,43.4470419998212],[-70.7055300002827,43.445469000289805],[-70.70383800008888,43.441036999766126],[-70.69631600017644,43.43486400029535],[-70.69205200025496,43.43455800002116],[-70.67885500043462,43.42607300017413],[-70.66678400019538,43.423133999801045],[-70.6549809997447,43.417030000138624],[-70.6508890002507,43.41739499988475],[-70.64687200020144,43.42050900006381],[-70.64260999992979,43.4204220000165],[-70.60725200042808,43.45746399978548],[-70.6089579999673,43.45926699991596],[-70.6165550002228,43.459354999799714],[-70.6185040003346,43.461870000179154],[-70.62045900029415,43.470573000253545],[-70.62488100039938,43.474044999836934],[-70.62138400003379,43.47719200000997],[-70.62468399985758,43.47951299968823],[-70.62236800022298,43.48677000030427],[-70.62493400010283,43.48968200023769],[-70.61938800006635,43.49893500023731],[-70.62309399977097,43.50173499992264],[-70.62935799985787,43.500733000265875],[-70.63651800027037,43.50223900028043],[-70.63628999976643,43.5082419999716],[-70.6410120003456,43.508273000218715],[-70.64991599993216,43.51207300003468],[-70.66951699958146,43.51028999983887],[-70.67936800044562,43.516329999933696],[-70.68804400042656,43.52832000003257],[-70.69714200018187,43.53294599996974],[-70.64780299978885,43.58251100014827],[-70.67771100041188,43.643412999781255],[-70.68363099964385,43.63905300009858],[-70.68992499986796,43.63864499996732],[-70.69128099960282,43.62771199991512],[-70.6976159998348,43.61753800001769],[-70.6924699998314,43.61237299968764],[-70.69243600039452,43.606830000203914],[-70.69663900021663,43.60227900006116],[-70.69876700042856,43.59579499985769],[-70.709655000287,43.58891699979176],[-70.72599100027264,43.59546899978475],[-70.7410400001204,43.5966589998298],[-70.75245500023354,43.600599000027586],[-70.76035000041487,43.60086600026762],[-70.76337800025209,43.5991030001665],[-70.76079800012853,43.595405999834426],[-70.76326000025132,43.5942319998676],[-70.77441199970042,43.592497999823294],[-70.78035500029523,43.59867399976772],[-70.78296800003075,43.596365000323665],[-70.78183200040391,43.59431700030733],[-70.79214299977896,43.58751800029358],[-70.80116400043971,43.58603100019586]]]}},{"type":"Feature","properties":{"GEOID":"23090","NAME":"State House District 90","BASENAME":"90","STATE":"23","SLDL":"090"},"geometry":{"type":"Polygon","coordinates":[[[-70.40163400005017,44.14383400004249],[-70.40135299984279,44.14191600019135],[-70.39707999970047,44.13903299992636],[-70.39990000002354,44.13763400030585],[-70.3961380002424,44.13504300002546],[-70.39813500003476,44.13310000031851],[-70.39437099970549,44.13336299989848],[-70.3852400003382,44.120757000087565],[-70.38276700034478,44.120751000148786],[-70.38145699974237,44.11861900030696],[-70.38241499999228,44.11524499984733],[-70.37638000023425,44.1111040002059],[-70.36733000015951,44.11000200028961],[-70.36206899963007,44.10429400028351],[-70.36094499969882,44.10588699991632],[-70.35386800002529,44.10093399975654],[-70.34770799969549,44.101579000208474],[-70.34261299974574,44.09895599990882],[-70.34127399972931,44.09431700018301],[-70.33810699997493,44.092633999869484],[-70.34225100024578,44.09192800027088],[-70.34252999990504,44.09001599995911],[-70.3340149995826,44.09256900010701],[-70.33616799990887,44.09051899987628],[-70.3298829999056,44.0864680002366],[-70.3258680004045,44.08731599975506],[-70.31961900038623,44.0832069998367],[-70.31605300042368,44.084279000301926],[-70.30788700008068,44.07958699986018],[-70.31356000033877,44.08577499998326],[-70.31546099987166,44.09210500001507],[-70.31419200017544,44.09262800030138],[-70.31623599982346,44.096638000007644],[-70.31449799959888,44.100641999980446],[-70.30797599976913,44.09820900014888],[-70.30480700036495,44.10152699975475],[-70.30642199966756,44.103484999766906],[-70.30296399966004,44.10731999992686],[-70.29143700029223,44.10345100027382],[-70.28888099955981,44.103659000205745],[-70.28679900027696,44.10597199994762],[-70.28040799996846,44.102850999892986],[-70.27574599966374,44.09823900031338],[-70.26980200014232,44.097973000001474],[-70.26705999963707,44.09950600000834],[-70.26325600002315,44.092054000307165],[-70.26227000018415,44.081526000019316],[-70.24865999991192,44.08251599986614],[-70.24687200035693,44.08459099978292],[-70.25110600014116,44.08723499986437],[-70.24469100044155,44.09409900018185],[-70.2432729998841,44.09487900017909],[-70.23824499988147,44.09119000001358],[-70.2350420001421,44.09350799992131],[-70.24058200033078,44.0990790000292],[-70.234642000109,44.104547000118885],[-70.23377099989773,44.10339100005823],[-70.23075800012913,44.10530700004508],[-70.2351629996176,44.11032799970093],[-70.23226299982692,44.11486700014257],[-70.23323000029765,44.1203090001878],[-70.22521899976535,44.121044000102266],[-70.22405800002419,44.12293200030512],[-70.21319100008212,44.12071000012084],[-70.21643099963143,44.116705000283666],[-70.2104500003001,44.12183299967859],[-70.20791100018442,44.12769900017263],[-70.20254599989792,44.13322400030316],[-70.2008830000164,44.13925199979021],[-70.21074900005082,44.15109099971135],[-70.19960799957407,44.16791799988071],[-70.20399700006733,44.172859999701],[-70.2124930001232,44.17857199970996],[-70.33409400012363,44.21075300008153],[-70.40163400005017,44.14383400004249]]]}},{"type":"Feature","properties":{"GEOID":"23119","NAME":"State House District 119","BASENAME":"119","STATE":"23","SLDL":"119"},"geometry":{"type":"Polygon","coordinates":[[[-70.26698799966704,43.65313200010029],[-70.26013899959916,43.64944200006896],[-70.25800500043776,43.645063000242516],[-70.2383860003468,43.65837500029318],[-70.22863900013803,43.658256999862026],[-70.22408300013852,43.65558699988613],[-70.21957499981959,43.65112700024331],[-70.21582499973402,43.635431999803515],[-70.20557700010816,43.62877399976435],[-70.18280600033142,43.62165600024351],[-70.10718999957527,43.54434799980881],[-69.97585099958692,43.59787599986063],[-70.0651689997785,43.6736999999059],[-70.09539799989358,43.68817000026116],[-70.08406499979621,43.699992000289356],[-70.09057800030344,43.71231000020459],[-70.09381799985273,43.7144319997229],[-70.1154649996982,43.69802000009222],[-70.12223400029846,43.7012810003186],[-70.1328390002997,43.68352900020367],[-70.11100999998104,43.66313999988217],[-70.161267000441,43.65430900029162],[-70.19918599979968,43.700147999881516],[-70.21065799981423,43.691117999844465],[-70.21710400037429,43.68112300002373],[-70.24576299959598,43.690443999706126],[-70.24493300029087,43.687994000045975],[-70.25155899987769,43.6850369998161],[-70.25082599975867,43.68137599991599],[-70.25291700016069,43.67896400000215],[-70.25200400011661,43.67720199969707],[-70.25588399989853,43.678327999940834],[-70.2565640003141,43.67704100008775],[-70.25592900010436,43.671406000220394],[-70.25104900023976,43.663278999723175],[-70.26317300018246,43.65395999975225],[-70.26698799966704,43.65313200010029]]]}},{"type":"Feature","properties":{"GEOID":"23131","NAME":"State House District 131","BASENAME":"131","STATE":"23","SLDL":"131"},"geometry":{"type":"Polygon","coordinates":[[[-70.42526000014466,43.51767100009063],[-70.41517700037524,43.51840400022972],[-70.41743299973537,43.51428799976796],[-70.41662799964632,43.509489999966625],[-70.41490899968831,43.50805700020434],[-70.41453399976959,43.502901999970824],[-70.40943100032221,43.499119999940696],[-70.40440900016739,43.497922000089254],[-70.40101499973397,43.49918800016475],[-70.39591499976132,43.49614399975689],[-70.3879579996557,43.49752400021241],[-70.22751799968151,43.46163400011984],[-70.22208999964582,43.466877999882655],[-70.28216499956132,43.50008700017266],[-70.3900900000656,43.5537099999212],[-70.42526000014466,43.51767100009063]]]}},{"type":"Feature","properties":{"GEOID":"23107","NAME":"State House District 107","BASENAME":"107","STATE":"23","SLDL":"107"},"geometry":{"type":"Polygon","coordinates":[[[-70.4550010003631,43.78290700004674],[-70.45234400024665,43.77734599980418],[-70.44748399957521,43.77622200014908],[-70.44542099966061,43.77267900017333],[-70.443618000037,43.77281900000418],[-70.4492419998913,43.762600999838234],[-70.44683500002012,43.759269999778866],[-70.44824000015875,43.7526770001992],[-70.44449300044624,43.74883499968796],[-70.43840699973629,43.74842600015578],[-70.43961000020857,43.74568299993655],[-70.4373239998129,43.73926500012258],[-70.43234299966595,43.74116400018911],[-70.42781699980365,43.73792500016306],[-70.427333000105,43.73455899975856],[-70.42370000019531,43.733619000254805],[-70.42222499973643,43.72866699994885],[-70.41303200044487,43.720683000306735],[-70.41171500016976,43.71779500002269],[-70.40553800012152,43.7151070002391],[-70.40215100025911,43.70945800022795],[-70.40326500014463,43.70583400026097],[-70.39643799981806,43.70607100023994],[-70.39096100027687,43.700303000215015],[-70.37810400021515,43.69735600029553],[-70.3614080003794,43.753156999975225],[-70.37571700043544,43.76540500002613],[-70.38122699958859,43.77525999994152],[-70.39551200025352,43.78814500004666],[-70.40553300009864,43.80314400025532],[-70.41454499964024,43.80834699993265],[-70.41359899998422,43.80910099978587],[-70.41613599955176,43.81034400013377],[-70.41555599959361,43.81198999987164],[-70.41899799970761,43.812257999706794],[-70.42252699986024,43.819896999968634],[-70.41692499974727,43.82571600001751],[-70.42359499971501,43.82984700002345],[-70.4258569998212,43.829061000107345],[-70.4233200002537,43.830833000296956],[-70.42508500024246,43.83268399973942],[-70.42222899993439,43.835683999840256],[-70.42293699993905,43.83775699982326],[-70.4497010003739,43.83063200003828],[-70.44652000037584,43.827181999772954],[-70.45084200002361,43.80888600017962],[-70.45007999959228,43.80249000000003],[-70.44736499974952,43.7995860000101],[-70.45039900033284,43.79369400027772],[-70.4537490003853,43.79138499977734],[-70.4550010003631,43.78290700004674]]]}},{"type":"Feature","properties":{"GEOID":"23074","NAME":"State House District 74","BASENAME":"74","STATE":"23","SLDL":"074"},"geometry":{"type":"Polygon","coordinates":[[[-70.56379899983015,44.71319299974702],[-70.51059800009689,44.627216000313986],[-70.54998500024175,44.61072700004744],[-70.2807479997271,44.56961899991962],[-70.2778060001036,44.573072000121584],[-70.15248099995688,44.58930999986929],[-70.13445799980028,44.59522500003343],[-70.15741699989799,44.612594000122215],[-70.19717399993871,44.6546129997241],[-70.22111499967745,44.69583399987338],[-70.22936300003622,44.728055000000154],[-70.19151699957416,44.73280899994666],[-70.19191499995742,44.73392099982553],[-70.17141399978452,44.73610399981423],[-70.17105899995727,44.73464999999767],[-70.13031600007754,44.73909800017472],[-70.1353879995628,44.75855499986861],[-70.11578699991348,44.76034699969762],[-70.11154100043369,44.74123099977888],[-70.09751900043281,44.74268100006767],[-70.08736100032033,44.70468899998552],[-70.07716399984979,44.714698000061084],[-70.04938199978888,44.70032699990326],[-70.02695900016668,44.70283599985788],[-70.02288199984297,44.70461899997293],[-70.02210600006624,44.70332699971997],[-70.00876799978057,44.7048249997497],[-70.009493000402,44.70814100007914],[-70.00298599974255,44.70885499978271],[-70.01352899981951,44.75769899973646],[-70.00066000006223,44.75904299969333],[-70.00382199979374,44.7735480000231],[-70.00083099976645,44.773817000311624],[-70.00315399997204,44.78829000029699],[-70.01559699975698,44.78694700023313],[-70.02072299966888,44.80976700003931],[-70.02710700030468,44.809061999861335],[-70.0322559997828,44.82983700030097],[-70.0255320002867,44.83068100007701],[-70.03327000010921,44.86453999999407],[-69.99293099956222,44.869633000009095],[-69.9946749996346,44.87915999979888],[-69.98730800043118,44.88016100030727],[-69.98972399962489,44.88575699993792],[-69.9921969996183,44.88759000019723],[-69.99103000002935,44.889831999956776],[-69.99378599987999,44.893687999814084],[-70.00032399960325,44.89758300010516],[-70.01349600020755,44.95975199979495],[-70.15211000023612,44.94184700002115],[-70.14476800024873,44.91148500025904],[-70.15258499971395,44.91029899977672],[-70.14908499987365,44.89610200005895],[-70.14263400018902,44.89706699983634],[-70.14158899990048,44.89577199971311],[-70.12993000028817,44.850765000239896],[-70.254621999875,44.83545600004924],[-70.25747499981001,44.84646100018652],[-70.260584999663,44.845594000073966],[-70.39647100032835,44.80095999979822],[-70.38960700019183,44.78700099983269],[-70.56379899983015,44.71319299974702]]]}},{"type":"Feature","properties":{"GEOID":"23133","NAME":"State House District 133","BASENAME":"133","STATE":"23","SLDL":"133"},"geometry":{"type":"Polygon","coordinates":[[[-70.56529199983235,43.49433399996553],[-70.4461179997946,43.438005000099196],[-70.42151799955668,43.464530000129024],[-70.41762400042938,43.4661170000528],[-70.41678099980722,43.46872900027532],[-70.41298899988885,43.471238000225874],[-70.40926100044291,43.4694989999056],[-70.41097799985279,43.47137999980131],[-70.40886200023473,43.471671000230266],[-70.40797400030503,43.474630999693844],[-70.41082200021717,43.47632299983678],[-70.41070800041436,43.47910599977442],[-70.41718500003826,43.47989499976696],[-70.42106300017034,43.48297999996776],[-70.43257500036785,43.48436700026285],[-70.43520200034706,43.49013499975491],[-70.43856400009513,43.48624299980444],[-70.4422389998376,43.48505399971148],[-70.4424919995576,43.48143800027198],[-70.4507490001372,43.47723000023422],[-70.451375999951,43.47338800025348],[-70.45608699976121,43.47210299970118],[-70.46092599961796,43.47720100025393],[-70.47135599971699,43.482956999948215],[-70.46089999967867,43.48741499969471],[-70.46823800036643,43.491158999759875],[-70.46667599986891,43.49281800002041],[-70.46201699993725,43.49249500020561],[-70.45528099984726,43.49756899995833],[-70.45135599985952,43.496403000076704],[-70.45230400006368,43.499362999957924],[-70.4663360001103,43.498858999701724],[-70.47469900009678,43.50268699981736],[-70.48213599962041,43.4989619997186],[-70.50407899974189,43.49913400008892],[-70.50990000013797,43.506142999733854],[-70.51470399983461,43.508367000303366],[-70.51790800029723,43.51540200024686],[-70.52580099993044,43.5198800001486],[-70.52870699956891,43.52562200025295],[-70.5188849999154,43.537651999699186],[-70.5138369998213,43.54083399993745],[-70.51212100023633,43.54405299993832],[-70.51518800043159,43.54541300027342],[-70.56529199983235,43.49433399996553]]]}},{"type":"Feature","properties":{"GEOID":"23134","NAME":"State House District 134","BASENAME":"134","STATE":"23","SLDL":"134"},"geometry":{"type":"Polygon","coordinates":[[[-70.53514300008324,43.33511800012239],[-70.49301000013348,43.28684599982705],[-70.47327200021681,43.29100100012995],[-70.46547400011985,43.2894779999563],[-70.45531400035755,43.290346999693995],[-70.42180799998492,43.297494999736884],[-70.40093199989329,43.30829099975312],[-70.3967070003299,43.31246500020211],[-70.37449300004675,43.31984900014355],[-70.36276499993917,43.32706800026841],[-70.3516369998812,43.339100999920696],[-70.34678700015381,43.34962300027647],[-70.34618499955606,43.35818299969638],[-70.32177400036234,43.384957000060105],[-70.3189480001915,43.39013799975766],[-70.31188400003846,43.39190500003333],[-70.28760099999295,43.40352200022814],[-70.27399200044394,43.41515300029624],[-70.26843299998868,43.42635100019967],[-70.25932099998965,43.43237800009649],[-70.31339899978197,43.46358000026296],[-70.37449399987166,43.46103900004744],[-70.38488999963553,43.46195500021802],[-70.39299300022932,43.46409999968492],[-70.39920399971444,43.47302599993245],[-70.40316800006026,43.47432499979667],[-70.40797400030503,43.474630999693844],[-70.40886200023473,43.471671000230266],[-70.41097799985279,43.47137999980131],[-70.40926100044291,43.4694989999056],[-70.41298899988885,43.471238000225874],[-70.41678099980722,43.46872900027532],[-70.41762400042938,43.4661170000528],[-70.42151799955668,43.464530000129024],[-70.4461179997946,43.438005000099196],[-70.47686499994356,43.45254099976563],[-70.49163699978186,43.428420999813945],[-70.49285799979751,43.4150970001567],[-70.47727800039543,43.381455000150794],[-70.48536900039535,43.37776499980123],[-70.48566800014609,43.37348700028268],[-70.49136499979531,43.37400300011944],[-70.49461299974054,43.37218600010556],[-70.49688499989252,43.37434899979332],[-70.50492999986167,43.37669299968926],[-70.50524000038139,43.37872099986955],[-70.50890099988018,43.37794699992271],[-70.50828599976195,43.37659899981724],[-70.51208600007624,43.37376500009231],[-70.52801600018101,43.37914799976675],[-70.52750599964475,43.37294599981396],[-70.52466000028075,43.36828999982653],[-70.52831300028191,43.36525899969932],[-70.52539300039975,43.360184000278814],[-70.52125699962649,43.35865099998112],[-70.52185500002628,43.3548319998507],[-70.51518500005855,43.34911300014176],[-70.51523100008932,43.34271400013925],[-70.51935799974342,43.342467999709775],[-70.53514300008324,43.33511800012239]]]}},{"type":"Feature","properties":{"GEOID":"23115","NAME":"State House District 115","BASENAME":"115","STATE":"23","SLDL":"115"},"geometry":{"type":"Polygon","coordinates":[[[-70.29322999987009,43.687678000076204],[-70.29487400038334,43.669875000216564],[-70.28447100004847,43.67082300030498],[-70.28362499995157,43.66642999970941],[-70.28479900011153,43.66323400018858],[-70.2814940002649,43.657533000016215],[-70.27628700016214,43.65946999977662],[-70.27960500042758,43.66125999988806],[-70.27470000044862,43.66474199974986],[-70.2755249997308,43.66531600012998],[-70.27022599956653,43.661938999778926],[-70.26636800042425,43.663138999760605],[-70.26622600013403,43.667266000311606],[-70.27135500041899,43.670606000009215],[-70.2692659996668,43.67151700027469],[-70.27190900043786,43.68009900016468],[-70.27450200008188,43.681961000221314],[-70.26848700041536,43.685925999759384],[-70.2735520002279,43.688564999808776],[-70.27472499966466,43.6883260000792],[-70.27452399982317,43.68492399991796],[-70.28032900032576,43.68791899985645],[-70.28456700030794,43.682324000228],[-70.29172500017232,43.68493199993499],[-70.29322999987009,43.687678000076204]]]}},{"type":"Feature","properties":{"GEOID":"23088","NAME":"State House District 88","BASENAME":"88","STATE":"23","SLDL":"088"},"geometry":{"type":"Polygon","coordinates":[[[-70.31623599982346,44.096638000007644],[-70.31419200017544,44.09262800030138],[-70.31546099987166,44.09210500001507],[-70.31508500012802,44.08905700020927],[-70.31119799977512,44.08192200001014],[-70.30778499997342,44.0796429999778],[-70.30235799976265,44.078812999858236],[-70.29519700042354,44.0739919997046],[-70.2932390000909,44.06933699970969],[-70.29363800029908,44.06527600015305],[-70.28882500038164,44.064781999944756],[-70.31483400005787,44.037389999969214],[-70.22924400021053,43.974064000281864],[-70.22462200008879,43.97858299989309],[-70.21983199973755,43.97577500005266],[-70.21181799973051,43.979359000233295],[-70.17090300032166,44.020970999914866],[-70.17944700005812,44.02536700031285],[-70.18472899960562,44.03462199977043],[-70.18759199958639,44.04518000006329],[-70.19908299986751,44.05598999983957],[-70.20205299997842,44.06189099982197],[-70.20718399991318,44.06440299982579],[-70.2072900002184,44.07750299992714],[-70.2160349997963,44.08633100028846],[-70.21922900021318,44.08120299992671],[-70.2221669996387,44.08285900003579],[-70.22358699984598,44.08152100019318],[-70.23028000027826,44.08452600021492],[-70.22902900012538,44.08795099985066],[-70.23249800000355,44.08737899988018],[-70.23705800020103,44.091914000250284],[-70.24082500000502,44.092215000285435],[-70.2432729998841,44.09487900017909],[-70.25099800018612,44.087502999684595],[-70.25139400002125,44.086296999964894],[-70.24687200035693,44.08459099978292],[-70.2484680002913,44.08254600024817],[-70.26227000018415,44.081526000019316],[-70.26325600002315,44.092054000307165],[-70.26705999963707,44.09950600000834],[-70.27023399996246,44.09792500003113],[-70.27701799973302,44.09856400015193],[-70.28040799996846,44.102850999892986],[-70.28698199967674,44.10602399971678],[-70.28888099955981,44.103659000205745],[-70.29143700029223,44.10345100027382],[-70.30296399966004,44.10731999992686],[-70.30642199966756,44.103484999766906],[-70.30480700036495,44.10152699975475],[-70.30797599976913,44.09820900014888],[-70.31449799959888,44.100641999980446],[-70.31623599982346,44.096638000007644]]]}},{"type":"Feature","properties":{"GEOID":"23108","NAME":"State House District 108","BASENAME":"108","STATE":"23","SLDL":"108"},"geometry":{"type":"Polygon","coordinates":[[[-70.54660500005203,43.713160000252316],[-70.45774299997004,43.64237199995658],[-70.46846199977409,43.631318999823954],[-70.4553260000531,43.62450300024753],[-70.4348449999717,43.61421400007532],[-70.40618099982885,43.641473999895545],[-70.42069400009939,43.64176300015651],[-70.4562890003259,43.70253200011735],[-70.46452900028874,43.7171170003052],[-70.46033099959119,43.71957599989998],[-70.4629719998141,43.72146700009327],[-70.46220000023534,43.72492600013128],[-70.46537100018769,43.728685000000056],[-70.46429099973905,43.730349999844144],[-70.47005699988355,43.73426400023243],[-70.47198300042912,43.73850599981461],[-70.4702860002124,43.743618000074065],[-70.46796200018188,43.74571399997411],[-70.46879200038529,43.750657999710185],[-70.47369099961816,43.75098799994964],[-70.5012419997004,43.76036699974287],[-70.54660500005203,43.713160000252316]]]}},{"type":"Feature","properties":{"GEOID":"23143","NAME":"State House District 143","BASENAME":"143","STATE":"23","SLDL":"143"},"geometry":{"type":"Polygon","coordinates":[[[-70.81228199955362,43.425794000024155],[-70.80969300010754,43.41009799994869],[-70.80719300034993,43.40590899974524],[-70.79162700029325,43.41667600022279],[-70.76370499959192,43.39578800013029],[-70.76253999965277,43.39275400018278],[-70.75679299977485,43.390226000311685],[-70.75764700026768,43.388493000075165],[-70.74914799983875,43.38801099980823],[-70.74801899988462,43.38593099990684],[-70.74989900039944,43.381310000304694],[-70.74121900022054,43.37526499988781],[-70.74123400028915,43.3670889997863],[-70.73434800041136,43.35918199982656],[-70.7241869999258,43.33489600010013],[-70.64260999992979,43.4204220000165],[-70.64687200020144,43.42050900006381],[-70.6508890002507,43.41739499988475],[-70.65525399955618,43.41704300008694],[-70.66678400019538,43.423133999801045],[-70.67732999974704,43.42536599978753],[-70.69193000005625,43.43449700017378],[-70.69676200024027,43.43516399968881],[-70.70391500008176,43.44112599998708],[-70.7055300002827,43.445469000289805],[-70.7099230000756,43.4470419998212],[-70.71049700018597,43.450815000112755],[-70.71439899970918,43.45090099977887],[-70.7194069996203,43.44702599973627],[-70.72496199987764,43.445477000212605],[-70.72597500037912,43.442988000090914],[-70.7227719997414,43.438575999926265],[-70.72741499977955,43.436745000145805],[-70.73680100031329,43.4197759999245],[-70.7477350002025,43.426530000141234],[-70.76928900016155,43.43556600002765],[-70.77134500040344,43.43366899970318],[-70.77454999979267,43.4381060002564],[-70.77955900042701,43.435539000263795],[-70.78452999962992,43.43806499972207],[-70.78556300022291,43.43516999967454],[-70.79528699996713,43.430002999721765],[-70.80428199979028,43.43009400002626],[-70.81228199955362,43.425794000024155]]]}},{"type":"Feature","properties":{"GEOID":"23054","NAME":"State House District 54","BASENAME":"54","STATE":"23","SLDL":"054"},"geometry":{"type":"Polygon","coordinates":[[[-69.86703999970106,44.27175199982058],[-69.87741600027178,44.25634100000214],[-69.84817200017078,44.251600999752974],[-69.85554199974725,44.24645899978439],[-69.84565499979644,44.24339099969661],[-69.84718999963142,44.238595000273776],[-69.80004700012071,44.24246400010247],[-69.8073050004425,44.22102600014036],[-69.80582599978568,44.22111900015456],[-69.80153900029802,44.213288000164425],[-69.80591299982433,44.21112800029929],[-69.80693299999852,44.20538100006655],[-69.82400200010316,44.193612999711036],[-69.83270800022133,44.191100999730196],[-69.84831899958556,44.17011699998326],[-69.85498299970553,44.167862000257195],[-69.76356599961431,44.153217000029464],[-69.76339999993299,44.16404499997179],[-69.75611800022004,44.17000399968892],[-69.75221400014868,44.18406599994155],[-69.75447500043,44.192904999746546],[-69.76270000032424,44.20336199979004],[-69.76051100001294,44.219861000267436],[-69.7696670003929,44.23237700013572],[-69.77027499994013,44.23737000003851],[-69.76757799964071,44.24333499969902],[-69.76898799980223,44.24828100023199],[-69.76753099978505,44.2524059997889],[-69.77301999992011,44.26212800015046],[-69.77849700035961,44.26658300005643],[-69.7859659996703,44.267900000264746],[-69.7947029997506,44.262000999786906],[-69.7925620000182,44.26901599983983],[-69.82080900040951,44.2738860003169],[-69.81851499961792,44.281013999944015],[-69.8477009999926,44.285815999924345],[-69.85556900040976,44.280446000257484],[-69.8628450002749,44.27911299993385],[-69.86726200035723,44.27590999985723],[-69.86703999970106,44.27175199982058]]]}},{"type":"Feature","properties":{"GEOID":"23022","NAME":"State House District 22","BASENAME":"22","STATE":"23","SLDL":"022"},"geometry":{"type":"Polygon","coordinates":[[[-68.85904099970223,44.86493699999696],[-68.85178599975349,44.83727400015406],[-68.77779799961704,44.80130299993613],[-68.7673190000125,44.80315499997954],[-68.76872599980099,44.80729500003425],[-68.77128599983305,44.80690399971498],[-68.77210099996785,44.80993200008401],[-68.77658499999733,44.809329999791665],[-68.77751800013289,44.81171200012032],[-68.78316600027661,44.81591100010099],[-68.7975420002798,44.822828000299275],[-68.80377100020658,44.82807899970396],[-68.80513600016228,44.83287700016252],[-68.80339700011277,44.841200000025616],[-68.80487500004637,44.84452900004682],[-68.80457799994545,44.84982999973634],[-68.80634100028438,44.851508000130345],[-68.81879800031302,44.855170000092095],[-68.84322000027572,44.867068000066666],[-68.85904099970223,44.86493699999696]]]}},{"type":"Feature","properties":{"GEOID":"23063","NAME":"State House District 63","BASENAME":"63","STATE":"23","SLDL":"063"},"geometry":{"type":"Polygon","coordinates":[[[-69.67656599960549,44.50046999999768],[-69.56561900001009,44.48259599978839],[-69.56498499962528,44.48386799968137],[-69.54326499998487,44.480602000293295],[-69.53855400017467,44.498075999930826],[-69.51398700044702,44.494511999836405],[-69.5153249997402,44.490441000024425],[-69.46969299977505,44.48223400025551],[-69.46969799979793,44.467154000096514],[-69.33963599990172,44.44938000010085],[-69.30295699992692,44.50008700021759],[-69.31420299998567,44.50359500014566],[-69.31089999978884,44.504536000138636],[-69.30519100044407,44.5094799999699],[-69.30293900038359,44.514780000133456],[-69.28921000028568,44.52266999977468],[-69.291648000119,44.53390799987263],[-69.41684000019633,44.55107999997714],[-69.39312299986526,44.64037500013058],[-69.46060599989038,44.647053999752586],[-69.45896300010035,44.64491399998236],[-69.46418699992155,44.64313300003945],[-69.45737100036393,44.61643200027725],[-69.43648400040166,44.61357899980639],[-69.44695499961028,44.57634900019618],[-69.44318399960831,44.56133799970427],[-69.47965699971877,44.566322000301895],[-69.48178800030375,44.55932899986742],[-69.59623499973944,44.57586700031093],[-69.60799800000714,44.56471299982188],[-69.61792699979077,44.558074999963594],[-69.62258599972245,44.551298999692],[-69.6197310001376,44.550248000192404],[-69.62098700031333,44.54674700010622],[-69.61201900025435,44.54533200005553],[-69.61244299967858,44.54271299984901],[-69.62352600042901,44.54232600010185],[-69.62905800022179,44.53868100015328],[-69.6343120001802,44.53855699980232],[-69.63772300033206,44.53501600027021],[-69.64976500025901,44.52888099968909],[-69.6733570000183,44.507884999999185],[-69.67656599960549,44.50046999999768]]]}},{"type":"Feature","properties":{"GEOID":"23112","NAME":"State House District 112","BASENAME":"112","STATE":"23","SLDL":"112"},"geometry":{"type":"Polygon","coordinates":[[[-70.31585500005696,43.725375999978965],[-70.31125200020178,43.719902000122914],[-70.30737900009257,43.72408700004158],[-70.30410900040603,43.72385400022614],[-70.30029400002313,43.720266000131936],[-70.30395700007006,43.70986499972448],[-70.29347900029043,43.68958400031431],[-70.29176600018019,43.69516200009269],[-70.27724100021408,43.7108669997435],[-70.27734599979607,43.705500000261644],[-70.27466100009053,43.70536799997826],[-70.27069599991982,43.700440000058855],[-70.26640199986113,43.70245699992435],[-70.25091899964511,43.70014699972723],[-70.24903700037878,43.71068100012353],[-70.24597900040435,43.71564800013789],[-70.24642000044531,43.720408999994184],[-70.2312200000865,43.731277999866805],[-70.24551700044698,43.73449600021723],[-70.27689999973224,43.73010899989181],[-70.28841299975468,43.74027699984499],[-70.30627299970465,43.732894000088194],[-70.30891999977534,43.72939500030142],[-70.31585500005696,43.725375999978965]]]}},{"type":"Feature","properties":{"GEOID":"23073","NAME":"State House District 73","BASENAME":"73","STATE":"23","SLDL":"073"},"geometry":{"type":"Polygon","coordinates":[[[-71.08392799958928,45.305483999973255],[-71.07717300013104,45.25004800024404],[-71.05824699997612,44.99051499973217],[-71.03839000023376,44.76698200027908],[-71.01505100019445,44.37141000017521],[-70.86773100004771,44.38825599967999],[-70.89124599981412,44.4179519997288],[-70.78801699994975,44.48662799968301],[-70.70427999995475,44.52246399972087],[-70.73270700027113,44.560905000224444],[-70.65533499974704,44.590802000041556],[-70.76922800006217,44.73222800011749],[-70.61503000043356,44.79563399969586],[-70.56379899983015,44.71319299974702],[-70.38960700019183,44.78700099983269],[-70.39647100032835,44.80095999979822],[-70.260584999663,44.845594000073966],[-70.25747499981001,44.84646100018652],[-70.254621999875,44.83545600004924],[-70.12993000028817,44.850765000239896],[-70.14158899990048,44.89577199971311],[-70.14263400018902,44.89706699983634],[-70.14908499987365,44.89610200005895],[-70.15258499971395,44.91029899977672],[-70.14476800024873,44.91148500025904],[-70.15211000023612,44.94184700002115],[-70.11036499972558,44.9473109998297],[-70.12242900029214,45.00006199981937],[-70.13344299964896,45.03668800001646],[-70.00436400011704,45.05367800019012],[-70.02919699998345,45.14750300018987],[-69.96659100034822,45.15694400016952],[-69.97354900019603,45.15868899984239],[-69.98141900026302,45.16310900006695],[-69.98706300020878,45.170717000174655],[-69.98497000015696,45.18673999973392],[-69.98772900038065,45.203696999997234],[-69.99158599969803,45.210384000066846],[-69.99548899994447,45.22538200030217],[-70.00132399968594,45.235256000057724],[-69.99093200012004,45.246710999749666],[-69.99112899976353,45.25214099982138],[-69.82397299979085,45.27577499994749],[-69.83218900036256,45.294024999912075],[-69.83303600028438,45.300773999856915],[-69.83944199976318,45.31581800023298],[-69.84350999986606,45.3181869999543],[-69.8473920001961,45.32513000012173],[-69.85354400013,45.32736199996599],[-69.85899700028006,45.3327439998185],[-69.85508800018582,45.3386780001083],[-69.85568900006035,45.34145100025357],[-69.86104699977585,45.34460200016966],[-69.86544600031485,45.344878999857585],[-69.86905099973714,45.34870899985806],[-69.87307399963419,45.350081999816936],[-69.87370100034629,45.352166000120896],[-69.87109100008551,45.35332899978905],[-69.87386799985256,45.356066000143976],[-69.95845900034041,45.3442439998347],[-69.95512400035653,45.347067000172984],[-69.95786799961328,45.35099999996646],[-69.95755799999189,45.353591000029766],[-69.95069300003048,45.35750499972306],[-69.95228099956893,45.36073700020313],[-69.94743199966646,45.365593000005916],[-69.95017300034681,45.37026900000639],[-69.93679900007614,45.37620799976006],[-69.93264700030765,45.383258000026316],[-69.93275400043778,45.3875779999881],[-69.93865000027863,45.391648000267416],[-69.9388589996177,45.39366699969763],[-69.9364080002639,45.396544999691166],[-69.93757900005082,45.40076599973438],[-69.93138399956091,45.404062000039524],[-69.92823799972294,45.41285900006515],[-69.92210099985766,45.413241999879375],[-69.91846899977287,45.41701599976043],[-69.90491600030039,45.42165100017221],[-69.90361599974369,45.427598000224],[-69.88948499996287,45.44351500000634],[-69.88337900005976,45.44366600024701],[-69.87968000002782,45.4490049998161],[-70.04955400021633,45.424617000140245],[-70.05507799961318,45.43895500018585],[-70.0544600000202,45.452065999789056],[-70.05641499997976,45.45924900013605],[-70.06521499980926,45.46876500023709],[-70.06487300040081,45.476449999702254],[-70.07554399962598,45.4918740002304],[-70.08007100021148,45.504685000050365],[-70.09099800042799,45.5128159999664],[-70.09450099974303,45.52209899980532],[-70.09971000039393,45.52759500009285],[-70.10419900044631,45.53891999990264],[-70.12048299965508,45.55092299972732],[-70.13299599976021,45.5571139999677],[-70.13645399976774,45.56092499969229],[-70.11772500015462,45.5636549998417],[-70.1350700004438,45.626527000246114],[-70.12897500041133,45.629773999892834],[-70.16007200036462,45.751415000296696],[-70.34366999972984,45.72307599972821],[-70.41796199963987,45.71329099970421],[-70.4294589997688,45.710246999706484],[-70.42885500041952,45.708002000312085],[-70.42564699975894,45.70723700006295],[-70.43130400012349,45.70701899982998],[-70.4391619995966,45.70387400006414],[-70.44105999965475,45.70539400021409],[-70.44447099980663,45.70375499973232],[-70.45091300016873,45.70393400013541],[-70.45592500027782,45.707052999847456],[-70.46135800033639,45.70555600024536],[-70.46546900009697,45.706529999892595],[-70.47053100043479,45.70305400016483],[-70.46910899967936,45.701677000159485],[-70.4794020004094,45.6948769997285],[-70.4943130001649,45.688658000285066],[-70.49646300011813,45.685643999801215],[-70.502390999746,45.683290000194766],[-70.50230600025552,45.68185500018435],[-70.51077899984685,45.6791549999656],[-70.51980800000521,45.671362999976864],[-70.51991099993738,45.66907300005816],[-70.52507000035955,45.66683800011975],[-70.52724100022918,45.666646999779864],[-70.53391100019694,45.67100599970041],[-70.54239100035927,45.666458000129886],[-70.5471809998122,45.66608699989128],[-70.55287900018466,45.66790799977942],[-70.55858900025265,45.66647600027354],[-70.560217999799,45.66402199991161],[-70.56370900031679,45.66274200007501],[-70.5621960002231,45.66036700001636],[-70.5652089999917,45.65713000013831],[-70.56494500040105,45.6548069998981],[-70.57283100036156,45.64877299986683],[-70.57557399979342,45.64836700025159],[-70.5795289999184,45.643582999780314],[-70.58357299973181,45.64239699990402],[-70.58402100034381,45.63887600010547],[-70.58991100033685,45.63383900000959],[-70.5908710002366,45.630459000300135],[-70.59673100009243,45.629778000172614],[-70.60704499984053,45.62565399988382],[-70.60854000039086,45.621775000139976],[-70.61815100015717,45.61547999980951],[-70.61914700004192,45.612023000062436],[-70.63181099975981,45.60917799980456],[-70.63615599987213,45.60993300007078],[-70.64489399977732,45.60675599979504],[-70.65395800009578,45.59280800019374],[-70.65912300036575,45.58966800022005],[-70.65905100039572,45.58727600002461],[-70.66380499986366,45.584596999985195],[-70.66408799972088,45.58278599991299],[-70.67213699988798,45.5785210002455],[-70.67204099962852,45.576233000207594],[-70.67809499965313,45.570500999733945],[-70.68812899991705,45.56888100003422],[-70.68511899962319,45.566570999738516],[-70.689195000122,45.56218299980954],[-70.67709899976836,45.552211000026425],[-70.68698200041956,45.54931300030853],[-70.6965250004138,45.53999600012005],[-70.69808899966282,45.53533000025084],[-70.70091800020671,45.53248900018916],[-70.69909700014144,45.530132000300874],[-70.70645599984726,45.52791500031331],[-70.7111189999769,45.519534000139856],[-70.71575899964199,45.51885100019302],[-70.72133200034096,45.51537600010979],[-70.72360100011988,45.50896999973218],[-70.72216400019417,45.506107000169],[-70.71540200016493,45.50448400023754],[-70.71159600000287,45.50180800022544],[-70.71189099955566,45.49712700030066],[-70.71784400019621,45.49023199987423],[-70.71639600039985,45.48646699998053],[-70.70473299969129,45.47886000029743],[-70.69947500043321,45.478920999769],[-70.69172099981887,45.47426599995359],[-70.69286800021466,45.4663639998437],[-70.69046700019126,45.46361200014175],[-70.68182200017246,45.46169100015993],[-70.68111400016781,45.45218300016659],[-70.67507500021183,45.4518779998698],[-70.66292699997967,45.44596199980269],[-70.65073199989185,45.44494399993862],[-70.6461659998466,45.437769999759674],[-70.64255100037856,45.436289999986165],[-70.64308899960558,45.43359300004147],[-70.64044599973285,45.4307769997409],[-70.63599000019077,45.427381000068344],[-70.63048500016217,45.42676799975296],[-70.62786599968057,45.42260000012006],[-70.63115100033403,45.415889000166885],[-70.63550200029414,45.414888000090954],[-70.63505100020741,45.41106899994965],[-70.63016899979468,45.40703100009921],[-70.62379799957769,45.40578899997601],[-70.62126900040607,45.4027359998067],[-70.62334099964319,45.40021699993075],[-70.63304299964608,45.398405000265896],[-70.63632199955349,45.395232999815676],[-70.63887800028589,45.38882500018725],[-70.63490200024451,45.385315999726004],[-70.63488800000081,45.38341700026393],[-70.65043599961585,45.37719300009306],[-70.65876900036342,45.377672999947194],[-70.66078200004931,45.37813300000656],[-70.66166099975818,45.386310000281966],[-70.6781709998211,45.39427400008805],[-70.68290300044602,45.39520800025695],[-70.68764699986819,45.39287600015739],[-70.69615700016777,45.392417000070985],[-70.6995020001974,45.39453699979376],[-70.7120139995793,45.39048299990401],[-70.7238470001672,45.3955710002579],[-70.72965400031957,45.399095999881986],[-70.7314379996766,45.40187400002419],[-70.73037900004267,45.404375000100394],[-70.74357300038828,45.411860000217814],[-70.74526300003399,45.416257000165174],[-70.74401199988111,45.421165999867625],[-70.75001700040022,45.42323200028315],[-70.75457900024752,45.428310000119644],[-70.76439599987813,45.42592799987761],[-70.76822700015457,45.428501999899915],[-70.78143900004352,45.43123000002653],[-70.78757900028184,45.42647299982855],[-70.79382099972909,45.42836299981561],[-70.7980949996963,45.42651600028319],[-70.80250900030391,45.41793700028854],[-70.81133400024775,45.41616600016603],[-70.81281999967895,45.41141400021936],[-70.82573700001514,45.40026500016776],[-70.82392699982053,45.39101900025583],[-70.81729200001288,45.39036100007658],[-70.81377299990599,45.387757999919735],[-70.8124640000268,45.38344099995141],[-70.80673399986732,45.377451999822426],[-70.80253299969503,45.365677000101115],[-70.80844199995468,45.363071000203995],[-70.80983600022269,45.35797000025991],[-70.81447000004,45.356680999958684],[-70.81164100039442,45.35211999999604],[-70.80943700001451,45.3515109996911],[-70.80980100006258,45.34867100026379],[-70.81732600034807,45.34474400019039],[-70.81990100044874,45.34019500005542],[-70.81801599991105,45.337884999956906],[-70.81905500035184,45.335448999738254],[-70.81808399968311,45.33259299977737],[-70.81291099991556,45.32803899972048],[-70.80758199961404,45.32766200022488],[-70.80807100023391,45.32498999979352],[-70.80609199998489,45.32157900026498],[-70.80842600006115,45.311816999735484],[-70.81462900004865,45.3081609997146],[-70.81154000011207,45.30376699990423],[-70.81629100010527,45.29818099987019],[-70.82500600044425,45.29789000028612],[-70.8354640001324,45.2939640002842],[-70.82994300021028,45.29017999990785],[-70.83189599962171,45.278911000284154],[-70.83646000001714,45.27597599992336],[-70.84125200001822,45.26701400008467],[-70.84894100033522,45.263089999954516],[-70.84809699988814,45.25893199987157],[-70.84961500000469,45.25590700004506],[-70.84653000026607,45.25301300018991],[-70.84862999999059,45.24517899995676],[-70.83926199989853,45.23754300008125],[-70.83663599974423,45.23730399974357],[-70.83806599999726,45.23461800027991],[-70.84613600008078,45.234383999738085],[-70.85819300007634,45.22915400009812],[-70.87482299978984,45.234148999984136],[-70.87956200008747,45.233389000049044],[-70.88473400003012,45.23485900016327],[-70.88931799961874,45.23870400026345],[-70.89261499996776,45.23897399978925],[-70.89694300036165,45.241864000186176],[-70.89795099994197,45.24632300021974],[-70.89514599968753,45.25225700018412],[-70.89833000005864,45.254852000202405],[-70.89851199963353,45.25832799974587],[-70.9058949996288,45.26082700005866],[-70.90507600019437,45.26522400004661],[-70.90749899995909,45.26844299991882],[-70.91130799959589,45.269990999801955],[-70.91641199976648,45.277335999845086],[-70.9213340003622,45.279226000182675],[-70.91870200036011,45.28728300014191],[-70.91380499987874,45.29186599983535],[-70.91200499972987,45.29631099973066],[-70.91376300004596,45.30034899994674],[-70.91961000038133,45.30526300030306],[-70.91783500034681,45.31172300012644],[-70.92716099970777,45.31485399996785],[-70.9299659999622,45.31881099999545],[-70.9388939998382,45.31998000020747],[-70.940582999659,45.3232299999886],[-70.94520399995585,45.325702999758406],[-70.94512699996297,45.329036999817745],[-70.94948999961862,45.331316999853286],[-70.95092900009246,45.33479899980837],[-70.95024100017929,45.337504000078255],[-70.95237900043696,45.3391170000768],[-70.96118500011424,45.3367200001156],[-70.96732399962933,45.332220999953314],[-70.9733269996003,45.33361299987877],[-70.98497500024025,45.33190699979928],[-70.98912000033604,45.3341369997987],[-70.99084699979164,45.33809599976452],[-70.99381600007763,45.33836399976324],[-71.00043599981666,45.34203399971653],[-71.00143300042463,45.344168000308265],[-71.01065199965548,45.34767500027282],[-71.01300099980033,45.344234000085635],[-71.01061999986841,45.33815599968596],[-71.01211600024368,45.333869000001904],[-71.00665399987278,45.33272600002293],[-71.00187199991747,45.32842800001061],[-71.0039230001365,45.3273720001686],[-71.00852099996881,45.31924100001487],[-71.01623100020223,45.3155300001416],[-71.02709200029649,45.3146859997614],[-71.03267099994493,45.3101919997015],[-71.04150000008674,45.31310800015773],[-71.05316899974477,45.3114159997729],[-71.05909999974571,45.31383800005166],[-71.06553700008494,45.31253600014331],[-71.07497999962179,45.307051000075006],[-71.08392799958928,45.305483999973255]]]}},{"type":"Feature","properties":{"GEOID":"23111","NAME":"State House District 111","BASENAME":"111","STATE":"23","SLDL":"111"},"geometry":{"type":"Polygon","coordinates":[[[-70.361119999601,43.75414199980817],[-70.35330099958763,43.749343999917826],[-70.35334199959551,43.75178799989949],[-70.35155400004054,43.75220100020454],[-70.35015899994761,43.74811100011034],[-70.34776700014503,43.74903100013594],[-70.34819200029247,43.75015600005295],[-70.33597200009031,43.751834999719655],[-70.33749400040482,43.74915599972894],[-70.33490500006043,43.74933100014811],[-70.33210099963091,43.74334899994808],[-70.33532600000993,43.74380600013457],[-70.33760300018477,43.74063700014662],[-70.32725400027658,43.735328999903686],[-70.3273970003917,43.73224800001666],[-70.3233769999694,43.7280849999223],[-70.32026700011642,43.728459000263065],[-70.31625300044021,43.72516200018155],[-70.30912200034003,43.729237999910886],[-70.30627299970465,43.732894000088194],[-70.28841299975468,43.74027699984499],[-70.27689999973224,43.73010899989181],[-70.24551700044698,43.73449600021723],[-70.2312200000865,43.731277999866805],[-70.24642000044531,43.720408999994184],[-70.24597900040435,43.71564800013789],[-70.24903700037878,43.71068100012353],[-70.25091899964511,43.70014699972723],[-70.24573500000687,43.69042100022505],[-70.21710400037429,43.68112300002373],[-70.20739099960242,43.69436700024907],[-70.1846630003817,43.70911400024535],[-70.16903600022565,43.724036999943024],[-70.34319799972674,43.81030600000422],[-70.361119999601,43.75414199980817]]]}},{"type":"Feature","properties":{"GEOID":"23083","NAME":"State House District 83","BASENAME":"83","STATE":"23","SLDL":"083"},"geometry":{"type":"Polygon","coordinates":[[[-70.88511800016968,44.01982200026838],[-70.89518800041863,44.009823999789624],[-70.8909479998883,44.00754500000343],[-70.88527200015548,43.998275000126355],[-70.89127699977627,43.99522200007345],[-70.88562299978476,43.989985999897584],[-70.89290000037313,43.986358000312975],[-70.88898600025604,43.982747999835205],[-70.87518099999015,43.98947799969397],[-70.85856700017015,43.95868400031089],[-70.85087899967805,43.9590430003178],[-70.8432859996205,43.95325900004275],[-70.84320699997778,43.951545000168686],[-70.85241400041136,43.94236100013728],[-70.85182400040748,43.939976000304775],[-70.84774899973358,43.93741300015182],[-70.85078599979164,43.934060000081196],[-70.84554899955164,43.933897000110086],[-70.850734999738,43.93055799974755],[-70.8424760004069,43.92939100024446],[-70.83762300030648,43.93284100026932],[-70.82171699959282,43.927746999964235],[-70.82330000000671,43.92632599999615],[-70.82708899955202,43.927144000224764],[-70.82266099959904,43.921344000039255],[-70.82890600031764,43.92166799973352],[-70.82584800034323,43.91748500010837],[-70.82829000037451,43.916640000076285],[-70.8274119995922,43.91427300001449],[-70.83090099956188,43.91349699986692],[-70.83365300011288,43.910233999746225],[-70.72977999981795,43.928330000156464],[-70.74750699969854,43.9459009998424],[-70.71541800005848,43.96181499983647],[-70.70215099991792,43.94774199992098],[-70.66460900012777,43.966990999894044],[-70.68542400012002,43.98990999978747],[-70.647869999736,44.00793400000291],[-70.63337200043239,44.01290499979837],[-70.59563099955228,44.03205699975772],[-70.59623800017293,44.03296700021812],[-70.59452699971251,44.03307600023682],[-70.59572400033703,44.033537000273355],[-70.59266200016462,44.034952999946896],[-70.59841599971527,44.0383110000646],[-70.59754000037941,44.03939099981992],[-70.60378400037482,44.04153599975675],[-70.60218400024249,44.04352299986335],[-70.60454900028087,44.0444560000588],[-70.60367499969657,44.05023899995146],[-70.60794899966376,44.051863000149766],[-70.60701300005347,44.05360900007999],[-70.60944699968884,44.05529000013241],[-70.6095990000248,44.059518999976504],[-70.61409399992495,44.06281400028955],[-70.6125349998005,44.0628679997105],[-70.61176999989443,44.06507099969417],[-70.61346000043845,44.06659999986222],[-70.60887099992866,44.06772699974969],[-70.60894000042396,44.069445999938225],[-70.61190399978874,44.07062499977246],[-70.60816600029706,44.0742459998134],[-70.60906699974724,44.07900500024772],[-70.60590099981778,44.08170100012213],[-70.60296099984411,44.08877899997176],[-70.6055640004322,44.0895159999002],[-70.60467599960417,44.09185199984271],[-70.60667300029485,44.09570900005198],[-70.6041440002249,44.097594000196516],[-70.60623800010165,44.099135999683504],[-70.60617299980433,44.101292999727264],[-70.602741999561,44.10453299986053],[-70.59894100032011,44.11203100007218],[-70.59147999960872,44.118361999747144],[-70.58918999991342,44.12236400023376],[-70.58733100021331,44.122515999934265],[-70.58729199985527,44.124303999974934],[-70.58844699974865,44.123829999793394],[-70.59205000041945,44.1289910000202],[-70.59063500023504,44.12939399981512],[-70.59002500013969,44.13296700009231],[-70.59233400010156,44.13345299968926],[-70.59549900020613,44.13731600008047],[-70.59423399980956,44.13861700012926],[-70.59595100011775,44.141482999988135],[-70.59447300018415,44.142938999904594],[-70.59506099963991,44.144831000165176],[-70.59848100001258,44.14275699978368],[-70.59894700016791,44.14434899996413],[-70.59652500022811,44.145526000072984],[-70.59866099993765,44.14976799982287],[-70.60041400023084,44.14946000026196],[-70.60168899977485,44.15269200027289],[-70.60424299995911,44.15407899993659],[-70.60796999958016,44.154107999813974],[-70.62432900003033,44.17103600030692],[-70.69592000034132,44.13421699981063],[-70.6997490000696,44.13908100003665],[-70.82180299980656,44.07708899984111],[-70.85854600025375,44.09526899986803],[-70.85780399991391,44.0880419998932],[-70.859738999782,44.08550300009818],[-70.86286700007663,44.08636899986786],[-70.86662300000998,44.07986699991822],[-70.86131899982284,44.0772259998956],[-70.86098300026218,44.07176199983968],[-70.85923199961879,44.07019199983863],[-70.86000900011874,44.06807699973391],[-70.85819100042653,44.06545999984071],[-70.85845199964412,44.059640000228185],[-70.84807699979665,44.04952199998191],[-70.88051600013942,44.01744000023054],[-70.88511800016968,44.01982200026838]]]}},{"type":"Feature","properties":{"GEOID":"23148","NAME":"State House District 148","BASENAME":"148","STATE":"23","SLDL":"148"},"geometry":{"type":"Polygon","coordinates":[[[-70.92501300030267,43.324704999769935],[-70.92301399996215,43.32325500024828],[-70.91915400027173,43.324445000157745],[-70.91825399974815,43.323056999920254],[-70.92035900039386,43.321210000078004],[-70.91680400030197,43.32207199988398],[-70.91636099971285,43.31969200012259],[-70.91141700027414,43.31972300031292],[-70.91355399980858,43.318189000321524],[-70.91179800004065,43.315733000160115],[-70.9153999999882,43.3154119999162],[-70.9112950000754,43.310438000057204],[-70.91375200017531,43.30889700014518],[-70.90703700000172,43.30466199998576],[-70.90372600030729,43.30628700014138],[-70.90143700043689,43.30284699981121],[-70.90204800035715,43.30135900023172],[-70.8963409997639,43.29855099977818],[-70.89776000014625,43.29672000032397],[-70.90393999966922,43.29678100026806],[-70.907435000385,43.29364599987339],[-70.90656400017372,43.29203599996985],[-70.90099499967269,43.29138000003747],[-70.89731800028038,43.2927219998638],[-70.89632599969526,43.29210400020001],[-70.89931699972257,43.28788699993447],[-70.89673800032223,43.28534500030967],[-70.88720000035086,43.28271999981071],[-70.88361500012174,43.28343799976437],[-70.88584299989279,43.280813000033525],[-70.88265400039708,43.27891299971629],[-70.88334099958703,43.273230000143144],[-70.87429100041061,43.27185600019855],[-70.87006500012397,43.2661340002131],[-70.8628930000159,43.26479899998781],[-70.85745999995733,43.25581200001898],[-70.85510999998755,43.25505699999312],[-70.85208899982304,43.25672700029826],[-70.84282700003617,43.25422499979249],[-70.83957599971791,43.251341000315506],[-70.84108700016176,43.24812900027326],[-70.83840999995385,43.247208999925824],[-70.83792899972991,43.24243799996329],[-70.82743099985879,43.24338400013125],[-70.81763599996947,43.237744999978226],[-70.80800299956353,43.24502999992317],[-70.80180999962177,43.24253000030348],[-70.76039899992038,43.269755999960694],[-70.80304800025417,43.31394899969103],[-70.79949300016226,43.31100100019216],[-70.78400400009846,43.31384699968616],[-70.77488899972637,43.31752299976247],[-70.75770199962096,43.33731300032138],[-70.75157700034957,43.3466450000291],[-70.74864099967557,43.360401000293145],[-70.74625999974363,43.361749999824184],[-70.7488830004232,43.36572000008629],[-70.74774600007315,43.37008099987215],[-70.7552970002979,43.379099000230994],[-70.7565290001842,43.383414999885744],[-70.76385699992788,43.39044000030973],[-70.76766499973976,43.398705000017024],[-70.79162700029325,43.41667600022279],[-70.92501300030267,43.324704999769935]]]}}]}