{"type":"FeatureCollection","features":[{"type":"Feature","properties":{"GEOID":"23002","NAME":"State Senate District 2","BASENAME":"2","STATE":"23","SLDU":"002"},"geometry":{"type":"MultiPolygon","coordinates":[[[[-68.96456099998514,45.512862000234186],[-68.85729699962985,45.527301000173686],[-68.83098099980697,45.441660000029714],[-68.77606100011569,45.24031700004761],[-68.7559969997858,45.243183000119345],[-68.70881599974193,45.3221370000241],[-68.6356379997174,45.307536999911434],[-68.63340999994637,45.313330000211835],[-68.62586999959227,45.319066000151054],[-68.6172329999694,45.31949999975633],[-68.61248000032639,45.32142599976828],[-68.60116700032049,45.33054299976425],[-68.59371700037808,45.33371700014727],[-68.57700800012354,45.349328000123045],[-68.56606800038655,45.35201899996132],[-68.55001299970998,45.362857000121295],[-68.53953699958018,45.3743909997945],[-68.52783100011223,45.381453999793095],[-68.51566600016163,45.384860000117214],[-68.51636599977036,45.386146000021945],[-68.51586299980512,45.38807899974213],[-68.51518699958753,45.388828000019494],[-68.51629399980035,45.389444000049984],[-68.51765299990825,45.391286000202136],[-68.51773499992402,45.392105999773975],[-68.51508399965536,45.388917000016846],[-68.51607100021758,45.38575500010246],[-68.50966400001558,45.38398799989884],[-68.50434099956186,45.38613900008106],[-68.49781799990721,45.39324399995852],[-68.49932799962785,45.39779599989173],[-68.49582299976468,45.40677299991683],[-68.48690599975933,45.418957000073554],[-68.45192499982616,45.43794999989547],[-68.44467099970231,45.44031799986006],[-68.4350399998445,45.4492040000934],[-68.40069800031904,45.467589999788366],[-68.39651300004027,45.47126699989894],[-68.39355299997514,45.47765099987183],[-68.3858970001684,45.48054499980893],[-68.3833780001442,45.485508999902095],[-68.37153500040888,45.49017899973489],[-68.36989699974342,45.49640799988494],[-68.36022499987774,45.503122999754346],[-68.36165599995567,45.5083880002951],[-68.36064199962925,45.51137500011669],[-68.37065800034983,45.53533299984875],[-68.37738500021898,45.544100999720165],[-68.39428799974398,45.55842199970724],[-68.40259300000413,45.56291300021802],[-68.4077790001905,45.568709000306676],[-68.4269570002405,45.5754540000321],[-68.43126700019273,45.57487300030561],[-68.43653600021976,45.57669899986471],[-68.43894100044113,45.57526200022251],[-68.43983400039372,45.57656200002004],[-68.43758999983083,45.57755000021135],[-68.44401200010147,45.57889600019328],[-68.43849799985203,45.57971499994746],[-68.44234099982403,45.582001999903255],[-68.44481600036559,45.58058300024304],[-68.4470009995806,45.582367000141495],[-68.44895300006544,45.58157500004749],[-68.44836200023664,45.582977000126135],[-68.45393900023527,45.586136000118614],[-68.46414800040138,45.578928999741805],[-68.46488399999512,45.58271300022275],[-68.4736699995809,45.58285299972601],[-68.4747030001739,45.58420799998163],[-68.47275300023719,45.58979700016912],[-68.48035899981522,45.59008399974273],[-68.48634800044081,45.59308200009823],[-68.48961700030245,45.59174600007814],[-68.50056100023737,45.59182199969211],[-68.50506600018328,45.59454199974124],[-68.51372500044577,45.595479000158754],[-68.5323219998144,45.60363900010058],[-68.54636999975456,45.60677400027319],[-68.55422700030105,45.61376299987426],[-68.56252300034039,45.61462300001162],[-68.57380600020906,45.62014700029075],[-68.58720399987085,45.6210700003132],[-68.60724499973621,45.63229600029103],[-68.58444800002022,45.62228399991268],[-68.57687900025209,45.6222379999516],[-68.56222000039169,45.616107000260456],[-68.55382300007001,45.61535499988862],[-68.54450299965853,45.60749599988719],[-68.53589100015,45.608244000134505],[-68.53507699984014,45.60977100028404],[-68.53887799997933,45.61414299988072],[-68.53972200042642,45.619151000105674],[-68.54138000028507,45.620030999774045],[-68.54307699960346,45.62354799989187],[-68.54282600043162,45.6250549999414],[-68.54700400013937,45.62618699969929],[-68.54530100007486,45.62709900013447],[-68.54625500012682,45.63001000020719],[-68.54508299961667,45.62741700022775],[-68.5441479998313,45.62843099974968],[-68.543360000359,45.62736100020786],[-68.54393399957105,45.63640000028659],[-68.54616499971512,45.63816399984186],[-68.54696200030658,45.641021000078005],[-68.5526749998493,45.643712000108934],[-68.55389400021514,45.64685399978789],[-68.55319200005825,45.6517199997794],[-68.5616649996496,45.66081599983455],[-68.55277500030674,45.65292899972069],[-68.55173199966801,45.64373099984984],[-68.54655700025063,45.64159099992409],[-68.54579499981928,45.63888300008609],[-68.54161999958627,45.63555400017303],[-68.54185999978579,45.63118900002042],[-68.53676999985889,45.6209120003097],[-68.53740699971844,45.614164000290465],[-68.53677800025481,45.61529600003022],[-68.52964700015461,45.604167999694106],[-68.5141859996799,45.59803699985172],[-68.48715299963153,45.594795999934355],[-68.47858899980359,45.59225500021913],[-68.46980999989049,45.59223200018513],[-68.46693900041213,45.594226000039335],[-68.46938999976592,45.59769399998293],[-68.46894500042531,45.5993569999561],[-68.46442500041081,45.59910200030606],[-68.45172300015979,45.5906890000467],[-68.44848899955993,45.586677000026704],[-68.44321799988309,45.584886999838936],[-68.44009700015945,45.58546599985008],[-68.43559600041152,45.58160900020803],[-68.4313840003686,45.58135799972143],[-68.42825100005109,45.57880299976069],[-68.42421899993322,45.57915200020302],[-68.42005399974595,45.57632899979205],[-68.4191850000828,45.57744099973299],[-68.39121800007396,45.559927000180295],[-68.36939399977818,45.53978200020971],[-68.36628999977297,45.528349000220814],[-68.3628059998262,45.52315900020305],[-68.36243000008257,45.51805100013845],[-68.35904499986998,45.51216200019374],[-68.3592159995742,45.50718099973694],[-68.35768599976207,45.50434600018551],[-68.36331399981432,45.497866000288724],[-68.36320900023233,45.49554799970319],[-68.16171699968363,45.52562400013359],[-68.1630669995707,45.5300760000837],[-68.12969499999069,45.53625799976555],[-68.1321450004179,45.54273900001556],[-68.11677099998181,45.54549299977583],[-68.11349899974714,45.54471999991536],[-68.11150600015274,45.54741899985948],[-68.10956000041399,45.54474800028953],[-68.11181499994922,45.54410400010851],[-68.11192799992712,45.5399020003009],[-68.10984699957086,45.538589000228015],[-68.0203540003754,45.553285000280965],[-68.04801199968945,45.63989700006285],[-67.89695499987596,45.66530199998874],[-67.90226400008595,45.68011499976842],[-67.89664400042963,45.67525399995645],[-67.88932599983339,45.67183500015412],[-67.87820600017133,45.67222099968891],[-67.87358099967652,45.66929600004402],[-67.8056890002958,45.68005100004296],[-67.81800800023218,45.6938190002306],[-67.80293400027008,45.69608799973604],[-67.80962199978116,45.72957400021211],[-67.78179600023762,45.73111700009597],[-67.79287900008974,45.75007499987629],[-67.80627000007884,45.75524399977917],[-67.80931299998468,45.76735800021979],[-67.80551299967038,45.76954100007315],[-67.80385200033702,45.78110299973152],[-67.80648299961587,45.79440499991532],[-67.80211800031039,45.80303399979043],[-67.78084899985838,45.815363000215434],[-67.78068900002481,45.81775700008437],[-67.77810200022856,45.819208000115275],[-67.76564199982688,45.81853300017991],[-67.75531899985793,45.82335000002968],[-67.76377300008103,45.828839000028516],[-67.76523000009821,45.83442199973463],[-67.76880299973347,45.839003000174316],[-67.78728100017473,45.84955400023789],[-67.79711399969888,45.86002500022007],[-67.7959300003915,45.86180299994685],[-67.79850399976894,45.8640460002156],[-67.79615100032441,45.86524300014718],[-67.80454699992289,45.86937900020513],[-67.80322499962489,45.87033599995151],[-67.80472100000016,45.873128000289526],[-67.80391099988825,45.88289799989801],[-67.79886199996922,45.88432400001508],[-67.79689199994104,45.887847000117205],[-67.79521499981584,45.88781400001763],[-67.78751499962816,45.89468099980081],[-67.78437999966083,45.89571599987505],[-67.77925299992398,45.89458300008133],[-67.7780779999391,45.89752799975139],[-67.77646899958594,45.895906999832995],[-67.76805299989603,45.89811099981382],[-67.76952599980675,45.90080799993545],[-67.76481199962348,45.90797700019269],[-67.76532299998465,45.90975300021955],[-67.76039399971621,45.909624000087405],[-67.75793099976853,45.912248999714464],[-67.75537099973647,45.91165999980936],[-67.75062800013922,45.917636000183855],[-67.75384799959704,45.92132399989959],[-67.7583779996573,45.92333000015799],[-67.7585550001076,45.926378000296914],[-67.76623799967854,45.92803299996282],[-67.76593800010289,45.93053599983692],[-67.76808300003324,45.932164000243766],[-67.77190699973866,45.93194700009566],[-67.77347000006107,45.93482300002238],[-67.77783600008978,45.934207000035],[-67.78124800006655,45.943449999995636],[-67.78196699994186,46.26276799998096],[-67.78881699983465,46.68944899969335],[-67.92160100014462,46.686521000136594],[-67.92607900032634,46.77876499979152],[-68.05652799983682,46.77567700012896],[-68.04708799977475,46.56823499990513],[-68.17356500034013,46.565240999777416],[-68.17257399957994,46.660704000274436],[-68.30301200011809,46.657770999987285],[-68.3048159995666,46.58715800008492],[-68.30473600009897,46.469394999945045],[-68.56786000013949,46.470876999952594],[-68.56786900036033,46.382539999907074],[-68.69487699958174,46.382612000244954],[-68.69492000013776,46.39550499971706],[-68.8194009998374,46.395782000251714],[-68.82062799970082,46.21521999974402],[-68.82277199980626,46.125483999989584],[-68.82320199997659,45.907334999967745],[-68.82703900010078,45.684825999953595],[-68.95891000036669,45.66219499971459],[-68.95069899981786,45.63843400027635],[-68.95171899999205,45.58178199970729],[-68.96456099998514,45.512862000234186]]],[[[-68.53820400030988,45.620566999720815],[-68.53855499993915,45.6196319997174],[-68.53783699988875,45.61912500026384],[-68.53820400030988,45.620566999720815]]],[[[-68.53875900015363,45.60660599977534],[-68.5363489999094,45.60479899983875],[-68.53179000043517,45.60431799994824],[-68.53387300044125,45.60710800006772],[-68.53875900015363,45.60660599977534]]],[[[-68.53995099985697,45.62575499983608],[-68.54060299978512,45.623777000051234],[-68.53900600002586,45.62352500012044],[-68.53995099985697,45.62575499983608]]],[[[-68.54105600041999,45.623444999995286],[-68.54128400002561,45.622781999834245],[-68.54066499970942,45.62269100025962],[-68.54105600041999,45.623444999995286]]],[[[-68.54153199972274,45.62598200012835],[-68.54115299960603,45.62536199994373],[-68.54138100011,45.626018000045995],[-68.54153199972274,45.62598200012835]]],[[[-68.54188900009811,45.62786799994129],[-68.541853999938,45.62693199970285],[-68.54169300027952,45.62801100018066],[-68.54188900009811,45.62786799994129]]],[[[-68.5419879998323,45.624056999902265],[-68.542142999643,45.622617000130745],[-68.54148800024012,45.622633000149904],[-68.5419879998323,45.624056999902265]]],[[[-68.5451909995717,45.626706999737685],[-68.54370299959237,45.62612000010585],[-68.5434099996894,45.62620900012965],[-68.54395000036288,45.627534000021484],[-68.5451909995717,45.626706999737685]]]]}},{"type":"Feature","properties":{"GEOID":"23019","NAME":"State Senate District 19","BASENAME":"19","STATE":"23","SLDU":"019"},"geometry":{"type":"Polygon","coordinates":[[[-71.08392799958928,45.305483999973255],[-71.07717300013104,45.25004800024404],[-71.05824699997612,44.99051499973217],[-71.04311799976242,44.82689100029191],[-71.03352399971453,44.69763699976558],[-71.02616199963566,44.549267999721],[-71.01288399962446,44.34091000014215],[-71.00219400013273,44.110586000105066],[-70.9655260000286,44.147477999918564],[-70.89876600007673,44.115188000246285],[-70.88451999976988,44.126282000213465],[-70.83120199986075,44.16054399971143],[-70.79178200010395,44.18086200019956],[-70.81580300020863,44.206369999797644],[-70.80044700021422,44.214520999962446],[-70.80389199980296,44.218551999950236],[-70.78145699958688,44.229512999729025],[-70.78542799960537,44.23358099985598],[-70.7491570000596,44.25296599980547],[-70.74499600007029,44.24866299992606],[-70.6856330003574,44.28050699999105],[-70.67207900016169,44.266702000313494],[-70.64553499983482,44.28022800003827],[-70.63970199974318,44.27670599969189],[-70.58076099980468,44.294827000205004],[-70.56621200044745,44.270936000289986],[-70.46861199956192,44.31239900018429],[-70.45684300034476,44.31199200017874],[-70.44739400006183,44.29641100019648],[-70.4570569997067,44.29316800003676],[-70.43184899992153,44.251262999687434],[-70.314492999576,44.23724700026933],[-70.26522299967826,44.36291299992542],[-70.27869200038351,44.41517299971647],[-70.2682870003988,44.41640599981069],[-70.27441199967019,44.44063199996341],[-70.20127600037677,44.477976000235756],[-70.1293899996147,44.487216999830714],[-70.13957000036682,44.53823099978874],[-70.15248099995688,44.58930999986929],[-70.2778060001036,44.573072000121584],[-70.2807479997271,44.56961899991962],[-70.34757999964899,44.58017499978454],[-70.31694399982813,44.63764399971915],[-70.25148000023499,44.65799699985726],[-70.24327500043223,44.654084999976234],[-70.2414920000018,44.661422999882646],[-70.2073880001277,44.67218200017788],[-70.22111499967745,44.69583399987338],[-70.25144300042504,44.81692400020677],[-70.25514800030479,44.81342500005684],[-70.25869400017584,44.81383299983706],[-70.26143599978278,44.820635000185874],[-70.25876199994791,44.821137999781016],[-70.26047099986016,44.82551200019467],[-70.26322000003813,44.82508999968664],[-70.26439699967284,44.82799800029016],[-70.25351899986013,44.83111599993119],[-70.26746200021829,44.88416899973186],[-70.32790000035695,44.86490600031821],[-70.34893899975687,44.90438099987272],[-70.51323000009899,44.837399999864985],[-70.51627499965463,44.86697099971896],[-70.48743700033282,44.86997400002456],[-70.52150199984887,45.04652699975229],[-70.39868300020585,45.065632999985986],[-70.47282500032806,45.35137999995809],[-70.5186959997695,45.512126999900204],[-70.5057750001337,45.51377400010689],[-70.55285300024538,45.66789900025244],[-70.55740699969675,45.667062000253374],[-70.56370900031679,45.66274200007501],[-70.5621960002231,45.66036700001636],[-70.5652089999917,45.65713000013831],[-70.56494500040105,45.6548069998981],[-70.57283100036156,45.64877299986683],[-70.57557399979342,45.64836700025159],[-70.5795289999184,45.643582999780314],[-70.58357299973181,45.64239699990402],[-70.58402100034381,45.63887600010547],[-70.58991100033685,45.63383900000959],[-70.5908710002366,45.630459000300135],[-70.59673100009243,45.629778000172614],[-70.60704499984053,45.62565399988382],[-70.60854000039086,45.621775000139976],[-70.61815100015717,45.61547999980951],[-70.61914700004192,45.612023000062436],[-70.63181099975981,45.60917799980456],[-70.63615599987213,45.60993300007078],[-70.64457300028528,45.60698500003602],[-70.65085200044076,45.59936499982778],[-70.64978299986278,45.59757400009997],[-70.65395800009578,45.59280800019374],[-70.65912300036575,45.58966800022005],[-70.65905100039572,45.58727600002461],[-70.66380499986366,45.584596999985195],[-70.66408799972088,45.58278599991299],[-70.67213699988798,45.5785210002455],[-70.67204099962852,45.576233000207594],[-70.67809499965313,45.570500999733945],[-70.68769200007404,45.56942200019302],[-70.68511899962319,45.566570999738516],[-70.689195000122,45.56218299980954],[-70.67709899976836,45.552211000026425],[-70.68698200041956,45.54931300030853],[-70.6965250004138,45.53999600012005],[-70.69808899966282,45.53533000025084],[-70.70091800020671,45.53248900018916],[-70.69909700014144,45.530132000300874],[-70.70645599984726,45.52791500031331],[-70.7111189999769,45.519534000139856],[-70.71991799998149,45.51649900011339],[-70.7236439997776,45.510130999756],[-70.72216400019417,45.506107000169],[-70.71540200016493,45.50448400023754],[-70.71159600000287,45.50180800022544],[-70.71189099955566,45.49712700030066],[-70.71784400019621,45.49023199987423],[-70.71639600039985,45.48646699998053],[-70.70473299969129,45.47886000029743],[-70.69947500043321,45.478920999769],[-70.69172099981887,45.47426599995359],[-70.69286800021466,45.4663639998437],[-70.69046700019126,45.46361200014175],[-70.68182200017246,45.46169100015993],[-70.68111400016781,45.45218300016659],[-70.67507500021183,45.4518779998698],[-70.66292699997967,45.44596199980269],[-70.65073199989185,45.44494399993862],[-70.6461659998466,45.437769999759674],[-70.64255100037856,45.436289999986165],[-70.64308899960558,45.43359300004147],[-70.64044599973285,45.4307769997409],[-70.63599000019077,45.427381000068344],[-70.62982099964013,45.4263140003113],[-70.62777399961905,45.4207030000462],[-70.63116800005247,45.417792999732264],[-70.63115100033403,45.415889000166885],[-70.63550200029414,45.414888000090954],[-70.63505100020741,45.41106899994965],[-70.63016899979468,45.40703100009921],[-70.62379799957769,45.40578899997601],[-70.6214400001103,45.40243400001718],[-70.62334099964319,45.40021699993075],[-70.63304299964608,45.398405000265896],[-70.63632199955349,45.395232999815676],[-70.63887800028589,45.38882500018725],[-70.63490200024451,45.385315999726004],[-70.63488800000081,45.38341700026393],[-70.65043599961585,45.37719300009306],[-70.65876900036342,45.377672999947194],[-70.66078200004931,45.37813300000656],[-70.66166099975818,45.386310000281966],[-70.6781709998211,45.39427400008805],[-70.68290300044602,45.39520800025695],[-70.68764699986819,45.39287600015739],[-70.69615700016777,45.392417000070985],[-70.6995020001974,45.39453699979376],[-70.7120139995793,45.39048299990401],[-70.7238470001672,45.3955710002579],[-70.72965400031957,45.399095999881986],[-70.7314379996766,45.40187400002419],[-70.73037900004267,45.404375000100394],[-70.74357300038828,45.411860000217814],[-70.74526300003399,45.416257000165174],[-70.74401199988111,45.421165999867625],[-70.75001700040022,45.42323200028315],[-70.75457900024752,45.428310000119644],[-70.76439599987813,45.42592799987761],[-70.76822700015457,45.428501999899915],[-70.78143900004352,45.43123000002653],[-70.78757900028184,45.42647299982855],[-70.79382099972909,45.42836299981561],[-70.7980949996963,45.42651600028319],[-70.80250900030391,45.41793700028854],[-70.81133400024775,45.41616600016603],[-70.81281999967895,45.41141400021936],[-70.82573700001514,45.40026500016776],[-70.82392699982053,45.39101900025583],[-70.81729200001288,45.39036100007658],[-70.81377299990599,45.387757999919735],[-70.8124640000268,45.38344099995141],[-70.80673399986732,45.377451999822426],[-70.80253299969503,45.365677000101115],[-70.80844199995468,45.363071000203995],[-70.80983600022269,45.35797000025991],[-70.81447000004,45.356680999958684],[-70.81164100039442,45.35211999999604],[-70.80943700001451,45.3515109996911],[-70.80980100006258,45.34867100026379],[-70.81732600034807,45.34474400019039],[-70.81990100044874,45.34019500005542],[-70.81801599991105,45.337884999956906],[-70.81905500035184,45.335448999738254],[-70.81808399968311,45.33259299977737],[-70.81291099991556,45.32803899972048],[-70.80758199961404,45.32766200022488],[-70.80807100023391,45.32498999979352],[-70.80609199998489,45.32157900026498],[-70.80842600006115,45.311816999735484],[-70.81462900004865,45.3081609997146],[-70.81154000011207,45.30376699990423],[-70.81629100010527,45.29818099987019],[-70.82500600044425,45.29789000028612],[-70.8354640001324,45.2939640002842],[-70.82994300021028,45.29017999990785],[-70.83189599962171,45.278911000284154],[-70.83646000001714,45.27597599992336],[-70.84125200001822,45.26701400008467],[-70.84894100033522,45.263089999954516],[-70.84809699988814,45.25893199987157],[-70.84961500000469,45.25590700004506],[-70.84653000026607,45.25301300018991],[-70.84862999999059,45.24517899995676],[-70.83926199989853,45.23754300008125],[-70.83663599974423,45.23730399974357],[-70.83806599999726,45.23461800027991],[-70.84613600008078,45.234383999738085],[-70.85819300007634,45.22915400009812],[-70.87482299978984,45.234148999984136],[-70.87956200008747,45.233389000049044],[-70.88473400003012,45.23485900016327],[-70.88931799961874,45.23870400026345],[-70.89261499996776,45.23897399978925],[-70.89694300036165,45.241864000186176],[-70.89795099994197,45.24632300021974],[-70.89514599968753,45.25225700018412],[-70.89833000005864,45.254852000202405],[-70.89851199963353,45.25832799974587],[-70.9058949996288,45.26082700005866],[-70.90507600019437,45.26522400004661],[-70.90749899995909,45.26844299991882],[-70.91130799959589,45.269990999801955],[-70.91641199976648,45.277335999845086],[-70.9213340003622,45.279226000182675],[-70.91870200036011,45.28728300014191],[-70.91380499987874,45.29186599983535],[-70.91200499972987,45.29631099973066],[-70.91376300004596,45.30034899994674],[-70.91961000038133,45.30526300030306],[-70.91783500034681,45.31172300012644],[-70.92716099970777,45.31485399996785],[-70.9299659999622,45.31881099999545],[-70.9388939998382,45.31998000020747],[-70.940582999659,45.3232299999886],[-70.94520399995585,45.325702999758406],[-70.94512699996297,45.329036999817745],[-70.94948999961862,45.331316999853286],[-70.95092900009246,45.33479899980837],[-70.95024100017929,45.337504000078255],[-70.95237900043696,45.3391170000768],[-70.96118500011424,45.3367200001156],[-70.96732399962933,45.332220999953314],[-70.9733269996003,45.33361299987877],[-70.98497500024025,45.33190699979928],[-70.98912000033604,45.3341369997987],[-70.99084699979164,45.33809599976452],[-70.99381600007763,45.33836399976324],[-71.00043599981666,45.34203399971653],[-71.00143300042463,45.344168000308265],[-71.01065199965548,45.34767500027282],[-71.01300099980033,45.344234000085635],[-71.01061999986841,45.33815599968596],[-71.01211600024368,45.333869000001904],[-71.00665399987278,45.33272600002293],[-71.00187199991747,45.32842800001061],[-71.0039230001365,45.3273720001686],[-71.00852099996881,45.31924100001487],[-71.01623100020223,45.3155300001416],[-71.02709200029649,45.3146859997614],[-71.03267099994493,45.3101919997015],[-71.04150000008674,45.31310800015773],[-71.05316899974477,45.3114159997729],[-71.05909999974571,45.31383800005166],[-71.06553700008494,45.31253600014331],[-71.07497999962179,45.307051000075006],[-71.08392799958928,45.305483999973255]]]}},{"type":"Feature","properties":{"GEOID":"23024","NAME":"State Senate District 24","BASENAME":"24","STATE":"23","SLDU":"024"},"geometry":{"type":"Polygon","coordinates":[[[-70.05159500038961,43.99137599974565],[-70.04725199992711,43.98836400023456],[-70.04620699963857,43.98528500002111],[-70.03705899965453,43.979389999880425],[-70.03264599977014,43.97369099971357],[-70.02000100031884,43.945817000153404],[-70.00837600014341,43.94222799993152],[-70.00232600031678,43.93360199972884],[-69.99229500042591,43.93067400031633],[-69.98212800009259,43.91807500009995],[-69.97769199974368,43.91505700007486],[-69.96742400002634,43.921266999746564],[-69.96520100027816,43.92002499989681],[-69.96100699977858,43.92296400027689],[-69.95673199998646,43.92344099968661],[-69.93684799958162,43.91365699997824],[-69.93055400025584,43.91206100025615],[-69.92134500017242,43.92014400008542],[-69.91122999971765,43.922047999850655],[-69.90470000039032,43.925588999922134],[-69.89983499969598,43.9316099999964],[-69.89094100015517,43.9373750001028],[-69.88638699980548,43.943950999695105],[-69.88017700014528,43.94679899995671],[-69.87465700004807,43.953589999716314],[-69.85703200027473,43.944742000237305],[-69.85935899977997,43.936814999833366],[-69.86112499959366,43.935910999710615],[-69.86073100030666,43.933082000022026],[-69.86258599980881,43.9314429997487],[-69.86482500034883,43.91938400027878],[-69.8685970001757,43.91102200005896],[-69.87754400031828,43.89919100023691],[-69.88208199987614,43.89033699976423],[-69.89097399976714,43.883208999708394],[-69.89598300040149,43.86713400019622],[-69.8949280000672,43.86429700000941],[-69.88602799978028,43.85593499978798],[-69.87487899980592,43.85140199984879],[-69.87611900008814,43.83715700031344],[-69.86998800007065,43.817264999689485],[-69.88124599982496,43.79596200002257],[-69.88734500005538,43.78793700014743],[-69.88813900027378,43.70489400001841],[-69.88189500027839,43.636466000190055],[-69.85521200003438,43.6469469999507],[-69.84167399973217,43.64493599973317],[-69.82752299985987,43.64495899974806],[-69.8088260000338,43.64733999968676],[-69.79358999968998,43.65313999980618],[-69.78657599976566,43.65813100015902],[-69.77579699968716,43.65558600028865],[-69.74948800043526,43.65398500010971],[-69.73039599970068,43.65727300010279],[-69.70833700012656,43.66822200031679],[-69.69922000010466,43.67586000017911],[-69.6933929998608,43.683380999827385],[-69.68632899970775,43.698200000210086],[-69.67326800032984,43.70418200010768],[-69.66474499961147,43.71174800021835],[-69.69189900003369,43.780963000049546],[-69.69566599983767,43.795036000120504],[-69.69758499981224,43.80845299971834],[-69.69772000042975,43.82987699992894],[-69.69559999971544,43.83674200003865],[-69.68918199964278,43.84499199995975],[-69.6901759998777,43.85336900026354],[-69.69207599958568,43.85717500019613],[-69.7143810001054,43.850603999906205],[-69.72221299963924,43.85243200006957],[-69.7248070000065,43.85981399971805],[-69.73023199966914,43.86783800000673],[-69.72924099980729,43.876207000045255],[-69.7435330001449,43.89353700011541],[-69.72990899962895,43.908633999858516],[-69.7152459995706,43.91718999986003],[-69.70742099970944,43.927251000117145],[-69.72365799996088,43.93243400028425],[-69.72499600015239,43.93462699993765],[-69.72283799980323,43.94020900007394],[-69.72201900036882,43.95858600007624],[-69.71889899957178,43.96268500031885],[-69.72096400003453,43.965040000266676],[-69.71970700003386,43.97106199985834],[-69.71153800021612,43.985176999956494],[-69.70763099977172,43.99581099994775],[-69.70248099957037,44.00085800026587],[-69.70009700016371,44.00668500028314],[-69.7463290001785,44.01380200000063],[-69.71606300025351,44.04849699999855],[-69.69495199998525,44.080471999828724],[-69.6919070004296,44.077271999941736],[-69.67490100007413,44.10452800004396],[-69.66629799988814,44.12400300016026],[-69.75820799989881,44.139333999865805],[-69.75875000022214,44.144727999705275],[-69.76356599961431,44.153217000029464],[-69.85599500038211,44.16802500001455],[-69.86715100002914,44.16148600012525],[-69.87008500015503,44.1576190001145],[-69.88001700031171,44.15109200004691],[-69.89449500042217,44.1239069998925],[-69.8939630001446,44.11846400016835],[-69.89592899997483,44.11321299976791],[-69.89838199987676,44.111276000062084],[-69.89778299965204,44.107662000314335],[-70.00547100032986,44.12451899973268],[-70.02724600022185,44.0433580001621],[-70.02512700023075,44.036364000247175],[-70.0291500001278,44.03048400023121],[-70.03302700043497,44.030431000139345],[-70.03222399999575,44.02978600031662],[-70.03426299962092,44.02966399997433],[-70.0365349997729,44.02680299983625],[-70.03526199987871,44.02310500024332],[-70.03279899993102,44.02126400009528],[-70.03831599965518,44.01821100030286],[-70.03624500024297,44.01650999981702],[-70.03717800037853,44.01515999974953],[-70.03413899977237,44.00958299982913],[-70.0350440003188,44.00908400015184],[-70.03329500022357,44.00863600006839],[-70.03553499969017,44.006316000007196],[-70.03177100025921,44.002917999689856],[-70.03526400042685,44.00269900006934],[-70.03304800035137,44.00104399968593],[-70.03756199961977,43.99961700011647],[-70.03857900031923,44.002592000294165],[-70.04134799969036,44.00138700015492],[-70.04323099967989,44.002468999939815],[-70.04353500035182,43.99805400013278],[-70.04612899982077,43.99544600013745],[-70.05075000011762,43.994085000171886],[-70.05159500038961,43.99137599974565]]]}},{"type":"Feature","properties":{"GEOID":"23007","NAME":"State Senate District 7","BASENAME":"7","STATE":"23","SLDU":"007"},"geometry":{"type":"Polygon","coordinates":[[[-68.88966800020057,44.2297630003116],[-68.89638400019906,44.20993500021289],[-68.8709989999636,44.19881699985147],[-68.85303600008143,44.20216699995706],[-68.83559700008094,44.20945400001898],[-68.83047000034414,44.20996400031587],[-68.82115199958245,44.20272500009676],[-68.81249300021827,44.20084700024829],[-68.7960280003612,44.188576000285664],[-68.77935500009167,44.180958999817825],[-68.77478999987133,44.177428999713314],[-68.76495499979903,44.16377000029633],[-68.7549480001976,44.13596900024841],[-68.74294200025567,44.123783999845394],[-68.73563100023041,44.11917500007176],[-68.74046699971409,44.10804900021652],[-68.74016799996336,44.097132000096984],[-68.73698699996527,44.09067399975047],[-68.72163900036678,44.07095600015675],[-68.71558799981692,44.05843999982059],[-68.7100319997347,44.03644399968202],[-68.69789000024866,44.0000969999456],[-68.70709400030918,43.96376099991842],[-68.68968000042305,43.954198999687875],[-68.67916800030822,43.95112100031878],[-68.65958600002718,43.94799099985244],[-68.65106800022998,43.948177999896906],[-68.63144499994107,43.95148899988601],[-68.6187259999716,43.955894000043436],[-68.6021320002431,43.95367799988984],[-68.58507599965893,43.95431200005167],[-68.56037099983902,43.961077000231704],[-68.54281399983775,43.97238700015354],[-68.53071500000938,43.98662099972413],[-68.49310600027209,44.01055799975133],[-68.48741499957234,44.01778300021118],[-68.48494499995196,44.028308999920434],[-68.46301199987623,44.03211199986647],[-68.44655899971472,44.04258300011304],[-68.43684300036642,44.05323300026643],[-68.4007879998324,44.05053800003877],[-68.3687970001016,44.04521999997681],[-68.35658199992228,44.04583600027105],[-68.3356089997463,44.05065899991934],[-68.32565200037357,44.05077400025965],[-68.31139299964792,44.053428999924535],[-68.29371299962298,44.06086399974473],[-68.27921199994634,44.069945000109094],[-68.26313600025169,44.09061699968163],[-68.24578199974168,44.08912500024484],[-68.23023699960137,44.090500999881186],[-68.20336000008695,44.099586999866425],[-68.1858130001314,44.111962000223976],[-68.1758580004085,44.125082999838256],[-68.17189499988761,44.13962699983441],[-68.17129999986084,44.1604969998291],[-68.16838800037459,44.172908000008405],[-68.17075000003993,44.19011400002751],[-68.15649000038769,44.194843999983576],[-68.13757900030139,44.20685999972388],[-68.1281469997369,44.217275000085586],[-68.12262599981476,44.22604100001057],[-68.12065999998457,44.244315000004924],[-68.12173700006015,44.250082000133844],[-68.12445299972784,44.25008000024742],[-68.12445299972784,44.254627000008384],[-68.12801600021565,44.26172599973122],[-68.12777600001614,44.264365999917516],[-68.16613600031411,44.291729999728446],[-68.16031499991801,44.30480399973702],[-68.15541900015988,44.32729800026604],[-68.15521199957233,44.34244400020941],[-68.16005499962702,44.35430500002205],[-68.15502300032475,44.36622399978844],[-68.16415600024017,44.37510500030489],[-68.19432599990571,44.38133999981462],[-68.19102100005907,44.390751999745035],[-68.19325600040112,44.39279799971628],[-68.19840700042738,44.394365000271605],[-68.21303399960243,44.39452000017781],[-68.21690900025979,44.397422999899874],[-68.21992799987616,44.40384999990021],[-68.21901300018227,44.410154000076396],[-68.22724899994715,44.4174490003195],[-68.22596199980926,44.42853099996186],[-68.21723099957674,44.443282000312],[-68.24755299957825,44.452609999970804],[-68.24908999996138,44.457984999963],[-68.25466899960982,44.465966999966525],[-68.25615800031238,44.479453999844836],[-68.26390000033284,44.488789999763206],[-68.26662299967322,44.49657700020531],[-68.27176299982882,44.50007600028709],[-68.27437899993738,44.504549000051924],[-68.29953700039212,44.51402400025527],[-68.3032239998302,44.5278470000763],[-68.37054700002174,44.51826300019781],[-68.3860810002914,44.52595099984978],[-68.38411200008814,44.53226400023036],[-68.41868100029265,44.66614299976856],[-68.55426800030894,44.648467999952615],[-68.55512299972838,44.65136500026087],[-68.56839800026485,44.6495169999524],[-68.56773600029094,44.646300999939164],[-68.62447299984953,44.6387099999633],[-68.65117500036011,44.655769000115335],[-68.72709300034175,44.59431299977354],[-68.72984699964425,44.59356700028468],[-68.73215999980413,44.590146999702434],[-68.73635900032656,44.589818999689896],[-68.73830300041548,44.58463400028366],[-68.741537000117,44.58191800012665],[-68.74625499959993,44.58128900025941],[-68.77329400039439,44.56546099969967],[-68.79059699995246,44.56983800025883],[-68.79827200002576,44.568096000305346],[-68.79830499963774,44.56580100018827],[-68.8047589996954,44.556952999713005],[-68.80622199956039,44.552265999746524],[-68.80330300040144,44.54335699983387],[-68.80327800028708,44.52731900019817],[-68.79553600026661,44.50884999972619],[-68.79245300017783,44.49668100017231],[-68.79655499971757,44.46997799995757],[-68.79920000013846,44.464284000096555],[-68.80461499975536,44.45841100001258],[-68.82895499970229,44.44183399969128],[-68.84074399990925,44.43133900007851],[-68.85186299974637,44.4160410001302],[-68.85314499986139,44.4015389999996],[-68.84938700027821,44.390619000174745],[-68.84115200033825,44.377030999921566],[-68.84101400024598,44.36282900024025],[-68.84578100013269,44.350960000307786],[-68.85900300006739,44.32871800018001],[-68.86058599958298,44.3202929999524],[-68.86012100015087,44.3024119997012],[-68.86182599986519,44.29489199973342],[-68.88495499984222,44.25767700030679],[-68.88966800020057,44.2297630003116]]]}},{"type":"Feature","properties":{"GEOID":"23011","NAME":"State Senate District 11","BASENAME":"11","STATE":"23","SLDU":"011"},"geometry":{"type":"Polygon","coordinates":[[[-69.5063540002065,44.34292699999964],[-69.40963499957799,44.32799800003064],[-69.40456899994054,44.3329410002212],[-69.40908300010726,44.33639999986106],[-69.40226900019945,44.343058999680935],[-69.3967730003917,44.34056700004555],[-69.39436099959934,44.34293400010704],[-69.34661600038918,44.30833699972754],[-69.26888200036514,44.364653000170534],[-69.12162199959454,44.25564400026301],[-69.04310500012109,44.259549999868],[-69.02836800044288,44.2490069999027],[-69.01321400011483,44.21055800026097],[-69.0048419999075,44.20316200013273],[-68.99999999967773,44.166739000277666],[-68.91663799960143,44.16666699968107],[-68.89342499995882,44.21727900015718],[-68.88966800020057,44.2297630003116],[-68.88428100017275,44.25944999968782],[-68.86182599986519,44.29489199973342],[-68.86012100015087,44.3024119997012],[-68.86058599958298,44.3202929999524],[-68.85900300006739,44.32871800018001],[-68.84817200011037,44.34645299973944],[-68.84134300013395,44.361406999862474],[-68.84090600029096,44.37622000007981],[-68.84938700027821,44.390619000174745],[-68.85314499986139,44.4015389999996],[-68.85186299974637,44.4160410001302],[-68.84541500043481,44.42599400007104],[-68.83613100000834,44.43563900021243],[-68.80124700015952,44.46169400009948],[-68.79564199967352,44.473963999939514],[-68.79245300017783,44.49668100017231],[-68.79553600026661,44.50884999972619],[-68.80327800028708,44.52731900019817],[-68.80330300040144,44.54335699983387],[-68.80622199956039,44.552265999746524],[-68.7981769995912,44.567840000140855],[-68.80113300035673,44.57004199990316],[-68.80779499992853,44.571200999987084],[-68.81261799989174,44.574750999923005],[-68.8236189997281,44.59601900003194],[-68.8307439999805,44.60428599990749],[-68.84475500011072,44.613493000031525],[-68.84750000009072,44.619839000112954],[-68.84639399970278,44.62646699969797],[-68.83492599988621,44.64145000017278],[-68.83162699988735,44.6516089998212],[-68.82241600015412,44.66400500007591],[-68.81211400010159,44.66932200003315],[-68.81624499995367,44.685299000317634],[-68.81868299978699,44.6873599999149],[-68.83649900025435,44.69183400029946],[-68.83783400007282,44.694010000071664],[-68.8362070001763,44.69797300024171],[-68.83752899957598,44.70212500028132],[-68.86597799963367,44.69695900012042],[-68.86535699966765,44.6942169999458],[-68.89588399970856,44.689247999810924],[-68.89672599960751,44.691723999902614],[-69.18373199983554,44.644022999688744],[-69.20519999958087,44.72958599996988],[-69.32740700037704,44.714441999932156],[-69.34354499999596,44.749818999795224],[-69.348990999575,44.74917300003123],[-69.36023099978595,44.75100099995881],[-69.37182300034942,44.75461400030036],[-69.38723100022236,44.75317699998601],[-69.38866800014807,44.75161899997736],[-69.38848200037523,44.747285000273315],[-69.39424699979652,44.74798999975296],[-69.39801100012579,44.74619500022144],[-69.39538800034454,44.731520999833876],[-69.4057210003592,44.72719500027021],[-69.4145499996027,44.718701000047204],[-69.41407699977468,44.71627199993925],[-69.41742799965208,44.70812600011162],[-69.41684400039429,44.700980999983464],[-69.47731799961966,44.6920610002664],[-69.47559899966164,44.676678000176295],[-69.4429359999112,44.67238100009903],[-69.4479489998452,44.66217500022259],[-69.45594799978362,44.66222000004235],[-69.45707799956266,44.658600999912196],[-69.46084600008989,44.654971000037655],[-69.45964000014287,44.65121699995402],[-69.46109100031227,44.64727699990494],[-69.39312299986526,44.64037500013058],[-69.41684000019633,44.55107999997714],[-69.37241900020108,44.54458500009571],[-69.39598699967094,44.457077999734835],[-69.44549799959307,44.46383899968265],[-69.5063540002065,44.34292699999964]]]}},{"type":"Feature","properties":{"GEOID":"23013","NAME":"State Senate District 13","BASENAME":"13","STATE":"23","SLDU":"013"},"geometry":{"type":"Polygon","coordinates":[[[-69.71606300025351,44.04849699999855],[-69.7463290001785,44.01380200000063],[-69.70009700016371,44.00668500028314],[-69.70248099957037,44.00085800026587],[-69.70763099977172,43.99581099994775],[-69.71153800021612,43.985176999956494],[-69.71970700003386,43.97106199985834],[-69.72096400003453,43.965040000266676],[-69.71889899957178,43.96268500031885],[-69.72201900036882,43.95858600007624],[-69.72283799980323,43.94020900007394],[-69.72499600015239,43.93462699993765],[-69.72365799996088,43.93243400028425],[-69.70742099970944,43.927251000117145],[-69.7152459995706,43.91718999986003],[-69.72990899962895,43.908633999858516],[-69.7435330001449,43.89353700011541],[-69.72924099980729,43.876207000045255],[-69.73023199966914,43.86783800000673],[-69.7248070000065,43.85981399971805],[-69.72221299963924,43.85243200006957],[-69.7143810001054,43.850603999906205],[-69.69207599958568,43.85717500019613],[-69.6901759998777,43.85336900026354],[-69.68918199964278,43.84499199995975],[-69.69559999971544,43.83674200003865],[-69.69772000042975,43.82987699992894],[-69.69758499981224,43.80845299971834],[-69.69566599983767,43.795036000120504],[-69.69189900003369,43.780963000049546],[-69.66474499961147,43.71174800021835],[-69.64404799962,43.703575000081315],[-69.61728800028139,43.69981400002582],[-69.60775600015779,43.700399999913984],[-69.59670300044291,43.70329000030019],[-69.584573999579,43.70199599998493],[-69.5666180002679,43.70282999973212],[-69.55093800040837,43.70714400015835],[-69.53530799987925,43.71453400015581],[-69.52449299981572,43.723973999720435],[-69.51908999989439,43.7321219999],[-69.5141620003492,43.75008500029285],[-69.51582600005563,43.76097499970061],[-69.50749099965823,43.77235700022677],[-69.505785000119,43.778456000311294],[-69.48038399999001,43.78815899979567],[-69.46986799967723,43.7939009997096],[-69.409269999705,43.81081700018335],[-69.40057899965545,43.80452900029391],[-69.38727899990295,43.799015999850674],[-69.39284699968071,43.78741700015085],[-69.3970410001803,43.772959000155915],[-69.39721000023472,43.763371000034326],[-69.3898819995927,43.74014799998888],[-69.38436099967059,43.731755999974126],[-69.36886099973613,43.71852799994472],[-69.35637799976821,43.71088000007238],[-69.335093000321,43.70448499972335],[-69.32348999988687,43.70366900004469],[-69.29785500030448,43.707694000118146],[-69.28294799984862,43.713766000038206],[-69.26202699955115,43.7254260002583],[-69.24493599970519,43.74077600020309],[-69.23809699968305,43.750084000323035],[-69.23338000002506,43.76231599989834],[-69.23347999958416,43.77800199989587],[-69.33444300004265,43.820802999805686],[-69.38360599981029,43.84823600010342],[-69.39285500007664,43.8562719997034],[-69.39780600008638,43.86414700007375],[-69.3977380003143,43.871890000089834],[-69.36399599994013,44.01287300012029],[-69.35723300008597,44.01094900026615],[-69.3543270004475,44.01449699993955],[-69.34579700005644,44.01875499971579],[-69.34338000013949,44.0167629997157],[-69.34361799979088,44.01457499969387],[-69.33799999978439,44.01141300023914],[-69.33830399955801,44.00935000009442],[-69.3367970002104,44.00908500030687],[-69.33466099960255,44.0046789999835],[-69.32962299955419,44.00669299990824],[-69.32794299995423,44.005976999789794],[-69.32640700029432,44.00762900028738],[-69.32932399980345,44.008890000121504],[-69.32725400021614,44.00946399970465],[-69.32839300021602,44.01353900023727],[-69.3261319999347,44.019766999736994],[-69.31856800018947,44.027521999960655],[-69.31848899964844,44.03169099973037],[-69.320379000209,44.03341400015763],[-69.31861199967209,44.03721000024926],[-69.312537999556,44.04076500018569],[-69.30934300021254,44.045283999911454],[-69.30536100032337,44.04478199983956],[-69.30319600030154,44.046641999759444],[-69.29860199976888,44.046690000017456],[-69.29920000016868,44.05039799987921],[-69.29715499979741,44.051151000281074],[-69.29709200004822,44.052852999753306],[-69.30068300012515,44.05392400000404],[-69.29803000020665,44.05899100026837],[-69.28226800033137,44.05258399980874],[-69.28202700030695,44.06452299991305],[-69.303729000404,44.096384999873486],[-69.30614100029806,44.094091000095474],[-69.3115020003866,44.095490000033905],[-69.30366099973362,44.13267699996645],[-69.33767199972132,44.20937000017527],[-69.3721749998036,44.20540500018758],[-69.36945300028815,44.207908000066745],[-69.37245400036117,44.208753999807236],[-69.37184400026581,44.21089799972767],[-69.37375400001952,44.2121699997325],[-69.37091500032822,44.21599699968848],[-69.36786099965342,44.21627699981677],[-69.36802800005802,44.21765400002495],[-69.36532300026099,44.2159610001824],[-69.36196700036072,44.2163769999998],[-69.36157800019829,44.21997899997859],[-69.35941300017643,44.22112099973789],[-69.36084300042945,44.22206999973852],[-69.3595589997663,44.2240819997942],[-69.3611289997614,44.22511300029038],[-69.35920899996194,44.22485799998519],[-69.35702200019878,44.22722299974758],[-69.34907400031398,44.2283729998841],[-69.34881099964994,44.22598800000772],[-69.3446399996149,44.22574000019838],[-69.34750000012092,44.227153999990456],[-69.34330700034457,44.22949799984057],[-69.34623999974721,44.23147000019975],[-69.34404399976323,44.23302500030054],[-69.34652199977954,44.23366600014241],[-69.3449850002947,44.23385999981377],[-69.3461119997007,44.23925800016879],[-69.34500299983806,44.24199400009564],[-69.34328999972782,44.241818999873196],[-69.34281299970185,44.242923000146455],[-69.34442899972768,44.24278299990412],[-69.34154499983053,44.24462000020663],[-69.34232099960725,44.24554499989351],[-69.33998800025422,44.24753200027967],[-69.33958300019826,44.250197999864234],[-69.33636799986499,44.25081999990789],[-69.33759700027657,44.2533099997087],[-69.33618000044234,44.255556000006735],[-69.33441499955525,44.255679000101686],[-69.33438000029346,44.25443600021498],[-69.3308550003388,44.25528400025368],[-69.3307210004445,44.256662000132096],[-69.32408999993649,44.25881399986274],[-69.32643700043154,44.2611030001225],[-69.32612799973674,44.26383199991481],[-69.33176699965964,44.26553599982245],[-69.33075300023155,44.26695199984178],[-69.33181500023854,44.269479000186045],[-69.33591799960321,44.27117699970168],[-69.33761200034519,44.274378000133005],[-69.3353400001932,44.27560899981375],[-69.33673399956288,44.278377999919456],[-69.32920599980267,44.285169999943726],[-69.32837899997232,44.28775600021692],[-69.33018599979388,44.29098300005067],[-69.32751299978392,44.29187300009307],[-69.32766400029497,44.29454599980344],[-69.39436099959934,44.34293400010704],[-69.3967730003917,44.34056700004555],[-69.40226900019945,44.343058999680935],[-69.40908300010726,44.33639999986106],[-69.40456899994054,44.3329410002212],[-69.40963499957799,44.32799800003064],[-69.62569999977337,44.36180199971879],[-69.66544099992055,44.227575999926344],[-69.65674200037341,44.12239200003827],[-69.66629799988814,44.12400300016026],[-69.67490100007413,44.10452800004396],[-69.6919070004296,44.077271999941736],[-69.69495199998525,44.080471999828724],[-69.71606300025351,44.04849699999855]]]}},{"type":"Feature","properties":{"GEOID":"23020","NAME":"State Senate District 20","BASENAME":"20","STATE":"23","SLDU":"020"},"geometry":{"type":"Polygon","coordinates":[[[-70.48528800020449,44.06039800028115],[-70.4790230002927,44.05507699975909],[-70.48145899957788,44.04368799975077],[-70.47841499984716,44.03520100006752],[-70.48122799959921,44.030046000303564],[-70.47940700043226,44.0260859997699],[-70.44858699959008,44.00942800015743],[-70.44502999984836,44.01280400025101],[-70.40195399971729,43.99010799980285],[-70.40512499966965,43.98688200014305],[-70.37775199986264,43.971608000080955],[-70.38718500025203,43.96144999983891],[-70.25316900005576,43.89339200013666],[-70.20364700026296,43.94792800020993],[-70.19699200036382,43.94595000009124],[-70.11585999970842,43.90670999990303],[-70.09232900004848,43.93195299988674],[-70.08083899959226,43.92645799993361],[-70.03423800040488,43.9756609997102],[-70.03705899965453,43.979389999880425],[-70.04658599975524,43.98564199975212],[-70.04700199968187,43.98807800007073],[-70.04960600009485,43.99017899987591],[-70.08066000039045,43.998955999743195],[-70.08413000009354,44.00592799994312],[-70.08929199999045,44.01003400028381],[-70.09504399989125,44.008507000273546],[-70.10014899988677,43.99969300007355],[-70.10459399955819,43.99581899974674],[-70.11817799989115,43.991019000247235],[-70.12782600036569,43.983860000112955],[-70.13317900005833,43.986300999987094],[-70.14497800031103,43.998563999969484],[-70.16505799963613,44.00835400006302],[-70.16715200041119,44.01917799997328],[-70.17944700005812,44.02536700031285],[-70.18472899960562,44.03462199977043],[-70.18759199958639,44.04518000006329],[-70.19908299986751,44.05598999983957],[-70.20205299997842,44.06189099982197],[-70.20718399991318,44.06440299982579],[-70.20720200035485,44.07723399968174],[-70.20905400038227,44.080306999821325],[-70.22394300039645,44.091970000312806],[-70.22289700028298,44.10617499971757],[-70.21726199965974,44.11151100027894],[-70.21652900043902,44.116592000248865],[-70.2104500003001,44.12183299967859],[-70.20122699997299,44.13719999971792],[-70.2008830000164,44.13925199979021],[-70.21074900005082,44.15109099971135],[-70.20251400011087,44.162513000204925],[-70.1997270002981,44.16744399989211],[-70.2002069997988,44.169378999909966],[-70.2124930001232,44.17857199970996],[-70.2899779997269,44.19905600014818],[-70.29306300036382,44.19368700012787],[-70.29154000022439,44.19307900021501],[-70.29391100011057,44.18335100014886],[-70.30198600021696,44.17024500022623],[-70.28866600037297,44.16016899978617],[-70.29233199989463,44.15676900000929],[-70.29214399957365,44.15369700006576],[-70.29540499993769,44.150174999747],[-70.29542900022713,44.14808600020138],[-70.30074500010984,44.142588000182016],[-70.29911599966518,44.13675000022304],[-70.29700000004715,44.13472999987129],[-70.3013690004489,44.131988999773824],[-70.29905499956583,44.130538000183485],[-70.29737300031604,44.13185800030294],[-70.2966739996339,44.128085000321626],[-70.29826700009355,44.12631100020614],[-70.29690999963547,44.125331999807514],[-70.29999500027238,44.12231200000886],[-70.30094699977622,44.12298100012805],[-70.2990939999239,44.11876600006691],[-70.3017140002304,44.11267300032229],[-70.30080799985903,44.111936000054634],[-70.3041210001016,44.10827900021967],[-70.30296399966004,44.10731999992686],[-70.30642199966756,44.103484999766906],[-70.30480700036495,44.10152699975475],[-70.30797599976913,44.09820900014888],[-70.31449799959888,44.100641999980446],[-70.31623599982346,44.096638000007644],[-70.31419200017544,44.09262800030138],[-70.31546099987166,44.09210500001507],[-70.31356000033877,44.08577499998326],[-70.30778499997342,44.0796429999778],[-70.31628100002932,44.08434800019857],[-70.3198930000226,44.08328399995183],[-70.3258680004045,44.08731599975506],[-70.3298829999056,44.0864680002366],[-70.33616799990887,44.09051899987628],[-70.3340149995826,44.09256900010701],[-70.34252999990504,44.09001599995911],[-70.34225100024578,44.09192800027088],[-70.33810699997493,44.092633999869484],[-70.34127399972931,44.09431700018301],[-70.3423929996377,44.09881400020163],[-70.34770799969549,44.101579000208474],[-70.3535869998179,44.10083399983655],[-70.3590850001738,44.10381200013508],[-70.37677400041957,44.085953000222624],[-70.39705499958612,44.084055000288444],[-70.40242800026854,44.08148600010755],[-70.40736300038475,44.081452999804995],[-70.41152900039692,44.07750699980157],[-70.41390000028309,44.07779299980547],[-70.42383599973942,44.07148000001229],[-70.42484699969279,44.0733710000437],[-70.4352530004007,44.07676999997355],[-70.44142700007588,44.084119999728664],[-70.44935200039446,44.08965599982659],[-70.45115699966789,44.09454900007108],[-70.48528800020449,44.06039800028115]]]}},{"type":"Feature","properties":{"GEOID":"23003","NAME":"State Senate District 3","BASENAME":"3","STATE":"23","SLDU":"003"},"geometry":{"type":"Polygon","coordinates":[[[-69.90350199994089,44.75243800015432],[-69.89576800031634,44.74853800022954],[-69.89261900010531,44.74501600002566],[-69.89779100004797,44.738438999952095],[-69.89685500043768,44.73666399982169],[-69.89859299976395,44.73162699985216],[-69.89540400026826,44.73045500022782],[-69.89097700014018,44.732798999977035],[-69.88394700032232,44.732151000171086],[-69.88675900024948,44.72879899980172],[-69.88722100020684,44.72224099988422],[-69.89581500017199,44.71716900024274],[-69.89510600034244,44.71170100010998],[-69.8902259995795,44.70803900022335],[-69.89194700008566,44.706881999916995],[-69.86845499988547,44.692930000249945],[-69.86581399966258,44.682357999816254],[-69.8683439995574,44.68167299972],[-69.86763100042819,44.675138000010335],[-69.86416300037493,44.67577199980929],[-69.86279500004616,44.66969700021174],[-69.83253999999184,44.67404499990019],[-69.82885900040156,44.6715510000442],[-69.79091900022816,44.67872500024572],[-69.7382680003158,44.67128499974971],[-69.73421199990848,44.686228999983385],[-69.73228500043632,44.686520000149564],[-69.73194300012956,44.694209999767814],[-69.7298969999334,44.686876999989416],[-69.6407749995604,44.69984400020375],[-69.63297099961565,44.6987630000501],[-69.63269799980417,44.69066199988631],[-69.6299610002201,44.68453799997754],[-69.62878600023522,44.672678999778626],[-69.62215599955213,44.665521999792],[-69.61755000022222,44.656985999716156],[-69.61428100036059,44.654186000210316],[-69.60556799967141,44.65104499995201],[-69.57909399966478,44.626970999897466],[-69.58055400005502,44.62040000022543],[-69.59274499994488,44.603430999815515],[-69.59258900030927,44.59787700031372],[-69.58927400041688,44.58976500019304],[-69.59090999963591,44.584570999831094],[-69.59310499979499,44.582191999802454],[-69.60574599994665,44.57726399987839],[-69.48178800030375,44.55932899986742],[-69.47965699971877,44.566322000301895],[-69.44318399960831,44.56133799970427],[-69.44695499961028,44.57634900019618],[-69.44474000025802,44.58422100026792],[-69.40953900021681,44.57885199987913],[-69.39312299986526,44.64037500013058],[-69.46109100031227,44.64727699990494],[-69.45964000014287,44.65121699995402],[-69.46084600008989,44.654971000037655],[-69.45707799956266,44.658600999912196],[-69.45594799978362,44.66222000004235],[-69.4479489998452,44.66217500022259],[-69.4429359999112,44.67238100009903],[-69.47559899966164,44.676678000176295],[-69.47731799961966,44.6920610002664],[-69.41684400039429,44.700980999983464],[-69.41742799965208,44.70812600011162],[-69.41407699977468,44.71627199993925],[-69.4145499996027,44.718701000047204],[-69.4057210003592,44.72719500027021],[-69.39538800034454,44.731520999833876],[-69.39801100012579,44.74619500022144],[-69.39424699979652,44.74798999975296],[-69.38848200037523,44.747285000273315],[-69.38849099969774,44.752136999780646],[-69.38574099969489,44.75370399976951],[-69.37182300034942,44.75461400030036],[-69.36023099978595,44.75100099995881],[-69.348990999575,44.74917300003123],[-69.34354499999596,44.749818999795224],[-69.32740700037704,44.714441999932156],[-69.20519999958087,44.72958599996988],[-69.18373199983554,44.644022999688744],[-69.06099799968302,44.66394599972212],[-69.09405299996895,44.79773200012679],[-69.10063400024823,44.79695700029045],[-69.1018700003325,44.802087000060794],[-69.09533400025904,44.80294400019906],[-69.10269299996489,44.83248499982586],[-69.03921000027056,44.840963999688434],[-69.06238699992817,44.92695500030382],[-69.44914999976936,44.877770000129786],[-69.43920799956693,44.84590100024262],[-69.47022099985465,44.84148300004056],[-69.47109200006594,44.84366300014428],[-69.47458600005845,44.84220800029963],[-69.47423899972883,44.84090900023749],[-69.48462500034526,44.83939300027362],[-69.47901999985923,44.81828900027471],[-69.52165099975136,44.81208799994426],[-69.52499499995606,44.824248999937936],[-69.52237700019768,44.82347699990748],[-69.52238600041852,44.82581800003192],[-69.53244499989847,44.859188000192276],[-69.60746499990466,44.852858000250016],[-69.59931799982824,44.8243690000608],[-69.72448700033935,44.808335000131656],[-69.75115299996662,44.9010649996877],[-69.85988699985958,44.88687200011548],[-69.86456000003496,44.87958100022499],[-69.86348200013444,44.868957000130074],[-69.86553900020127,44.860543000231026],[-69.86283299968102,44.857573999854154],[-69.86298599984188,44.85543099989886],[-69.86890799962201,44.854755999882634],[-69.87238700044423,44.84966099969374],[-69.87751400018105,44.848397000119625],[-69.87927300032204,44.84605200016304],[-69.87859100025666,44.84220500025672],[-69.87369200012547,44.83809200027148],[-69.87101400009263,44.83795100011628],[-69.86877499955261,44.84084799987009],[-69.8666609995844,44.84073800005724],[-69.86438900033073,44.83318500010369],[-69.86600799983131,44.83212800027098],[-69.87101599974245,44.834457999714914],[-69.87335499984157,44.833081000075985],[-69.87425199999213,44.83021099999352],[-69.87116999972824,44.822159999886956],[-69.87320599987865,44.818147000303036],[-69.88461699979385,44.81636700006245],[-69.89172199995477,44.8121529997585],[-69.88642100014067,44.802389999724454],[-69.88862299997244,44.79729600001576],[-69.88430899982227,44.79451199999118],[-69.8892539999842,44.79035000030365],[-69.88657799960119,44.774122000303606],[-69.88971000009379,44.76451899984914],[-69.89412499962799,44.762828000214576],[-69.90119299997899,44.76374499999276],[-69.90248699978956,44.761943000281654],[-69.90241999984241,44.75951299994165],[-69.89551300004821,44.758585999993116],[-69.89295499966596,44.7544970000142],[-69.89968999993103,44.75660900024306],[-69.90350199994089,44.75243800015432]]]}},{"type":"Feature","properties":{"GEOID":"23004","NAME":"State Senate District 4","BASENAME":"4","STATE":"23","SLDU":"004"},"geometry":{"type":"Polygon","coordinates":[[[-69.8331009996834,45.73864199994117],[-69.82735200015566,45.73779299980343],[-69.82411799955581,45.742262999807075],[-69.81922799964545,45.739093999836825],[-69.81151900013526,45.73716900027162],[-69.81007299998872,45.73596799979766],[-69.81253199973844,45.735887999770966],[-69.80923500028773,45.7330530000349],[-69.80003000040227,45.73312699972897],[-69.79388299959295,45.72845799988837],[-69.79152500012557,45.72831700003087],[-69.79208599981713,45.725585999771454],[-69.79826600023843,45.72500699993967],[-69.79982600018778,45.72266500010185],[-69.80309300039958,45.72356000026972],[-69.80371000016765,45.720540999692176],[-69.80891999974514,45.72334800016507],[-69.81509599996846,45.721419000311336],[-69.80898400021755,45.72260100014738],[-69.8056569997313,45.72013599975175],[-69.80388000004695,45.715697000244944],[-69.79777800034178,45.71484899984663],[-69.79024399983545,45.710342000250314],[-69.79043299998135,45.704486000278926],[-69.78580199963876,45.69971099975463],[-69.78525699984073,45.69278000020978],[-69.78275700008314,45.69058299986077],[-69.76492899992019,45.682545000221936],[-69.76009799956107,45.68249100021485],[-69.75619500021294,45.67963199999259],[-69.7487929999511,45.68121099970997],[-69.73863099964065,45.679310999940306],[-69.73837299989779,45.676878000051936],[-69.73674799965112,45.67671700027222],[-69.73886099979441,45.67497100015735],[-69.74043099978952,45.668088000059164],[-69.73940200029281,45.66739299989728],[-69.7442729999366,45.66416199992314],[-69.74469100041135,45.66147699995165],[-69.7414140001538,45.66024699987608],[-69.74134100035886,45.65768699986754],[-69.739501000027,45.65721700010156],[-69.74420199979149,45.65221299978222],[-69.736135000081,45.650709000002394],[-69.7317349997171,45.65582200009579],[-69.73492199956296,45.65754400001026],[-69.72651400026893,45.656409000055014],[-69.72269600041132,45.65748699975462],[-69.70134999996641,45.651652000261286],[-69.69180600014725,45.64503100003974],[-69.69414299969824,45.640939999930104],[-69.69647900032264,45.64068700003215],[-69.70073400002327,45.644581000078716],[-69.70522300007562,45.64467899979752],[-69.71185100021057,45.65039399993556],[-69.71380500034523,45.65003100017931],[-69.71264000040608,45.64744199993075],[-69.71632099999637,45.6476390002419],[-69.71840599965228,45.63985399977986],[-69.70818300014076,45.6375099998038],[-69.70703999994294,45.63289900017658],[-69.70159400036388,45.627816000163605],[-69.70306399990156,45.62038599975381],[-69.70846400034816,45.61629299988475],[-69.70991100031962,45.61316099997424],[-69.71215499998418,45.61394300013215],[-69.71400399963855,45.6120679998492],[-69.71724599973601,45.612098000105895],[-69.7192869999093,45.614631999931646],[-69.71735299986612,45.60866300029323],[-69.72008399960241,45.6079299999617],[-69.72117200044698,45.60342300013564],[-69.71761499980694,45.59746900022758],[-69.7131280003027,45.59485099972822],[-69.71445800009832,45.585571000176564],[-69.72345499957129,45.58170700000075],[-69.72864900015357,45.57208800009507],[-69.72810299963231,45.57032300007289],[-69.731671000143,45.56683899980852],[-69.74340500009838,45.562776000076894],[-69.74490599959817,45.560884999973446],[-69.76022399995776,45.554236000237765],[-69.77349799977101,45.55458799969167],[-69.77536999988989,45.549872000040686],[-69.77328400040908,45.54546200008612],[-69.77992800043755,45.54276599975517],[-69.729214999868,45.37917899970979],[-69.70042799970153,45.29246099986527],[-69.70832399970776,45.291353999903514],[-69.70535000029724,45.278153999962974],[-69.68364599965204,45.21239900009978],[-69.68700699957517,45.20810799992246],[-69.65475999975133,45.09998899977513],[-69.64575999990532,45.10132300031386],[-69.62096700022187,45.0109559999964],[-69.51564899960532,45.02504300012159],[-69.51860199999776,45.03426799999276],[-69.49519199981334,45.03735199990894],[-69.49986099979076,45.05377799995656],[-69.35566700028883,45.07346899972963],[-69.30552100015696,44.89598800001475],[-69.06238699992817,44.92695500030382],[-69.03921000027056,44.840963999688434],[-68.7952190000742,44.87351899982694],[-68.80280600028398,44.9007279998422],[-68.80122899971788,44.900044999955824],[-68.79502200043072,44.90281600005552],[-68.79187700041764,44.90145499979985],[-68.84077499987139,45.08966100012672],[-68.88092299972435,45.2249470000834],[-68.77606100011569,45.24031700004761],[-68.83098099980697,45.441660000029714],[-68.85729699962985,45.527301000173686],[-68.96465300004665,45.51236700012688],[-68.95171899999205,45.58178199970729],[-68.95069899981786,45.63843400027635],[-68.95891000036669,45.66219499971459],[-68.82703900010078,45.684825999953595],[-68.82320199997659,45.907334999967745],[-68.82277199980626,46.125483999989584],[-68.81942799960157,46.3873950002762],[-68.8194009998374,46.395782000251714],[-68.82175699965495,46.39580400024283],[-68.82141400042158,46.572510000154146],[-69.72110899979945,46.57405300003786],[-69.7192459999014,46.39410899978208],[-69.7323199996981,46.39400799982303],[-69.72857700018355,45.976882000115054],[-69.68356399963628,45.98363199972683],[-69.64656599981925,45.8639880000889],[-69.64859000027411,45.86283300002254],[-69.65388299969229,45.86367999999863],[-69.65492999963065,45.86166300018838],[-69.65678900022907,45.86189100007933],[-69.65667700007607,45.86013200007374],[-69.67443099972084,45.86224699976244],[-69.6723920000957,45.85895600009455],[-69.6741670001302,45.856740000262064],[-69.6744550000103,45.85234600008972],[-69.67630399966467,45.85139000022147],[-69.67763500018347,45.85289699972643],[-69.68343300011503,45.85096099998848],[-69.69006899974757,45.8541610000651],[-69.68915099968062,45.857884000199306],[-69.69383300007685,45.86188799980695],[-69.69200100014092,45.86508499969703],[-69.69691799981545,45.86425400021542],[-69.69676100035493,45.867220999770296],[-69.70130999978345,45.872606999800546],[-69.70039199971652,45.87380499997753],[-69.7026999998535,45.8783449998657],[-69.69849200000851,45.88033300006948],[-69.69780200044552,45.885670000140244],[-69.70878700038836,45.885583999880176],[-69.71277400030039,45.8831790002001],[-69.7226250002662,45.880998000069766],[-69.72407300006257,45.87910300025297],[-69.72692000014982,45.88020499971363],[-69.73214399997102,45.87835799990585],[-69.73813299969827,45.88313099982407],[-69.73766499989313,45.880243999770265],[-69.73367399978315,45.8791319999428],[-69.73366600028554,45.87697999998657],[-69.72476599999861,45.8738290001338],[-69.72366499963357,45.87100899995898],[-69.72559000035423,45.867131000158345],[-69.72453599984485,45.86578800010678],[-69.71731000020841,45.86577099996149],[-69.71498899965263,45.862368999702234],[-69.71153300019326,45.86078399994118],[-69.71093899999143,45.856300999761196],[-69.70571699982004,45.853938999911335],[-69.7082919999207,45.85040900006249],[-69.70769600006905,45.84702799971055],[-69.70426499982572,45.846136000205426],[-69.70712500033176,45.84224300028577],[-69.70818599961551,45.83653499997888],[-69.71207499961824,45.832235999975765],[-69.71498000033013,45.83183899971144],[-69.71796399978638,45.83332400026378],[-69.71728400026915,45.83447099978408],[-69.72003400027201,45.83491699970667],[-69.72580500043938,45.83438099973674],[-69.71933899978782,45.83362100000066],[-69.71843400013967,45.829793000117306],[-69.71633000021718,45.82892800000859],[-69.71254800034458,45.823047000220626],[-69.7124370000165,45.81948400028898],[-69.70863800042545,45.81147900024657],[-69.71738800002622,45.798755999752515],[-69.71924000005362,45.79114800019096],[-69.72310899996488,45.78557899986823],[-69.72282500028275,45.783303000026486],[-69.73791000011552,45.782540999988626],[-69.73599199996588,45.77922300001539],[-69.72934999958723,45.77602100021898],[-69.72579500039365,45.771440000003594],[-69.7245400000428,45.766600999757706],[-69.72636199993298,45.76230900022333],[-69.7325790001642,45.75597800026332],[-69.7367760001385,45.754632000137754],[-69.74093100028003,45.755537000306155],[-69.7437800000171,45.7598120000594],[-69.74723100035192,45.75970900011367],[-69.75144099984672,45.765913999823056],[-69.75033199998406,45.763356000264295],[-69.75286199987889,45.761665000189616],[-69.76852300037015,45.76132199982845],[-69.76793900021404,45.762901000061],[-69.7743270001495,45.764726000119616],[-69.7738280003822,45.766044000311034],[-69.7818399998411,45.775620000260645],[-69.78106099969132,45.77796100027402],[-69.78507299971773,45.77714599979922],[-69.78602699976966,45.77978099994273],[-69.78167099978668,45.78199299993586],[-69.78386400029595,45.78368899996833],[-69.78315799994111,45.7847730000031],[-69.78779199975844,45.784980000290915],[-69.78826299993663,45.78454499979525],[-69.78854300031911,45.78366099982225],[-69.79186099968622,45.78525799990998],[-69.79359399988793,45.783049999755605],[-69.79599699956118,45.78522500030716],[-69.79735999986703,45.785439999779484],[-69.79675999981741,45.78420700013414],[-69.79724600006423,45.783335000308256],[-69.79781500015172,45.784582000293476],[-69.80199399968437,45.78619100018802],[-69.79843699994264,45.784577999800604],[-69.80098899957879,45.784753000110115],[-69.80004499957258,45.78364800019714],[-69.79730200014072,45.783144999892876],[-69.79587299971261,45.78421300028686],[-69.79417899986896,45.782785000231584],[-69.79298899981546,45.783030999708735],[-69.79215600013734,45.783852000181504],[-69.79178399969334,45.78391300000423],[-69.78808600038462,45.7827500001057],[-69.78806299992009,45.78456000008483],[-69.78413799993233,45.782250999877206],[-69.7895480004247,45.77786199972649],[-69.7875010004036,45.77664299972859],[-69.78757599984837,45.774904999724086],[-69.78286400021325,45.7751089997445],[-69.78475200022567,45.774173000105144],[-69.78416999971938,45.77303399983478],[-69.78156200000674,45.77371299975965],[-69.78385099987716,45.77217699994163],[-69.7821000001321,45.76963199973055],[-69.79039799982125,45.76771699973674],[-69.78966899990019,45.76650199972244],[-69.79319100038012,45.761819999743295],[-69.79307900022714,45.75875999983338],[-69.79145599963027,45.75842500014097],[-69.79465599989493,45.75747099973203],[-69.78970400006028,45.75574600009495],[-69.79222800010734,45.75119700004317],[-69.78864500042636,45.74960100028607],[-69.78945499963996,45.7480029997207],[-69.78813800026316,45.74686399980161],[-69.79630500043106,45.74607800014702],[-69.80190900019386,45.74899600019553],[-69.81264100041669,45.74578299972609],[-69.8127819999837,45.74711899970688],[-69.8174280003949,45.746942000058546],[-69.82478499955258,45.743225999969546],[-69.8271649996596,45.73982900016315],[-69.8331009996834,45.73864199994117]]]}},{"type":"Feature","properties":{"GEOID":"23027","NAME":"State Senate District 27","BASENAME":"27","STATE":"23","SLDU":"027"},"geometry":{"type":"Polygon","coordinates":[[[-70.38986900013265,43.65465899971555],[-70.37054499959446,43.64243800022063],[-70.31366300027092,43.64958000007446],[-70.31721400016485,43.6459730003011],[-70.2980529998333,43.64690999976204],[-70.29103300006119,43.64551900013491],[-70.28654400000882,43.65529299987688],[-70.2814940002649,43.657533000016215],[-70.28530700009966,43.66364899981653],[-70.2847539999057,43.67208399973766],[-70.27723799984105,43.680957000118205],[-70.26848700041536,43.685925999759384],[-70.28278800007548,43.69325200002019],[-70.28814400014116,43.69978399976882],[-70.27724100021408,43.7108669997435],[-70.27706899978662,43.71384999969856],[-70.2827050002348,43.71663199979196],[-70.27775300040015,43.722275000048896],[-70.28037199998346,43.72249999996485],[-70.28574599959248,43.727685999688404],[-70.29242499978105,43.725900000132015],[-70.29977400033945,43.71990600007081],[-70.30410900040603,43.72385400022614],[-70.3078250001564,43.72401899979342],[-70.30990700033757,43.72041100027586],[-70.31693600033051,43.717706000093116],[-70.31772899982568,43.7142530002113],[-70.3254680003714,43.707977999717876],[-70.32263800000261,43.70551700006545],[-70.32935300017618,43.69864099977391],[-70.32981099993557,43.69318099969328],[-70.33635399968172,43.69005900016984],[-70.32914300011392,43.67953499996289],[-70.33509699968107,43.66188200013027],[-70.34668400022166,43.665700999901],[-70.3502569998569,43.672104999807424],[-70.3466869996964,43.67369899996027],[-70.35229499965715,43.68065099970705],[-70.35524700022468,43.681764000048105],[-70.35167100021638,43.68308400013901],[-70.36095899994251,43.68857399968757],[-70.35910899956492,43.6900999997403],[-70.3567619999682,43.698065000172356],[-70.35896299997508,43.70443799975046],[-70.35800999974803,43.70890700021231],[-70.3597339997289,43.71414299993425],[-70.35708400018348,43.72207000025538],[-70.35814600019046,43.73208799980251],[-70.37006599991867,43.7237970003172],[-70.37673199968846,43.702384999988496],[-70.3667100000184,43.69152800003976],[-70.36828800040942,43.68786400026408],[-70.36678000033861,43.68481899983902],[-70.37040400002749,43.68167899979011],[-70.36528300013843,43.676454999988984],[-70.36583899980712,43.67503099984351],[-70.37122900020799,43.66656600018684],[-70.37392800015724,43.66748899998196],[-70.3843740001498,43.65753600001114],[-70.38986900013265,43.65465899971555]]]}},{"type":"Feature","properties":{"GEOID":"23031","NAME":"State Senate District 31","BASENAME":"31","STATE":"23","SLDU":"031"},"geometry":{"type":"Polygon","coordinates":[[[-70.61207399966806,43.68709899993766],[-70.61156800022808,43.68297999987866],[-70.60705800025931,43.679986999901445],[-70.60585300013719,43.67603800007355],[-70.60728400021513,43.67282999996835],[-70.59839099960088,43.66103400000315],[-70.59627599980777,43.64465799995885],[-70.59210099957474,43.63732399974327],[-70.59146999956299,43.62736100011549],[-70.57473299971936,43.61633399972052],[-70.56993800024357,43.61509900008619],[-70.56514299986945,43.61605100031557],[-70.55125200028814,43.612170999801606],[-70.55523599982712,43.60459800013187],[-70.55366900020508,43.59036200014049],[-70.55827000041043,43.586133999744895],[-70.55523400017731,43.58311000006232],[-70.56044499957972,43.57363900016684],[-70.55623900028287,43.56931599967809],[-70.55158000035121,43.567880000278436],[-70.54942399965186,43.56284000029958],[-70.54379200029999,43.5594809998592],[-70.54349000017619,43.557454999789634],[-70.5481220003437,43.55234999993426],[-70.54805799987128,43.550195000153415],[-70.54170599992085,43.54932599971504],[-70.52949300028968,43.554613000098556],[-70.5197939997615,43.54517100022774],[-70.51221999997054,43.54430900000144],[-70.51404699988358,43.540547999721824],[-70.5188849999154,43.537651999699186],[-70.52870699956891,43.52562200025295],[-70.52580099993044,43.5198800001486],[-70.51790800029723,43.51540200024686],[-70.51470399983461,43.508367000303366],[-70.50990000013797,43.506142999733854],[-70.50407899974189,43.49913400008892],[-70.48213599962041,43.4989619997186],[-70.47469900009678,43.50268699981736],[-70.4663360001103,43.498858999701724],[-70.45263299995165,43.499511000020156],[-70.4509469996056,43.49788099970739],[-70.45184999960392,43.494190999918104],[-70.43562900014433,43.49038300007132],[-70.43356200003177,43.488893000320964],[-70.43235100006187,43.48425799978971],[-70.42106300017034,43.48297999996776],[-70.41718500003826,43.47989499976696],[-70.41070800041436,43.47910599977442],[-70.40978600014945,43.475421000087124],[-70.39996699997069,43.47363300018219],[-70.39299300022932,43.46409999968492],[-70.38625799996426,43.46215299977604],[-70.37449399987166,43.46103900004744],[-70.31339899978197,43.46358000026296],[-70.25932099998965,43.43237800009649],[-70.24359599992428,43.448373999713255],[-70.22208999964582,43.466877999882655],[-70.28216499956132,43.50008700017266],[-70.42297899977184,43.57013599974623],[-70.45346200033013,43.58587299984384],[-70.45179400042574,43.58751399997678],[-70.49200900022586,43.60676899995924],[-70.45774299997004,43.64237199995658],[-70.54996500015028,43.715796000099466],[-70.57740099970646,43.687185000032315],[-70.59534199984729,43.6971950002154],[-70.60563700022713,43.68770099995959],[-70.61207399966806,43.68709899993766]]]}},{"type":"Feature","properties":{"GEOID":"23033","NAME":"State Senate District 33","BASENAME":"33","STATE":"23","SLDU":"033"},"geometry":{"type":"Polygon","coordinates":[[[-70.98791199984088,43.39020200017327],[-70.98546999980957,43.38634899989319],[-70.9856680001763,43.37917800002264],[-70.98270999976098,43.377806000037744],[-70.9835490001852,43.376332999820356],[-70.98101400026749,43.37336399987097],[-70.98104500022963,43.37072500018801],[-70.97648199965911,43.36720700014114],[-70.97459000034705,43.36357599981801],[-70.97816100033248,43.35866300009165],[-70.97202699994193,43.354633999918505],[-70.97304899976595,43.34881299975149],[-70.97141400037185,43.34876899981348],[-70.97094300019364,43.35049899983566],[-70.96744900020111,43.34923999986897],[-70.96650299964676,43.34780600030744],[-70.96879200041549,43.34641000026726],[-70.96795299999127,43.34457900015087],[-70.96430599983786,43.3432209998401],[-70.96339000031907,43.340909000163236],[-70.95949899976819,43.34097800019616],[-70.95585199961478,43.33399699968549],[-70.95250999995822,43.33335600006695],[-70.95014499991983,43.33570600010954],[-70.94005799995246,43.33544700022568],[-70.93749500044565,43.337536999953535],[-70.93117799975703,43.33654499988285],[-70.93395500042239,43.33536299993781],[-70.93123899985638,43.333326000017976],[-70.9310709996269,43.329792999711195],[-70.92428000018364,43.32737500031464],[-70.92634100044843,43.3260469998589],[-70.92386900027991,43.32568099968557],[-70.79162700029325,43.41667600022279],[-70.76370499959192,43.39578800013029],[-70.76253999965277,43.39275400018278],[-70.75679299977485,43.390226000311685],[-70.75764700026768,43.388493000075165],[-70.74914799983875,43.38801099980823],[-70.74801899988462,43.38593099990684],[-70.74989900039944,43.381310000304694],[-70.74121900022054,43.37526499988781],[-70.74123400028915,43.3670889997863],[-70.73434800041136,43.35918199982656],[-70.7241869999258,43.33489600010013],[-70.64235200018693,43.4206960002524],[-70.68935900015352,43.481436999735685],[-70.71170700033095,43.50860300028649],[-70.71756999966152,43.51215299968125],[-70.64780299978885,43.58251100014827],[-70.69226899998995,43.674543000129816],[-70.69666500015589,43.67329399981522],[-70.69632100019932,43.67108400000766],[-70.71308099960916,43.66529200002704],[-70.72748799957449,43.66447700001504],[-70.73975100033269,43.6688419998505],[-70.74458900036451,43.66781400011887],[-70.74852699987274,43.663323999873896],[-70.74775100009603,43.65923399973684],[-70.73790599997798,43.65603999975543],[-70.73473000000276,43.65278800004065],[-70.73555199981024,43.64962000030879],[-70.73289700024195,43.647512999696644],[-70.73727499996622,43.647774999721065],[-70.74070200001161,43.644183999963026],[-70.74398500011694,43.644061999792285],[-70.74446399979273,43.64080399991991],[-70.7489329997536,43.645665999867056],[-70.75648800017632,43.64761099998841],[-70.76075200009778,43.65298000028669],[-70.76579900036698,43.65207800028516],[-70.781310999997,43.65764499994197],[-70.78448399959916,43.65706400004858],[-70.78767600036623,43.652647000017495],[-70.79088199958035,43.65395700022859],[-70.79520300030153,43.65267400021351],[-70.7923779999556,43.64512699995724],[-70.79677699959629,43.6380580002625],[-70.81469799964562,43.64199800012447],[-70.79560499998442,43.563248999762216],[-70.78030099986856,43.49189800016923],[-70.83148899991592,43.48694200020686],[-70.82887899965516,43.47424800023042],[-70.90027199959943,43.46582199969496],[-70.90506199995068,43.47017700023027],[-70.92604699982223,43.45556700005351],[-70.93573999960431,43.463866999728424],[-70.94324499979832,43.46131300027338],[-70.96969299986569,43.48057599983604],[-70.97214800031577,43.47832799985667],[-70.97587199956375,43.47856499985704],[-70.97033300009828,43.47313299976507],[-70.96458000037258,43.47331600023992],[-70.96111599961895,43.46918800031713],[-70.96033800019241,43.466182999997635],[-70.96662599967043,43.45127399987264],[-70.96589599992446,43.4477939996915],[-70.96153599974352,43.44318099981598],[-70.96081100002041,43.43930399976882],[-70.96226100036493,43.436916000257156],[-70.96902000002113,43.43436800021915],[-70.96851700005588,43.4292800000114],[-70.97098900022439,43.425601999798374],[-70.97561200017107,43.42188699970336],[-70.98127299983528,43.42087199990225],[-70.9868430001612,43.41378399998749],[-70.98650800042545,43.403980999789184],[-70.98229700020744,43.398281999967125],[-70.98266299990532,43.39457400009588],[-70.98717899972186,43.393536000002904],[-70.98791199984088,43.39020200017327]]]}},{"type":"Feature","properties":{"GEOID":"23026","NAME":"State Senate District 26","BASENAME":"26","STATE":"23","SLDU":"026"},"geometry":{"type":"MultiPolygon","coordinates":[[[[-70.58064700000187,43.91297000029268],[-70.5805869997274,43.91133700026765],[-70.54330799970299,43.87146999984514],[-70.49949900035125,43.83333799985076],[-70.48673500017594,43.856545000270174],[-70.46513699983598,43.84561899983381],[-70.45938900013311,43.83635799982879],[-70.46214199961071,43.83084200018633],[-70.45338799981197,43.8294679998539],[-70.45088499968132,43.83120099992236],[-70.44685900030953,43.82839399970455],[-70.44929499959473,43.81844799970797],[-70.44854800013033,43.815029000266215],[-70.45084200002361,43.80888600017962],[-70.45007999959228,43.80249000000003],[-70.44736499974952,43.7995860000101],[-70.45039900033284,43.79369400027772],[-70.4537490003853,43.79138499977734],[-70.4550010003631,43.78290700004674],[-70.45234400024665,43.77734599980418],[-70.44748399957521,43.77622200014908],[-70.44542099966061,43.77267900017333],[-70.443618000037,43.77281900000418],[-70.4492419998913,43.762600999838234],[-70.44685400028668,43.759451999811326],[-70.44801800040091,43.752231000176955],[-70.44449300044624,43.74883499968796],[-70.43851999971419,43.748536999776796],[-70.43961000020857,43.74568299993655],[-70.4373239998129,43.73926500012258],[-70.43234299966595,43.74116400018911],[-70.42804399958439,43.738111000237176],[-70.427333000105,43.73455899975856],[-70.42370000019531,43.733619000254805],[-70.42222499973643,43.72866699994885],[-70.41303200044487,43.720683000306735],[-70.41171500016976,43.71779500002269],[-70.40575800022955,43.71537699987497],[-70.40215100025911,43.70945800022795],[-70.40326500014463,43.70583400026097],[-70.39643799981806,43.70607100023994],[-70.39096100027687,43.700303000215015],[-70.37810400021515,43.69735600029553],[-70.3920120004132,43.65572899975088],[-70.39007900019493,43.6545670001612],[-70.38648899994294,43.65618999979831],[-70.37392800015724,43.66748899998196],[-70.37122900020799,43.66656600018684],[-70.36583899980712,43.67503099984351],[-70.36528300013843,43.676454999988984],[-70.37040400002749,43.68167899979011],[-70.36678000033861,43.68481899983902],[-70.36828800040942,43.68786400026408],[-70.3667100000184,43.69152800003976],[-70.37673199968846,43.702384999988496],[-70.37006599991867,43.7237970003172],[-70.35814600019046,43.73208799980251],[-70.35708400018348,43.72207000025538],[-70.3597339997289,43.71414299993425],[-70.35800999974803,43.70890700021231],[-70.35896299997508,43.70443799975046],[-70.3567619999682,43.698065000172356],[-70.35910899956492,43.6900999997403],[-70.36095899994251,43.68857399968757],[-70.35167100021638,43.68308400013901],[-70.35524700022468,43.681764000048105],[-70.35229499965715,43.68065099970705],[-70.3466869996964,43.67369899996027],[-70.3502569998569,43.672104999807424],[-70.34668400022166,43.665700999901],[-70.33476199994531,43.66186400016156],[-70.32914300011392,43.67953499996289],[-70.33635399968172,43.69005900016984],[-70.32981099993557,43.69318099969328],[-70.32935300017618,43.69864099977391],[-70.32263800000261,43.70551700006545],[-70.32537700013482,43.70812299972634],[-70.31772899982568,43.7142530002113],[-70.31693600033051,43.717706000093116],[-70.31111699958424,43.71975799987274],[-70.31827699999677,43.727319999918684],[-70.3233769999694,43.7280849999223],[-70.3273970003917,43.73224800001666],[-70.32725400027658,43.735328999903686],[-70.33760300018477,43.74063700014662],[-70.33532600000993,43.74380600013457],[-70.33210099963091,43.74334899994808],[-70.33490500006043,43.74933100014811],[-70.33749400040482,43.74915599972894],[-70.33597200009031,43.751834999719655],[-70.34819200029247,43.75015600005295],[-70.34776700014503,43.74903100013594],[-70.35015899994761,43.74811100011034],[-70.35155400004054,43.75220100020454],[-70.35334199959551,43.75178799989949],[-70.35330099958763,43.749343999917826],[-70.36122599990621,43.753814999811546],[-70.34319799972674,43.81030600000422],[-70.3367810003773,43.807148999980335],[-70.32437899970192,43.81982200027597],[-70.4454340000794,43.88184199979963],[-70.37449899989453,43.95522899999007],[-70.38718500025203,43.96144999983891],[-70.37775199986264,43.971608000080955],[-70.40512499966965,43.98688200014305],[-70.40195399971729,43.99010799980285],[-70.44502999984836,44.01280400025101],[-70.44858699959008,44.00942800015743],[-70.47905400025485,44.0258700000472],[-70.48121500007872,44.02962300008347],[-70.48007799972868,44.03207800004014],[-70.50237099965453,44.04256799980379],[-70.50523899965818,44.0395909999343],[-70.50899700013966,44.041454000229756],[-70.56668799975019,43.98217400032307],[-70.56455899971336,43.98093399984061],[-70.56650199997736,43.980088000266065],[-70.56345499987357,43.97856300008013],[-70.56438399981117,43.97492599976736],[-70.56629500028811,43.97471499968713],[-70.5656809999948,43.97325600020271],[-70.56839599983755,43.97455199999735],[-70.56764199980215,43.971450999832484],[-70.56992399999986,43.96970500005569],[-70.56738400005928,43.96882100019661],[-70.5674429996105,43.966889000198286],[-70.56911899991081,43.96709600006349],[-70.5679620003676,43.96436999974978],[-70.56955599975382,43.96355099988906],[-70.56610799979205,43.95833200003532],[-70.5664209997865,43.95614000018755],[-70.5572679997796,43.95192500018496],[-70.55863899958305,43.950628000295865],[-70.56107399994167,43.95199900011993],[-70.55985499957583,43.950255999865874],[-70.5620279999936,43.94844800008529],[-70.55983399965945,43.945462000180015],[-70.56157299970894,43.94392500010613],[-70.55954900015242,43.94299000019189],[-70.5583590000989,43.94459900005597],[-70.55699699961795,43.942951999826285],[-70.56003500039921,43.941826000131904],[-70.56023799989048,43.94025699981855],[-70.56182899980199,43.94154000027367],[-70.56344400000292,43.93842600002921],[-70.5661250004088,43.93958599990002],[-70.56582499993483,43.93751099972344],[-70.56703400025492,43.939091999897826],[-70.56956699962448,43.938908999908],[-70.56816300020905,43.93595199968237],[-70.57235000013762,43.936106000317835],[-70.57175400028596,43.934039000030644],[-70.57629699986668,43.932675999894215],[-70.5751000001405,43.93059399990365],[-70.5726940000942,43.930965000279045],[-70.57224399983241,43.92790599970112],[-70.56969300002119,43.92751300029868],[-70.5754599999906,43.924727999827475],[-70.57554600020431,43.92338599976256],[-70.57306300016515,43.92369899992221],[-70.57660400001335,43.91939999976177],[-70.57326800020456,43.9192439997664],[-70.57613000036042,43.9170289997766],[-70.57178699989794,43.91510400026288],[-70.58064700000187,43.91297000029268]]],[[[-70.53453100033805,43.83625399998118],[-70.53108500002608,43.833036000259966],[-70.53290400044153,43.82536299973947],[-70.52295600039133,43.825360999724595],[-70.52030400029777,43.822239999881646],[-70.51515499992132,43.82383299989405],[-70.51703200006307,43.826165000299845],[-70.51151299979078,43.83176599996558],[-70.51610499977531,43.83763800020572],[-70.51730900007252,43.847283999815716],[-70.52559199969305,43.85028999998906],[-70.52998200001123,43.85398100013891],[-70.53300300017574,43.85254800002648],[-70.53287599995413,43.84566199979657],[-70.53127699964672,43.844144000259355],[-70.53326799959129,43.8438000000062],[-70.53221999982802,43.842294000310304],[-70.53325099987286,43.84084200020348],[-70.5315779999456,43.84000300027757],[-70.53453100033805,43.83625399998118]]]]}},{"type":"Feature","properties":{"GEOID":"23035","NAME":"State Senate District 35","BASENAME":"35","STATE":"23","SLDU":"035"},"geometry":{"type":"Polygon","coordinates":[[[-70.83359500038657,43.14696500006204],[-70.82976599975996,43.13768400006215],[-70.82875999982947,43.13052800024254],[-70.82514199998838,43.125511000187174],[-70.80435299993539,43.11439599988928],[-70.78386400035639,43.100959000153836],[-70.77968800029846,43.096248000190016],[-70.76589200025339,43.09249500014174],[-70.756783999554,43.08033800015606],[-70.7430329997148,43.07797300024438],[-70.73796899972717,43.073728000179635],[-70.7063100002574,43.075338999831914],[-70.70119699986597,43.045240000071075],[-70.63071399959273,42.98528599991779],[-70.61115200030146,42.97899000013694],[-70.58759300015413,42.94918800024181],[-70.58185499959872,42.938318999854495],[-70.5750940002927,42.91712599993515],[-70.56594100028579,42.92089399998234],[-70.55298299994173,42.929253000249346],[-70.54023100036031,42.944031999989036],[-70.53598800035523,42.95617100021632],[-70.53474899989793,42.98847899969516],[-70.53148300040937,42.9941629998398],[-70.52888200036939,43.00576900001179],[-70.53254200004329,43.019993999679535],[-70.54217999957378,43.03403899981869],[-70.55213299964684,43.043044000085835],[-70.55835300025112,43.04726399992255],[-70.57306999983784,43.05289100031014],[-70.5996579996473,43.05693900001907],[-70.5906260000142,43.0673600002339],[-70.5821629995703,43.09548699976931],[-70.57316000024952,43.100530999882054],[-70.56196199987136,43.10990100024235],[-70.55742000011554,43.11465699969932],[-70.5557620002569,43.12150499976309],[-70.54012699970492,43.13054699985861],[-70.54040500043757,43.11963799989764],[-70.53742299973281,43.10585199988985],[-70.53434499966689,43.09905499973052],[-70.5250800004053,43.08927800019756],[-70.51043400006537,43.08011799988002],[-70.49301400033144,43.07304299985457],[-70.47724200041041,43.0710190003277],[-70.45907199994072,43.07147800004246],[-70.43977199969197,43.076541999672365],[-70.43057100000449,43.08021799974552],[-70.42107700041404,43.086653000121785],[-70.40624299975312,43.10209199979451],[-70.40321599974084,43.115244000114394],[-70.40339599966589,43.12509000015075],[-70.4072269999423,43.138438999807185],[-70.41964399978798,43.15255099997954],[-70.44093800035434,43.16663999979414],[-70.46494100001738,43.17080199990076],[-70.48636199990703,43.17026399967931],[-70.49949400032837,43.16685099989515],[-70.52167500010123,43.154882999858785],[-70.52085400011867,43.17456999985162],[-70.52291799985818,43.17889399974058],[-70.51994000024969,43.1829440003213],[-70.51966599971499,43.191014999697714],[-70.51347699997119,43.196075999811825],[-70.51118499972773,43.20120700009617],[-70.50632400012968,43.218829999852424],[-70.50627800009893,43.224908000260804],[-70.51238300017715,43.24271100021156],[-70.51955399956199,43.251619999756855],[-70.59170100044,43.26843300030363],[-70.59553299964301,43.271629000185705],[-70.60606599967421,43.268997999787764],[-70.60952500040496,43.26447400019106],[-70.61354499992895,43.267713000260976],[-70.62141499999595,43.26662499994061],[-70.6279240003052,43.26270100007277],[-70.6317539998584,43.26543299997768],[-70.63573499992263,43.26347200032492],[-70.64935900043857,43.26438400003113],[-70.65121399994071,43.26012500015275],[-70.70206200022945,43.28345300000908],[-70.70925400042903,43.302448000152275],[-70.80180999962177,43.24253000030348],[-70.80800299956353,43.24502999992317],[-70.81763599996947,43.237744999978226],[-70.81548199981827,43.23351899998976],[-70.81720699962406,43.229345999984076],[-70.81226300018535,43.22867400026298],[-70.80952499987806,43.22488199983137],[-70.81354500030037,43.21996900000723],[-70.81287300028072,43.21735300004372],[-70.81691700009416,43.21452999968347],[-70.81656599956656,43.211318000258935],[-70.82067100037767,43.199491999914585],[-70.81928200013255,43.19299199994475],[-70.82825500021441,43.187788999851485],[-70.82356899962022,43.1742390000186],[-70.82778200038639,43.17043200020373],[-70.8289720004399,43.158523000157935],[-70.83359500038657,43.14696500006204]]]}},{"type":"Feature","properties":{"GEOID":"23001","NAME":"State Senate District 1","BASENAME":"1","STATE":"23","SLDU":"001"},"geometry":{"type":"Polygon","coordinates":[[[-70.0231870003398,46.57348699977674],[-68.82141400042158,46.572510000154146],[-68.82175699965495,46.39580400024283],[-68.69492000013776,46.39550499971706],[-68.69487699958174,46.382612000244954],[-68.56786900036033,46.382539999907074],[-68.56786000013949,46.470876999952594],[-68.30473600009897,46.469394999945045],[-68.3048159995666,46.58715800008492],[-68.30301200011809,46.657770999987285],[-68.17257399957994,46.660704000274436],[-68.17356500034013,46.565240999777416],[-68.04708799977475,46.56823499990513],[-68.05652799983682,46.77567700012896],[-67.92607900032634,46.77876499979152],[-67.92160100014462,46.686521000136594],[-67.78881699983465,46.68944899969335],[-67.79019600003404,47.06722000016147],[-67.8112160000657,47.07604700022453],[-67.82110999968923,47.08341399973131],[-67.8305410004288,47.084970000207896],[-67.84866699961925,47.093303000165044],[-67.88291600015664,47.1044030002324],[-67.8881659999171,47.109813000064875],[-67.89085599964551,47.1265579998233],[-67.89420800024614,47.13046799970252],[-67.90349099994938,47.136485000222066],[-67.90983299985406,47.147219000017344],[-67.92866299974953,47.156218999857636],[-67.93690199988744,47.16606399997234],[-67.93880900016644,47.17093300008033],[-67.95146399966347,47.183464000167135],[-67.95194499988742,47.194533999878615],[-67.95721800011242,47.19961899983613],[-67.97320299957046,47.206789999901524],[-67.98970299958764,47.21002200005557],[-68.0196709995868,47.238497999695795],[-68.05917599973243,47.25518399999922],[-68.07399299977659,47.25915899970886],[-68.08194400003444,47.27099299996389],[-68.09230299998836,47.27655099998416],[-68.12093600016908,47.28742999973824],[-68.127492000334,47.29399899995709],[-68.1358910003055,47.2956479997568],[-68.15221100039761,47.309670000235414],[-68.15386900025625,47.3132989999669],[-68.15233199987313,47.32205199986295],[-68.15468000019308,47.32518499986561],[-68.15998500020514,47.32717399985997],[-68.17604500000625,47.328869999761515],[-68.2023509997834,47.33941600010931],[-68.21453300035073,47.339606000019074],[-68.2237189999696,47.344703999821974],[-68.22471499985436,47.35024899975616],[-68.22812099998333,47.353357999970996],[-68.23446899973578,47.35530100014907],[-68.24797299970281,47.35211799970357],[-68.26490799991315,47.35221700003242],[-68.28479800016578,47.360285999927214],[-68.29034400020225,47.35991000016012],[-68.30326200036335,47.35523799977029],[-68.32766800043252,47.36006800029803],[-68.36312999969128,47.354657000101874],[-68.37187900036548,47.34935700011501],[-68.37772300032779,47.34355099976417],[-68.38471499961248,47.32408099990311],[-68.38084400005141,47.30822599982868],[-68.38478699958252,47.30366099971242],[-68.38389299980501,47.30115399996299],[-68.37631999983896,47.29518399982059],[-68.37472499972951,47.29101500027297],[-68.37785800004701,47.287375000138006],[-68.3899669999211,47.28598000018715],[-68.40984799995287,47.2880080002768],[-68.41509699988845,47.287454999980746],[-68.4298069998025,47.28125899985206],[-68.4413049997563,47.28367000008915],[-68.4487670002926,47.28200999994075],[-68.45848600001393,47.28436699978131],[-68.46561899976396,47.29460899973016],[-68.47502500038918,47.29713900015006],[-68.4901560002527,47.29385700017484],[-68.50826100042505,47.2964750001978],[-68.51676599980345,47.2960859996978],[-68.53023899980832,47.29202899972873],[-68.5387909999407,47.28528499976511],[-68.54980000017298,47.282142000084924],[-68.57191900002154,47.28715100017833],[-68.58005000020445,47.28711499981342],[-68.58944500006069,47.28053999979029],[-68.59235700044525,47.27413400027372],[-68.5976749999778,47.270154999865404],[-68.59820200023248,47.268518000003695],[-68.59331899999482,47.26108500026599],[-68.59354599977554,47.258768999867414],[-68.607518000446,47.24698200007759],[-68.61751199962865,47.243372000199805],[-68.6530959999845,47.23926999982455],[-68.65984700014309,47.23612400005172],[-68.66319800002049,47.236279999703605],[-68.67495399971715,47.24232700001181],[-68.68435199994644,47.24288699987466],[-68.68715200017803,47.24441000013977],[-68.69170800017754,47.243836999781244],[-68.70510699966425,47.23786599977785],[-68.71702399991773,47.2405409997629],[-68.73014600029333,47.23567299986689],[-68.73436599983384,47.23567899986614],[-68.75189299969789,47.22635999988842],[-68.76434600042688,47.22204399999474],[-68.7813769999984,47.221047999958536],[-68.80426699960083,47.21536599970454],[-68.81152900012059,47.21513099976867],[-68.83145100016026,47.20391899983817],[-68.84996200021347,47.19625099977155],[-68.85743800009516,47.19034000028097],[-68.87103300029877,47.18906899979217],[-68.88215200013592,47.18290699974116],[-68.89551899983557,47.1824339997389],[-68.9000339998272,47.17774199997609],[-68.90487199985901,47.1804730002746],[-68.90844299984445,47.186341999728235],[-68.91977900031486,47.18992999972695],[-68.91994900019418,47.19483200017055],[-68.92374000028762,47.197376999911945],[-68.92844500025006,47.19659899983133],[-68.92994999994784,47.19759400027786],[-68.92805600008762,47.198719999996285],[-68.93411599996001,47.20014600011088],[-68.9410579999143,47.20607800019419],[-68.9507800000087,47.2020040000109],[-68.95285399979396,47.206893999710225],[-68.9611859998183,47.2056860002052],[-68.96527499983758,47.21252499976456],[-68.97858999965871,47.217698999784076],[-68.9803990000284,47.22011300006672],[-69.02707499955889,47.239339999901006],[-69.03377300001405,47.24040300007281],[-69.04089999991628,47.2450109997385],[-69.05074699968412,47.25647900013866],[-69.04684199978787,47.27158499993641],[-69.05077799964627,47.27847400007744],[-69.04919199975765,47.283323999882406],[-69.0496960004461,47.289284000001345],[-69.05117299965647,47.29238300023485],[-69.05311099989761,47.292812999903276],[-69.05346499989994,47.29717999976551],[-69.05063299988132,47.29953800019158],[-69.05069900000355,47.30395599997887],[-69.04923699996348,47.30584899999525],[-69.05486599984064,47.31533100003038],[-69.05353000019727,47.34063999997991],[-69.05488299955907,47.3777159997667],[-69.05002500033409,47.37855000022943],[-69.05088800014944,47.38097299980709],[-69.04748299984537,47.38342299969841],[-69.0421429996732,47.38264499991216],[-69.0396420000907,47.38420800029018],[-69.04013800038325,47.3860119998373],[-69.04488799965321,47.38865699985963],[-69.04540999988502,47.39298600022312],[-69.04376899974481,47.39743300015888],[-69.0392060000726,47.395399999850696],[-69.03756499993239,47.39684299978263],[-69.0418520003184,47.39823499983464],[-69.0427319998522,47.401969999942],[-69.04002899970499,47.40025700006807],[-69.03523900025206,47.4018010002568],[-69.03986999969634,47.40224399974752],[-69.04249400020082,47.404746000041236],[-69.04032699963082,47.405689000080834],[-69.03945100029499,47.40372000021826],[-69.03237600027128,47.40222100008935],[-69.03159899977136,47.40313300025245],[-69.03340899996597,47.4044409999506],[-69.03059899968865,47.40742000019361],[-69.03128699960182,47.409056999820926],[-69.03659499998692,47.40767699986003],[-69.03451899965353,47.414565000239925],[-69.04224899997843,47.4157129999486],[-69.03919699985177,47.419655000212565],[-69.03945700014276,47.42228600018478],[-69.04225599965112,47.423586999783254],[-69.04321700027408,47.426784000124194],[-69.0474350001648,47.427741000222376],[-69.04654600041017,47.42427299971632],[-69.05215000017297,47.4221419997647],[-69.05231800040247,47.42327399980565],[-69.04854999987523,47.42419400016975],[-69.05324200031717,47.42853000001937],[-69.05212000003574,47.430007999740006],[-69.05448500007414,47.42909099977671],[-69.05682900019613,47.42997599998578],[-69.0556380003177,47.43217799977447],[-69.06215299957644,47.432642000111166],[-69.06354900039258,47.434058000215515],[-69.0637400001883,47.43189900013798],[-69.06190700042745,47.430585999812756],[-69.06734200013585,47.43007500001689],[-69.0683930002722,47.427406000145396],[-69.07485599965237,47.42728799979376],[-69.08136300031181,47.423739000027275],[-69.08813899968645,47.42553600028636],[-69.09013800002694,47.4241360001579],[-69.09126699998109,47.42682999985764],[-69.09785199956,47.426890000004484],[-69.09715699997415,47.42974000021021],[-69.09888199977993,47.431448000141664],[-69.10055899990516,47.430197000075324],[-69.10419199981486,47.43086499972532],[-69.10506100037632,47.42790199983278],[-69.10774100005898,47.427684000185664],[-69.10656400042427,47.43067499970156],[-69.10779299993752,47.43537500029522],[-69.1126000000072,47.43580100014774],[-69.11208699999621,47.43751700010024],[-69.1179999995555,47.43919300016584],[-69.12201499995491,47.44269800013642],[-69.1233790000857,47.442606999849495],[-69.12360900023948,47.44068699993597],[-69.12681100015395,47.443565000223224],[-69.13930099979454,47.446635999885515],[-69.14105599973757,47.444003000121484],[-69.1456109999122,47.448588000160036],[-69.15037199995112,47.44872699969789],[-69.15649899977063,47.45163900023207],[-69.15902299981768,47.448419999953],[-69.16225800024246,47.447431999724316],[-69.16505599992588,47.449238000007036],[-69.16312799973049,47.450274999902085],[-69.16492799987935,47.45151499973109],[-69.17251799956387,47.45353999970617],[-69.17273400037224,47.45564900005839],[-69.17889700017679,47.45737799998133],[-69.18990800005888,47.45356300003286],[-69.19579399985398,47.45549299987231],[-69.20519600028123,47.45195300025193],[-69.20613299971644,47.454101000103634],[-69.21788900031142,47.45661400001091],[-69.22446100036987,47.45983299982984],[-69.6128539995823,47.07903300015761],[-69.9971109998181,46.695519999930525],[-70.0231870003398,46.57348699977674]]]}},{"type":"Feature","properties":{"GEOID":"23010","NAME":"State Senate District 10","BASENAME":"10","STATE":"23","SLDU":"010"},"geometry":{"type":"Polygon","coordinates":[[[-69.10262099999485,44.83249599992693],[-69.09533400025904,44.80294400019906],[-69.1018700003325,44.802087000060794],[-69.10063400024823,44.79695700029045],[-69.09405299996895,44.79773200012679],[-69.06099799968302,44.66394599972212],[-68.89672599960751,44.691723999902614],[-68.89588399970856,44.689247999810924],[-68.86535699966765,44.6942169999458],[-68.86597799963367,44.69695900012042],[-68.83752899957598,44.70212500028132],[-68.8362070001763,44.69797300024171],[-68.83783400007282,44.694010000071664],[-68.83649900025435,44.69183400029946],[-68.81653700003172,44.68580399991467],[-68.81181500035083,44.67046499985333],[-68.81292800041146,44.66853999976912],[-68.82241600015412,44.66400500007591],[-68.83162699988735,44.6516089998212],[-68.83492599988621,44.64145000017278],[-68.84694500024692,44.625306999945764],[-68.84720299998979,44.61795200023771],[-68.84320000018423,44.612077000239374],[-68.83386800007717,44.60668499999361],[-68.82671699988552,44.59994000005809],[-68.82073800020399,44.59149599978621],[-68.81261799989174,44.574750999923005],[-68.80779499992853,44.571200999987084],[-68.79827200002576,44.568096000305346],[-68.79059699995246,44.56983800025883],[-68.77329400039439,44.56546099969967],[-68.74625499959993,44.58128900025941],[-68.741537000117,44.58191800012665],[-68.73830300041548,44.58463400028366],[-68.73635900032656,44.589818999689896],[-68.73215999980413,44.590146999702434],[-68.72984699964425,44.59356700028468],[-68.72709300034175,44.59431299977354],[-68.65117500036011,44.655769000115335],[-68.62447299984953,44.6387099999633],[-68.56773600029094,44.646300999939164],[-68.56839800026485,44.6495169999524],[-68.55512299972838,44.65136500026087],[-68.55426800030894,44.648467999952615],[-68.41868100029265,44.66614299976856],[-68.44171900003309,44.7489849999247],[-68.49183699967756,44.94402599992339],[-68.63630399988928,44.9239449998871],[-68.63066999998925,44.918021000156465],[-68.63814400022112,44.911374999883634],[-68.63751599968408,44.90296499977197],[-68.6405080004346,44.8970910002179],[-68.66179299988181,44.88060600003364],[-68.67111400011822,44.868457999755925],[-68.67442599963755,44.85827200023728],[-68.69597799994678,44.84544100031055],[-68.69902000002769,44.84112800024116],[-68.70075800025229,44.83133800017756],[-68.69671199989071,44.82651599979531],[-68.69682200039388,44.82251400022055],[-68.72118599973194,44.82000199983174],[-68.74121599972663,44.810055999791516],[-68.74590300014572,44.809301999980875],[-68.76797500013862,44.796372000108434],[-68.7762739996527,44.78246200023223],[-68.7811529996924,44.77828999970547],[-68.79175199984587,44.78337799969922],[-68.92077900039757,44.76655800001112],[-68.92108999984389,44.77007799996885],[-68.92348199964646,44.77203700007045],[-68.92832999972401,44.772216000220524],[-68.93289999996723,44.77713900017407],[-68.93883400034123,44.77909499974315],[-68.9462030000928,44.77738399976985],[-68.94590299961882,44.77589400029855],[-68.94248200031953,44.77541100009922],[-68.94112499986146,44.77246200024492],[-68.94268499981081,44.77112099988192],[-68.94450199967811,44.77182400010595],[-68.94660800014876,44.76914699987083],[-68.94615899971187,44.76306599978825],[-68.95885099991713,44.761225000113626],[-68.98310499965034,44.848342000122145],[-69.10262099999485,44.83249599992693]]]}},{"type":"Feature","properties":{"GEOID":"23028","NAME":"State Senate District 28","BASENAME":"28","STATE":"23","SLDU":"028"},"geometry":{"type":"Polygon","coordinates":[[[-70.29102800003831,43.645530000149414],[-70.28629700013661,43.645402000210375],[-70.28064800016799,43.63897299983227],[-70.2723909995884,43.64166100010841],[-70.26222900017626,43.64191600022897],[-70.2383860003468,43.65837500029318],[-70.22863900013803,43.658256999862026],[-70.21957499981959,43.65112700024331],[-70.21582499973402,43.635431999803515],[-70.20557700010816,43.62877399976435],[-70.18280600033142,43.62165600024351],[-70.10718999957527,43.54434799980881],[-69.97585099958692,43.59787599986063],[-70.0651689997785,43.6736999999059],[-70.09539799989358,43.68817000026116],[-70.08406499979621,43.699992000289356],[-70.09057800030344,43.71231000020459],[-70.09381799985273,43.7144319997229],[-70.1154649996982,43.69802000009222],[-70.12223400029846,43.7012810003186],[-70.1328390002997,43.68352900020367],[-70.11100999998104,43.66313999988217],[-70.161267000441,43.65430900029162],[-70.19918599979968,43.700147999881516],[-70.21065799981423,43.691117999844465],[-70.21710400037429,43.68112300002373],[-70.24573500000687,43.69042100022505],[-70.25091899964511,43.70014699972723],[-70.26640199986113,43.70245699992435],[-70.27069599991982,43.700440000058855],[-70.27466100009053,43.70536799997826],[-70.27734599979607,43.705500000261644],[-70.27724100021408,43.7108669997435],[-70.28814400014116,43.69978399976882],[-70.28278800007548,43.69325200002019],[-70.26848700041536,43.685925999759384],[-70.27723799984105,43.680957000118205],[-70.2847539999057,43.67208399973766],[-70.28530700009966,43.66364899981653],[-70.2814940002649,43.657533000016215],[-70.28654400000882,43.65529299987688],[-70.29102800003831,43.645530000149414]]]}},{"type":"Feature","properties":{"GEOID":"23034","NAME":"State Senate District 34","BASENAME":"34","STATE":"23","SLDU":"034"},"geometry":{"type":"Polygon","coordinates":[[[-70.92501300030267,43.324704999769935],[-70.92301399996215,43.32325500024828],[-70.91915400027173,43.324445000157745],[-70.91825399974815,43.323056999920254],[-70.92035900039386,43.321210000078004],[-70.91680400030197,43.32207199988398],[-70.91636099971285,43.31969200012259],[-70.91141700027414,43.31972300031292],[-70.91355399980858,43.318189000321524],[-70.91179800004065,43.315733000160115],[-70.9153999999882,43.3154119999162],[-70.9112950000754,43.310438000057204],[-70.91375200017531,43.30889700014518],[-70.90703700000172,43.30466199998576],[-70.90372600030729,43.30628700014138],[-70.90143700043689,43.30284699981121],[-70.90204800035715,43.30135900023172],[-70.8963409997639,43.29855099977818],[-70.89776000014625,43.29672000032397],[-70.90393999966922,43.29678100026806],[-70.907435000385,43.29364599987339],[-70.90656400017372,43.29203599996985],[-70.90099499967269,43.29138000003747],[-70.89731800028038,43.2927219998638],[-70.89632599969526,43.29210400020001],[-70.89931699972257,43.28788699993447],[-70.89673800032223,43.28534500030967],[-70.88720000035086,43.28271999981071],[-70.88361500012174,43.28343799976437],[-70.88584299989279,43.280813000033525],[-70.88265400039708,43.27891299971629],[-70.88334099958703,43.273230000143144],[-70.87429100041061,43.27185600019855],[-70.87006500012397,43.2661340002131],[-70.8628930000159,43.26479899998781],[-70.85745999995733,43.25581200001898],[-70.85510999998755,43.25505699999312],[-70.85208899982304,43.25672700029826],[-70.84282700003617,43.25422499979249],[-70.83957599971791,43.251341000315506],[-70.84108700016176,43.24812900027326],[-70.83840999995385,43.247208999925824],[-70.83792899972991,43.24243799996329],[-70.82743099985879,43.24338400013125],[-70.81763599996947,43.237744999978226],[-70.80800299956353,43.24502999992317],[-70.80180999962177,43.24253000030348],[-70.70925400042903,43.302448000152275],[-70.70206200022945,43.28345300000908],[-70.65121399994071,43.26012500015275],[-70.64935900043857,43.26438400003113],[-70.63573499992263,43.26347200032492],[-70.6317539998584,43.26543299997768],[-70.6279240003052,43.26270100007277],[-70.62141499999595,43.26662499994061],[-70.61354499992895,43.267713000260976],[-70.60952500040496,43.26447400019106],[-70.60606599967421,43.268997999787764],[-70.59553299964301,43.271629000185705],[-70.59170100044,43.26843300030363],[-70.52079200019439,43.252121000153615],[-70.5148150001627,43.255565000037315],[-70.50218800025473,43.268125000004986],[-70.49728800029864,43.274361999713285],[-70.49323000024151,43.28682900010524],[-70.47327200021681,43.29100100012995],[-70.46547400011985,43.2894779999563],[-70.45531400035755,43.290346999693995],[-70.42180799998492,43.297494999736884],[-70.40093199989329,43.30829099975312],[-70.3967070003299,43.31246500020211],[-70.38537800043048,43.31528099995661],[-70.36739700010666,43.32331700024472],[-70.3516369998812,43.339100999920696],[-70.34678700015381,43.34962300027647],[-70.34618499955606,43.35818299969638],[-70.40354399980389,43.394207999873764],[-70.40301999992225,43.399090000024444],[-70.39906700034541,43.401348999973415],[-70.39705399976121,43.409441999691985],[-70.39033899958763,43.413179000005165],[-70.39077799997877,43.41636999999934],[-70.39379499994533,43.41890899975137],[-70.39298800020646,43.422056999825514],[-70.40640799960956,43.41975799995449],[-70.47686499994356,43.45254099976563],[-70.49163699978186,43.428420999813945],[-70.49285799979751,43.4150970001567],[-70.47734000031969,43.38173100019193],[-70.48004599994164,43.38235799976744],[-70.47790500020922,43.38104100001845],[-70.48536900039535,43.37776499980123],[-70.48566800014609,43.37348700028268],[-70.49136499979531,43.37400300011944],[-70.49474199961196,43.372206999693624],[-70.49688499989252,43.37434899979332],[-70.50492999986167,43.37669299968926],[-70.50503399961876,43.37863799967503],[-70.50796799974462,43.37842599970868],[-70.50739399963427,43.380500999940466],[-70.5097040003194,43.38010100011899],[-70.51385500026295,43.38308899989686],[-70.51692499993295,43.382594000244836],[-70.51559900033533,43.38532199983599],[-70.52275100035192,43.39185000000175],[-70.52137999965014,43.393177999694835],[-70.52480500004567,43.39279500007425],[-70.52497800029805,43.39536199994471],[-70.52247199979433,43.396485000087615],[-70.524101000239,43.39948500019366],[-70.52703500036488,43.400500000145335],[-70.52576999996829,43.40242100007759],[-70.53352799988228,43.405877999837315],[-70.53813900013338,43.41475799983741],[-70.53610600035601,43.41686899969432],[-70.53724199998285,43.418682000221644],[-70.54507100004194,43.423064999908156],[-70.54160700018664,43.42505699992764],[-70.54363900013912,43.427658999959284],[-70.54244900008561,43.42877799986966],[-70.54943700007065,43.42990800024728],[-70.54977500017947,43.432456000194],[-70.55293799973587,43.43173299977814],[-70.55401499981149,43.43410900012212],[-70.55674800009592,43.43502599985246],[-70.55413500036039,43.43764599976458],[-70.55844299976448,43.43877600024673],[-70.55516700023016,43.44037799970666],[-70.55816400010522,43.44251700024876],[-70.55762900035293,43.44594099979554],[-70.56202100032091,43.44865000014093],[-70.56093599984938,43.44949300006466],[-70.56581700043724,43.45020100008102],[-70.5657720002314,43.44864400018754],[-70.56974099970176,43.44922800025011],[-70.57639200030124,43.446561999997456],[-70.58248700033371,43.452203999882684],[-70.58708199979297,43.452636000227365],[-70.58826400034886,43.45122400023839],[-70.590371999571,43.4522330001187],[-70.59183799980903,43.45651300009541],[-70.59453400028353,43.45557499994497],[-70.59688599990314,43.45682100011523],[-70.59774399969561,43.45547699989755],[-70.6001999999706,43.45622600028037],[-70.59974100038629,43.457874999834104],[-70.60430700043155,43.45796000027293],[-70.60725200042808,43.45746399978548],[-70.7241869999258,43.33489600010013],[-70.73434800041136,43.35918199982656],[-70.74123400028915,43.3670889997863],[-70.74121900022054,43.37526499988781],[-70.74989900039944,43.381310000304694],[-70.74801899988462,43.38593099990684],[-70.74914799983875,43.38801099980823],[-70.75764700026768,43.388493000075165],[-70.75679299977485,43.390226000311685],[-70.76253999965277,43.39275400018278],[-70.76370499959192,43.39578800013029],[-70.79162700029325,43.41667600022279],[-70.92501300030267,43.324704999769935]]]}},{"type":"Feature","properties":{"GEOID":"23008","NAME":"State Senate District 8","BASENAME":"8","STATE":"23","SLDU":"008"},"geometry":{"type":"Polygon","coordinates":[[[-68.88092299972435,45.2249470000834],[-68.84077499987139,45.08966100012672],[-68.79187700041764,44.90145499979985],[-68.79502200043072,44.90281600005552],[-68.80122899971788,44.900044999955824],[-68.80218199994492,44.90079399984665],[-68.80280600028398,44.9007279998422],[-68.7952190000742,44.87351899982694],[-68.74437900018138,44.880181000139956],[-68.74136700023769,44.878905000068826],[-68.72088199995832,44.86373799974515],[-68.73081199956687,44.85496699984907],[-68.72577699989155,44.835384000094265],[-68.72244899958037,44.83580800002071],[-68.71873600020305,44.82038299982053],[-68.69682200039388,44.82251400022055],[-68.69671199989071,44.82651599979531],[-68.70075800025229,44.83133800017756],[-68.69902000002769,44.84112800024116],[-68.69597799994678,44.84544100031055],[-68.67442599963755,44.85827200023728],[-68.67111400011822,44.868457999755925],[-68.66179299988181,44.88060600003364],[-68.6405080004346,44.8970910002179],[-68.63751599968408,44.90296499977197],[-68.63814400022112,44.911374999883634],[-68.63066999998925,44.918021000156465],[-68.63630399988928,44.9239449998871],[-68.49183699967756,44.94402599992339],[-68.50109500016477,44.98071799976373],[-68.37589200021678,44.99737300007775],[-68.3969030000276,45.083296000289366],[-68.27049699960735,45.1001209998841],[-68.30371400027497,45.22153100019214],[-67.93975999984535,45.26784500029832],[-67.96688099975727,45.351878999815064],[-67.95792799976691,45.3532470001825],[-67.9727120001991,45.40434200029265],[-68.0203540003754,45.553285000280965],[-68.10984699957086,45.538589000228015],[-68.11192799992712,45.5399020003009],[-68.11181499994922,45.54410400010851],[-68.10956000041399,45.54474800028953],[-68.11150600015274,45.54741899985948],[-68.11349899974714,45.54471999991536],[-68.11677099998181,45.54549299977583],[-68.1321450004179,45.54273900001556],[-68.12969499999069,45.53625799976555],[-68.1630669995707,45.5300760000837],[-68.16171699968363,45.52562400013359],[-68.36320900023233,45.49554799970319],[-68.36331399981432,45.497866000288724],[-68.35768599976207,45.50434600018551],[-68.3592159995742,45.50718099973694],[-68.35904499986998,45.51216200019374],[-68.36243000008257,45.51805100013845],[-68.3628059998262,45.52315900020305],[-68.36628999977297,45.528349000220814],[-68.36939399977818,45.53978200020971],[-68.39121800007396,45.559927000180295],[-68.4191850000828,45.57744099973299],[-68.42005399974595,45.57632899979205],[-68.42421899993322,45.57915200020302],[-68.42825100005109,45.57880299976069],[-68.4313840003686,45.58135799972143],[-68.43559600041152,45.58160900020803],[-68.44009700015945,45.58546599985008],[-68.44321799988309,45.584886999838936],[-68.44848899955993,45.586677000026704],[-68.45172300015979,45.5906890000467],[-68.46442500041081,45.59910200030606],[-68.46894500042531,45.5993569999561],[-68.46938999976592,45.59769399998293],[-68.46693900041213,45.594226000039335],[-68.46980999989049,45.59223200018513],[-68.47858899980359,45.59225500021913],[-68.48715299963153,45.594795999934355],[-68.5141859996799,45.59803699985172],[-68.52964700015461,45.604167999694106],[-68.53677800025481,45.61529600003022],[-68.53740699971844,45.614164000290465],[-68.53676999985889,45.6209120003097],[-68.54185999978579,45.63118900002042],[-68.54161999958627,45.63555400017303],[-68.54579499981928,45.63888300008609],[-68.54655700025063,45.64159099992409],[-68.55173199966801,45.64373099984984],[-68.55277500030674,45.65292899972069],[-68.55665400026373,45.65761600008501],[-68.5616649996496,45.66081599983455],[-68.55319200005825,45.6517199997794],[-68.55389400021514,45.64685399978789],[-68.5526749998493,45.643712000108934],[-68.54696200030658,45.641021000078005],[-68.54616499971512,45.63816399984186],[-68.54393399957105,45.63640000028659],[-68.543360000359,45.62736100020786],[-68.5441479998313,45.62843099974968],[-68.54508299961667,45.62741700022775],[-68.54625500012682,45.63001000020719],[-68.54530100007486,45.62709900013447],[-68.54700400013937,45.62618699969929],[-68.54282600043162,45.6250549999414],[-68.54307699960346,45.62354799989187],[-68.54138000028507,45.620030999774045],[-68.53972200042642,45.619151000105674],[-68.53887799997933,45.61414299988072],[-68.53507699984014,45.60977100028404],[-68.53589100015,45.608244000134505],[-68.54450299965853,45.60749599988719],[-68.55382300007001,45.61535499988862],[-68.56222000039169,45.616107000260456],[-68.57687900025209,45.6222379999516],[-68.58444800002022,45.62228399991268],[-68.60573400019065,45.63257999975677],[-68.60724499973621,45.63229600029103],[-68.58720399987085,45.6210700003132],[-68.57380600020906,45.62014700029075],[-68.56252300034039,45.61462300001162],[-68.55422700030105,45.61376299987426],[-68.54636999975456,45.60677400027319],[-68.5323219998144,45.60363900010058],[-68.51372500044577,45.595479000158754],[-68.50506600018328,45.59454199974124],[-68.50056100023737,45.59182199969211],[-68.48961700030245,45.59174600007814],[-68.48634800044081,45.59308200009823],[-68.48035899981522,45.59008399974273],[-68.47275300023719,45.58979700016912],[-68.4747030001739,45.58420799998163],[-68.4736699995809,45.58285299972601],[-68.46488399999512,45.58271300022275],[-68.46414800040138,45.578928999741805],[-68.45393900023527,45.586136000118614],[-68.44836200023664,45.582977000126135],[-68.44895300006544,45.58157500004749],[-68.4470009995806,45.582367000141495],[-68.44481600036559,45.58058300024304],[-68.44234099982403,45.582001999903255],[-68.43849799985203,45.57971499994746],[-68.44401200010147,45.57889600019328],[-68.43758999983083,45.57755000021135],[-68.43983400039372,45.57656200002004],[-68.43894100044113,45.57526200022251],[-68.43653600021976,45.57669899986471],[-68.43126700019273,45.57487300030561],[-68.4269570002405,45.5754540000321],[-68.4077790001905,45.568709000306676],[-68.40259300000413,45.56291300021802],[-68.39428799974398,45.55842199970724],[-68.37738500021898,45.544100999720165],[-68.37065800034983,45.53533299984875],[-68.36064199962925,45.51137500011669],[-68.36165599995567,45.5083880002951],[-68.36037399984065,45.50290800013629],[-68.36989699974342,45.49640799988494],[-68.37153500040888,45.49017899973489],[-68.3833780001442,45.485508999902095],[-68.3858970001684,45.48054499980893],[-68.39355299997514,45.47765099987183],[-68.39651300004027,45.47126699989894],[-68.40069800031904,45.467589999788366],[-68.4350399998445,45.4492040000934],[-68.44467099970231,45.44031799986006],[-68.45192499982616,45.43794999989547],[-68.48690599975933,45.418957000073554],[-68.49582299976468,45.40677299991683],[-68.49932799962785,45.39779599989173],[-68.49781799990721,45.39324399995852],[-68.50434099956186,45.38613900008106],[-68.50966400001558,45.38398799989884],[-68.51607100021758,45.38575500010246],[-68.51508399965536,45.388917000016846],[-68.51773499992402,45.392105999773975],[-68.51518699958753,45.388828000019494],[-68.51636599977036,45.386146000021945],[-68.51566600016163,45.384860000117214],[-68.52783100011223,45.381453999793095],[-68.53953699958018,45.3743909997945],[-68.55001299970998,45.362857000121295],[-68.56606800038655,45.35201899996132],[-68.57700800012354,45.349328000123045],[-68.59371700037808,45.33371700014727],[-68.60116700032049,45.33054299976425],[-68.61248000032639,45.32142599976828],[-68.6172329999694,45.31949999975633],[-68.62586999959227,45.319066000151054],[-68.63340999994637,45.313330000211835],[-68.6356379997174,45.307536999911434],[-68.70881599974193,45.3221370000241],[-68.75544600013997,45.24326299968605],[-68.88092299972435,45.2249470000834]],[[-68.54518200024918,45.62664799988771],[-68.54395000036288,45.627534000021484],[-68.5434099996894,45.62620900012965],[-68.54370299959237,45.62612000010585],[-68.54518200024918,45.62664799988771]],[[-68.54148800024012,45.622633000149904],[-68.54219200004681,45.624210999789646],[-68.54144499968409,45.623126999986795],[-68.54148800024012,45.622633000149904]],[[-68.541853999938,45.62693199970285],[-68.54188900009811,45.62786799994129],[-68.54169300027952,45.62801100018066],[-68.541853999938,45.62693199970285]],[[-68.54138100011,45.626018000045995],[-68.54181299993013,45.625308000054936],[-68.54153199972274,45.62598200012835],[-68.54138100011,45.626018000045995]],[[-68.54105600041999,45.62259899971103],[-68.54105600041999,45.623444999995286],[-68.54066499970942,45.62269100025962],[-68.54105600041999,45.62259899971103]],[[-68.54027700027022,45.62354799989187],[-68.54024399975994,45.62593799970903],[-68.53900600002586,45.62352500012044],[-68.54027700027022,45.62354799989187]],[[-68.5387919997656,45.606331999918815],[-68.53387300044125,45.60710800006772],[-68.53179000043517,45.60431799994824],[-68.5363489999094,45.60479899983875],[-68.5387919997656,45.606331999918815]],[[-68.53804799977594,45.619243000029215],[-68.53831599956453,45.62062200001158],[-68.53783699988875,45.61912500026384],[-68.53804799977594,45.619243000029215]]]}},{"type":"Feature","properties":{"GEOID":"23021","NAME":"State Senate District 21","BASENAME":"21","STATE":"23","SLDU":"021"},"geometry":{"type":"Polygon","coordinates":[[[-70.22426200023868,44.09393300010362],[-70.22257900026567,44.090246999868576],[-70.20905400038227,44.080306999821325],[-70.20720200035485,44.07723399968174],[-70.20734799994472,44.0647039997728],[-70.20205299997842,44.06189099982197],[-70.19908299986751,44.05598999983957],[-70.18759199958639,44.04518000006329],[-70.18508000013324,44.03550100021157],[-70.18010099963611,44.02623400011829],[-70.17603300043153,44.022651999863925],[-70.16715200041119,44.01917799997328],[-70.16565400038611,44.00895600019638],[-70.15855800044602,44.005345999934455],[-70.14307900042795,44.02205899994804],[-70.12679299977272,44.06559000013123],[-70.11622299993158,44.10776200029514],[-70.11875000035168,44.11539400020802],[-70.11525200016118,44.12623699970747],[-70.19975200041243,44.167507000313975],[-70.21074900005082,44.15109099971135],[-70.2008830000164,44.13925199979021],[-70.20245100036168,44.13349999983353],[-70.20791100018442,44.12769900017263],[-70.2104500003001,44.12183299967859],[-70.21652900043902,44.116592000248865],[-70.21726199965974,44.11151100027894],[-70.22289700028298,44.10617499971757],[-70.22242100008192,44.09953999983486],[-70.22426200023868,44.09393300010362]]]}},{"type":"Feature","properties":{"GEOID":"23006","NAME":"State Senate District 6","BASENAME":"6","STATE":"23","SLDU":"006"},"geometry":{"type":"Polygon","coordinates":[[[-68.50109500016477,44.98071799976373],[-68.44200600008827,44.75007600001549],[-68.38411200008814,44.53226400023036],[-68.3860810002914,44.52595099984978],[-68.37054700002174,44.51826300019781],[-68.3032239998302,44.5278470000763],[-68.29953700039212,44.51402400025527],[-68.27437899993738,44.504549000051924],[-68.27176299982882,44.50007600028709],[-68.26640900031128,44.49632799979561],[-68.26390000033284,44.488789999763206],[-68.25615800031238,44.479453999844836],[-68.25466899960982,44.465966999966525],[-68.24908999996138,44.457984999963],[-68.24755299957825,44.452609999970804],[-68.21723099957674,44.443282000312],[-68.22596199980926,44.42853099996186],[-68.22724899994715,44.4174490003195],[-68.21901300018227,44.410154000076396],[-68.21992799987616,44.40384999990021],[-68.21690900025979,44.397422999899874],[-68.21303399960243,44.39452000017781],[-68.19840700042738,44.394365000271605],[-68.19325600040112,44.39279799971628],[-68.19102100005907,44.390751999745035],[-68.19432599990571,44.38133999981462],[-68.16415600024017,44.37510500030489],[-68.15502300032475,44.36622399978844],[-68.16005499962702,44.35430500002205],[-68.15521199957233,44.34244400020941],[-68.15541900015988,44.32729800026604],[-68.16031499991801,44.30480399973702],[-68.16613600031411,44.291729999728446],[-68.12777600001614,44.264365999917516],[-68.06095900016287,44.27825599982717],[-68.0278439996025,44.2742139997944],[-68.0181779995846,44.27510699969183],[-67.99944599959842,44.28019700031901],[-67.98270999957971,44.288383000007464],[-67.9736469999845,44.29515899972227],[-67.96557500025112,44.30599800025742],[-67.96077900005211,44.319265000185396],[-67.94241199993891,44.32607100014514],[-67.93338899962835,44.33230799986027],[-67.92517799997783,44.341433999850615],[-67.91669100014278,44.33351199985332],[-67.89815099977724,44.32212599985441],[-67.87444299966698,44.31692499971549],[-67.8583360000102,44.31702399969769],[-67.84228600025482,44.32047600013242],[-67.82372800034594,44.327038000006816],[-67.80968999955323,44.33651000029682],[-67.80079600001241,44.34748499990411],[-67.79526199967148,44.361165000186006],[-67.79604199964616,44.37952299970175],[-67.8055689997469,44.39101500021137],[-67.79899400021371,44.39836400026914],[-67.78833700033394,44.40218900029128],[-67.77474999962794,44.41131399999717],[-67.75856699980318,44.39826200030285],[-67.74174399974582,44.39083099989213],[-67.72953100011465,44.387702000159116],[-67.71532900018872,44.38650099998859],[-67.6958189998777,44.38769599979031],[-67.67938599980768,44.39187899991935],[-67.67464200038552,44.39463400020704],[-67.6549789999136,44.38670700002825],[-67.62741299976275,44.38347299989961],[-67.61003300021181,44.3857829998802],[-67.56758499971947,44.397209000301224],[-67.553655999605,44.40316999976952],[-67.54958300037757,44.40662400031673],[-67.51278499967879,44.42065200028174],[-67.49943300004773,44.42754899974762],[-67.47302699981316,44.448339000033386],[-67.46688199955197,44.457317000298175],[-67.45524100038135,44.46487300014646],[-67.44422700012619,44.48112599975869],[-67.44171800014776,44.49023300007687],[-67.44125600019038,44.50007900015183],[-67.44339600009788,44.50527899969652],[-67.41387800036051,44.50964000025924],[-67.38820000022208,44.520398999732826],[-67.3744309999412,44.51817000001977],[-67.35677600003064,44.51809399986737],[-67.33598299977969,44.52269700025623],[-67.31547699958391,44.53326900030541],[-67.30417600017189,44.54438200022433],[-67.30082000027163,44.5498570001458],[-67.27923000032759,44.55031699973965],[-67.26367599996644,44.55414499985099],[-67.2480520001834,44.5548979998759],[-67.2358710003393,44.558142000208505],[-67.19148999962871,44.57953600005446],[-67.17431900031511,44.59470399978461],[-67.15707199993523,44.600206000106766],[-67.14085399995037,44.6082650002675],[-67.13344500001583,44.61376000018801],[-67.12744799989265,44.62141699996107],[-67.11059300004824,44.62879799989816],[-67.09671099978947,44.63919200024118],[-67.08828300040396,44.652730999745316],[-67.0502129996359,44.68104799969473],[-67.0437850004158,44.68799099970138],[-67.03927899974668,44.696967999921846],[-67.02396499958508,44.70509099993288],[-67.01076500029,44.71732200008055],[-66.97752099985817,44.731241000175686],[-66.96374300025477,44.75008000008439],[-66.9522689996921,44.76042200005163],[-66.94184100014118,44.765624999805866],[-66.90255500027867,44.77656099976245],[-66.88544400034124,44.79420800018208],[-66.93256299956249,44.82550800025266],[-66.96529900000618,44.8289029999353],[-66.97486299991682,44.84160500000306],[-66.97477400022836,44.850971000233876],[-66.98070900042727,44.860480000248096],[-66.9821339997591,44.86725900026029],[-66.97999999969939,44.87744499982657],[-66.97222400024205,44.89477499996716],[-66.96871000015803,44.91038900016507],[-66.99684600022128,44.92837100023486],[-67.00999000033818,44.94476200024553],[-67.02166499984399,44.953914000205195],[-67.09455099979047,45.07451299977655],[-67.11255700022863,45.11258399987232],[-67.12890800028289,45.1323820002826],[-67.1449959996731,45.146015999898836],[-67.1588710002592,45.16203500017205],[-67.16796499981655,45.164733000308374],[-67.19089299995213,45.16571500001971],[-67.20508300018248,45.171408999822674],[-67.2231630002405,45.163362999981],[-67.22728400004682,45.163428999932854],[-67.2329000004035,45.16851699988711],[-67.24280900009565,45.17244299981834],[-67.24393899987469,45.17825599983465],[-67.24742600019452,45.18088900028993],[-67.25530499958403,45.18285999974062],[-67.26224200041378,45.187941999887116],[-67.26921600015514,45.19050800019619],[-67.28336000035473,45.19185899983095],[-67.29099100004713,45.187572000203225],[-67.29073199958103,45.181663000201944],[-67.29404700037173,45.177165999919985],[-67.29110499984995,45.17457099998695],[-67.2914260002403,45.17103499975561],[-67.29934300016295,45.16918000028676],[-67.30268599964444,45.16071200003418],[-67.30162500036067,45.156995999815614],[-67.29422499974866,45.153631999797916],[-67.29597300001898,45.147837000129854],[-67.30977499991182,45.143656000271186],[-67.32001199966703,45.14240200028807],[-67.31770100005531,45.138022000219976],[-67.32082199977894,45.13133500006672],[-67.33050500041358,45.13180100003049],[-67.34084799957567,45.1250410000878],[-67.34599299975417,45.12645200012245],[-67.34916500042974,45.12949599976305],[-67.35344500024472,45.129164999750785],[-67.35752900024112,45.13220400018198],[-67.35656000012057,45.132989999704996],[-67.37068000003072,45.14200300006764],[-67.38072000014243,45.15214400006668],[-67.39258999964193,45.15429400020764],[-67.40502900012723,45.1600629999125],[-67.40476899983622,45.16677700006689],[-67.3991990004086,45.16895499984988],[-67.39832900002226,45.17338000002812],[-67.40051999998337,45.17766700015454],[-67.40653999967279,45.178903999902964],[-67.41811399979457,45.18999699989741],[-67.42687199979127,45.191515000175286],[-67.42926699996688,45.193464999794685],[-67.42796899995837,45.20179100019497],[-67.43729299966948,45.21990799979384],[-67.43698899989587,45.222737999905696],[-67.45384899976315,45.24123500015813],[-67.46008199988789,45.242002000216125],[-67.46419699984644,45.24511499981442],[-67.47311300002687,45.25863699988422],[-67.47149000032833,45.260707999827936],[-67.47478400030433,45.26327700003721],[-67.47641899969844,45.27539599970103],[-67.48203099985716,45.27536499996582],[-67.48350499959278,45.27945400006571],[-67.48904399995656,45.28057499975465],[-67.48966300027277,45.28213299990767],[-67.4858710003544,45.28701499991071],[-67.48639600006095,45.28989099993798],[-67.48507799996094,45.291153000055445],[-67.47611099972686,45.28863300008854],[-67.47471499980904,45.29167700025181],[-67.46612500004183,45.29385899998378],[-67.46595799963724,45.29688499979427],[-67.46870299961724,45.297375000137194],[-67.46806900013073,45.298994000135046],[-67.46031200004167,45.30001800023037],[-67.45786300033768,45.30959100012544],[-67.45346700017173,45.31369100018443],[-67.45183699990218,45.317681999751954],[-67.45690900028572,45.32525400006937],[-67.4507890001389,45.32915899995116],[-67.44360199996221,45.33086900016252],[-67.44060500008713,45.33603699971772],[-67.43122600012443,45.34107300021614],[-67.42887899962938,45.344387000220664],[-67.43145600027819,45.34976300020101],[-67.4253529998498,45.35741500027737],[-67.43355400035288,45.36081799987858],[-67.43453000014615,45.36496399978456],[-67.4301680003154,45.37161700014657],[-67.42675100031578,45.373681000150924],[-67.42113400013417,45.373571000075266],[-67.4192350002511,45.37710399993655],[-67.42281999958192,45.379288000121946],[-67.4276409998953,45.39101599990905],[-67.44689099991533,45.40675400007194],[-67.45272700038004,45.40967699992359],[-67.45914299990456,45.415780999808156],[-67.46124199980416,45.42222799991273],[-67.47267700000879,45.42322000006265],[-67.4775209998884,45.43052800002687],[-67.47813500018172,45.43686799984427],[-67.48039100044015,45.44093499974054],[-67.47646899992716,45.443322000007676],[-67.47789800035527,45.44642799971654],[-67.48396200042559,45.44940200016657],[-67.48502899955714,45.45275900027998],[-67.48494599971644,45.45634299973076],[-67.48249700001249,45.45709799974052],[-67.48210600020023,45.459396999978765],[-67.48722700008926,45.46772900026094],[-67.50094600014143,45.47893999989035],[-67.50371399968763,45.486703999722614],[-67.50345500011987,45.489567999826],[-67.5000649998844,45.490899999755484],[-67.49509899980607,45.48868700025329],[-67.4895319998532,45.48915499987068],[-67.48816100004973,45.49117900000563],[-67.48921800003384,45.493055999941184],[-67.48548899986467,45.49559999988512],[-67.4816900002736,45.49380500020376],[-67.47759700005638,45.497048000004185],[-67.47330299999768,45.4960640002549],[-67.47139499989377,45.49723900015643],[-67.46754299970095,45.49517500005406],[-67.46373499988907,45.497055999967536],[-67.47123599988512,45.50085100026098],[-67.46988599999804,45.50582699982638],[-67.46689699962059,45.50580500004623],[-67.46359900034496,45.50838000005321],[-67.45158900020506,45.499070999949865],[-67.44971399971311,45.499086999930235],[-67.44891899966983,45.5021260001301],[-67.4534589997758,45.50884799969966],[-67.45014100040869,45.51026700011191],[-67.44192400001208,45.50523900011383],[-67.43061500020414,45.50307899996079],[-67.43010700021603,45.50102299988322],[-67.42733700012168,45.50091699971691],[-67.42447400014092,45.50365299985962],[-67.42522399997836,45.504895000291036],[-67.4228179999321,45.50549500016965],[-67.41801099986242,45.50120199977041],[-67.41621099971354,45.50129500020468],[-67.42092800026985,45.51179200003645],[-67.42640599963596,45.51518400020436],[-67.42568799958555,45.517122000264266],[-67.43269800021024,45.519780999987844],[-67.43174400015828,45.52379700006043],[-67.43486400005699,45.52813700002602],[-67.43474299968317,45.53588599977305],[-67.4324710004295,45.540407000053875],[-67.42507699966527,45.54025799992443],[-67.42390099985548,45.54701999990127],[-67.42066600032904,45.549675999896444],[-67.42267599964187,45.55376800006551],[-67.42205399985093,45.55653199973652],[-67.42654100025348,45.56060399984085],[-67.42887000030687,45.56833699997217],[-67.42319399967573,45.57159200001384],[-67.42552799975198,45.57843199999078],[-67.44509699961422,45.5961780002665],[-67.44732500028358,45.59660699973832],[-67.45001800038504,45.602465999931724],[-67.45670199969818,45.6043400001613],[-67.46500100011058,45.60343600024142],[-67.4684890002553,45.600681000274996],[-67.47248600021308,45.60051700023892],[-67.4771839996045,45.60390900030138],[-67.48601399957123,45.60141399979648],[-67.49329000033468,45.60134299971722],[-67.49410799994418,45.59893800005439],[-67.48774599994803,45.59696299968608],[-67.48795799966014,45.59582199973856],[-67.49113199998553,45.59323500009833],[-67.49150600007935,45.590897999687655],[-67.499022000144,45.58665400022155],[-67.51921600017022,45.58756800025755],[-67.53521300022216,45.595042999808996],[-67.54799499994081,45.59784699998004],[-67.55707900035075,45.59697299995214],[-67.55776800008884,45.59482199974076],[-67.56168899987863,45.59469300002678],[-67.58322299974618,45.60226899982074],[-67.58985699972891,45.60678400004756],[-67.60837399962993,45.6061480002916],[-67.6391020004106,45.625114999736375],[-67.64395600033593,45.6231469999852],[-67.63977500025516,45.616081999949756],[-67.6455659996157,45.61333900018127],[-67.66328099980075,45.62536000027452],[-67.66622699962217,45.62421400029728],[-67.67522999984125,45.63074100017461],[-67.67978400019095,45.638222000212416],[-67.69229999977081,45.65008700015334],[-67.6913130001069,45.653533999773934],[-67.69794100024185,45.65955400001491],[-67.70139000002854,45.669057000115096],[-67.71053800001258,45.67920299990758],[-67.70957399991488,45.68132800013963],[-67.71781399987772,45.67941000020561],[-67.72825200037269,45.68924400019182],[-67.73455200044457,45.68891999988637],[-67.73349899976012,45.68403399993153],[-67.72995399971396,45.67667499987142],[-67.72370499969568,45.67219200016438],[-67.72349200015869,45.669990999803964],[-67.71794299974916,45.66766100002986],[-67.71760299999052,45.665137999979294],[-67.72007299961089,45.662264999851175],[-67.72494699962773,45.66416600025912],[-67.72722899982544,45.66264000012396],[-67.73247299973814,45.66337999968866],[-67.74442000012884,45.67291700009062],[-67.7543029998817,45.667574999995935],[-67.76871800024297,45.67748699994078],[-67.80362999968087,45.67765100017252],[-67.8056890002958,45.68005100004296],[-67.87358099967652,45.66929600004402],[-67.87820600017133,45.67222099968891],[-67.88932599983339,45.67183500015412],[-67.89664400042963,45.67525399995645],[-67.90226400008595,45.68011499976842],[-67.89695499987596,45.66530199998874],[-68.04801199968945,45.63989700006285],[-67.9727120001991,45.40434200029265],[-67.95792799976691,45.3532470001825],[-67.96688099975727,45.351878999815064],[-67.93975999984535,45.26784500029832],[-68.30371400027497,45.22153100019214],[-68.27049699960735,45.1001209998841],[-68.3969030000276,45.083296000289366],[-68.37589200021678,44.99737300007775],[-68.50109500016477,44.98071799976373]]]}},{"type":"Feature","properties":{"GEOID":"23014","NAME":"State Senate District 14","BASENAME":"14","STATE":"23","SLDU":"014"},"geometry":{"type":"Polygon","coordinates":[[[-70.13259499990222,44.37138199985996],[-70.13166199976666,44.36746899994411],[-70.12890599991601,44.36820400007028],[-70.10019900011548,44.33456600026823],[-70.09905000006985,44.319546999939895],[-70.07446400007564,44.29847100028303],[-70.07574700001555,44.20616799995833],[-70.06588299963096,44.200759999954585],[-70.05546500012576,44.199091999683105],[-70.06049800015126,44.19177499992749],[-69.96837300005541,44.17618000005441],[-69.94719099964203,44.238299999876816],[-69.91299700025455,44.23264999985911],[-69.91562500005868,44.22707799974455],[-69.92051400014412,44.226692000148695],[-69.92210300040581,44.223896999712],[-69.91456200022678,44.21742600018393],[-69.91164300016952,44.21017499981386],[-69.90073799969431,44.20705200010531],[-69.89968099971021,44.203338000124596],[-69.89686799995815,44.201973000163726],[-69.89524299971147,44.194598999829104],[-69.8979759999959,44.189611999898325],[-69.89353499962411,44.18239000024208],[-69.87995600021235,44.17995200022026],[-69.86687700039276,44.18159600031916],[-69.86033600029646,44.17889999986295],[-69.85554699977013,44.179164999981715],[-69.84808699978198,44.17051499996867],[-69.85498299970553,44.167862000257195],[-69.76356599961431,44.153217000029464],[-69.75875000022214,44.144727999705275],[-69.75820799989881,44.139333999865805],[-69.65674200037341,44.12239200003827],[-69.66544099992055,44.227575999926344],[-69.65154399959316,44.27500799976624],[-69.80165599957556,44.29925699976353],[-69.80053599984225,44.30267700018652],[-69.81059799969528,44.30429399976888],[-69.80891800009532,44.309744000053115],[-69.82710100008549,44.31403399996343],[-69.82643200043888,44.31765799990231],[-69.83237199976236,44.318740000273],[-69.8297430001333,44.32525999980482],[-69.82631199988997,44.324761999711555],[-69.8245469999012,44.32860100001816],[-69.83112599963236,44.32991299985895],[-69.83060699977358,44.331564999868505],[-69.83377000022833,44.332090999866345],[-69.82825299960585,44.34605799984081],[-69.83423399983549,44.3471670000571],[-69.82356400043525,44.380748999984185],[-69.82206499968693,44.38069699979287],[-69.81851899981588,44.39174599970055],[-69.92401300015953,44.40985699973808],[-69.94151699955906,44.411586000220154],[-69.94057799957571,44.41509200030831],[-69.98275800027945,44.420967999790925],[-69.98331399994812,44.419102000082006],[-70.01682500034364,44.42444000026957],[-70.0169850001772,44.41811000025618],[-70.01895600003029,44.415360000218826],[-70.01763499955722,44.39945200018466],[-70.02179100042197,44.390913999744946],[-70.0994609999736,44.380100999685006],[-70.10049100019353,44.38385399983294],[-70.12217200037419,44.381130999949164],[-70.12005199965985,44.37271199972914],[-70.13259499990222,44.37138199985996]]]}},{"type":"Feature","properties":{"GEOID":"23012","NAME":"State Senate District 12","BASENAME":"12","STATE":"23","SLDU":"012"},"geometry":{"type":"Polygon","coordinates":[[[-69.39816199973852,43.86769700007305],[-69.39692900002731,43.861691999713834],[-69.38986400004937,43.85340099972675],[-69.36587100043208,43.83778700028836],[-69.32499299993484,43.81637399974477],[-69.23347999958416,43.77800199989587],[-69.23327600026799,43.78096199994724],[-69.2425349996818,43.799761000094136],[-69.26234000044391,43.81537399996813],[-69.24949000005489,43.81914599998718],[-69.23655400035044,43.82562599981439],[-69.22656299974422,43.81220300016526],[-69.20682400000265,43.79995899990095],[-69.19719899999265,43.79599200009592],[-69.17104200017842,43.793193999691795],[-69.14982499960493,43.79573500025454],[-69.13101499980097,43.80313399970058],[-69.11890000007908,43.810968000303916],[-69.10562100024298,43.81409300027971],[-69.09421199997762,43.81889899979234],[-69.08300500027693,43.82564699987392],[-69.06493500026465,43.841908000087436],[-69.0580109998537,43.852458000124194],[-69.05589400041075,43.85891099967904],[-69.03427199978132,43.84638200015771],[-69.02278399987324,43.84250700004715],[-69.02474399985569,43.834210999941675],[-69.02429500031712,43.819841999684726],[-69.01790900003151,43.80785400024309],[-69.00992199978866,43.79843600004459],[-68.99948300036708,43.79163899975006],[-68.98115999973652,43.78378599982394],[-68.94983600000249,43.78016999990095],[-68.94443599955589,43.76787000019308],[-68.93816899999428,43.760337999754825],[-68.9255179997969,43.750088000202176],[-68.91290599995753,43.744415999758516],[-68.89030699970994,43.73943699980945],[-68.8744779998875,43.73417899974723],[-68.84910100004795,43.73238399992752],[-68.82691600007713,43.73571100017722],[-68.81051399996926,43.74265900016835],[-68.80055900024635,43.75008700023241],[-68.78613899986225,43.768363999897005],[-68.7822440000117,43.77753700011576],[-68.78180999964344,43.79272399987871],[-68.78532399972744,43.80433899970803],[-68.76449299984168,43.81901299990954],[-68.74947300030624,43.83253099967772],[-68.72431499985149,43.834592000153584],[-68.71275400014848,43.83839900000393],[-68.68465999991803,43.85464700004972],[-68.66943299979505,43.86957599969762],[-68.6649870002987,43.88050200011036],[-68.66378899984926,43.89392599998406],[-68.66872099959241,43.90882600022624],[-68.67329099983564,43.91637199994441],[-68.6869460003137,43.929808999931],[-68.69599399984031,43.93485999996691],[-68.71649500001321,43.94198399975309],[-68.7426490003527,43.943146999981046],[-68.72147799980999,43.961937999741515],[-68.70709400030918,43.96376099991842],[-68.69789000024866,44.0000969999456],[-68.71705900007782,44.06232000019265],[-68.72396300039729,44.07454500001054],[-68.73698699996527,44.09067399975047],[-68.74016799996336,44.097132000096984],[-68.74046699971409,44.10804900021652],[-68.73563100023041,44.11917500007176],[-68.74294200025567,44.123783999845394],[-68.7549480001976,44.13596900024841],[-68.76495499979903,44.16377000029633],[-68.77736599979691,44.17979299996611],[-68.7960280003612,44.188576000285664],[-68.81249300021827,44.20084700024829],[-68.82115199958245,44.20272500009676],[-68.83047000034414,44.20996400031587],[-68.83559700008094,44.20945400001898],[-68.85303600008143,44.20216699995706],[-68.8709989999636,44.19881699985147],[-68.89638400019906,44.20993500021289],[-68.91663799960143,44.16666699968107],[-68.99999999967773,44.166739000277666],[-69.0048419999075,44.20316200013273],[-69.01321400011483,44.21055800026097],[-69.02836800044288,44.2490069999027],[-69.04310500012109,44.259549999868],[-69.12162199959454,44.25564400026301],[-69.26888200036514,44.364653000170534],[-69.34661600038918,44.30833699972754],[-69.32768500021137,44.29459099984834],[-69.32751299978392,44.29187300009307],[-69.33018599979388,44.29098300005067],[-69.32837899997232,44.28775600021692],[-69.32920599980267,44.285169999943726],[-69.33673399956288,44.278377999919456],[-69.3353400001932,44.27560899981375],[-69.33761200034519,44.274378000133005],[-69.33591799960321,44.27117699970168],[-69.33181500023854,44.269479000186045],[-69.33075300023155,44.26695199984178],[-69.33176699965964,44.26553599982245],[-69.3261739997675,44.26386799973498],[-69.32643700043154,44.2611030001225],[-69.32376799972123,44.259445000124714],[-69.32595200000965,44.257440999965866],[-69.3307210004445,44.256662000132096],[-69.33065699997208,44.25533800010606],[-69.33438000029346,44.25443600021498],[-69.33441499955525,44.255679000101686],[-69.33618000044234,44.255556000006735],[-69.33759700027657,44.2533099997087],[-69.33636799986499,44.25081999990789],[-69.33958300019826,44.250197999864234],[-69.33998800025422,44.24753200027967],[-69.34232099960725,44.24554499989351],[-69.34154499983053,44.24462000020663],[-69.34442899972768,44.24278299990412],[-69.34281299970185,44.242923000146455],[-69.34328999972782,44.241818999873196],[-69.34500299983806,44.24199400009564],[-69.3461119997007,44.23925800016879],[-69.3449850002947,44.23385999981377],[-69.34652199977954,44.23366600014241],[-69.34404399976323,44.23302500030054],[-69.34623999974721,44.23147000019975],[-69.34330700034457,44.22949799984057],[-69.34750000012092,44.227153999990456],[-69.3446399996149,44.22574000019838],[-69.34881099964994,44.22598800000772],[-69.34907400031398,44.2283729998841],[-69.35702200019878,44.22722299974758],[-69.35920899996194,44.22485799998519],[-69.3611289997614,44.22511300029038],[-69.3595589997663,44.2240819997942],[-69.36084300042945,44.22206999973852],[-69.35941300017643,44.22112099973789],[-69.36157800019829,44.21997899997859],[-69.36196700036072,44.2163769999998],[-69.36532300026099,44.2159610001824],[-69.36802800005802,44.21765400002495],[-69.36786099965342,44.21627699981677],[-69.37091500032822,44.21599699968848],[-69.37375499984444,44.21222499982684],[-69.37184400026581,44.21089799972767],[-69.37245400036117,44.208753999807236],[-69.36945300028815,44.207908000066745],[-69.3721749998036,44.20540500018758],[-69.33767199972132,44.20937000017527],[-69.30366099973362,44.13267699996645],[-69.3115020003866,44.095490000033905],[-69.30614100029806,44.094091000095474],[-69.3038349998109,44.09649200001388],[-69.30105700021896,44.092502000197655],[-69.28202700030695,44.06452299991305],[-69.28226800033137,44.05258399980874],[-69.29803000020665,44.05899100026837],[-69.29951499981293,44.05768999972338],[-69.30065600036096,44.05384200019332],[-69.29702900029903,44.05253799994311],[-69.29920000016868,44.05039799987921],[-69.29860199976888,44.046690000017456],[-69.30319600030154,44.046641999759444],[-69.30536100032337,44.04478199983956],[-69.30934300021254,44.045283999911454],[-69.312537999556,44.04076500018569],[-69.31861199967209,44.03721000024926],[-69.320379000209,44.03341400015763],[-69.31848899964844,44.03169099973037],[-69.31856800018947,44.027521999960655],[-69.3261319999347,44.019766999736994],[-69.32839300021602,44.01353900023727],[-69.32725400021614,44.00946399970465],[-69.32932399980345,44.008890000121504],[-69.32640700029432,44.00762900028738],[-69.3280950002902,44.005895999731266],[-69.32962299955419,44.00669299990824],[-69.33466099960255,44.0046789999835],[-69.3367970002104,44.00908500030687],[-69.33830399955801,44.00935000009442],[-69.33799999978439,44.01141300023914],[-69.34361799979088,44.01457499969387],[-69.34338000013949,44.0167629997157],[-69.34579700005644,44.01875499971579],[-69.3543270004475,44.01449699993955],[-69.35723300008597,44.01094900026615],[-69.36399599994013,44.01287300012029],[-69.39816199973852,43.86769700007305]]]}},{"type":"Feature","properties":{"GEOID":"23015","NAME":"State Senate District 15","BASENAME":"15","STATE":"23","SLDU":"015"},"geometry":{"type":"Polygon","coordinates":[[[-70.04636599964722,44.491090999965735],[-70.0421810002668,44.488374000167745],[-70.04231699981092,44.479627000197176],[-70.03609000043228,44.48906400028548],[-70.03280800015186,44.49003500023255],[-70.03077799984922,44.48818499992895],[-70.03076100013078,44.47557700003969],[-70.03178499960462,44.46826700022701],[-70.03581900027062,44.4609920002552],[-70.03453899980543,44.45879300008403],[-70.02914900030288,44.46560800019826],[-70.0255670004468,44.46672899982968],[-70.02307900038477,44.46568500029704],[-70.02124900009866,44.46820400008468],[-70.01570600043524,44.464026000284235],[-70.02518699960689,44.44450000001987],[-70.03060100029721,44.426622000000236],[-69.98331399994812,44.419102000082006],[-69.98275800027945,44.420967999790925],[-69.94057799957571,44.41509200030831],[-69.94151699955906,44.411586000220154],[-69.92401300015953,44.40985699973808],[-69.81851899981588,44.39174599970055],[-69.82206499968693,44.38069699979287],[-69.82356400043525,44.380748999984185],[-69.83403499964386,44.34828499971572],[-69.83403100034421,44.34669199975337],[-69.82825299960585,44.34605799984081],[-69.83377000022833,44.332090999866345],[-69.83060699977358,44.331564999868505],[-69.83112599963236,44.32991299985895],[-69.8245469999012,44.32860100001816],[-69.82631199988997,44.324761999711555],[-69.8297430001333,44.32525999980482],[-69.83237199976236,44.318740000273],[-69.82643200043888,44.31765799990231],[-69.82710100008549,44.31403399996343],[-69.80891800009532,44.309744000053115],[-69.81059799969528,44.30429399976888],[-69.80053599984225,44.30267700018652],[-69.80165599957556,44.29925699976353],[-69.65154399959316,44.27500799976624],[-69.62569999977337,44.36180199971879],[-69.5063819997956,44.34287000010381],[-69.44549799959307,44.46383899968265],[-69.46969799979793,44.467154000096514],[-69.46969299977505,44.48223400025551],[-69.5153249997402,44.490441000024425],[-69.51398700044702,44.494511999836405],[-69.53855400017467,44.498075999930826],[-69.54326499998487,44.480602000293295],[-69.56498499962528,44.48386799968137],[-69.56561900001009,44.48259599978839],[-69.78791099958411,44.51847699983712],[-69.7818750000012,44.526837000113844],[-69.77977899957631,44.53472899968559],[-69.77256700018357,44.53828899973211],[-69.76619299959353,44.55858300012474],[-69.77901000037062,44.56035600017536],[-69.77819600006073,44.56302200022777],[-69.77970999997935,44.56835899999843],[-69.78295700009966,44.5689259997249],[-69.78360200035513,44.570667999778394],[-69.7823190004152,44.575893999802084],[-69.81846799976226,44.58131200021773],[-69.81995400009178,44.5802760000504],[-69.81865699990814,44.58021700028383],[-69.81974099965643,44.57960199981406],[-69.81701599976793,44.57404400014633],[-69.8263350003545,44.568832000181814],[-69.83479799990012,44.5584719999642],[-69.83872999956054,44.549710000267496],[-69.84209399985674,44.54745700002612],[-69.8539459998129,44.54884099987838],[-69.8602550001056,44.553813000108036],[-69.86573400019493,44.564156000276704],[-69.87008799962976,44.56586999985473],[-69.87448999964349,44.56484100020587],[-69.87724100036958,44.55951700007142],[-69.87788699955163,44.552617000148466],[-69.87206699987878,44.5395710000241],[-69.87315599964994,44.530250000039025],[-69.87919600032915,44.52569799982216],[-69.88320900018044,44.529880000002095],[-69.88321400020331,44.52765600031143],[-69.88755099991971,44.52921100012995],[-69.88777699987551,44.53206300018339],[-69.88906400001342,44.53192300011354],[-69.88892099989827,44.53029900019649],[-69.90959100012557,44.512433000188395],[-69.94754100034473,44.51808399999163],[-69.94553199995848,44.52572599990967],[-69.94732700008447,44.525971999825465],[-69.94408199961397,44.5378279996905],[-69.94968899974984,44.53866400022406],[-69.95467300026982,44.5269999999004],[-69.95889799983321,44.527684999792996],[-69.96011800002397,44.52440699992752],[-69.96206499958761,44.52457899976419],[-69.96326899988482,44.5205989998637],[-69.98235499987331,44.52360500000954],[-69.98637299974749,44.52105900005711],[-69.98892899958159,44.52538499994063],[-69.99271499965215,44.525082000255935],[-69.98966099987568,44.52366799988918],[-69.98855000036322,44.5210760000016],[-69.98992700001446,44.51678799977986],[-69.99342400038005,44.514776999744115],[-69.99407399976008,44.51699499992427],[-69.9955829996558,44.516649000031414],[-69.99853199985029,44.50213799991338],[-69.99970699983518,44.503405999901005],[-70.01475599968293,44.50446600006295],[-70.03053599999987,44.50878599982068],[-70.0316569995581,44.507240999816915],[-70.03544600000171,44.50818299992374],[-70.03746600025862,44.500809000027665],[-70.04230500011535,44.49453099972222],[-70.04529000029486,44.49481399995328],[-70.04636599964722,44.491090999965735]]]}},{"type":"Feature","properties":{"GEOID":"23005","NAME":"State Senate District 5","BASENAME":"5","STATE":"23","SLDU":"005"},"geometry":{"type":"Polygon","coordinates":[[[-70.55285300024538,45.66789900025244],[-70.5057750001337,45.51377400010689],[-70.5186959997695,45.512126999900204],[-70.47282500032806,45.35137999995809],[-70.39868300020585,45.065632999985986],[-70.52150199984887,45.04652699975229],[-70.48743700033282,44.86997400002456],[-70.51627499965463,44.86697099971896],[-70.51323000009899,44.837399999864985],[-70.34893899975687,44.90438099987272],[-70.32790000035695,44.86490600031821],[-70.26746200021829,44.88416899973186],[-70.25351899986013,44.83111599993119],[-70.26439699967284,44.82799800029016],[-70.26322000003813,44.82508999968664],[-70.26047099986016,44.82551200019467],[-70.25876199994791,44.821137999781016],[-70.26143599978278,44.820635000185874],[-70.25869400017584,44.81383299983706],[-70.25514800030479,44.81342500005684],[-70.25144300042504,44.81692400020677],[-70.22111499967745,44.69583399987338],[-70.2073880001277,44.67218200017788],[-70.2414920000018,44.661422999882646],[-70.24327500043223,44.654084999976234],[-70.25148000023499,44.65799699985726],[-70.31694399982813,44.63764399971915],[-70.34757999964899,44.58017499978454],[-70.2807479997271,44.56961899991962],[-70.2778060001036,44.573072000121584],[-70.15248099995688,44.58930999986929],[-70.13957000036682,44.53823099978874],[-70.1293899996147,44.487216999830714],[-70.04235000032118,44.485234999932175],[-70.04232900040479,44.48867500030425],[-70.04641500005103,44.490910000243474],[-70.04581599982632,44.494097999943804],[-70.04230500011535,44.49453099972222],[-70.03787399978931,44.5002429999984],[-70.03544600000171,44.50818299992374],[-70.0316569995581,44.507240999816915],[-70.03053599999987,44.50878599982068],[-70.01475599968293,44.50446600006295],[-69.99944900009231,44.503358999772196],[-69.99857799988105,44.50211899994336],[-69.9955829996558,44.516649000031414],[-69.99407399976008,44.51699499992427],[-69.99342400038005,44.514776999744115],[-69.98992700001446,44.51678799977986],[-69.98855000036322,44.5210760000016],[-69.98966099987568,44.52366799988918],[-69.99271499965215,44.525082000255935],[-69.98892899958159,44.52538499994063],[-69.98637299974749,44.52105900005711],[-69.98235499987331,44.52360500000954],[-69.96326899988482,44.5205989998637],[-69.96206499958761,44.52457899976419],[-69.96011800002397,44.52440699992752],[-69.95889799983321,44.527684999792996],[-69.95467300026982,44.5269999999004],[-69.94968899974984,44.53866400022406],[-69.94408199961397,44.5378279996905],[-69.94732700008447,44.525971999825465],[-69.94553199995848,44.52572599990967],[-69.94754100034473,44.51808399999163],[-69.90959100012557,44.512433000188395],[-69.88892099989827,44.53029900019649],[-69.88906400001342,44.53192300011354],[-69.88777699987551,44.53206300018339],[-69.88755099991971,44.52921100012995],[-69.88321400020331,44.52765600031143],[-69.88320900018044,44.529880000002095],[-69.87919600032915,44.52569799982216],[-69.87315599964994,44.530250000039025],[-69.87206699987878,44.5395710000241],[-69.87788699955163,44.552617000148466],[-69.87724100036958,44.55951700007142],[-69.87448999964349,44.56484100020587],[-69.87008799962976,44.56586999985473],[-69.86573400019493,44.564156000276704],[-69.8602550001056,44.553813000108036],[-69.8539459998129,44.54884099987838],[-69.84209399985674,44.54745700002612],[-69.83872999956054,44.549710000267496],[-69.83479799990012,44.5584719999642],[-69.82718099955311,44.56793500029088],[-69.82302200011193,44.57178699982119],[-69.81694700017096,44.57414800007431],[-69.81972800013595,44.58128099982666],[-69.79281300008837,44.5773300002974],[-69.7873239999533,44.594113000171],[-69.77629399980462,44.60823600000203],[-69.74428200015744,44.60260699983937],[-69.7802709996709,44.677119000145],[-69.79091900022816,44.67872500024572],[-69.82885900040156,44.6715510000442],[-69.83253999999184,44.67404499990019],[-69.86279500004616,44.66969700021174],[-69.86416300037493,44.67577199980929],[-69.86763100042819,44.675138000010335],[-69.8683439995574,44.68167299972],[-69.86581399966258,44.682357999816254],[-69.86845499988547,44.692930000249945],[-69.89194700008566,44.706881999916995],[-69.8902259995795,44.70803900022335],[-69.89510600034244,44.71170100010998],[-69.89581500017199,44.71716900024274],[-69.88722100020684,44.72224099988422],[-69.88675900024948,44.72879899980172],[-69.88394700032232,44.732151000171086],[-69.89097700014018,44.732798999977035],[-69.89540400026826,44.73045500022782],[-69.89886700029865,44.731930999850576],[-69.89685500043768,44.73666399982169],[-69.89773800034452,44.73855700009955],[-69.89261900010531,44.74501600002566],[-69.89576800031634,44.74853800022954],[-69.90299200030296,44.751325999769335],[-69.9033909996128,44.753159000000544],[-69.89968999993103,44.75660900024306],[-69.89673900008673,44.75651500024017],[-69.89453899990478,44.75415599975349],[-69.89280900007611,44.75516900031198],[-69.89571300006476,44.75868399992759],[-69.90241999984241,44.75951299994165],[-69.90256499960738,44.7616909999313],[-69.90119299997899,44.76374499999276],[-69.89412499962799,44.762828000214576],[-69.88971000009379,44.76451899984914],[-69.88657799960119,44.774122000303606],[-69.8892539999842,44.79035000030365],[-69.88430899982227,44.79451199999118],[-69.88862299997244,44.79729600001576],[-69.88642100014067,44.802389999724454],[-69.89172199995477,44.8121529997585],[-69.88461699979385,44.81636700006245],[-69.87320599987865,44.818147000303036],[-69.87116999972824,44.822159999886956],[-69.87425199999213,44.83021099999352],[-69.87335499984157,44.833081000075985],[-69.87101599974245,44.834457999714914],[-69.86600799983131,44.83212800027098],[-69.86447800001919,44.832922999968744],[-69.8666609995844,44.84073800005724],[-69.86877499955261,44.84084799987009],[-69.87101400009263,44.83795100011628],[-69.87369200012547,44.83809200027148],[-69.87859100025666,44.84220500025672],[-69.87927300032204,44.84605200016304],[-69.87751400018105,44.848397000119625],[-69.87238700044423,44.84966099969374],[-69.86890799962201,44.854755999882634],[-69.86298599984188,44.85543099989886],[-69.86283299968102,44.857573999854154],[-69.86553900020127,44.860543000231026],[-69.86348200013444,44.868957000130074],[-69.86456000003496,44.87958100022499],[-69.85955299994873,44.88717100019963],[-69.75115299996662,44.9010649996877],[-69.72448700033935,44.808335000131656],[-69.59931799982824,44.8243690000608],[-69.60746499990466,44.852858000250016],[-69.53244499989847,44.859188000192276],[-69.52238600041852,44.82581800003192],[-69.52237700019768,44.82347699990748],[-69.52499499995606,44.824248999937936],[-69.52165099975136,44.81208799994426],[-69.47901999985923,44.81828900027471],[-69.48462500034526,44.83939300027362],[-69.47423899972883,44.84090900023749],[-69.47458600005845,44.84220800029963],[-69.47109200006594,44.84366300014428],[-69.47022099985465,44.84148300004056],[-69.43920799956693,44.84590100024262],[-69.44914999976936,44.877770000129786],[-69.30552100015696,44.89598800001475],[-69.35566700028883,45.07346899972963],[-69.49986099979076,45.05377799995656],[-69.49519199981334,45.03735199990894],[-69.51860199999776,45.03426799999276],[-69.51564899960532,45.02504300012159],[-69.62096700022187,45.0109559999964],[-69.64575999990532,45.10132300031386],[-69.65475999975133,45.09998899977513],[-69.68700699957517,45.20810799992246],[-69.68364599965204,45.21239900009978],[-69.70535000029724,45.278153999962974],[-69.70832399970776,45.291353999903514],[-69.70042799970153,45.29246099986527],[-69.729214999868,45.37917899970979],[-69.77992800043755,45.54276599975517],[-69.77328400040908,45.54546200008612],[-69.77536999988989,45.549872000040686],[-69.77349799977101,45.55458799969167],[-69.76022399995776,45.554236000237765],[-69.74490599959817,45.560884999973446],[-69.74340500009838,45.562776000076894],[-69.731671000143,45.56683899980852],[-69.72810299963231,45.57032300007289],[-69.72864900015357,45.57208800009507],[-69.72345499957129,45.58170700000075],[-69.71445800009832,45.585571000176564],[-69.7131280003027,45.59485099972822],[-69.71761499980694,45.59746900022758],[-69.72117200044698,45.60342300013564],[-69.72008399960241,45.6079299999617],[-69.71735299986612,45.60866300029323],[-69.7192869999093,45.614631999931646],[-69.71724599973601,45.612098000105895],[-69.71400399963855,45.6120679998492],[-69.71215499998418,45.61394300013215],[-69.70991100031962,45.61316099997424],[-69.70846400034816,45.61629299988475],[-69.70306399990156,45.62038599975381],[-69.70159400036388,45.627816000163605],[-69.70703999994294,45.63289900017658],[-69.70818300014076,45.6375099998038],[-69.71840599965228,45.63985399977986],[-69.71632099999637,45.6476390002419],[-69.71264000040608,45.64744199993075],[-69.71380500034523,45.65003100017931],[-69.71185100021057,45.65039399993556],[-69.70522300007562,45.64467899979752],[-69.70073400002327,45.644581000078716],[-69.69647900032264,45.64068700003215],[-69.69414299969824,45.640939999930104],[-69.69180600014725,45.64503100003974],[-69.70134999996641,45.651652000261286],[-69.72269600041132,45.65748699975462],[-69.72651400026893,45.656409000055014],[-69.73492199956296,45.65754400001026],[-69.7317349997171,45.65582200009579],[-69.736135000081,45.650709000002394],[-69.74420199979149,45.65221299978222],[-69.739501000027,45.65721700010156],[-69.74134100035886,45.65768699986754],[-69.7414140001538,45.66024699987608],[-69.74469100041135,45.66147699995165],[-69.7442729999366,45.66416199992314],[-69.73940200029281,45.66739299989728],[-69.74043099978952,45.668088000059164],[-69.73886099979441,45.67497100015735],[-69.73674799965112,45.67671700027222],[-69.73837299989779,45.676878000051936],[-69.73863099964065,45.679310999940306],[-69.7487929999511,45.68121099970997],[-69.75619500021294,45.67963199999259],[-69.76009799956107,45.68249100021485],[-69.76492899992019,45.682545000221936],[-69.78275700008314,45.69058299986077],[-69.78525699984073,45.69278000020978],[-69.78580199963876,45.69971099975463],[-69.79043299998135,45.704486000278926],[-69.79024399983545,45.710342000250314],[-69.79777800034178,45.71484899984663],[-69.80388000004695,45.715697000244944],[-69.8056569997313,45.72013599975175],[-69.80898400021755,45.72260100014738],[-69.81509599996846,45.721419000311336],[-69.80891999974514,45.72334800016507],[-69.80371000016765,45.720540999692176],[-69.80309300039958,45.72356000026972],[-69.79982600018778,45.72266500010185],[-69.79826600023843,45.72500699993967],[-69.79208599981713,45.725585999771454],[-69.79152500012557,45.72831700003087],[-69.79388299959295,45.72845799988837],[-69.80003000040227,45.73312699972897],[-69.80923500028773,45.7330530000349],[-69.81253199973844,45.735887999770966],[-69.81007299998872,45.73596799979766],[-69.81151900013526,45.73716900027162],[-69.81922799964545,45.739093999836825],[-69.82411799955581,45.742262999807075],[-69.82735200015566,45.73779299980343],[-69.83310499988136,45.73859300022366],[-69.8271649996596,45.73982900016315],[-69.82478499955258,45.743225999969546],[-69.8174280003949,45.746942000058546],[-69.8127819999837,45.74711899970688],[-69.81264100041669,45.74578299972609],[-69.80190900019386,45.74899600019553],[-69.79630500043106,45.74607800014702],[-69.78813800026316,45.74686399980161],[-69.78945499963996,45.7480029997207],[-69.78864500042636,45.74960100028607],[-69.79222800010734,45.75119700004317],[-69.78970400006028,45.75574600009495],[-69.79465599989493,45.75747099973203],[-69.79145599963027,45.75842500014097],[-69.79307900022714,45.75875999983338],[-69.79319100038012,45.761819999743295],[-69.78966899990019,45.76650199972244],[-69.79039799982125,45.76771699973674],[-69.7821000001321,45.76963199973055],[-69.78385099987716,45.77217699994163],[-69.78156200000674,45.77371299975965],[-69.78416999971938,45.77303399983478],[-69.78475200022567,45.774173000105144],[-69.78286400021325,45.7751089997445],[-69.78757599984837,45.774904999724086],[-69.7875010004036,45.77664299972859],[-69.7895480004247,45.77786199972649],[-69.78413799993233,45.782250999877206],[-69.78806299992009,45.78456000008483],[-69.78808600038462,45.7827500001057],[-69.79178399969334,45.78391300000423],[-69.79298899981546,45.783030999708735],[-69.79417899986896,45.782785000231584],[-69.79635300011164,45.78341299970442],[-69.79587299971261,45.78421300028686],[-69.79730200014072,45.783144999892876],[-69.80004499957258,45.78364800019714],[-69.80098899957879,45.784753000110115],[-69.79843699994264,45.784577999800604],[-69.80140700005353,45.7851100001907],[-69.80199399968437,45.78619100018802],[-69.79781500015172,45.784582000293476],[-69.79724600006423,45.783335000308256],[-69.79735999986703,45.785439999779484],[-69.79599699956118,45.78522500030716],[-69.79359399988793,45.783049999755605],[-69.79186099968622,45.78525799990998],[-69.78854300031911,45.78366099982225],[-69.78826299993663,45.78454499979525],[-69.78779199975844,45.784980000290915],[-69.78315799994111,45.7847730000031],[-69.78386400029595,45.78368899996833],[-69.78167099978668,45.78199299993586],[-69.78602699976966,45.77978099994273],[-69.78507299971773,45.77714599979922],[-69.78106099969132,45.77796100027402],[-69.7818399998411,45.775620000260645],[-69.7738280003822,45.766044000311034],[-69.7743270001495,45.764726000119616],[-69.76793900021404,45.762901000061],[-69.76852300037015,45.76132199982845],[-69.75286199987889,45.761665000189616],[-69.75033199998406,45.763356000264295],[-69.75144099984672,45.765913999823056],[-69.74723100035192,45.75970900011367],[-69.7437800000171,45.7598120000594],[-69.74093100028003,45.755537000306155],[-69.7367760001385,45.754632000137754],[-69.7325790001642,45.75597800026332],[-69.72636199993298,45.76230900022333],[-69.7245400000428,45.766600999757706],[-69.72579500039365,45.771440000003594],[-69.72934999958723,45.77602100021898],[-69.73599199996588,45.77922300001539],[-69.73791000011552,45.782540999988626],[-69.72282500028275,45.783303000026486],[-69.72310899996488,45.78557899986823],[-69.71924000005362,45.79114800019096],[-69.71738800002622,45.798755999752515],[-69.70863800042545,45.81147900024657],[-69.7124370000165,45.81948400028898],[-69.71254800034458,45.823047000220626],[-69.71633000021718,45.82892800000859],[-69.71843400013967,45.829793000117306],[-69.71933899978782,45.83362100000066],[-69.7243209997597,45.833293000083984],[-69.72580500043938,45.83438099973674],[-69.72003400027201,45.83491699970667],[-69.71728400026915,45.83447099978408],[-69.71796399978638,45.83332400026378],[-69.71498000033013,45.83183899971144],[-69.71207499961824,45.832235999975765],[-69.70818599961551,45.83653499997888],[-69.70712500033176,45.84224300028577],[-69.70426499982572,45.846136000205426],[-69.70769600006905,45.84702799971055],[-69.7082919999207,45.85040900006249],[-69.70571699982004,45.853938999911335],[-69.71093899999143,45.856300999761196],[-69.71153300019326,45.86078399994118],[-69.71498899965263,45.862368999702234],[-69.71731000020841,45.86577099996149],[-69.72453599984485,45.86578800010678],[-69.72559000035423,45.867131000158345],[-69.72366499963357,45.87100899995898],[-69.72476599999861,45.8738290001338],[-69.73366600028554,45.87697999998657],[-69.73367399978315,45.8791319999428],[-69.73766499989313,45.880243999770265],[-69.73813299969827,45.88313099982407],[-69.73214399997102,45.87835799990585],[-69.72692000014982,45.88020499971363],[-69.72407300006257,45.87910300025297],[-69.7226250002662,45.880998000069766],[-69.71277400030039,45.8831790002001],[-69.70878700038836,45.885583999880176],[-69.69780200044552,45.885670000140244],[-69.69849200000851,45.88033300006948],[-69.7026999998535,45.8783449998657],[-69.70039199971652,45.87380499997753],[-69.70130999978345,45.872606999800546],[-69.69676100035493,45.867220999770296],[-69.69691799981545,45.86425400021542],[-69.69200100014092,45.86508499969703],[-69.69383300007685,45.86188799980695],[-69.68915099968062,45.857884000199306],[-69.69006899974757,45.8541610000651],[-69.68343300011503,45.85096099998848],[-69.67763500018347,45.85289699972643],[-69.67630399966467,45.85139000022147],[-69.6744550000103,45.85234600008972],[-69.6741670001302,45.856740000262064],[-69.6723920000957,45.85895600009455],[-69.67443099972084,45.86224699976244],[-69.65667700007607,45.86013200007374],[-69.65678900022907,45.86189100007933],[-69.65492999963065,45.86166300018838],[-69.65388299969229,45.86367999999863],[-69.64859000027411,45.86283300002254],[-69.64656599981925,45.8639880000889],[-69.68356399963628,45.98363199972683],[-69.72857700018355,45.976882000115054],[-69.7323199996981,46.39400799982303],[-69.7192459999014,46.39410899978208],[-69.72110899979945,46.57405300003786],[-70.0231870003398,46.57348699977674],[-70.05650000036859,46.41557799981316],[-70.0764469996243,46.40953899980913],[-70.08124700002128,46.41066699986779],[-70.0870280002344,46.40924699995741],[-70.08911700008827,46.410924999769215],[-70.09694399959923,46.409478000020165],[-70.09452199965943,46.40829699983972],[-70.09683900001725,46.40699699982702],[-70.09517500031082,46.406417000070675],[-70.10093600043245,46.40525600025107],[-70.09777499962755,46.40424400014859],[-70.1004190002235,46.403150000138176],[-70.09878099955803,46.40106899976507],[-70.10093600043245,46.40126399985695],[-70.10165600013268,46.39707499982328],[-70.10752799968408,46.39263900004284],[-70.10684999981665,46.390530999834525],[-70.10869699982118,46.39137500016571],[-70.10987500017912,46.39026899995928],[-70.1077610002109,46.38899699979828],[-70.1077610002109,46.387718999809074],[-70.10990000029346,46.388941999759396],[-70.11021400011285,46.387419000123955],[-70.1123170002104,46.38809399988523],[-70.11076399993374,46.386108000111555],[-70.11421100007061,46.38520299984513],[-70.11497500015176,46.38801700015251],[-70.1166470002541,46.388217000206716],[-70.11620600021315,46.385917000265025],[-70.1270249995763,46.380399999703464],[-70.12810599984986,46.378938999894046],[-70.12699199996435,46.37080799997887],[-70.1337330000772,46.36888299989606],[-70.13643600022439,46.36987200029045],[-70.14137499964023,46.364805999931484],[-70.14109400033115,46.36252200020575],[-70.1448999995949,46.36210599990231],[-70.14809200036196,46.358993999863706],[-70.15643299970881,46.36145000030789],[-70.15860299975354,46.35923899992061],[-70.16167199959862,46.361061000056395],[-70.16656400005714,46.357361000144856],[-70.17288599987033,46.35918600026964],[-70.18110599974167,46.354161000128144],[-70.1816920004459,46.352181000101695],[-70.19118900040941,46.35021699969815],[-70.19148099958915,46.34756699969783],[-70.19577499964782,46.34328600023518],[-70.19569699983002,46.34083299992509],[-70.20894399987908,46.32949399969531],[-70.20604699956313,46.3247419997119],[-70.20729199986822,46.31955299970558],[-70.20298299974093,46.314361000240986],[-70.2061000001649,46.309855999805094],[-70.20588099988178,46.29972799993736],[-70.21237199974938,46.2985390000704],[-70.21524999979876,46.29476900024973],[-70.2169000001598,46.29544400028825],[-70.21696100025916,46.29422800024654],[-70.23163299964006,46.291027999704326],[-70.2325309996155,46.28470800005304],[-70.23987799962576,46.27914999986502],[-70.24066699982127,46.272950000104274],[-70.24335300025004,46.27306900002411],[-70.24304399955524,46.27181100021808],[-70.24866099973681,46.267081000070256],[-70.25009199981476,46.26143100005091],[-70.2530719999714,46.25882500009229],[-70.25303900035942,46.25516699995666],[-70.2546779999515,46.25421399979485],[-70.2515029998012,46.25186900030584],[-70.25089199988092,46.24910799979071],[-70.25539199980393,46.246125000176285],[-70.25405299978752,46.245699999737056],[-70.2591970001411,46.238916999712465],[-70.25797799977528,46.237927999853575],[-70.2603670001031,46.23022799986209],[-70.26733599982158,46.22501700000457],[-70.26576400017667,46.223610999918186],[-70.26748099958655,46.21940800022411],[-70.26904200025912,46.21966100001623],[-70.26871099982301,46.21797799980521],[-70.27150000018395,46.21648099977433],[-70.27364699976413,46.21682799984338],[-70.27436099961658,46.21451900027028],[-70.2720190000427,46.213700000258164],[-70.27107500003649,46.21082499976555],[-70.276396999767,46.207507999874245],[-70.27753300029214,46.20369700002261],[-70.28541400022978,46.197571999698255],[-70.28600599988349,46.195386000304225],[-70.28816900025552,46.19528300028339],[-70.28897500016946,46.19277200010812],[-70.29269199974475,46.19146399976276],[-70.29009400007784,46.188881000117725],[-70.29060799991375,46.18513599991726],[-70.28593899993633,46.184627999996735],[-70.28583900037721,46.182599999841074],[-70.27759400039149,46.17457500010544],[-70.2665690002657,46.169330999844995],[-70.26446699999305,46.164653000266725],[-70.25964400002984,46.16321099993484],[-70.2554389996596,46.15848300000227],[-70.25261400021198,46.158155999704455],[-70.24953600014605,46.15551100008937],[-70.25035600030371,46.154293999763375],[-70.2476029999278,46.15312499987611],[-70.24823300011464,46.15180599976984],[-70.2438219998801,46.15146099987727],[-70.24251700019887,46.14975000030082],[-70.24059400002635,46.15096899980145],[-70.24041900012416,46.14899200004868],[-70.23628300024922,46.14523299991725],[-70.23958100042317,46.14319399990841],[-70.2396750001345,46.13786399996624],[-70.24390300007094,46.13101100015913],[-70.24356400013724,46.128755999795764],[-70.24743600042153,46.12558899981683],[-70.24783899992936,46.12267500007654],[-70.25148299970971,46.11951099984665],[-70.2521780001939,46.11506899974261],[-70.25453099963842,46.11370300023943],[-70.25348299987512,46.112261000169156],[-70.25532200038205,46.10902500017985],[-70.25279400013703,46.10759199997817],[-70.25220800033112,46.10528900024785],[-70.25311399980419,46.10011900014981],[-70.27253299987859,46.10208500010663],[-70.27936699987788,46.09985999975387],[-70.28593700028651,46.099826000263356],[-70.2841839999933,46.09788999981671],[-70.28970599974032,46.09457399984146],[-70.29202200027323,46.08679300024911],[-70.30190900022407,46.08236000019059],[-70.30227900011992,46.08042900021049],[-70.29998199985359,46.07841499999366],[-70.30285900007806,46.07659099971036],[-70.30207699955525,46.0732680000843],[-70.30502499992483,46.07180299971626],[-70.30253100001501,46.07035799974492],[-70.31095599992577,46.06418200014895],[-70.30687699995224,46.061119000226554],[-70.30335500037062,46.0622590001358],[-70.30038400043482,46.06058499985705],[-70.29219399980236,46.0604409997277],[-70.28424599991759,46.06271800025325],[-70.28218399982788,46.06026700026511],[-70.27894199973045,46.06083799994519],[-70.27832099976443,46.05628599972051],[-70.2807760002145,46.054273999823636],[-70.27961399975008,46.052325999864756],[-70.28104900002597,46.05064600009926],[-70.28913599982793,46.04650199978766],[-70.29424199964835,46.041018999977325],[-70.29736499992013,46.04070999983956],[-70.30185300014757,46.033338000206676],[-70.30193400033842,46.031802999910596],[-70.29846000043739,46.03087899985403],[-70.30137399957347,46.02762000006524],[-70.31799599978937,46.0190750001987],[-70.31404700041048,46.01612999973528],[-70.31222999964486,46.0166540000134],[-70.31049599961823,46.0149249997862],[-70.3113030002554,46.012054000227685],[-70.30612100026701,46.00976599974033],[-70.30554799998156,46.00359100000723],[-70.30301999973653,46.00296699978248],[-70.30402499984211,46.001191999690796],[-70.3023689996333,45.998680000285404],[-70.2919219998158,45.99736099974192],[-70.2903519998207,45.99590199999044],[-70.29109400016056,45.99495900019238],[-70.28870900003068,45.99528899974568],[-70.28862700001491,45.994007999720615],[-70.28394200014397,45.99548800017045],[-70.29467099999377,45.98616299997656],[-70.29972699958546,45.98587500025283],[-70.30698999993014,45.98269199996335],[-70.30891099955453,45.98039800028731],[-70.30703199976293,45.97834799987433],[-70.31193400026717,45.97451800003399],[-70.31024299989825,45.972539000134304],[-70.3124639999966,45.96910799981395],[-70.31157000021909,45.96635899978296],[-70.31585900025492,45.96299099978285],[-70.31255100003523,45.962135000268205],[-70.30484599982468,45.964973000232106],[-70.29837400022367,45.962893999890994],[-70.28338599957696,45.96377699993018],[-70.27700400038762,45.9672510001448],[-70.27268600003949,45.9643730001568],[-70.27494200029793,45.96345799987863],[-70.27447600014261,45.96138299978451],[-70.26571399994795,45.964206000225495],[-70.26144400017871,45.959988000100324],[-70.25802399980603,45.95897899998261],[-70.26006599980421,45.95759099974841],[-70.25865800019083,45.9545880002897],[-70.26052600011177,45.95229000028588],[-70.25635099987876,45.95205800008155],[-70.25279400013703,45.955400999834424],[-70.24896500040875,45.952433000006096],[-70.2480310004483,45.94963599976186],[-70.24232499967992,45.94663899973097],[-70.24427499961664,45.94467799992213],[-70.23914200003202,45.94394399993196],[-70.24035399982685,45.94291500010946],[-70.2396259997307,45.939637999877554],[-70.25330700014803,45.93254799979283],[-70.26309000034179,45.923986999925596],[-70.26235100037499,45.920041999964674],[-70.26055899972373,45.92046699999695],[-70.25718299973198,45.91763899994623],[-70.25953199987684,45.90976400028475],[-70.25338599979074,45.907369999930886],[-70.25386700001467,45.902479999844964],[-70.26571800014592,45.89374899982138],[-70.25882200022237,45.891168999849555],[-70.2722090000135,45.8830839999499],[-70.2739260003217,45.87964200014407],[-70.2844579996297,45.8716980000395],[-70.30351600002909,45.8627369997347],[-70.30780599988982,45.85884699977218],[-70.34194499992404,45.852343999773346],[-70.34351599974406,45.8499779999956],[-70.34930100015514,45.847067999835886],[-70.35299199979114,45.84236000018464],[-70.35218599987721,45.84090300000294],[-70.35569499993834,45.83960099970138],[-70.35942599975735,45.83544999969991],[-70.37082400015203,45.83519799975338],[-70.37193100036487,45.83395899974336],[-70.36933699999761,45.83117099989307],[-70.37224099998626,45.828003999846906],[-70.37679899963561,45.82676499992706],[-70.388027000151,45.818802999758624],[-70.38779299979926,45.81435300002566],[-70.39669300008619,45.80809599996479],[-70.39785100035265,45.803769999728736],[-70.39571599956969,45.80252699987102],[-70.39615999998372,45.798659000174865],[-70.40136700008648,45.79595800016714],[-70.4066700004487,45.797796000249896],[-70.416870000394,45.79553600014921],[-70.41780600000428,45.79397999986064],[-70.41435499966946,45.790161000230604],[-70.41573899989172,45.78534799980961],[-70.41018299980949,45.7842370002648],[-70.40562400033525,45.77651500004391],[-70.40766399978531,45.77320900003774],[-70.40546399960336,45.77000500002495],[-70.40702699992576,45.76252799989072],[-70.40077899973241,45.75735999997521],[-70.39587600030158,45.75663200010643],[-70.38842499963593,45.75020600008725],[-70.38914900043243,45.74700200027843],[-70.3945110003459,45.743589000217696],[-70.39292399973405,45.74146100002201],[-70.39389399967953,45.74008900013285],[-70.3893710001903,45.73745100007959],[-70.39013899957106,45.73609599972736],[-70.3854439996544,45.73626999975896],[-70.38586100030425,45.73461800021989],[-70.38383600002446,45.734554000165296],[-70.39010199976116,45.72849600015816],[-70.39650599959012,45.72908100001016],[-70.39673099972103,45.725141000143076],[-70.4006220002719,45.72166100013072],[-70.40034600008738,45.71971700019407],[-70.42920100002593,45.71039200017455],[-70.42885500041952,45.708002000312085],[-70.42540999993247,45.70752100031137],[-70.43130400012349,45.70701899982998],[-70.4391619995966,45.70387400006414],[-70.44105999965475,45.70539400021409],[-70.44447099980663,45.70375499973232],[-70.45091300016873,45.70393400013541],[-70.45592500027782,45.707052999847456],[-70.46135800033639,45.70555600024536],[-70.46546900009697,45.706529999892595],[-70.47053100043479,45.70305400016483],[-70.46910899967936,45.701677000159485],[-70.4760590000296,45.69691700003981],[-70.4943130001649,45.688658000285066],[-70.49646300011813,45.685643999801215],[-70.502390999746,45.683290000194766],[-70.50230600025552,45.68185500018435],[-70.51077899984685,45.6791549999656],[-70.51980800000521,45.671362999976864],[-70.51991099993738,45.66907300005816],[-70.52639199975923,45.666356000043685],[-70.53318099955266,45.67099300019602],[-70.54239100035927,45.666458000129886],[-70.5471809998122,45.66608699989128],[-70.55285300024538,45.66789900025244]]]}},{"type":"Feature","properties":{"GEOID":"23025","NAME":"State Senate District 25","BASENAME":"25","STATE":"23","SLDU":"025"},"geometry":{"type":"Polygon","coordinates":[[[-70.4454340000794,43.88184199979963],[-70.32437899970192,43.81982200027597],[-70.3367810003773,43.807148999980335],[-70.34319799972674,43.81030600000422],[-70.36122599990621,43.753814999811546],[-70.35330099958763,43.749343999917826],[-70.35334199959551,43.75178799989949],[-70.35155400004054,43.75220100020454],[-70.35015899994761,43.74811100011034],[-70.34776700014503,43.74903100013594],[-70.34819200029247,43.75015600005295],[-70.33597200009031,43.751834999719655],[-70.33749400040482,43.74915599972894],[-70.33490500006043,43.74933100014811],[-70.33210099963091,43.74334899994808],[-70.33532600000993,43.74380600013457],[-70.33760300018477,43.74063700014662],[-70.32725400027658,43.735328999903686],[-70.3273970003917,43.73224800001666],[-70.3233769999694,43.7280849999223],[-70.31827699999677,43.727319999918684],[-70.31125200020178,43.719902000122914],[-70.30737900009257,43.72408700004158],[-70.30410900040603,43.72385400022614],[-70.29977400033945,43.71990600007081],[-70.29242499978105,43.725900000132015],[-70.28574599959248,43.727685999688404],[-70.28037199998346,43.72249999996485],[-70.27775300040015,43.722275000048896],[-70.2827050002348,43.71663199979196],[-70.27706899978662,43.71384999969856],[-70.27734599979607,43.705500000261644],[-70.27466100009053,43.70536799997826],[-70.27069599991982,43.700440000058855],[-70.26640199986113,43.70245699992435],[-70.25091899964511,43.70014699972723],[-70.24573500000687,43.69042100022505],[-70.21710400037429,43.68112300002373],[-70.21065799981423,43.691117999844465],[-70.19918599979968,43.700147999881516],[-70.161267000441,43.65430900029162],[-70.11100999998104,43.66313999988217],[-70.1328390002997,43.68352900020367],[-70.12223400029846,43.7012810003186],[-70.16903600022565,43.724036999943024],[-70.1551499997689,43.73826900025102],[-70.18457700016798,43.75972100023579],[-70.18532500035562,43.76637599969421],[-70.17818699968441,43.77289699974919],[-70.17743900039511,43.775690999934135],[-70.19295400039817,43.783333999795964],[-70.18724699980491,43.78694800030464],[-70.1645709995644,43.80963700019549],[-70.15337399990946,43.813269000171566],[-70.15289600005859,43.81525599997496],[-70.1512420003979,43.81469200006094],[-70.15121700028354,43.81621000018528],[-70.15358899999462,43.817189999931614],[-70.15216999961225,43.8182619998279],[-70.153433000359,43.8212749999025],[-70.15241499983466,43.82290500025244],[-70.17556200025334,43.84577400000601],[-70.17980199988536,43.848033000254325],[-70.2159569999785,43.88175699993184],[-70.21116499997744,43.890357000138536],[-70.24861700025421,43.89828200013807],[-70.25316900005576,43.89339200013666],[-70.37449899989453,43.95522899999007],[-70.4454340000794,43.88184199979963]]]}},{"type":"Feature","properties":{"GEOID":"23022","NAME":"State Senate District 22","BASENAME":"22","STATE":"23","SLDU":"022"},"geometry":{"type":"Polygon","coordinates":[[[-70.99227700004468,43.8862619999729],[-70.98903999997009,43.790138000058185],[-70.98346100032167,43.73417699992527],[-70.97275900023605,43.57038300029661],[-70.96989600025528,43.568554000272286],[-70.96671199988415,43.569437000161685],[-70.9628299995541,43.56339399987109],[-70.95725299955548,43.561338000097656],[-70.9549029995857,43.55404500008487],[-70.95063199999154,43.55131299981352],[-70.95363300006457,43.544166999988775],[-70.95350400019313,43.54060300006902],[-70.95591299971416,43.54209400003746],[-70.95879699961131,43.54059899989156],[-70.9621540002348,43.5410870000492],[-70.9614210001158,43.54019399992115],[-70.96380200004772,43.53937099993218],[-70.96247399990195,43.5342049998297],[-70.95775899989377,43.53149699985443],[-70.95679800016913,43.5241040001286],[-70.9539440004092,43.52227299998951],[-70.95679800016913,43.51278200001593],[-70.95454000026086,43.50970800020105],[-70.95797300015401,43.50803700024834],[-70.95884299964206,43.499369999678485],[-70.96439700007446,43.49706599999268],[-70.96436699993723,43.493601999775905],[-70.96940199961256,43.485950000189455],[-70.96752600019401,43.4809449998056],[-70.96969299986569,43.48057599983604],[-70.94324499979832,43.46131300027338],[-70.93573999960431,43.463866999728424],[-70.92604699982223,43.45556700005351],[-70.90506199995068,43.47017700023027],[-70.90027199959943,43.46582199969496],[-70.82887899965516,43.47424800023042],[-70.83148899991592,43.48694200020686],[-70.78030099986856,43.49189800016923],[-70.79560499998442,43.563248999762216],[-70.81469799964562,43.64199800012447],[-70.79677699959629,43.6380580002625],[-70.7923779999556,43.64512699995724],[-70.79520300030153,43.65267400021351],[-70.79088199958035,43.65395700022859],[-70.78767600036623,43.652647000017495],[-70.78448399959916,43.65706400004858],[-70.781310999997,43.65764499994197],[-70.76579900036698,43.65207800028516],[-70.76075200009778,43.65298000028669],[-70.75648800017632,43.64761099998841],[-70.7489329997536,43.645665999867056],[-70.74446399979273,43.64080399991991],[-70.74398500011694,43.644061999792285],[-70.74070200001161,43.644183999963026],[-70.73727499996622,43.647774999721065],[-70.73289700024195,43.647512999696644],[-70.73555199981024,43.64962000030879],[-70.73473000000276,43.65278800004065],[-70.73790599997798,43.65603999975543],[-70.74775100009603,43.65923399973684],[-70.74852699987274,43.663323999873896],[-70.74458900036451,43.66781400011887],[-70.73975100033269,43.6688419998505],[-70.72748799957449,43.66447700001504],[-70.71308099960916,43.66529200002704],[-70.69632100019932,43.67108400000766],[-70.69666500015589,43.67329399981522],[-70.69226899998995,43.674543000129816],[-70.68357100026772,43.65594799971704],[-70.63180900010998,43.70432899972671],[-70.62672900022882,43.70349700024851],[-70.62215399996272,43.699500999831386],[-70.61449300013312,43.698330999855095],[-70.61075999976599,43.69275199968026],[-70.61207399966806,43.68709899993766],[-70.60563700022713,43.68770099995959],[-70.59534199984729,43.6971950002154],[-70.57740099970646,43.687185000032315],[-70.54996500015028,43.715796000099466],[-70.54660500005203,43.713160000252316],[-70.49865400007924,43.7629379999775],[-70.47770199981964,43.78558299985803],[-70.48005699981229,43.786582999679794],[-70.47798300002702,43.78885600001371],[-70.47560499956984,43.787828000313375],[-70.44859800035906,43.816975999776204],[-70.44652000037584,43.827092999814354],[-70.45048200017351,43.83112500026314],[-70.45338799981197,43.8294679998539],[-70.46214199961071,43.83084200018633],[-70.45938900013311,43.83635799982879],[-70.46513699983598,43.84561899983381],[-70.48673500017594,43.856545000270174],[-70.49949900035125,43.83333799985076],[-70.53565199989625,43.86403300002569],[-70.5805869997274,43.91133700026765],[-70.58001900036315,43.91378399980889],[-70.57178699989794,43.91510400026288],[-70.57613000036042,43.9170289997766],[-70.57326800020456,43.9192439997664],[-70.57660400001335,43.91939999976177],[-70.57306300016515,43.92369899992221],[-70.57554600020431,43.92338599976256],[-70.5754599999906,43.924727999827475],[-70.56969300002119,43.92751300029868],[-70.57224399983241,43.92790599970112],[-70.5726940000942,43.930965000279045],[-70.5751000001405,43.93059399990365],[-70.57629699986668,43.932675999894215],[-70.57175400028596,43.934039000030644],[-70.57235000013762,43.936106000317835],[-70.56816300020905,43.93595199968237],[-70.56956699962448,43.938908999908],[-70.56703400025492,43.939091999897826],[-70.56582499993483,43.93751099972344],[-70.5661250004088,43.93958599990002],[-70.56344400000292,43.93842600002921],[-70.56182899980199,43.94154000027367],[-70.56023799989048,43.94025699981855],[-70.56003500039921,43.941826000131904],[-70.55699699961795,43.942951999826285],[-70.5583590000989,43.94459900005597],[-70.55954900015242,43.94299000019189],[-70.56157299970894,43.94392500010613],[-70.55983399965945,43.945462000180015],[-70.5620279999936,43.94844800008529],[-70.55985499957583,43.950255999865874],[-70.56107399994167,43.95199900011993],[-70.55863899958305,43.950628000295865],[-70.5572679997796,43.95192500018496],[-70.5664209997865,43.95614000018755],[-70.56610799979205,43.95833200003532],[-70.56955599975382,43.96355099988906],[-70.5679620003676,43.96436999974978],[-70.56911899991081,43.96709600006349],[-70.5674429996105,43.966889000198286],[-70.56738400005928,43.96882100019661],[-70.56992399999986,43.96970500005569],[-70.56764199980215,43.971450999832484],[-70.56839599983755,43.97455199999735],[-70.5656809999948,43.97325600020271],[-70.56629500028811,43.97471499968713],[-70.56438399981117,43.97492599976736],[-70.56345499987357,43.97856300008013],[-70.56650199997736,43.980088000266065],[-70.56455899971336,43.98093399984061],[-70.56668799975019,43.98217400032307],[-70.54409400042378,44.00564700019888],[-70.56385099970869,44.02499200004006],[-70.57452000018235,44.01561700005609],[-70.58259100009079,44.01869300018197],[-70.58479299992257,44.02131799993523],[-70.58164500043476,44.02231200007008],[-70.58833299994583,44.02559499974277],[-70.58981199970434,44.02837499969738],[-70.59096599977283,44.02771099990312],[-70.59088200010724,44.03024199982789],[-70.59234099977427,44.02939700027073],[-70.59467599967543,44.03086800001763],[-70.59285799998322,44.031078000261296],[-70.59400299983088,44.032142999729146],[-70.68542400012002,43.98990999978747],[-70.66460900012777,43.966990999894044],[-70.70215099991792,43.94774199992098],[-70.71541800005848,43.96181499983647],[-70.74750699969854,43.9459009998424],[-70.72977999981795,43.928330000156464],[-70.83408199955996,43.910158999721325],[-70.86304100015391,43.89282299987173],[-70.86595799966301,43.89285599969091],[-70.87347899975056,43.88914100026057],[-70.99227700004468,43.8862619999729]],[[-70.53453899983565,43.836168000069954],[-70.5315779999456,43.84000300027757],[-70.53325099987286,43.84084200020348],[-70.53221999982802,43.842294000310304],[-70.53326799959129,43.8438000000062],[-70.53127699964672,43.844144000259355],[-70.53287599995413,43.84566199979657],[-70.53300300017574,43.85254800002648],[-70.52998200001123,43.85398100013891],[-70.52559199969305,43.85028999998906],[-70.51730900007252,43.847283999815716],[-70.51610499977531,43.83763800020572],[-70.51151299979078,43.83176599996558],[-70.51703200006307,43.826165000299845],[-70.51515499992132,43.82383299989405],[-70.52030400029777,43.822239999881646],[-70.52295600039133,43.825360999724595],[-70.53290400044153,43.82536299973947],[-70.53108500002608,43.833036000259966],[-70.53453899983565,43.836168000069954]]]}},{"type":"Feature","properties":{"GEOID":"23016","NAME":"State Senate District 16","BASENAME":"16","STATE":"23","SLDU":"016"},"geometry":{"type":"Polygon","coordinates":[[[-69.79270099993536,44.577596000179526],[-69.7823190004152,44.575893999802084],[-69.78360200035513,44.570667999778394],[-69.78295700009966,44.5689259997249],[-69.77970999997935,44.56835899999843],[-69.77819600006073,44.56302200022777],[-69.77901000037062,44.56035600017536],[-69.76619299959353,44.55858300012474],[-69.77256700018357,44.53828899973211],[-69.77977899957631,44.53472899968559],[-69.7818750000012,44.526837000113844],[-69.78791099958411,44.51847699983712],[-69.56561900001009,44.48259599978839],[-69.56498499962528,44.48386799968137],[-69.54326499998487,44.480602000293295],[-69.53855400017467,44.498075999930826],[-69.51398700044702,44.494511999836405],[-69.5153249997402,44.490441000024425],[-69.46969299977505,44.48223400025551],[-69.46969799979793,44.467154000096514],[-69.39598699967094,44.457077999734835],[-69.37241900020108,44.54458500009571],[-69.41684000019633,44.55107999997714],[-69.40953900021681,44.57885199987913],[-69.44474000025802,44.58422100026792],[-69.44695499961028,44.57634900019618],[-69.44318399960831,44.56133799970427],[-69.47965699971877,44.566322000301895],[-69.48178800030375,44.55932899986742],[-69.60574599994665,44.57726399987839],[-69.59310499979499,44.582191999802454],[-69.59090999963591,44.584570999831094],[-69.58927400041688,44.58976500019304],[-69.59258900030927,44.59787700031372],[-69.59274499994488,44.603430999815515],[-69.58055400005502,44.62040000022543],[-69.57909399966478,44.626970999897466],[-69.60556799967141,44.65104499995201],[-69.616971000089,44.656287000095105],[-69.62215599955213,44.665521999792],[-69.62878600023522,44.672678999778626],[-69.6299610002201,44.68453799997754],[-69.63269799980417,44.69066199988631],[-69.63297099961565,44.6987630000501],[-69.64055199997763,44.69986300011341],[-69.7298969999334,44.686876999989416],[-69.73194300012956,44.694209999767814],[-69.73228500043632,44.686520000149564],[-69.73421199990848,44.686228999983385],[-69.7382680003158,44.67128499974971],[-69.7802709996709,44.677119000145],[-69.74428200015744,44.60260699983937],[-69.77629399980462,44.60823600000203],[-69.7873239999533,44.594113000171],[-69.79270099993536,44.577596000179526]]]}},{"type":"Feature","properties":{"GEOID":"23030","NAME":"State Senate District 30","BASENAME":"30","STATE":"23","SLDU":"030"},"geometry":{"type":"Polygon","coordinates":[[[-70.54660500005203,43.713160000252316],[-70.45774299997004,43.64237199995658],[-70.49200900022586,43.60676899995924],[-70.45179400042574,43.58751399997678],[-70.45346200033013,43.58587299984384],[-70.33837899996149,43.52793099982108],[-70.32451900034233,43.53224000024472],[-70.32139500024566,43.52980400012675],[-70.32262200010908,43.528300000278776],[-70.3216389997448,43.527597000192785],[-70.31266900003601,43.52732100008716],[-70.3085719996208,43.5289669999212],[-70.31420200022119,43.534909999694165],[-70.30865899965944,43.543528999858],[-70.31159199996041,43.54548400015628],[-70.30791999969264,43.54693300014995],[-70.3132029999634,43.54657799996817],[-70.30819500005225,43.55035599985167],[-70.3048059996417,43.55537600003716],[-70.29642099991392,43.553425000239805],[-70.29517999980678,43.555065999946585],[-70.29653600043996,43.55671200023725],[-70.30142200015236,43.55892000013607],[-70.28099100029965,43.5690980000706],[-70.28017000031709,43.57215499994287],[-70.28166499996912,43.57451799982053],[-70.29086400000678,43.58168100023093],[-70.29595999978146,43.59085400016751],[-70.28791300016248,43.600941999787985],[-70.37054499959446,43.64243800022063],[-70.3920120004132,43.65572899975088],[-70.37810400021515,43.69735600029553],[-70.39096100027687,43.700303000215015],[-70.39643799981806,43.70607100023994],[-70.40326500014463,43.70583400026097],[-70.40215100025911,43.70945800022795],[-70.40575800022955,43.71537699987497],[-70.41171500016976,43.71779500002269],[-70.41303200044487,43.720683000306735],[-70.42222499973643,43.72866699994885],[-70.42370000019531,43.733619000254805],[-70.427333000105,43.73455899975856],[-70.42804399958439,43.738111000237176],[-70.43234299966595,43.74116400018911],[-70.4373239998129,43.73926500012258],[-70.43961000020857,43.74568299993655],[-70.43851999971419,43.748536999776796],[-70.44400399982638,43.74866099975889],[-70.44778999989697,43.751809999902754],[-70.4484059998401,43.75600200017258],[-70.44685400028668,43.759451999811326],[-70.4492419998913,43.762600999838234],[-70.443618000037,43.77281900000418],[-70.44542099966061,43.77267900017333],[-70.44748399957521,43.77622200014908],[-70.45234400024665,43.77734599980418],[-70.4550010003631,43.78290700004674],[-70.4537490003853,43.79138499977734],[-70.45039900033284,43.79369400027772],[-70.44736499974952,43.7995860000101],[-70.45007999959228,43.80249000000003],[-70.4508479998714,43.80835000016155],[-70.44854499975729,43.81697500027646],[-70.47560499956984,43.787828000313375],[-70.47798300002702,43.78885600001371],[-70.48005699981229,43.786582999679794],[-70.47770199981964,43.78558299985803],[-70.54660500005203,43.713160000252316]]]}},{"type":"Feature","properties":{"GEOID":"23029","NAME":"State Senate District 29","BASENAME":"29","STATE":"23","SLDU":"029"},"geometry":{"type":"Polygon","coordinates":[[[-70.37054499959446,43.64243800022063],[-70.28791300016248,43.600941999787985],[-70.29595999978146,43.59085400016751],[-70.29086400000678,43.58168100023093],[-70.28166499996912,43.57451799982053],[-70.28017000031709,43.57215499994287],[-70.28086999992584,43.56935699968629],[-70.28964800001401,43.56373399999219],[-70.30142200015236,43.55892000013607],[-70.29653600043996,43.55671200023725],[-70.29517999980678,43.555065999946585],[-70.29642099991392,43.553425000239805],[-70.3048059996417,43.55537600003716],[-70.30819500005225,43.55035599985167],[-70.3132029999634,43.54657799996817],[-70.3102470000962,43.54738900006153],[-70.30791999969264,43.54693300014995],[-70.31159199996041,43.54548400015628],[-70.30865899965944,43.543528999858],[-70.31420200022119,43.534909999694165],[-70.31093800038242,43.53046100022574],[-70.30821000012087,43.5293020001736],[-70.31266900003601,43.52732100008716],[-70.3216389997448,43.527597000192785],[-70.32262200010908,43.528300000278776],[-70.32139500024566,43.52980400012675],[-70.32451900034233,43.53224000024472],[-70.33837899996149,43.52793099982108],[-70.28216499956132,43.50008700017266],[-70.22208999964582,43.466877999882655],[-70.19974700038956,43.48422800008538],[-70.16414600031527,43.518563000298634],[-70.15598599982006,43.524443999803204],[-70.13660600010371,43.53346800020253],[-70.10718999957527,43.54434799980881],[-70.18280600033142,43.62165600024351],[-70.20557700010816,43.62877399976435],[-70.21582499973402,43.635431999803515],[-70.21957499981959,43.65112700024331],[-70.22863900013803,43.658256999862026],[-70.2383860003468,43.65837500029318],[-70.26180700040187,43.64206599979432],[-70.2723909995884,43.64166100010841],[-70.28051900029655,43.638966999938035],[-70.28695699956238,43.64572299995829],[-70.2980529998333,43.64690999976204],[-70.31721400016485,43.6459730003011],[-70.31366300027092,43.64958000007446],[-70.37054499959446,43.64243800022063]]]}},{"type":"Feature","properties":{"GEOID":"23018","NAME":"State Senate District 18","BASENAME":"18","STATE":"23","SLDU":"018"},"geometry":{"type":"Polygon","coordinates":[[[-71.00219400013273,44.110586000105066],[-70.99227700004468,43.8862619999729],[-70.87347899975056,43.88914100026057],[-70.86595799966301,43.89285599969091],[-70.86304100015391,43.89282299987173],[-70.83408199955996,43.910158999721325],[-70.72977999981795,43.928330000156464],[-70.74750699969854,43.9459009998424],[-70.71541800005848,43.96181499983647],[-70.70215099991792,43.94774199992098],[-70.66460900012777,43.966990999894044],[-70.68542400012002,43.98990999978747],[-70.647869999736,44.00793400000291],[-70.63337200043239,44.01290499979837],[-70.59563099955228,44.03205699975772],[-70.59354900026943,44.03194199989385],[-70.59285799998322,44.031078000261296],[-70.59467599967543,44.03086800001763],[-70.59234099977427,44.02939700027073],[-70.59088200010724,44.03024199982789],[-70.59096599977283,44.02771099990312],[-70.58981199970434,44.02837499969738],[-70.58833299994583,44.02559499974277],[-70.58164500043476,44.02231200007008],[-70.58479299992257,44.02131799993523],[-70.58259100009079,44.01869300018197],[-70.57452000018235,44.01561700005609],[-70.56385099970869,44.02499200004006],[-70.54409400042378,44.00564700019888],[-70.50899700013966,44.041454000229756],[-70.50523899965818,44.0395909999343],[-70.50237099965453,44.04256799980379],[-70.48007799972868,44.03207800004014],[-70.47841499984716,44.03520100006752],[-70.48145899957788,44.04368799975077],[-70.4790230002927,44.05507699975909],[-70.48528800020449,44.06039800028115],[-70.45115699966789,44.09454900007108],[-70.44935200039446,44.08965599982659],[-70.44142700007588,44.084119999728664],[-70.4352530004007,44.07676999997355],[-70.42484699969279,44.0733710000437],[-70.42383599973942,44.07148000001229],[-70.41390000028309,44.07779299980547],[-70.41152900039692,44.07750699980157],[-70.40736300038475,44.081452999804995],[-70.40242800026854,44.08148600010755],[-70.39705499958612,44.084055000288444],[-70.37677400041957,44.085953000222624],[-70.3590850001738,44.10381200013508],[-70.3535869998179,44.10083399983655],[-70.34770799969549,44.101579000208474],[-70.3423929996377,44.09881400020163],[-70.34127399972931,44.09431700018301],[-70.33810699997493,44.092633999869484],[-70.34225100024578,44.09192800027088],[-70.34252999990504,44.09001599995911],[-70.3340149995826,44.09256900010701],[-70.33616799990887,44.09051899987628],[-70.3298829999056,44.0864680002366],[-70.3258680004045,44.08731599975506],[-70.31961900038623,44.0832069998367],[-70.31605300042368,44.084279000301926],[-70.30788700008068,44.07958699986018],[-70.31356000033877,44.08577499998326],[-70.31546099987166,44.09210500001507],[-70.31419200017544,44.09262800030138],[-70.31623599982346,44.096638000007644],[-70.31449799959888,44.100641999980446],[-70.30797599976913,44.09820900014888],[-70.30480700036495,44.10152699975475],[-70.30642199966756,44.103484999766906],[-70.30296399966004,44.10731999992686],[-70.3041210001016,44.10827900021967],[-70.30080799985903,44.111936000054634],[-70.3017140002304,44.11267300032229],[-70.2990939999239,44.11876600006691],[-70.30094699977622,44.12298100012805],[-70.29999500027238,44.12231200000886],[-70.29690999963547,44.125331999807514],[-70.29826700009355,44.12631100020614],[-70.2966739996339,44.128085000321626],[-70.29737300031604,44.13185800030294],[-70.29905499956583,44.130538000183485],[-70.3013690004489,44.131988999773824],[-70.29700000004715,44.13472999987129],[-70.29911599966518,44.13675000022304],[-70.30074500010984,44.142588000182016],[-70.29542900022713,44.14808600020138],[-70.29540499993769,44.150174999747],[-70.29214399957365,44.15369700006576],[-70.29233199989463,44.15676900000929],[-70.28866600037297,44.16016899978617],[-70.30198600021696,44.17024500022623],[-70.29391100011057,44.18335100014886],[-70.29154000022439,44.19307900021501],[-70.29306300036382,44.19368700012787],[-70.2899779997269,44.19905600014818],[-70.32521800012616,44.208399000085066],[-70.314492999576,44.23724700026933],[-70.43184899992153,44.251262999687434],[-70.4570569997067,44.29316800003676],[-70.44739400006183,44.29641100019648],[-70.45684300034476,44.31199200017874],[-70.46861199956192,44.31239900018429],[-70.56621200044745,44.270936000289986],[-70.58076099980468,44.294827000205004],[-70.63970199974318,44.27670599969189],[-70.64553499983482,44.28022800003827],[-70.67207900016169,44.266702000313494],[-70.6856330003574,44.28050699999105],[-70.74499600007029,44.24866299992606],[-70.7491570000596,44.25296599980547],[-70.78542799960537,44.23358099985598],[-70.78145699958688,44.229512999729025],[-70.80389199980296,44.218551999950236],[-70.80044700021422,44.214520999962446],[-70.81580300020863,44.206369999797644],[-70.79178200010395,44.18086200019956],[-70.83120199986075,44.16054399971143],[-70.88451999976988,44.126282000213465],[-70.89876600007673,44.115188000246285],[-70.9655260000286,44.147477999918564],[-71.00219400013273,44.110586000105066]]]}},{"type":"Feature","properties":{"GEOID":"23023","NAME":"State Senate District 23","BASENAME":"23","STATE":"23","SLDU":"023"},"geometry":{"type":"Polygon","coordinates":[[[-70.24860399983541,43.8983000002747],[-70.21116499997744,43.890357000138536],[-70.2159569999785,43.88175699993184],[-70.17980199988536,43.848033000254325],[-70.17556200025334,43.84577400000601],[-70.15241499983466,43.82290500025244],[-70.153433000359,43.8212749999025],[-70.15216999961225,43.8182619998279],[-70.15358899999462,43.817189999931614],[-70.15121700028354,43.81621000018528],[-70.1512420003979,43.81469200006094],[-70.15289600005859,43.81525599997496],[-70.15337399990946,43.813269000171566],[-70.1645709995644,43.80963700019549],[-70.18724699980491,43.78694800030464],[-70.19295400039817,43.783333999795964],[-70.17743900039511,43.775690999934135],[-70.17818699968441,43.77289699974919],[-70.18532500035562,43.76637599969421],[-70.18457700016798,43.75972100023579],[-70.1551499997689,43.73826900025102],[-70.16903600022565,43.724036999943024],[-70.1154649996982,43.69802000009222],[-70.09570599986515,43.71395500024469],[-70.09183299975594,43.71332100031423],[-70.08406499979621,43.699992000289356],[-70.09539799989358,43.68817000026116],[-70.0651689997785,43.6736999999059],[-69.97585099958692,43.59787599986063],[-69.88189500027839,43.636466000190055],[-69.88813900027378,43.70489400001841],[-69.88734500005538,43.78793700014743],[-69.88124599982496,43.79596200002257],[-69.86998800007065,43.817264999689485],[-69.87611900008814,43.83715700031344],[-69.87487899980592,43.85140199984879],[-69.88602799978028,43.85593499978798],[-69.8949280000672,43.86429700000941],[-69.89598300040149,43.86713400019622],[-69.89097399976714,43.883208999708394],[-69.88208199987614,43.89033699976423],[-69.87754400031828,43.89919100023691],[-69.8685970001757,43.91102200005896],[-69.86482500034883,43.91938400027878],[-69.86258599980881,43.9314429997487],[-69.86073100030666,43.933082000022026],[-69.86112499959366,43.935910999710615],[-69.85935899977997,43.936814999833366],[-69.85703200027473,43.944742000237305],[-69.87465700004807,43.953589999716314],[-69.88017700014528,43.94679899995671],[-69.88638699980548,43.943950999695105],[-69.89094100015517,43.9373750001028],[-69.89983499969598,43.9316099999964],[-69.90470000039032,43.925588999922134],[-69.91122999971765,43.922047999850655],[-69.92134500017242,43.92014400008542],[-69.93055400025584,43.91206100025615],[-69.93684799958162,43.91365699997824],[-69.95673199998646,43.92344099968661],[-69.96100699977858,43.92296400027689],[-69.96520100027816,43.92002499989681],[-69.96742400002634,43.921266999746564],[-69.97769199974368,43.91505700007486],[-69.98212800009259,43.91807500009995],[-69.99229500042591,43.93067400031633],[-70.00232600031678,43.93360199972884],[-70.00837600014341,43.94222799993152],[-70.02023599959716,43.946062000046375],[-70.02259399996287,43.953411000225316],[-70.03423800040488,43.9756609997102],[-70.08083899959226,43.92645799993361],[-70.09232900004848,43.93195299988674],[-70.11585999970842,43.90670999990303],[-70.19699200036382,43.94595000009124],[-70.20364700026296,43.94792800020993],[-70.24860399983541,43.8983000002747]]]}},{"type":"Feature","properties":{"GEOID":"23009","NAME":"State Senate District 9","BASENAME":"9","STATE":"23","SLDU":"009"},"geometry":{"type":"Polygon","coordinates":[[[-68.98310499965034,44.848342000122145],[-68.95885099991713,44.761225000113626],[-68.94615899971187,44.76306599978825],[-68.94660800014876,44.76914699987083],[-68.94450199967811,44.77182400010595],[-68.94268499981081,44.77112099988192],[-68.94112499986146,44.77246200024492],[-68.94248200031953,44.77541100009922],[-68.94590299961882,44.77589400029855],[-68.9462030000928,44.77738399976985],[-68.93883400034123,44.77909499974315],[-68.93289999996723,44.77713900017407],[-68.92832999972401,44.772216000220524],[-68.92348199964646,44.77203700007045],[-68.92108999984389,44.77007799996885],[-68.92077900039757,44.76655800001112],[-68.79175199984587,44.78337799969922],[-68.7811529996924,44.77828999970547],[-68.7762739996527,44.78246200023223],[-68.77203300019578,44.791451000298544],[-68.76616499994402,44.797799999987475],[-68.74590300014572,44.809301999980875],[-68.74121599972663,44.810055999791516],[-68.72720700014456,44.81772500004658],[-68.71873600020305,44.82038299982053],[-68.72244899958037,44.83580800002071],[-68.72577699989155,44.835384000094265],[-68.73081199956687,44.85496699984907],[-68.72088199995832,44.86373799974515],[-68.74437900018138,44.880181000139956],[-68.98310499965034,44.848342000122145]]]}},{"type":"Feature","properties":{"GEOID":"23032","NAME":"State Senate District 32","BASENAME":"32","STATE":"23","SLDU":"032"},"geometry":{"type":"Polygon","coordinates":[[[-70.71756999966152,43.51215299968125],[-70.71170700033095,43.50860300028649],[-70.68935900015352,43.481436999735685],[-70.64235200018693,43.4206960002524],[-70.60725200042808,43.45746399978548],[-70.59974100038629,43.457874999834104],[-70.6001999999706,43.45622600028037],[-70.59774399969561,43.45547699989755],[-70.59688599990314,43.45682100011523],[-70.59453400028353,43.45557499994497],[-70.59183799980903,43.45651300009541],[-70.590371999571,43.4522330001187],[-70.58826400034886,43.45122400023839],[-70.58708199979297,43.452636000227365],[-70.58248700033371,43.452203999882684],[-70.57639200030124,43.446561999997456],[-70.56974099970176,43.44922800025011],[-70.5657720002314,43.44864400018754],[-70.56581700043724,43.45020100008102],[-70.56131999998895,43.44963199992401],[-70.56194500015295,43.448560999901915],[-70.55762900035293,43.44594099979554],[-70.55816400010522,43.44251700024876],[-70.55516700023016,43.44037799970666],[-70.55844299976448,43.43877600024673],[-70.55413500036039,43.43764599976458],[-70.55674800009592,43.43502599985246],[-70.55401499981149,43.43410900012212],[-70.55293799973587,43.43173299977814],[-70.54977500017947,43.432456000194],[-70.54943700007065,43.42990800024728],[-70.54244900008561,43.42877799986966],[-70.54363900013912,43.427658999959284],[-70.54160700018664,43.42505699992764],[-70.54507100004194,43.423064999908156],[-70.53724199998285,43.418682000221644],[-70.53610600035601,43.41686899969432],[-70.53813900013338,43.41475799983741],[-70.53352799988228,43.405877999837315],[-70.52576999996829,43.40242100007759],[-70.52703500036488,43.400500000145335],[-70.524101000239,43.39948500019366],[-70.52247199979433,43.396485000087615],[-70.52497800029805,43.39536199994471],[-70.52480500004567,43.39279500007425],[-70.52137999965014,43.393177999694835],[-70.52275100035192,43.39185000000175],[-70.51559900033533,43.38532199983599],[-70.51692499993295,43.382594000244836],[-70.51385500026295,43.38308899989686],[-70.5097040003194,43.38010100011899],[-70.50739399963427,43.380500999940466],[-70.50796799974462,43.37842599970868],[-70.50503399961876,43.37863799967503],[-70.50492999986167,43.37669299968926],[-70.49688499989252,43.37434899979332],[-70.49474199961196,43.372206999693624],[-70.49136499979531,43.37400300011944],[-70.48566800014609,43.37348700028268],[-70.48536900039535,43.37776499980123],[-70.47790500020922,43.38104100001845],[-70.48004599994164,43.38235799976744],[-70.47734000031969,43.38173100019193],[-70.49285799979751,43.4150970001567],[-70.49163699978186,43.428420999813945],[-70.47686499994356,43.45254099976563],[-70.40640799960956,43.41975799995449],[-70.39298800020646,43.422056999825514],[-70.39379499994533,43.41890899975137],[-70.39077799997877,43.41636999999934],[-70.39033899958763,43.413179000005165],[-70.39705399976121,43.409441999691985],[-70.39906700034541,43.401348999973415],[-70.40301999992225,43.399090000024444],[-70.40354399980389,43.394207999873764],[-70.34618499955606,43.35818299969638],[-70.32177400036234,43.384957000060105],[-70.3189480001915,43.39013799975766],[-70.31188400003846,43.39190500003333],[-70.28760099999295,43.40352200022814],[-70.27399200044394,43.41515300029624],[-70.26843299998868,43.42635100019967],[-70.25932099998965,43.43237800009649],[-70.31339899978197,43.46358000026296],[-70.37449399987166,43.46103900004744],[-70.38625799996426,43.46215299977604],[-70.39299300022932,43.46409999968492],[-70.39996699997069,43.47363300018219],[-70.40978600014945,43.475421000087124],[-70.41070800041436,43.47910599977442],[-70.41718500003826,43.47989499976696],[-70.42106300017034,43.48297999996776],[-70.43235100006187,43.48425799978971],[-70.43356200003177,43.488893000320964],[-70.43562900014433,43.49038300007132],[-70.45184999960392,43.494190999918104],[-70.4509469996056,43.49788099970739],[-70.45263299995165,43.499511000020156],[-70.4663360001103,43.498858999701724],[-70.47469900009678,43.50268699981736],[-70.48213599962041,43.4989619997186],[-70.50009199982986,43.498177999825366],[-70.5051490001448,43.49985900002272],[-70.50990000013797,43.506142999733854],[-70.51470399983461,43.508367000303366],[-70.51790800029723,43.51540200024686],[-70.52580099993044,43.5198800001486],[-70.52870699956891,43.52562200025295],[-70.5188849999154,43.537651999699186],[-70.51404699988358,43.540547999721824],[-70.51221999997054,43.54430900000144],[-70.5197939997615,43.54517100022774],[-70.52949300028968,43.554613000098556],[-70.54170599992085,43.54932599971504],[-70.54805799987128,43.550195000153415],[-70.5481220003437,43.55234999993426],[-70.54349000017619,43.557454999789634],[-70.54379200029999,43.5594809998592],[-70.54942399965186,43.56284000029958],[-70.55158000035121,43.567880000278436],[-70.55623900028287,43.56931599967809],[-70.56044499957972,43.57363900016684],[-70.55523400017731,43.58311000006232],[-70.55827000041043,43.586133999744895],[-70.55366900020508,43.59036200014049],[-70.55523599982712,43.60459800013187],[-70.55125200028814,43.612170999801606],[-70.56514299986945,43.61605100031557],[-70.56993800024357,43.61509900008619],[-70.57473299971936,43.61633399972052],[-70.59146999956299,43.62736100011549],[-70.59210099957474,43.63732399974327],[-70.59627599980777,43.64465799995885],[-70.59839099960088,43.66103400000315],[-70.60728400021513,43.67282999996835],[-70.60585300013719,43.67603800007355],[-70.60705800025931,43.679986999901445],[-70.61156800022808,43.68297999987866],[-70.61275400008361,43.68552999997459],[-70.61085699985037,43.69308400000725],[-70.6147790003634,43.69855199997589],[-70.62215399996272,43.699500999831386],[-70.6289670000456,43.70432500003787],[-70.63352800006798,43.70391300013219],[-70.68357100026772,43.65594799971704],[-70.64780299978885,43.58251100014827],[-70.71756999966152,43.51215299968125]]]}},{"type":"Feature","properties":{"GEOID":"23017","NAME":"State Senate District 17","BASENAME":"17","STATE":"23","SLDU":"017"},"geometry":{"type":"Polygon","coordinates":[[[-70.26522299967826,44.36291299992542],[-70.32521800012616,44.208399000085066],[-70.2124930001232,44.17857199970996],[-70.20246600043028,44.17156999975959],[-70.19975200041243,44.167507000313975],[-70.11525200016118,44.12623699970747],[-70.11875000035168,44.11539400020802],[-70.11622299993158,44.10776200029514],[-70.12679299977272,44.06559000013123],[-70.14307900042795,44.02205899994804],[-70.15855800044602,44.005345999934455],[-70.14497800031103,43.998563999969484],[-70.13317900005833,43.986300999987094],[-70.12782600036569,43.983860000112955],[-70.11817799989115,43.991019000247235],[-70.10459399955819,43.99581899974674],[-70.10014899988677,43.99969300007355],[-70.09504399989125,44.008507000273546],[-70.09103699988775,44.01020600004237],[-70.0865980000641,44.0086819997771],[-70.08211700040764,44.0001760002036],[-70.07766699981502,43.99719300010912],[-70.06807899961493,43.996387000164574],[-70.05182399982016,43.99098200003338],[-70.05075000011762,43.994085000171886],[-70.04612899982077,43.99544600013745],[-70.04333699998512,43.99831700006127],[-70.04323099967989,44.002468999939815],[-70.04134799969036,44.00138700015492],[-70.03857900031923,44.002592000294165],[-70.03756199961977,43.99961700011647],[-70.03304800035137,44.00104399968593],[-70.03526400042685,44.00269900006934],[-70.03177100025921,44.002917999689856],[-70.03556700037554,44.00673800028313],[-70.03329500022357,44.00863600006839],[-70.0350440003188,44.00908400015184],[-70.03413899977237,44.00958299982913],[-70.03717800037853,44.01515999974953],[-70.03624500024297,44.01650999981702],[-70.03831599965518,44.01821100030286],[-70.03281700037269,44.021429999901024],[-70.03526199987871,44.02310500024332],[-70.0365349997729,44.02680299983625],[-70.03426299962092,44.02966399997433],[-70.03222399999575,44.02978600031662],[-70.03302700043497,44.030431000139345],[-70.0291500001278,44.03048400023121],[-70.02512700023075,44.036364000247175],[-70.02724600022185,44.0433580001621],[-70.00547100032986,44.12451899973268],[-69.89778299965204,44.107662000314335],[-69.89838199987676,44.111276000062084],[-69.89592899997483,44.11321299976791],[-69.8939630001446,44.11846400016835],[-69.89449500042217,44.1239069998925],[-69.87960300003492,44.15168999981055],[-69.87008500015503,44.1576190001145],[-69.86621600024377,44.16208199995091],[-69.85599500038211,44.16802500001455],[-69.84808699978198,44.17051499996867],[-69.85588099968098,44.17925699988058],[-69.86033600029646,44.17889999986295],[-69.86741100032015,44.181619000003245],[-69.88043499988814,44.179966999845284],[-69.89419900014616,44.18276800002452],[-69.8979759999959,44.189611999898325],[-69.89524299971147,44.194598999829104],[-69.89686799995815,44.201973000163726],[-69.89968099971021,44.203338000124596],[-69.90073799969431,44.20705200010531],[-69.91164300016952,44.21017499981386],[-69.91456200022678,44.21742600018393],[-69.92210300040581,44.223896999712],[-69.92051400014412,44.226692000148695],[-69.91562500005868,44.22707799974455],[-69.91299700025455,44.23264999985911],[-69.94719099964203,44.238299999876816],[-69.96837300005541,44.17618000005441],[-70.06049800015126,44.19177499992749],[-70.05546500012576,44.199091999683105],[-70.06588299963096,44.200759999954585],[-70.07574700001555,44.20616799995833],[-70.07446400007564,44.29847100028303],[-70.09905000006985,44.319546999939895],[-70.10019900011548,44.33456600026823],[-70.12890599991601,44.36820400007028],[-70.13166199976666,44.36746899994411],[-70.13274100039042,44.371236999687426],[-70.12005199965985,44.37271199972914],[-70.12217200037419,44.381130999949164],[-70.10049100019353,44.38385399983294],[-70.0994609999736,44.380100999685006],[-70.02179100042197,44.390913999744946],[-70.01763499955722,44.39945200018466],[-70.01895600003029,44.415360000218826],[-70.0169850001772,44.41811000025618],[-70.01682500034364,44.42444000026957],[-70.03060100029721,44.426622000000236],[-70.02518699960689,44.44450000001987],[-70.01570600043524,44.464026000284235],[-70.02124900009866,44.46820400008468],[-70.02307900038477,44.46568500029704],[-70.0255670004468,44.46672899982968],[-70.02914900030288,44.46560800019826],[-70.03433700013906,44.460361999965144],[-70.03380200038677,44.458444000288566],[-70.03529299984085,44.45952499971691],[-70.03438099962167,44.46482699986779],[-70.03178499960462,44.46826700022701],[-70.03076100013078,44.47557700003969],[-70.0316780003728,44.48319900027472],[-70.03057299980979,44.48719699973608],[-70.03280800015186,44.49003500023255],[-70.03784899967495,44.48752300016687],[-70.0383030001347,44.48434499986128],[-70.04215600015245,44.47963300010756],[-70.04235000032118,44.485234999932175],[-70.1293899996147,44.487216999830714],[-70.20127600037677,44.477976000235756],[-70.27441199967019,44.44063199996341],[-70.2682870003988,44.41640599981069],[-70.27869200038351,44.41517299971647],[-70.26522299967826,44.36291299992542]]]}}]}