{"type":"FeatureCollection","features":[{"type":"Feature","properties":{"GEOID":"29030","NAME":"State Senate District 30","BASENAME":"30","STATE":"29","SLDU":"030"},"geometry":{"type":"Polygon","coordinates":[[[-93.41300699992365,37.22420399983432],[-93.41318100000092,37.22033799998903],[-93.40371599982447,37.22026399995171],[-93.40420899974397,37.21236899999289],[-93.38779099974256,37.21213899999499],[-93.38997199965796,37.20892199998247],[-93.38718300019535,37.211411000201224],[-93.38734499967875,37.21215000029077],[-93.38835900000515,37.21264800023128],[-93.38497299996766,37.21263999974393],[-93.38607299960947,37.20626800000659],[-93.37869299998725,37.20525699976839],[-93.37890100039972,37.19972200034543],[-93.35920799979058,37.199427999669496],[-93.36085099958062,37.19832400002175],[-93.35900600012421,37.19577999987632],[-93.3592599996691,37.19029799975192],[-93.36539999990744,37.19064599975165],[-93.36566199984826,37.18864899976269],[-93.35987999981023,37.18791999976885],[-93.36106999986373,37.18607000026915],[-93.35935199973062,37.18294899991808],[-93.36078199998364,37.17575700032027],[-93.3562949995811,37.17571100025364],[-93.3635670001466,37.16868100026836],[-93.3644180002664,37.159215999897874],[-93.36881500025724,37.159293000071],[-93.36876400020363,37.16087700024255],[-93.37113099989183,37.160930000153954],[-93.37091599980667,37.16850599995634],[-93.37324800023312,37.16852300028256],[-93.37315000032382,37.17224900026512],[-93.37761099988877,37.1722609999014],[-93.37793899995184,37.16031700027233],[-93.39713999956805,37.16183900026597],[-93.39231499995503,37.16466199979744],[-93.3922489998328,37.16658099984321],[-93.39681999990093,37.16656699993089],[-93.39765099992923,37.16244999977633],[-93.40152900006133,37.1630419997686],[-93.39986000033201,37.157730000180166],[-93.39707599999396,37.15769199974653],[-93.39701300024477,37.15986200023975],[-93.3924320001309,37.15987599996218],[-93.39258699994161,37.15521399990921],[-93.3969720002369,37.15400000023528],[-93.39702900013829,37.15240200021334],[-93.40178900035232,37.15246400027491],[-93.40183600020796,37.150206000051824],[-93.40633399958284,37.15024000034017],[-93.4065400003455,37.14316000012577],[-93.40327200030879,37.14315299979141],[-93.4033169996163,37.13953299972792],[-93.40203899969924,37.13950900008792],[-93.40199199984359,37.14314099983049],[-93.39295400036272,37.143055000055035],[-93.39307099964027,37.139373000313],[-93.37411699989624,37.13904299995867],[-93.37258299988616,37.14263000008708],[-93.36954699965304,37.1425650001847],[-93.36898900033452,37.15351600026793],[-93.36551999955803,37.15346000023152],[-93.35651899988709,37.14721999967887],[-93.35533999970424,37.15011999971751],[-93.35936000012654,37.15022000013031],[-93.35934000003506,37.152100000318306],[-93.35527000028236,37.151990000014216],[-93.3536199999213,37.15329000014809],[-93.3538099998921,37.156400000128585],[-93.35118999958559,37.153259999967354],[-93.34888999984453,37.153229999774716],[-93.34815000005281,37.155590000045436],[-93.34547000037016,37.153190000215325],[-93.3452900004451,37.156360000098374],[-93.3230569998954,37.15658299981796],[-93.32320000001053,37.15291999995105],[-93.32632400010719,37.1528429997308],[-93.32632499993213,37.15152299992244],[-93.32323400034572,37.15149899979076],[-93.3232820000263,37.150234000206154],[-93.32778600014727,37.15025800002337],[-93.3279860001638,37.14569199990096],[-93.33375700033118,37.147148000176166],[-93.33242199961443,37.14658199976906],[-93.33208900042679,37.1411760002469],[-93.34071900037698,37.14234700033576],[-93.3444950004018,37.136530000146486],[-93.34129699978698,37.13816599992201],[-93.33467000037525,37.13696000004613],[-93.32365600012011,37.13814399997412],[-93.32376499990005,37.13523400021559],[-93.32527799999376,37.13470200028915],[-93.31469300008399,37.1346609997734],[-93.31494400015416,37.12615100018051],[-93.31942200033588,37.129414999931264],[-93.31954700000934,37.125779999859766],[-93.31499299965965,37.12480799999091],[-93.31043300036049,37.125564999963274],[-93.31037499973587,37.12734799966764],[-93.30125299969109,37.127226000273424],[-93.302759999937,37.116323999715206],[-93.29796999958575,37.11625000019112],[-93.29905099985932,37.1152689996654],[-93.29706999996047,37.11484999986517],[-93.29722999979406,37.111550999787276],[-93.2930799996754,37.10887000031786],[-93.29128999957226,37.11029000019204],[-93.28716999959086,37.10772000024505],[-93.279189999919,37.10750999975418],[-93.27908000031415,37.11087000005952],[-93.2682700002735,37.1104190001564],[-93.26719800022079,37.10898899965297],[-93.27007399972202,37.10404999971198],[-93.27019400027093,37.09823599999934],[-93.2730210002667,37.099076000290644],[-93.27571900039102,37.0972720002834],[-93.27118699978264,37.096823000161486],[-93.27011999975277,37.095804999756325],[-93.27210800022263,37.09385100035324],[-93.2181149999208,37.09219700022435],[-93.21834800044762,37.09830399997704],[-93.20925999983973,37.098070000008306],[-93.20924399994618,37.09919600018612],[-93.21377999985421,37.099367000228185],[-93.21372600032586,37.1022550001098],[-93.21827099955641,37.102393000308105],[-93.21809800020236,37.10676200013894],[-93.22260399997316,37.107542999777735],[-93.22241300017745,37.12616800000296],[-93.21861700006113,37.128643000188376],[-93.2140319997493,37.13523899964794],[-93.21455599963093,37.13904999995725],[-93.20851199965207,37.13924499996454],[-93.2084139997428,37.142522000339774],[-93.20907400006688,37.140824999665384],[-93.21166099986311,37.1406430001814],[-93.2115739998245,37.14335300029154],[-93.2175590002521,37.143500999977505],[-93.21750300017561,37.146723999884635],[-93.22199100040307,37.146865000144096],[-93.22181700032579,37.15772399992456],[-93.2127849997944,37.157677000173],[-93.21401599985577,37.161304000268956],[-93.21429799988807,37.16023700004021],[-93.21708899989882,37.16139200027976],[-93.21686100029319,37.16895700015776],[-93.21388600015943,37.16894199995625],[-93.21395700030455,37.16528099989196],[-93.20802200010564,37.16511800035187],[-93.20803799999916,37.159484999733536],[-93.20587999965001,37.15942799968327],[-93.20577099987007,37.16379900017572],[-93.20353999972596,37.16493000023055],[-93.20564299982354,37.165007999659814],[-93.20622199995677,37.167936999715906],[-93.20807399998418,37.166592000334965],[-93.20796299965609,37.16875400004147],[-93.21239999982991,37.16890600017631],[-93.21231899963907,37.172566000038366],[-93.21458300029344,37.172636999708196],[-93.21380199959553,37.17627000005209],[-93.21676000001085,37.17634999977587],[-93.21671900000298,37.17820400000862],[-93.21533599960561,37.17815999978356],[-93.21585600018761,37.18182500006672],[-93.21213700006417,37.18126900012845],[-93.21205500004844,37.183539999817455],[-93.2119830000784,37.18744900002712],[-93.21650100044309,37.18737199991606],[-93.21634300025934,37.19464400027441],[-93.20726499969719,37.19439100020896],[-93.20792400019634,37.200074999994655],[-93.21029099988455,37.20182400026326],[-93.20485000032839,37.2015400000175],[-93.204865000397,37.20534300032066],[-93.20942300004633,37.205473999667404],[-93.20941800002346,37.20913799987789],[-93.21997000032124,37.20943000026396],[-93.22056100015004,37.216768999813404],[-93.2160870001663,37.21663499975218],[-93.21575300025545,37.225856999797124],[-93.21356999979193,37.22572200016701],[-93.21363400026435,37.22386600006079],[-93.2091750003492,37.223721999697105],[-93.20895600006611,37.231063999742155],[-93.2067380003408,37.2309910001227],[-93.20666999967042,37.23464300008511],[-93.2109699995769,37.23477999990742],[-93.21124999995939,37.235990000067375],[-93.21560000009457,37.23509999990582],[-93.21559000004883,37.23827000024404],[-93.20767999979887,37.238252999886825],[-93.20772699965454,37.23701199993138],[-93.20132299982558,37.23849800033079],[-93.19265900043852,37.2458680001114],[-93.18802100042326,37.247459999646125],[-93.18820399982303,37.23829499979476],[-93.18360000014295,37.239990000199484],[-93.18357000000572,37.24127999997586],[-93.17883699955588,37.24257899976965],[-93.17861700034618,37.25219400023167],[-93.17405299995075,37.25378000005021],[-93.17401199994285,37.25548999985063],[-93.17851199986588,37.255685999914796],[-93.17855200004884,37.25454600017643],[-93.18783499975208,37.25606900019902],[-93.1879679998215,37.249870000199856],[-93.19839999957036,37.24988999976622],[-93.19845099962397,37.2479270001048],[-93.1998940002958,37.24794399971008],[-93.19975899967825,37.249805000321075],[-93.21220499983625,37.249822000217755],[-93.21209100003342,37.25671800005653],[-93.21535800024523,37.25687900005017],[-93.21529799997079,37.26055299979362],[-93.21974000016749,37.26067600008549],[-93.22102499975722,37.24964000015691],[-93.22332700004642,37.24824900013784],[-93.22323900018287,37.251667999997494],[-93.2263459996628,37.25175399983291],[-93.22536400002176,37.25659999971831],[-93.22892800033448,37.25735500035028],[-93.22884399977058,37.26092799998638],[-93.23684600008207,37.25974000011934],[-93.23560400015002,37.25377299995619],[-93.23809800005985,37.25394600004596],[-93.23793999987608,37.26122000003134],[-93.24251500014218,37.2613919999589],[-93.24262599957196,37.25777699970215],[-93.24402499986283,37.25780600028243],[-93.24391699990778,37.26142300029898],[-93.24918000008705,37.26604999970952],[-93.25099000028165,37.26351000021249],[-93.2481359996234,37.26159000011249],[-93.24821400033953,37.25793800029232],[-93.26268300022915,37.25846600016384],[-93.26261100025911,37.26029300034657],[-93.26034699960475,37.26027100021467],[-93.26031099961975,37.26286599981661],[-93.26476899970997,37.262959999891265],[-93.26943400038773,37.26224299970292],[-93.26956300025918,37.25856799991556],[-93.28082000018856,37.258873999772035],[-93.28081199979265,37.260137999768],[-93.28310099966305,37.260134999776696],[-93.28303899973878,37.26252799965888],[-93.28945299961349,37.262538999753446],[-93.28948399957562,37.2614149999818],[-93.2967400002476,37.26145500012925],[-93.29678799992817,37.259043000017385],[-93.3102860000474,37.25914299992056],[-93.31040400004817,37.25605600001035],[-93.3178330000742,37.25622099970857],[-93.3165950003401,37.25629899992114],[-93.31952199989497,37.259347999843214],[-93.32639799972705,37.25949900035713],[-93.32653400016949,37.25587200012425],[-93.32414300019182,37.25582600026127],[-93.32425799981957,37.25217900012224],[-93.32045900022851,37.25066200013734],[-93.32074000043589,37.244781000262094],[-93.34288100002578,37.24513300032398],[-93.34274299993352,37.24868300008837],[-93.34912199964812,37.24521300001124],[-93.38062000035772,37.269280000347266],[-93.39377000032242,37.27331000010686],[-93.3969100003126,37.27735000008854],[-93.4104200001274,37.27722999989426],[-93.41141699983706,37.256792000065275],[-93.40695999957175,37.25671900033733],[-93.40752100016164,37.24218200008268],[-93.40872000043596,37.24219000029696],[-93.41014800014085,37.23493600029981],[-93.40335400032455,37.234889999814214],[-93.4037600002054,37.22482999970599],[-93.41300699992365,37.22420399983432]]]}},{"type":"Feature","properties":{"GEOID":"29007","NAME":"State Senate District 7","BASENAME":"7","STATE":"29","SLDU":"007"},"geometry":{"type":"Polygon","coordinates":[[[-94.60735400018889,39.113444000095775],[-94.60803299988122,38.84720700031204],[-94.43116800023294,38.83961500004439],[-94.42963000002489,38.869173000236515],[-94.4712819997507,38.870679999813184],[-94.46958100023436,38.89925799977231],[-94.48902000040027,38.89988399998277],[-94.48856900031356,38.90721100002386],[-94.50579700042688,38.90779100029904],[-94.50738099976738,38.909646999811706],[-94.51170599978819,38.90905600026665],[-94.51235100004365,38.91083499974305],[-94.51551899962296,38.90927099987104],[-94.51685400033973,38.913016999960085],[-94.51329300040004,38.915456999821544],[-94.51442999985179,38.91624600017622],[-94.51135400033401,38.922662000005644],[-94.5189570004373,38.9230510001711],[-94.52304599955825,38.92489799973109],[-94.5225560000118,38.938465999690834],[-94.5316439997214,38.93882599994534],[-94.53519399979041,38.94258099975706],[-94.53623099968304,38.940477999964614],[-94.54391400015227,38.93854900024354],[-94.58734400028567,38.941206999854586],[-94.58666300004519,38.95555700030575],[-94.58200300028861,38.95552299996594],[-94.5796590001666,39.003863000065195],[-94.57807300027797,39.00381400013761],[-94.57951699987638,39.0069610003018],[-94.57751000003827,39.008241999772636],[-94.57488999973175,39.00732699992509],[-94.57039599965653,39.085820999877676],[-94.57255800020366,39.09956299985656],[-94.5297570004322,39.09808300005836],[-94.53783400018843,39.09416499978952],[-94.52671600017621,39.09420000021572],[-94.52759099968712,39.08353300003857],[-94.51528500016953,39.08311800032897],[-94.51441899998112,39.101284999877514],[-94.51898300037656,39.10145800016048],[-94.518739999804,39.10519399971333],[-94.53070899993602,39.10562300000812],[-94.53029800003227,39.112849999761295],[-94.51519599958276,39.11234500015417],[-94.51508099995503,39.11413899975955],[-94.51274699987877,39.11405900007712],[-94.51285200035908,39.11225899994053],[-94.5093480003208,39.11212599995457],[-94.50777699960248,39.11942799992782],[-94.51557300004963,39.12244899979352],[-94.53167800005657,39.14081999999386],[-94.53406099963831,39.14590800023298],[-94.53923199975608,39.14270299987511],[-94.54957300016666,39.13089500031289],[-94.55831699991965,39.12575699972358],[-94.59572499981552,39.110004000278174],[-94.60390100020425,39.11091599969988],[-94.60735400018889,39.113444000095775]]]}},{"type":"Feature","properties":{"GEOID":"29009","NAME":"State Senate District 9","BASENAME":"9","STATE":"29","SLDU":"009"},"geometry":{"type":"Polygon","coordinates":[[[-94.58666300004519,38.95555700030575],[-94.58734400028567,38.941206999854586],[-94.54391400015227,38.93854900024354],[-94.53623099968304,38.940477999964614],[-94.53519399979041,38.94258099975706],[-94.5316439997214,38.93882599994534],[-94.5225560000118,38.938465999690834],[-94.52304599955825,38.92489799973109],[-94.5189570004373,38.9230510001711],[-94.51135400033401,38.922662000005644],[-94.51442999985179,38.91624600017622],[-94.51329300040004,38.915456999821544],[-94.51685400033973,38.913016999960085],[-94.51551899962296,38.90927099987104],[-94.51235100004365,38.91083499974305],[-94.51170599978819,38.90905600026665],[-94.50738099976738,38.909646999811706],[-94.50579700042688,38.90779100029904],[-94.48742899959046,38.90718800031418],[-94.48724799984048,38.90952700019574],[-94.48442400021777,38.9088410000111],[-94.48388500026753,38.91589100023842],[-94.48154000032062,38.91590100013297],[-94.47538800038674,38.92215299987019],[-94.47259099962989,38.92119900012954],[-94.46461199978296,38.924222000078636],[-94.45003400011342,38.92375099982888],[-94.44787900013729,38.94257199995266],[-94.41020599992758,38.94075099972301],[-94.41051399989917,38.947213999931364],[-94.41480600030803,38.951128000175316],[-94.41442100034357,38.95560099981728],[-94.41033700034716,38.95533900022736],[-94.41009100029986,38.95861200033068],[-94.40476100017345,38.96219499986156],[-94.40468199963242,38.964073999726],[-94.40693399969291,38.96415900006615],[-94.40698200027178,38.96583800025374],[-94.40470400027205,38.96574100029098],[-94.40014700044762,38.961290999823056],[-94.3956180002123,38.9612069997932],[-94.39566300041812,38.95814699977],[-94.38609899960916,38.95814600016659],[-94.38544800040422,38.9728390000218],[-94.38987200015926,38.9729779997507],[-94.38843900043152,38.98148100017195],[-94.38826500035424,39.00502799978666],[-94.38592399970697,39.01515800030783],[-94.3881359995845,39.02030299984034],[-94.38703500011775,39.03526700031806],[-94.41453099994841,39.03648800005082],[-94.41467700043661,39.035016000101756],[-94.42502899981953,39.03520500028079],[-94.42537500032427,39.026308999761504],[-94.43768599986471,39.02677700011413],[-94.43723899997597,39.03600200021594],[-94.43592900027186,39.03589000019361],[-94.43565999976003,39.039814999938905],[-94.43352700042354,39.03974399968995],[-94.43331599963804,39.04169300001025],[-94.43644099955962,39.04375300009252],[-94.47252899970562,39.05909999979077],[-94.47675099979429,39.062226000017425],[-94.49044399990719,39.0633220000218],[-94.50351699987897,39.07026899982328],[-94.51100100015658,39.06883300000172],[-94.52281600030281,39.072280999999094],[-94.52292400025783,39.07614500027366],[-94.5258499999878,39.07622699979993],[-94.52575600027647,39.078030000134376],[-94.52362800006455,39.077960999955316],[-94.52335699990287,39.08337899970368],[-94.52759099968712,39.08353300003857],[-94.52671600017621,39.09420000021572],[-94.53783400018843,39.09416499978952],[-94.5297570004322,39.09808300005836],[-94.57255800020366,39.09956299985656],[-94.57039599965653,39.085820999877676],[-94.57488999973175,39.00732699992509],[-94.57751000003827,39.008241999772636],[-94.57951699987638,39.0069610003018],[-94.57807300027797,39.00381400013761],[-94.5796590001666,39.003863000065195],[-94.58200300028861,38.95552299996594],[-94.58666300004519,38.95555700030575]]]}},{"type":"Feature","properties":{"GEOID":"29001","NAME":"State Senate District 1","BASENAME":"1","STATE":"29","SLDU":"001"},"geometry":{"type":"Polygon","coordinates":[[[-90.39750400033317,38.56783500024921],[-90.39805800035204,38.5444699998394],[-90.3916200001879,38.54567899975122],[-90.38985900039708,38.544271000175755],[-90.37991399982162,38.54419200017423],[-90.3802920001134,38.51333499988308],[-90.38273800034263,38.51480499980041],[-90.39018099971405,38.508750000327225],[-90.38638600032095,38.50469699968067],[-90.37988600023252,38.504052999677754],[-90.38259600005243,38.490979999994344],[-90.37728400036768,38.493927000056864],[-90.3640080000063,38.48603700023934],[-90.35580999987624,38.48563899994273],[-90.37287700033107,38.46455099980749],[-90.37645900018715,38.452912000200314],[-90.3536309996107,38.45821699974003],[-90.34423499992955,38.45687899977818],[-90.33613499970878,38.45349100033627],[-90.33574499972144,38.44819499974213],[-90.3408749998313,38.44087500027303],[-90.34746299978329,38.435215999775444],[-90.34858800043777,38.430079000197935],[-90.34676999984724,38.41680399971904],[-90.34859400028556,38.40706899983767],[-90.34480599966685,38.3973199997316],[-90.34434700008254,38.390749999667406],[-90.34213400038011,38.38728500024129],[-90.31116999959788,38.41567900034389],[-90.29686999976266,38.42480799999738],[-90.29108400042499,38.43088999980279],[-90.28404299983816,38.451674000161724],[-90.2785310001369,38.47768200014826],[-90.26875999963869,38.50718899974709],[-90.26405600039948,38.5210250002864],[-90.25741300019591,38.53185200028352],[-90.26687199962628,38.53426700012904],[-90.27103500016369,38.538680999825196],[-90.2723380001951,38.54841600022829],[-90.29242099989325,38.55899700029623],[-90.29766300015613,38.553639999830516],[-90.30228100007993,38.55796399968353],[-90.30247299970054,38.55680499982099],[-90.30426000032895,38.55804400031435],[-90.30235600042299,38.55895600022911],[-90.30832000003589,38.56436099992515],[-90.3338550000592,38.567001000048634],[-90.33261700032513,38.57220799991697],[-90.33901899960594,38.573098999974185],[-90.3358049999959,38.59201099972554],[-90.33263999989134,38.59165999990617],[-90.3317140003268,38.59699900034638],[-90.32604400044177,38.601033999982626],[-90.33417200025161,38.60376500034122],[-90.33548600015368,38.61011499994456],[-90.33945399979912,38.609332999869146],[-90.34399399990511,38.61061600018377],[-90.34622000002632,38.609512000271465],[-90.34750299996627,38.6058349998813],[-90.35100700000453,38.60486900022577],[-90.35164100038934,38.6073920002278],[-90.35860599990986,38.609255000083564],[-90.359742000435,38.60034600005972],[-90.37226300003775,38.601743999996266],[-90.37507800033795,38.586262000077056],[-90.37724500000961,38.586486999826185],[-90.37725500005536,38.582642000233186],[-90.39121299958381,38.58277200028271],[-90.3915420003701,38.567931999778914],[-90.39750400033317,38.56783500024921]]]}},{"type":"Feature","properties":{"GEOID":"29010","NAME":"State Senate District 10","BASENAME":"10","STATE":"29","SLDU":"010"},"geometry":{"type":"Polygon","coordinates":[[[-92.22601500006458,38.69855399990985],[-92.22127599976697,38.690196000333586],[-92.21845999964187,38.68905100027773],[-92.22066099964873,38.64316699980489],[-92.20982899986679,38.63721900032096],[-92.20475099963544,38.630279000199614],[-92.20237200025166,38.62313900027255],[-92.20310199999763,38.6055550003225],[-92.20072100006571,38.60166799978271],[-92.16932799983641,38.58165999989462],[-92.13864799963461,38.569278000127696],[-92.10721099992269,38.56105400026781],[-92.06390600036109,38.55739600009058],[-92.01561700027949,38.567397999955006],[-91.97745399962501,38.589616000228595],[-91.94393599955681,38.59707499988733],[-91.89374900031537,38.63408699991318],[-91.88522599959701,38.648216999742864],[-91.87735600042835,38.65774299988683],[-91.86948899983608,38.663939999833104],[-91.8605700001809,38.66817399993552],[-91.81443600007542,38.68183499969596],[-91.8014109997842,38.683100999679],[-91.77798499970625,38.68230000026151],[-91.76023400043452,38.68499999973234],[-91.73228599979394,38.70589100032074],[-91.70203900013551,38.707770000264325],[-91.6913930001264,38.707155999798545],[-91.66549800025298,38.701983000243985],[-91.63798200033085,38.70354100022818],[-91.61973400004337,38.698536000206666],[-91.6065570003145,38.69016000022199],[-91.58766499959643,38.68218500002584],[-91.55064000001524,38.67626699992242],[-91.54531300026188,38.67688199982324],[-91.52272499988493,38.68824099970431],[-91.50260200000382,38.694999999878235],[-91.50333500012282,38.700634000068604],[-91.50107399984151,38.70468700005106],[-91.4965329999106,38.70946399965508],[-91.48779199963234,38.71311400001229],[-91.47928100040617,38.71172200001524],[-91.47177100018928,38.7075279997787],[-91.46258899987008,38.70810199979488],[-91.45566399963418,38.71034400004752],[-91.45269100004857,38.70948700019987],[-91.45795500005273,38.708064000349026],[-91.45760000022551,38.706270000169496],[-91.44284500010562,38.70918199984073],[-91.41863700040317,38.7097780000535],[-91.41583200014873,38.84530000020944],[-91.33884999961197,38.84452999999465],[-91.30189399962775,38.84585100004451],[-91.3018979998257,38.84430999990192],[-91.26492699977285,38.84383300034434],[-91.26428700043859,38.992761999941294],[-91.18839000037335,38.992141000174186],[-91.18934799972494,38.932150999968314],[-91.11018699982093,38.93190100003789],[-91.11125100037606,38.872708999936776],[-90.95853599980558,38.87086499968406],[-90.96179399979655,38.79167399968515],[-90.95536599967816,38.79254200026217],[-90.95528000036275,38.79662299998482],[-90.94327799972045,38.7964179997707],[-90.94317200031357,38.80003600011032],[-90.93853299957506,38.79995800014546],[-90.9301150002353,38.803362999901125],[-90.92886499990733,38.80225099993292],[-90.9298470004467,38.80028800016722],[-90.92181900019595,38.79617999980704],[-90.92477099986519,38.79622000025071],[-90.92481900044407,38.78895999977496],[-90.92016999965983,38.7889000003417],[-90.92013000037518,38.7925680001648],[-90.91089799982723,38.79240500034927],[-90.91092999961428,38.78876000006737],[-90.90567099963297,38.78872499978079],[-90.90624800011638,38.78733900024622],[-90.90168999956875,38.787340000154025],[-90.90220000010498,38.78548400002889],[-90.89714100014024,38.78503600024519],[-90.89710299960707,38.788683000254444],[-90.89374400023208,38.78762300011484],[-90.89031999966143,38.789079999890305],[-90.8897959997798,38.79213099973348],[-90.88619399983224,38.79236700023985],[-90.88535899960598,38.78976099987007],[-90.88303600029869,38.789232000213275],[-90.88344700020242,38.7877320000549],[-90.88775200013175,38.78772699984286],[-90.88773200004029,38.78206799990605],[-90.8828899998105,38.7817299996677],[-90.88293599984125,38.78449599971563],[-90.87711299979536,38.78314900000609],[-90.87712299984109,38.78542499970564],[-90.8755539996709,38.7854149996579],[-90.87554199997534,38.78668099973424],[-90.88265499963386,38.787209000205046],[-90.8808899996451,38.78714100001366],[-90.88255000005186,38.78780800029353],[-90.87939400016815,38.79586299971549],[-90.86917699960611,38.792372000126456],[-90.86918800037509,38.788171999834056],[-90.87384899995659,38.78638499986048],[-90.8747579998027,38.77802100020128],[-90.87286700031555,38.77775399992346],[-90.87160199991898,38.78299799998769],[-90.86914999984194,38.78408199985443],[-90.86820599983574,38.77800300020606],[-90.86561200036681,38.77796500012356],[-90.86565199965143,38.774188999691404],[-90.862092000435,38.7739350003215],[-90.86006100030744,38.77785599995871],[-90.84674899996106,38.77781999988056],[-90.8478500003261,38.76724999981139],[-90.84307400021856,38.76668899984429],[-90.84303200038578,38.77254800032845],[-90.83340200035289,38.77197899971571],[-90.83328799965174,38.787748999792846],[-90.83008599973726,38.78723100031487],[-90.83123800015595,38.79232500005856],[-90.82651999977473,38.79238500010998],[-90.82659799959251,38.79841199975963],[-90.82523000016211,38.798417999674705],[-90.82540099986633,38.796085999761296],[-90.81667399983178,38.79594899965882],[-90.8166139995573,38.803433999764856],[-90.8082620003398,38.8034880000773],[-90.8082420002483,38.805387999977235],[-90.77583700024071,38.80503699992443],[-90.77964699970245,38.80693800015201],[-90.77947799964804,38.810553999896435],[-90.79260000002363,38.8117049996572],[-90.79374999989416,38.810592000108166],[-90.79745800014693,38.817202999695894],[-90.79746599964454,38.81516800011502],[-90.7987589996302,38.81424900021876],[-90.79976000043614,38.81539999976797],[-90.80094700011658,38.80887899969484],[-90.81014000030648,38.80986500025978],[-90.80842999967098,38.813010000227116],[-90.81143999996483,38.81366000004943],[-90.81149100001845,38.820766000140644],[-90.8151189999053,38.8213499996805],[-90.81441099990063,38.82280100003043],[-90.81756900033248,38.823270999860966],[-90.81842600030008,38.825536999690016],[-90.82153899962778,38.825499999826015],[-90.82222900008908,38.823792000115574],[-90.82741100007748,38.82603299994461],[-90.82623400044278,38.82616399990909],[-90.82638900025347,38.831211999964715],[-90.8313329996922,38.831437999898114],[-90.83144999986806,38.84327000030443],[-90.82949999993134,38.844580000016244],[-90.83173000025054,38.86244999999362],[-90.82380999995482,38.86442000005802],[-90.82563000019519,38.86864000010214],[-90.82557300029379,38.87685600015198],[-90.82705500042533,38.877694999915676],[-90.81968699960035,38.875756999865786],[-90.81290200000488,38.87906200023972],[-90.80818000032403,38.877520000044875],[-90.80634500001506,38.8787099997593],[-90.8102830004216,38.88635800024606],[-90.80692599979811,38.89524399993439],[-90.8082410004234,38.89997800000014],[-90.80594400015707,38.90173299998731],[-90.79970600000946,38.9011610003133],[-90.7975409999876,38.904429000291266],[-90.80416699957442,38.91149100008751],[-90.79134399984788,38.917895000023655],[-90.78200599989304,38.918559000009296],[-90.77737799992352,38.92279599980757],[-90.76779200027156,38.92232900030948],[-90.75750899958729,38.919673000062005],[-90.74917499991311,38.92418299967368],[-90.74377000034195,38.93011799966269],[-90.7288410001448,38.931141000009305],[-90.72472199998828,38.92824899988783],[-90.72376399973838,38.92517500033654],[-90.72607600007333,38.922631999681535],[-90.7352419996007,38.919290999908725],[-90.73561099967164,38.915832000342434],[-90.73169499990473,38.91398899984079],[-90.72457800004824,38.915180999928005],[-90.72277399970142,38.912766000158236],[-90.72407300043317,38.90882500012539],[-90.7141980001779,38.90989199985395],[-90.71012099985418,38.90761100028689],[-90.70928499980302,38.90309300001467],[-90.70755699962416,38.90265199973608],[-90.69943399983718,38.90841100034251],[-90.70623000020163,38.91350600016602],[-90.7167249996997,38.91285099981462],[-90.71750200019963,38.91537599991851],[-90.71430899960767,38.91816400007387],[-90.70589600029078,38.921543000155104],[-90.70094000025819,38.91981800010317],[-90.69624299979337,38.91563000018505],[-90.68377300024424,38.91598600022842],[-90.69024099964732,38.924251000347915],[-90.69748100042575,38.9281510001636],[-90.69803500044463,38.930742000280794],[-90.69658199972707,38.932783999820956],[-90.69158200021187,38.9342349997856],[-90.66318099983475,38.934223999739125],[-90.67594900020802,38.962140000347155],[-90.67571499985628,38.981065999914904],[-90.67902700027395,38.99386699983414],[-90.6877190001484,39.00537399996238],[-90.69240300019443,39.01665600026134],[-90.71158000041952,39.04679799980104],[-90.71362900009042,39.05397699983576],[-90.71254100014417,39.05706399967154],[-90.70213600015947,39.065567999805936],[-90.69828200031682,39.07464899987745],[-90.68274399984924,39.08834800023029],[-90.68108599999057,39.10059000033339],[-90.68605100024402,39.11778500016156],[-90.70292299980684,39.13874900001179],[-90.70790200030397,39.150860000143794],[-90.71047999987938,39.17636600033611],[-90.71740400029034,39.19741399971114],[-90.71711300003722,39.21391200020986],[-90.72183499971807,39.224108000104664],[-90.72159299986872,39.232730000185946],[-90.72698099972146,39.25117300009265],[-90.72996000005318,39.25589400015616],[-90.73600499985695,39.26038599981502],[-90.75159900040106,39.26543200021695],[-90.76764800033152,39.28002499968664],[-90.77567300020921,39.292811000149776],[-90.79067500020128,39.302907999715444],[-90.79346100018915,39.309497999991265],[-90.81685100028209,39.32049600001226],[-90.8421750004182,39.341932000064084],[-90.89377699984404,39.36734300030019],[-90.9000950003576,39.372353999875095],[-90.9048620002443,39.37940300017802],[-90.92097599957377,39.38368700006043],[-90.92874500025674,39.38754399976157],[-90.93400699971278,39.39212699986991],[-90.93810300030306,39.401785999955095],[-90.94262099976942,39.40507099992847],[-90.96747999957513,39.411948000015165],[-90.97761799959613,39.418290000315785],[-90.99378899972531,39.42295899995405],[-91.0236100003097,39.438693999809985],[-91.03826999999501,39.44843500021758],[-91.05943899998961,39.468860000326245],[-91.06241400012338,39.474121999781225],[-91.06430499961053,39.49464299965865],[-91.07976899955997,39.50772799977998],[-91.1003070004411,39.53869500023708],[-91.1465960003573,39.54548599991286],[-91.15362799982498,39.548248000208176],[-91.16841899992986,39.564927999681295],[-91.17423199993003,39.59197499967803],[-91.17801200015282,39.59819599969127],[-91.20371200003258,39.59835499990964],[-91.36713100033847,39.50270800005709],[-91.3908589996419,39.49091400016714],[-91.46044200028987,39.45072199965712],[-91.40903300030956,39.14254200002064],[-91.62959800042798,39.14785299992686],[-91.63399799989355,39.05905700001107],[-92.13151200040987,39.06448400003472],[-92.12955499990215,39.06260500027679],[-92.1325640003711,39.05946499986729],[-92.13096400023879,39.055163999974226],[-92.13226899992002,39.051532999813276],[-92.12857499991095,39.04783199986928],[-92.12978699970576,39.04513799991289],[-92.13346700036944,39.04465200027309],[-92.13337500030794,39.04010099990478],[-92.13597399979975,39.03239699971555],[-92.14078400024246,39.03013500028868],[-92.1406529998229,39.02738199977459],[-92.13458899975257,39.027376999665925],[-92.13133900015751,39.026091999802155],[-92.13022000024912,39.02364199976614],[-92.13359000039308,39.01810699969774],[-92.13393900037254,39.01100400031453],[-92.14047000042311,39.006829999987914],[-92.13802800039183,39.005693999683814],[-92.14014300018496,39.000740999805394],[-92.1380059997522,39.0027250002406],[-92.13662300025317,38.99963299989224],[-92.13878499990196,38.99657599981931],[-92.13652799981861,38.99511800004763],[-92.13708600003544,38.991887000277885],[-92.13854899990042,38.98839200034894],[-92.13994399999333,38.988555999880404],[-92.1381249995779,38.985316000134915],[-92.14117800042777,38.98395100006439],[-92.14191400002152,38.98035199993017],[-92.14417199992978,38.98212699967757],[-92.14642900001314,38.98073200008676],[-92.14567699962755,38.97176399992942],[-92.1432649997335,38.96785400025328],[-92.14875600041671,38.96145999983914],[-92.14677999964243,38.95870600009131],[-92.15080099988964,38.953613000210595],[-92.1527759999407,38.946638000277936],[-92.15244200002985,38.93885800015895],[-92.1538890000013,38.938399999830246],[-92.1511080000363,38.937460999701166],[-92.15410900010933,38.9344910001953],[-92.15237199970964,38.931180000083025],[-92.15441600025599,38.927121999777114],[-92.15390700044297,38.924314999936335],[-92.1608379996283,38.92543799965559],[-92.15644099963745,38.918774000182424],[-92.15458899961004,38.91832800004328],[-92.15500299988683,38.91554599986729],[-92.15757299996463,38.911457999847386],[-92.16410800021316,38.90702599971662],[-92.16509300022724,38.90098400009904],[-92.16760700022856,38.90006400001121],[-92.1689620001385,38.89657800013295],[-92.16371499985277,38.897558000153936],[-92.15873500042906,38.89456699977509],[-92.15738399981873,38.89274599989098],[-92.15874499957648,38.888836000081184],[-92.15693699993001,38.88857900008329],[-92.15539500042232,38.88444999980605],[-92.14818800015415,38.885532999667014],[-92.14865400030945,38.880283000061716],[-92.15613199984097,38.880651999683614],[-92.15930699999127,38.8734390003065],[-92.1585420000852,38.869873999762646],[-92.16249999968491,38.86558499987251],[-92.15779700027062,38.864640999728465],[-92.15158199968923,38.867741999768384],[-92.14927199990242,38.866238000054814],[-92.14784500002246,38.8573060001186],[-92.15387099955966,38.855555999801965],[-92.15417199985852,38.85350400021169],[-92.15004699985423,38.85145500000613],[-92.14540399981607,38.854305000027026],[-92.14584300020722,38.84936100019796],[-92.14850199997349,38.84559399992484],[-92.140279999554,38.845301000003474],[-92.14236699975805,38.841378000164845],[-92.15054999981948,38.83920299970833],[-92.15021000006085,38.836821999935154],[-92.14540399981607,38.83312800014374],[-92.15254999998488,38.82894400016485],[-92.152881000421,38.826287999904515],[-92.1511570004401,38.82407699967748],[-92.14282100021781,38.82177200032425],[-92.14565499988625,38.81501599981197],[-92.1383649997774,38.81778299973676],[-92.1356680003763,38.81604199993702],[-92.13524499987868,38.81389400018525],[-92.13786199981216,38.811805000286554],[-92.14298400042442,38.8130320000726],[-92.14189800012798,38.80853599972509],[-92.1440530001041,38.80644300024069],[-92.15095700042357,38.80604299967368],[-92.14928000029835,38.80177699977701],[-92.14470900023022,38.7978150000831],[-92.14523499976168,38.79626900011596],[-92.15045899958288,38.79749600003184],[-92.15204299982167,38.80377100033233],[-92.1582819997942,38.80205000001257],[-92.15938700035721,38.80010199974461],[-92.15550699967699,38.79518100012126],[-92.15600899981732,38.79270600029719],[-92.1601270001489,38.79005900017057],[-92.15815899977055,38.785088999853755],[-92.16420699994735,38.78387000029053],[-92.16384000042456,38.77980300034477],[-92.16781200026797,38.77678600007192],[-92.16235300027013,38.77597199970469],[-92.16149200010462,38.771855999860605],[-92.16285899971011,38.765205999882085],[-92.171903999762,38.76442299985697],[-92.17586800010781,38.754058999757454],[-92.18075800001814,38.75313000034365],[-92.18183099989578,38.74885699980039],[-92.18612300030466,38.74787800002947],[-92.18570499982992,38.74516199998569],[-92.18131200003702,38.741869999685065],[-92.18181400017735,38.73861599970571],[-92.18612400012957,38.735887999984186],[-92.194159000053,38.73664699970859],[-92.19553099968138,38.73433199996758],[-92.1947299997903,38.731893000135045],[-92.19219099967465,38.73055100025777],[-92.19423500022097,38.72983500010266],[-92.19243099987415,38.72613200014706],[-92.20196299999775,38.720859000252986],[-92.21218600040757,38.72011700002493],[-92.2167780003921,38.71357800029627],[-92.21443300044518,38.70712799965388],[-92.21569100027075,38.702487000280534],[-92.22601500006458,38.69855399990985]]]}},{"type":"Feature","properties":{"GEOID":"29008","NAME":"State Senate District 8","BASENAME":"8","STATE":"29","SLDU":"008"},"geometry":{"type":"Polygon","coordinates":[[[-94.48724799984048,38.90952700019574],[-94.48902000040027,38.89988399998277],[-94.46958100023436,38.89925799977231],[-94.4712819997507,38.870679999813184],[-94.42963000002489,38.869173000236515],[-94.43116800023294,38.83961500004439],[-94.2875930001489,38.8350840001439],[-94.1188389996937,38.833187000158695],[-94.11398999979122,38.90805599966109],[-94.11147800033805,38.98286200032955],[-94.12786700002714,38.98309999990276],[-94.1291740002565,38.98107799965362],[-94.1277799999885,38.98043400032765],[-94.12787000040018,38.97594599987973],[-94.13048800015858,38.975978000095566],[-94.13032300030213,38.97953999980981],[-94.1338199997694,38.97966399968417],[-94.13509000018884,38.98321199975368],[-94.1378200001002,38.9832909997913],[-94.13498399988363,38.98505500003414],[-94.13440599957532,38.990317999799565],[-94.13900000010797,38.99044599973005],[-94.13880199974125,38.99397600001839],[-94.14521700033919,38.99302700018667],[-94.14520899994326,38.99431099998861],[-94.14822699973472,38.99438199979118],[-94.14843199977413,38.99047699983116],[-94.15301000041327,38.988186999876596],[-94.15295299961356,38.990948000147014],[-94.15765900029922,38.99103900007508],[-94.15736300002321,38.998305999860996],[-94.15253699968694,38.998210000124445],[-94.1526100003802,39.004947999936896],[-94.15979699965857,39.00786300031586],[-94.17023799962826,39.01740300022652],[-94.17833700002411,39.018557000065684],[-94.1861860001747,39.01337099989469],[-94.18735299976368,39.010158000091565],[-94.19846800030116,39.00756700020631],[-94.19903900003847,38.99241399989303],[-94.20826200036558,38.99271600014542],[-94.20860999962181,38.98550200005294],[-94.21094899972093,38.98558699981525],[-94.21078200021466,38.98909100017645],[-94.21777799969732,38.989336000182355],[-94.21773699968945,38.99053199968427],[-94.21420199968904,38.991112999876584],[-94.21411800002345,38.99293800034136],[-94.22692700040459,38.993382000040576],[-94.22708999971289,38.9897669999215],[-94.23172400042853,38.989902999676794],[-94.23102100044676,39.007938999870554],[-94.24036100005141,39.008207000000006],[-94.24016100003486,39.01169800032958],[-94.2318290000105,39.01450900015551],[-94.2335660004102,39.017531000017186],[-94.22595099971302,39.01843400008202],[-94.22705200007806,39.024484000337075],[-94.2216619996772,39.02382000025862],[-94.22145699963778,39.02918399983777],[-94.22596599978164,39.0293269998468],[-94.22585000032899,39.03254100015062],[-94.2297729997686,39.03421599973774],[-94.22960000041456,39.03673299988911],[-94.22509100027071,39.036572999962786],[-94.22518400015714,39.03872599972362],[-94.22286099995154,39.039497000125245],[-94.22962700017874,39.04035600024966],[-94.22948999991138,39.04532299975989],[-94.23413299994954,39.04558600029988],[-94.23391299984151,39.05139400021744],[-94.24082800003163,39.05044999980996],[-94.24075000021382,39.05176699986996],[-94.24312199992492,39.05193899984653],[-94.24325699964413,39.04830299988621],[-94.24786299987235,39.048272999738835],[-94.25045399986656,39.04837300018055],[-94.25031199957634,39.05204199969688],[-94.25685900041876,39.05221700010733],[-94.25707199995577,39.04863000010819],[-94.25822000017648,39.0486829999525],[-94.25804299972616,39.052325999657505],[-94.2615030002818,39.05245300002194],[-94.26131099976287,39.05693800022729],[-94.25666600007489,39.0577319996571],[-94.26126899993008,39.05787900024038],[-94.2612200004246,39.05971099980041],[-94.2634669995639,39.05977199969379],[-94.26336000033209,39.06339399979813],[-94.2702529998826,39.063733999764736],[-94.27020799967674,39.06525400018724],[-94.27747199984633,39.06623299973125],[-94.26981000019181,39.05656199976298],[-94.27081299974924,39.052824000338866],[-94.31530499988962,39.054104000021496],[-94.31537600003473,39.05148600019135],[-94.31257099978028,39.04977900019196],[-94.31266100019197,39.04461599990838],[-94.30549599975659,39.03732500030404],[-94.30543600038045,39.035595999988075],[-94.33194399982395,39.03831999979657],[-94.33235999975055,39.03299199999741],[-94.33706999973586,39.03268400034558],[-94.33714900027688,39.029182999841595],[-94.32781399979679,39.02695100027818],[-94.32789300033781,39.02526400026578],[-94.33062900009698,39.02531500009016],[-94.3314419996836,39.021523999865366],[-94.33281800040828,39.02496699965412],[-94.33741600024058,39.023764999762236],[-94.33980399984519,39.025614000031005],[-94.36339800015263,39.026311999872036],[-94.36535099956406,39.02400700023057],[-94.37428299963803,39.023214000040966],[-94.37415799996457,39.02061699971052],[-94.37762699984273,39.01907299981041],[-94.38176400044091,39.02068499998323],[-94.38363200036183,39.01801199976577],[-94.38694399988117,39.01762300011625],[-94.38593100027799,39.015043000169776],[-94.38826500035424,39.00502799978666],[-94.38843900043152,38.98148100017195],[-94.38987200015926,38.9729779997507],[-94.38544800040422,38.9728390000218],[-94.38609899960916,38.95814600016659],[-94.39566300041812,38.95814699977],[-94.3956180002123,38.9612069997932],[-94.40014700044762,38.961290999823056],[-94.40470400027205,38.96574100029098],[-94.40698200027178,38.96583800025374],[-94.40693399969291,38.96415900006615],[-94.40468199963242,38.964073999726],[-94.40476100017345,38.96219499986156],[-94.41009100029986,38.95861200033068],[-94.41033700034716,38.95533900022736],[-94.41442100034357,38.95560099981728],[-94.41480600030803,38.951128000175316],[-94.41051399989917,38.947213999931364],[-94.41020599992758,38.94075099972301],[-94.44787900013729,38.94257199995266],[-94.45003400011342,38.92375099982888],[-94.46461199978296,38.924222000078636],[-94.47259099962989,38.92119900012954],[-94.47538800038674,38.92215299987019],[-94.48154000032062,38.91590100013297],[-94.48388500026753,38.91589100023842],[-94.48442400021777,38.9088410000111],[-94.48724799984048,38.90952700019574]]]}},{"type":"Feature","properties":{"GEOID":"29006","NAME":"State Senate District 6","BASENAME":"6","STATE":"29","SLDU":"006"},"geometry":{"type":"Polygon","coordinates":[[[-93.06896899968592,38.43369699984482],[-93.08216399985645,38.1865029999483],[-93.05907300041258,38.185685000343724],[-93.07244699978492,37.90262700010991],[-92.85538400005497,37.89573599970604],[-92.62018099999253,37.89252099985544],[-92.61897800041855,37.888737000044685],[-92.62097799968565,37.886137000113244],[-92.61707799981224,37.87863700022967],[-92.61867799994457,37.87383700003529],[-92.6143780000381,37.87153699987109],[-92.61347900023773,37.86773800033652],[-92.61467900033699,37.86353800031425],[-92.61267900017158,37.86273800011957],[-92.61147900007234,37.859438000256056],[-92.60807799996621,37.857938000283184],[-92.60867800001584,37.856138000167164],[-92.59917699985438,37.85183800028713],[-92.60137000036364,37.84862999988463],[-92.59947399995532,37.84451699977943],[-92.60007700037798,37.84033799992465],[-92.59657699963934,37.83973800011305],[-92.59557699955666,37.83663800030982],[-92.58967599969294,37.83493799973589],[-92.58537599978646,37.828037999990926],[-92.58187599994613,37.82733799974031],[-92.57727599956571,37.82343800025456],[-92.57157600044174,37.823639000020044],[-92.5690039998158,37.8172839997662],[-92.56649099963941,37.81704899995778],[-92.56729599972844,37.814444000335584],[-92.56458000006077,37.81263600004479],[-92.56531499982961,37.8068010000218],[-92.55927500004871,37.80323900020467],[-92.54987400034469,37.80203899995797],[-92.54893399963812,37.80047000027369],[-92.53960499990413,37.80206400013242],[-92.5343939996034,37.809528000032195],[-92.53121000013059,37.811372999951296],[-92.51747400035998,37.813209999660145],[-92.51754499960677,37.81088700001034],[-92.51350900018927,37.8109320001787],[-92.50357299983462,37.8264890002038],[-92.49219600025464,37.829619999850294],[-92.45346900043386,37.82462699994577],[-92.45266400034483,37.82934899965315],[-92.44931000009437,37.83201299965853],[-92.44824800008739,37.83672500015142],[-92.44209399960538,37.84006200006416],[-92.43838899972565,37.844196000227846],[-92.43360699977032,37.845913999722995],[-92.43185500020034,37.84885199979971],[-92.42659000037126,37.851012000029506],[-92.42223600003813,37.858703999663256],[-92.41905699968986,37.85985799985641],[-92.4092259998155,37.85926000005121],[-92.40627900016916,38.020569000347784],[-92.33275299999009,38.020360999837706],[-92.18511800019908,38.01618599987687],[-92.1814159997941,38.161003999688525],[-92.19783200014567,38.161259999741105],[-92.19317800023687,38.37083500022118],[-92.18329700013382,38.37555699972042],[-92.18058899996375,38.378473999848225],[-92.16057700041073,38.37703600011117],[-92.13532000022175,38.38382100018415],[-92.1217769998967,38.39133699965238],[-92.1149770002326,38.40193700012743],[-92.11587699985787,38.408637000068296],[-92.12157799970505,38.417336000250415],[-92.1383930002648,38.42738300008368],[-92.149291000169,38.431151999872604],[-92.15767099987393,38.43904399977605],[-92.16203299970468,38.44650299984286],[-92.16315300033631,38.45693800017701],[-92.16888299959749,38.46681199968545],[-92.16735699998331,38.46968699980709],[-92.16200099991762,38.47302599978034],[-92.14733299983638,38.474086000111754],[-92.13807900044544,38.47002600007488],[-92.12764000012557,38.46086100022341],[-92.11041500038532,38.45737599993603],[-92.10066599962843,38.45879100022487],[-92.07371200012108,38.466723999662484],[-92.04348899985379,38.46647900011174],[-92.02655399964344,38.472576999851746],[-92.01748500020042,38.4786189998845],[-92.01257299965044,38.48414599985907],[-92.00885799972498,38.49178799982338],[-92.00829799985831,38.497119000112036],[-92.00977199959397,38.50237900028773],[-92.02017499992884,38.516249000057456],[-92.02709400031692,38.52871299996176],[-92.02891399965895,38.53810400003874],[-92.02768799962044,38.54656699992628],[-92.02487499986837,38.553626999973794],[-92.0189120000804,38.55895400034517],[-92.00350000000948,38.56025999981655],[-92.00898300029675,38.57090000029423],[-92.02577399966876,38.564564999848436],[-92.06390600036109,38.55739600009058],[-92.10721099992269,38.56105400026781],[-92.13877499985622,38.56932000007416],[-92.16932799983641,38.58165999989462],[-92.20072100006571,38.60166799978271],[-92.20349199998496,38.6083480000498],[-92.2021849997556,38.62024600010628],[-92.2030719998604,38.62663900020746],[-92.20836500017688,38.63563600022375],[-92.21574599962402,38.64128500030985],[-92.22940100010209,38.64602700005024],[-92.24599599965549,38.64400700026964],[-92.25909100026689,38.645346999889796],[-92.26766000011771,38.650566000179175],[-92.27580600036923,38.658214999913],[-92.2933700000432,38.66656400013875],[-92.33928499986558,38.67354200022321],[-92.35781299963725,38.679517000044655],[-92.36254299971404,38.68398099981342],[-92.36299299997582,38.688652999652994],[-92.36142999965342,38.692039999661255],[-92.3432650001049,38.70507299968577],[-92.34266500005529,38.711768999910426],[-92.34572200020482,38.71767399988862],[-92.3602160002088,38.730132999868474],[-92.3878080002989,38.735433000316185],[-92.39745599987513,38.740523000157644],[-92.40473799958805,38.748190000271734],[-92.40863599981164,38.75824299990787],[-92.40932100025007,38.7667599998155],[-92.40707800041042,38.772597999770234],[-92.39078199970943,38.7806119996934],[-92.38298000031283,38.7897250002006],[-92.37958000003162,38.80154600026862],[-92.38439100029926,38.8154879996559],[-92.3940890001042,38.819576000073326],[-92.42117999987892,38.81975400022486],[-92.43207899960802,38.825069000277274],[-92.43990600001732,38.83134600016665],[-92.45671700037909,38.860268999928344],[-92.47779400031217,38.874107000308165],[-92.47963999959347,38.8774390002185],[-92.47998299972515,38.88315499968006],[-92.47530000040234,38.89533399994358],[-92.4745859996516,38.902370999833906],[-92.47922500039009,38.90787899985926],[-92.49837699960253,38.92208399986873],[-92.58690399994877,38.754454999818236],[-92.6166519998399,38.69446599985535],[-92.61714700030754,38.68001299982239],[-92.7266920001373,38.68407700018066],[-92.83979200005898,38.68494800007407],[-92.84002800006054,38.683869000040325],[-92.8581809999135,38.68374200004176],[-92.95051199987365,38.68576999990448],[-93.05997399986275,38.69307700017416],[-93.07205400032284,38.44227400013163],[-93.0687629998216,38.44227300032745],[-93.06896899968592,38.43369699984482]]]}},{"type":"Feature","properties":{"GEOID":"29012","NAME":"State Senate District 12","BASENAME":"12","STATE":"29","SLDU":"012"},"geometry":{"type":"Polygon","coordinates":[[[-95.77470400039076,40.573574000170495],[-95.77177600011267,40.56613300015669],[-95.76383300025074,40.55387300015211],[-95.76362400001337,40.54829800014301],[-95.76841199981646,40.540346999959766],[-95.76869300002386,40.53410600008002],[-95.76285699955918,40.52837100026322],[-95.75274299982762,40.52489299981811],[-95.73724999956585,40.523930000085294],[-95.72521400038501,40.52777299998097],[-95.71753699976355,40.52778300028991],[-95.71286199993834,40.52638400020324],[-95.70859100034419,40.521551000024616],[-95.69720200017032,40.52847500015354],[-95.69549499990785,40.53202099975563],[-95.69737700007249,40.54138899980755],[-95.69414699967061,40.55694200025518],[-95.68702099959329,40.560668999841575],[-95.67871500040653,40.5625609999768],[-95.67177599992695,40.56262799984738],[-95.66549500012164,40.556696999924675],[-95.66210700043432,40.54996700003526],[-95.65584800037031,40.546608999840025],[-95.65226899998898,40.53810800028053],[-95.65567400029303,40.523557000113954],[-95.66168099956366,40.517311999757126],[-95.69996899989161,40.50527499999936],[-95.69482299988822,40.49470499980228],[-95.69675600010648,40.47884899996114],[-95.69465100035907,40.47145199981882],[-95.68753199995446,40.4652060003397],[-95.66771399967186,40.4534630002802],[-95.65657499974324,40.438701000296014],[-95.65596399982296,40.429873000103186],[-95.66070999979327,40.41882699978051],[-95.66060199983822,40.412408999822034],[-95.6439350003148,40.38685100018907],[-95.64102700012819,40.36639899993633],[-95.62712399995303,40.35279999994824],[-95.62268400030446,40.34232300026568],[-95.62401499992497,40.33622599978183],[-95.62764799983465,40.33241200030055],[-95.65372900037922,40.322582000255075],[-95.65776399997182,40.3157879997593],[-95.65732799995374,40.31085600004829],[-95.65150699955764,40.30668399997724],[-95.6453289996845,40.3056929996971],[-95.61793099976313,40.31372800005277],[-95.61043899998792,40.31397000007456],[-95.59865700035199,40.30980899988642],[-95.59016499959574,40.303199000219735],[-95.58178700043895,40.29958000024791],[-95.57069299981787,40.299425999972016],[-95.56215699957902,40.29735899986191],[-95.55555299973352,40.29327299968836],[-95.55162000024816,40.28866599972103],[-95.55148800000369,40.28106099975199],[-95.55627499998187,40.27076100030621],[-95.55632500021058,40.267714000001334],[-95.55247300001777,40.26190399986298],[-95.54373699976237,40.26068700005229],[-95.52103499958261,40.25008299973251],[-95.48899899964597,40.24873900026537],[-95.48071000017765,40.24507999984846],[-95.47624100021677,40.24125700033731],[-95.47034899967556,40.23081900023208],[-95.46990000013702,40.22270000028959],[-95.4723630000847,40.21533499978663],[-95.4823189996325,40.20066700007847],[-95.48253999956545,40.19228299996165],[-95.479192999886,40.1856520000733],[-95.4638310000438,40.17120100033978],[-95.44281799968482,40.163261000080595],[-95.43634799973363,40.15871999979878],[-95.43382200003674,40.15293499991494],[-95.43216500000301,40.14102500023154],[-95.42740899998697,40.134607999960615],[-95.41954999979063,40.13104899999029],[-95.40769100016179,40.12983900004801],[-95.40026600033373,40.12729299966855],[-95.39654899986012,40.124700999697765],[-95.39334699994565,40.119211999883326],[-95.3928099996452,40.112928999737825],[-95.39421599960878,40.10826300028777],[-95.40659800019266,40.09910599974713],[-95.4100999996828,40.09397500031535],[-95.40871499963562,40.07695299974444],[-95.41042600009604,40.07353199997692],[-95.42028100025982,40.06416599999406],[-95.42164000036772,40.05895200002209],[-95.41682499990212,40.043235000150204],[-95.40726099999148,40.03311199985037],[-95.3958579995739,40.02803800030421],[-95.38719500001176,40.026770000343305],[-95.36398300019405,40.03149800009171],[-95.35687600038332,40.0315219999178],[-95.34657299960756,40.02827199980069],[-95.33373099961445,40.01783199995687],[-95.31527099961484,40.01207000026049],[-95.3093320001163,40.00447300024337],[-95.30808799963611,39.99247800026275],[-95.30580299996366,39.98789899966052],[-95.29540300000184,39.98066299988132],[-95.26988600042021,39.96939599965759],[-95.25765199997433,39.954886000320634],[-95.25025399991044,39.948643999942334],[-95.23676099981408,39.94393099992929],[-95.21643999956625,39.94395300021107],[-95.20526600037586,39.9397499997955],[-95.20192399982095,39.936121999924374],[-95.20038200031325,39.93103099973584],[-95.20058200032982,39.925123999876504],[-95.20606300006897,39.912060999984405],[-95.20274499980353,39.90507600007466],[-95.19379299963806,39.90097199977367],[-95.1812219998066,39.899996000252116],[-95.17430300031684,39.9009910002266],[-95.15983400042724,39.906984000175804],[-95.14965700004817,39.90594799987068],[-95.14283800011751,39.90040200027584],[-95.14325400004412,39.887775000020746],[-95.14060100012563,39.88168800029402],[-95.1347470001176,39.876851999961666],[-95.12452899973066,39.87285700026141],[-95.11084900003654,39.87098899982255],[-95.09015799989284,39.86313999983266],[-95.08155999972972,39.86153900004616],[-95.03940300038883,39.8648319996734],[-95.03286099956928,39.86732099986275],[-95.02674700016854,39.87227300032567],[-95.02490099998893,39.877254999687],[-95.02523999992263,39.889699999969935],[-95.01513500041192,39.89964299974308],[-95.00381900003298,39.90040100031605],[-94.98705899972481,39.89632000026264],[-94.96212700012418,39.90126300018452],[-94.95517799959887,39.90128800023796],[-94.94000200042782,39.89647200027371],[-94.92906400034066,39.888415000271365],[-94.92735899972804,39.88396599986988],[-94.92782599970826,39.87781699978911],[-94.93047100012916,39.87356199992249],[-94.94067100007443,39.865197000334575],[-94.94274200038495,39.861019000038],[-94.94256699958444,39.857033999921164],[-94.93985400028981,39.85204399974368],[-94.9354870004362,39.84840999970637],[-94.91676600032068,39.835806999996294],[-94.90634000041959,39.83373600028951],[-94.89293400036188,39.834680000221816],[-94.88650399969532,39.833336000239676],[-94.87867700018437,39.826522000332744],[-94.87655800019327,39.82088299973064],[-94.75638099969976,39.82062899993497],[-94.7587490001112,39.818389000275886],[-94.75767700005846,39.81714300020986],[-94.75897000004414,39.76562999975627],[-94.75667199995289,39.764299999845456],[-94.75676800021238,39.75541800021939],[-94.74803500033002,39.7554320002243],[-94.74510799987684,39.75278799992346],[-94.74510500040212,39.748376999757745],[-94.75914499994633,39.74853499991294],[-94.75897800044005,39.71900899985443],[-94.78864900033831,39.719088999967234],[-94.78798399999134,39.64028900015751],[-94.78813600032731,39.63189399993737],[-94.78930600028934,39.63189600006114],[-94.789353000145,39.58624399979441],[-94.78809600014434,39.55636699997708],[-94.78975499982789,39.55633900024395],[-94.78844299957566,39.55504900003666],[-94.78843500007805,39.53174300003179],[-94.60121499977548,39.53016999986716],[-94.60081899994036,39.45615500017204],[-94.5978789999667,39.455838000334936],[-94.21064199957428,39.45468199973544],[-94.20842300002404,39.52720000005641],[-93.9891490002415,39.524400000215415],[-93.85154399961813,39.525919000103265],[-93.75918300041906,39.52455800006374],[-93.75846299982051,39.20702099980361],[-93.73895599988253,39.20965500015458],[-93.71120999980663,39.20626199980795],[-93.70233499963406,39.208798999698956],[-93.69541799979412,39.21366400009233],[-93.68941099962518,39.22471599968848],[-93.68555299958459,39.22855199976934],[-93.6743319996402,39.23396600017046],[-93.66190100044915,39.23578200017622],[-93.65629099994025,39.24042799990973],[-93.65746900029819,39.24552499998896],[-93.65223700008109,39.248339999686145],[-93.64440700019706,39.24520200005253],[-93.64058400031657,39.24730599981088],[-93.63638099959616,39.24717200006489],[-93.62745500026827,39.242971999725825],[-93.58582899958341,39.240759999664824],[-93.56892600005843,39.22860500003752],[-93.56319199970098,39.220019999802425],[-93.55152800006579,39.217017000045516],[-93.52843199970076,39.21489199989561],[-93.50021100014699,39.218004999673404],[-93.48928399993048,39.226297000121036],[-93.4865730002857,39.23386099991516],[-93.49622099986192,39.2648909998914],[-93.49434000042052,39.27835900000269],[-93.49201800003982,39.28293800006836],[-93.48580599983148,39.288758999995714],[-93.47825399978181,39.292665999937384],[-93.47327199980995,39.293295999852944],[-93.46498499999144,39.29237000018273],[-93.45865200030758,39.28831399965945],[-93.4552029996226,39.284108999955144],[-93.45071399957023,39.27297499978171],[-93.44423100009855,39.268524999983704],[-93.41392400016568,39.26775299973718],[-93.40477500035674,39.263273999819596],[-93.40290300023784,39.26005399976014],[-93.40449800034729,39.254222000306456],[-93.41522999967181,39.24179700002202],[-93.41522600037217,39.234923000006255],[-93.41141400036233,39.23105799987487],[-93.40379399964228,39.22743700026263],[-93.39633500037735,39.22634000016089],[-93.37313699990503,39.23133099970551],[-93.35363699963975,39.24276300002336],[-93.33495700043042,39.24887499967458],[-93.32912099996572,39.25508099996127],[-93.32896199995707,39.26548300019811],[-93.33776299961148,39.276899999816976],[-93.34443000010448,39.28936400021391],[-93.34410899971411,39.297178999983444],[-93.33685600031349,39.30703200001572],[-93.3322519997351,39.30960600012975],[-93.32476400015784,39.310615000276066],[-93.29416099994896,39.30921400004157],[-93.2777250004042,39.31154899967692],[-93.26650899958437,39.31972099981625],[-93.26779499989733,39.3251169997783],[-93.26381300000818,39.33100900016031],[-93.2559220000248,39.33783699975707],[-93.25256500029964,39.3388740003277],[-93.24150500001373,39.337037000226424],[-93.23007900002995,39.327876999954036],[-93.22120399985738,39.331656000188026],[-93.21534900002442,39.33810699984254],[-93.20675300040942,39.35239000031475],[-93.19203699974929,39.36570499996261],[-93.18956899977873,39.370382999867296],[-93.18945300032608,39.37982799991791],[-93.19868999999859,39.393265999771],[-93.20070799970735,39.40178700021172],[-93.19310100030442,39.40927799990521],[-93.18064599992559,39.41180499997774],[-93.17446499967939,39.411025999971876],[-93.16432199963552,39.405006999679074],[-93.15199199982848,39.38715799994053],[-93.13963100005932,39.378643000122956],[-93.12519899997962,39.377675000146546],[-93.10607100015832,39.38372399970604],[-93.09858400040599,39.38317400002549],[-93.08775900029673,39.37891200026802],[-93.08028900026281,39.37175199989034],[-93.07708300015037,39.36550000006332],[-93.07805300009586,39.347976999712905],[-93.0744379997295,39.33796499972175],[-93.06540299972336,39.32829299987602],[-93.0520429996964,39.32072499989649],[-93.0447550001357,39.31766600031853],[-93.0237760001119,39.31311500028599],[-93.00193300044786,39.31299499972969],[-92.97159200017978,39.31559999980314],[-92.95980100032301,39.31252599982707],[-92.9542889997234,39.306346000122666],[-92.9534019996186,39.30275199990124],[-92.95327299974717,39.29845699980914],[-92.95897799979231,39.28304100011034],[-92.95776599999749,39.27933600030196],[-92.9474029998456,39.27009400001882],[-92.92361699991754,39.2633760001032],[-92.91674899958308,39.25793999971337],[-92.91568099972832,39.250031000216005],[-92.91996899993923,39.24020799984345],[-92.91957200027919,39.23161500026038],[-92.91519700002964,39.22626199993973],[-92.90614199993202,39.22233899989151],[-92.89619399988183,39.221896999669504],[-92.88655200015337,39.22425700027811],[-92.87029399998553,39.234197000318176],[-92.86285099971582,39.23643699969056],[-92.85493499961808,39.23553700034275],[-92.85070199965874,39.23314200028051],[-92.84906999973937,39.23061199989295],[-92.84922399972515,39.2262179998659],[-92.79036900000038,39.343586000073195],[-92.70736699977421,39.321613999862606],[-92.69838899966949,39.57571700027787],[-92.69659199989367,39.61037099999873],[-92.69214700022223,39.610274000086065],[-92.68933100009714,39.69809399982284],[-92.85791999979759,39.699985000075074],[-92.85600699967081,39.794176999755955],[-92.84747700017805,40.03730099981611],[-92.85619099979381,40.03725300009599],[-92.85531299990984,40.385894000287124],[-92.9688909996824,40.38476299979225],[-93.08392899984521,40.38645099995282],[-93.36693499974244,40.38299900019596],[-93.36685899957446,40.47151800013458],[-93.37483999996951,40.47221199998321],[-93.37438600040808,40.58033300017646],[-93.5475779999637,40.58040700003209],[-94.07213999969869,40.57302600001593],[-94.5460139998768,40.570814999848174],[-95.76564500009518,40.58520800014405],[-95.77354899959904,40.578205000247465],[-95.77470400039076,40.573574000170495]]]}},{"type":"Feature","properties":{"GEOID":"29017","NAME":"State Senate District 17","BASENAME":"17","STATE":"29","SLDU":"017"},"geometry":{"type":"Polygon","coordinates":[[[-94.60851900012804,39.11624399980174],[-94.60390100020425,39.11091599969988],[-94.59775599994306,39.109762999870455],[-94.59224800043972,39.11117400006356],[-94.55495199979855,39.1274280002947],[-94.53420399975344,39.14586100008215],[-94.5126790001067,39.15045099983147],[-94.49541099981045,39.15039399972187],[-94.48461599983841,39.145503999809165],[-94.46933000016419,39.13070399998899],[-94.46789599971322,39.124954000306694],[-94.46158999979355,39.1203719997263],[-94.4406419997319,39.130779999782234],[-94.42576399958837,39.141806999672916],[-94.41796300001666,39.15114400007453],[-94.40232800036298,39.164765999839034],[-94.3999280001645,39.174803000157624],[-94.40902500009491,39.19210399969495],[-94.4072280003191,39.19530299993697],[-94.40172800031337,39.197533999841696],[-94.4184009996846,39.19352099984302],[-94.42048200004085,39.190346999831824],[-94.4235049998552,39.19294499967688],[-94.42916300004465,39.19457300017725],[-94.43458000020969,39.193845999744774],[-94.44624300001995,39.185112000264255],[-94.44863099962456,39.175762000016654],[-94.45227600012815,39.17937099995687],[-94.45430999973043,39.186624000150054],[-94.45369600033541,39.189431000165094],[-94.44573699968167,39.194528999737656],[-94.45672499999753,39.194694000025706],[-94.45673400021838,39.201992999840456],[-94.47053199991326,39.201891999727046],[-94.47046800033915,39.20562199991882],[-94.47626999957035,39.20577500006271],[-94.47985499979947,39.207656999864085],[-94.47749599960886,39.20909399998692],[-94.47594599970525,39.21401699968701],[-94.47392399979854,39.21560700011965],[-94.46581500025526,39.216813000188274],[-94.46565799989644,39.22345200030586],[-94.46998299991725,39.22348199967513],[-94.45620699996368,39.24608900032203],[-94.45582199999922,39.266509999734424],[-94.45456800037161,39.266576999939694],[-94.45455199957976,39.26866699987239],[-94.4474640000356,39.26574200002054],[-94.44543100025822,39.280998999995816],[-94.43723200030325,39.28094000027533],[-94.43711299957926,39.288164999980495],[-94.42132200028998,39.288169999666884],[-94.42136999997058,39.29539399979565],[-94.4448239996376,39.29541199986576],[-94.4448169999649,39.3030759997682],[-94.45938200011398,39.30324499969573],[-94.4593200001897,39.3170679999187],[-94.46375399999049,39.31703800027771],[-94.46416400006932,39.31540000007335],[-94.46843499966347,39.315210000148014],[-94.46902800004041,39.3134650000958],[-94.47136999961425,39.313435000299854],[-94.47324299955807,39.316772999878346],[-94.47328500028918,39.33332800019679],[-94.48274500044275,39.33192300022108],[-94.60076200003894,39.33330000027816],[-94.60173299980933,39.15960300012846],[-94.59066099982786,39.154766999825355],[-94.58838700002607,39.14886799971779],[-94.59028799955897,39.13812100017396],[-94.6051160003721,39.12325900029426],[-94.60851900012804,39.11624399980174]]]}},{"type":"Feature","properties":{"GEOID":"29029","NAME":"State Senate District 29","BASENAME":"29","STATE":"29","SLDU":"029"},"geometry":{"type":"Polygon","coordinates":[[[-94.61830700034467,36.76656000017095],[-94.61785899973269,36.49943099975799],[-93.58426199996136,36.499167000093244],[-93.57380000007525,36.82003199969748],[-93.61292899957894,36.82056200014232],[-93.61012599987264,36.99581000016968],[-93.33745100034027,36.99249400011219],[-93.34204099977664,36.81730100034176],[-92.9093360003489,36.80917800002837],[-92.9029219995759,37.08522100014544],[-92.95717500016872,37.08765099989302],[-93.09236399980172,37.089135999803794],[-93.29478600011294,37.094450999898164],[-93.6088990000092,37.09815300004926],[-93.60509500039528,37.28148199974136],[-94.05231300009358,37.29007800004569],[-94.06619799982708,36.8417379998375],[-94.0664029998665,36.83024000003925],[-94.06501199997153,36.83018699996032],[-94.06889799960123,36.74781799995047],[-94.61830700034467,36.76656000017095]]]}},{"type":"Feature","properties":{"GEOID":"29005","NAME":"State Senate District 5","BASENAME":"5","STATE":"29","SLDU":"005"},"geometry":{"type":"Polygon","coordinates":[[[-90.2831449998627,38.666867999672576],[-90.27615400040293,38.663094000127344],[-90.27834100016608,38.65810600005092],[-90.272555999755,38.65753200011896],[-90.27462000039284,38.64500399975516],[-90.26478500032053,38.64390599973304],[-90.2663949996003,38.63433500004209],[-90.26464300003032,38.629705999797366],[-90.26319900043191,38.63106099999683],[-90.25788699984885,38.62991500009495],[-90.2595870004386,38.62660000025968],[-90.25845000008856,38.62171399983688],[-90.25731600011154,38.62171600007899],[-90.26067700003466,38.61981199983459],[-90.25989100021222,38.6185939999426],[-90.2560380001945,38.61828000022202],[-90.25636000040977,38.61667400009058],[-90.24797099958569,38.61588700030772],[-90.24821499998316,38.6141999999459],[-90.24001400037838,38.61342899997066],[-90.24186800005562,38.60491200007351],[-90.23723300041338,38.60434600030942],[-90.23888299987611,38.59627400032021],[-90.24054099973476,38.59516799993459],[-90.25076099977153,38.59562200031629],[-90.25106700009329,38.591458000068336],[-90.25566199955256,38.58953600034265],[-90.25970600026429,38.58993299999737],[-90.25833600028574,38.58823600006004],[-90.2594250000569,38.58513300016972],[-90.25577799990349,38.575633999995546],[-90.25478200001875,38.57527899992126],[-90.25435199984844,38.577586999962065],[-90.24906500027805,38.5748460002432],[-90.25183399964916,38.57154499991409],[-90.2476330003752,38.569317999776246],[-90.25332300035173,38.56332000008994],[-90.2576449999995,38.56146300030473],[-90.26083400039352,38.56227400009643],[-90.2638470001621,38.5591399998505],[-90.26512199970611,38.55979900009302],[-90.26760300009545,38.557001999982454],[-90.26524800010282,38.55576899971133],[-90.2671050001531,38.55420200025067],[-90.26577700000733,38.553427999658346],[-90.27995700019194,38.551844999802356],[-90.2723380001951,38.54841600022829],[-90.27139199964077,38.53932800022699],[-90.26687199962628,38.53426700012904],[-90.25778200026686,38.532011999831624],[-90.2242039999242,38.57507999985804],[-90.21670399975308,38.57878000024529],[-90.19600299956363,38.59447999995209],[-90.18450200013508,38.61157999986138],[-90.17800200004665,38.63377899967911],[-90.17770199957269,38.64277899983077],[-90.1811019998539,38.6595789997162],[-90.18640199984308,38.67477900006115],[-90.19520199967256,38.68757900031188],[-90.2022020002515,38.69347900000982],[-90.20920199993213,38.70277900027336],[-90.2120020001637,38.71177899976484],[-90.2119100001022,38.71795000017242],[-90.20990999993678,38.726049999684776],[-90.20517700038526,38.73220000024609],[-90.19130099997426,38.74297800034591],[-90.18360900018251,38.74674900023526],[-90.17630099963199,38.754477999892266],[-90.17510100043106,38.76027799987835],[-90.16671699962987,38.772272000201724],[-90.18418400011777,38.774287999650255],[-90.18640199984308,38.76154599981842],[-90.20814699959783,38.739799000071436],[-90.22177899961137,38.730133999877374],[-90.2517449999607,38.71888700022131],[-90.28275300022554,38.67968799972711],[-90.27940200034817,38.67813099987002],[-90.28201699973349,38.674508999870085],[-90.27884199958318,38.67286299976358],[-90.2831449998627,38.666867999672576]]]}},{"type":"Feature","properties":{"GEOID":"29025","NAME":"State Senate District 25","BASENAME":"25","STATE":"29","SLDU":"025"},"geometry":{"type":"Polygon","coordinates":[[[-91.67423699998311,36.78783200026376],[-91.6779739996499,36.606750000098806],[-91.67201800043291,36.60621399975831],[-91.67233399990208,36.49939200009392],[-91.53950500028459,36.49923599979705],[-91.40687199958735,36.497061999725425],[-90.80740799984696,36.49883400024993],[-90.1523070001898,36.4979820003251],[-90.15448100043248,36.496659000271464],[-90.15345000038762,36.49304800030014],[-90.1600669997536,36.49437799992402],[-90.15615099998669,36.48909699998261],[-90.15673099994481,36.487447999987516],[-90.16009900043896,36.487503999820746],[-90.15991600014085,36.48566400020863],[-90.15720600032098,36.4843109999966],[-90.15954399969688,36.48024399967595],[-90.15123799961181,36.476958000258215],[-90.14418100002976,36.476196000097154],[-90.14239199975155,36.47139900023911],[-90.1456620003364,36.46905499995168],[-90.15298500005723,36.470771000060836],[-90.15559299976987,36.466435000100454],[-90.15540699999703,36.46379500013937],[-90.150498999645,36.465463999957386],[-90.14503200014957,36.4628510000649],[-90.14457199984201,36.467232999903985],[-90.1430069998698,36.46795999974526],[-90.14042400027151,36.46507500033542],[-90.14096200039684,36.45853800020539],[-90.13395299959708,36.45378099965882],[-90.13726800038778,36.4501890003385],[-90.13425999974375,36.43645400017161],[-90.1388960001092,36.43510699967162],[-90.13794799990504,36.43156299976668],[-90.14301100006776,36.4309480003566],[-90.14431199955102,36.4260180002303],[-90.13930299981497,36.42131999980765],[-90.13440299985888,36.42287700018475],[-90.13503300004572,36.416815999815135],[-90.13850299974881,36.41372599975548],[-90.1349329995883,36.413572999950496],[-90.12740400000315,36.416736000217384],[-90.1265960004394,36.415591999702364],[-90.12874499966941,36.41144600027842],[-90.12155099982002,36.41083499992014],[-90.11888600020598,36.41251300024052],[-90.11850399971624,36.40942900019102],[-90.11547099985617,36.40799000017578],[-90.11364499976803,36.4095620002586],[-90.11559700025286,36.4058159997911],[-90.11082500034328,36.4077439999115],[-90.11032200037803,36.40416500021949],[-90.10434000032346,36.40542900023055],[-90.10155099996256,36.40197000013525],[-90.09843400043688,36.40401099973497],[-90.08413600025149,36.400524000288925],[-90.08152000014293,36.40109600008557],[-90.07419400004908,36.39298499992914],[-90.07053699984994,36.393520000238965],[-90.06899799981696,36.38823400016264],[-90.06584899960593,36.38745200008205],[-90.06812599978079,36.38514900033952],[-90.06350399965902,36.384080999787734],[-90.06674499993157,36.378006000286085],[-90.06277899993592,36.377163000253205],[-90.06473399989548,36.36892500015751],[-90.06346699984908,36.36708199995175],[-90.0663540001193,36.365089999974565],[-90.06605299982044,36.36006199976533],[-90.06803799991724,36.3565380003228],[-90.07046099968194,36.356381000107035],[-90.07581000007491,36.34983499972818],[-90.07803199999817,36.3492929998398],[-90.07418800020129,36.34337000021034],[-90.07697599983898,36.341439000074544],[-90.07832300025133,36.337709000072046],[-90.07545900044565,36.33434500015591],[-90.07912999999017,36.32769799975273],[-90.08191299960501,36.326457000242904],[-90.07983700016993,36.32350700028628],[-90.08238200013338,36.321996999818076],[-90.0797509999562,36.318357000156524],[-90.07661299961582,36.31921300033196],[-90.06948700043682,36.31325399984705],[-90.06419300029542,36.30250200030505],[-90.06939799985005,36.29857699976362],[-90.07150199977254,36.293205999855516],[-90.07901500036246,36.289867999951895],[-90.07571999966324,36.28105299972409],[-90.07973500006268,36.278660999999026],[-90.08352899963086,36.272122000269064],[-90.09629799982902,36.27130500015533],[-90.09950399994146,36.268947000076786],[-90.10291599991822,36.26893499971549],[-90.10613299990133,36.26601100012299],[-90.11272099985331,36.26634000013185],[-90.11706799961544,36.2634870001383],[-90.11606000003513,36.26152399964505],[-90.11760999993876,36.258166000344595],[-90.11934800016334,36.25767800009993],[-90.11818099967606,36.25556299990496],[-90.11996999995428,36.25471899993849],[-90.1183740000199,36.253273000247894],[-90.12244700014566,36.249320000034594],[-90.121999000432,36.24646799977848],[-90.12500700017772,36.2445019996869],[-90.12400200007215,36.243144999723],[-90.1300469998759,36.24334399999912],[-90.13088299992707,36.24137199981035],[-90.12479999959018,36.23526300015228],[-90.12650199982974,36.23312700019291],[-90.12625699960736,36.2292139996634],[-90.13112099957846,36.22873199978837],[-90.13241000026449,36.22643199988976],[-90.14185199997638,36.227654000356786],[-90.14406999970168,36.22332800016408],[-90.14605200032375,36.223131999885794],[-90.14571800041291,36.220849000099875],[-90.14901599968854,36.22178899984857],[-90.15211300002105,36.21573499994742],[-90.1557159997935,36.213821999687774],[-90.16084400025355,36.21557200001754],[-90.16761700015346,36.213258999763596],[-90.1694719996556,36.214123999814845],[-90.17269700003462,36.21063999971435],[-90.17584600024564,36.210574000279465],[-90.17763399980063,36.20726600029991],[-90.18123099972532,36.20865600012071],[-90.18319699955555,36.20496399998854],[-90.18813000002191,36.20546100003067],[-90.19018600026384,36.20138399991007],[-90.19521400026645,36.20034799992827],[-90.1964560001985,36.19637200021029],[-90.2002380000711,36.1964590000164],[-90.2008930003723,36.19180399981369],[-90.20410699998236,36.18990500012505],[-90.20441499995394,36.186854999976724],[-90.20978600008822,36.18601199989729],[-90.21135899955804,36.18309900012633],[-90.2203459998836,36.18453999970467],[-90.22517700024274,36.17676599972825],[-90.22961299969333,36.17315600013254],[-90.23120799980279,36.163761000220575],[-90.2353470000508,36.15954000019728],[-90.23274000016306,36.15616900019485],[-90.23342700025131,36.1547649998581],[-90.23123000044241,36.15358999974558],[-90.23144299997945,36.146618000019245],[-90.23507900026219,36.14500899970359],[-90.23544499996008,36.13939500027025],[-90.2455560002169,36.13618799967181],[-90.24549599994245,36.133286999718166],[-90.25326700027523,36.12731200031263],[-90.26086199998261,36.127257000084505],[-90.26652500019495,36.12002100029478],[-90.27219099988201,36.118406999754065],[-90.27297699970448,36.11681099977098],[-90.27880499977327,36.11742199994483],[-90.29306000030095,36.11443000005642],[-90.29503799982673,36.11280000022343],[-90.29387100023777,36.10985600022922],[-90.29815799972545,36.10731699969929],[-90.29794600001334,36.10291699984948],[-90.30018499965504,36.09771899974968],[-90.30625399974825,36.094950999799046],[-90.31204500000712,36.0946179997112],[-90.31961200012539,36.089569999825954],[-90.32064499982006,36.08700399972686],[-90.31886499976267,36.084108999863126],[-90.32025200035798,36.08101300007264],[-90.31823799994886,36.076133999870294],[-90.32081300004955,36.073200999860816],[-90.32062100042893,36.07131999973771],[-90.3237310002819,36.071610999726595],[-90.32800699989893,36.06850800036124],[-90.33334500042128,36.067475999959974],[-90.33630299993827,36.06059800005342],[-90.33334899972091,36.05768200035867],[-90.33368799965461,36.05576800001368],[-90.33782100005484,36.05312100009444],[-90.33687399967557,36.04723799973037],[-90.3408949999228,36.04705099981722],[-90.34367300041306,36.043007000145764],[-90.34820799959786,36.041573000233456],[-90.34932800022949,36.03894700024517],[-90.34827500044334,36.035050999774114],[-90.35126300009757,36.03112499970066],[-90.35428400026208,36.03032500033003],[-90.35171300035935,36.028005999746775],[-90.35178199995633,36.02505700017768],[-90.36774399984817,36.00999099974428],[-90.37790000031082,35.995744999999246],[-89.70693200029808,36.00098100021074],[-89.70357100037494,36.00803999965895],[-89.69243699957087,36.02050699981864],[-89.68857699988045,36.02923799996376],[-89.67882100034919,36.084636000359716],[-89.67246299965265,36.0918369999119],[-89.66659799977397,36.095802000226385],[-89.62830500032145,36.10685299977182],[-89.60193599989681,36.11946999967452],[-89.59354899962088,36.12813799967027],[-89.59163200019445,36.1421350003317],[-89.59358299995607,36.15400500011423],[-89.6070040000824,36.171178999976085],[-89.61822800039982,36.17996600001415],[-89.63689400026377,36.18895100029349],[-89.69262999991471,36.22495900017676],[-89.70525000014999,36.236568000094174],[-89.70532799996779,36.23989799982185],[-89.70182099955647,36.24600400016937],[-89.69523500015264,36.2527659998872],[-89.67804300002435,36.24828700016553],[-89.65140699963598,36.2506829997701],[-89.64218199965906,36.24948599983127],[-89.61114499998021,36.23927099979767],[-89.60237399956473,36.238106000244684],[-89.5873260004402,36.239484000061395],[-89.57754400007134,36.24226199984581],[-89.56220599962028,36.25090900003806],[-89.55356300014962,36.25034099969228],[-89.54474300022865,36.2474840002193],[-89.53922899997922,36.24882100023327],[-89.53467600035275,36.25277099980538],[-89.53644100034151,36.2728269999102],[-89.53948699972207,36.27736800035405],[-89.544796999757,36.28045800033842],[-89.55429600026864,36.27775300003877],[-89.5784920002755,36.28831699972798],[-89.58982000035002,36.2968139997317],[-89.61181899964969,36.30908800006425],[-89.62025500032942,36.32300600008558],[-89.61980000004475,36.329546000353766],[-89.61584099972181,36.336085000159486],[-89.61068899987063,36.340441999938434],[-89.60566800043902,36.342234000268625],[-89.58163599956536,36.34235700029732],[-89.56043899998168,36.33774599986225],[-89.54500599999437,36.33680899978131],[-89.5318219996945,36.33924600016343],[-89.51899999979288,36.34859999999686],[-89.51317799957188,36.35989699983081],[-89.5097220001125,36.373626000133406],[-89.51037999988844,36.37835599969604],[-89.51395599989674,36.38489100021737],[-89.54233700018237,36.4201030000283],[-89.54525500041471,36.42707900028296],[-89.54506100024595,36.434914999760316],[-89.54340599986203,36.43877000035073],[-89.5272740000909,36.451545000200774],[-89.52342699992097,36.456572000215786],[-89.51972000039143,36.46700199995011],[-89.51992200005778,36.47705299982505],[-89.52267399971046,36.48130500000708],[-89.5345240000168,36.49143199998666],[-89.56041200021751,36.524406000151174],[-89.57102499971634,36.550201000334546],[-89.5707259999656,36.557656000313024],[-89.56700400036745,36.5650479996628],[-89.55963399989264,36.57278999987024],[-89.55111899957019,36.57807400020137],[-89.540853000401,36.58101699987429],[-89.5306380003871,36.58170999997734],[-89.51685200038777,36.57739699973262],[-89.48810600022918,36.57292500018443],[-89.47992999984042,36.56908699973943],[-89.47286099966452,36.55883999965504],[-89.46782000014142,36.546973999639434],[-89.46553499957065,36.53598899983624],[-89.46591299986243,36.5300150002719],[-89.47325599967472,36.5124159998464],[-89.48668699984681,36.49499200029889],[-89.49337699990603,36.478959000187274],[-89.49394699981842,36.47355900024554],[-89.49058800044344,36.465967999839116],[-89.48619300010239,36.46211400028987],[-89.47664300043544,36.45839300014235],[-89.46443300027903,36.45774700018441],[-89.45351399956012,36.46178900006024],[-89.44373499956431,36.46916099986698],[-89.43007199958863,36.48210099984051],[-89.41727499980136,36.49901100006517],[-89.39862599965589,36.54227599993379],[-89.39583299999532,36.55932499991862],[-89.38270999979481,36.58372199998814],[-89.37614399958414,36.614131999929555],[-89.37191499982278,36.62019600006664],[-89.36579700022409,36.6251259997737],[-89.34390199978318,36.631888000290644],[-89.3320339999335,36.63288100001692],[-89.32463699969455,36.63102299974609],[-89.31465699985728,36.62184399966417],[-89.29467500044146,36.5937789999395],[-89.27794299972238,36.57658799995917],[-89.2634899997263,36.566269000331815],[-89.25653799972625,36.56496099996165],[-89.23630799971502,36.566881000266314],[-89.22704599992815,36.56953700004237],[-89.21903500029417,36.575057000203124],[-89.21118399959545,36.58405800014596],[-89.20277100027856,36.60166499973959],[-89.20126499985756,36.61654499999476],[-89.19775300032168,36.62897099995553],[-89.1868560002424,36.642022000253455],[-89.17472700027683,36.65047499983811],[-89.1591179996641,36.66635399980873],[-89.17188400038755,36.67259800018542],[-89.16797100009536,36.67908899968761],[-89.16811000001252,36.68572899989413],[-89.17046199963212,36.69004800004582],[-89.18295299999596,36.69955200009436],[-89.19931099972291,36.715624000351355],[-89.20139999957678,36.72588100008559],[-89.19785600025385,36.73977200021172],[-89.18531999968418,36.75334899967294],[-89.16978499958962,36.75964099990963],[-89.15767300024079,36.75607799976712],[-89.1425020001943,36.755502999850215],[-89.13578899967054,36.75177699969866],[-89.12596700001703,36.75180900030502],[-89.12075900008936,36.75712899975168],[-89.11707599995094,36.765768999976544],[-89.11656899978775,36.77450999989479],[-89.12438000030349,36.785825999726235],[-89.13218699972298,36.78825699995214],[-89.15713699976527,36.78956899982053],[-89.17056299991447,36.797537999702605],[-89.17913299959021,36.81089299976082],[-89.17920100026058,36.82989599967288],[-89.17654400014413,36.83712099967234],[-89.17044300026387,36.84183999971942],[-89.1590049996862,36.84272899971025],[-89.15268100022318,36.84710500025424],[-89.1381090004014,36.847322999829345],[-89.13193400000299,36.857596000148625],[-89.1267739997559,36.871899999763016],[-89.117115000309,36.88868499997976],[-89.1088779998209,36.921610000260316],[-89.10164399978855,36.940728000068695],[-89.09896800030384,36.95606700006247],[-89.09933099962868,36.962574999800424],[-89.10103799989115,36.96708499971133],[-89.10920000003617,36.97645100032286],[-89.11660899997071,36.98110300025153],[-89.1253519998988,36.98352900024578],[-89.14988199981651,36.97763599977377],[-89.1700089998956,36.97029799973748],[-89.18549100028672,36.973517999998464],[-89.19209699978205,36.97999499968526],[-89.19503900030384,36.9897680003519],[-89.19502900025809,37.00005100003394],[-89.20079299985446,37.01616399965249],[-89.20505299957796,37.02005700034751],[-89.23405300017978,37.03727699998387],[-89.25493000009632,37.0720140003566],[-89.25993499963441,37.06406999982971],[-89.28036200018747,37.0652219999298],[-89.30772599977364,37.06965400006082],[-89.31081899990818,37.057897000206026],[-89.30475200036311,37.04756499972909],[-89.2911849997486,37.04040800009006],[-89.27771500011677,37.03614000013239],[-89.26000300030479,37.023287999841],[-89.25760800012915,37.01549600021375],[-89.26352700043454,37.00004999994209],[-89.27419799965969,36.990494999810316],[-89.27862800016084,36.9886699999575],[-89.2921299995797,36.99218900000729],[-89.31332399968865,37.00949900021665],[-89.34720499998,37.009109999644025],[-89.34730299988931,37.0019769997299],[-89.37430800034858,36.994285000095125],[-89.37506400003382,36.964947000015265],[-89.41128900044716,36.964787000306146],[-89.41147900041796,36.95013499993017],[-89.42989900023458,36.950263000089734],[-89.42995000028822,36.935609000280145],[-89.46539300017874,36.93577600035163],[-89.46523300034518,36.906239000061596],[-89.50152599963228,36.906262000351255],[-89.50151499976161,36.87692600017588],[-89.51986500015636,36.87693700029118],[-89.51980900007987,36.8696170003145],[-89.56642600005912,36.86930999968084],[-89.56757000008187,36.870909000045415],[-89.6045960003863,36.866217999796234],[-89.60369699968761,36.862183999658285],[-89.60589299967161,36.86166099981125],[-89.69160300006784,36.85951699975012],[-89.69189699979572,36.86272299965937],[-89.68942100032756,36.86336400008516],[-89.6925860004321,36.866727999836876],[-89.68972299955303,36.86792299990097],[-89.69397300012909,36.86988200024394],[-89.69738900030383,36.87438500007348],[-89.69675400009412,36.87670099975613],[-89.69207800044398,36.87880300018734],[-89.69353999958575,36.880579999995206],[-89.68960700010038,36.88376900032746],[-89.68982300001045,36.88591300022756],[-89.68663600016458,36.884668000065965],[-89.68665700008098,36.88699099999612],[-89.69145599975475,36.892255000195206],[-89.69108300038415,36.89527699993353],[-89.69377399993748,36.89964000029561],[-89.691008999866,36.90363400000516],[-89.69232399959297,36.90753000018603],[-89.69004700031645,36.90918499986402],[-89.69163900005286,36.91000600021828],[-89.69080200017677,36.91325800025864],[-89.68905100043169,36.91251300005663],[-89.68710999981751,36.913826999750896],[-89.68968999994107,36.91612999974092],[-89.68899100015724,36.91819199967382],[-89.68648800002659,36.919025999991995],[-89.68852500000192,36.92104099994481],[-89.6846939997255,36.92280399989444],[-89.6860450003358,36.92400099990444],[-89.68781500034743,36.9225649999487],[-89.69004800014135,36.92438999971239],[-89.68668700021821,36.928354999976726],[-89.68926499979362,36.93023199982416],[-89.68901600027161,36.93295799997636],[-89.6912130000805,36.93248599994412],[-89.69241599965449,36.934727000041036],[-89.69099200014756,36.936490000155075],[-89.69327400034527,36.93778900024514],[-89.6917410001601,36.93881100025698],[-89.69224900014822,36.94065099968904],[-89.69558099975904,36.93865699985362],[-89.7027739997835,36.94734799993947],[-89.70946700021578,36.94639000035648],[-89.71218999955616,36.95290499999852],[-89.71523599983503,36.95247800002925],[-89.71557300011891,36.960623000097534],[-89.72056599996142,36.96887900009123],[-89.72044200011287,36.970833999832855],[-89.71843399955154,36.97151599989093],[-89.71975099982666,36.973505999732396],[-89.7180229996478,36.97465699971335],[-89.7224780002633,36.975769999685326],[-89.72049599964124,36.97688999979009],[-89.72272400031059,36.97918300011866],[-89.7211199999803,36.97913699976192],[-89.7218249996119,36.98034699989109],[-89.71884700000342,36.98243199981838],[-89.7205579995655,36.984241999883935],[-89.72005899979823,36.98689799979127],[-89.72259899973879,36.98827499967838],[-89.7211760000568,36.990507999767026],[-89.72398399978597,36.99150000011877],[-89.72334799975133,36.99350900018068],[-89.72621199955701,36.99465100031912],[-89.72990100044153,37.00160499990268],[-89.73351099988669,37.0030809998635],[-89.73702800034376,37.00705600002752],[-89.73564199957337,37.01063000030905],[-89.73995900009659,37.01321800021257],[-89.73851999962274,37.01449999985697],[-89.74227700027932,37.01698099968594],[-89.74652399958403,37.022883999824494],[-89.74613899961957,37.02770000032661],[-89.75385800007382,37.02989700005246],[-89.75257299958575,37.03663400005049],[-89.75458100014708,37.037971999849596],[-89.75724099973826,37.03608700033645],[-89.75859099962533,37.03896499993308],[-89.75644900006802,37.04467399988837],[-89.7587150003722,37.04718200017224],[-89.75728299957105,37.047428000274344],[-89.756885999911,37.04967499985683],[-89.75858099957958,37.050384000121106],[-89.75802699956073,37.05154999980398],[-89.76317500011226,37.048867999673035],[-89.76775799987595,37.05202400019816],[-89.77038400003025,37.05661300022236],[-89.76938300012263,37.059203999946945],[-89.77169899975722,37.0621599998848],[-89.7734019998217,37.06213700008442],[-89.77308299997947,37.0646059997777],[-89.77895299988107,37.07210800015833],[-89.77807900019505,37.07594799973496],[-89.7860599996918,37.083766999709574],[-89.78683700019175,37.08774699968119],[-89.78526100034885,37.09025699992722],[-89.78134399985872,37.09065400021261],[-89.77857700013742,37.09303200004149],[-89.77860200025178,37.095348999798844],[-89.7741120003745,37.09759300003841],[-89.77551599978993,37.10330299976513],[-89.77155800019021,37.10857299977689],[-89.7728870001609,37.112417999778344],[-89.77142799959556,37.11363199985758],[-89.76949299972749,37.112742999986615],[-89.76556699991482,37.11859700000958],[-89.76430700043943,37.122315999776454],[-89.76521100026268,37.12606600029465],[-89.95957600001083,37.127353000337244],[-89.95919600006926,37.05438000018198],[-89.99585199957949,37.0547340002689],[-89.99572000023332,37.040109999891655],[-90.11124700011767,37.04120500006582],[-90.11035400016509,37.08587099964757],[-90.22322999978077,37.08651899996861],[-90.21765699998012,37.31496700005372],[-90.2363549996311,37.31631499973837],[-90.34624299959255,37.31457699991133],[-90.54972899956057,37.31759400028989],[-90.5506030001449,37.27260800014944],[-90.64276099985271,37.272215999657014],[-90.66177499987118,37.27476699973647],[-90.73545300038622,37.27104000023054],[-90.73615700019292,37.227101000136244],[-90.73443800023489,37.22714599969381],[-90.73714600040496,37.16641300000858],[-90.75586999999521,37.16672200029824],[-90.7567989999328,37.137739000278394],[-90.7790249999115,37.137919999879884],[-90.7795529999911,37.05032399991844],[-90.96446599998161,37.0535840002736],[-90.96356200015836,37.09736000026673],[-90.99999099988791,37.09764899986752],[-90.99988999960557,37.10040400034441],[-91.0179429998994,37.09563100019063],[-91.03604600042196,37.093683999778044],[-91.06673599977115,37.093774999785246],[-91.06541799967114,37.08849500001661],[-91.10965100024373,37.08666699971158],[-91.10973999993219,37.08405699997278],[-91.21714999987735,37.0861970002074],[-91.22282999980813,36.883856999786936],[-91.25382999967704,36.88524300034923],[-91.4781220003148,36.885819000050134],[-91.65811100005976,36.88872400025435],[-91.66001699961554,36.7875310000775],[-91.67423699998311,36.78783200026376]]]}},{"type":"Feature","properties":{"GEOID":"29016","NAME":"State Senate District 16","BASENAME":"16","STATE":"29","SLDU":"016"},"geometry":{"type":"Polygon","coordinates":[[[-92.85991300029029,37.721361999950766],[-92.84628100027676,37.7210389998959],[-92.85348099997393,37.48396999974104],[-92.68667099960764,37.48154499968813],[-92.69230299985784,37.26351400025987],[-92.67896999959505,37.26314899988393],[-92.68586700024184,37.067050999721694],[-92.25135900029218,37.0596529999604],[-92.24717499983834,37.25490799985767],[-92.2529800003409,37.25484300003512],[-92.25194300044826,37.34275200026544],[-92.252058000076,37.371879000214605],[-92.25331000005379,37.37739999974044],[-92.24946299988383,37.60454299978619],[-92.17697799979535,37.605170000043834],[-91.86270599989044,37.59887299977951],[-91.75479499962985,37.5987680000404],[-91.75503999985224,37.4241100001825],[-91.42713900030682,37.41803900024144],[-91.21186300030695,37.415276999990105],[-91.21098399969976,37.50191100032436],[-91.31423600002864,37.5051320002803],[-91.3124579996211,37.59282399997539],[-91.1550730001466,37.588092000323726],[-91.15334499996776,37.697340000098336],[-91.3106549999975,37.70004799998762],[-91.30831099987549,37.7871860003423],[-91.52879700035119,37.7889889997513],[-91.525024999626,38.15243299980956],[-91.64489300032301,38.153679000007614],[-91.64472900029149,38.288510000059944],[-91.757317999852,38.288719999713656],[-91.75742699963196,38.29009599976851],[-91.77534600003148,38.292044000329525],[-91.86312000016723,38.293609999827765],[-91.8839860002131,38.2898980002392],[-92.01045200000952,38.28813999982967],[-92.19567499962142,38.292237000120565],[-92.19783200014567,38.161259999741105],[-92.1814159997941,38.161003999688525],[-92.18511800019908,38.01618599987687],[-92.33275299999009,38.020360999837706],[-92.40627900016916,38.020569000347784],[-92.4092259998155,37.85926000005121],[-92.41905699968986,37.85985799985641],[-92.42223600003813,37.858703999663256],[-92.42659000037126,37.851012000029506],[-92.43185500020034,37.84885199979971],[-92.43360699977032,37.845913999722995],[-92.43838899972565,37.844196000227846],[-92.44209399960538,37.84006200006416],[-92.44824800008739,37.83672500015142],[-92.44931000009437,37.83201299965853],[-92.45266400034483,37.82934899965315],[-92.45346900043386,37.82462699994577],[-92.46131199983834,37.82470900012368],[-92.4667790002321,37.82722300005748],[-92.47404800042456,37.827103000012194],[-92.48024100036632,37.82900799986296],[-92.49219600025464,37.829619999850294],[-92.49715200028723,37.827317000027534],[-92.50146700026231,37.82773500004471],[-92.5068810000543,37.82203699968994],[-92.51350900018927,37.8109320001787],[-92.51754499960677,37.81088700001034],[-92.51747400035998,37.813209999660145],[-92.53156699960765,37.81126500000432],[-92.53960499990413,37.80206400013242],[-92.54893399963812,37.80047000027369],[-92.54987400034469,37.80203899995797],[-92.55877499955821,37.803039000334536],[-92.56416599978398,37.80570899987508],[-92.56533499992109,37.80685300003153],[-92.56458000006077,37.81263600004479],[-92.56729599972844,37.814444000335584],[-92.56649099963941,37.81704899995778],[-92.5690039998158,37.8172839997662],[-92.57157600044174,37.823639000020044],[-92.57727599956571,37.82343800025456],[-92.58187599994613,37.82733799974031],[-92.58537599978646,37.828037999990926],[-92.58967599969294,37.83493799973589],[-92.59557699955666,37.83663800030982],[-92.59657699963934,37.83973800011305],[-92.60007700037798,37.84033799992465],[-92.59947399995532,37.84451699977943],[-92.60137000036364,37.84862999988463],[-92.59917699985438,37.85183800028713],[-92.60867800001584,37.856138000167164],[-92.60807799996621,37.857938000283184],[-92.61147900007234,37.859438000256056],[-92.61267900017158,37.86273800011957],[-92.61467900033699,37.86353800031425],[-92.61347900023773,37.86773800033652],[-92.6143780000381,37.87153699987109],[-92.61867799994457,37.87383700003529],[-92.61707799981224,37.87863700022967],[-92.62097799968565,37.886137000113244],[-92.61897800041855,37.888737000044685],[-92.62018099999253,37.89252099985544],[-92.85538400005497,37.89573599970604],[-92.85991300029029,37.721361999950766]]]}},{"type":"Feature","properties":{"GEOID":"29032","NAME":"State Senate District 32","BASENAME":"32","STATE":"29","SLDU":"032"},"geometry":{"type":"Polygon","coordinates":[[[-94.6175700000277,37.36416999990575],[-94.61830700034467,36.76656000017095],[-94.06889799960123,36.74781799995047],[-94.06501199997153,36.83018699996032],[-94.0664029998665,36.83024000003925],[-94.06619799982708,36.8417379998375],[-94.05231300009358,37.29007800004569],[-94.08383299964618,37.29085099994457],[-94.08208299972601,37.349291000340266],[-94.39284499974488,37.356429999665565],[-94.6175700000277,37.36416999990575]]]}},{"type":"Feature","properties":{"GEOID":"29018","NAME":"State Senate District 18","BASENAME":"18","STATE":"29","SLDU":"018"},"geometry":{"type":"Polygon","coordinates":[[[-93.37438600040808,40.58033300017646],[-93.37483999996951,40.47221199998321],[-93.36685899957446,40.47151800013458],[-93.36693499974244,40.38299900019596],[-93.08392899984521,40.38645099995282],[-92.9688909996824,40.38476299979225],[-92.85531299990984,40.385894000287124],[-92.85619099979381,40.03725300009599],[-92.84747700017805,40.03730099981611],[-92.85600699967081,39.794176999755955],[-92.85791999979759,39.699985000075074],[-92.68933100009714,39.69809399982284],[-92.69214700022223,39.610274000086065],[-92.69659199989367,39.61037099999873],[-92.69838899966949,39.57571700027787],[-92.70736699977421,39.321613999862606],[-92.43029100005302,39.248797000155385],[-92.10437399988119,39.239809000277866],[-92.11038699989788,39.06420400024297],[-91.63399799989355,39.05905700001107],[-91.62959800042798,39.14785299992686],[-91.40903300030956,39.14254200002064],[-91.46044200028987,39.45072199965712],[-91.3908589996419,39.49091400016714],[-91.36713100033847,39.50270800005709],[-91.20371200003258,39.59835499990964],[-91.17801200015282,39.59819599969127],[-91.18592099967955,39.60511899982468],[-91.21664000023941,39.615124000165096],[-91.22931700037607,39.6208530001609],[-91.2412250004087,39.63006700004494],[-91.2487790001082,39.64088000019037],[-91.26047500042874,39.64902400023228],[-91.27614000021964,39.6657590000874],[-91.30248500035485,39.67963099978503],[-91.30534800033563,39.683956999952855],[-91.35531399964412,39.716984999778205],[-91.37000900038788,39.73252399999744],[-91.36983899961024,39.74570199987562],[-91.36512500032528,39.75872299976718],[-91.36539599958861,39.777266000242726],[-91.3615710000583,39.78754800017399],[-91.36796599966642,39.80040300029374],[-91.37648799966158,39.81003300008811],[-91.38370699962532,39.81460000030227],[-91.43040200032068,39.83890199988096],[-91.43652900014021,39.847078000022115],[-91.4413429998826,39.86198300006376],[-91.44668499970456,39.871641999667986],[-91.44784399979594,39.87795099981303],[-91.44692200042934,39.88303399986567],[-91.44351299992731,39.89358300025232],[-91.4208779996947,39.91486500030311],[-91.41880700028248,39.9221260000598],[-91.41935999957815,39.927716999863385],[-91.42578199984875,39.937765000289765],[-91.44155999961757,39.9512989996562],[-91.4588520002033,39.97901499984698],[-91.46531499958347,39.98399499982417],[-91.46924700014223,39.995326999910446],[-91.494878000425,40.03645300024424],[-91.48960600002492,40.05743499970961],[-91.49766299968965,40.07825699967156],[-91.50143399969161,40.09585199984634],[-91.5108389995936,40.1261369996846],[-91.51159000015429,40.14926899982311],[-91.50822400020827,40.1576649998988],[-91.51307899995854,40.17853700009178],[-91.51107299994533,40.188794000214806],[-91.50447699959744,40.198261999928846],[-91.5072690003314,40.20933800013898],[-91.50428199960378,40.22429899989932],[-91.50428900017477,40.231712000267855],[-91.50650100005228,40.2363039998996],[-91.50323100036576,40.24347399969775],[-91.49810399973062,40.24742199967618],[-91.49052400009185,40.2594979999636],[-91.49306099965939,40.27526199971591],[-91.48986799996574,40.28604799999763],[-91.47182600044088,40.31734000017359],[-91.4666030004446,40.334461000228565],[-91.4621400003315,40.342413999931836],[-91.44486199998947,40.3631430000951],[-91.42663200014364,40.37198800015317],[-91.41942200040073,40.37826400032657],[-91.42566200019816,40.38249099993628],[-91.44124300032348,40.386255000044116],[-91.44516800031123,40.38246099975266],[-91.44537099980249,40.37938799994844],[-91.44874199977139,40.37680399993735],[-91.4638950002745,40.375658999712776],[-91.46589100024197,40.378365000066985],[-91.46355399979267,40.38554699968635],[-91.48025100035164,40.38178299970379],[-91.48525500006481,40.38465700019551],[-91.49091200042936,40.39298000009104],[-91.48848100026873,40.40431699967791],[-91.49809299985996,40.401925999988855],[-91.50527199964073,40.40351199994785],[-91.51399299982751,40.4085370001907],[-91.52461200007244,40.41076499974858],[-91.52704300023306,40.41821400011176],[-91.51949200000831,40.429951000195054],[-91.51913399980802,40.432821999668235],[-91.52913200008695,40.43427199994758],[-91.53362299978912,40.43832000015318],[-91.53191200022704,40.44273000000229],[-91.5240530000307,40.44843699978335],[-91.52386399988481,40.456330999832765],[-91.52758100035842,40.45894800002792],[-91.54836600021345,40.45822999975505],[-91.55680500036792,40.45950000023503],[-91.5677230003636,40.46228400020702],[-91.57601299965683,40.46676700007037],[-91.58152799973116,40.472875999977674],[-91.58688399979685,40.48723300006014],[-91.59081700018052,40.49229200020862],[-91.61282100040138,40.50237699981435],[-91.62135300044226,40.51007200019013],[-91.62219199996817,40.517038999902454],[-91.6187930004102,40.52628599970883],[-91.61802799960583,40.53402999981355],[-91.61899900027451,40.539084000119374],[-91.62190200043825,40.5422920001211],[-91.65434500008067,40.54918900033367],[-91.6817139996897,40.553034999733406],[-91.68870000002495,40.557389999944945],[-91.69080399994743,40.55989299992468],[-91.69156100035589,40.564867000101025],[-91.68572300024137,40.576784999875755],[-91.68635699972786,40.58087500004417],[-91.69635900020474,40.58814800030415],[-91.71676900014104,40.598530000090335],[-91.7291149998416,40.61363999995376],[-91.94770900010694,40.60547100027505],[-92.48521599976718,40.59508500003555],[-92.65940900012872,40.59034099974759],[-92.94347200001008,40.58776199996976],[-93.18369700022734,40.58199899981842],[-93.37020199995425,40.58052700008493],[-93.37438600040808,40.58033300017646]]]}},{"type":"Feature","properties":{"GEOID":"29033","NAME":"State Senate District 33","BASENAME":"33","STATE":"29","SLDU":"033"},"geometry":{"type":"Polygon","coordinates":[[[-93.61012599987264,36.99581000016968],[-93.61292899957894,36.82056200014232],[-93.57380000007525,36.82003199969748],[-93.58426199996136,36.499167000093244],[-93.13747100006032,36.497853000058406],[-92.47041600033977,36.498761999744204],[-92.37025200012252,36.4972639998328],[-91.67233399990208,36.49939200009392],[-91.67201800043291,36.60621399975831],[-91.6779739996499,36.606750000098806],[-91.67833299967509,36.62505999981579],[-91.67423699998311,36.78783200026376],[-91.66001699961554,36.7875310000775],[-91.65811100005976,36.88872400025435],[-91.4781220003148,36.885819000050134],[-91.25382999967704,36.88524300034923],[-91.22282999980813,36.883856999786936],[-91.21714999987735,37.0861970002074],[-91.10973999993219,37.08405699997278],[-91.10965100024373,37.08666699971158],[-91.06541799967114,37.08849500001661],[-91.06673599977115,37.093774999785246],[-91.03604600042196,37.093683999778044],[-91.0177660003474,37.09567700024644],[-91.01690400035696,37.14354900029729],[-91.03513800040075,37.14018100002051],[-91.03434599983218,37.169343000024185],[-91.07104599972338,37.16271200031826],[-91.07063399999473,37.17757300033206],[-91.08886499966547,37.174179000304306],[-91.08825999959298,37.203193000044614],[-91.1071859997479,37.20324699988288],[-91.1072839996572,37.199200999853694],[-91.12602800023726,37.19948000012067],[-91.12529500011823,37.240062999687375],[-91.12317000027934,37.240041000084275],[-91.1231519998377,37.25450400002965],[-91.15932299982437,37.254935999807955],[-91.15842900004687,37.312917000046276],[-91.17615799957728,37.31259200001698],[-91.1754050002651,37.41480499965145],[-91.75503999985224,37.4241100001825],[-91.75479499962985,37.5987680000404],[-91.86270599989044,37.59887299977951],[-92.17697799979535,37.605170000043834],[-92.24946299988383,37.60454299978619],[-92.25331000005379,37.37739999974044],[-92.252058000076,37.371879000214605],[-92.25194300044826,37.34275200026544],[-92.2529800003409,37.25484300003512],[-92.24717499983834,37.25490799985767],[-92.25135900029218,37.0596529999604],[-92.50015199963703,37.06320299998981],[-92.63759800025173,37.066788999839076],[-92.83677199971939,37.068452000199485],[-92.90327300010348,37.070651000172745],[-92.9093360003489,36.80917800002837],[-93.34204099977664,36.81730100034176],[-93.33745100034027,36.99249400011219],[-93.61012599987264,36.99581000016968]]]}},{"type":"Feature","properties":{"GEOID":"29020","NAME":"State Senate District 20","BASENAME":"20","STATE":"29","SLDU":"020"},"geometry":{"type":"Polygon","coordinates":[[[-94.6176980000742,37.65357799981706],[-94.6175700000277,37.36416999990575],[-94.39284499974488,37.356429999665565],[-94.08208299972601,37.349291000340266],[-94.08383299964618,37.29085099994457],[-93.60509500039528,37.28148199974136],[-93.6088990000092,37.09815300004926],[-93.27210800022263,37.09385100035324],[-93.27011999975277,37.095804999756325],[-93.27118699978264,37.096823000161486],[-93.27571900039102,37.0972720002834],[-93.2730210002667,37.099076000290644],[-93.27019400027093,37.09823599999934],[-93.27007399972202,37.10404999971198],[-93.26719800022079,37.10898899965297],[-93.2682700002735,37.1104190001564],[-93.27908000031415,37.11087000005952],[-93.279189999919,37.10750999975418],[-93.28716999959086,37.10772000024505],[-93.29128999957226,37.11029000019204],[-93.2930799996754,37.10887000031786],[-93.29722999979406,37.111550999787276],[-93.29706999996047,37.11484999986517],[-93.29905099985932,37.1152689996654],[-93.29796999958575,37.11625000019112],[-93.302759999937,37.116323999715206],[-93.30125299969109,37.127226000273424],[-93.31037499973587,37.12734799966764],[-93.31043300036049,37.125564999963274],[-93.31499299965965,37.12480799999091],[-93.31954700000934,37.125779999859766],[-93.31942200033588,37.129414999931264],[-93.31494400015416,37.12615100018051],[-93.31469300008399,37.1346609997734],[-93.32527799999376,37.13470200028915],[-93.32376499990005,37.13523400021559],[-93.32365600012011,37.13814399997412],[-93.33467000037525,37.13696000004613],[-93.34129699978698,37.13816599992201],[-93.3444950004018,37.136530000146486],[-93.34071900037698,37.14234700033576],[-93.33208900042679,37.1411760002469],[-93.33242199961443,37.14658199976906],[-93.33375700033118,37.147148000176166],[-93.3279860001638,37.14569199990096],[-93.32778600014727,37.15025800002337],[-93.3232820000263,37.150234000206154],[-93.32323400034572,37.15149899979076],[-93.32632499993213,37.15152299992244],[-93.32632400010719,37.1528429997308],[-93.32320000001053,37.15291999995105],[-93.3230569998954,37.15658299981796],[-93.3452900004451,37.156360000098374],[-93.34547000037016,37.153190000215325],[-93.34815000005281,37.155590000045436],[-93.34888999984453,37.153229999774716],[-93.35118999958559,37.153259999967354],[-93.3538099998921,37.156400000128585],[-93.3536199999213,37.15329000014809],[-93.35527000028236,37.151990000014216],[-93.35934000003506,37.152100000318306],[-93.35936000012654,37.15022000013031],[-93.35533999970424,37.15011999971751],[-93.35651899988709,37.14721999967887],[-93.36551999955803,37.15346000023152],[-93.36898900033452,37.15351600026793],[-93.36954699965304,37.1425650001847],[-93.37258299988616,37.14263000008708],[-93.37411699989624,37.13904299995867],[-93.39307099964027,37.139373000313],[-93.39295400036272,37.143055000055035],[-93.40199199984359,37.14314099983049],[-93.40203899969924,37.13950900008792],[-93.4033169996163,37.13953299972792],[-93.40327200030879,37.14315299979141],[-93.4065400003455,37.14316000012577],[-93.40633399958284,37.15024000034017],[-93.40183600020796,37.150206000051824],[-93.40178900035232,37.15246400027491],[-93.39702900013829,37.15240200021334],[-93.3969720002369,37.15400000023528],[-93.39258699994161,37.15521399990921],[-93.3924320001309,37.15987599996218],[-93.39701300024477,37.15986200023975],[-93.39707599999396,37.15769199974653],[-93.39986000033201,37.157730000180166],[-93.3997890001869,37.16016799971832],[-93.40160199985625,37.16038900012248],[-93.40152900006133,37.1630419997686],[-93.39693899972661,37.16307999966054],[-93.39681999990093,37.16656699993089],[-93.3922489998328,37.16658099984321],[-93.39231499995503,37.16466199979744],[-93.3971410002913,37.16214400022881],[-93.39593399962104,37.16131000024042],[-93.37793899995184,37.16031700027233],[-93.37761099988877,37.1722609999014],[-93.37315000032382,37.17224900026512],[-93.37324800023312,37.16852300028256],[-93.37091599980667,37.16850599995634],[-93.37113099989183,37.160930000153954],[-93.36876400020363,37.16087700024255],[-93.36881500025724,37.159293000071],[-93.3644180002664,37.159215999897874],[-93.3635670001466,37.16868100026836],[-93.3562949995811,37.17571100025364],[-93.36078199998364,37.17575700032027],[-93.35935199973062,37.18294899991808],[-93.36106999986373,37.18607000026915],[-93.35987999981023,37.18791999976885],[-93.36566199984826,37.18864899976269],[-93.36539999990744,37.19064599975165],[-93.3592599996691,37.19029799975192],[-93.35900600012421,37.19577999987632],[-93.36085099958062,37.19832400002175],[-93.35920799979058,37.199427999669496],[-93.37890100039972,37.19972200034543],[-93.37869299998725,37.20525699976839],[-93.38607299960947,37.20626800000659],[-93.38497299996766,37.21263999974393],[-93.38835900000515,37.21264800023128],[-93.38734499967875,37.21215000029077],[-93.38718300019535,37.211411000201224],[-93.38811200013292,37.2102959999829],[-93.38997199965796,37.20892199998247],[-93.38779099974256,37.21213899999499],[-93.40420899974397,37.21236899999289],[-93.40371599982447,37.22026399995171],[-93.41318100000092,37.22033799998903],[-93.41299100003012,37.22456600005777],[-93.4037600002054,37.22482999970599],[-93.40335400032455,37.234889999814214],[-93.41014800014085,37.23493600029981],[-93.40872000043596,37.24219000029696],[-93.40752100016164,37.24218200008268],[-93.40695999957175,37.25671900033733],[-93.41141699983706,37.256792000065275],[-93.4104200001274,37.27722999989426],[-93.3969100003126,37.27735000008854],[-93.39377000032242,37.27331000010686],[-93.38062000035772,37.269280000347266],[-93.34912199964812,37.24521300001124],[-93.34274299993352,37.24868300008837],[-93.34288100002578,37.24513300032398],[-93.32074000043589,37.244781000262094],[-93.32045900022851,37.25066200013734],[-93.32425799981957,37.25217900012224],[-93.32414300019182,37.25582600026127],[-93.32653400016949,37.25587200012425],[-93.32639799972705,37.25949900035713],[-93.31952199989497,37.259347999843214],[-93.3165950003401,37.25629899992114],[-93.3178330000742,37.25622099970857],[-93.31040400004817,37.25605600001035],[-93.3102860000474,37.25914299992056],[-93.29678799992817,37.259043000017385],[-93.2967400002476,37.26145500012925],[-93.28948399957562,37.2614149999818],[-93.28945299961349,37.262538999753446],[-93.28303899973878,37.26252799965888],[-93.28310099966305,37.260134999776696],[-93.28081199979265,37.260137999768],[-93.28082000018856,37.258873999772035],[-93.26956300025918,37.25856799991556],[-93.26943400038773,37.26224299970292],[-93.26476899970997,37.262959999891265],[-93.26031099961975,37.26286599981661],[-93.26034699960475,37.26027100021467],[-93.26261100025911,37.26029300034657],[-93.26268300022915,37.25846600016384],[-93.24821400033953,37.25793800029232],[-93.2481359996234,37.26159000011249],[-93.25099000028165,37.26351000021249],[-93.24918000008705,37.26604999970952],[-93.24391699990778,37.26142300029898],[-93.24402499986283,37.25780600028243],[-93.24262599957196,37.25777699970215],[-93.24251500014218,37.2613919999589],[-93.23793999987608,37.26122000003134],[-93.23809800005985,37.25394600004596],[-93.23560400015002,37.25377299995619],[-93.23684600008207,37.25974000011934],[-93.22884399977058,37.26092799998638],[-93.22892800033448,37.25735500035028],[-93.22536400002176,37.25659999971831],[-93.2263459996628,37.25175399983291],[-93.22323900018287,37.251667999997494],[-93.22332700004642,37.24824900013784],[-93.22102499975722,37.24964000015691],[-93.21974000016749,37.26067600008549],[-93.21529799997079,37.26055299979362],[-93.21535800024523,37.25687900005017],[-93.21209100003342,37.25671800005653],[-93.21220499983625,37.249822000217755],[-93.19975899967825,37.249805000321075],[-93.1998940002958,37.24794399971008],[-93.19845099962397,37.2479270001048],[-93.19839999957036,37.24988999976622],[-93.1879679998215,37.249870000199856],[-93.18783499975208,37.25606900019902],[-93.17855200004884,37.25454600017643],[-93.17851199986588,37.255685999914796],[-93.17401199994285,37.25548999985063],[-93.17405299995075,37.25378000005021],[-93.17861700034618,37.25219400023167],[-93.17883699955588,37.24257899976965],[-93.18357000000572,37.24127999997586],[-93.18360000014295,37.239990000199484],[-93.18820399982303,37.23829499979476],[-93.18802100042326,37.247459999646125],[-93.19265900043852,37.2458680001114],[-93.20132299982558,37.23849800033079],[-93.20772699965454,37.23701199993138],[-93.20767999979887,37.238252999886825],[-93.21559000004883,37.23827000024404],[-93.21560000009457,37.23509999990582],[-93.21124999995939,37.235990000067375],[-93.2109699995769,37.23477999990742],[-93.20666999967042,37.23464300008511],[-93.2067380003408,37.2309910001227],[-93.20895600006611,37.231063999742155],[-93.2091750003492,37.223721999697105],[-93.21363400026435,37.22386600006079],[-93.21356999979193,37.22572200016701],[-93.21575300025545,37.225856999797124],[-93.2160870001663,37.21663499975218],[-93.22056100015004,37.216768999813404],[-93.21997000032124,37.20943000026396],[-93.20941800002346,37.20913799987789],[-93.20942300004633,37.205473999667404],[-93.204865000397,37.20534300032066],[-93.20485000032839,37.2015400000175],[-93.21029099988455,37.20182400026326],[-93.20792400019634,37.200074999994655],[-93.20726499969719,37.19439100020896],[-93.21634300025934,37.19464400027441],[-93.21650100044309,37.18737199991606],[-93.2119830000784,37.18744900002712],[-93.21205500004844,37.183539999817455],[-93.21213700006417,37.18126900012845],[-93.21585600018761,37.18182500006672],[-93.21533599960561,37.17815999978356],[-93.21671900000298,37.17820400000862],[-93.21676000001085,37.17634999977587],[-93.21380199959553,37.17627000005209],[-93.21458300029344,37.172636999708196],[-93.21231899963907,37.172566000038366],[-93.21239999982991,37.16890600017631],[-93.20796299965609,37.16875400004147],[-93.20807399998418,37.166592000334965],[-93.20622199995677,37.167936999715906],[-93.20564299982354,37.165007999659814],[-93.20353999972596,37.16493000023055],[-93.20577099987007,37.16379900017572],[-93.20587999965001,37.15942799968327],[-93.20803799999916,37.159484999733536],[-93.20802200010564,37.16511800035187],[-93.21395700030455,37.16528099989196],[-93.21388600015943,37.16894199995625],[-93.21686100029319,37.16895700015776],[-93.21708899989882,37.16139200027976],[-93.21429799988807,37.16023700004021],[-93.21401599985577,37.161304000268956],[-93.2127849997944,37.157677000173],[-93.22181700032579,37.15772399992456],[-93.22199100040307,37.146865000144096],[-93.21750300017561,37.146723999884635],[-93.2175590002521,37.143500999977505],[-93.2115739998245,37.14335300029154],[-93.21166099986311,37.1406430001814],[-93.20907400006688,37.140824999665384],[-93.2084139997428,37.142522000339774],[-93.20851199965207,37.13924499996454],[-93.21455599963093,37.13904999995725],[-93.2140319997493,37.13523899964794],[-93.21861700006113,37.128643000188376],[-93.22241300017745,37.12616800000296],[-93.22260399997316,37.107542999777735],[-93.21809800020236,37.10676200013894],[-93.21827099955641,37.102393000308105],[-93.21372600032586,37.1022550001098],[-93.21377999985421,37.099367000228185],[-93.20924399994618,37.09919600018612],[-93.20925999983973,37.098070000008306],[-93.21834800044762,37.09830399997704],[-93.2181149999208,37.09219700022435],[-92.95717500016872,37.08765099989302],[-92.9029219995759,37.08522100014544],[-92.90327300010348,37.070651000172745],[-92.83677199971939,37.068452000199485],[-92.68586700024184,37.067050999721694],[-92.67896999959505,37.26314899988393],[-92.69230299985784,37.26351400025987],[-92.68667099960764,37.48154499968813],[-93.07158399996956,37.48744400011483],[-93.07374099959549,37.41484700016496],[-93.62115299964825,37.42742300031979],[-93.61603299958412,37.57268899988717],[-93.81747900010208,37.5778609998548],[-94.07538500016918,37.58157000000028],[-94.0737459996788,37.63975399971722],[-94.26128300017378,37.646470999933214],[-94.6176980000742,37.65357799981706]]]}},{"type":"Feature","properties":{"GEOID":"29004","NAME":"State Senate District 4","BASENAME":"4","STATE":"29","SLDU":"004"},"geometry":{"type":"Polygon","coordinates":[[[-90.4013149996198,38.61089699992003],[-90.40146699995576,38.60353599988909],[-90.39075900002236,38.6031630003349],[-90.3907769995657,38.60183499978588],[-90.37782800034078,38.60530100034922],[-90.37699999978723,38.60243500032396],[-90.359742000435,38.60034600005972],[-90.35860599990986,38.609255000083564],[-90.35164100038934,38.6073920002278],[-90.35100700000453,38.60486900022577],[-90.34750299996627,38.6058349998813],[-90.34622000002632,38.609512000271465],[-90.34399399990511,38.61061600018377],[-90.335403000313,38.61008300001356],[-90.33417200025161,38.60376500034122],[-90.32604400044177,38.601033999982626],[-90.3317140003268,38.59699900034638],[-90.33263999989134,38.59165999990617],[-90.3358049999959,38.59201099972554],[-90.33901899960594,38.573098999974185],[-90.33261700032513,38.57220799991697],[-90.3338550000592,38.567001000048634],[-90.30832000003589,38.56436099992515],[-90.30235600042299,38.55895600022911],[-90.30426000032895,38.55804400031435],[-90.30247299970054,38.55680499982099],[-90.30228100007993,38.55796399968353],[-90.29766300015613,38.553639999830516],[-90.29242099989325,38.55899700029623],[-90.27995700019194,38.551844999802356],[-90.26577700000733,38.553427999658346],[-90.2671050001531,38.55420200025067],[-90.26524800010282,38.55576899971133],[-90.26760300009545,38.557001999982454],[-90.26512199970611,38.55979900009302],[-90.2638470001621,38.5591399998505],[-90.26083400039352,38.56227400009643],[-90.2576449999995,38.56146300030473],[-90.25332300035173,38.56332000008994],[-90.2476330003752,38.569317999776246],[-90.25183399964916,38.57154499991409],[-90.24906500027805,38.5748460002432],[-90.25435199984844,38.577586999962065],[-90.25478200001875,38.57527899992126],[-90.25577799990349,38.575633999995546],[-90.2594250000569,38.58513300016972],[-90.25833600028574,38.58823600006004],[-90.25970600026429,38.58993299999737],[-90.25566199955256,38.58953600034265],[-90.25106700009329,38.591458000068336],[-90.25076099977153,38.59562200031629],[-90.24054099973476,38.59516799993459],[-90.23888299987611,38.59627400032021],[-90.23723300041338,38.60434600030942],[-90.24186800005562,38.60491200007351],[-90.24001400037838,38.61342899997066],[-90.25636000040977,38.61667400009058],[-90.2560380001945,38.61828000022202],[-90.26067700003466,38.61981199983459],[-90.25731600011154,38.62171600007899],[-90.25845000008856,38.62171399983688],[-90.2595870004386,38.62660000025968],[-90.25788699984885,38.62991500009495],[-90.26319900043191,38.63106099999683],[-90.26464300003032,38.629705999797366],[-90.26589699965791,38.63185300018425],[-90.26478500032053,38.64390599973304],[-90.27462000039284,38.64500399975516],[-90.272555999755,38.65753200011896],[-90.27834100016608,38.65810600005092],[-90.27615400040293,38.663094000127344],[-90.2831449998627,38.666867999672576],[-90.27884199958318,38.67286299976358],[-90.28201699973349,38.674508999870085],[-90.27940200034817,38.67813099987002],[-90.28275300022554,38.67968799972711],[-90.30182800034339,38.655641999829456],[-90.30285500019026,38.64948200027836],[-90.31490700016296,38.651594000263486],[-90.31608999964546,38.64588599979099],[-90.32941700006046,38.647192000313005],[-90.32874300039099,38.651361000046016],[-90.33503300041713,38.653062999714685],[-90.33467299966873,38.65670699978456],[-90.35028899995412,38.658202999659586],[-90.3538139999088,38.65695199991496],[-90.35232500010456,38.65537500008325],[-90.34877000001266,38.65620899989142],[-90.35130900012831,38.63914799982354],[-90.3618680000988,38.64113800003924],[-90.36334900040544,38.61400900007595],[-90.37890100021845,38.61409300026886],[-90.37969299988868,38.60926399992815],[-90.4013149996198,38.61089699992003]]]}},{"type":"Feature","properties":{"GEOID":"29028","NAME":"State Senate District 28","BASENAME":"28","STATE":"29","SLDU":"028"},"geometry":{"type":"Polygon","coordinates":[[[-94.61406099996654,38.060056000216164],[-94.6176980000742,37.65357799981706],[-94.26128300017378,37.646470999933214],[-94.07352399992094,37.63972199983612],[-94.07538500016918,37.58157000000028],[-93.81747900010208,37.5778609998548],[-93.61603299958412,37.57268899988717],[-93.62115299964825,37.42742300031979],[-93.07374099959549,37.41484700016496],[-93.07158399996956,37.48744400011483],[-92.85348099997393,37.48396999974104],[-92.84628100027676,37.7210389998959],[-92.85991300029029,37.72123899991554],[-92.85538400005497,37.89573599970604],[-93.07244699978492,37.90262700010991],[-93.05907300041258,38.185685000343724],[-93.08216399985645,38.1865029999483],[-93.06896899968592,38.43369699984482],[-93.0687629998216,38.44227300032745],[-93.07205400032284,38.44227400013163],[-93.05896200008448,38.713220000188514],[-93.05045299960982,38.928243999762586],[-93.1055349996828,38.931502999672226],[-93.30153600044663,38.93577599985612],[-93.49637700039585,38.94283700008116],[-93.49861600003756,38.89929999979387],[-93.49311000018405,38.899015999996486],[-93.5091669996121,38.64495799999478],[-93.50955300029979,38.63583899982901],[-93.5075690000279,38.635863000107285],[-93.50767000031026,38.62985599967645],[-93.51103000040848,38.55620999968926],[-94.06431700038569,38.567380000302144],[-94.06781999970073,38.4660159998221],[-94.06502000036747,38.46581599970888],[-94.07521399956664,38.21450200011824],[-94.04989500035174,38.2139849998675],[-94.0582850001024,38.03662699966551],[-94.0601799997875,38.035679000268914],[-94.06133300003108,38.0315510001025],[-94.06469599960406,38.03125100009553],[-94.0656990000598,38.03548800025319],[-94.06937499962721,38.036819999718546],[-94.0806590002191,38.03159699969771],[-94.08523899960974,38.03246499978124],[-94.0886010002561,38.03594599969681],[-94.08653999999133,38.03979099978446],[-94.08711800029964,38.041619999660384],[-94.09442500012692,38.03990599993113],[-94.09684399969368,38.044802999799735],[-94.10191199987926,38.04810499997162],[-94.10460800035376,38.0468090003256],[-94.10386900038698,38.04059799992284],[-94.10564699989622,38.037759000289945],[-94.10991099981769,38.03731999994657],[-94.11287400025589,38.04008299983474],[-94.1187550000281,38.04215899993584],[-94.118868000006,38.04450500027476],[-94.11483199969018,38.04662299975471],[-94.11547799977056,38.04843299973312],[-94.12469299970175,38.050169999673315],[-94.1282860003268,38.055988999650836],[-94.13223100040604,38.05816000026664],[-94.15058299955228,38.053864000174585],[-94.15743199962017,38.05711899981203],[-94.16858899999045,38.04972300015859],[-94.183214000414,38.04528099988048],[-94.19088600011426,38.045185999886485],[-94.19457799957519,38.04181999978716],[-94.19437400025899,38.03505699993612],[-94.19606100042996,38.033790999668135],[-94.1985760002562,38.03609599979109],[-94.1976199996561,38.03918600031457],[-94.20069000022441,38.046544999694184],[-94.19472400006339,38.052706000038796],[-94.1972320002169,38.05456699989378],[-94.20282000008618,38.05429200024119],[-94.21105099982819,38.050975000226934],[-94.2099469999884,38.04381499969637],[-94.21397699955814,38.03968800005353],[-94.21504000028834,38.03402299977426],[-94.21724399976995,38.033611999858635],[-94.21976199996922,38.03894299998708],[-94.22388899962333,38.04034800010575],[-94.22704399968214,38.03516100027761],[-94.22484900042137,38.027336999781284],[-94.2365880003996,38.0259519996548],[-94.24372899964725,38.02731999996091],[-94.2451260002883,38.03046800024011],[-94.24293299977904,38.03263899989562],[-94.23351399963333,38.032225999694475],[-94.23366799961914,38.0337529996661],[-94.23818400033397,38.03556399985237],[-94.24065999980215,38.03979299988086],[-94.23177799995689,38.04292199992791],[-94.23044599961318,38.04560900026766],[-94.23436399992822,38.047111999764404],[-94.23736300035144,38.04390899970867],[-94.23911400009649,38.04395199970415],[-94.24061899979426,38.050819000100276],[-94.61406099996654,38.060056000216164]]]}},{"type":"Feature","properties":{"GEOID":"29015","NAME":"State Senate District 15","BASENAME":"15","STATE":"29","SLDU":"015"},"geometry":{"type":"Polygon","coordinates":[[[-90.73557100038698,38.4925029997826],[-90.70727999961473,38.501232999869465],[-90.6903610001962,38.50388800016497],[-90.68999299995019,38.51116099979296],[-90.68075000042991,38.51089700015902],[-90.68041399997092,38.51817999981449],[-90.65290700026962,38.51721900015124],[-90.65274200041318,38.521502000173314],[-90.64791500025201,38.518680999681855],[-90.64782700038846,38.52163299988513],[-90.64585399998725,38.5215900000811],[-90.63846599996911,38.520611000142715],[-90.63863000000063,38.516883999759514],[-90.63101100000381,38.51674499982545],[-90.63389800027403,38.51711399970318],[-90.63362700011237,38.524179999816724],[-90.63076599978143,38.52401500004091],[-90.62587699969598,38.51705100006364],[-90.62417299980658,38.51708000016116],[-90.62699899997742,38.52250600027182],[-90.62561800012823,38.522990000115385],[-90.60797699956304,38.51655599977272],[-90.61285599960273,38.50468600010446],[-90.60660999995751,38.50368000031728],[-90.60760199964429,38.501750000109055],[-90.51035800020756,38.50131800017874],[-90.51220299966396,38.51289800010997],[-90.51230300012138,38.516291000056896],[-90.51078800037787,38.51707799981552],[-90.51178500008751,38.52467499968553],[-90.51339899956524,38.526675000342316],[-90.51272499989577,38.52950200023212],[-90.51539999955556,38.530064000260325],[-90.51117900019011,38.538915999722114],[-90.51403200012514,38.54627199968247],[-90.5206540004123,38.5468729998198],[-90.52055300012996,38.55202400022202],[-90.51586700043411,38.55223700000335],[-90.5155860002267,38.555557000197524],[-90.51475299965026,38.5528279998917],[-90.50704099976703,38.554839999770344],[-90.5081150003679,38.55574300006306],[-90.50607800039256,38.55603200019107],[-90.50770100009113,38.55622899966097],[-90.50832000040732,38.560377000290764],[-90.50265999966969,38.56031700001735],[-90.49991100039007,38.563412000344094],[-90.49607099989282,38.56384999981684],[-90.49593000032583,38.56618900002621],[-90.49161199997768,38.566122999932574],[-90.49163600026714,38.56383600017646],[-90.48434399961013,38.56292900015438],[-90.47814399999568,38.569298999752846],[-90.48195500018062,38.57248100028813],[-90.47816499991208,38.57350899967363],[-90.47728100018034,38.571320999829105],[-90.47420499976424,38.570935999938825],[-90.46506699982594,38.57883999985043],[-90.46679400017987,38.584795000270944],[-90.46553600035432,38.586546000105635],[-90.46279899987192,38.58655200026227],[-90.4627629998869,38.58853799997862],[-90.46591399974777,38.58859000011082],[-90.46740599992506,38.58571399998229],[-90.46879400034528,38.58747000006156],[-90.466817999571,38.589533000038],[-90.46752099955278,38.59142200017661],[-90.47157299976215,38.59153100033952],[-90.46750700020739,38.59274399996362],[-90.46748899976575,38.59688499983098],[-90.4739289995797,38.59671300000397],[-90.4739560002422,38.59944399979828],[-90.47161200012022,38.60051199991416],[-90.47161600031816,38.60231400008572],[-90.4674159999708,38.602312999694185],[-90.4674090002981,38.60403800010019],[-90.45801100006882,38.604272000069784],[-90.45797900028177,38.60773400030272],[-90.44860899964155,38.60765699979791],[-90.44838600005882,38.618661999870895],[-90.42972100001978,38.618491999929276],[-90.42963900000402,38.623969000146715],[-90.4334689995572,38.62401000029992],[-90.43331799994446,38.63866700010986],[-90.43885899995807,38.64033000010846],[-90.46701500011282,38.64083400005045],[-90.4670140002879,38.64449999967157],[-90.469161999693,38.644505000090746],[-90.46909100044621,38.64082800022235],[-90.48100500032663,38.64078600000822],[-90.48231699968055,38.64834899977481],[-90.47945899972265,38.64832200021855],[-90.47968899987643,38.65245599970117],[-90.48415600018748,38.65251299967276],[-90.48416200003527,38.654100999946984],[-90.48166899995034,38.65405600008457],[-90.4809400000293,38.66032199985458],[-90.47812599955402,38.66090399997567],[-90.47738199956436,38.66590300033203],[-90.479455000423,38.66613099992861],[-90.47894099968879,38.66835899966254],[-90.48221700012144,38.668694999729894],[-90.4816160002469,38.671195000288414],[-90.48734800005622,38.670651000049276],[-90.48800400018234,38.66914800027416],[-90.49144100027347,38.670857999893876],[-90.48928899977209,38.67579300022463],[-90.49217199984433,38.67612400015193],[-90.48786899956481,38.67870500018791],[-90.48553500038688,38.68269799976026],[-90.49149700034997,38.68489199991434],[-90.49469599989139,38.69119399968194],[-90.49703699964033,38.692286999862624],[-90.51046500033767,38.68845200013103],[-90.53068899960283,38.67954899983997],[-90.54013000038813,38.68741399998536],[-90.5547220003014,38.68155200034145],[-90.56998299986127,38.684072999671216],[-90.5794609995582,38.68148599974628],[-90.59595499972758,38.67991700031465],[-90.61193599988597,38.68438700006334],[-90.62164299991174,38.68965999975955],[-90.63264700012115,38.69107799986293],[-90.65819499966491,38.6881989999439],[-90.66817899970015,38.68486699999168],[-90.67378500001108,38.680066000269726],[-90.6769130003057,38.66862899990371],[-90.68167699981937,38.66428899976042],[-90.70223300024385,38.65797700000621],[-90.70799500019041,38.64974999997045],[-90.71321800018669,38.645220000309514],[-90.72785799978053,38.64323600010648],[-90.73306900008124,38.64094800019735],[-90.73557100038698,38.4925029997826]]]}},{"type":"Feature","properties":{"GEOID":"29003","NAME":"State Senate District 3","BASENAME":"3","STATE":"29","SLDU":"003"},"geometry":{"type":"Polygon","coordinates":[[[-91.53533699972428,38.210763000035755],[-91.53438400039556,38.15259299968142],[-91.525024999626,38.15243299980956],[-91.52879700035119,37.7889889997513],[-91.30831099987549,37.7871860003423],[-91.3106549999975,37.70004799998762],[-91.14697200010093,37.69719799973022],[-91.14652100001422,37.74081099972935],[-91.00068600037208,37.73873300001764],[-90.98251099987952,37.74033899977742],[-90.98264999979669,37.73899899975609],[-90.89284899973137,37.73487099973924],[-90.8751290004218,37.736108999719356],[-90.87413400036195,37.73419600008405],[-90.78581100023021,37.736512999890245],[-90.76209100042438,37.73851700004491],[-90.76194999995906,37.73718499966609],[-90.64513500011192,37.73481299990737],[-90.64787400024414,37.64280899978128],[-90.55334999977471,37.64297999999368],[-90.53500600012605,37.645018999952825],[-90.53501600017181,37.64364100031604],[-90.51485499975753,37.64264800030303],[-90.42121499991816,37.64298999965281],[-90.31132399958366,37.64103899997916],[-90.14677799987174,37.64161800012502],[-90.110579000296,37.671281999829326],[-90.05074399968167,37.75005400005327],[-89.99976800024473,37.8217440003241],[-89.93768999979076,37.87509799984225],[-89.95300800015035,37.884036999684625],[-89.97376200004324,37.918016000348324],[-89.97486099986014,37.92598099965054],[-89.97106499974382,37.92995700000814],[-89.96205700040018,37.93391799997071],[-89.95977199982941,37.94008299968289],[-89.94732200037178,37.94028299981577],[-89.93731999989491,37.94666299988904],[-89.93222400012023,37.947662000253494],[-89.92529200021167,37.95418699972833],[-89.92459699972747,37.9598489996542],[-89.93588499961902,37.95958099990406],[-89.94068699966581,37.970874000096764],[-89.96504599987932,37.96439299999377],[-89.9881079999092,37.96174900007171],[-89.99684800036256,37.96321900032627],[-90.00793600023754,37.97010999996511],[-90.03179499996052,37.99512599989062],[-90.0519410003062,38.00543199992194],[-90.05539900031371,38.011951999771625],[-90.05936699995917,38.01554299982408],[-90.07228299957211,38.0170009996808],[-90.08826000043086,38.015772000324496],[-90.11052099967135,38.026548999757736],[-90.12619600040631,38.04070600032133],[-90.12630199981321,38.054432000347745],[-90.12959999998716,38.061435999918494],[-90.15827300035085,38.0749500000018],[-90.16341299960814,38.07434599969136],[-90.17222000000864,38.06963600019176],[-90.17604000041439,38.070659999714216],[-90.21701900029566,38.09346599997324],[-90.24257400041046,38.11212500031842],[-90.2501180000642,38.1250540003235],[-90.27484299997558,38.15755900012971],[-90.29062900014031,38.17036300020234],[-90.30032899959508,38.17513899969826],[-90.31687600036624,38.17947699975132],[-90.32721799970342,38.18431099975085],[-90.33565900040603,38.1915309999233],[-90.35542999993466,38.216305999735425],[-90.36040000021096,38.21559599993197],[-90.36971999972413,38.218733000102866],[-90.37180399955511,38.217148999976935],[-90.37358199996268,38.21086600008666],[-90.37636100027787,38.210729000281624],[-90.37778700033292,38.208995999728515],[-90.38130300006675,38.21019599988005],[-90.3831369996525,38.20905800032929],[-90.38363499959486,38.20766299980267],[-90.37980099984372,38.2058690001728],[-90.38224100022518,38.20361899991104],[-90.38137800040982,38.2031109997416],[-90.38565999987463,38.20211999975577],[-90.38549800039125,38.19954200015432],[-90.38131300011248,38.19647800012874],[-90.37764800041573,38.196068000273335],[-90.37944900038953,38.191414999912475],[-90.38460700008848,38.19071400004801],[-90.38443499966104,38.18902200017073],[-90.38292400011548,38.1890269997367],[-90.38449400011058,38.18438600017287],[-90.38053300013782,38.18291999970504],[-90.38368800019663,38.179864999927155],[-90.38865900029784,38.184590000252186],[-90.38936899995232,38.182967999827184],[-90.39011299994199,38.18265900016424],[-90.38886099996421,38.18471099969704],[-90.39824999997268,38.19385600011241],[-90.40371999984116,38.19469899985854],[-90.40387899984982,38.193485000346996],[-90.4069610001137,38.193520000099234],[-90.40478299967306,38.1947160003041],[-90.40743099956867,38.194627999657406],[-90.4075889997524,38.19591499966698],[-90.40464100028116,38.19596200002126],[-90.40335999999104,38.198370000067406],[-90.40499100008552,38.20182700005265],[-90.41056100041143,38.20077100015507],[-90.41421000021468,38.195660000295284],[-90.41266199996087,38.19559999964893],[-90.41346700004992,38.19349199973394],[-90.41526300000082,38.19244200015264],[-90.41820200014958,38.19257099987397],[-90.41718600017333,38.19448399965349],[-90.42138300014764,38.195178999700374],[-90.42155800004983,38.19110000019873],[-90.42639600008165,38.19061500013879],[-90.42705200020778,38.19939400005405],[-90.42241900021537,38.1992069998883],[-90.42227299972718,38.203422000029896],[-90.41756899958968,38.20329200018904],[-90.41694199977587,38.20531700029676],[-90.41832000015035,38.20387999987859],[-90.42573999995554,38.204240000197025],[-90.42585899978124,38.211023000329206],[-90.41958999967147,38.21214599992651],[-90.42167699987553,38.21353399965272],[-90.43353999970232,38.213879999722835],[-90.44533999977992,38.22030999999096],[-90.45166699961601,38.22728400020548],[-90.45596099967469,38.22753299989861],[-90.4617190003216,38.230804999663874],[-90.46816400015842,38.22909100024086],[-90.47722000008098,38.23043900004658],[-90.48374199991069,38.22860300013219],[-90.4868889995736,38.2300460001999],[-90.49677300004969,38.22942699978899],[-90.5043059998328,38.226959000162616],[-90.5088330004183,38.2235459999026],[-90.51546099965493,38.222032999765986],[-90.51690400032673,38.22300000007606],[-90.51579100026613,38.250591999956825],[-90.55319999998689,38.24971799976066],[-90.55325400041356,38.25776800020435],[-90.55963999980085,38.25794199987292],[-90.56294899984546,38.2569169996617],[-90.56264400024692,38.2505889996505],[-90.5640650002791,38.25025499980488],[-90.57195999956214,38.258950000188925],[-90.5722800001276,38.26198000013326],[-90.5886200003112,38.26222000002835],[-90.59022000044352,38.264960000056966],[-90.59330000015926,38.26494000008623],[-90.6056299999663,38.27210999991181],[-90.61721999998161,38.275590000000165],[-90.61426999996222,38.27903999996672],[-90.60992999987278,38.27998999987002],[-90.60781000005676,38.28494999976571],[-90.60785000023974,38.28969000006638],[-90.61019000016377,38.29143999998638],[-90.62114999999224,38.292469999703215],[-90.63064600013082,38.29566900017321],[-90.63070499968205,38.32644799975352],[-90.6566509996091,38.32718600013601],[-90.66325000033004,38.325498999897036],[-90.66584600034712,38.327475999965735],[-90.75560100038169,38.33005200016359],[-90.7722799996007,38.250049999973776],[-90.78018499982777,38.20411200024072],[-90.97019000029333,38.205509999690946],[-90.97018699992029,38.20668699966773],[-91.00013800020099,38.20408800009147],[-91.36763000010575,38.204013000191814],[-91.36748199996775,38.20974100011601],[-91.42483000034495,38.209875999985954],[-91.42483199999477,38.21163900014082],[-91.44008000003414,38.21036000003926],[-91.53533699972428,38.210763000035755]]]}},{"type":"Feature","properties":{"GEOID":"29034","NAME":"State Senate District 34","BASENAME":"34","STATE":"29","SLDU":"034"},"geometry":{"type":"Polygon","coordinates":[[[-95.11360499988717,39.554876999812606],[-95.10806499969848,39.539919000116576],[-95.10130199984432,39.53166800016045],[-95.0827139997982,39.516712000027844],[-95.05930000031414,39.50647299988459],[-95.05217699971155,39.49999599972772],[-95.04922099984435,39.49189200031429],[-95.04767099994075,39.477535999993],[-95.04078000004009,39.466386999778265],[-95.03340799991545,39.46087599997384],[-95.02202499958938,39.45545300001599],[-94.99285099980858,39.447272000171196],[-94.98478800029606,39.442702999674225],[-94.97879799984558,39.4362410002315],[-94.97660600005953,39.426701000141186],[-94.97295200023343,39.42170499984926],[-94.96448899978954,39.416717999903426],[-94.95481699992385,39.41384399982054],[-94.9478640000989,39.4086040002224],[-94.94629300027887,39.405646000022955],[-94.94622700015665,39.39564799984217],[-94.94203900040316,39.38949899988115],[-94.93365200012722,39.3855460002104],[-94.92299400042255,39.384883000254185],[-94.9158590001244,39.38634800004093],[-94.90013200040922,39.3933330001254],[-94.8918449996924,39.39331300020248],[-94.88502599976174,39.38980100010491],[-94.87928100043194,39.379780000246775],[-94.87908800008809,39.37570299972994],[-94.88136000024008,39.370382999867296],[-94.88714499975283,39.36543099990767],[-94.90249700044762,39.36038299995771],[-94.9100169998119,39.352542999778],[-94.91035300027089,39.34473500033658],[-94.90612600015935,39.314721000304736],[-94.89851600038335,39.29845000016412],[-94.88409299962618,39.28451199993101],[-94.84631999985736,39.26848099998917],[-94.8305529999592,39.25513499993542],[-94.82747900009124,39.24989599976708],[-94.82566300004886,39.24172900002343],[-94.82779100026077,39.23400099998873],[-94.83489600042171,39.22384200015291],[-94.83472999984203,39.220754999890694],[-94.8316790004386,39.215938000255626],[-94.82193499970458,39.209668999782615],[-94.8115430001387,39.20690599978312],[-94.78295099996586,39.20716200007424],[-94.776398000174,39.20181000024498],[-94.77025000043807,39.18982699983212],[-94.76285800022197,39.17999099978],[-94.75228599983271,39.17324999979991],[-94.74077700000822,39.16998699986652],[-94.72363699975847,39.16900300012619],[-94.71413700032024,39.170403000032586],[-94.68878800006978,39.18322799968902],[-94.67823999996995,39.184169000133295],[-94.66911000042758,39.182203999881104],[-94.66157699974616,39.177358999982296],[-94.65916200037738,39.17412600016363],[-94.66139699982112,39.16274200033403],[-94.65921000005794,39.157841000207284],[-94.65578700021054,39.15568000026305],[-94.63977900028794,39.15370700028564],[-94.62392399962793,39.15661100017639],[-94.61107099976417,39.16088299995889],[-94.60173299980933,39.15960300012846],[-94.60034699993726,39.294579999975085],[-94.60121499977548,39.53016999986716],[-94.78843500007805,39.53174300003179],[-94.78844299957566,39.55504900003666],[-94.78975499982789,39.55633900024395],[-94.78809600014434,39.55636699997708],[-94.789353000145,39.58624399979441],[-94.78930600028934,39.63189600006114],[-94.78813600032731,39.63189399993737],[-94.78798399999134,39.64028900015751],[-94.78864900033831,39.719088999967234],[-94.75897800044005,39.71900899985443],[-94.75914499994633,39.74853499991294],[-94.74510500040212,39.748376999757745],[-94.74510799987684,39.75278799992346],[-94.74803500033002,39.7554320002243],[-94.75676800021238,39.75541800021939],[-94.75667199995289,39.764299999845456],[-94.75897000004414,39.76562999975627],[-94.75767700005846,39.81714300020986],[-94.7587490001112,39.818389000275886],[-94.75620900017063,39.81978700005292],[-94.7567630001895,39.82096399995429],[-94.87655800019327,39.82088299973064],[-94.87634399993303,39.806894000157186],[-94.88099100016913,39.79730899991672],[-94.88465199966792,39.79399699999843],[-94.89318000040916,39.790914999987805],[-94.92560499960992,39.78975400013154],[-94.93272499983945,39.786282999809295],[-94.93569999997321,39.78062100019488],[-94.93450599972174,39.7728620001914],[-94.92069299995826,39.76293799982813],[-94.91229300016184,39.75933800024576],[-94.89916199956541,39.761254999987365],[-94.88216100013115,39.771042999747344],[-94.87114500022619,39.77297999994197],[-94.86714300024553,39.771693999777376],[-94.86063899995915,39.762982999754065],[-94.85903499962888,39.75411599975481],[-94.86504799964557,39.73859099988081],[-94.88134299962331,39.727893999843054],[-94.90104399973005,39.724057999790624],[-94.91834200016358,39.72879699996653],[-94.94180400022653,39.74336700012525],[-94.94754100005872,39.74533699975466],[-94.95528599955391,39.74568900010699],[-94.96266199987649,39.74133700029203],[-94.96918999955399,39.73392900001837],[-94.97120599961293,39.72930499978462],[-94.96845300013534,39.70740199982614],[-94.96898100021495,39.69295400004954],[-94.97131699994102,39.68641000007702],[-94.97632499985215,39.681369999718505],[-94.98414899988838,39.67785000005826],[-95.0090229997627,39.67576499984584],[-95.01831800005982,39.67286900019035],[-95.0276440003191,39.66545400024156],[-95.04951799994528,39.63787600020625],[-95.05336699976506,39.630346999991296],[-95.05515199984532,39.62165699989056],[-95.05361000033763,39.61532199992561],[-95.04644499990223,39.60160600016438],[-95.04716499960246,39.59511699978803],[-95.05058999999802,39.58756299978985],[-95.0568969997426,39.580566999932174],[-95.06709500003805,39.57650199986571],[-95.07521000032742,39.576429000242804],[-95.0895150001855,39.581028000122835],[-95.1012859999508,39.578801999766526],[-95.1074739998697,39.57374300033976],[-95.11360499988717,39.554876999812606]]]}},{"type":"Feature","properties":{"GEOID":"29002","NAME":"State Senate District 2","BASENAME":"2","STATE":"29","SLDU":"002"},"geometry":{"type":"Polygon","coordinates":[[[-90.96179399979655,38.79167399968515],[-90.96446900035465,38.54724100002431],[-90.94772099974206,38.53894000009598],[-90.92676699983265,38.53429000001222],[-90.91655400036687,38.53472500005445],[-90.8949219996917,38.54096299968819],[-90.87326800017354,38.553893000248365],[-90.84193299967053,38.56595500025082],[-90.81298800021861,38.58555399985272],[-90.77799300004175,38.59281599980751],[-90.76868400039923,38.59766100013055],[-90.75641899999121,38.610672000164044],[-90.75070300007543,38.625103000158376],[-90.74404800017629,38.63088999998012],[-90.74241200005896,38.63456299977716],[-90.7362989995848,38.63674399976128],[-90.73305900003551,38.63929499996582],[-90.73306900008124,38.64094800019735],[-90.72872599961876,38.64294499972598],[-90.71229799957162,38.645734999991866],[-90.70031300044438,38.6591009998587],[-90.68167699981937,38.66428899976042],[-90.6769130003057,38.66862899990371],[-90.67378500001108,38.680066000269726],[-90.66817899970015,38.68486699999168],[-90.65819499966491,38.6881989999439],[-90.63264700012115,38.69107799986293],[-90.62164299991174,38.68965999975955],[-90.61193599988597,38.68438700006334],[-90.59595499972758,38.67991700031465],[-90.5794609995582,38.68148599974628],[-90.56998299986127,38.684072999671216],[-90.5568279998737,38.681518000063704],[-90.55067900031288,38.68235399969251],[-90.54172899979724,38.686209000066754],[-90.53279500007345,38.69575100020737],[-90.5308409999388,38.7090059997309],[-90.53386200010331,38.720659000269855],[-90.54199099973806,38.716937999995665],[-90.54777899962387,38.72350500004534],[-90.55530499973428,38.71995900012628],[-90.55663600025309,38.72137100004225],[-90.55835199983805,38.72019499969527],[-90.56162900009559,38.72202199999761],[-90.55977200004533,38.725393000232344],[-90.56842499956173,38.723567000013674],[-90.5691059998022,38.7254629998578],[-90.57287799962909,38.72474200015093],[-90.57183099969072,38.723536999787],[-90.57501000003899,38.72233999967043],[-90.57541000007205,38.719229999663064],[-90.5765900000798,38.72053000012397],[-90.57824000044086,38.719269999803444],[-90.61766000019769,38.720699999751304],[-90.61840300036242,38.72845899971845],[-90.61987200007519,38.72850999994687],[-90.6209559998235,38.731931000227206],[-90.62759999985197,38.72974500027234],[-90.63174699959755,38.734562999981115],[-90.63303700010847,38.73000500001791],[-90.63773600022314,38.72898600008988],[-90.6366490001018,38.725545000292925],[-90.63114800027117,38.725437000024954],[-90.63161000022853,38.726486999874844],[-90.62860300030772,38.72860900020398],[-90.62709000021401,38.723903000149626],[-90.63887900042097,38.72132799998064],[-90.64007399959903,38.725031000113916],[-90.64321299976433,38.724342999723994],[-90.64249499971392,38.72711799985787],[-90.64381000033923,38.72861300032474],[-90.64064299968652,38.73297600009509],[-90.64160500013439,38.735698999967354],[-90.64340399956004,38.73536800032719],[-90.6444420001759,38.74013299980381],[-90.63696200009625,38.74126099995732],[-90.63766599990294,38.74411699974752],[-90.63458000033941,38.74489999975675],[-90.63649299956786,38.756237000224395],[-90.63184700005499,38.757547999812274],[-90.62481399986409,38.76283500002191],[-90.6300240003399,38.769109000131266],[-90.6298410000418,38.7741940001524],[-90.63278900041138,38.77071000013872],[-90.63809699989817,38.77360400005826],[-90.64284299986848,38.76715799982578],[-90.64433900024373,38.767826000191825],[-90.64443899980283,38.764915999759175],[-90.64772699993105,38.76726399966177],[-90.6613680001654,38.76474600029842],[-90.66240199968497,38.76573499986955],[-90.66127399955576,38.76729300024358],[-90.66391999980155,38.76698599971715],[-90.66601200002847,38.76887399985127],[-90.66338000002638,38.771041999960055],[-90.66240199968497,38.76950799980232],[-90.65843599968936,38.77052099984984],[-90.66066699983344,38.77454999986169],[-90.654539000189,38.78130099996683],[-90.65231300006779,38.781178000080885],[-90.6540539997671,38.781941000008544],[-90.65299500013317,38.786468000275526],[-90.65812600006795,38.7870440002154],[-90.6583250002596,38.78501999980075],[-90.66228000038457,38.78508799991438],[-90.66222000011011,38.787180000018104],[-90.6645149998283,38.78725700005391],[-90.66451900002626,38.7845459998846],[-90.66078800020728,38.78423900008641],[-90.6601079997917,38.78286099994007],[-90.66701799995896,38.78296800021953],[-90.66585100036998,38.785144999939014],[-90.66862899996192,38.786016999893434],[-90.66883499982626,38.78745400005807],[-90.67171399970054,38.7869250000877],[-90.6716600001722,38.78872999992278],[-90.67551599966465,38.78866899970664],[-90.67531200034847,38.79130599971223],[-90.67156300008781,38.790857000244955],[-90.67316400004506,38.79565800011592],[-90.67096100038837,38.79636999978908],[-90.67176499975419,38.79783899994143],[-90.67393999982177,38.797164000143255],[-90.67626899987516,38.80254600003613],[-90.65594199977951,38.8020020003239],[-90.65332200037132,38.79961599966877],[-90.65063000009478,38.802429999673734],[-90.64899999982522,38.80906000019081],[-90.65103000012788,38.81481999991858],[-90.65939999978704,38.82306899965279],[-90.69501500010503,38.84292300014984],[-90.69211000029146,38.84421199976247],[-90.69409799986299,38.846911999794905],[-90.68959000044238,38.84872999965104],[-90.68933799964898,38.85016300022147],[-90.68459199967867,38.84997400003932],[-90.68447200002807,38.854449000271245],[-90.68934000019712,38.85441000001526],[-90.68926999987691,38.86176000009502],[-90.69908700040585,38.86155199981371],[-90.69917899956906,38.8545919998609],[-90.69432999966659,38.85447099990396],[-90.69430399972732,38.852459999826095],[-90.68929400016637,38.8524489996996],[-90.6893319998012,38.85074900008514],[-90.69926999980567,38.85093699989247],[-90.69932099985928,38.847409999651454],[-90.70644799976151,38.85418499995056],[-90.70411799988321,38.855136000089956],[-90.71454700015737,38.86933499975442],[-90.71452000039318,38.87330200005271],[-90.72253100002716,38.87291500023715],[-90.72661500002357,38.87950400016162],[-90.72223899994913,38.88024900000012],[-90.7269399997136,38.880029999912914],[-90.72807500041381,38.88192399977595],[-90.72594100035411,38.88277400017322],[-90.728426999868,38.88671300033126],[-90.73043000040647,38.88592999991592],[-90.73203999968622,38.88874000023426],[-90.74244999969379,38.90913999987747],[-90.74419999961394,38.916210000164995],[-90.7509549999705,38.92299899993292],[-90.75879200042553,38.919602000150704],[-90.77640600032821,38.92301600021657],[-90.78265600017137,38.918295000186426],[-90.79267799984143,38.91740799966136],[-90.80441799964458,38.91113900023027],[-90.7975409999876,38.904429000291266],[-90.79970600000946,38.9011610003133],[-90.80594400015707,38.90173299998731],[-90.8082410004234,38.89997800000014],[-90.80692599979811,38.89524399993439],[-90.8102830004216,38.88635800024606],[-90.80649300015305,38.87852900013279],[-90.80818000032403,38.877520000044875],[-90.81290200000488,38.87906200023972],[-90.81968699960035,38.875756999865786],[-90.8264620000484,38.8784349997005],[-90.82705500042533,38.877694999915676],[-90.82557300029379,38.87685600015198],[-90.82563000019519,38.86864000010214],[-90.82380999995482,38.86442000005802],[-90.83173000025054,38.86244999999362],[-90.82949999993134,38.844580000016244],[-90.83144999986806,38.84327000030443],[-90.8313329996922,38.831437999898114],[-90.82638900025347,38.831211999964715],[-90.82623400044278,38.82616399990909],[-90.82741100007748,38.82603299994461],[-90.82222900008908,38.823792000115574],[-90.82153899962778,38.825499999826015],[-90.81842600030008,38.825536999690016],[-90.81756900033248,38.823270999860966],[-90.81441099990063,38.82280100003043],[-90.8151189999053,38.8213499996805],[-90.81149100001845,38.820766000140644],[-90.81143999996483,38.81366000004943],[-90.80842999967098,38.813010000227116],[-90.81014000030648,38.80986500025978],[-90.80094700011658,38.80887899969484],[-90.79976000043614,38.81539999976797],[-90.7987589996302,38.81424900021876],[-90.79746599964454,38.81516800011502],[-90.79745800014693,38.817202999695894],[-90.79374999989416,38.810592000108166],[-90.79260000002363,38.8117049996572],[-90.77947799964804,38.810553999896435],[-90.77964699970245,38.80693800015201],[-90.77583700024071,38.80503699992443],[-90.8082420002483,38.805387999977235],[-90.8082620003398,38.8034880000773],[-90.8166139995573,38.803433999764856],[-90.81667399983178,38.79594899965882],[-90.82540099986633,38.796085999761296],[-90.82523000016211,38.798417999674705],[-90.82659799959251,38.79841199975963],[-90.82651999977473,38.79238500010998],[-90.83123800015595,38.79232500005856],[-90.83008599973726,38.78723100031487],[-90.83328799965174,38.787748999792846],[-90.83340200035289,38.77197899971571],[-90.84303200038578,38.77254800032845],[-90.84307400021856,38.76668899984429],[-90.8478500003261,38.76724999981139],[-90.84674899996106,38.77781999988056],[-90.86006100030744,38.77785599995871],[-90.862092000435,38.7739350003215],[-90.86565199965143,38.774188999691404],[-90.86561200036681,38.77796500012356],[-90.86820599983574,38.77800300020606],[-90.86914999984194,38.78408199985443],[-90.87160199991898,38.78299799998769],[-90.87286700031555,38.77775399992346],[-90.8747579998027,38.77802100020128],[-90.87384899995659,38.78638499986048],[-90.86918800037509,38.788171999834056],[-90.86917699960611,38.792372000126456],[-90.87939400016815,38.79586299971549],[-90.88255000005186,38.78780800029353],[-90.8808899996451,38.78714100001366],[-90.88265499963386,38.787209000205046],[-90.87554199997534,38.78668099973424],[-90.8755539996709,38.7854149996579],[-90.87712299984109,38.78542499970564],[-90.87711299979536,38.78314900000609],[-90.88293599984125,38.78449599971563],[-90.8828899998105,38.7817299996677],[-90.88773200004029,38.78206799990605],[-90.88775200013175,38.78772699984286],[-90.88344700020242,38.7877320000549],[-90.88303600029869,38.789232000213275],[-90.88535899960598,38.78976099987007],[-90.88619399983224,38.79236700023985],[-90.8897959997798,38.79213099973348],[-90.89031999966143,38.789079999890305],[-90.89374400023208,38.78762300011484],[-90.89710299960707,38.788683000254444],[-90.89714100014024,38.78503600024519],[-90.90220000010498,38.78548400002889],[-90.90168999956875,38.787340000154025],[-90.90624800011638,38.78733900024622],[-90.90567099963297,38.78872499978079],[-90.91092999961428,38.78876000006737],[-90.91089799982723,38.79240500034927],[-90.92013000037518,38.7925680001648],[-90.92016999965983,38.7889000003417],[-90.92481900044407,38.78895999977496],[-90.92477099986519,38.79622000025071],[-90.92181900019595,38.79617999980704],[-90.9298470004467,38.80028800016722],[-90.92886499990733,38.80225099993292],[-90.9301150002353,38.803362999901125],[-90.93853299957506,38.79995800014546],[-90.94317200031357,38.80003600011032],[-90.94327799972045,38.7964179997707],[-90.95528000036275,38.79662299998482],[-90.95536599967816,38.79254200026217],[-90.96179399979655,38.79167399968515]]]}},{"type":"Feature","properties":{"GEOID":"29022","NAME":"State Senate District 22","BASENAME":"22","STATE":"29","SLDU":"022"},"geometry":{"type":"Polygon","coordinates":[[[-90.75549500007648,38.330557999912976],[-90.66584600034712,38.327475999965735],[-90.66325000033004,38.325498999897036],[-90.6566509996091,38.32718600013601],[-90.63070499968205,38.32644799975352],[-90.63064600013082,38.29566900017321],[-90.62114999999224,38.292469999703215],[-90.61019000016377,38.29143999998638],[-90.60785000023974,38.28969000006638],[-90.60781000005676,38.28494999976571],[-90.60992999987278,38.27998999987002],[-90.61426999996222,38.27903999996672],[-90.61706000014804,38.27547999997214],[-90.6056299999663,38.27210999991181],[-90.59330000015926,38.26494000008623],[-90.59022000044352,38.264960000056966],[-90.5886200003112,38.26222000002835],[-90.5722800001276,38.26198000013326],[-90.57195999956214,38.258950000188925],[-90.5640650002791,38.25025499980488],[-90.56264400024692,38.2505889996505],[-90.56294899984546,38.2569169996617],[-90.55963999980085,38.25794199987292],[-90.55325400041356,38.25776800020435],[-90.55319999998689,38.24971799976066],[-90.51579100026613,38.250591999956825],[-90.51690400032673,38.22300000007606],[-90.51546099965493,38.222032999765986],[-90.5088330004183,38.2235459999026],[-90.5043059998328,38.226959000162616],[-90.49644599981154,38.22945499974008],[-90.4868889995736,38.2300460001999],[-90.48374199991069,38.22860300013219],[-90.47722000008098,38.23043900004658],[-90.46816400015842,38.22909100024086],[-90.46185099966776,38.23083199988662],[-90.45596099967469,38.22753299989861],[-90.45166699961601,38.22728400020548],[-90.44533999977992,38.22030999999096],[-90.43353999970232,38.213879999722835],[-90.42167699987553,38.21353399965272],[-90.41958999967147,38.21214599992651],[-90.42585899978124,38.211023000329206],[-90.42573999995554,38.204240000197025],[-90.41832000015035,38.20387999987859],[-90.41694199977587,38.20531700029676],[-90.41756899958968,38.20329200018904],[-90.42227299972718,38.203422000029896],[-90.42241900021537,38.1992069998883],[-90.42705200020778,38.19939400005405],[-90.42639600008165,38.19061500013879],[-90.42155800004983,38.19110000019873],[-90.42138300014764,38.195178999700374],[-90.41718600017333,38.19448399965349],[-90.41820200014958,38.19257099987397],[-90.41526300000082,38.19244200015264],[-90.41346700004992,38.19349199973394],[-90.41266199996087,38.19559999964893],[-90.41421000021468,38.195660000295284],[-90.41056100041143,38.20077100015507],[-90.40499100008552,38.20182700005265],[-90.40335999999104,38.198370000067406],[-90.40464100028116,38.19596200002126],[-90.4075889997524,38.19591499966698],[-90.40743099956867,38.194627999657406],[-90.40478299967306,38.1947160003041],[-90.4069610001137,38.193520000099234],[-90.40387899984982,38.193485000346996],[-90.40371999984116,38.19469899985854],[-90.39824999997268,38.19385600011241],[-90.38886099996421,38.18471099969704],[-90.39011299994199,38.18265900016424],[-90.38865900029784,38.184590000252186],[-90.38368800019663,38.179864999927155],[-90.38053300013782,38.18291999970504],[-90.38449400011058,38.18438600017287],[-90.38292400011548,38.1890269997367],[-90.38443499966104,38.18902200017073],[-90.38460700008848,38.19071400004801],[-90.37944900038953,38.191414999912475],[-90.37764800041573,38.196068000273335],[-90.38131300011248,38.19647800012874],[-90.38549800039125,38.19954200015432],[-90.38565999987463,38.20211999975577],[-90.38137800040982,38.2031109997416],[-90.38224100022518,38.20361899991104],[-90.37980099984372,38.2058690001728],[-90.38363499959486,38.20766299980267],[-90.3831369996525,38.20905800032929],[-90.38130300006675,38.21019599988005],[-90.37778700033292,38.208995999728515],[-90.37636100027787,38.210729000281624],[-90.37358199996268,38.21086600008666],[-90.37180399955511,38.217148999976935],[-90.36971999972413,38.218733000102866],[-90.36040000021096,38.21559599993197],[-90.35542999993466,38.216305999735425],[-90.36513899961025,38.240723999939604],[-90.37242200004641,38.283724999988074],[-90.37147600039037,38.33089700002475],[-90.36436100018372,38.34751399987846],[-90.35594200012073,38.360460000178094],[-90.35062000039022,38.37476200003629],[-90.34213400038011,38.38728500024129],[-90.34434700008254,38.390749999667406],[-90.34480599966685,38.3973199997316],[-90.34859400028556,38.40706899983767],[-90.34676999984724,38.41680399971904],[-90.34858800043777,38.430079000197935],[-90.34746299978329,38.435215999775444],[-90.3408749998313,38.44087500027303],[-90.33574499972144,38.44819499974213],[-90.33613499970878,38.45349100033627],[-90.34423499992955,38.45687899977818],[-90.3536309996107,38.45821699974003],[-90.39103100000892,38.45056099995458],[-90.39264299983682,38.451713000096596],[-90.39096099968873,38.45637700026315],[-90.39470999994938,38.45848599968299],[-90.40278800042883,38.45321899969439],[-90.41116399993581,38.453399999883885],[-90.41440799968306,38.45697099966368],[-90.41484700007422,38.46338199983493],[-90.42145500011767,38.47648499972706],[-90.4228290002942,38.482488999729135],[-90.42030000022427,38.483955000179044],[-90.41451300016337,38.480820999773954],[-90.40955799995568,38.48189800011194],[-90.40534300043802,38.48735000008486],[-90.40741200020041,38.495246000313195],[-90.40496900034421,38.50059799992683],[-90.59072500005858,38.50175299986032],[-90.6026520003578,38.47961700021142],[-90.61414399956553,38.47115100017384],[-90.62623400007136,38.47577199986421],[-90.63386200028901,38.48593600034215],[-90.64587699955347,38.48804600009149],[-90.65556100001302,38.48673699983474],[-90.66070299981845,38.47919499972984],[-90.65711699976441,38.464091999918644],[-90.65372700042728,38.45901700025821],[-90.6546019999382,38.4562249997799],[-90.66421899955229,38.448863999980254],[-90.67982099959401,38.44566599971726],[-90.6874599996823,38.447658999664434],[-90.68142499992429,38.45159400017523],[-90.68018100034242,38.454005999798],[-90.68325400038547,38.45538399996801],[-90.68704100028097,38.451488000074164],[-90.69105999998006,38.45366900020122],[-90.69162900006752,38.45533599978167],[-90.6876000003227,38.45943200018433],[-90.6934919999656,38.46460300028188],[-90.69623299974762,38.47152299975086],[-90.70714200042077,38.47213999965783],[-90.71191299960714,38.46928600026468],[-90.71796599980682,38.46906500003205],[-90.71839599997712,38.470835000031315],[-90.71448000021022,38.474449000168036],[-90.71741900035896,38.478490999997085],[-90.72433200000096,38.48242999983996],[-90.7318820004008,38.48254199987448],[-90.7363110001787,38.46664300001791],[-90.73763000010364,38.41545299973965],[-90.75549500007648,38.330557999912976]]]}},{"type":"Feature","properties":{"GEOID":"29013","NAME":"State Senate District 13","BASENAME":"13","STATE":"29","SLDU":"013"},"geometry":{"type":"Polygon","coordinates":[[[-90.39511500000533,38.822683000231976],[-90.36634000043273,38.80525700029538],[-90.36927600020842,38.80111400025109],[-90.36697399991924,38.79956600026809],[-90.37447999993813,38.79072099975469],[-90.36431900035092,38.78560900005393],[-90.36891100033544,38.780911999715954],[-90.37394000016296,38.78213700001468],[-90.37653600018005,38.782102999959335],[-90.35057199981134,38.77685300027943],[-90.35279200008478,38.77326899993955],[-90.35139799981677,38.7647659998852],[-90.34939400035172,38.764718000307234],[-90.34932800022949,38.77385900000334],[-90.34385400016302,38.77329700007665],[-90.3399740003811,38.764874000218484],[-90.32485699986299,38.764736999677076],[-90.32369799977162,38.771955999679236],[-90.31573700036635,38.77124500003886],[-90.31480599988063,38.76760800022511],[-90.31278200032409,38.76827800023006],[-90.31178399989119,38.766702999804764],[-90.30522600007646,38.76999699968387],[-90.30775299959825,38.77279799998837],[-90.26060400023974,38.77086000012278],[-90.25901099978012,38.76394399985206],[-90.26440700002875,38.76402600023457],[-90.26400500034586,38.759969000107105],[-90.26151899993364,38.75761299992668],[-90.26610300042056,38.757620999721105],[-90.26569900018951,38.75961700026994],[-90.26732100006315,38.76014199990814],[-90.26986699985152,38.75889599998312],[-90.26986699985152,38.75675800026383],[-90.27221599999639,38.75677000009892],[-90.27230700023297,38.75347399969172],[-90.27485899986912,38.75351600033758],[-90.27419100004742,38.7488509999185],[-90.27692400033186,38.74940800034594],[-90.27562600032331,38.74107399985699],[-90.26925500010631,38.74331800027083],[-90.26903300034847,38.74157900018003],[-90.26514699982047,38.74198800016488],[-90.26452900022748,38.73843499974319],[-90.27089700007144,38.73664599979087],[-90.27094300010219,38.73463399967747],[-90.27787900020871,38.73466699998603],[-90.27681399982869,38.727324000273875],[-90.28989799967113,38.727324000273875],[-90.28992299978549,38.72504800007535],[-90.2925840000999,38.72507899974722],[-90.29001999986987,38.717954999667434],[-90.28065900034879,38.71888099992422],[-90.28546200022053,38.71144499994556],[-90.26524100043012,38.70189999971231],[-90.2517449999607,38.71888700022131],[-90.22177899961137,38.730133999877374],[-90.19891699959803,38.74788999995619],[-90.18640199984308,38.76154599981842],[-90.18418400011777,38.774287999650255],[-90.16671699962987,38.772272000201724],[-90.1324339996556,38.79092899982284],[-90.12284899982855,38.79820800024618],[-90.11770700002312,38.80574800004803],[-90.12460999961938,38.81985799995801],[-90.13324100029277,38.826481000252144],[-90.1402540003922,38.82908099980346],[-90.15516500014769,38.82982599965382],[-90.18017299991628,38.817836999671556],[-90.18787800012684,38.81819900017325],[-90.19695300031596,38.821149999888384],[-90.22529199987046,38.837567999836615],[-90.26286999964562,38.85497799972948],[-90.27735600015198,38.87326000004453],[-90.28898100032741,38.88423200002619],[-90.30100300016286,38.88903300017643],[-90.31615999996566,38.891694000190796],[-90.32710899992347,38.89028300012069],[-90.33541400018366,38.88485500001104],[-90.34076600005136,38.873484999898544],[-90.34496499967551,38.84937200010243],[-90.34911300014434,38.84169499992456],[-90.36216299965159,38.827860000333224],[-90.37471400028987,38.82211900002471],[-90.39511500000533,38.822683000231976]]]}},{"type":"Feature","properties":{"GEOID":"29031","NAME":"State Senate District 31","BASENAME":"31","STATE":"29","SLDU":"031"},"geometry":{"type":"Polygon","coordinates":[[[-94.61246300038235,38.22395600025797],[-94.61406099996654,38.060056000216164],[-94.24061899979426,38.050819000100276],[-94.23911400009649,38.04395199970415],[-94.23736300035144,38.04390899970867],[-94.23436399992822,38.047111999764404],[-94.23044599961318,38.04560900026766],[-94.23177799995689,38.04292199992791],[-94.24065999980215,38.03979299988086],[-94.23818400033397,38.03556399985237],[-94.23366799961914,38.0337529996661],[-94.23351399963333,38.032225999694475],[-94.24293299977904,38.03263899989562],[-94.2451260002883,38.03046800024011],[-94.24372899964725,38.02731999996091],[-94.2365880003996,38.0259519996548],[-94.22484900042137,38.027336999781284],[-94.22704399968214,38.03516100027761],[-94.22388899962333,38.04034800010575],[-94.21976199996922,38.03894299998708],[-94.21724399976995,38.033611999858635],[-94.21504000028834,38.03402299977426],[-94.21397699955814,38.03968800005353],[-94.2099469999884,38.04381499969637],[-94.21105099982819,38.050975000226934],[-94.20282000008618,38.05429200024119],[-94.1972320002169,38.05456699989378],[-94.19472400006339,38.052706000038796],[-94.20069000022441,38.046544999694184],[-94.1976199996561,38.03918600031457],[-94.1985760002562,38.03609599979109],[-94.19606100042996,38.033790999668135],[-94.19437400025899,38.03505699993612],[-94.19457799957519,38.04181999978716],[-94.19088600011426,38.045185999886485],[-94.183214000414,38.04528099988048],[-94.16858899999045,38.04972300015859],[-94.15743199962017,38.05711899981203],[-94.15058299955228,38.053864000174585],[-94.13223100040604,38.05816000026664],[-94.1282860003268,38.055988999650836],[-94.12469299970175,38.050169999673315],[-94.11547799977056,38.04843299973312],[-94.11483199969018,38.04662299975471],[-94.118868000006,38.04450500027476],[-94.1187550000281,38.04215899993584],[-94.11287400025589,38.04008299983474],[-94.10991099981769,38.03731999994657],[-94.10564699989622,38.037759000289945],[-94.10386900038698,38.04059799992284],[-94.10460800035376,38.0468090003256],[-94.10191199987926,38.04810499997162],[-94.09684399969368,38.044802999799735],[-94.09442500012692,38.03990599993113],[-94.08711800029964,38.041619999660384],[-94.08653999999133,38.03979099978446],[-94.0886010002561,38.03594599969681],[-94.08523899960974,38.03246499978124],[-94.0806590002191,38.03159699969771],[-94.06937499962721,38.036819999718546],[-94.0656990000598,38.03548800025319],[-94.06469599960406,38.03125100009553],[-94.06133300003108,38.0315510001025],[-94.0601799997875,38.035679000268914],[-94.0582850001024,38.03662699966551],[-94.04989500035174,38.2139849998675],[-94.07521399956664,38.21450200011824],[-94.06502000036747,38.46581599970888],[-94.06781999970073,38.4660159998221],[-94.06431700038569,38.567380000302144],[-93.51103000040848,38.55620999968926],[-93.50767000031026,38.62985599967645],[-93.5075690000279,38.635863000107285],[-93.50955300029979,38.63583899982901],[-93.5091669996121,38.64495799999478],[-93.49311000018405,38.899015999996486],[-93.49861600003756,38.89929999979387],[-93.49727799984603,38.92842999999233],[-93.83471899991095,38.937909000219854],[-93.83631900004328,38.908709000321664],[-94.11330600007601,38.91748100002475],[-94.11872099969291,38.83330999985471],[-94.12077799975974,38.833006000100056],[-94.17529800031625,38.83481199980142],[-94.2875930001489,38.8350840001439],[-94.50906799993831,38.842302000335046],[-94.60803299988122,38.84720700031204],[-94.61335600033493,38.4579670000888],[-94.61246300038235,38.22395600025797]]]}},{"type":"Feature","properties":{"GEOID":"29026","NAME":"State Senate District 26","BASENAME":"26","STATE":"29","SLDU":"026"},"geometry":{"type":"Polygon","coordinates":[[[-92.19520599999137,38.29317099980978],[-92.01209399997464,38.2881500001465],[-91.8839860002131,38.2898980002392],[-91.86312000016723,38.293609999827765],[-91.77534600003148,38.292044000329525],[-91.75742699963196,38.29009599976851],[-91.757317999852,38.288719999713656],[-91.64472900029149,38.288510000059944],[-91.64489300032301,38.153679000007614],[-91.53438400039556,38.15259299968142],[-91.53533199970141,38.21097400016849],[-91.44008000003414,38.21036000003926],[-91.42483199999477,38.21163900014082],[-91.42483000034495,38.209875999985954],[-91.36748199996775,38.20974100011601],[-91.36763000010575,38.204013000191814],[-91.00013800020099,38.20408800009147],[-90.97018699992029,38.20668699966773],[-90.97019000029333,38.205509999690946],[-90.78018499982777,38.20411200024072],[-90.7722799996007,38.250049999973776],[-90.73763000010364,38.41545299973965],[-90.7363110001787,38.46664300001791],[-90.73214199979348,38.482304000296224],[-90.72433200000096,38.48242999983996],[-90.71741900035896,38.478490999997085],[-90.71448000021022,38.474449000168036],[-90.71839599997712,38.470835000031315],[-90.71796599980682,38.46906500003205],[-90.71191299960714,38.46928600026468],[-90.70724799982769,38.47212799994026],[-90.69656099981067,38.47174400018651],[-90.6934919999656,38.46460300028188],[-90.6876000003227,38.45943200018433],[-90.69162900006752,38.45533599978167],[-90.69105999998006,38.45366900020122],[-90.68704100028097,38.451488000074164],[-90.68325400038547,38.45538399996801],[-90.68018100034242,38.454005999798],[-90.68729300017606,38.44742100032517],[-90.68081099963096,38.44568200005106],[-90.67453700039667,38.44631899999373],[-90.66381000019668,38.4490540000444],[-90.6546019999382,38.4562249997799],[-90.65372700042728,38.45901700025821],[-90.65711699976441,38.464091999918644],[-90.66070299981845,38.47919499972984],[-90.65556100001302,38.48673699983474],[-90.64587699955347,38.48804600009149],[-90.63386200028901,38.48593600034215],[-90.62623400007136,38.47577199986421],[-90.61414399956553,38.47115100017384],[-90.6026520003578,38.47961700021142],[-90.59110099980222,38.501745000289056],[-90.60760199964429,38.501750000109055],[-90.60660999995751,38.50368000031728],[-90.61285599960273,38.50468600010446],[-90.60797699956304,38.51655599977272],[-90.62561800012823,38.522990000115385],[-90.62699899997742,38.52250600027182],[-90.62417299980658,38.51708000016116],[-90.62587699969598,38.51705100006364],[-90.63076599978143,38.52401500004091],[-90.63362700011237,38.524179999816724],[-90.63389800027403,38.51711399970318],[-90.63101100000381,38.51674499982545],[-90.63863000000063,38.516883999759514],[-90.63846599996911,38.520611000142715],[-90.64585399998725,38.5215900000811],[-90.64782700038846,38.52163299988513],[-90.64791500025201,38.518680999681855],[-90.65274200041318,38.521502000173314],[-90.65290700026962,38.51721900015124],[-90.68041399997092,38.51817999981449],[-90.68075000042991,38.51089700015902],[-90.68999299995019,38.51116099979296],[-90.6903610001962,38.50388800016497],[-90.70727999961473,38.501232999869465],[-90.73557300003681,38.492378000085225],[-90.73305900003551,38.63929499996582],[-90.74241200005896,38.63456299977716],[-90.74404800017629,38.63088999998012],[-90.75070300007543,38.625103000158376],[-90.75540800003785,38.612658999677684],[-90.75960599983709,38.60654100020637],[-90.76334099985402,38.601949000161795],[-90.77362199999017,38.59461700031722],[-90.81298800021861,38.58555399985272],[-90.84193299967053,38.56595500025082],[-90.87326800017354,38.553893000248365],[-90.8949219996917,38.54096299968819],[-90.91655400036687,38.53472500005445],[-90.92676699983265,38.53429000001222],[-90.94772099974206,38.53894000009598],[-90.96446900035465,38.54724100002431],[-90.96226499997475,38.771147000193686],[-90.95853599980558,38.87086499968406],[-91.11125100037606,38.872708999936776],[-91.11018699982093,38.93190100003789],[-91.18934799972494,38.932150999968314],[-91.18839000037335,38.992141000174186],[-91.26428700043859,38.992761999941294],[-91.26492699977285,38.84383300034434],[-91.3018979998257,38.84430999990192],[-91.30189399962775,38.84585100004451],[-91.33884999961197,38.84452999999465],[-91.41583200014873,38.84530000020944],[-91.41863700040317,38.7097780000535],[-91.44284500010562,38.70918199984073],[-91.45760000022551,38.706270000169496],[-91.45795500005273,38.708064000349026],[-91.45269100004857,38.70948700019987],[-91.45566399963418,38.71034400004752],[-91.46258899987008,38.70810199979488],[-91.47177100018928,38.7075279997787],[-91.47928100040617,38.71172200001524],[-91.48779199963234,38.71311400001229],[-91.4965329999106,38.70946399965508],[-91.50107399984151,38.70468700005106],[-91.50333500012282,38.700634000068604],[-91.50260200000382,38.694999999878235],[-91.52272499988493,38.68824099970431],[-91.54531300026188,38.67688199982324],[-91.55064000001524,38.67626699992242],[-91.58766499959643,38.68218500002584],[-91.6065570003145,38.69016000022199],[-91.61973400004337,38.698536000206666],[-91.63798200033085,38.70354100022818],[-91.66549800025298,38.701983000243985],[-91.69507500043991,38.70750100010534],[-91.72622099989869,38.70672099984303],[-91.73435600027956,38.70487899976661],[-91.76023400043452,38.68499999973234],[-91.77798499970625,38.68230000026151],[-91.8014109997842,38.683100999679],[-91.81443600007542,38.68183499969596],[-91.85486699978559,38.670336000265614],[-91.86948899983608,38.663939999833104],[-91.8819159997275,38.65271300011279],[-91.89374900031537,38.63408699991318],[-91.94393599955681,38.59707499988733],[-91.97302099964914,38.59124599982196],[-91.98623400026133,38.58537999971089],[-92.00898300029675,38.57090000029423],[-92.00350000000948,38.56025999981655],[-92.0189120000804,38.55895400034517],[-92.02487499986837,38.553626999973794],[-92.02891399965895,38.53810400003874],[-92.02709400031692,38.52871299996176],[-92.02017499992884,38.516249000057456],[-92.00977199959397,38.50237900028773],[-92.00829799985831,38.497119000112036],[-92.00885799972498,38.49178799982338],[-92.01257299965044,38.48414599985907],[-92.02306200019905,38.47462200006326],[-92.04348899985379,38.46647900011174],[-92.07371200012108,38.466723999662484],[-92.10066599962843,38.45879100022487],[-92.11041500038532,38.45737599993603],[-92.12764000012557,38.46086100022341],[-92.13807900044544,38.47002600007488],[-92.14733299983638,38.474086000111754],[-92.1596119995898,38.473682000201855],[-92.16735699998331,38.46968699980709],[-92.16888299959749,38.46681199968545],[-92.16315300033631,38.45693800017701],[-92.16203299970468,38.44650299984286],[-92.15767099987393,38.43904399977605],[-92.149291000169,38.431151999872604],[-92.1383930002648,38.42738300008368],[-92.12157799970505,38.417336000250415],[-92.11587699985787,38.408637000068296],[-92.1149770002326,38.40193700012743],[-92.1217769998967,38.39133699965238],[-92.13532000022175,38.38382100018415],[-92.16057700041073,38.37703600011117],[-92.18058899996375,38.378473999848225],[-92.18329700013382,38.37555699972042],[-92.19317800023687,38.37083500022118],[-92.19520599999137,38.29317099980978]]]}},{"type":"Feature","properties":{"GEOID":"29019","NAME":"State Senate District 19","BASENAME":"19","STATE":"29","SLDU":"019"},"geometry":{"type":"Polygon","coordinates":[[[-92.57015600023446,38.97972800023265],[-92.56608800013159,38.97417800005387],[-92.55917899978924,38.97317300006612],[-92.54011799991511,38.95371800013349],[-92.51498700012286,38.938114000190275],[-92.49837699960253,38.92208399986873],[-92.47774900010633,38.90628200001772],[-92.47432100023605,38.90187800032869],[-92.47445099993239,38.898603999827166],[-92.47998299972515,38.88315499968006],[-92.47963999959347,38.8774390002185],[-92.47779400031217,38.874107000308165],[-92.45671700037909,38.860268999928344],[-92.43990600001732,38.83134600016665],[-92.43207899960802,38.825069000277274],[-92.42117999987892,38.81975400022486],[-92.3940890001042,38.819576000073326],[-92.38439100029926,38.8154879996559],[-92.37958000003162,38.80154600026862],[-92.38298000031283,38.7897250002006],[-92.39078199970943,38.7806119996934],[-92.40707800041042,38.772597999770234],[-92.40932100025007,38.7667599998155],[-92.40863599981164,38.75824299990787],[-92.40473799958805,38.748190000271734],[-92.39745599987513,38.740523000157644],[-92.3878080002989,38.735433000316185],[-92.3602160002088,38.730132999868474],[-92.34409299976015,38.71506899999082],[-92.34266500005529,38.711768999910426],[-92.3432650001049,38.70507299968577],[-92.36142999965342,38.692039999661255],[-92.36360600044424,38.68620999998898],[-92.36090999996973,38.681848000179606],[-92.34531499960072,38.674882000011124],[-92.2933700000432,38.66656400013875],[-92.27580600036923,38.658214999913],[-92.26766000011771,38.650566000179175],[-92.25909100026689,38.645346999889796],[-92.24599599965549,38.64400700026964],[-92.22940100010209,38.64602700005024],[-92.22066099964873,38.64316699980489],[-92.21845999964187,38.68905100027773],[-92.22127599976697,38.690196000333586],[-92.22601500006458,38.69855399990985],[-92.21569100027075,38.702487000280534],[-92.21443300044518,38.70712799965388],[-92.2167780003921,38.71357800029627],[-92.21218600040757,38.72011700002493],[-92.20196299999775,38.720859000252986],[-92.19243099987415,38.72613200014706],[-92.19423500022097,38.72983500010266],[-92.19219099967465,38.73055100025777],[-92.1947299997903,38.731893000135045],[-92.19553099968138,38.73433199996758],[-92.194159000053,38.73664699970859],[-92.18612400012957,38.735887999984186],[-92.18181400017735,38.73861599970571],[-92.18131200003702,38.741869999685065],[-92.18570499982992,38.74516199998569],[-92.18612300030466,38.74787800002947],[-92.18183099989578,38.74885699980039],[-92.18075800001814,38.75313000034365],[-92.17586800010781,38.754058999757454],[-92.171903999762,38.76442299985697],[-92.16285899971011,38.765205999882085],[-92.16149200010462,38.771855999860605],[-92.16235300027013,38.77597199970469],[-92.16781200026797,38.77678600007192],[-92.16384000042456,38.77980300034477],[-92.16420699994735,38.78387000029053],[-92.15815899977055,38.785088999853755],[-92.1601270001489,38.79005900017057],[-92.15600899981732,38.79270600029719],[-92.15550699967699,38.79518100012126],[-92.15938700035721,38.80010199974461],[-92.1582819997942,38.80205000001257],[-92.15204299982167,38.80377100033233],[-92.15045899958288,38.79749600003184],[-92.14523499976168,38.79626900011596],[-92.14470900023022,38.7978150000831],[-92.14928000029835,38.80177699977701],[-92.15095700042357,38.80604299967368],[-92.1440530001041,38.80644300024069],[-92.14189800012798,38.80853599972509],[-92.14298400042442,38.8130320000726],[-92.13786199981216,38.811805000286554],[-92.1351960003732,38.814128000252325],[-92.1383649997774,38.81778299973676],[-92.14565499988625,38.81501599981197],[-92.14282100021781,38.82177200032425],[-92.1511570004401,38.82407699967748],[-92.152881000421,38.826287999904515],[-92.15254999998488,38.82894400016485],[-92.14540399981607,38.83312800014374],[-92.15021000006085,38.836821999935154],[-92.15054999981948,38.83920299970833],[-92.14236699975805,38.841378000164845],[-92.140279999554,38.845301000003474],[-92.14850199997349,38.84559399992484],[-92.14584300020722,38.84936100019796],[-92.14540399981607,38.854305000027026],[-92.15004699985423,38.85145500000613],[-92.15417199985852,38.85350400021169],[-92.15387099955966,38.855555999801965],[-92.14784500002246,38.8573060001186],[-92.14927199990242,38.866238000054814],[-92.15158199968923,38.867741999768384],[-92.15779700027062,38.864640999728465],[-92.16249999968491,38.86558499987251],[-92.1585420000852,38.869873999762646],[-92.15930699999127,38.8734390003065],[-92.15613199984097,38.880651999683614],[-92.14865400030945,38.880283000061716],[-92.14818800015415,38.885532999667014],[-92.15539500042232,38.88444999980605],[-92.15693699993001,38.88857900008329],[-92.15874499957648,38.888836000081184],[-92.15738399981873,38.89274599989098],[-92.15873500042906,38.89456699977509],[-92.16371499985277,38.897558000153936],[-92.1689620001385,38.89657800013295],[-92.16760700022856,38.90006400001121],[-92.16509300022724,38.90098400009904],[-92.16410800021316,38.90702599971662],[-92.15757299996463,38.911457999847386],[-92.15500299988683,38.91554599986729],[-92.15458899961004,38.91832800004328],[-92.15644099963745,38.918774000182424],[-92.1608379996283,38.92543799965559],[-92.15390700044297,38.924314999936335],[-92.15441600025599,38.927121999777114],[-92.15237199970964,38.931180000083025],[-92.15410900010933,38.9344910001953],[-92.1511080000363,38.937460999701166],[-92.1538890000013,38.938399999830246],[-92.15244200002985,38.93885800015895],[-92.1527759999407,38.946638000277936],[-92.15080099988964,38.953613000210595],[-92.14677999964243,38.95870600009131],[-92.14875600041671,38.96145999983914],[-92.1432649997335,38.96785400025328],[-92.14567699962755,38.97176399992942],[-92.14642900001314,38.98073200008676],[-92.14417199992978,38.98212699967757],[-92.14191400002152,38.98035199993017],[-92.14117800042777,38.98395100006439],[-92.1381249995779,38.985316000134915],[-92.13994399999333,38.988555999880404],[-92.13854899990042,38.98839200034894],[-92.13708600003544,38.991887000277885],[-92.13652799981861,38.99511800004763],[-92.13878499990196,38.99657599981931],[-92.13662300025317,38.99963299989224],[-92.1380059997522,39.0027250002406],[-92.14014300018496,39.000740999805394],[-92.13802800039183,39.005693999683814],[-92.14047000042311,39.006829999987914],[-92.13393900037254,39.01100400031453],[-92.13359000039308,39.01810699969774],[-92.13022000024912,39.02364199976614],[-92.13133900015751,39.026091999802155],[-92.13458899975257,39.027376999665925],[-92.1406529998229,39.02738199977459],[-92.14078400024246,39.03013500028868],[-92.13597399979975,39.03239699971555],[-92.13337500030794,39.04010099990478],[-92.13346700036944,39.04465200027309],[-92.12978699970576,39.04513799991289],[-92.12857499991095,39.04783199986928],[-92.13226899992002,39.051532999813276],[-92.13096400023879,39.055163999974226],[-92.1325640003711,39.05946499986729],[-92.12955499990215,39.06260500027679],[-92.13151200040987,39.06448400003472],[-92.11038699989788,39.06420400024297],[-92.10437399988119,39.239809000277866],[-92.43022900012875,39.24879500013088],[-92.51355299967187,39.0888059996608],[-92.56198599969352,39.00318100014516],[-92.56064199965424,39.00200599971121],[-92.5651600000189,38.998647000053694],[-92.56210600024244,38.99640600005515],[-92.56538900034776,38.99067600020172],[-92.56352899992444,38.98892900022257],[-92.56392899995753,38.98690399988993],[-92.55760600031942,38.98840599999171],[-92.55649499990862,38.98542600013799],[-92.57015600023446,38.97972800023265]]]}},{"type":"Feature","properties":{"GEOID":"29021","NAME":"State Senate District 21","BASENAME":"21","STATE":"29","SLDU":"021"},"geometry":{"type":"Polygon","coordinates":[[[-94.60081899994036,39.45615500017204],[-94.60076200003894,39.33330000027816],[-94.48274500044275,39.33192300022108],[-94.47328500028918,39.33332800019679],[-94.47324299955807,39.316772999878346],[-94.47136999961425,39.313435000299854],[-94.46902800004041,39.3134650000958],[-94.46843499966347,39.315210000148014],[-94.46416400006932,39.31540000007335],[-94.46375399999049,39.31703800027771],[-94.4593200001897,39.3170679999187],[-94.45938200011398,39.30324499969573],[-94.4448169999649,39.3030759997682],[-94.4448239996376,39.29541199986576],[-94.42136999997058,39.29539399979565],[-94.42132200028998,39.288169999666884],[-94.43711299957926,39.288164999980495],[-94.43723200030325,39.28094000027533],[-94.44543100025822,39.280998999995816],[-94.4474640000356,39.26574200002054],[-94.45455199957976,39.26866699987239],[-94.45456800037161,39.266576999939694],[-94.45582199999922,39.266509999734424],[-94.45620699996368,39.24608900032203],[-94.46998299991725,39.22348199967513],[-94.46565799989644,39.22345200030586],[-94.46581500025526,39.216813000188274],[-94.47392399979854,39.21560700011965],[-94.47594599970525,39.21401699968701],[-94.47749599960886,39.20909399998692],[-94.47985499979947,39.207656999864085],[-94.47626999957035,39.20577500006271],[-94.47046800033915,39.20562199991882],[-94.47053199991326,39.201891999727046],[-94.45673400021838,39.201992999840456],[-94.45672499999753,39.194694000025706],[-94.44573699968167,39.194528999737656],[-94.45369600033541,39.189431000165094],[-94.45430999973043,39.186624000150054],[-94.45227600012815,39.17937099995687],[-94.44863099962456,39.175762000016654],[-94.44624300001995,39.185112000264255],[-94.43458000020969,39.193845999744774],[-94.42916300004465,39.19457300017725],[-94.4235049998552,39.19294499967688],[-94.42048200004085,39.190346999831824],[-94.4184009996846,39.19352099984302],[-94.40172800031337,39.197533999841696],[-94.38972800021922,39.19350300006158],[-94.38482800026313,39.187203999984696],[-94.37849399985603,39.17036500029366],[-94.3694150003673,39.16367599997443],[-94.36355600033637,39.16365599985105],[-94.34147599994753,39.17747199965355],[-94.32815500027863,39.19123199970089],[-94.32049799974868,39.20176299985351],[-94.31677000030271,39.21573100033658],[-94.30893200002278,39.22735100010907],[-94.3017030000133,39.23302799979043],[-94.28987299979848,39.23710700029771],[-94.26739999994756,39.23539599999965],[-94.25542400014285,39.236219000015915],[-94.25004600033589,39.23484500027917],[-94.23842899965807,39.228219000043794],[-94.22875900034052,39.214649999969474],[-94.21681600014777,39.208004000339436],[-94.2114679995797,39.206786999914655],[-94.20420000011048,39.20669500002443],[-94.1862709996652,39.21408500009318],[-94.17614299968996,39.214148999801175],[-94.17049500044455,39.212310000249076],[-94.16934300002586,39.20954200002217],[-94.1702390003515,39.204486000319136],[-94.17644700036188,39.196037999762275],[-94.18505600039566,39.18928500003779],[-94.18716799981574,39.184133999842096],[-94.18583999966998,39.181030000187484],[-94.17683099960313,39.178118000252624],[-94.14715200020727,39.17517499966822],[-94.13366400013378,39.171239000237236],[-94.12636700035223,39.165782999746234],[-94.11403199962402,39.14971399980349],[-94.10482300043894,39.14350700012425],[-94.11417499973915,38.91730399996181],[-93.83631900004328,38.908709000321664],[-93.83471899991095,38.937909000219854],[-93.49757599977185,38.92830199979637],[-93.49637700039585,38.94283700008116],[-93.30153600044663,38.93577599985612],[-93.1055349996828,38.931502999672226],[-93.05052799995288,38.92826899968657],[-93.05997399986275,38.69307700017416],[-92.95060599958498,38.685775000247354],[-92.8581809999135,38.68374200004176],[-92.84002800006054,38.683869000040325],[-92.83979200005898,38.68494800007407],[-92.7266920001373,38.68407700018066],[-92.61714700030754,38.68001299982239],[-92.6166519998399,38.69446599985535],[-92.58690399994877,38.754454999818236],[-92.49837699960253,38.92208399986873],[-92.51498700012286,38.938114000190275],[-92.54011799991511,38.95371800013349],[-92.55917899978924,38.97317300006612],[-92.5661109996978,38.97420099969349],[-92.57002099961696,38.97996799985394],[-92.55637199988497,38.98569800000836],[-92.55760600031942,38.98840599999171],[-92.56392899995753,38.98690399988993],[-92.56352899992444,38.98892900022257],[-92.56538900034776,38.99067600020172],[-92.56210600024244,38.99640600005515],[-92.5651600000189,38.998647000053694],[-92.56064199965424,39.00200599971121],[-92.56198599969352,39.00318100014516],[-92.51355299967187,39.0888059996608],[-92.43022900012875,39.24879500013088],[-92.79036900000038,39.343586000073195],[-92.84922399972515,39.2262179998659],[-92.84906999973937,39.23061199989295],[-92.85070199965874,39.23314200028051],[-92.85493499961808,39.23553700034275],[-92.86285099971582,39.23643699969056],[-92.87029399998553,39.234197000318176],[-92.88655200015337,39.22425700027811],[-92.89619399988183,39.221896999669504],[-92.90614199993202,39.22233899989151],[-92.91519700002964,39.22626199993973],[-92.91957200027919,39.23161500026038],[-92.91996899993923,39.24020799984345],[-92.91568099972832,39.250031000216005],[-92.91674899958308,39.25793999971337],[-92.92361699991754,39.2633760001032],[-92.9474029998456,39.27009400001882],[-92.95776599999749,39.27933600030196],[-92.95897799979231,39.28304100011034],[-92.95327299974717,39.29845699980914],[-92.9534019996186,39.30275199990124],[-92.9542889997234,39.306346000122666],[-92.95980100032301,39.31252599982707],[-92.97159200017978,39.31559999980314],[-93.00193300044786,39.31299499972969],[-93.0237760001119,39.31311500028599],[-93.0447550001357,39.31766600031853],[-93.0520429996964,39.32072499989649],[-93.06540299972336,39.32829299987602],[-93.0744379997295,39.33796499972175],[-93.07805300009586,39.347976999712905],[-93.07708300015037,39.36550000006332],[-93.08028900026281,39.37175199989034],[-93.08775900029673,39.37891200026802],[-93.09858400040599,39.38317400002549],[-93.10607100015832,39.38372399970604],[-93.12519899997962,39.377675000146546],[-93.13963100005932,39.378643000122956],[-93.15199199982848,39.38715799994053],[-93.16432199963552,39.405006999679074],[-93.17446499967939,39.411025999971876],[-93.18064599992559,39.41180499997774],[-93.19310100030442,39.40927799990521],[-93.20070799970735,39.40178700021172],[-93.19868999999859,39.393265999771],[-93.18945300032608,39.37982799991791],[-93.18956899977873,39.370382999867296],[-93.19203699974929,39.36570499996261],[-93.20675300040942,39.35239000031475],[-93.21534900002442,39.33810699984254],[-93.22120399985738,39.331656000188026],[-93.23007900002995,39.327876999954036],[-93.24150500001373,39.337037000226424],[-93.25256500029964,39.3388740003277],[-93.2559220000248,39.33783699975707],[-93.26381300000818,39.33100900016031],[-93.26779499989733,39.3251169997783],[-93.26650899958437,39.31972099981625],[-93.2777250004042,39.31154899967692],[-93.29416099994896,39.30921400004157],[-93.32476400015784,39.310615000276066],[-93.3322519997351,39.30960600012975],[-93.33685600031349,39.30703200001572],[-93.34410899971411,39.297178999983444],[-93.34443000010448,39.28936400021391],[-93.33776299961148,39.276899999816976],[-93.32896199995707,39.26548300019811],[-93.32912099996572,39.25508099996127],[-93.33495700043042,39.24887499967458],[-93.35363699963975,39.24276300002336],[-93.37313699990503,39.23133099970551],[-93.39633500037735,39.22634000016089],[-93.40379399964228,39.22743700026263],[-93.41141400036233,39.23105799987487],[-93.41522600037217,39.234923000006255],[-93.41522999967181,39.24179700002202],[-93.40449800034729,39.254222000306456],[-93.40290300023784,39.26005399976014],[-93.40477500035674,39.263273999819596],[-93.41392400016568,39.26775299973718],[-93.44423100009855,39.268524999983704],[-93.45071399957023,39.27297499978171],[-93.4552029996226,39.284108999955144],[-93.45865200030758,39.28831399965945],[-93.46498499999144,39.29237000018273],[-93.47327199980995,39.293295999852944],[-93.47825399978181,39.292665999937384],[-93.48580599983148,39.288758999995714],[-93.49201800003982,39.28293800006836],[-93.49434000042052,39.27835900000269],[-93.49622099986192,39.2648909998914],[-93.4865730002857,39.23386099991516],[-93.48928399993048,39.226297000121036],[-93.50021100014699,39.218004999673404],[-93.52843199970076,39.21489199989561],[-93.55152800006579,39.217017000045516],[-93.56319199970098,39.220019999802425],[-93.56892600005843,39.22860500003752],[-93.58582899958341,39.240759999664824],[-93.62745500026827,39.242971999725825],[-93.63638099959616,39.24717200006489],[-93.64058400031657,39.24730599981088],[-93.64440700019706,39.24520200005253],[-93.65223700008109,39.248339999686145],[-93.65746900029819,39.24552499998896],[-93.65629099994025,39.24042799990973],[-93.66190100044915,39.23578200017622],[-93.6743319996402,39.23396600017046],[-93.68555299958459,39.22855199976934],[-93.68941099962518,39.22471599968848],[-93.69541799979412,39.21366400009233],[-93.70233499963406,39.208798999698956],[-93.71120999980663,39.20626199980795],[-93.73895599988253,39.20965500015458],[-93.75846299982051,39.20702099980361],[-93.7595390000712,39.524603000169684],[-93.85154399961813,39.525919000103265],[-93.9891490002415,39.524400000215415],[-94.20842300002404,39.52720000005641],[-94.21064199957428,39.45468199973544],[-94.60081899994036,39.45615500017204]]]}},{"type":"Feature","properties":{"GEOID":"29011","NAME":"State Senate District 11","BASENAME":"11","STATE":"29","SLDU":"011"},"geometry":{"type":"Polygon","coordinates":[[[-94.53406099963831,39.14590800023298],[-94.53167800005657,39.14081999999386],[-94.51557300004963,39.12244899979352],[-94.50774599964035,39.119284999787624],[-94.5093480003208,39.11212599995457],[-94.51285200035908,39.11225899994053],[-94.51274699987877,39.11405900007712],[-94.51508099995503,39.11413899975955],[-94.51519599958276,39.11234500015417],[-94.53029800003227,39.112849999761295],[-94.53070899993602,39.10562300000812],[-94.518739999804,39.10519399971333],[-94.51898300037656,39.10145800016048],[-94.51441899998112,39.101284999877514],[-94.51528500016953,39.08311800032897],[-94.52335699990287,39.08337899970368],[-94.52362800006455,39.077960999955316],[-94.52575600027647,39.078030000134376],[-94.5258499999878,39.07622699979993],[-94.52292400025783,39.07614500027366],[-94.52306900002279,39.07250799977686],[-94.51100100015658,39.06883300000172],[-94.50351699987897,39.07026899982328],[-94.49044399990719,39.0633220000218],[-94.47675099979429,39.062226000017425],[-94.47252899970562,39.05909999979077],[-94.43644099955962,39.04375300009252],[-94.43331599963804,39.04169300001025],[-94.43352700042354,39.03974399968995],[-94.43565999976003,39.039814999938905],[-94.43592900027186,39.03589000019361],[-94.43723899997597,39.03600200021594],[-94.43768599986471,39.02677700011413],[-94.42537500032427,39.026308999761504],[-94.42502899981953,39.03520500028079],[-94.41467700043661,39.035016000101756],[-94.41453099994841,39.03648800005082],[-94.38703500011775,39.03526700031806],[-94.3881359995845,39.02030299984034],[-94.38692399978969,39.017632000157434],[-94.38363200036183,39.01801199976577],[-94.38176400044091,39.02068499998323],[-94.37762699984273,39.01907299981041],[-94.37415799996457,39.02061699971052],[-94.37428299963803,39.023214000040966],[-94.36535099956406,39.02400700023057],[-94.36339800015263,39.026311999872036],[-94.33980399984519,39.025614000031005],[-94.33741600024058,39.023764999762236],[-94.33281800040828,39.02496699965412],[-94.3314419996836,39.021523999865366],[-94.33062900009698,39.02531500009016],[-94.32789300033781,39.02526400026578],[-94.32781399979679,39.02695100027818],[-94.33714900027688,39.029182999841595],[-94.33706999973586,39.03268400034558],[-94.33235999975055,39.03299199999741],[-94.33194399982395,39.03831999979657],[-94.30543600038045,39.035595999988075],[-94.30549599975659,39.03732500030404],[-94.31266100019197,39.04461599990838],[-94.31257099978028,39.04977900019196],[-94.31537600003473,39.05148600019135],[-94.31530499988962,39.054104000021496],[-94.27081299974924,39.052824000338866],[-94.26981000019181,39.05656199976298],[-94.2772800002257,39.06456000009547],[-94.27747199984633,39.06623299973125],[-94.27419899978673,39.06614900010841],[-94.27020799967674,39.06525400018724],[-94.2702529998826,39.063733999764736],[-94.26336000033209,39.06339399979813],[-94.2634669995639,39.05977199969379],[-94.2612200004246,39.05971099980041],[-94.26126899993008,39.05787900024038],[-94.25666600007489,39.0577319996571],[-94.26131099976287,39.05693800022729],[-94.2615030002818,39.05245300002194],[-94.25804299972616,39.052325999657505],[-94.25822000017648,39.0486829999525],[-94.25707199995577,39.04863000010819],[-94.25685900041876,39.05221700010733],[-94.25031199957634,39.05204199969688],[-94.25045399986656,39.04837300018055],[-94.24786299987235,39.048272999738835],[-94.24325699964413,39.04830299988621],[-94.24312199992492,39.05193899984653],[-94.24075000021382,39.05176699986996],[-94.24082800003163,39.05044999980996],[-94.23391299984151,39.05139400021744],[-94.23413299994954,39.04558600029988],[-94.22948999991138,39.04532299975989],[-94.22962700017874,39.04035600024966],[-94.22286099995154,39.039497000125245],[-94.22518400015714,39.03872599972362],[-94.22509100027071,39.036572999962786],[-94.22960000041456,39.03673299988911],[-94.2297729997686,39.03421599973774],[-94.22585000032899,39.03254100015062],[-94.22596599978164,39.0293269998468],[-94.22145699963778,39.02918399983777],[-94.2216619996772,39.02382000025862],[-94.22705200007806,39.024484000337075],[-94.22595099971302,39.01843400008202],[-94.2335660004102,39.017531000017186],[-94.2318290000105,39.01450900015551],[-94.24016100003486,39.01169800032958],[-94.24036100005141,39.008207000000006],[-94.23102100044676,39.007938999870554],[-94.23172400042853,38.989902999676794],[-94.22708999971289,38.9897669999215],[-94.22692700040459,38.993382000040576],[-94.21411800002345,38.99293800034136],[-94.21420199968904,38.991112999876584],[-94.21773699968945,38.99053199968427],[-94.21777799969732,38.989336000182355],[-94.21078200021466,38.98909100017645],[-94.21094899972093,38.98558699981525],[-94.20860999962181,38.98550200005294],[-94.20826200036558,38.99271600014542],[-94.19903900003847,38.99241399989303],[-94.19846800030116,39.00756700020631],[-94.18735299976368,39.010158000091565],[-94.1861860001747,39.01337099989469],[-94.17833700002411,39.018557000065684],[-94.17023799962826,39.01740300022652],[-94.15979699965857,39.00786300031586],[-94.1526100003802,39.004947999936896],[-94.15253699968694,38.998210000124445],[-94.15736300002321,38.998305999860996],[-94.15765900029922,38.99103900007508],[-94.15295299961356,38.990948000147014],[-94.15301000041327,38.988186999876596],[-94.14843199977413,38.99047699983116],[-94.14822699973472,38.99438199979118],[-94.14520899994326,38.99431099998861],[-94.14521700033919,38.99302700018667],[-94.13880199974125,38.99397600001839],[-94.13900000010797,38.99044599973005],[-94.13440599957532,38.990317999799565],[-94.13498399988363,38.98505500003414],[-94.1378200001002,38.9832909997913],[-94.13509000018884,38.98321199975368],[-94.1338199997694,38.97966399968417],[-94.13032300030213,38.97953999980981],[-94.13048800015858,38.975978000095566],[-94.12787000040018,38.97594599987973],[-94.1277799999885,38.98043400032765],[-94.1291740002565,38.98107799965362],[-94.12786700002714,38.98309999990276],[-94.11147800033805,38.98286200032955],[-94.10482300043894,39.14350700012425],[-94.11403199962402,39.14971399980349],[-94.12636700035223,39.165782999746234],[-94.13366400013378,39.171239000237236],[-94.14715200020727,39.17517499966822],[-94.17683099960313,39.178118000252624],[-94.18583999966998,39.181030000187484],[-94.18716799981574,39.184133999842096],[-94.18505600039566,39.18928500003779],[-94.17644700036188,39.196037999762275],[-94.1702390003515,39.204486000319136],[-94.1694230003918,39.210613999890676],[-94.17225500041043,39.21338200032006],[-94.1862709996652,39.21408500009318],[-94.20420000011048,39.20669500002443],[-94.2114679995797,39.206786999914655],[-94.21681600014777,39.208004000339436],[-94.22875900034052,39.214649999969474],[-94.23842899965807,39.228219000043794],[-94.25004600033589,39.23484500027917],[-94.25542400014285,39.236219000015915],[-94.26739999994756,39.23539599999965],[-94.28987299979848,39.23710700029771],[-94.3017030000133,39.23302799979043],[-94.30893200002278,39.22735100010907],[-94.31677000030271,39.21573100033658],[-94.32049799974868,39.20176299985351],[-94.32815500027863,39.19123199970089],[-94.34147599994753,39.17747199965355],[-94.36355600033637,39.16365599985105],[-94.3694150003673,39.16367599997443],[-94.37849399985603,39.17036500029366],[-94.38482800026313,39.187203999984696],[-94.38972800021922,39.19350300006158],[-94.3950280002084,39.19630300020983],[-94.4016320000539,39.19699300002237],[-94.4072280003191,39.19530299993697],[-94.40902500009491,39.19210399969495],[-94.3999280001645,39.174803000157624],[-94.40232800036298,39.164765999839034],[-94.43036499979371,39.13802600004579],[-94.4406419997319,39.130779999782234],[-94.46158999979355,39.1203719997263],[-94.46789599971322,39.124954000306694],[-94.46933000016419,39.13070399998899],[-94.48461599983841,39.145503999809165],[-94.49541099981045,39.15039399972187],[-94.5126790001067,39.15045099983147],[-94.53406099963831,39.14590800023298]]]}},{"type":"Feature","properties":{"GEOID":"29024","NAME":"State Senate District 24","BASENAME":"24","STATE":"29","SLDU":"024"},"geometry":{"type":"Polygon","coordinates":[[[-90.54013000038813,38.68741399998536],[-90.53068899960283,38.67954899983997],[-90.51046500033767,38.68845200013103],[-90.49778599965286,38.69242399987627],[-90.49537700013187,38.69184799983247],[-90.49156099992406,38.68494600019434],[-90.48553500038688,38.68269799976026],[-90.48786899956481,38.67870500018791],[-90.49217199984433,38.67612400015193],[-90.48928899977209,38.67579300022463],[-90.49144100027347,38.670857999893876],[-90.48800400018234,38.66914800027416],[-90.48734800005622,38.670651000049276],[-90.4816160002469,38.671195000288414],[-90.48221700012144,38.668694999729894],[-90.47894099968879,38.66835899966254],[-90.479455000423,38.66613099992861],[-90.47738199956436,38.66590300033203],[-90.47812599955402,38.66090399997567],[-90.4809400000293,38.66032199985458],[-90.48166899995034,38.65405600008457],[-90.48416200003527,38.654100999946984],[-90.48415600018748,38.65251299967276],[-90.47968899987643,38.65245599970117],[-90.47945899972265,38.64832200021855],[-90.48231699968055,38.64834899977481],[-90.48100500032663,38.64078600000822],[-90.46909100044621,38.64082800022235],[-90.469161999693,38.644505000090746],[-90.4670140002879,38.64449999967157],[-90.46701500011282,38.64083400005045],[-90.43885899995807,38.64033000010846],[-90.43331799994446,38.63866700010986],[-90.4334689995572,38.62401000029992],[-90.42963900000402,38.623969000146715],[-90.42972100001978,38.618491999929276],[-90.44838600005882,38.618661999870895],[-90.44860899964155,38.60765699979791],[-90.45768999967845,38.60781100002297],[-90.45801100006882,38.604272000069784],[-90.4674090002981,38.60403800010019],[-90.4674159999708,38.602312999694185],[-90.47161600031816,38.60231400008572],[-90.47401700034156,38.59681599985602],[-90.46748899976575,38.59688499983098],[-90.46750700020739,38.59274399996362],[-90.47117699992702,38.59078699989916],[-90.46752099955278,38.59142200017661],[-90.466817999571,38.589533000038],[-90.46879400034528,38.58747000006156],[-90.46740599992506,38.58571399998229],[-90.46591399974777,38.58859000011082],[-90.4627629998869,38.58853799997862],[-90.46279899987192,38.58655200026227],[-90.46553600035432,38.586546000105635],[-90.46679400017987,38.584795000270944],[-90.46506699982594,38.57883999985043],[-90.47420499976424,38.570935999938825],[-90.48000799971867,38.57351799978637],[-90.48195500018062,38.57248100028813],[-90.4782009998971,38.56907800014607],[-90.48434399961013,38.56292900015438],[-90.49163600026714,38.56383600017646],[-90.49161199997768,38.566122999932574],[-90.49593000032583,38.56618900002621],[-90.49607099989282,38.56384999981684],[-90.49991100039007,38.563412000344094],[-90.50265999966969,38.56031700001735],[-90.50832000040732,38.560377000290764],[-90.50770100009113,38.55622899966097],[-90.50607800039256,38.55603200019107],[-90.5081150003679,38.55574300006306],[-90.50704099976703,38.554839999770344],[-90.51475299965026,38.5528279998917],[-90.51419100013379,38.55439099977476],[-90.5155860002267,38.555557000197524],[-90.51586700043411,38.55223700000335],[-90.52055300012996,38.55202400022202],[-90.5206540004123,38.5468729998198],[-90.51403200012514,38.54627199968247],[-90.51117900019011,38.538915999722114],[-90.51539999955556,38.530064000260325],[-90.51272499989577,38.52950200023212],[-90.51339899956524,38.526675000342316],[-90.51178500008751,38.52467499968553],[-90.51078800037787,38.51707799981552],[-90.51230300012138,38.516291000056896],[-90.51220299966396,38.51289800010997],[-90.51035800020756,38.50131800017874],[-90.40496900034421,38.50059799992683],[-90.40741200020041,38.495246000313195],[-90.40534300043802,38.48735000008486],[-90.40955799995568,38.48189800011194],[-90.41451300016337,38.480820999773954],[-90.42030000022427,38.483955000179044],[-90.4228290002942,38.482488999729135],[-90.42145500011767,38.47648499972706],[-90.41484700007422,38.46338199983493],[-90.41440799968306,38.45697099966368],[-90.41116399993581,38.453399999883885],[-90.40767300031631,38.45252000002453],[-90.4007029998746,38.45399700020917],[-90.39631900030254,38.45825300020369],[-90.39293999993775,38.458092999959405],[-90.39070200012095,38.45536900000111],[-90.39264299983682,38.451713000096596],[-90.39103100000892,38.45056099995458],[-90.37645900018715,38.452912000200314],[-90.37287700033107,38.46455099980749],[-90.35580999987624,38.48563899994273],[-90.3640080000063,38.48603700023934],[-90.37728400036768,38.493927000056864],[-90.38259600005243,38.490979999994344],[-90.37988600023252,38.504052999677754],[-90.38638600032095,38.50469699968067],[-90.39018099971405,38.508750000327225],[-90.38273800034263,38.51480499980041],[-90.3802920001134,38.51333499988308],[-90.37991399982162,38.54419200017423],[-90.38985900039708,38.544271000175755],[-90.3916200001879,38.54567899975122],[-90.39805800035204,38.5444699998394],[-90.39840800015641,38.5592979999359],[-90.39750400033317,38.56783500024921],[-90.3915420003701,38.567931999778914],[-90.39121299958381,38.58277200028271],[-90.37725500005536,38.582642000233186],[-90.37724500000961,38.586486999826185],[-90.37507800033795,38.586262000077056],[-90.37231400009138,38.602377000154],[-90.37699999978723,38.60243500032396],[-90.37782800034078,38.60530100034922],[-90.3907769995657,38.60183499978588],[-90.39075900002236,38.6031630003349],[-90.40146699995576,38.60353599988909],[-90.4013149996198,38.61089699992003],[-90.37969299988868,38.60926399992815],[-90.37890100021845,38.61409300026886],[-90.36334900040544,38.61400900007595],[-90.3618680000988,38.64113800003924],[-90.35130900012831,38.63914799982354],[-90.34877000001266,38.65620899989142],[-90.35232500010456,38.65537500008325],[-90.35481099961845,38.65797100021054],[-90.36661300024421,38.65813599966909],[-90.36664599985617,38.660849999794706],[-90.39462299991074,38.66106500000086],[-90.39401500036352,38.685988000083704],[-90.39289899992986,38.685844000174875],[-90.39120900028418,38.69872900005966],[-90.39418600006775,38.69879299997943],[-90.39416799962608,38.70149300028876],[-90.39620299995158,38.701491000170456],[-90.39617100016454,38.70335299985678],[-90.40081099982963,38.70295599997672],[-90.40884599975307,38.70762299976867],[-90.40729599984945,38.72229299971758],[-90.41405100020602,38.72273400020702],[-90.41831400030257,38.72487000031996],[-90.42075100031097,38.72703399972184],[-90.42072000034884,38.72904600015964],[-90.42925400003953,38.7290379999664],[-90.4297999996625,38.737441999924755],[-90.4320030002175,38.7375409997155],[-90.43927099968673,38.743275999930894],[-90.44717000006602,38.74143400025851],[-90.45309699986902,38.74382200032154],[-90.45666899967935,38.742723999873114],[-90.45726100023137,38.74019000001536],[-90.46409400040572,38.73626300014984],[-90.46885700009447,38.741818000041086],[-90.46041600029018,38.746897999670644],[-90.45691999974952,38.75167100020476],[-90.44909499988837,38.75107600022606],[-90.45012099991035,38.75259400012457],[-90.4822990001372,38.764348000141666],[-90.49421600039068,38.75028500007583],[-90.5030110001973,38.74486499966677],[-90.52403299987878,38.73572600020061],[-90.533503999903,38.72855599998431],[-90.53454300034379,38.723731000235716],[-90.5308409999388,38.7090059997309],[-90.53166699994424,38.69968399978265],[-90.53305399964123,38.695266000001325],[-90.54013000038813,38.68741399998536]]]}},{"type":"Feature","properties":{"GEOID":"29027","NAME":"State Senate District 27","BASENAME":"27","STATE":"29","SLDU":"027"},"geometry":{"type":"Polygon","coordinates":[[[-91.3124579996211,37.59282399997539],[-91.31423600002864,37.5051320002803],[-91.21098399969976,37.50191100032436],[-91.21186300030695,37.415276999990105],[-91.1754050002651,37.41480499965145],[-91.17615799957728,37.31259200001698],[-91.15842900004687,37.312917000046276],[-91.15932299982437,37.254935999807955],[-91.1231519998377,37.25450400002965],[-91.12317000027934,37.240041000084275],[-91.12529500011823,37.240062999687375],[-91.12602800023726,37.19948000012067],[-91.1072839996572,37.199200999853694],[-91.1071859997479,37.20324699988288],[-91.08825999959298,37.203193000044614],[-91.08886499966547,37.174179000304306],[-91.07063399999473,37.17757300033206],[-91.07104599972338,37.16271200031826],[-91.03434599983218,37.169343000024185],[-91.03513800040075,37.14018100002051],[-91.01690400035696,37.14354900029729],[-91.0177660003474,37.09567700024644],[-90.99988999960557,37.10040400034441],[-90.99999099988791,37.09764899986752],[-90.96356200015836,37.09736000026673],[-90.96446599998161,37.0535840002736],[-90.7795529999911,37.05032399991844],[-90.7790249999115,37.137919999879884],[-90.7567989999328,37.137739000278394],[-90.75586999999521,37.16672200029824],[-90.73714600040496,37.16641300000858],[-90.73443800023489,37.22714599969381],[-90.73615700019292,37.227101000136244],[-90.73545300038622,37.27104000023054],[-90.66177499987118,37.27476699973647],[-90.64276099985271,37.272215999657014],[-90.5506030001449,37.27260800014944],[-90.54972899956057,37.31759400028989],[-90.34624299959255,37.31457699991133],[-90.2363549996311,37.31631499973837],[-90.21765699998012,37.31496700005372],[-90.22322999978077,37.08651899996861],[-90.11035400016509,37.08587099964757],[-90.11124700011767,37.04120500006582],[-89.99572000023332,37.040109999891655],[-89.99585199957949,37.0547340002689],[-89.95919600006926,37.05438000018198],[-89.95957600001083,37.127353000337244],[-89.76521100026268,37.12606600029465],[-89.76430700043943,37.122315999776454],[-89.76556699991482,37.11859700000958],[-89.76949299972749,37.112742999986615],[-89.77142799959556,37.11363199985758],[-89.7728870001609,37.112417999778344],[-89.77155800019021,37.10857299977689],[-89.77551599978993,37.10330299976513],[-89.7741120003745,37.09759300003841],[-89.77860200025178,37.095348999798844],[-89.77857700013742,37.09303200004149],[-89.78134399985872,37.09065400021261],[-89.78526100034885,37.09025699992722],[-89.78683700019175,37.08774699968119],[-89.7860599996918,37.083766999709574],[-89.77807900019505,37.07594799973496],[-89.77895299988107,37.07210800015833],[-89.77308299997947,37.0646059997777],[-89.7734019998217,37.06213700008442],[-89.77169899975722,37.0621599998848],[-89.76938300012263,37.059203999946945],[-89.77038400003025,37.05661300022236],[-89.76775799987595,37.05202400019816],[-89.76317500011226,37.048867999673035],[-89.75802699956073,37.05154999980398],[-89.75858099957958,37.050384000121106],[-89.756885999911,37.04967499985683],[-89.75728299957105,37.047428000274344],[-89.7587150003722,37.04718200017224],[-89.75644900006802,37.04467399988837],[-89.75859099962533,37.03896499993308],[-89.75724099973826,37.03608700033645],[-89.75458100014708,37.037971999849596],[-89.75257299958575,37.03663400005049],[-89.75385800007382,37.02989700005246],[-89.74613899961957,37.02770000032661],[-89.74652399958403,37.022883999824494],[-89.74227700027932,37.01698099968594],[-89.73851999962274,37.01449999985697],[-89.73995900009659,37.01321800021257],[-89.73564199957337,37.01063000030905],[-89.73702800034376,37.00705600002752],[-89.73351099988669,37.0030809998635],[-89.72990100044153,37.00160499990268],[-89.72621199955701,36.99465100031912],[-89.72334799975133,36.99350900018068],[-89.72398399978597,36.99150000011877],[-89.7211760000568,36.990507999767026],[-89.72259899973879,36.98827499967838],[-89.72005899979823,36.98689799979127],[-89.7205579995655,36.984241999883935],[-89.71884700000342,36.98243199981838],[-89.7218249996119,36.98034699989109],[-89.7211199999803,36.97913699976192],[-89.72272400031059,36.97918300011866],[-89.72049599964124,36.97688999979009],[-89.7224780002633,36.975769999685326],[-89.7180229996478,36.97465699971335],[-89.71975099982666,36.973505999732396],[-89.71843399955154,36.97151599989093],[-89.72044200011287,36.970833999832855],[-89.72056599996142,36.96887900009123],[-89.71557300011891,36.960623000097534],[-89.71523599983503,36.95247800002925],[-89.71218999955616,36.95290499999852],[-89.70946700021578,36.94639000035648],[-89.7027739997835,36.94734799993947],[-89.69558099975904,36.93865699985362],[-89.69224900014822,36.94065099968904],[-89.6917410001601,36.93881100025698],[-89.69327400034527,36.93778900024514],[-89.69099200014756,36.936490000155075],[-89.69241599965449,36.934727000041036],[-89.6912130000805,36.93248599994412],[-89.68901600027161,36.93295799997636],[-89.68926499979362,36.93023199982416],[-89.68668700021821,36.928354999976726],[-89.69004800014135,36.92438999971239],[-89.68781500034743,36.9225649999487],[-89.6860450003358,36.92400099990444],[-89.6846939997255,36.92280399989444],[-89.68852500000192,36.92104099994481],[-89.68648800002659,36.919025999991995],[-89.68899100015724,36.91819199967382],[-89.68968999994107,36.91612999974092],[-89.68710999981751,36.913826999750896],[-89.68905100043169,36.91251300005663],[-89.69080200017677,36.91325800025864],[-89.69163900005286,36.91000600021828],[-89.69004700031645,36.90918499986402],[-89.69232399959297,36.90753000018603],[-89.691008999866,36.90363400000516],[-89.69377399993748,36.89964000029561],[-89.69108300038415,36.89527699993353],[-89.69145599975475,36.892255000195206],[-89.68665700008098,36.88699099999612],[-89.68663600016458,36.884668000065965],[-89.68982300001045,36.88591300022756],[-89.68960700010038,36.88376900032746],[-89.69353999958575,36.880579999995206],[-89.69207800044398,36.87880300018734],[-89.69675400009412,36.87670099975613],[-89.69738900030383,36.87438500007348],[-89.69397300012909,36.86988200024394],[-89.68972299955303,36.86792299990097],[-89.6925860004321,36.866727999836876],[-89.68942100032756,36.86336400008516],[-89.69189699979572,36.86272299965937],[-89.69160300006784,36.85951699975012],[-89.60589299967161,36.86166099981125],[-89.60369699968761,36.862183999658285],[-89.6045960003863,36.866217999796234],[-89.56757000008187,36.870909000045415],[-89.56642600005912,36.86930999968084],[-89.51980900007987,36.8696170003145],[-89.51986500015636,36.87693700029118],[-89.50151499976161,36.87692600017588],[-89.50152599963228,36.906262000351255],[-89.46523300034518,36.906239000061596],[-89.46539300017874,36.93577600035163],[-89.42995000028822,36.935609000280145],[-89.42989900023458,36.950263000089734],[-89.41147900041796,36.95013499993017],[-89.41128900044716,36.964787000306146],[-89.37506400003382,36.964947000015265],[-89.37430800034858,36.994285000095125],[-89.34730299988931,37.0019769997299],[-89.34720499998,37.009109999644025],[-89.31332399968865,37.00949900021665],[-89.33116400044547,37.01993600018523],[-89.36239699994287,37.030155999857435],[-89.38164399958987,37.043010000067454],[-89.3846809996479,37.048250999920924],[-89.38537299975904,37.056186000248545],[-89.37571199976401,37.08050499972537],[-89.37711299970469,37.090764999723646],[-89.38804999996697,37.107481000155765],[-89.41172999958981,37.12250700028761],[-89.42558000006154,37.13823500027053],[-89.43520199969852,37.15209000010199],[-89.43827499974155,37.161286999750665],[-89.45610499955431,37.188119999920914],[-89.4618620003763,37.19951699996574],[-89.46763099999552,37.21820000009143],[-89.46665799967701,37.22398200015378],[-89.45830200026153,37.24036799982964],[-89.4588269999681,37.248661000141134],[-89.46265999989433,37.25151999985146],[-89.47052499993845,37.253357000147695],[-89.48991499970055,37.25131500007723],[-89.50926199980495,37.27137100018259],[-89.51801999980165,37.28419000012309],[-89.51793500031116,37.29125000005289],[-89.51075999983004,37.31274399971753],[-89.49516000033645,37.32479500029295],[-89.48900500002954,37.33336799968264],[-89.47456899975188,37.33816500028475],[-89.447555999795,37.34047499977868],[-89.43604000029781,37.344441000311136],[-89.43283599983519,37.34705600025408],[-89.42818500029944,37.35615799986827],[-89.42054200001319,37.388006999928656],[-89.42093899967321,37.393951999905795],[-89.42652200041793,37.40899799967002],[-89.43976899956867,37.437199999787794],[-89.45096899959667,37.450069000059],[-89.47552500035196,37.471387999994434],[-89.4920510003084,37.49400799967634],[-89.50291700042554,37.51787000007956],[-89.5170509996811,37.53727799983065],[-89.52192499969792,37.560735000136],[-89.52127399959467,37.57897000033458],[-89.51980800025497,37.58274699990158],[-89.51394300037626,37.58481500003175],[-89.4940509995755,37.580115999669665],[-89.48606199968283,37.58085300001158],[-89.4775480000836,37.58588500014787],[-89.47593200005775,37.59299800008204],[-89.47839900020338,37.59886899981928],[-89.48579200024439,37.60715699973417],[-89.50656299985572,37.62505000023132],[-89.51052600037663,37.63175400028136],[-89.51564899991548,37.63644500032817],[-89.51771799967787,37.64121700021081],[-89.51585999980267,37.645555000068384],[-89.51614600003295,37.667975000303585],[-89.51204000029523,37.68098500020034],[-89.5120090003331,37.68552500018972],[-89.51425499964748,37.68992300016626],[-89.52573000003508,37.698440999985074],[-89.56670399989348,37.70718900026824],[-89.58331600006363,37.71326100009821],[-89.59748100017964,37.73347699985156],[-89.61574399963743,37.74272499981656],[-89.61727799964751,37.74971999985789],[-89.62633199992023,37.749046000032365],[-89.633370000134,37.745782000088916],[-89.64953000039253,37.74549599976526],[-89.66335200037686,37.75005199988221],[-89.66554599981272,37.75209500013047],[-89.66799299986688,37.75948400027485],[-89.66118999982974,37.77573199973939],[-89.66037999971783,37.78629600007876],[-89.66964400005283,37.7999219998894],[-89.71744199986475,37.82572299965737],[-89.72943100008824,37.835113999777],[-89.739875000431,37.84692100014757],[-89.75409900009824,37.846353000044815],[-89.76520000039203,37.851762999948406],[-89.77430499982003,37.85212700023574],[-89.781990999764,37.85505300000348],[-89.7863259998306,37.851688999662386],[-89.79373700031326,37.85706299967822],[-89.7975419997521,37.86212799972085],[-89.80035299985433,37.86862599983788],[-89.79769599973788,37.87439199988647],[-89.79932900038048,37.88151599994908],[-89.8136359998884,37.88769599967977],[-89.84263800014006,37.90519699980449],[-89.85052400010055,37.90417200029959],[-89.85707100004466,37.8992039998366],[-89.86187700028941,37.8976839999366],[-89.8796879998356,37.880736000337166],[-89.8987529999077,37.870780000095124],[-89.90563100028791,37.869393000068186],[-89.91754400034343,37.86989499996125],[-89.9386079998577,37.874303999992186],[-89.99976800024473,37.8217440003241],[-90.05074399968167,37.75005400005327],[-90.110579000296,37.671281999829326],[-90.14677799987174,37.64161800012502],[-90.31132399958366,37.64103899997916],[-90.42121499991816,37.64298999965281],[-90.51485499975753,37.64264800030303],[-90.53501600017181,37.64364100031604],[-90.53500600012605,37.645018999952825],[-90.55334999977471,37.64297999999368],[-90.64787400024414,37.64280899978128],[-90.64513500011192,37.73481299990737],[-90.76194999995906,37.73718499966609],[-90.76209100042438,37.73851700004491],[-90.78581100023021,37.736512999890245],[-90.87413400036195,37.73419600008405],[-90.8751290004218,37.736108999719356],[-90.89284899973137,37.73487099973924],[-90.98264999979669,37.73899899975609],[-90.98251099987952,37.74033899977742],[-91.00068600037208,37.73873300001764],[-91.14652100001422,37.74081099972935],[-91.14697200010093,37.69719799973022],[-91.15334499996776,37.697340000098336],[-91.1550730001466,37.588092000323726],[-91.3124579996211,37.59282399997539]]]}},{"type":"Feature","properties":{"GEOID":"29023","NAME":"State Senate District 23","BASENAME":"23","STATE":"29","SLDU":"023"},"geometry":{"type":"Polygon","coordinates":[[[-90.7509549999705,38.92299899993292],[-90.74419999961394,38.916210000164995],[-90.74244999969379,38.90913999987747],[-90.73203999968622,38.88874000023426],[-90.73043000040647,38.88592999991592],[-90.728426999868,38.88671300033126],[-90.72594100035411,38.88277400017322],[-90.72807500041381,38.88192399977595],[-90.7269399997136,38.880029999912914],[-90.72223899994913,38.88024900000012],[-90.72661500002357,38.87950400016162],[-90.72253100002716,38.87291500023715],[-90.71452000039318,38.87330200005271],[-90.71454700015737,38.86933499975442],[-90.70411799988321,38.855136000089956],[-90.70644799976151,38.85418499995056],[-90.69932099985928,38.847409999651454],[-90.69926999980567,38.85093699989247],[-90.6893319998012,38.85074900008514],[-90.68929400016637,38.8524489996996],[-90.69430399972732,38.852459999826095],[-90.69432999966659,38.85447099990396],[-90.69917899956906,38.8545919998609],[-90.69908700040585,38.86155199981371],[-90.68926999987691,38.86176000009502],[-90.68934000019712,38.85441000001526],[-90.68447200002807,38.854449000271245],[-90.68459199967867,38.84997400003932],[-90.68933799964898,38.85016300022147],[-90.68959000044238,38.84872999965104],[-90.69409799986299,38.846911999794905],[-90.69211000029146,38.84421199976247],[-90.69501500010503,38.84292300014984],[-90.65884199957021,38.82271099985787],[-90.6496249999892,38.81271199999682],[-90.65013999965001,38.804090000296355],[-90.65332200037132,38.79961599966877],[-90.65594199977951,38.8020020003239],[-90.67626899987516,38.80254600003613],[-90.67393999982177,38.797164000143255],[-90.67176499975419,38.79783899994143],[-90.67096100038837,38.79636999978908],[-90.67316400004506,38.79565800011592],[-90.67156300008781,38.790857000244955],[-90.67531200034847,38.79130599971223],[-90.67551599966465,38.78866899970664],[-90.6716600001722,38.78872999992278],[-90.67171399970054,38.7869250000877],[-90.66883499982626,38.78745400005807],[-90.66862899996192,38.786016999893434],[-90.66585100036998,38.785144999939014],[-90.66701799995896,38.78296800021953],[-90.6601079997917,38.78286099994007],[-90.66078800020728,38.78423900008641],[-90.66451900002626,38.7845459998846],[-90.6645149998283,38.78725700005391],[-90.66222000011011,38.787180000018104],[-90.66228000038457,38.78508799991438],[-90.6583250002596,38.78501999980075],[-90.65812600006795,38.7870440002154],[-90.65299500013317,38.786468000275526],[-90.6540539997671,38.781941000008544],[-90.65231300006779,38.781178000080885],[-90.654539000189,38.78130099996683],[-90.66066699983344,38.77454999986169],[-90.65843599968936,38.77052099984984],[-90.66240199968497,38.76950799980232],[-90.66338000002638,38.771041999960055],[-90.66601200002847,38.76887399985127],[-90.66391999980155,38.76698599971715],[-90.66127399955576,38.76729300024358],[-90.66240199968497,38.76573499986955],[-90.6613680001654,38.76474600029842],[-90.64772699993105,38.76726399966177],[-90.64443899980283,38.764915999759175],[-90.64433900024373,38.767826000191825],[-90.64284299986848,38.76715799982578],[-90.63809699989817,38.77360400005826],[-90.63278900041138,38.77071000013872],[-90.6298410000418,38.7741940001524],[-90.6300240003399,38.769109000131266],[-90.62481399986409,38.76283500002191],[-90.63184700005499,38.757547999812274],[-90.63649299956786,38.756237000224395],[-90.63458000033941,38.74489999975675],[-90.63766599990294,38.74411699974752],[-90.63696200009625,38.74126099995732],[-90.6444420001759,38.74013299980381],[-90.64340399956004,38.73536800032719],[-90.64160500013439,38.735698999967354],[-90.64064299968652,38.73297600009509],[-90.64381000033923,38.72861300032474],[-90.64249499971392,38.72711799985787],[-90.64321299976433,38.724342999723994],[-90.64007399959903,38.725031000113916],[-90.63887900042097,38.72132799998064],[-90.62709000021401,38.723903000149626],[-90.62860300030772,38.72860900020398],[-90.63161000022853,38.726486999874844],[-90.63114800027117,38.725437000024954],[-90.6366490001018,38.725545000292925],[-90.63773600022314,38.72898600008988],[-90.63303700010847,38.73000500001791],[-90.63174699959755,38.734562999981115],[-90.62759999985197,38.72974500027234],[-90.6209559998235,38.731931000227206],[-90.61987200007519,38.72850999994687],[-90.61840300036242,38.72845899971845],[-90.61766000019769,38.720699999751304],[-90.57824000044086,38.719269999803444],[-90.5765900000798,38.72053000012397],[-90.57541000007205,38.719229999663064],[-90.57501000003899,38.72233999967043],[-90.57183099969072,38.723536999787],[-90.57287799962909,38.72474200015093],[-90.5691059998022,38.7254629998578],[-90.56842499956173,38.723567000013674],[-90.55977200004533,38.725393000232344],[-90.56162900009559,38.72202199999761],[-90.55835199983805,38.72019499969527],[-90.55663600025309,38.72137100004225],[-90.55530499973428,38.71995900012628],[-90.54777899962387,38.72350500004534],[-90.54199099973806,38.716937999995665],[-90.53386200010331,38.720659000269855],[-90.53416099985404,38.72711899990896],[-90.52955600034905,38.73220300018586],[-90.50089499968095,38.74596600018452],[-90.48754800007276,38.75673399988708],[-90.4826580001624,38.76347199973019],[-90.47318799996309,38.790977999824605],[-90.44955600002082,38.81989200020126],[-90.44166000001456,38.826321999876825],[-90.4340519998884,38.82873599979584],[-90.4231320002429,38.82876599989329],[-90.39360000026183,38.822443000287755],[-90.37790299978558,38.82180699977773],[-90.37041199983526,38.82330399977122],[-90.36216299965159,38.827860000333224],[-90.34911300014434,38.84169499992456],[-90.34496499967551,38.84937200010243],[-90.3425140003217,38.85854899990934],[-90.34261399988081,38.8665489997748],[-90.33637499990829,38.883381000330964],[-90.33279399987714,38.88736699999792],[-90.32384900028268,38.89119000024789],[-90.30925200034653,38.890911999992085],[-90.2902330003052,38.88495200014908],[-90.27735600015198,38.87326000004453],[-90.26885400024833,38.860933999760114],[-90.26076700044636,38.85355200016646],[-90.22529199987046,38.837567999836615],[-90.19923999963822,38.822216999793206],[-90.18971000006277,38.818615000279415],[-90.18300499993492,38.817643999690326],[-90.17650800021954,38.81879999979834],[-90.15516500014769,38.82982599965382],[-90.1402540003922,38.82908099980346],[-90.13324100029277,38.826481000252144],[-90.12460999961938,38.81985799995801],[-90.11770700002312,38.80574800004803],[-90.10910700021017,38.83744800021516],[-90.10940699978583,38.843548000116634],[-90.11332699975071,38.849305999950545],[-90.15150799994854,38.86714799994242],[-90.16640899965829,38.876348000312646],[-90.18690900000628,38.88504800022019],[-90.19761000026699,38.887647999836936],[-90.22304099963489,38.907388999713234],[-90.25024799976053,38.91934400021936],[-90.26279199982781,38.92034399974172],[-90.27747099977972,38.92371600021968],[-90.3094540000129,38.924120000049435],[-90.33353299984391,38.93348900032589],[-90.34644199978419,38.94079000010176],[-90.39272099965463,38.959071000298],[-90.40753699987387,38.96270600016686],[-90.42977999957102,38.96377800016141],[-90.43920299991466,38.9672870001811],[-90.4512790001768,38.9677310001205],[-90.46241100043272,38.964322000334526],[-90.47172900029607,38.959185999897095],[-90.48307099971596,38.94307000022214],[-90.48272500010955,38.934711999906824],[-90.48705799962801,38.92586199994075],[-90.50745099984586,38.902766999964946],[-90.51696299987796,38.8988179998843],[-90.54683100031802,38.87400899996173],[-90.56102099965007,38.869475999876215],[-90.58338800009406,38.869029999893336],[-90.62335600002199,38.88714900007878],[-90.62848500030694,38.89161699980946],[-90.63699399988327,38.90512299978214],[-90.64729000008805,38.91209500011981],[-90.66301799962814,38.926283000328965],[-90.66318099983475,38.934223999739125],[-90.69158200021187,38.9342349997856],[-90.69658199972707,38.932783999820956],[-90.69803500044463,38.930742000280794],[-90.69748100042575,38.9281510001636],[-90.69024099964732,38.924251000347915],[-90.68377300024424,38.91598600022842],[-90.69624299979337,38.91563000018505],[-90.70094000025819,38.91981800010317],[-90.70589600029078,38.921543000155104],[-90.71430899960767,38.91816400007387],[-90.71750200019963,38.91537599991851],[-90.7167249996997,38.91285099981462],[-90.70623000020163,38.91350600016602],[-90.69943399983718,38.90841100034251],[-90.70755699962416,38.90265199973608],[-90.70928499980302,38.90309300001467],[-90.71012099985418,38.90761100028689],[-90.7141980001779,38.90989199985395],[-90.72407300043317,38.90882500012539],[-90.72277399970142,38.912766000158236],[-90.72457800004824,38.915180999928005],[-90.73169499990473,38.91398899984079],[-90.73561099967164,38.915832000342434],[-90.7352419996007,38.919290999908725],[-90.72607600007333,38.922631999681535],[-90.72376399973838,38.92517500033654],[-90.72472199998828,38.92824899988783],[-90.7288410001448,38.931141000009305],[-90.74377000034195,38.93011799966269],[-90.7509549999705,38.92299899993292]]]}},{"type":"Feature","properties":{"GEOID":"29014","NAME":"State Senate District 14","BASENAME":"14","STATE":"29","SLDU":"014"},"geometry":{"type":"Polygon","coordinates":[[[-90.47318799996309,38.790977999824605],[-90.4822990001372,38.764348000141666],[-90.45012099991035,38.75259400012457],[-90.44909499988837,38.75107600022606],[-90.45691999974952,38.75167100020476],[-90.46041600029018,38.746897999670644],[-90.46885700009447,38.741818000041086],[-90.46409400040572,38.73626300014984],[-90.45726100023137,38.74019000001536],[-90.45666899967935,38.742723999873114],[-90.45309699986902,38.74382200032154],[-90.44717000006602,38.74143400025851],[-90.43927099968673,38.743275999930894],[-90.4320030002175,38.7375409997155],[-90.4297999996625,38.737441999924755],[-90.42925400003953,38.7290379999664],[-90.42072000034884,38.72904600015964],[-90.42075100031097,38.72703399972184],[-90.41831400030257,38.72487000031996],[-90.41405100020602,38.72273400020702],[-90.40729599984945,38.72229299971758],[-90.40884599975307,38.70762299976867],[-90.40081099982963,38.70295599997672],[-90.39617100016454,38.70335299985678],[-90.39620299995158,38.701491000170456],[-90.39416799962608,38.70149300028876],[-90.39418600006775,38.69879299997943],[-90.39120900028418,38.69872900005966],[-90.39289899992986,38.685844000174875],[-90.39401500036352,38.685988000083704],[-90.39462299991074,38.66106500000086],[-90.36664599985617,38.660849999794706],[-90.36661300024421,38.65813599966909],[-90.33467299966873,38.65670699978456],[-90.33503300041713,38.653062999714685],[-90.32874300039099,38.651361000046016],[-90.32941700006046,38.647192000313005],[-90.31608999964546,38.64588599979099],[-90.31490700016296,38.651594000263486],[-90.30285500019026,38.64948200027836],[-90.30182800034339,38.655641999829456],[-90.26524100043012,38.70189999971231],[-90.28546200022053,38.71144499994556],[-90.28065900034879,38.71888099992422],[-90.29001999986987,38.717954999667434],[-90.2925840000999,38.72507899974722],[-90.28992299978549,38.72504800007535],[-90.28989799967113,38.727324000273875],[-90.27681399982869,38.727324000273875],[-90.27787900020871,38.73466699998603],[-90.27094300010219,38.73463399967747],[-90.27089700007144,38.73664599979087],[-90.26452900022748,38.73843499974319],[-90.26514699982047,38.74198800016488],[-90.26903300034847,38.74157900018003],[-90.26925500010631,38.74331800027083],[-90.27562600032331,38.74107399985699],[-90.27692400033186,38.74940800034594],[-90.27419100004742,38.7488509999185],[-90.27485899986912,38.75351600033758],[-90.27230700023297,38.75347399969172],[-90.27221599999639,38.75677000009892],[-90.26986699985152,38.75675800026383],[-90.26986699985152,38.75889599998312],[-90.26732100006315,38.76014199990814],[-90.26569900018951,38.75961700026994],[-90.26610300042056,38.757620999721105],[-90.26151899993364,38.75761299992668],[-90.26400500034586,38.759969000107105],[-90.26440700002875,38.76402600023457],[-90.25901099978012,38.76394399985206],[-90.26060400023974,38.77086000012278],[-90.30775299959825,38.77279799998837],[-90.30522600007646,38.76999699968387],[-90.31178399989119,38.766702999804764],[-90.31278200032409,38.76827800023006],[-90.31480599988063,38.76760800022511],[-90.31573700036635,38.77124500003886],[-90.32369799977162,38.771955999679236],[-90.32485699986299,38.764736999677076],[-90.3399740003811,38.764874000218484],[-90.34385400016302,38.77329700007665],[-90.34932800022949,38.77385900000334],[-90.34939400035172,38.764718000307234],[-90.35139799981677,38.7647659998852],[-90.35279200008478,38.77326899993955],[-90.35057199981134,38.77685300027943],[-90.37653600018005,38.782102999959335],[-90.36891100033544,38.780911999715954],[-90.36431900035092,38.78560900005393],[-90.37447999993813,38.79072099975469],[-90.36697399991924,38.79956600026809],[-90.36927600020842,38.80111400025109],[-90.36634000043273,38.80525700029538],[-90.39511500000533,38.822683000231976],[-90.4231320002429,38.82876599989329],[-90.4340519998884,38.82873599979584],[-90.44166000001456,38.826321999876825],[-90.44955600002082,38.81989200020126],[-90.47318799996309,38.790977999824605]]]}}]}