{"type":"FeatureCollection","features":[{"type":"Feature","properties":{"GEOID":"37110","NAME":"State House District 110","BASENAME":"110","STATE":"37","SLDL":"110"},"geometry":{"type":"Polygon","coordinates":[[[-81.70193800014724,35.3771109996869],[-81.68986500025817,35.37393499990203],[-81.67227200027189,35.373896999645574],[-81.66434600012839,35.37108300013203],[-81.65685000015522,35.36522299989515],[-81.6478090003013,35.34770100001118],[-81.64149599981063,35.347684000255086],[-81.63449000028221,35.3505770000826],[-81.62906600044448,35.34915999966779],[-81.62246699972354,35.34425399969497],[-81.61634599975179,35.34515299993025],[-81.6169590002202,35.341441999905],[-81.61220400002907,35.335810000340686],[-81.60764600037972,35.33427799978632],[-81.60250399967597,35.33531000010895],[-81.59361500015804,35.32963399979015],[-81.59294300013839,35.327366999970224],[-81.59065199971984,35.327459000227826],[-81.59296999990256,35.32420599986566],[-81.59200499997996,35.32076299976115],[-81.59713300044001,35.32166800034307],[-81.59761100029088,35.315757000218674],[-81.60751499996015,35.315261999694386],[-81.60530800010551,35.31130600029056],[-81.5982249996859,35.307117999854874],[-81.59665700023895,35.300370000060774],[-81.59827099971665,35.29339099985329],[-81.56860999986414,35.29427900022212],[-81.55994800012692,35.285504000237204],[-81.55359899965123,35.28200700026489],[-81.5259990000635,35.27353299989461],[-81.49719400035367,35.27228600015397],[-81.46443600016866,35.26149699972018],[-81.4584340000226,35.256018000105286],[-81.45638000032883,35.25946300018138],[-81.45802899996666,35.26496700033743],[-81.46043099981497,35.26691600031294],[-81.45780800003372,35.269004999704016],[-81.45585499972397,35.27518900005592],[-81.45670500001884,35.27927899976319],[-81.45185199991842,35.28774000021366],[-81.45091399975999,35.29812100020796],[-81.4481129997035,35.30398199984715],[-81.43457100010167,35.303242999716495],[-81.42800200041627,35.31217400030311],[-81.41421999971658,35.308726999962566],[-81.41093199958839,35.305920999833326],[-81.40707799974575,35.30598499975407],[-81.40887799989463,35.31313099993687],[-81.40690200001863,35.31643299979457],[-81.39959500019137,35.318830000210475],[-81.39433500038515,35.318466999988985],[-81.39667699995901,35.331020000118194],[-81.39510699996391,35.3358779998108],[-81.38874599979266,35.336912000071024],[-81.37697000000449,35.334304000147995],[-81.3660229996965,35.33612900032308],[-81.35668200026694,35.33060399987621],[-81.36381300036713,35.32341899979202],[-81.36661799972325,35.31514599995522],[-81.35538099988536,35.29622800018315],[-81.35624500042393,35.28692400025414],[-81.35493499982151,35.27917000021101],[-81.32172899992285,35.26044900026251],[-81.32426399984055,35.24126900007852],[-81.3236679999889,35.18960499966615],[-81.32803700039065,35.163467000087714],[-81.26919500018636,35.16124700034613],[-81.265431999682,35.167034000105836],[-81.25923000041773,35.16917300002284],[-81.25084300014178,35.17949900019432],[-81.23737400033488,35.18175699967913],[-81.23842200009815,35.18851299977052],[-81.23717699979308,35.19104499997143],[-81.23333399982107,35.193756000303075],[-81.2269130002737,35.19360899974568],[-81.22312100035533,35.195454999792],[-81.22519199976753,35.20461700025876],[-81.22424799976133,35.21312900015185],[-81.21538400035774,35.21588100013893],[-81.21551599970391,35.224940000201535],[-81.21361900036896,35.22628299978415],[-81.21349600034533,35.2299129998827],[-81.215366999741,35.23536000017585],[-81.21018700030072,35.241755999649065],[-81.21285899958745,35.2426299998966],[-81.21270299995183,35.24397899993896],[-81.20876899974326,35.25152800027868],[-81.2067300001181,35.26174499999405],[-81.19392999995779,35.2654419996804],[-81.19223799976396,35.27870799990848],[-81.19503499962248,35.27866100002364],[-81.19516600004205,35.28137299982244],[-81.18785500001681,35.281462999840564],[-81.18799399993397,35.283643000277706],[-81.19581299994734,35.285741999902484],[-81.19318099994526,35.28848099997698],[-81.19208700015122,35.29649900031244],[-81.19563100037246,35.294991000224606],[-81.20468300009702,35.29824100031363],[-81.2088700000256,35.29565700034673],[-81.2117649997934,35.295762000163116],[-81.21661899971876,35.30068899984504],[-81.22611300020752,35.30469099965275],[-81.23143599976292,35.30398199984715],[-81.23630800012994,35.307524000023996],[-81.23872300039704,35.305896999758346],[-81.24252799983587,35.306997999718064],[-81.24789200029748,35.30507399990489],[-81.24944100037617,35.30835100025958],[-81.24762299978565,35.30996299971048],[-81.25236600028123,35.31182400002361],[-81.25648000041485,35.307533000055244],[-81.25873999997295,35.30760600019002],[-81.27161600030125,35.31629800014754],[-81.21438299955182,35.41084200019519],[-81.45560000035417,35.41981100000299],[-81.4586299998412,35.42331699965984],[-81.48138300007459,35.47150300015881],[-81.51300399990953,35.52331700020052],[-81.50946300006133,35.536050000144265],[-81.50921799983894,35.550351999685894],[-81.51542099982646,35.55829699972026],[-81.53734300003153,35.56419200033077],[-81.5466399999785,35.56478899982542],[-81.55567300033482,35.5622289999367],[-81.56091200022462,35.56297899997012],[-81.56640499965933,35.56003200034065],[-81.56709400029573,35.55823200003697],[-81.57294599975565,35.55850899977112],[-81.57909600003971,35.56215399998577],[-81.57741499971652,35.5664969998654],[-81.58054300001116,35.5675180002223],[-81.59137899999106,35.56507300003498],[-81.59551800023905,35.56796400025102],[-81.59516300041183,35.57045299990279],[-81.59776399955345,35.57125899998598],[-81.60719299974488,35.566830999634746],[-81.61742000035265,35.56545600014128],[-81.6186349996222,35.56723999984949],[-81.6329749996404,35.56535899999554],[-81.63342900010014,35.567292999663785],[-81.63543500011335,35.56496300028424],[-81.64896699966944,35.56160999978029],[-81.65674600039814,35.5653440001584],[-81.6603759999348,35.565373000182014],[-81.66219000032737,35.567545999838394],[-81.67096900024048,35.56677000027958],[-81.68006399962276,35.576380000267946],[-81.68440000041254,35.57715300030359],[-81.6868399998957,35.57929499996915],[-81.69017499987957,35.584314999681965],[-81.69267299998735,35.58298099995051],[-81.69216699964906,35.54611900004712],[-81.70193800014724,35.3771109996869]]]}},{"type":"Feature","properties":{"GEOID":"37005","NAME":"State House District 5","BASENAME":"5","STATE":"37","SLDL":"005"},"geometry":{"type":"Polygon","coordinates":[[[-77.20859100012464,36.24687300012413],[-77.1831439999649,36.24282499967278],[-77.008384000064,36.2391129997136],[-76.98573799996072,36.24210700022646],[-76.97139899976746,36.23813000029369],[-76.94382599994391,36.241387000301984],[-76.92822599955203,36.240131999693126],[-76.90338299963985,36.242985999680684],[-76.70658400025633,36.2437960003095],[-76.68946200044823,36.27098400009309],[-76.69481299959273,36.28502300017774],[-76.6965709999088,36.296137999907536],[-76.68332200020991,36.30146900020605],[-76.68060200034428,36.300009999892055],[-76.67517199976044,36.30139599997998],[-76.67571999993153,36.30330499995349],[-76.67247199998629,36.303333999817625],[-76.67548999977775,36.30443899968935],[-76.67596799962865,36.30617999973219],[-76.67226899959671,36.30699099983815],[-76.67490599962166,36.30895400005466],[-76.67374200040574,36.31107400001257],[-76.67207600015116,36.31051999994004],[-76.67233600044217,36.312448999827936],[-76.66985199967976,36.31534799998897],[-76.66746900009804,36.3137989996912],[-76.66508399996816,36.31597599978215],[-76.66436699974265,36.31365400017769],[-76.66250700021766,36.314509999881984],[-76.65937600044828,36.31312399978625],[-76.65765499994212,36.31469599980254],[-76.65431300028555,36.31419100017593],[-76.65461600023427,36.310683999856884],[-76.65156499993253,36.31061499972643],[-76.64971600027818,36.31795099967847],[-76.64687800041176,36.32008300008739],[-76.64221699993196,36.31980099965302],[-76.64250599963695,36.32293500024292],[-76.63930999957026,36.32979900012229],[-76.62284100041356,36.32885299992733],[-76.61307199956516,36.32396599993571],[-76.59660300040845,36.32325900009974],[-76.59409500025492,36.324789000041704],[-76.59278600037574,36.33029200033172],[-76.58603500021715,36.33359199988974],[-76.57595499992247,36.3353369997636],[-76.57075600021562,36.33429499966036],[-76.55688099962953,36.355204000246246],[-76.53902900007547,36.35731300008426],[-76.45371100021471,36.378092000080436],[-76.44760199993854,36.363685999756456],[-76.40172999977388,36.30161900034699],[-76.39796899981764,36.300402000199],[-76.3946649997959,36.296807999883214],[-76.39510800038502,36.292609999815426],[-76.39179000011958,36.290728999752965],[-76.39194499993027,36.28748500006694],[-76.38645999999318,36.283588999906264],[-76.38121799973031,36.2758499998132],[-76.37712600023629,36.27563999984155],[-76.37581200033424,36.27407799987206],[-76.37793899982294,36.26926099982133],[-76.3748800000236,36.258653999713886],[-76.36060000027986,36.252415000050675],[-76.34744899959196,36.249789000348905],[-76.34336299994573,36.24677900001985],[-76.34353600019809,36.24325399998433],[-76.34061200011794,36.24142499998877],[-76.3372920002027,36.24078999967025],[-76.33222599966693,36.24443800016832],[-76.32479400016618,36.24044199993638],[-76.31723000042092,36.240169999990066],[-76.31467399968852,36.232711000180174],[-76.3071810000884,36.230319000271244],[-76.30702600027769,36.22753199986827],[-76.30419300043415,36.22596300001403],[-76.30365000028594,36.221729000217515],[-76.29024400022823,36.223358000096816],[-76.2899119999672,36.21820100013929],[-76.28503499957732,36.21578800010934],[-76.28841099956907,36.21357999997346],[-76.28698500041234,36.21053600009641],[-76.28010100018435,36.20319000029242],[-76.27930500031614,36.198243999970764],[-76.27328399990353,36.195178999908805],[-76.27192800016866,36.1857229999722],[-76.25988000039393,36.17952700014345],[-76.2514079997292,36.1694889998712],[-76.24032400005215,36.16375599968922],[-76.23488599997071,36.155128000181904],[-76.22868499963303,36.149892000204495],[-76.2238039999435,36.13966900015724],[-76.21550700007926,36.13036099966068],[-76.19466799979755,36.11773799972173],[-76.18274899989424,36.11421199984809],[-76.17874299971565,36.11119299966217],[-76.15795299983776,36.05951699990028],[-76.10106499976811,36.06952600014729],[-76.07607399971793,36.075628999932945],[-76.058217000141,36.080592999965134],[-76.0226069998459,36.09672499967813],[-76.02239799960851,36.086653999723964],[-75.9504590000413,36.08795800000666],[-75.906294999964,36.085876999752195],[-75.89671099996187,36.125162999647934],[-75.8870750000812,36.15350099972657],[-75.88840900007474,36.16466799995466],[-75.89415199975473,36.17530400014033],[-75.9026699995519,36.183369000144886],[-75.92026599991124,36.19341300030368],[-75.92741799992783,36.20182200015748],[-75.92976399969965,36.20836199983002],[-75.92956700005615,36.21941899972087],[-75.9315270000386,36.23035500030453],[-75.93451200021809,36.23793900030337],[-75.94249000024013,36.24302700021924],[-75.95287000011045,36.25319700006194],[-75.96323300026235,36.2584709997644],[-75.96374299990029,36.263959999806495],[-75.9620890002396,36.26735700024056],[-75.94908700041292,36.27384400026739],[-75.95042499970612,36.280356000298625],[-75.94832099978363,36.284893000125244],[-75.95509799988149,36.28932300012084],[-75.96146900009849,36.287435999897326],[-75.96663099999542,36.28955699966435],[-75.96974300039652,36.29570600010503],[-75.9695099998697,36.30565200013859],[-75.97104499970469,36.30833300027747],[-75.97584900029965,36.310345000297204],[-75.99252199967087,36.308429000261924],[-75.99965100012123,36.311173999645426],[-76.00187200021959,36.31512699975739],[-76.00236099994113,36.324205999678874],[-76.00791399965028,36.32864800017483],[-76.01638999961469,36.32725599994293],[-76.02042699975543,36.332802000355464],[-76.01692699991511,36.3382129999475],[-76.01681099956416,36.344450999904765],[-76.0195859996814,36.34589000015275],[-76.0228470000454,36.34519399981643],[-76.02547800022258,36.340574000051525],[-76.03167399963908,36.33859700031695],[-76.03344600019886,36.34131200001539],[-76.02868299961179,36.34407999980865],[-76.02842300021912,36.348202000167596],[-76.03710900024579,36.35542499966749],[-76.04177499985016,36.355385999942854],[-76.04603000044911,36.35834600013174],[-76.0492609997776,36.35644799987838],[-76.05037999968597,36.3595159996453],[-76.0535630002322,36.360162000191075],[-76.05599699986756,36.35818999973585],[-76.05555599982661,36.35535900028903],[-76.05817899960785,36.35454899980824],[-76.05920899982779,36.3520010001561],[-76.06471100038165,36.351296999705525],[-76.06281999999618,36.34917500016761],[-76.06368899965932,36.347450999867895],[-76.06892800044746,36.347869999746266],[-76.06826599957525,36.349525999666845],[-76.07187599991872,36.34997100014391],[-76.07391799991692,36.346123999978786],[-76.07599099987726,36.346843999874984],[-76.07487500034192,36.34859999999686],[-76.07828399994563,36.34706399994236],[-76.0798930002988,36.34887999984289],[-76.0814499998751,36.34810400013386],[-76.08488699996623,36.35213200034213],[-76.08642699982411,36.34966500032147],[-76.09054900035366,36.35212399995053],[-76.09320999976974,36.35074000013171],[-76.09773099960915,36.353521999837895],[-76.10665299963738,36.35453099984649],[-76.11444400006165,36.35763599968003],[-76.12181000033848,36.371087999956124],[-76.14762599967088,36.39446299983231],[-76.15747199961382,36.39817800027288],[-76.15853199997099,36.425333000225486],[-76.31330299988505,36.550520000045516],[-76.91589900011805,36.552149000117296],[-76.9172260004389,36.54625299967956],[-76.91597699993585,36.543884000300785],[-77.1529199998727,36.54412999966115],[-77.16437699981861,36.5463290003227],[-77.16387600040152,36.5441179998689],[-77.16044400033327,36.54200499989869],[-77.15761200031464,36.54297099964474],[-77.15726199961196,36.53994000025454],[-77.15488800025105,36.541396000194105],[-77.15273699957457,36.53967899977146],[-77.1509709997609,36.5405280001719],[-77.15152099958182,36.53841399988519],[-77.153350000043,36.53795200017103],[-77.14937400000161,36.53653500007081],[-77.14869500030929,36.53405700003201],[-77.15073300010953,36.53334399992379],[-77.15044299968132,36.530479999699715],[-77.15255300034988,36.529780999889],[-77.1485069999883,36.526808999967024],[-77.14853100027776,36.525086000212994],[-77.1353629998714,36.52374500017658],[-77.13124200006507,36.52233800025938],[-77.12703300039519,36.51810900012906],[-77.12284800011645,36.520434000125434],[-77.12112300031065,36.51923900002373],[-77.12180600020095,36.52214199968059],[-77.11887999957267,36.52318000018384],[-77.11411900043207,36.52150199968102],[-77.11442099965755,36.51829499969636],[-77.10328199972892,36.516647999693845],[-77.10322700037565,36.52104699974972],[-77.09905499961738,36.51702000035126],[-77.09576200036463,36.51647300033226],[-77.09279599955339,36.51816999965604],[-77.08696699965968,36.51353600027465],[-77.0834269996364,36.51320100022099],[-77.08327100000078,36.50723199989079],[-77.08087199962722,36.50719399986286],[-77.08515099961728,36.50528999970052],[-77.08403400025703,36.50097700031681],[-77.0857080000092,36.50025900015487],[-77.07997500037497,36.49638400002435],[-77.07799799977579,36.49761299964537],[-77.07688100041553,36.49602900007332],[-77.07467000036293,36.49623499998679],[-77.07400199964293,36.49951499985643],[-77.07156299998469,36.49741999976961],[-77.07006099976167,36.49875500015286],[-77.0664520001414,36.496968000310915],[-77.06992799969225,36.49454200007253],[-77.06711199956716,36.49236299995326],[-77.06938200006931,36.489351000226875],[-77.06873900036199,36.487231999735585],[-77.06628399991192,36.48718700008879],[-77.06762600030137,36.48477300004801],[-77.06634800038431,36.4831670003251],[-77.07091299970635,36.48349300011142],[-77.07129699984593,36.479268999729236],[-77.07497900015942,36.481044000359425],[-77.0743940001784,36.47812999991676],[-77.07673499992735,36.48056200003022],[-77.07993600001693,36.47880400031236],[-77.08292700004421,36.47668300013329],[-77.08128199970604,36.474875999867116],[-77.08363800042191,36.47230099992797],[-77.08537200044854,36.475454999705434],[-77.09167300034534,36.471681999978145],[-77.0936209997339,36.47232599988277],[-77.09993000002662,36.479095000064454],[-77.10144599959504,36.47715399967023],[-77.1073909998397,36.47578300032192],[-77.11233799965144,36.477720000150036],[-77.11458499968907,36.47389000018044],[-77.11952499982814,36.47398199993744],[-77.12295900044452,36.471218000328875],[-77.12652899970672,36.46396099975557],[-77.13701400005736,36.45590799992673],[-77.13652500033581,36.447402000237346],[-77.13159100004454,36.44151100019485],[-77.13133900014945,36.437806000034435],[-77.17853299971378,36.31702500027829],[-77.20859100012464,36.24687300012413]]]}},{"type":"Feature","properties":{"GEOID":"37051","NAME":"State House District 51","BASENAME":"51","STATE":"37","SLDL":"051"},"geometry":{"type":"Polygon","coordinates":[[[-79.54474199979948,35.409318999669615],[-79.54364999965527,35.291536000069655],[-79.42660200017963,35.28903900008668],[-79.33805200026715,35.289423999918725],[-79.34204099982902,35.280869000072485],[-79.34222599977694,35.27432899981711],[-79.33689300017579,35.27310600013445],[-79.33726300007166,35.262204000246655],[-79.34739199987182,35.23260000015333],[-79.3395119997591,35.23589399978105],[-79.3357049997721,35.23519500009805],[-79.32776399956002,35.23687999964613],[-79.33621899960801,35.22957400009112],[-79.33923099955169,35.22210899980989],[-79.33639100003548,35.2186219998254],[-79.33563000032736,35.22021300010686],[-79.3275440003503,35.21664199979726],[-79.3313660004059,35.210385999901085],[-79.31752099995703,35.20724600012492],[-79.29833500040942,35.196134999993944],[-79.33543699998351,35.16158099990756],[-79.32853500021218,35.16152100007422],[-79.32932500023259,35.16446699991866],[-79.32399799958093,35.166868999954126],[-79.31229999961057,35.168484999760274],[-79.31053999964467,35.172964000278654],[-79.30462299988743,35.17520499992751],[-79.30431499991586,35.17711800010679],[-79.2944749998207,35.18475499970142],[-79.29278699982481,35.18837100036102],[-79.29111999974533,35.187589999907466],[-79.28630600000295,35.19060099998022],[-79.28435600006625,35.19022399980256],[-79.28504700035246,35.192893000019694],[-79.28148499968958,35.19522600005666],[-79.2770790003762,35.19551100019643],[-79.27523099964844,35.19788999987746],[-79.26455899970006,35.19918300013354],[-79.25953400007047,35.20449400030298],[-79.25565900031144,35.202926000254685],[-79.24961199995955,35.20743600010336],[-79.24673499973508,35.21305799997536],[-79.24311900044214,35.213810000241054],[-79.24074199980986,35.21196900013561],[-79.24212100000926,35.20934399992213],[-79.24095299969707,35.20854799971505],[-79.23667600025512,35.21075300029376],[-79.22971199966118,35.21060200033506],[-79.22351100022182,35.20207000025782],[-79.21975600011339,35.2023920002399],[-79.21831699963953,35.19833800034802],[-79.2117670002207,35.19398100035641],[-79.20805899996793,35.19482199983758],[-79.20620899959033,35.19365700034644],[-79.20422500021677,35.19571899968269],[-79.2042980000117,35.19264099968522],[-79.19600199997237,35.19303999967025],[-79.19507700023273,35.19159099978901],[-79.1948909995616,35.194420000245664],[-79.18903999992659,35.192352000253486],[-79.18859300003784,35.19405700033479],[-79.18504100031899,35.19370299973325],[-79.18375599983092,35.190729999791195],[-79.18112999967664,35.189770999832206],[-79.17864900018559,35.18988799989142],[-79.1782680004191,35.19183099966119],[-79.17521399974429,35.19305999994174],[-79.17239400031956,35.191506999886464],[-79.17265299988732,35.186284000062834],[-79.16795999962046,35.18506399976072],[-79.1683289996914,35.181383000351765],[-79.16195499999968,35.18045200009808],[-79.16150599956279,35.17872299986574],[-79.15934200026416,35.17946299971467],[-79.16040900029402,35.18246899989646],[-79.15641300016115,35.179947000016085],[-79.15444300013297,35.18072499970968],[-79.1549739996873,35.176630000307945],[-79.15183299987218,35.17414700010585],[-79.14762699967706,35.17617399996678],[-79.14889299989854,35.17308999984533],[-79.14284399989683,35.16901199972103],[-79.13710000039194,35.17174700015881],[-79.13616300005843,35.17719699988897],[-79.1318609996038,35.17747799988625],[-79.129550999817,35.17573100030973],[-79.13153900028684,35.1739839999045],[-79.12816300029509,35.171562999738036],[-79.12756499989528,35.16767200003924],[-79.12478200028048,35.16657300005803],[-79.11987300010352,35.171702000222105],[-79.11007499984116,35.170537999862326],[-79.10753400007567,35.17585200033636],[-79.10441099980392,35.17520900027269],[-79.10338300013211,35.172712999942156],[-79.1010950000866,35.17190900031228],[-79.09755099986536,35.17423299979204],[-79.09626200007767,35.17785799988188],[-79.09872000000247,35.18409499997389],[-79.09814300041738,35.18859499998859],[-79.0958079996179,35.192067999922095],[-79.10076100017578,35.19635900023909],[-79.12049200041973,35.204843999765515],[-79.13463900009407,35.20682399981872],[-79.13794499976564,35.21140600028438],[-79.15125499956388,35.21369900002129],[-79.15409800035148,35.2198829996507],[-79.15388099971818,35.229225999688914],[-79.15918800027838,35.233003000143675],[-79.16510800040865,35.2409249999993],[-79.17868000014772,35.247787000037015],[-79.18689099979825,35.247339000288505],[-79.19354400004755,35.250128999662486],[-79.2025229999772,35.25818100000681],[-79.22302099977703,35.26813300005022],[-78.96963999974733,35.52166899991402],[-78.98388100003129,35.53558299977283],[-78.99084800009997,35.54018999979274],[-78.99730200015765,35.542467999856385],[-79.01469199975433,35.54369600019098],[-79.02400100029517,35.54837699968771],[-79.03629900031515,35.56187600000356],[-79.0459190003023,35.56866999972992],[-79.04735799987783,35.57222700013843],[-79.04664200037557,35.578039000335345],[-79.05156900009585,35.58497500014014],[-79.05233499982683,35.59587200020322],[-79.06913100012,35.60928299982499],[-79.07774699982649,35.6140369997124],[-79.09311600023968,35.61885899973153],[-79.10014400040772,35.623613000043775],[-79.11179799999714,35.62278999970725],[-79.11584199981058,35.62759500009762],[-79.11958299967532,35.6282220002458],[-79.12577499979216,35.62386399967802],[-79.13856599973165,35.62404299997449],[-79.14252099985663,35.622730999953134],[-79.1500600003858,35.6170589997318],[-79.1578879997217,35.60359499992774],[-79.18350999978362,35.584376000288955],[-79.18612300041747,35.58032700007016],[-79.2008540002479,35.57667799998001],[-79.20183000004116,35.573176000059675],[-79.19906900016764,35.563923000027884],[-79.19988599995224,35.55855799985138],[-79.21443900040576,35.55568699989992],[-79.22447899961914,35.55081100020934],[-79.22652900001327,35.554156000323225],[-79.22122099962817,35.55959800030529],[-79.2193350001639,35.56648899987133],[-79.22336100043398,35.56868600001241],[-79.23107499996706,35.56801200005041],[-79.24074199980986,35.570517999903686],[-79.24418800012181,35.56972099966929],[-79.24283800023473,35.559928000004064],[-79.24519900007517,35.55296100019153],[-79.26094000003405,35.53713900018503],[-79.2678419998054,35.53258699986592],[-79.27628299960968,35.53196999978868],[-79.28610900035946,35.53898400009532],[-79.29061000010739,35.54009800031892],[-79.2917869997421,35.54272000025134],[-79.2909359996223,35.54539800007993],[-79.2820150003173,35.55180199979017],[-79.28459799991559,35.55499899969694],[-79.28818700034269,35.555040000055094],[-79.29405300004629,35.552690999661],[-79.29844400018936,35.55355599970711],[-79.30273300022519,35.55236400029396],[-79.30349899995616,35.5485459999429],[-79.31355400013648,35.54442199965717],[-79.32375400008178,35.543994000116676],[-79.32344799976,35.542224000355446],[-79.31098300023378,35.532213999778584],[-79.32286600015205,35.52431999999778],[-79.33456099974937,35.52514900019921],[-79.33917600019842,35.52111699980887],[-79.34835699979442,35.51985000005077],[-79.35007300027769,35.51800200031117],[-79.43004099992058,35.51689099967124],[-79.42572599994547,35.497375000314385],[-79.40958099975555,35.47002199968252],[-79.40059699980304,35.458000000238506],[-79.40170099964281,35.44761700027887],[-79.39888899971568,35.440082000334286],[-79.40676600035367,35.425701999834125],[-79.40748000020612,35.40856599965439],[-79.54474199979948,35.409318999669615]]]}},{"type":"Feature","properties":{"GEOID":"37083","NAME":"State House District 83","BASENAME":"83","STATE":"37","SLDL":"083"},"geometry":{"type":"Polygon","coordinates":[[[-80.78709100009115,35.49498400005148],[-80.78189499985903,35.483818999846996],[-80.77933099962901,35.47201199986807],[-80.77338399973455,35.463148000235606],[-80.77297399965572,35.457679000057574],[-80.76490899959506,35.44096799982384],[-80.7475709998769,35.4421960001243],[-80.70810799956406,35.437280000121994],[-80.68824800034699,35.43707300011768],[-80.69189999962495,35.4467980000824],[-80.68631799960345,35.44482300002993],[-80.68400899964156,35.44090600020826],[-80.6832449995604,35.448627000178135],[-80.67479999955815,35.45075800020056],[-80.67571400032546,35.453388999962705],[-80.66990899982287,35.451191000126315],[-80.66145999962266,35.45754199973629],[-80.65545599982678,35.455021999835886],[-80.64920599998362,35.45506900032286],[-80.64482999990918,35.449922000334844],[-80.64382700035173,35.44609599986702],[-80.64044600033709,35.444776000144934],[-80.6359189997516,35.446263999875406],[-80.63891599962665,35.450954999652886],[-80.62570700011074,35.45559199971708],[-80.6204389999086,35.4477240002019],[-80.61506299975144,35.449248000206865],[-80.61276999968307,35.44525200023402],[-80.60976100011243,35.44892599986866],[-80.60573700039048,35.44686200033538],[-80.60054799983106,35.44847399971108],[-80.60046699964023,35.44999800014931],[-80.60358099969115,35.4498479996955],[-80.60553900002378,35.45256100000032],[-80.60266199979931,35.454156000101285],[-80.60265799960135,35.4514500003051],[-80.60065699961102,35.451808999866664],[-80.60089199978765,35.45297099978107],[-80.59637699979602,35.45588200027635],[-80.59436699958488,35.45560900014965],[-80.59309200004087,35.458968999669494],[-80.59633599978815,35.4583089997977],[-80.59516199962819,35.45943499979004],[-80.59635199968166,35.46503200003311],[-80.5932190002625,35.465563000321545],[-80.59250500041004,35.46410399972934],[-80.58814799970385,35.465840999643454],[-80.59035200008375,35.468625999881674],[-80.58528800009613,35.471238999711915],[-80.58589999984132,35.473528000211495],[-80.58359199970432,35.47821899992925],[-80.58695699982543,35.48189000034627],[-80.58351300006163,35.482796999895854],[-80.57974000040983,35.48100100022575],[-80.57725900002049,35.49130300029619],[-80.57060199957321,35.50331799979909],[-80.46168899958012,35.502359999900676],[-80.45658799978257,35.57262299975232],[-80.47151100013194,35.573564000078896],[-80.47875500021004,35.576816999986306],[-80.49524799965619,35.5654339998699],[-80.49916699979616,35.56511299997331],[-80.50482699963544,35.56864599966553],[-80.50094699985355,35.5756139996423],[-80.50080600028656,35.586220000008936],[-80.49734200043125,35.59586400022121],[-80.51802699982885,35.59576399964761],[-80.54229499980575,35.601684000096554],[-80.54642800020596,35.59544300003733],[-80.59453599963928,35.606665000024506],[-80.5935790001126,35.652363999916446],[-80.60008099985085,35.65031299979595],[-80.60786200022936,35.65073899973026],[-80.61365699978788,35.648765000267865],[-80.63806500040518,35.64675900020259],[-80.64413600014821,35.649061999739956],[-80.66113400010775,35.64923400012388],[-80.6680099999398,35.64473500022656],[-80.6689799998853,35.635831000040504],[-80.67492500012995,35.63312099969939],[-80.68739399985415,35.6235239996555],[-80.71014799991244,35.62296399973123],[-80.73829800021939,35.617439000313986],[-80.74489299984405,35.617749999887046],[-80.75454399979333,35.612081999776],[-80.75546000021046,35.60728399964573],[-80.73979700006937,35.54414500022043],[-80.74217600035146,35.54082200028558],[-80.74082599956608,35.53215499979214],[-80.7372930001138,35.524897000169034],[-80.73724899973287,35.50580100005159],[-80.78416700001101,35.50601700000855],[-80.78709100009115,35.49498400005148]]]}},{"type":"Feature","properties":{"GEOID":"37034","NAME":"State House District 34","BASENAME":"34","STATE":"37","SLDL":"034"},"geometry":{"type":"Polygon","coordinates":[[[-78.68108100014092,35.8432099999414],[-78.66858599957915,35.83450600018401],[-78.66284000042442,35.81838799993656],[-78.65262899971017,35.8149640001765],[-78.6459550004428,35.804078999667546],[-78.65557500042995,35.80927900034029],[-78.66015200034586,35.800039999746076],[-78.6629860000143,35.78936200035828],[-78.64292699970727,35.7883850000431],[-78.64153699963724,35.79819700028442],[-78.63039500023388,35.80367299974343],[-78.62431600009494,35.80460999982249],[-78.61574200022125,35.81932100004294],[-78.61223999983281,35.82134799967443],[-78.61062299998204,35.82063799984757],[-78.60511100028074,35.814330000298156],[-78.5909930000204,35.8210910003134],[-78.58615400016369,35.82601700004838],[-78.5801779999569,35.8398490000572],[-78.58038999966901,35.84988099997892],[-78.59303199964558,35.847802000044545],[-78.60158499960285,35.84904200033293],[-78.59940399968747,35.85294900008317],[-78.60017899963928,35.85583300033932],[-78.59741100009306,35.85988500013125],[-78.59120800010557,35.85541400018034],[-78.58096499960428,35.85512199998532],[-78.58163900017206,35.86831000005534],[-78.57272899983938,35.8798679996875],[-78.57638500021362,35.88396300027378],[-78.59061300007883,35.88404200002165],[-78.6005800003956,35.886017000130806],[-78.60261700037093,35.89019799987742],[-78.5995459999777,35.895615999749154],[-78.59355899990025,35.89270699983051],[-78.59060399985799,35.89301499983131],[-78.58982300005839,35.89789899999695],[-78.5875779996706,35.898459000021894],[-78.58374599956926,35.90334199997357],[-78.6006580002134,35.9080680002728],[-78.60324800038269,35.90354099963995],[-78.61165499985178,35.89634700018107],[-78.61887700018858,35.89541199967622],[-78.62685000018772,35.892048000291375],[-78.62750200011588,35.886615000191874],[-78.62509699989452,35.879552000310504],[-78.63438299997084,35.8799590000597],[-78.64241299987137,35.87836599987626],[-78.6457789998174,35.87899600010613],[-78.6461959995689,35.88223500018081],[-78.65532699983451,35.88171699973697],[-78.66002000010137,35.88452899999777],[-78.66360199995745,35.870765000287015],[-78.6794740003359,35.87297099982034],[-78.68108100014092,35.8432099999414]]]}},{"type":"Feature","properties":{"GEOID":"37061","NAME":"State House District 61","BASENAME":"61","STATE":"37","SLDL":"061"},"geometry":{"type":"Polygon","coordinates":[[[-79.90221799988198,36.0925600002064],[-79.90082100013923,36.08755100019463],[-79.89060799977517,36.0900320002782],[-79.888461000195,36.088960999997305],[-79.88863299972411,36.08677700001044],[-79.89760699963088,36.076695000057086],[-79.89373100004694,36.076515000254574],[-79.8937219998261,36.07029500029208],[-79.8915459999336,36.06699700031609],[-79.8988329996694,36.06700099986437],[-79.8999669996464,36.06481500003831],[-79.89014900019086,36.05702699985763],[-79.89123399976407,36.05656100003725],[-79.87068900010854,36.048929000230416],[-79.85940500041497,36.04881499991859],[-79.84072699995717,36.044275000133375],[-79.83589999979598,36.04817299989637],[-79.82692199969127,36.06014400001096],[-79.82391200029572,36.06177299992023],[-79.79067100023698,36.067660000359034],[-79.79205799993397,36.06577600017842],[-79.7914190004246,36.05531799984427],[-79.78417399962328,36.05454399977977],[-79.78095300034053,36.05619099986026],[-79.78075099977586,36.05796499994629],[-79.76801799956272,36.05739299969871],[-79.76921199981415,36.04635700017526],[-79.75366599984893,36.047557000308764],[-79.74739900028734,36.051718000276104],[-79.74723799973054,36.059875999936835],[-79.75084899989893,36.05993699999874],[-79.75083499965523,36.06207799966545],[-79.7430669996955,36.063618999871686],[-79.73678900026323,36.06217799964598],[-79.7381109996629,36.06543699978706],[-79.73692300015752,36.0690359999918],[-79.72731099966799,36.06980899997581],[-79.73117499955637,36.075932000139304],[-79.72969300032314,36.07861200020119],[-79.72630200026276,36.0786519999329],[-79.72579000007669,36.081797000272275],[-79.7274310002169,36.08183300031598],[-79.72806999972629,36.08514800030215],[-79.72657099987629,36.08606600033443],[-79.7422719996522,36.084887999931375],[-79.73526500029888,36.09395199965773],[-79.745791999584,36.09556200017056],[-79.74648700006819,36.09245900009201],[-79.75647000027848,36.09302900030165],[-79.75681900025793,36.08510299978298],[-79.75823400044234,36.08464500022872],[-79.78433500018006,36.08581299980928],[-79.77982600003622,36.1019859999331],[-79.78712100016794,36.10270800032494],[-79.7994879997849,36.103207999747724],[-79.81769599988944,36.097273999729154],[-79.81939599958088,36.099884999940066],[-79.82741499961077,36.09938700009516],[-79.8320409999305,36.098421999734335],[-79.83167100003463,36.095351000175306],[-79.83396099972994,36.09821700000428],[-79.84055500042803,36.09900200012729],[-79.84558900027842,36.104263000340346],[-79.84933199979298,36.105906999732014],[-79.85272799987624,36.10664100023166],[-79.85695800036083,36.104194000153974],[-79.86453100032688,36.10700300029221],[-79.86560900022738,36.105339999685754],[-79.87281099957438,36.10515099972862],[-79.8729179997045,36.10111300011984],[-79.87884000038292,36.1013679996515],[-79.88235699994168,36.10303600019504],[-79.88161600032505,36.104126000047714],[-79.88816599974388,36.10456800004904],[-79.89241299994691,36.099395999726845],[-79.89917300032634,36.099341000268],[-79.89888700009607,36.09489100029288],[-79.90221799988198,36.0925600002064]]]}},{"type":"Feature","properties":{"GEOID":"37001","NAME":"State House District 1","BASENAME":"1","STATE":"37","SLDL":"001"},"geometry":{"type":"Polygon","coordinates":[[[-76.84726399967423,35.71998199984294],[-76.84461999997657,35.705718999908754],[-76.54562100022541,35.7050839997541],[-76.26924699976277,35.69075399995989],[-76.29789900021005,35.60889499979353],[-76.28583899984145,35.604463999929806],[-76.28141000006353,35.606325999788226],[-76.27683399997254,35.605175999765095],[-76.27014999976112,35.60805799988523],[-76.26535799976004,35.60325699973702],[-76.25613600015616,35.60376700028053],[-76.2522539998261,35.60609500021343],[-76.24682699961532,35.60255600014309],[-76.23914599969422,35.60265500035182],[-76.2295569996692,35.59972800000824],[-76.22553600032032,35.601839000021876],[-76.22413799985435,35.59981599990102],[-76.21574399990573,35.59799799996344],[-76.20800799973303,35.6035620002594],[-76.20517900008747,35.607834999715074],[-76.2075829995856,35.60999199967263],[-76.2064210000195,35.61126299976699],[-76.20232600015242,35.60949500004859],[-76.20325400026512,35.61150099983488],[-76.20132199987178,35.61257399971971],[-76.20151699986543,35.61520399967314],[-76.19815500011738,35.617041000155254],[-76.20013500019132,35.61747700019991],[-76.19991199971024,35.61897899994634],[-76.19562000019968,35.620329000178714],[-76.19577900020835,35.6216950001716],[-76.1997269997623,35.622478000352785],[-76.19645600025086,35.62323800005902],[-76.19649200023586,35.62837800018606],[-76.19475400001127,35.628553000051575],[-76.19482400033148,35.631074999877974],[-76.19691099963721,35.63108199970221],[-76.1987540003421,35.63402899975488],[-76.19630999976269,35.63321000035616],[-76.1974520001356,35.63623900016746],[-76.1942419998252,35.6358369999501],[-76.19278399998309,35.64059000024355],[-76.19472800007202,35.64115000007771],[-76.19340099975115,35.645608999786944],[-76.18434700037677,35.648624000264626],[-76.17782800002176,35.65493299967482],[-76.18022999987008,35.65654299967105],[-76.17875799978427,35.65972699973557],[-76.18164400022957,35.66649900016412],[-76.17585899981849,35.66480499984919],[-76.17569499978696,35.672366999655914],[-76.16950299967012,35.67251400014057],[-76.17549200029568,35.6786009998085],[-76.17188100012729,35.681974000025065],[-76.17617299963784,35.68502499992152],[-76.17647099956368,35.688948999764996],[-76.17477300042037,35.69123099970271],[-76.16824700039268,35.69049200025795],[-76.16689199958442,35.69172899982263],[-76.17250399974313,35.6949500001242],[-76.1728329996311,35.69655199978878],[-76.16821700025545,35.6989009999278],[-76.164278000024,35.69591700030698],[-76.16198099975767,35.696080000056654],[-76.14202299973297,35.702851000083804],[-76.13704499995907,35.69985300019798],[-76.13007200004263,35.690779000142676],[-76.12268300019959,35.69328099975372],[-76.11826799976706,35.69190799982105],[-76.1207199998441,35.68230499968617],[-76.1186929999145,35.679184000277914],[-76.11461499976589,35.67798100032961],[-76.10508099999247,35.67867399997041],[-76.10195199987291,35.67646999991126],[-76.09970700038343,35.67109700029033],[-76.09537800016463,35.669363999932436],[-76.09163999977464,35.67025200009621],[-76.0853709996649,35.67489799995143],[-76.07339300021037,35.671816999710586],[-76.06109500019039,35.67522200017027],[-76.05697600003388,35.674005000181694],[-76.0427489999936,35.66383500024919],[-76.03556400036504,35.6614950002254],[-76.03158900014859,35.66302399966436],[-76.0274790002129,35.66884899982844],[-75.90134200030445,35.66895199967717],[-75.89801399999328,35.66041699972042],[-75.8904960002788,35.65225899979168],[-75.89007899962895,35.64731899987106],[-75.89168700015719,35.64377999969054],[-75.88825300043914,35.64247099989572],[-75.88833600027982,35.64020699966022],[-75.88465999981409,35.63840900026545],[-75.8822599996156,35.63316299975096],[-75.87911600032575,35.634570000042466],[-75.8733950003871,35.634257999930874],[-75.86747199988376,35.62802800003592],[-75.86453699993297,35.62856300032438],[-75.86387199958602,35.62956899976382],[-75.8587099996891,35.63205600024765],[-75.85708100014277,35.632255000079645],[-75.86787000026702,35.62682999994036],[-75.86424700040305,35.624299000122264],[-75.8632570003661,35.622799000309534],[-75.871861000377,35.62801700010026],[-75.86948600029287,35.61763000001898],[-75.87290199956928,35.61349500019023],[-75.87164000044406,35.60934100017626],[-75.8690739996659,35.607197999643816],[-75.86345700038264,35.610070000300254],[-75.86030599962346,35.608643000082786],[-75.86168599964778,35.60866400033244],[-75.86103799991757,35.607010000166966],[-75.86390000007341,35.608168000336285],[-75.86665599992406,35.60351700029135],[-75.8681370002307,35.60511000025811],[-75.86971800009646,35.60430199999958],[-75.8670590003302,35.603082999933555],[-75.86529599999125,35.60333100000889],[-75.8570269997161,35.59543099999966],[-75.8576679997736,35.58758299986008],[-75.85624699974142,35.585345999983986],[-75.85266700043347,35.58377600019161],[-75.83847100035534,35.58646199977538],[-75.82831900009063,35.59315899989306],[-75.81949099977373,35.590429000022546],[-75.8177149999143,35.59360600035216],[-75.81953900035262,35.60125600033639],[-75.81915600003799,35.602651999882525],[-75.81673999994595,35.6040759999007],[-75.8192770004118,35.60118999978741],[-75.81719699988044,35.595463000096146],[-75.81367000027596,35.59190800025892],[-75.81185300040865,35.58431199998627],[-75.8196299996909,35.580276999958365],[-75.82538300031494,35.580628000273606],[-75.82398300019914,35.57752300035748],[-75.8259940002352,35.57468099992336],[-75.83291000025024,35.57405900016234],[-75.83732800015748,35.57054599993279],[-75.82301999992636,35.570290000241954],[-75.77866500005335,35.57747700013576],[-75.77589800033203,35.58112500017224],[-75.78311499974765,35.58801899971829],[-75.78398099993605,35.595802000333165],[-75.77693299967653,35.60007699989384],[-75.76977999983504,35.59927800027228],[-75.7587659995799,35.60574800002875],[-75.7488669999335,35.6067800002373],[-75.74895300014721,35.614244999949776],[-75.74408300032835,35.62035500020079],[-75.72925799988826,35.62656999994786],[-75.73731000042842,35.63826199978073],[-75.73780499999775,35.6440329997668],[-75.74199799977413,35.650770000287935],[-75.7466299999416,35.648855000357216],[-75.75307999980133,35.65007099971937],[-75.76106399967114,35.65551999995015],[-75.76760399994252,35.664515000346],[-75.76900300023341,35.669120000307224],[-75.76820599964198,35.67255100034399],[-75.76545599963912,35.67606700028889],[-75.76086799985255,35.67753900010685],[-75.77316000002475,35.68047600013817],[-75.77841300015827,35.68341999967474],[-75.77995499966596,35.68629300025737],[-75.77726400011262,35.69308099996851],[-75.7733609998662,35.695839000299955],[-75.77475099993624,35.69593400014874],[-75.77210700023858,35.69918099977102],[-75.77256599982289,35.697433000312984],[-75.77200699978117,35.69608599981726],[-75.77148899974732,35.6960690000079],[-75.76898599961666,35.703284999951805],[-75.76595799977945,35.70643300011834],[-75.7523600001011,35.704690999737885],[-75.74119000021034,35.69848199995172],[-75.7369279999387,35.69275299978958],[-75.73843900038257,35.68604699992658],[-75.74097099992721,35.683163999966496],[-75.73902199981545,35.681802999765814],[-75.73186099957802,35.68134900000467],[-75.72764500023546,35.68320300033996],[-75.7153210002762,35.693183999913224],[-75.71475999968632,35.70696799969265],[-75.72136199988202,35.71674300020995],[-75.72098699996327,35.72299400000226],[-75.72496200017974,35.731208000132234],[-75.72296299983924,35.73904100025933],[-75.73726900042055,35.75017300035656],[-75.6237989997047,35.75017699991226],[-75.68480000008309,35.81868300024056],[-75.74547000002534,35.913465000053314],[-75.7508319999388,35.92625099999687],[-75.75873899981572,35.96143400024037],[-75.67447200009128,35.983237999684185],[-75.68322000004223,35.99217599994207],[-75.6832319997378,35.99555799994785],[-75.68298200039087,36.004833000215406],[-75.6743959999233,36.00783300000655],[-75.6787479997083,36.0164399996721],[-75.68035600023656,36.016016999890766],[-75.68118800008978,36.01989800009971],[-75.68470600037175,36.02337099999384],[-75.68368399964942,36.02768499983145],[-75.68482699984726,36.027652000146226],[-75.69261900009644,36.05252299983671],[-75.62146100032882,36.070689999861],[-75.65319500014168,36.125165999992035],[-75.67508399983647,36.166726000240594],[-75.71131900029556,36.25016299991525],[-75.7496350002126,36.35360600023014],[-75.79055800001736,36.500155999842036],[-75.79749699959864,36.55091599982094],[-76.31330299988505,36.550520000045516],[-76.15853199997099,36.425333000225486],[-76.15747199961382,36.39817800027288],[-76.14762599967088,36.39446299983231],[-76.12181000033848,36.371087999956124],[-76.11444400006165,36.35763599968003],[-76.10665299963738,36.35453099984649],[-76.09773099960915,36.353521999837895],[-76.09320999976974,36.35074000013171],[-76.09054900035366,36.35212399995053],[-76.08642699982411,36.34966500032147],[-76.08488699996623,36.35213200034213],[-76.0814499998751,36.34810400013386],[-76.0798930002988,36.34887999984289],[-76.07828399994563,36.34706399994236],[-76.07487500034192,36.34859999999686],[-76.07599099987726,36.346843999874984],[-76.07391799991692,36.346123999978786],[-76.07187599991872,36.34997100014391],[-76.06826599957525,36.349525999666845],[-76.06892800044746,36.347869999746266],[-76.06368899965932,36.347450999867895],[-76.06281999999618,36.34917500016761],[-76.06471100038165,36.351296999705525],[-76.05920899982779,36.3520010001561],[-76.05817899960785,36.35454899980824],[-76.05555599982661,36.35535900028903],[-76.05599699986756,36.35818999973585],[-76.0535630002322,36.360162000191075],[-76.05037999968597,36.3595159996453],[-76.0492609997776,36.35644799987838],[-76.04603000044911,36.35834600013174],[-76.04177499985016,36.355385999942854],[-76.03641299993672,36.355174000319046],[-76.02842300021912,36.348202000167596],[-76.02868299961179,36.34407999980865],[-76.03344600019886,36.34131200001539],[-76.03167399963908,36.33859700031695],[-76.02547800022258,36.340574000051525],[-76.0228470000454,36.34519399981643],[-76.0195859996814,36.34589000015275],[-76.01681099956416,36.344450999904765],[-76.01692699991511,36.3382129999475],[-76.02042699975543,36.332802000355464],[-76.01638999961469,36.32725599994293],[-76.00791399965028,36.32864800017483],[-76.00236099994113,36.324205999678874],[-76.00187200021959,36.31512699975739],[-75.99965100012123,36.311173999645426],[-75.99060799971917,36.30828700001678],[-75.97311099999236,36.30977299994072],[-75.96962500039574,36.30631199997688],[-75.96974300039652,36.29570600010503],[-75.96663099999542,36.28955699966435],[-75.96146900009849,36.287435999897326],[-75.95535599962436,36.28937900019922],[-75.94877699989321,36.285851000042044],[-75.95045300019352,36.27984400013004],[-75.9489800002828,36.27403600027321],[-75.95166599981324,36.27149100026443],[-75.9622649999667,36.26716499974506],[-75.96374299990029,36.263959999806495],[-75.96323300026235,36.2584709997644],[-75.95287000011045,36.25319700006194],[-75.94249000024013,36.24302700021924],[-75.93451200021809,36.23793900030337],[-75.92963499982822,36.21996300027286],[-75.92956000038346,36.20723499971897],[-75.9265840004248,36.20039300035436],[-75.91896399970476,36.19241800020912],[-75.89763400005168,36.17921300032254],[-75.89161900038515,36.17167599981071],[-75.88771299976565,36.16207400010295],[-75.88758499971915,36.15001599967497],[-75.89671099996187,36.125162999647934],[-75.906294999964,36.085876999752195],[-75.9504590000413,36.08795800000666],[-76.02239799960851,36.086653999723964],[-76.0226069998459,36.09672499967813],[-76.058217000141,36.080592999965134],[-76.07607399971793,36.075628999932945],[-76.10106499976811,36.06952600014729],[-76.15795299983776,36.05951699990028],[-76.17874299971565,36.11119299966217],[-76.18274899989424,36.11421199984809],[-76.19466799979755,36.11773799972173],[-76.21550700007926,36.13036099966068],[-76.2238039999435,36.13966900015724],[-76.22868499963303,36.149892000204495],[-76.23488599997071,36.155128000181904],[-76.24032400005215,36.16375599968922],[-76.2514079997292,36.1694889998712],[-76.25988000039393,36.17952700014345],[-76.27192800016866,36.1857229999722],[-76.27328399990353,36.195178999908805],[-76.27930500031614,36.198243999970764],[-76.28010100018435,36.20319000029242],[-76.28698500041234,36.21053600009641],[-76.28841099956907,36.21357999997346],[-76.28503499957732,36.21578800010934],[-76.2899119999672,36.21820100013929],[-76.29024400022823,36.223358000096816],[-76.30365000028594,36.221729000217515],[-76.30419300043415,36.22596300001403],[-76.30702600027769,36.22753199986827],[-76.3071810000884,36.230319000271244],[-76.31467399968852,36.232711000180174],[-76.31723000042092,36.240169999990066],[-76.32479400016618,36.24044199993638],[-76.33222599966693,36.24443800016832],[-76.3372920002027,36.24078999967025],[-76.34061200011794,36.24142499998877],[-76.34353600019809,36.24325399998433],[-76.34336299994573,36.24677900001985],[-76.34744899959196,36.249789000348905],[-76.36060000027986,36.252415000050675],[-76.3748800000236,36.258653999713886],[-76.37793899982294,36.26926099982133],[-76.37581200033424,36.27407799987206],[-76.37712600023629,36.27563999984155],[-76.38121799973031,36.2758499998132],[-76.38645999999318,36.283588999906264],[-76.39194499993027,36.28748500006694],[-76.39179000011958,36.290728999752965],[-76.39510800038502,36.292609999815426],[-76.3946649997959,36.296807999883214],[-76.39796899981764,36.300402000199],[-76.40172999977388,36.30161900034699],[-76.44760199993854,36.363685999756456],[-76.45371100021471,36.378092000080436],[-76.53902900007547,36.35731300008426],[-76.55688099962953,36.355204000246246],[-76.57075600021562,36.33429499966036],[-76.57595499992247,36.3353369997636],[-76.58603500021715,36.33359199988974],[-76.59278600037574,36.33029200033172],[-76.59409500025492,36.324789000041704],[-76.59660300040845,36.32325900009974],[-76.61307199956516,36.32396599993571],[-76.62284100041356,36.32885299992733],[-76.63930999957026,36.32979900012229],[-76.64250599963695,36.32293500024292],[-76.64221699993196,36.31980099965302],[-76.64687800041176,36.32008300008739],[-76.64971600027818,36.31795099967847],[-76.65156499993253,36.31061499972643],[-76.65461600023427,36.310683999856884],[-76.65431300028555,36.31419100017593],[-76.65765499994212,36.31469599980254],[-76.65937600044828,36.31312399978625],[-76.66250700021766,36.314509999881984],[-76.66436699974265,36.31365400017769],[-76.66508399996816,36.31597599978215],[-76.66746900009804,36.3137989996912],[-76.66985199967976,36.31534799998897],[-76.67233600044217,36.312448999827936],[-76.67207600015116,36.31051999994004],[-76.67374200040574,36.31107400001257],[-76.67490599962166,36.30895400005466],[-76.67226899959671,36.30699099983815],[-76.67596799962865,36.30617999973219],[-76.67548999977775,36.30443899968935],[-76.67247199998629,36.303333999817625],[-76.67571999993153,36.30330499995349],[-76.67517199976044,36.30139599997998],[-76.68060200034428,36.300009999892055],[-76.68332200020991,36.30146900020605],[-76.6965709999088,36.296137999907536],[-76.69481299959273,36.28502300017774],[-76.68982399994816,36.27323500023689],[-76.69051299968623,36.26781099970793],[-76.70945899993266,36.24082799964731],[-76.71601300044777,36.22903500032569],[-76.7277730003424,36.22105900024493],[-76.73297500042229,36.21260200025427],[-76.73266800027561,36.19754199995957],[-76.73612700010806,36.18646699964291],[-76.73691799995339,36.17119100011433],[-76.736933000022,36.15058299987428],[-76.73502099972013,36.14273500022349],[-76.73105300007468,36.13250300031034],[-76.71054000020621,36.09867800022535],[-76.71019200005168,36.075343999701374],[-76.70780600009688,36.06637700034682],[-76.68880799997193,36.0381649998966],[-76.68253499966423,36.03094700022383],[-76.67398799955473,36.02457499974085],[-76.61761000002134,35.984267000021156],[-76.60621400017476,35.97805099975557],[-76.62441800008133,35.975684999835416],[-76.64731000023188,35.969163000188644],[-76.6700640002902,35.96033700033118],[-76.68750800031357,35.950666999779074],[-76.69249500030831,35.94377899986472],[-76.69453399993347,35.933967000166746],[-76.70070500013392,35.92357899976635],[-76.7106649998797,35.922949000033874],[-76.71998899959081,35.91725899986296],[-76.72319899990123,35.91204599981355],[-76.72361599965274,35.90616799994939],[-76.72826399971375,35.89795699994693],[-76.73106700031839,35.88842499970775],[-76.73807000037206,35.87762100011108],[-76.75112200042744,35.86754200012034],[-76.76059799957623,35.864887000014896],[-76.76130899995393,35.86291599986977],[-76.76317000020217,35.86410399990184],[-76.76539200012543,35.861340999675406],[-76.7714510001729,35.86106500012808],[-76.77190700028247,35.85833100017883],[-76.77422299991706,35.85765800012783],[-76.77497699995247,35.85918899968587],[-76.77740399991515,35.857838999739286],[-76.77699200018651,35.85664200004024],[-76.77834999957118,35.857113999905984],[-76.77843800033304,35.854108000236856],[-76.7811680002444,35.853446999838475],[-76.78027000026897,35.85136199976546],[-76.7837290001014,35.84893900035565],[-76.78624800012557,35.84087299994846],[-76.78930000025221,35.837855999838496],[-76.78466100041203,35.83288900036376],[-76.78492099980471,35.82915099968583],[-76.7819209995566,35.82685699998708],[-76.78260299962199,35.82434900030701],[-76.79684999975376,35.81619900015088],[-76.79944800031896,35.81356000022193],[-76.80260599985252,35.80516499975893],[-76.79350399989922,35.795413000308415],[-76.79282100000893,35.79244500006346],[-76.79411200034478,35.79123399966687],[-76.79276300028263,35.79006699978574],[-76.7984719996274,35.78460800029514],[-76.80345699997231,35.7839300003023],[-76.80400299959526,35.77958399989824],[-76.80226299972085,35.77632300030212],[-76.803471000216,35.772680000115905],[-76.80796000026837,35.76820500021343],[-76.80918200010893,35.76299900005445],[-76.81708800016092,35.75987599977978],[-76.82018700014325,35.7540179999635],[-76.81711699957494,35.74912799981317],[-76.81777299970105,35.7475839996819],[-76.82522299964347,35.744906000130406],[-76.82592599962524,35.740171999636225],[-76.83259800014112,35.73669500023001],[-76.83368299971434,35.73317999970067],[-76.8313279997217,35.730701999809014],[-76.84726399967423,35.71998199984294]]]}},{"type":"Feature","properties":{"GEOID":"37099","NAME":"State House District 99","BASENAME":"99","STATE":"37","SLDL":"099"},"geometry":{"type":"Polygon","coordinates":[[[-80.79352599988223,35.278725000234566],[-80.79476500033955,35.2583420003429],[-80.78098799966274,35.258217000064185],[-80.77270800041525,35.26230099999123],[-80.75936500010671,35.26337599985958],[-80.74845200013391,35.26626400012208],[-80.74072900038003,35.27206399970804],[-80.74169799960228,35.268740000162744],[-80.74410399964854,35.26695999987585],[-80.73520300043504,35.26516400029946],[-80.7269850002135,35.26754600004431],[-80.72062200039241,35.27470800015825],[-80.71261300040825,35.27841699985556],[-80.70936499956473,35.278426000190365],[-80.70513300032863,35.27492899963343],[-80.6991980001297,35.274901999660216],[-80.69951000029926,35.28109399986392],[-80.69114999978748,35.28545500024083],[-80.67811699999866,35.3011950001088],[-80.69306100026445,35.34637900019818],[-80.70887800039132,35.355349999697616],[-80.73275700020577,35.37193099978645],[-80.73658400028424,35.36734100016045],[-80.74214899968898,35.365196000019694],[-80.74393299994433,35.35978400009954],[-80.75283999990393,35.35925399980937],[-80.7558350001292,35.35695000003781],[-80.75973900020053,35.34625199994176],[-80.77054199967017,35.339464999746916],[-80.77306800026535,35.33401100001336],[-80.77225099958245,35.32900899999433],[-80.7763150003857,35.317440999662345],[-80.7600399996011,35.312521000220265],[-80.74978399957932,35.30566099986374],[-80.75386299955287,35.29942900011661],[-80.7565830003168,35.290800000317645],[-80.7627009999155,35.28495699997235],[-80.77366999996481,35.284029999796395],[-80.79352599988223,35.278725000234566]]]}},{"type":"Feature","properties":{"GEOID":"37056","NAME":"State House District 56","BASENAME":"56","STATE":"37","SLDL":"056"},"geometry":{"type":"Polygon","coordinates":[[[-79.1412019999317,35.97664700031456],[-79.14857900007917,35.86689800007922],[-79.0820359998623,35.86077599985964],[-79.02662200042661,35.86276200009879],[-79.02518200012783,35.861357999856104],[-79.02524099967907,35.86282000030293],[-79.01630500030545,35.863210000322496],[-79.00073699970062,35.952697000278484],[-79.02436100014529,35.96645100020728],[-79.03372699968922,35.969488999732825],[-79.03465999982477,35.96548399974019],[-79.03350300028153,35.96150899989705],[-79.03630799963767,35.96198000015539],[-79.03626300033014,35.95866200010674],[-79.03789900044748,35.957447999896814],[-79.04391999996179,35.95695799984636],[-79.04866900030517,35.94237299972272],[-79.05152399989001,35.940160999970246],[-79.05694500025301,35.93928699974681],[-79.05853799981433,35.9472969997184],[-79.05792500024423,35.9630050001464],[-79.06278400019244,35.97144999967569],[-79.06926599983922,35.976192000232885],[-79.07516099985514,35.98661999980284],[-79.07630999990076,35.96985999964602],[-79.1121339995578,35.975480000236985],[-79.1145699997413,35.97782700002389],[-79.13637099957258,35.98190100036183],[-79.13750500044787,35.97893400033948],[-79.1412019999317,35.97664700031456]]]}},{"type":"Feature","properties":{"GEOID":"37114","NAME":"State House District 114","BASENAME":"114","STATE":"37","SLDL":"114"},"geometry":{"type":"Polygon","coordinates":[[[-82.67937199957203,35.52623100030611],[-82.67575299990604,35.51027299979749],[-82.67143600028113,35.50602799988582],[-82.6718489998347,35.50177399978082],[-82.66015199968923,35.49001399991181],[-82.66215199985466,35.4832780000251],[-82.66691999956626,35.47911800000616],[-82.66599200035189,35.47330999983605],[-82.67042399960454,35.46172600010792],[-82.67265800012167,35.4594259998604],[-82.665394999777,35.457230000099514],[-82.660606000149,35.452776000047685],[-82.6529260000528,35.4550039997199],[-82.65062299993869,35.45193400014525],[-82.64407500016969,35.449063999857735],[-82.6419639996762,35.44429199970171],[-82.63523199978417,35.44286200015231],[-82.62174899973357,35.43569299990696],[-82.61807800018902,35.44022999974287],[-82.6145220002722,35.43980900003393],[-82.60842100039196,35.44325300005871],[-82.59501399961101,35.435704999692504],[-82.58703099956612,35.438126000175885],[-82.58288600036866,35.436248999803276],[-82.58073399986728,35.43334500013885],[-82.57060800044016,35.431044999710316],[-82.56798399993568,35.435003999888686],[-82.56793899972983,35.43791600010437],[-82.56190099959878,35.43759099975024],[-82.56118799957126,35.443178999873986],[-82.54882500015225,35.44430500009337],[-82.54935700042982,35.440598000158886],[-82.5464219995807,35.44055600016064],[-82.54227900003308,35.43128000014966],[-82.54694999966033,35.42515900013965],[-82.53983899965161,35.42327999993084],[-82.53852700029768,35.421352000210874],[-82.53593600030348,35.4222360001564],[-82.53322800013342,35.41644999984042],[-82.53545599990446,35.422380000298624],[-82.52983799989796,35.4227989997109],[-82.5290539997253,35.43610699989203],[-82.53648299975134,35.43688300031009],[-82.5349100002815,35.44441299971947],[-82.47055700020084,35.4451740002339],[-82.46131600033038,35.45085000032055],[-82.45578700001234,35.44971600026499],[-82.45389300015214,35.455473999801],[-82.44692100006061,35.458229000243534],[-82.44578600025868,35.46090000004009],[-82.43497799986785,35.46286799999899],[-82.4305380002193,35.4652640002652],[-82.42718599961869,35.47035799966586],[-82.42299500039047,35.47058199985023],[-82.41751100027828,35.47450100005019],[-82.41131099976549,35.47207599981763],[-82.40698400009484,35.47380300035885],[-82.40187999992425,35.469827000309095],[-82.40031599977692,35.471313999785664],[-82.38824299988782,35.469981999887125],[-82.38118700013071,35.46359400026688],[-82.3684990001234,35.460615999873255],[-82.36313300001197,35.46095999991612],[-82.36724499959747,35.464024000084876],[-82.36800299983084,35.468738999658044],[-82.37068199968859,35.4720160001865],[-82.36973299965953,35.47549199974352],[-82.3718719997421,35.47991000013883],[-82.36932000010596,35.482516000097306],[-82.3693229995807,35.4855180000414],[-82.36087000008084,35.485086999673065],[-82.3589319998397,35.48917199999088],[-82.35639899957182,35.490712000006305],[-82.34539000023786,35.48783000017489],[-82.34100300029274,35.48888599972697],[-82.33867099986632,35.49087099965777],[-82.33959300013122,35.49463500030171],[-82.33800200021973,35.49831799975734],[-82.33340000018946,35.50016299994246],[-82.25143700040407,35.46068499975096],[-82.24250000030722,35.46783800032258],[-82.22433599968528,35.49826900017604],[-82.2241030000568,35.500364000146206],[-82.22719199999337,35.50469999988662],[-82.23333499970641,35.50962900026084],[-82.23320300036025,35.51940200025416],[-82.22051500035293,35.520025000274664],[-82.16904899957291,35.52781099992813],[-82.2068199996919,35.54779100000967],[-82.21998100042555,35.55314100028364],[-82.25125099973289,35.5599430001242],[-82.29102600021527,35.5913219996581],[-82.29193400023648,35.594962000038954],[-82.28751200013126,35.6010399997317],[-82.28226900004348,35.603082999933555],[-82.28043200008469,35.60875900021054],[-82.26480800030168,35.614488000195095],[-82.26463900024727,35.61780099968518],[-82.27274199994277,35.621972000211194],[-82.27156199993499,35.624464999740134],[-82.27411600011928,35.62888300036212],[-82.27087499984674,35.631926999640605],[-82.2761229999574,35.63768899967566],[-82.28190599982032,35.639381999680154],[-82.28301300003315,35.646867999887775],[-82.28571899965509,35.648368999984015],[-82.2865430000107,35.658128999819226],[-82.2803910000768,35.66753100003096],[-82.28111800034804,35.67021200016323],[-82.2842130001324,35.67676999984427],[-82.29502800019591,35.684125000097715],[-82.28891499972178,35.69615399974797],[-82.28365200044084,35.69869699969389],[-82.28121799990716,35.70216999970912],[-82.27539900005921,35.704438000024005],[-82.27543300039437,35.71280099980686],[-82.28459200024909,35.72537300003944],[-82.29117500017819,35.72992400005635],[-82.3130649996979,35.733602999963985],[-82.32174200040205,35.740148000011615],[-82.32644599964127,35.747132000350724],[-82.33515299958434,35.74941000013529],[-82.33945400021403,35.74783900003029],[-82.33828000005407,35.74268099998413],[-82.34052299989374,35.74111599979043],[-82.34521299978755,35.73217800017125],[-82.35240400016218,35.72940500020318],[-82.35593400013974,35.719782999844554],[-82.3601489996574,35.71802200013808],[-82.36501000015375,35.710003000063665],[-82.3692530001588,35.70800999970135],[-82.37485899957142,35.70183099972579],[-82.3789879997737,35.700727999857186],[-82.37991599988635,35.695776999884565],[-82.38218999968815,35.69481799975782],[-82.38352100020697,35.69172700003642],[-82.38371500037573,35.68721899985538],[-82.38044099959292,35.6855089997925],[-82.37608499960994,35.679507000197525],[-82.38067699959446,35.67341100029932],[-82.38283599976853,35.667010999858974],[-82.38227599990188,35.65989100036309],[-82.38437200032675,35.65633899988227],[-82.38206800038775,35.651411000128014],[-82.37802200002616,35.65030700024335],[-82.37697599991272,35.625126000250106],[-82.37957600012774,35.616682999946164],[-82.38090900029637,35.601310000213886],[-82.37775199968944,35.601215000256275],[-82.37758600000808,35.60003100021159],[-82.39457399992187,35.60297399970442],[-82.42874100044348,35.59393900028769],[-82.45052800003104,35.59093999982409],[-82.45522999962043,35.58804199972699],[-82.45673100001855,35.60787199993365],[-82.452948000321,35.61512599966984],[-82.45841599964136,35.622226000350615],[-82.47122900022048,35.63247399971475],[-82.47284900044428,35.629371000125715],[-82.47008600002263,35.625801999874255],[-82.47137900000831,35.621501000189355],[-82.47479000016017,35.61932400029113],[-82.48049699985512,35.60891699981175],[-82.47912400040182,35.60235299977464],[-82.4804600000452,35.60202799988278],[-82.48046500006807,35.598216999918584],[-82.48346100011821,35.59555400030075],[-82.48742200009099,35.587403999798845],[-82.47111500041767,35.58620099995102],[-82.46589599972101,35.583841999757574],[-82.46570400010042,35.585693000229696],[-82.46460799975823,35.58484000022331],[-82.46323199993189,35.586593000155915],[-82.46038400001973,35.58488999967786],[-82.46491400007997,35.581698000076045],[-82.46443700005399,35.58049900001182],[-82.49767700028787,35.56650200022662],[-82.49905700031216,35.56458299971775],[-82.49328100012191,35.56237300005493],[-82.49518699967767,35.56051100026807],[-82.49957799982073,35.54514500015974],[-82.49869599973881,35.54073799971591],[-82.50882799991204,35.531713999708614],[-82.51316299997859,35.525706000336314],[-82.51877199976427,35.52478700012827],[-82.52628100015623,35.52106999991593],[-82.52860400036184,35.5194880002067],[-82.52784799977829,35.51607200015467],[-82.53513600023733,35.515366999894546],[-82.53561900011107,35.51177800032915],[-82.54761099980931,35.51407200004618],[-82.54897499994009,35.517521999932406],[-82.55192699960932,35.518329000122776],[-82.55247700032854,35.520270000239584],[-82.55086499960233,35.52141900031553],[-82.5518410002939,35.524395999673416],[-82.54973300017345,35.52704000018487],[-82.55363499969668,35.53288700023403],[-82.54965500035566,35.53735199989413],[-82.55009200019865,35.540996000141426],[-82.54602599974558,35.540940999845525],[-82.54584699964543,35.54628999971681],[-82.54242399979803,35.549794999637726],[-82.55085700010473,35.55523200008066],[-82.55161000031521,35.55982700014533],[-82.55816599958182,35.56345799982234],[-82.56456000026334,35.564344999714436],[-82.56341100021773,35.568522000070935],[-82.57502499962419,35.56545200009236],[-82.58569099972479,35.56597199965852],[-82.59130000040878,35.56427799976713],[-82.593294999653,35.55953000032254],[-82.58980599968335,35.55376099986236],[-82.59602399973947,35.55779000035459],[-82.59758000038917,35.559958999956876],[-82.59722100036397,35.56288300015882],[-82.60072500040225,35.56339200026754],[-82.60275999982943,35.56746000025566],[-82.60777100011363,35.56421999964755],[-82.61498699970433,35.56549999993511],[-82.61768700037678,35.570168999763766],[-82.62304500009228,35.569818999972554],[-82.62230600012548,35.573820000267744],[-82.62591499974573,35.576413000182754],[-82.63027800029973,35.57661100011681],[-82.62937899960103,35.57291500004411],[-82.62374999972388,35.56980899966374],[-82.6273840003568,35.56498600033756],[-82.62977299978634,35.56706300033976],[-82.6326220004217,35.56708199982287],[-82.63529899973132,35.56107900004041],[-82.64914099980714,35.55899999968347],[-82.65420300014495,35.55690999999967],[-82.65574100035299,35.55356999976292],[-82.6596629999677,35.555522999665236],[-82.66193500011967,35.55496499995447],[-82.66341899990105,35.55665900010753],[-82.66278799988929,35.55827099999945],[-82.66861199976012,35.55806299973691],[-82.66766500027916,35.553007999673945],[-82.67044500041925,35.5520049996854],[-82.66375299981189,35.550329999653734],[-82.65646500025117,35.54139700030849],[-82.66799199961899,35.54164899968292],[-82.66878500001246,35.53842500006154],[-82.67138900042546,35.53997900023921],[-82.66894300019622,35.531569000011956],[-82.67937199957203,35.52623100030611]]]}},{"type":"Feature","properties":{"GEOID":"37003","NAME":"State House District 3","BASENAME":"3","STATE":"37","SLDL":"003"},"geometry":{"type":"Polygon","coordinates":[[[-77.47371699998038,35.22908800017883],[-77.45158800008609,35.21863100019564],[-77.3292439999209,35.14982900016071],[-77.187679000048,35.08108599989443],[-77.19102499990252,35.07654400016173],[-77.18942200029547,35.06667000006946],[-77.18542299978955,35.06316799998544],[-77.1823840000817,35.06261500028654],[-77.17911100002212,35.05822399973976],[-77.17387399978212,35.059120000072745],[-77.18059200032874,35.05522000034088],[-77.1738520000408,35.05815899996909],[-77.17188899968532,35.06082599964773],[-77.1688380002819,35.06027600034408],[-77.16433099978786,35.06550200033815],[-77.15993700017007,35.062340000138654],[-77.15479899966427,35.06273700005551],[-77.14984600000471,35.05766800019952],[-77.15210100043825,35.05471999968785],[-77.1483449996066,35.0546749997878],[-77.14964900036124,35.0564909996928],[-77.14700499976526,35.056563999904704],[-77.14519100027101,35.06006600018072],[-77.14166299994329,35.06198100002219],[-77.13838800023387,35.061278999710076],[-77.13225300001842,35.06714800011181],[-77.13036099980806,35.07237100018011],[-77.11860299956324,35.07328400033231],[-77.1182970001398,35.07158300029483],[-77.1160650001708,35.07410700015292],[-77.10965600031898,35.06860899981529],[-77.11035699975263,35.065153999802845],[-77.10786899969058,35.054254000158615],[-77.11030200039934,35.04567600033967],[-77.10750499964252,35.04173300001149],[-77.10646500027515,35.03429500010705],[-77.09879100002674,35.026933999685774],[-77.10235600016438,35.02335899979211],[-77.10306499999395,35.017793000280086],[-77.10885100022992,34.83077999994965],[-77.04724899997703,34.836415999771404],[-77.06808499988567,34.820162000309644],[-77.07334300004207,34.817629999744064],[-77.07826300008965,34.811321999721024],[-76.95443799961784,34.80906600018124],[-76.95477300025192,34.82450800023461],[-76.89566499990883,34.834444000006464],[-76.9139590002271,34.861693000241736],[-76.90989299977403,34.86323600035007],[-76.90734699998566,34.867901000315484],[-76.91084099997819,34.86862799989619],[-76.91160099986139,34.872003999686996],[-76.91667300024494,34.871487000135204],[-76.92399900033878,34.8826730001336],[-76.92670300031091,34.87404699992955],[-76.92879800001256,34.87488500005069],[-76.92746800021696,34.87714699990435],[-76.92945199959053,34.88233400003431],[-76.92407999963133,34.88301600024122],[-76.9271190002375,34.88840600035492],[-76.9233440000376,34.89114799982381],[-76.92517199977554,34.89352600031494],[-76.92227799983264,34.89138400016291],[-76.91845499995215,34.89875200030557],[-76.91522700009838,34.89992200021129],[-76.91543899981049,34.90282400003461],[-76.91806800033784,34.90098899967229],[-76.91889500016819,34.901533000134904],[-76.91541299987124,34.9029890000474],[-76.9155719998799,34.90614800013151],[-76.91671900027569,34.90561499977189],[-76.92067500022559,34.90699000023306],[-76.91853299976995,34.907181999691325],[-76.91978800012077,34.90995600008111],[-76.91788900023771,34.91148199983209],[-76.91978100044808,34.91303100000052],[-76.91908199976594,34.914378999737394],[-76.91500899964018,34.915354999755465],[-76.91364899970736,34.918490000359874],[-76.91605999977651,34.9193630003389],[-76.9143049998335,34.92232699976779],[-76.92842700029179,34.93627600025465],[-76.92891000016556,34.93958400021307],[-76.92676799970992,34.94079099978507],[-76.92473300028273,34.93876899978227],[-76.91843300021083,34.94309800001278],[-76.91883400006881,34.94177400012731],[-76.91678500039794,34.94218600004236],[-76.91687099971335,34.94338899967092],[-76.91428200026728,34.94344400026712],[-76.91292099961123,34.941438000272804],[-76.91388800008198,34.94432299966167],[-76.91054399987726,34.94422899993594],[-76.90759700023092,34.945784000228144],[-76.91015700026298,34.947497999761104],[-76.90669199968445,34.9485579998305],[-76.90705999993048,34.94779999997661],[-76.90668599983667,34.94776700005111],[-76.90612500014511,34.94787100017295],[-76.9056039997382,34.95069599967653],[-76.90724599970332,34.950070000254854],[-76.90898099955487,34.951587000194024],[-76.9072649999699,34.952135999692196],[-76.90785900017174,34.95455399967635],[-76.89861499992824,34.95395800035372],[-76.89563099957364,34.95533600021161],[-76.89424999972442,34.95384100024343],[-76.89706000000174,34.952110999800304],[-76.8965069998078,34.95022599968755],[-76.89873600030205,34.950612000330544],[-76.89949100016239,34.94900700010682],[-76.89508699960052,34.947395999773484],[-76.89331999996193,34.94495000022224],[-76.89968500033113,34.94869899966555],[-76.89855899985174,34.944676999651456],[-76.90313599976764,34.94654100036636],[-76.90273599973456,34.94418299963925],[-76.90564700029421,34.94244700012041],[-76.90398500023761,34.941880999759114],[-76.90541399976739,34.93996399999013],[-76.90383899974944,34.94028200033002],[-76.90288499969749,34.93814399992403],[-76.89874100032493,34.938994999840425],[-76.8920360001971,34.93657999995964],[-76.8826959996941,34.94001199975922],[-76.87693999959535,34.940332999978025],[-76.87677999976178,34.93907399985726],[-76.86824799972091,34.93841400001704],[-76.86458899987193,34.93649800028104],[-76.8652769997851,34.93725099974612],[-76.8638690001717,34.93646600029437],[-76.86396200005814,34.93703700004386],[-76.86354899960625,34.93789399997263],[-76.86369500009442,34.93654800000501],[-76.86299499958739,34.93746100013624],[-76.86067999977772,34.93565199988829],[-76.86122600029897,34.93536899994547],[-76.86231400024522,34.93535999994163],[-76.86261999966865,34.9351749999722],[-76.86038000020206,34.93429499963928],[-76.8577580002457,34.935457999847976],[-76.85682299956201,34.93814499997236],[-76.85255000031803,34.93614200018677],[-76.8393330004062,34.95941000009321],[-76.89326600043357,34.98028500025485],[-76.90750799964414,34.987836000042634],[-76.94921299997173,35.01745899989193],[-76.9672970002277,35.04065500015371],[-76.9532380004169,35.05152699984903],[-76.94162300028722,35.05208699979697],[-76.9410580003977,35.05769799977142],[-76.93622200001572,35.061725000132085],[-76.93511800017593,35.07126600031465],[-76.93752000002425,35.07580200001825],[-76.93363100002152,35.07756700032158],[-76.93329200008779,35.08194100015817],[-76.9359530004022,35.08309199972625],[-76.93500799967275,35.0847720000636],[-76.93520600003947,35.085197999690614],[-76.93798199998162,35.08504399969915],[-76.93641899965921,35.086796999899214],[-76.9385379996503,35.08873800001017],[-76.93716000017415,35.09064399980862],[-76.9384249996724,35.0947209997771],[-76.93767599965986,35.09715700032295],[-76.93592400008988,35.0970450000101],[-76.93773199973636,35.098004999799265],[-76.93682899973801,35.10161000030028],[-76.9402280001943,35.10313099977902],[-76.93738000028216,35.10292499988817],[-76.93666100040684,35.105299000223695],[-76.93282099990961,35.1056109999372],[-76.93623399971128,35.10814100031641],[-76.93587200021132,35.111849999729955],[-76.9378759996764,35.11288299985301],[-76.93760799988779,35.114589999669306],[-76.93707700033345,35.11505600000074],[-76.93408299993311,35.11515299994114],[-76.93152299990106,35.11595200008723],[-76.93086500012512,35.11681900007425],[-76.94022900001922,35.11470599977072],[-76.94208000022172,35.115711999665535],[-76.94081900002311,35.119102999831064],[-76.94354599956144,35.121305999841645],[-76.94703600025431,35.12134399963634],[-76.9478739999553,35.12408899980649],[-76.94776400035045,35.123119000205264],[-76.94873500012085,35.123422000129054],[-76.9482110002392,35.123377999902125],[-76.94807099959881,35.12459899976566],[-76.94836400040006,35.12485999984066],[-76.94813900026918,35.125177000169394],[-76.94815699981253,35.125533999968745],[-76.94839899966188,35.125738000096185],[-76.94856199986847,35.12368900021158],[-76.95564199991506,35.12543799986164],[-76.95914199975535,35.127617999720215],[-76.96846499964158,35.129273000057644],[-76.97513999963219,35.133168999736235],[-76.97798500006961,35.13835099977576],[-76.98490100008465,35.14506199965599],[-76.98756900007174,35.154649000147344],[-76.97687700003186,35.155471999667455],[-76.97019399964535,35.162148999662215],[-76.97175899961758,35.166434000352766],[-76.96924200014152,35.171084000137796],[-76.97140499961525,35.17664599993853],[-76.96629200012214,35.18266999977032],[-76.96293000037407,35.1978570003612],[-76.95948099968908,35.202843000074616],[-76.95240900003844,35.20781100030134],[-76.94451100038235,35.21090300032466],[-76.9426290002177,35.21332399986226],[-76.94254800002685,35.21968800028488],[-76.93258999993091,35.23028600015954],[-76.90608099976419,35.23594499981502],[-76.89591900035204,35.25388899977459],[-76.95888700038554,35.301012999850904],[-77.18911500014882,35.41836200024554],[-77.20155899975866,35.39866400012662],[-77.21121599955572,35.3981839996819],[-77.22005499974327,35.402041000137984],[-77.22191199979355,35.400326999662205],[-77.22712700029223,35.39984499984282],[-77.22850899996635,35.39525800005882],[-77.22710600037584,35.39320300032169],[-77.23459800015104,35.39109200024978],[-77.23648699998837,35.38885399995739],[-77.2372560000924,35.38340100003291],[-77.23964899971989,35.3813609997094],[-77.2381230001057,35.38007900000813],[-77.2384670000623,35.37555500028473],[-77.23681000002856,35.37178700034877],[-77.23935199961896,35.366389000280925],[-77.23794400000557,35.36154199998944],[-77.2476679997498,35.35449699986402],[-77.25942199979666,35.35159199991725],[-77.26655899974462,35.3538729997577],[-77.27035300021112,35.36011499997844],[-77.26790000030918,35.36599599963509],[-77.26929200002903,35.369152999640534],[-77.27937999982132,35.37566000035378],[-77.29433999998062,35.37913700011502],[-77.3529419999854,35.327423999847404],[-77.36475999960636,35.333029000097646],[-77.38257699989865,35.33434799972632],[-77.39190399998282,35.33910900023085],[-77.39515799977586,35.34302400002201],[-77.41094399994057,35.33803200003288],[-77.41049799987672,35.331867999843865],[-77.41421500035035,35.33396900017463],[-77.41468700035345,35.33041300014722],[-77.42134899992526,35.33133099999978],[-77.42334900009067,35.328743999724324],[-77.43125299959453,35.329830000324336],[-77.43229500040835,35.32447900025195],[-77.43113299994394,35.31290700035434],[-77.43850400024364,35.31175699998171],[-77.44013600016302,35.30384500001113],[-77.44885899999962,35.302006999937696],[-77.44961300003503,35.29945699999788],[-77.44641299977037,35.29617299970526],[-77.44659600006847,35.29357299965587],[-77.43993000029869,35.289593000175174],[-77.44058899989955,35.28457399984076],[-77.43765599959859,35.27698700019503],[-77.43177599965125,35.2711839999429],[-77.42860899989688,35.264075999851364],[-77.42617199988845,35.26237500032322],[-77.42613000005568,35.25754499978022],[-77.43337400013377,35.249687999703774],[-77.44590700033038,35.2465790001496],[-77.46431600027637,35.239155000308315],[-77.46561599993474,35.23461800016199],[-77.47329400038109,35.23106399981371],[-77.47371699998038,35.22908800017883]]]}},{"type":"Feature","properties":{"GEOID":"37070","NAME":"State House District 70","BASENAME":"70","STATE":"37","SLDL":"070"},"geometry":{"type":"Polygon","coordinates":[[[-80.05822599970521,35.71343999969744],[-79.93022199970075,35.71150799982753],[-79.92960900013064,35.724414999897455],[-79.84215800003508,35.68786299984461],[-79.8426300000382,35.68327500030567],[-79.83825999981151,35.68408000024131],[-79.84121900005175,35.673071000185665],[-79.83218499987053,35.67052399998461],[-79.83612699957672,35.660902999774],[-79.83306799977737,35.650127000315095],[-79.83171500041557,35.65337799983717],[-79.81134999978678,35.65326600024508],[-79.79654199996345,35.667574000070424],[-79.79267700025017,35.66278700033371],[-79.78346399996882,35.6575670001124],[-79.77755300005934,35.65615399980934],[-79.77645000004448,35.66791900010846],[-79.77747799971627,35.673958000224296],[-79.77143000043776,35.674032999754964],[-79.76337500042287,35.67710899981243],[-79.76745000019844,35.683911000099954],[-79.7591120003263,35.685285000120736],[-79.7593240000384,35.71913499980663],[-79.76609199991545,35.71623000024892],[-79.76300299997887,35.724278000208415],[-79.75794099964105,35.72911000031214],[-79.75967100036804,35.735889000236796],[-79.7706649996334,35.74500599995463],[-79.7765999998323,35.745327000174754],[-79.7842180000042,35.74895000027439],[-79.78341700011313,35.75405199964143],[-79.78168200026158,35.75404800028048],[-79.7822110001661,35.75619800034811],[-79.77914700034388,35.760013000185324],[-79.77125700018541,35.760594999975346],[-79.77488699972207,35.76726400003246],[-79.76990999977308,35.77564299974857],[-79.77313599997699,35.79178700032213],[-79.77276699990605,35.79521799963803],[-79.77037900030143,35.7965459999288],[-79.77473199991135,35.79794299999672],[-79.77768100010586,35.80295799982582],[-79.77503499986007,35.811910999784295],[-79.77954099963087,35.820912000057206],[-79.77456000038224,35.81938800024303],[-79.77297699996834,35.82072600019343],[-79.77669000024397,35.82374800003478],[-79.77595499957684,35.82798699970122],[-79.7731150000606,35.8288319998723],[-79.77555600026699,35.83496999994407],[-79.77190099971766,35.839413000127706],[-79.77271099982957,35.841432999702455],[-79.77080100007583,35.84293600025735],[-79.7720949998864,35.8438329999524],[-79.76778999995706,35.844636000268316],[-79.76874700038206,35.846972000305264],[-79.7674479996503,35.853423000185174],[-79.77078699983214,35.86913599977644],[-79.76777599971336,35.87055600001001],[-79.77103999955212,35.875448999900996],[-79.76811200017235,35.8775110001286],[-79.7701369995538,35.87957800021935],[-79.77057699976984,35.88450100022227],[-79.76330900030062,35.908841999877346],[-80.0468690002167,35.92069299986051],[-80.05822599970521,35.71343999969744]]]}},{"type":"Feature","properties":{"GEOID":"37074","NAME":"State House District 74","BASENAME":"74","STATE":"37","SLDL":"074"},"geometry":{"type":"Polygon","coordinates":[[[-80.51664799962946,36.08465600014782],[-80.51531100016116,36.0802620001959],[-80.50951499987944,36.07223000000956],[-80.5072450002756,36.054934999835766],[-80.49235999956106,36.04355500026993],[-80.48686799995126,36.04334199980792],[-80.47488299992571,36.05022200031548],[-80.47504500030743,36.05705200019859],[-80.47161200041428,36.0612800002487],[-80.46670200041244,36.062710000136136],[-80.46202000001622,36.06152800004241],[-80.45866300029104,36.05753700015771],[-80.45588899999872,36.04752599977646],[-80.44712400032935,36.03888100012749],[-80.44239300042764,36.031097999883436],[-80.41814800001697,36.01598299986992],[-80.41340200004666,36.00160999983402],[-80.42177300042907,35.99423200027833],[-80.42253499996208,35.98964900025931],[-80.41955599963036,35.98571500030705],[-80.40841800042496,35.97856399973803],[-80.39430699983733,35.97276199992722],[-80.3444679998521,35.990956999842396],[-80.33102099978652,35.990768999940975],[-80.33575599988617,35.993054999790274],[-80.34125900026493,36.003224999673506],[-80.34527600031419,36.00458399993855],[-80.34958700009133,36.00927499998504],[-80.35122200038376,36.01363700006599],[-80.35563600009303,36.017350999946],[-80.35698000013234,36.02126200009531],[-80.35262800034731,36.028005000090836],[-80.3584410003475,36.03676099985438],[-80.3632299999755,36.03997799974442],[-80.36624899959189,36.047096999732204],[-80.33322099996846,36.067528000290004],[-80.3255369996743,36.07068099984695],[-80.32746700041784,36.07197299995917],[-80.3476489998502,36.07281600014262],[-80.34436900011791,36.075631999991025],[-80.34346899959434,36.080104999954166],[-80.34147400035008,36.08188699998761],[-80.34790800031628,36.08458399972529],[-80.33747099964623,36.0950789999958],[-80.3451149997574,36.096580000316095],[-80.34635699968943,36.10316199998022],[-80.35871400015895,36.102063999933236],[-80.35242199958468,36.115872999859626],[-80.34515499994038,36.12339900020636],[-80.3438069997031,36.12679000014358],[-80.33929599990945,36.1280579997718],[-80.33942300013106,36.130969000189964],[-80.33258599975875,36.13342799972181],[-80.32337199965245,36.14017399988049],[-80.32114499970633,36.14855999979991],[-80.31865699964429,36.1515520000481],[-80.31231800011265,36.152148999680826],[-80.3118079995764,36.15355699992962],[-80.351204999767,36.15421299995166],[-80.35121599963766,36.157408999973114],[-80.3483030003265,36.160433000270785],[-80.34838699999209,36.16648600013399],[-80.34329500041537,36.16653900027817],[-80.34324900038459,36.171504000169165],[-80.33407799993604,36.16634199986241],[-80.31754399958368,36.17152800034422],[-80.31859100042035,36.1722959998884],[-80.31577199992222,36.17475099985907],[-80.31295999999507,36.17476200020953],[-80.31303000031528,36.17188799991196],[-80.30224200001592,36.171689999882986],[-80.30220299965788,36.173712999985],[-80.28868100014752,36.17343400019971],[-80.29066000039653,36.17614099974547],[-80.29385599956491,36.1892560000283],[-80.29348999986702,36.19106699984759],[-80.28660800018717,36.1936090003545],[-80.3138489997497,36.222090999660026],[-80.33103300038039,36.2322290001218],[-80.3294220003774,36.23542100004718],[-80.3258239997295,36.23739899972185],[-80.32585600041484,36.240100999818566],[-80.32254900002008,36.241996999982966],[-80.32562999956073,36.2491030000828],[-80.32247600022514,36.251115000283406],[-80.32544899981076,36.25971800022565],[-80.45192499965293,36.261514999786364],[-80.4526560001221,36.24165100022326],[-80.4374189999534,36.229824000126214],[-80.43215300029941,36.217552999941866],[-80.43312400006978,36.21558299970781],[-80.44288700017206,36.212977999833356],[-80.44633599995875,36.20769900034987],[-80.43958700034828,36.19047999992532],[-80.44367999966722,36.18074999992349],[-80.43852399961808,36.175531999876576],[-80.43682300010173,36.169295999760834],[-80.43909400042878,36.16087699976194],[-80.44287100027854,36.15597899981814],[-80.44303299976193,36.15125999989217],[-80.43904500002499,36.13777700021727],[-80.4494879996445,36.1294610001881],[-80.45400400035938,36.12245499973455],[-80.46230700007139,36.118140000112255],[-80.47328699999136,36.11876999996331],[-80.48800799977606,36.11608999982267],[-80.50646799977565,36.108577999711486],[-80.51072900022238,36.09710999991473],[-80.51555300001051,36.09344400009508],[-80.51664799962946,36.08465600014782]]]}},{"type":"Feature","properties":{"GEOID":"37076","NAME":"State House District 76","BASENAME":"76","STATE":"37","SLDL":"076"},"geometry":{"type":"Polygon","coordinates":[[[-80.598352999672,35.71432400025263],[-80.59356300021906,35.65237100006584],[-80.59453599963928,35.606665000024506],[-80.54642800020596,35.59544300003733],[-80.54229499980575,35.601684000096554],[-80.51802699982885,35.59576399964761],[-80.49734200043125,35.59586400022121],[-80.50080600028656,35.586220000008936],[-80.50094699985355,35.5756139996423],[-80.50482699963544,35.56864599966553],[-80.49916699979616,35.56511299997331],[-80.49524799965619,35.5654339998699],[-80.47875500021004,35.576816999986306],[-80.47151100013194,35.573564000078896],[-80.45658799978257,35.57262299975232],[-80.46168899958012,35.502359999900676],[-80.18286600031182,35.50327400025871],[-80.18469900007264,35.50814400031563],[-80.18399600009086,35.51647200033931],[-80.19062699970056,35.52577899973696],[-80.19735500029293,35.52996800013889],[-80.19552800037987,35.53661999998767],[-80.19921700036608,35.54564700035737],[-80.20704600042517,35.54929000028187],[-80.20979399987989,35.552262999674525],[-80.21027599992875,35.55697299978811],[-80.20695600001349,35.57306099979092],[-80.20885999991943,35.581333999928695],[-80.23172799978055,35.59653200035148],[-80.23697400024137,35.606777999784086],[-80.2434469996673,35.614429999924155],[-80.25662400029448,35.62248300013909],[-80.26294600010768,35.62841000024851],[-80.28874999974448,35.635689999845184],[-80.2938050004096,35.64320099964384],[-80.30462100029804,35.65354000035091],[-80.30734500036162,35.665778000361364],[-80.31482999956583,35.67166499977378],[-80.32566700026895,35.674715999778584],[-80.33060200038516,35.678799000032555],[-80.33331700022792,35.683563000248625],[-80.3343990003264,35.69236000027886],[-80.33195399992206,35.69728000010549],[-80.32484100026353,35.703706999813726],[-80.32421100007667,35.707715000098304],[-80.325887000377,35.71194099997197],[-80.33450899993126,35.720470999996415],[-80.34100800019478,35.72127899972123],[-80.37076799978146,35.71611000025908],[-80.38233699988041,35.71982000000282],[-80.38865799986868,35.719323000207226],[-80.39514200006359,35.724958999850905],[-80.40540300010822,35.722241999755425],[-80.41232699962087,35.72222899991957],[-80.44260500013975,35.734832999776174],[-80.45304299973641,35.73436800019544],[-80.4563500001312,35.73731399997935],[-80.4618710000533,35.75068399993306],[-80.46875799975604,35.757380999907575],[-80.4714170004206,35.767834000335135],[-80.47804600038046,35.774611999903186],[-80.48477499989944,35.77558599988707],[-80.48709800010502,35.77131400020062],[-80.48720100003719,35.7662480002047],[-80.49191000019759,35.77570799975811],[-80.49187300038767,35.7787779998965],[-80.49657300032723,35.7827469998818],[-80.50192000017206,35.782978999773796],[-80.50824700000813,35.77445700006692],[-80.51493600024244,35.77810699978278],[-80.5206780000975,35.784326000123485],[-80.52823000014718,35.7834180001856],[-80.53410800044466,35.78616599981631],[-80.5337510000693,35.759235999777665],[-80.54488099977708,35.75515499983872],[-80.54642099963496,35.751844999806714],[-80.55397400040785,35.74747299993554],[-80.55412300037077,35.74390900035019],[-80.55944400027634,35.73938799965102],[-80.58311999970122,35.72780600021085],[-80.59503199993183,35.719278999703214],[-80.598352999672,35.71432400025263]]]}},{"type":"Feature","properties":{"GEOID":"37078","NAME":"State House District 78","BASENAME":"78","STATE":"37","SLDL":"078"},"geometry":{"type":"Polygon","coordinates":[[[-80.06682899989123,35.50587600005168],[-79.76795700036165,35.51148399974534],[-79.76419200020746,35.47573500016057],[-79.75173000015596,35.4439940000558],[-79.70991299967538,35.301275000092645],[-79.71127099995837,35.29967500005127],[-79.71046900024238,35.292615999633576],[-79.7124700002327,35.286649999790946],[-79.71189600012235,35.275608000238485],[-79.70528399988092,35.26823000003157],[-79.70268000036624,35.25590699967745],[-79.69800700019088,35.25152099965033],[-79.68788199969035,35.249998999694455],[-79.68541999956759,35.24768799994049],[-79.68160599990792,35.248128999773876],[-79.67231499980873,35.2447139996699],[-79.6694829997901,35.23988999974029],[-79.66932899980432,35.23502299983312],[-79.66794399975714,35.23453899972412],[-79.6685599997003,35.229550000136605],[-79.66431400022049,35.226628999960006],[-79.66479100024647,35.21652199991125],[-79.66214300035085,35.21191399970431],[-79.66212900010716,35.204843999765515],[-79.65757800013051,35.191595999946486],[-79.64925199995395,35.18861900030532],[-79.63697400002545,35.17602499975816],[-79.62767799990341,35.17445399991743],[-79.62754200035928,35.170074000138314],[-79.62243999983852,35.17034200009304],[-79.62180299997895,35.17177999999869],[-79.61771800015764,35.168004000036476],[-79.61596800023747,35.16843799988217],[-79.61440800028812,35.159653000162415],[-79.61021200013873,35.155358000271704],[-79.6094089996995,35.14897099976846],[-79.60625100016597,35.1490080002006],[-79.60505500026468,35.14759299970466],[-79.60589299996566,35.146252000028326],[-79.60227000010171,35.14646299980775],[-79.58907900012915,35.13897399997701],[-79.58757799973102,35.135986999924214],[-79.58534300028728,35.13523599998314],[-79.58321699972518,35.128023000249584],[-79.57622200006742,35.124400000340145],[-79.57207100012387,35.126248000016034],[-79.56045400034436,35.12006700005369],[-79.54268399990775,35.12309099969229],[-79.54207800001033,35.138548999834235],[-79.54497600015121,35.14422900035471],[-79.54444499969857,35.14857900011239],[-79.54709299959418,35.153113999787244],[-79.53953399987181,35.16220400000451],[-79.54301799981859,35.165409999920215],[-79.54655799984188,35.17239500030467],[-79.54588699964714,35.17674600012828],[-79.5558599998117,35.181930999753355],[-79.55033899988959,35.17947200001965],[-79.54346700025548,35.18019099987025],[-79.53288800019351,35.17783800027418],[-79.51990800010815,35.180835000192346],[-79.52357500035303,35.17578500019826],[-79.50892700036327,35.17655899979817],[-79.509190000129,35.16650100011887],[-79.49881000025867,35.16659300023379],[-79.49481999997359,35.15969999997664],[-79.49192500020578,35.15813199995292],[-79.48429299979017,35.15711499997933],[-79.47260999988842,35.16007899979885],[-79.48145699957357,35.16024699984888],[-79.48184300026128,35.16301899978272],[-79.48249900038739,35.16151000021013],[-79.48508600018363,35.16381100014202],[-79.4715739998207,35.166002999957136],[-79.47162599969923,35.1706790001797],[-79.46428399971187,35.17078999971076],[-79.46337900006371,35.16950999981418],[-79.46501799965579,35.16805799991672],[-79.46337400004083,35.16729600016624],[-79.46650900000816,35.16684899984624],[-79.46512300013609,35.15660200004967],[-79.45274800012321,35.156771999827846],[-79.45260500000806,35.155084999948436],[-79.43766900013823,35.154296000119544],[-79.43559899965261,35.153015000273776],[-79.42963699968952,35.15437699999086],[-79.429007000401,35.16444800017304],[-79.42582399985477,35.164482000255795],[-79.42537000029333,35.17163900012194],[-79.42936999972584,35.175768999663944],[-79.44039800022468,35.1770079997338],[-79.43906699970589,35.183773000150445],[-79.44786999990842,35.19480199999987],[-79.44683499966561,35.199003999862526],[-79.44146100005658,35.19949700004965],[-79.42229399987723,35.19671499992142],[-79.42165399964463,35.199771000060075],[-79.42664700038546,35.200455999712375],[-79.42543600041557,35.20675700026061],[-79.4263829998965,35.20889500030464],[-79.42939200036545,35.20934300025593],[-79.43807500001907,35.20597099966213],[-79.43793000025414,35.210273000094084],[-79.43414400018355,35.20984799965878],[-79.43273300019712,35.21112799985139],[-79.43267200009774,35.21223899991101],[-79.43783499981959,35.21219300001273],[-79.43772199984168,35.21483200010466],[-79.43380799972456,35.214667999714976],[-79.43354800033188,35.22028800022351],[-79.43215400006389,35.22022200030062],[-79.43203000021533,35.22256999963962],[-79.428783000095,35.22282899974171],[-79.42875600033082,35.23191699972019],[-79.44714600001024,35.2310239996418],[-79.44714799966005,35.228839999799334],[-79.44440699987803,35.22780399999383],[-79.44788699962686,35.225232000223784],[-79.44917299993983,35.226631000334265],[-79.46010299963106,35.22760300026515],[-79.48095000030868,35.224694000040834],[-79.4781009996733,35.216921000002536],[-79.48217399979906,35.214241000323355],[-79.48529299987287,35.221937999933104],[-79.50275199996487,35.22320100006569],[-79.50429400037088,35.227784000207414],[-79.50341099956572,35.24338899965177],[-79.5059079998486,35.24750599972924],[-79.50349500012962,35.2507590000534],[-79.50367099985671,35.253001000315095],[-79.51009999980003,35.26157700005708],[-79.50639499992029,35.27762099977443],[-79.51155500016739,35.28087699988347],[-79.51290500005447,35.28707300003651],[-79.5176860001849,35.290818999828495],[-79.54364999965527,35.291536000069655],[-79.54474199979948,35.409318999669615],[-79.40748000020612,35.40856599965439],[-79.40676600035367,35.425701999834125],[-79.39888899971568,35.440082000334286],[-79.40170099964281,35.44761700027887],[-79.40064100018397,35.45819799977296],[-79.40958099975555,35.47002199968252],[-79.42572599994547,35.497375000314385],[-79.43004099992058,35.51689099967124],[-79.5558039997352,35.51503900017207],[-79.55323299983249,35.59928100013769],[-79.54554100004074,35.74260099983982],[-79.57269600028785,35.74262300021565],[-79.59176600038283,35.74662299970874],[-79.6032900002759,35.75157099979359],[-79.61955099991847,35.7482419999786],[-79.6190110001433,35.757418000093914],[-79.62232299966264,35.76589400016759],[-79.63168999992979,35.77710899993161],[-79.64343899995379,35.78611700008228],[-79.64473500031248,35.790900999777236],[-79.64196000019528,35.809953999726716],[-79.64317399963991,35.825869000171494],[-79.64582200043382,35.83038900027408],[-79.64418499959326,35.84674199971767],[-79.63747100014291,35.84856899999825],[-79.6307250000072,35.84546400013222],[-79.62415499959856,35.84595900023578],[-79.62106599966198,35.84360699968063],[-79.60543600003119,35.8483559997298],[-79.62642799957545,35.865636999957],[-79.63855999991408,35.8830269997783],[-79.63520999986159,35.887471999879075],[-79.63310900031216,35.903276999681616],[-79.62945700013589,35.90342899972107],[-79.76330900030062,35.908841999877346],[-79.77057699976984,35.88450100022227],[-79.7701369995538,35.87957800021935],[-79.76811200017235,35.8775110001286],[-79.77103999955212,35.875448999900996],[-79.76777599971336,35.87055600001001],[-79.77078699983214,35.86913599977644],[-79.7674479996503,35.853423000185174],[-79.76874700038206,35.846972000305264],[-79.76778999995706,35.844636000268316],[-79.7720949998864,35.8438329999524],[-79.77080100007583,35.84293600025735],[-79.77271099982957,35.841432999702455],[-79.77190099971766,35.839413000127706],[-79.77555600026699,35.83496999994407],[-79.7731150000606,35.8288319998723],[-79.77595499957684,35.82798699970122],[-79.77669000024397,35.82374800003478],[-79.77297699996834,35.82072600019343],[-79.77456000038224,35.81938800024303],[-79.77954099963087,35.820912000057206],[-79.77503499986007,35.811910999784295],[-79.77768100010586,35.80295799982582],[-79.77473199991135,35.79794299999672],[-79.77037900030143,35.7965459999288],[-79.77276699990605,35.79521799963803],[-79.77313599997699,35.79178700032213],[-79.76990999977308,35.77564299974857],[-79.77488699972207,35.76726400003246],[-79.77125700018541,35.760594999975346],[-79.77914700034388,35.760013000185324],[-79.7822110001661,35.75619800034811],[-79.78168200026158,35.75404800028048],[-79.78341700011313,35.75405199964143],[-79.7842180000042,35.74895000027439],[-79.7765999998323,35.745327000174754],[-79.7706649996334,35.74500599995463],[-79.75967100036804,35.735889000236796],[-79.75794099964105,35.72911000031214],[-79.76300299997887,35.724278000208415],[-79.76609199991545,35.71623000024892],[-79.7593240000384,35.71913499980663],[-79.7591120003263,35.685285000120736],[-79.76745000019844,35.683911000099954],[-79.76337500042287,35.67710899981243],[-79.77143000043776,35.674032999754964],[-79.77747799971627,35.673958000224296],[-79.77645000004448,35.66791900010846],[-79.77755300005934,35.65615399980934],[-79.78346399996882,35.6575670001124],[-79.79267700025017,35.66278700033371],[-79.79654199996345,35.667574000070424],[-79.81134999978678,35.65326600024508],[-79.83171500041557,35.65337799983717],[-79.83306799977737,35.650127000315095],[-79.83612699957672,35.660902999774],[-79.83218499987053,35.67052399998461],[-79.84121900005175,35.673071000185665],[-79.83825999981151,35.68408000024131],[-79.8426300000382,35.68327500030567],[-79.84215800003508,35.68786299984461],[-79.92960900013064,35.724414999897455],[-79.93022199970075,35.71150799982753],[-80.05823599975096,35.71323300023225],[-80.06682899989123,35.50587600005168]]]}},{"type":"Feature","properties":{"GEOID":"37115","NAME":"State House District 115","BASENAME":"115","STATE":"37","SLDL":"115"},"geometry":{"type":"Polygon","coordinates":[[[-82.88810700037392,35.67300900031787],[-82.87679500019296,35.66620599997188],[-82.87804200014786,35.66252599992423],[-82.87216499967528,35.65744300033283],[-82.87461599992739,35.651437000260124],[-82.8686890001244,35.6452509997449],[-82.86901100033968,35.641848999856364],[-82.86506999956009,35.634794999893664],[-82.85528499971652,35.63680400017867],[-82.85176999980759,35.63542300002104],[-82.85090399961918,35.6328650000551],[-82.85205600003786,35.63009200001165],[-82.85044400020995,35.62771900020491],[-82.85166799970034,35.61727200025552],[-82.84608999987681,35.6143089996893],[-82.84486700021134,35.61651100034061],[-82.83618500038263,35.621376999931584],[-82.83181000013309,35.61963499983645],[-82.82898999981002,35.62020100005929],[-82.82643800017387,35.622853000250686],[-82.82118300039055,35.623163999945795],[-82.8144420002777,35.627741000156796],[-82.81160100003824,35.627265000311915],[-82.80975200038387,35.62499999977469],[-82.80961799959127,35.61784100030596],[-82.80348999994683,35.61085899995764],[-82.80190400005819,35.6025200003024],[-82.79919400023829,35.597849999714484],[-82.78405199960581,35.591244999803784],[-82.77717699959867,35.58240899989497],[-82.77851200031544,35.57788000019527],[-82.77055000018696,35.57593199983556],[-82.76589299990509,35.56749500016497],[-82.77265400010943,35.562562999957095],[-82.7775239999283,35.55561900025331],[-82.77124300012298,35.55039800013228],[-82.76594800015667,35.539000999701905],[-82.76776699967381,35.53521399982161],[-82.77414499956349,35.53187999979081],[-82.78021100018196,35.52571100031741],[-82.77801199982493,35.51992500008903],[-82.78499700033525,35.507454999979025],[-82.78244700034892,35.504294000027095],[-82.78652899979721,35.498124000031055],[-82.78580099970107,35.49484299974202],[-82.79337299984222,35.48406800027336],[-82.7974550001888,35.47135300029391],[-82.79963699992909,35.47103400017754],[-82.79411500018206,35.46905300024884],[-82.79463700041387,35.46546200021152],[-82.7861840000157,35.45702800004585],[-82.78409099996388,35.44401599995446],[-82.78169099976537,35.43954200024414],[-82.76856799956488,35.43244000032253],[-82.76598699961642,35.432479999752815],[-82.75606100020583,35.42519599973759],[-82.74827999982732,35.42548500008797],[-82.74513900001219,35.422967000019796],[-82.73924599964609,35.42996800019589],[-82.73089299970535,35.43231600035205],[-82.7303610003261,35.435567000220935],[-82.72543799990547,35.437557999827824],[-82.7149090000722,35.44839199987672],[-82.7119649999006,35.4484269997627],[-82.70073899993334,35.45431799978019],[-82.69934399984042,35.45303599983108],[-82.69528999998124,35.45452599963947],[-82.6798059999403,35.45406299979951],[-82.67042399960454,35.46172600010792],[-82.66599200035189,35.47330999983605],[-82.66691999956626,35.47911800000616],[-82.66215199985466,35.4832780000251],[-82.66015199968923,35.49001399991181],[-82.6718489998347,35.50177399978082],[-82.67143600028113,35.50602799988582],[-82.67575299990604,35.51027299979749],[-82.67937199957203,35.52623100030611],[-82.66894300019622,35.531569000011956],[-82.67138900042546,35.53997900023921],[-82.66878500001246,35.53842500006154],[-82.66799199961899,35.54164899968292],[-82.65646500025117,35.54139700030849],[-82.66375299981189,35.550329999653734],[-82.67044500041925,35.5520049996854],[-82.66766500027916,35.553007999673945],[-82.66861199976012,35.55806299973691],[-82.66278799988929,35.55827099999945],[-82.66341899990105,35.55665900010753],[-82.66193500011967,35.55496499995447],[-82.6596629999677,35.555522999665236],[-82.65574100035299,35.55356999976292],[-82.65420300014495,35.55690999999967],[-82.64914099980714,35.55899999968347],[-82.63529899973132,35.56107900004041],[-82.6326220004217,35.56708199982287],[-82.62977299978634,35.56706300033976],[-82.6273840003568,35.56498600033756],[-82.62374999972388,35.56980899966374],[-82.62885700026753,35.5720310001884],[-82.63016699997164,35.57871700007811],[-82.63332600022841,35.579120999950355],[-82.65044300001364,35.589676999677934],[-82.65136500027855,35.60144500011338],[-82.64090699969209,35.607356999990955],[-82.63201899999903,35.60723500015703],[-82.62549200014644,35.60475899990708],[-82.62113899963819,35.60641399972906],[-82.62119999973756,35.60769200011069],[-82.61909699963999,35.606964000087864],[-82.61930900025041,35.61104399972947],[-82.61681399961736,35.60861600006673],[-82.6152749995844,35.608501000301914],[-82.61628100041321,35.609070999769955],[-82.61508600033685,35.61231800001382],[-82.6117129998198,35.613786999680364],[-82.60975799986025,35.618280000254295],[-82.60190100021205,35.62627100015252],[-82.59904099970602,35.64142699987333],[-82.60064800040935,35.65133999992076],[-82.59768300032134,35.65131799989516],[-82.58376000005467,35.66105299994112],[-82.58450700041737,35.66344199988583],[-82.58125699992401,35.66368899971794],[-82.5772850000806,35.65850999999441],[-82.58014899988626,35.6504039996472],[-82.5790800002066,35.65134900022813],[-82.57926500015454,35.64946099968173],[-82.57749000012002,35.648898000234325],[-82.56928199994422,35.64974100002601],[-82.5718360001285,35.644659000066845],[-82.56993200022256,35.643946999862486],[-82.56404200022949,35.64503900014236],[-82.56449400014111,35.646928000166724],[-82.56077400019278,35.64852600008992],[-82.56010999967073,35.64526800016042],[-82.55729500026887,35.64550499965048],[-82.55716600039743,35.65057900019269],[-82.55328400006739,35.652697999791734],[-82.54926899966794,35.6519790002441],[-82.5502710002988,35.650768000205254],[-82.5463999998394,35.65067199982605],[-82.54613500042385,35.6518849999152],[-82.54592199998852,35.64998699984715],[-82.5405630004481,35.65705199982023],[-82.53944000034174,35.65485599973765],[-82.53109099970067,35.66017700017981],[-82.5231110000288,35.658842999773796],[-82.51787600033695,35.66154699975455],[-82.51341099967571,35.65985100034793],[-82.49684700008446,35.666710999734825],[-82.49018399978942,35.66401800029316],[-82.48937000037786,35.65084499970361],[-82.49583500030617,35.644641000133696],[-82.49905800013705,35.63324000015327],[-82.4883440003559,35.62165900018031],[-82.49283800043112,35.61263000029929],[-82.4917100003019,35.60664700030017],[-82.48838700001357,35.60267500006926],[-82.48802999963821,35.59424099974425],[-82.48483699994456,35.59395499990528],[-82.48482900044695,35.592396999945194],[-82.47909900028746,35.60244799984207],[-82.48049699985512,35.60891699981175],[-82.4703370000928,35.62443300028926],[-82.4728360000255,35.629064999853185],[-82.4711460003798,35.63248700030764],[-82.45841599964136,35.622226000350615],[-82.452948000321,35.61512599966984],[-82.45673100001855,35.60787199993365],[-82.45522999962043,35.58804199972699],[-82.45052800003104,35.59093999982409],[-82.42874100044348,35.59393900028769],[-82.39457399992187,35.60297399970442],[-82.37758600000808,35.60003100021159],[-82.37775199968944,35.601215000256275],[-82.38090900029637,35.601310000213886],[-82.37957600012774,35.616682999946164],[-82.37697599991272,35.625126000250106],[-82.37802200002616,35.65030700024335],[-82.38206800038775,35.651411000128014],[-82.38437200032675,35.65633899988227],[-82.38227599990188,35.65989100036309],[-82.38283599976853,35.667010999858974],[-82.38067699959446,35.67341100029932],[-82.37608499960994,35.679507000197525],[-82.38044099959292,35.6855089997925],[-82.38371500037573,35.68721899985538],[-82.38352100020697,35.69172700003642],[-82.38218999968815,35.69481799975782],[-82.37991599988635,35.695776999884565],[-82.3789879997737,35.700727999857186],[-82.37485899957142,35.70183099972579],[-82.3692530001588,35.70800999970135],[-82.36501000015375,35.710003000063665],[-82.3601489996574,35.71802200013808],[-82.35593400013974,35.719782999844554],[-82.35240400016218,35.72940500020318],[-82.34521299978755,35.73217800017125],[-82.34052299989374,35.74111599979043],[-82.33828000005407,35.74268099998413],[-82.33945400021403,35.74783900003029],[-82.33505399985015,35.74939600009628],[-82.33773000023315,35.76815699964097],[-82.34366399970884,35.77541999973799],[-82.3433080000567,35.780643000153304],[-82.34635699981028,35.78699900014637],[-82.34351899994388,35.79179999972861],[-82.33829900032065,35.796149000114696],[-82.33829500012268,35.80171700029213],[-82.34526300001626,35.804492999908],[-82.34886400013889,35.811680000064534],[-82.35848999997381,35.8169559997429],[-82.36195600037725,35.821245000157965],[-82.36563899961736,35.82178599997264],[-82.37359099970011,35.81782799997374],[-82.3817129996622,35.82410999994265],[-82.39658099975996,35.81832399999504],[-82.40260600037055,35.81753400026941],[-82.40358600036178,35.8194879996537],[-82.40766100013735,35.8185459996851],[-82.4123460000083,35.81471899967355],[-82.4177110002948,35.81338599994618],[-82.42736499971882,35.81376600012249],[-82.43545099969587,35.808556000095955],[-82.44396799966815,35.80884700025726],[-82.44705999997778,35.810428999794965],[-82.45429900003302,35.80734799981492],[-82.46365799990423,35.80966499971826],[-82.46515900030236,35.801795999670205],[-82.47584499959613,35.79830799992566],[-82.48831800041661,35.80148900034616],[-82.49516499993636,35.79945699976277],[-82.49899600021278,35.80151099973678],[-82.50334200015001,35.80093099992275],[-82.5065170003003,35.8027680003346],[-82.51438900001712,35.80330900000677],[-82.52005700025234,35.79913400011104],[-82.52534600037086,35.79871800034132],[-82.53178100016197,35.795824000041904],[-82.53568699988313,35.79106699966253],[-82.5396269999395,35.79179699980969],[-82.66788500038717,35.73771000002803],[-82.66846100014736,35.734734000017646],[-82.67767000023076,35.734633999687325],[-82.6695199997813,35.73023899972168],[-82.66960799964484,35.72579399980747],[-82.68525999991527,35.726964000027],[-82.69019800040452,35.729752999799594],[-82.69184700004233,35.73353100023302],[-82.69471900024392,35.73503299981142],[-82.7008629997819,35.734747000000354],[-82.70725900011325,35.73217599994125],[-82.71213099958194,35.73299400012522],[-82.70998400000177,35.728663000081134],[-82.71371499982075,35.72704899964137],[-82.7095150003717,35.72686800014752],[-82.7088950002306,35.7255300003586],[-82.7110300001152,35.725170000296856],[-82.71396300041617,35.717651999643856],[-82.72063300038393,35.715546999741996],[-82.72742200017734,35.71803599985885],[-82.73097499972111,35.72240299990308],[-82.73263000010502,35.71817300007081],[-82.73677100000283,35.71606800007413],[-82.73304400038181,35.713923999985035],[-82.73609399996032,35.713863999735274],[-82.73744200019757,35.7117979999503],[-82.74539500010523,35.714516000222275],[-82.74607899982044,35.712647999915205],[-82.75165499999414,35.71063500036019],[-82.74988900018047,35.70661500015018],[-82.75160999978831,35.70699900029696],[-82.75451999962475,35.703275000280655],[-82.76917199981246,35.69836600020291],[-82.77492799991123,35.7000880000366],[-82.78546099994244,35.698074999914425],[-82.78834700038773,35.695994000033295],[-82.79316500032807,35.6965250002906],[-82.79733100034024,35.6920130003301],[-82.79775099956649,35.68920400031974],[-82.80653200002773,35.68578399975419],[-82.81555799981304,35.689095000056476],[-82.82441600026716,35.688484999743004],[-82.82668800041913,35.69069699986405],[-82.83897200019541,35.693607999715624],[-82.84261299960272,35.69954499970226],[-82.84887000001689,35.70172800000703],[-82.85407999959439,35.69945200010033],[-82.85388399977582,35.696749999963714],[-82.85707399999472,35.69340099982185],[-82.86716199978702,35.68894300019706],[-82.87110100001846,35.688925000031304],[-82.87477499993604,35.68350699975339],[-82.88186400020345,35.68037799964963],[-82.88810700037392,35.67300900031787]]]}},{"type":"Feature","properties":{"GEOID":"37116","NAME":"State House District 116","BASENAME":"116","STATE":"37","SLDL":"116"},"geometry":{"type":"Polygon","coordinates":[[[-82.65159899973195,35.600729000200666],[-82.65044300001364,35.589676999677934],[-82.64799500013456,35.58751699972489],[-82.63332600022841,35.579120999950355],[-82.63016699997164,35.57871700007811],[-82.63027800029973,35.57661100011681],[-82.62591499974573,35.576413000182754],[-82.62230600012548,35.573820000267744],[-82.62304500009228,35.569818999972554],[-82.61768700037678,35.570168999763766],[-82.61498699970433,35.56549999993511],[-82.60777100011363,35.56421999964755],[-82.60275999982943,35.56746000025566],[-82.60072500040225,35.56339200026754],[-82.59722100036397,35.56288300015882],[-82.59730500002956,35.55933400000649],[-82.5914920000294,35.554314000254976],[-82.58940599965025,35.55377700019823],[-82.59276999994646,35.55805699984078],[-82.59293999982577,35.56227700024842],[-82.59130000040878,35.56427799976713],[-82.58569099972479,35.56597199965852],[-82.57874399974762,35.56496199990052],[-82.56341100021773,35.568522000070935],[-82.56456000026334,35.564344999714436],[-82.55816599958182,35.56345799982234],[-82.55161000031521,35.55982700014533],[-82.55085700010473,35.55523200008066],[-82.54242399979803,35.549794999637726],[-82.54584699964543,35.54628999971681],[-82.54602599974558,35.540940999845525],[-82.55009200019865,35.540996000141426],[-82.54965500035566,35.53735199989413],[-82.55363499969668,35.53288700023403],[-82.54973300017345,35.52704000018487],[-82.5518410002939,35.524395999673416],[-82.55094900016623,35.52115299967713],[-82.5525180003364,35.519911000009195],[-82.54897499994009,35.517521999932406],[-82.54761099980931,35.51407200004618],[-82.54481399995079,35.51420399985756],[-82.54318600022937,35.51232000014067],[-82.53561900011107,35.51177800032915],[-82.53513600023733,35.515366999894546],[-82.52849800005662,35.515571000142785],[-82.5283900001016,35.51968900029748],[-82.51877199976427,35.52478700012827],[-82.51316299997859,35.525706000336314],[-82.50882799991204,35.531713999708614],[-82.49869599973881,35.54073799971591],[-82.49957799982073,35.54514500015974],[-82.49518699967767,35.56051100026807],[-82.49328100012191,35.56237300005493],[-82.49905700031216,35.56458299971775],[-82.49750099966242,35.566663000292316],[-82.46443700005399,35.58049900001182],[-82.46491400007997,35.581698000076045],[-82.46038400001973,35.58488999967786],[-82.46323199993189,35.586593000155915],[-82.46460799975823,35.58484000022331],[-82.46570400010042,35.585693000229696],[-82.46589599972101,35.583841999757574],[-82.47111500041767,35.58620099995102],[-82.48742200009099,35.587403999798845],[-82.48401699978692,35.59335099988623],[-82.48482900044695,35.592396999945194],[-82.48483699994456,35.59395499990528],[-82.48802999963821,35.59424099974425],[-82.48838700001357,35.60267500006926],[-82.4917100003019,35.60664700030017],[-82.49283800043112,35.61263000029929],[-82.4883440003559,35.62165900018031],[-82.49905800013705,35.63324000015327],[-82.49583500030617,35.644641000133696],[-82.48919700012549,35.65147800014233],[-82.49062300018056,35.6562689996486],[-82.49018399978942,35.66401800029316],[-82.49664000039522,35.66669699975986],[-82.51341099967571,35.65985100034793],[-82.51787600033695,35.66154699975455],[-82.5231110000288,35.658842999773796],[-82.53109099970067,35.66017700017981],[-82.53944000034174,35.65485599973765],[-82.5405630004481,35.65705199982023],[-82.54592199998852,35.64998699984715],[-82.54613500042385,35.6518849999152],[-82.5463999998394,35.65067199982605],[-82.5502710002988,35.650768000205254],[-82.54926899966794,35.6519790002441],[-82.55328400006739,35.652697999791734],[-82.55716600039743,35.65057900019269],[-82.55729500026887,35.64550499965048],[-82.56010999967073,35.64526800016042],[-82.56077400019278,35.64852600008992],[-82.56449400014111,35.646928000166724],[-82.56404200022949,35.64503900014236],[-82.56993200022256,35.643946999862486],[-82.5718360001285,35.644659000066845],[-82.56928199994422,35.64974100002601],[-82.57749000012002,35.648898000234325],[-82.57926500015454,35.64946099968173],[-82.5790800002066,35.65134900022813],[-82.58014899988626,35.6504039996472],[-82.5772850000806,35.65850999999441],[-82.58125699992401,35.66368899971794],[-82.58450700041737,35.66344199988583],[-82.58376000005467,35.66105299994112],[-82.59768300032134,35.65131799989516],[-82.60064800040935,35.65133999992076],[-82.59904099970602,35.64142699987333],[-82.60190100021205,35.62627100015252],[-82.60975799986025,35.618280000254295],[-82.6117129998198,35.613786999680364],[-82.61508600033685,35.61231800001382],[-82.61628100041321,35.609070999769955],[-82.6152749995844,35.608501000301914],[-82.61681399961736,35.60861600006673],[-82.61930900025041,35.61104399972947],[-82.61909699963999,35.606964000087864],[-82.62119999973756,35.60769200011069],[-82.62113899963819,35.60641399972906],[-82.62549200014644,35.60475899990708],[-82.63201899999903,35.60723500015703],[-82.64090699969209,35.607356999990955],[-82.65159899973195,35.600729000200666]]]}},{"type":"Feature","properties":{"GEOID":"37117","NAME":"State House District 117","BASENAME":"117","STATE":"37","SLDL":"117"},"geometry":{"type":"Polygon","coordinates":[[[-82.74513900001219,35.422967000019796],[-82.65052699967922,35.33182500000274],[-82.61924800015105,35.30370799994319],[-82.62221400006396,35.30295599978953],[-82.62338300020107,35.29539899980039],[-82.6190339998908,35.28842899984179],[-82.61018600038074,35.28819899983041],[-82.6161190000315,35.260066000130095],[-82.61440500009634,35.2595079999055],[-82.61124300036484,35.26152699976412],[-82.60612400012562,35.26012800008088],[-82.6023699998421,35.26143500008329],[-82.60100800025945,35.26393500031633],[-82.59537400035944,35.26235899997962],[-82.59233499975326,35.26394199987249],[-82.59099300026212,35.26087399972136],[-82.58894500041612,35.26167200030874],[-82.58268700017703,35.254830000083984],[-82.5774399998913,35.25293700032191],[-82.56512500015288,35.25427699971956],[-82.56748900036636,35.25919200005935],[-82.56551699979003,35.26105200020975],[-82.56033300015181,35.2613879997117],[-82.5594179995596,35.26412300013087],[-82.55692000035015,35.265291000285394],[-82.54469099992711,35.2662699997788],[-82.54524900014397,35.26919599994297],[-82.54944100009541,35.27190100024208],[-82.54777300019103,35.274612000195056],[-82.55033800024594,35.27819800019973],[-82.55035900016235,35.286621999878676],[-82.56259799973279,35.29708300000606],[-82.56247300005931,35.302468999982764],[-82.55821300033581,35.30398599971043],[-82.55246700028277,35.30319700012113],[-82.54557100035923,35.307294000026694],[-82.53667199989724,35.30556599989199],[-82.5297929996921,35.30580499989375],[-82.52868800002743,35.30754300000732],[-82.52778099983114,35.304625000258866],[-82.52845899969857,35.308253000042086],[-82.52493100026918,35.3085459996959],[-82.52377999967541,35.30814699965821],[-82.52396999964621,35.30391999974138],[-82.52171299956284,35.30295399983241],[-82.52223300014485,35.307616000133066],[-82.51930599969167,35.307544999850954],[-82.5194079997989,35.30391599987486],[-82.51641799959653,35.303699000219574],[-82.515119999588,35.30648700014852],[-82.5113660002028,35.304960000124616],[-82.51078700006957,35.30776000034875],[-82.50763700003361,35.31033700020989],[-82.50444400033996,35.309535000118025],[-82.50385000013813,35.30755399987986],[-82.50209900039306,35.30921400022053],[-82.50213200000503,35.30507799971418],[-82.50449700004343,35.30511799999578],[-82.50526100012458,35.29807299982263],[-82.4977159997476,35.29481499968636],[-82.49024400006385,35.29700400032915],[-82.48831599986848,35.29077899981109],[-82.47889900027094,35.287028000224645],[-82.48239900011123,35.28155899974965],[-82.48919999960023,35.278337000013096],[-82.48760799986383,35.27646199972954],[-82.48209799981235,35.278971000024484],[-82.47735400039018,35.274525000153005],[-82.4683290004298,35.27840200002861],[-82.462641999928,35.29752400008044],[-82.46439600004612,35.2983780001067],[-82.46353499988058,35.300334999686164],[-82.46183000016627,35.300128000093494],[-82.46026699984387,35.305113000236545],[-82.45754500032841,35.30292599969497],[-82.45899999979747,35.3014699997219],[-82.45496600002978,35.300324000298446],[-82.45592000008172,35.29817299998232],[-82.45201600001039,35.297262000158064],[-82.45204500032268,35.2935880003384],[-82.44939800025199,35.293973999887676],[-82.44148700017712,35.30000799985338],[-82.43692000030696,35.29721399999643],[-82.4387820003801,35.29531899987314],[-82.43774999961202,35.29390899990824],[-82.43482200023226,35.292480999834545],[-82.43238600004875,35.29422399988614],[-82.43357799975207,35.2955510003241],[-82.42849200002314,35.29116500029087],[-82.42091499985911,35.29561999999494],[-82.40732499967837,35.29740200028368],[-82.41558300008288,35.306394000285714],[-82.4207950002085,35.31564499974334],[-82.41975699959266,35.31559999969192],[-82.41927600026703,35.32080499986489],[-82.41989600040814,35.32817599972306],[-82.400018999676,35.32695399976242],[-82.36696500011331,35.32970400008783],[-82.36232200007517,35.334059000325745],[-82.35629999983762,35.333124000056316],[-82.35465700004758,35.33096400021034],[-82.34967599990063,35.32975099964646],[-82.35097200025935,35.32248899973264],[-82.34799299992763,35.319475000158015],[-82.34220699969163,35.3178170003573],[-82.33682200021195,35.321765999698684],[-82.3335159996421,35.31924399991582],[-82.33183500021723,35.32011700005944],[-82.33205199995218,35.32258599982319],[-82.3289189996347,35.32403799978992],[-82.32888099999987,35.32114900013779],[-82.32689300042833,35.319883999913785],[-82.32114599965207,35.323815000088125],[-82.31803599979912,35.328372000128034],[-82.3178369996075,35.33750100034712],[-82.31304100030678,35.33756399990847],[-82.30526499995112,35.332629999931335],[-82.30247499976527,35.33521799999316],[-82.29814200024686,35.33591000001583],[-82.29797400001736,35.33973000003982],[-82.29003000033052,35.35175399995352],[-82.29000799969091,35.35383699974532],[-82.28206999985184,35.360788000016534],[-82.27983500040811,35.365107000067816],[-82.2813769999158,35.367579999936],[-82.27674399992341,35.3746909997817],[-82.26133500022554,35.388937999652846],[-82.26176799987059,35.39447300008865],[-82.2702020000022,35.40046099998119],[-82.2685140000063,35.406213999936185],[-82.27260700022354,35.40966799990428],[-82.27271299963044,35.4188399998459],[-82.27580300029025,35.42328199983748],[-82.27342300018323,35.43070699977902],[-82.28055000008547,35.44282200002486],[-82.26579499996558,35.4678179998842],[-82.33282199988113,35.500219999854856],[-82.3378809998459,35.498493999857686],[-82.33957999971243,35.494777999837645],[-82.33867099986632,35.49087099965777],[-82.34100300029274,35.48888599972697],[-82.34539000023786,35.48783000017489],[-82.35639899957182,35.490712000006305],[-82.3589319998397,35.48917199999088],[-82.36087000008084,35.485086999673065],[-82.3693229995807,35.4855180000414],[-82.36932000010596,35.482516000097306],[-82.3718719997421,35.47991000013883],[-82.36973299965953,35.47549199974352],[-82.37068199968859,35.4720160001865],[-82.36800299983084,35.468738999658044],[-82.36724499959747,35.464024000084876],[-82.36313300001197,35.46095999991612],[-82.3684990001234,35.460615999873255],[-82.38118700013071,35.46359400026688],[-82.38824299988782,35.469981999887125],[-82.40031599977692,35.471313999785664],[-82.40187999992425,35.469827000309095],[-82.40698400009484,35.47380300035885],[-82.41131099976549,35.47207599981763],[-82.41751100027828,35.47450100005019],[-82.42299500039047,35.47058199985023],[-82.42718599961869,35.47035799966586],[-82.4305380002193,35.4652640002652],[-82.43497799986785,35.46286799999899],[-82.44578600025868,35.46090000004009],[-82.44692100006061,35.458229000243534],[-82.45389300015214,35.455473999801],[-82.45578700001234,35.44971600026499],[-82.46131600033038,35.45085000032055],[-82.47055700020084,35.4451740002339],[-82.5349100002815,35.44441299971947],[-82.53648299975134,35.43688300031009],[-82.5290539997253,35.43610699989203],[-82.52983799989796,35.4227989997109],[-82.53545599990446,35.422380000298624],[-82.53322800013342,35.41644999984042],[-82.53593600030348,35.4222360001564],[-82.53852700029768,35.421352000210874],[-82.53983899965161,35.42327999993084],[-82.54694999966033,35.42515900013965],[-82.54227900003308,35.43128000014966],[-82.5464219995807,35.44055600016064],[-82.54935700042982,35.440598000158886],[-82.54882500015225,35.44430500009337],[-82.56118799957126,35.443178999873986],[-82.56190099959878,35.43759099975024],[-82.56793899972983,35.43791600010437],[-82.56798399993568,35.435003999888686],[-82.57060800044016,35.431044999710316],[-82.58073399986728,35.43334500013885],[-82.58288600036866,35.436248999803276],[-82.58703099956612,35.438126000175885],[-82.59501399961101,35.435704999692504],[-82.60842100039196,35.44325300005871],[-82.6145220002722,35.43980900003393],[-82.61807800018902,35.44022999974287],[-82.62174899973357,35.43569299990696],[-82.63523199978417,35.44286200015231],[-82.6419639996762,35.44429199970171],[-82.64407500016969,35.449063999857735],[-82.65062299993869,35.45193400014525],[-82.6529260000528,35.4550039997199],[-82.660606000149,35.452776000047685],[-82.665394999777,35.457230000099514],[-82.67309900016264,35.45949300028821],[-82.6798059999403,35.45406299979951],[-82.69528999998124,35.45452599963947],[-82.69934399984042,35.45303599983108],[-82.70073899993334,35.45431799978019],[-82.7119649999006,35.4484269997627],[-82.7149090000722,35.44839199987672],[-82.72543799990547,35.437557999827824],[-82.7303610003261,35.435567000220935],[-82.73089299970535,35.43231600035205],[-82.73924599964609,35.42996800019589],[-82.74513900001219,35.422967000019796]]]}},{"type":"Feature","properties":{"GEOID":"37118","NAME":"State House District 118","BASENAME":"118","STATE":"37","SLDL":"118"},"geometry":{"type":"Polygon","coordinates":[[[-83.2574169999709,35.70522499997255],[-83.25425699988922,35.695593000227085],[-83.21513000003536,35.69233700036265],[-83.20694399960087,35.68106599986558],[-83.20377199982363,35.67968199971629],[-83.19971899978935,35.68105600032701],[-83.19461399979384,35.67785900028163],[-83.19197500011907,35.67786999992275],[-83.18935499981256,35.67354700008519],[-83.18197699984016,35.67132699981781],[-83.19466499984748,35.660889000240346],[-83.19638100033076,35.654313000301],[-83.20282100014474,35.64956499977818],[-83.20243000033247,35.6445000001521],[-83.19985799970654,35.641187999645275],[-83.18751399965579,35.640820000037614],[-83.17709799980045,35.63195500009569],[-83.17587099993703,35.62749999995596],[-83.18070700031902,35.622988999968],[-83.18163299988356,35.61868699969387],[-83.17901500012519,35.61429599979203],[-83.17597999971697,35.61245000022691],[-83.18265499970758,35.605204999973914],[-83.18537200009848,35.599369999745605],[-83.18319899968071,35.5960840001668],[-83.18463800015456,35.591419999830386],[-83.18315799967282,35.5893990002336],[-83.18354099998747,35.58631699973449],[-83.17520899996312,35.58076199979879],[-83.16674899989225,35.57846500032664],[-83.1620640000213,35.568180000218],[-83.16334199993835,35.56466900019601],[-83.16005600035831,35.56260899997343],[-83.1595149998599,35.55865500019028],[-83.15583500009454,35.552621999858665],[-83.15967600041671,35.54842399966471],[-83.16292299963871,35.548051000130954],[-83.16536499966999,35.538474999973474],[-83.17160899966538,35.53764600002555],[-83.17174400028291,35.533805999784676],[-83.16994999998182,35.53103700007536],[-83.17314299967548,35.528855999810084],[-83.17391000012967,35.52178500025871],[-83.18632199995247,35.51436799976399],[-83.18589799962996,35.51182499981276],[-83.17455100018718,35.509264999700434],[-83.16411400041542,35.50940600028807],[-83.15999699990876,35.50198600004071],[-83.16110800031954,35.49619200009743],[-83.14208699973005,35.49364999997466],[-83.13863000044577,35.491239000293966],[-83.13740900043013,35.48881799978039],[-83.14048900014586,35.484349999692434],[-83.13645299983003,35.47917900018011],[-83.13800299973363,35.47561000028761],[-83.13640900034741,35.47303799966634],[-83.13771400002864,35.46407599986284],[-83.13205900021224,35.463087000337644],[-83.12208600004767,35.46546499996304],[-83.10896700004513,35.46410499990733],[-83.0914350001582,35.45753099980723],[-83.08998800018675,35.4483750001148],[-83.07947299969888,35.44756500010765],[-83.080353000131,35.44152099997238],[-83.07882800034174,35.436877000139326],[-83.07998900008292,35.43450199966824],[-83.07711900042945,35.43362199969953],[-83.07524399993751,35.43055199992731],[-83.06772799987284,35.42913699974262],[-83.06178600000126,35.42533100036215],[-83.05628099997266,35.42597499965256],[-83.05328099972455,35.42382499974083],[-83.05288400006452,35.42111600010525],[-83.04436500044243,35.4150969998727],[-83.044885999951,35.408625999735605],[-83.04281999966337,35.39815699985115],[-83.04372400038491,35.394394999973656],[-83.03964100021342,35.39383800014221],[-83.02991300027125,35.38730499986643],[-83.02481199957538,35.380181000050385],[-83.00656800038415,35.37732700024489],[-82.99721799983543,35.373027999749624],[-82.9934009998027,35.368460000264776],[-82.99018499964454,35.36744599992833],[-82.98624799996122,35.355891999916274],[-82.9765109997982,35.34988599977991],[-82.97771500009542,35.34410300003455],[-82.97167000029167,35.34276299968474],[-82.9647600001244,35.33326899989361],[-82.96352400004014,35.32513699966839],[-82.96576000020711,35.31936199992521],[-82.9647249999643,35.31528900013434],[-82.9551850003431,35.316385999823574],[-82.95454000008763,35.3138459999909],[-82.95107100020947,35.31203499994613],[-82.95040699968743,35.30659199984154],[-82.93543999985543,35.30388400020214],[-82.93260199998903,35.30513200005298],[-82.93070599958068,35.30303300029901],[-82.92751100023722,35.302982999938415],[-82.92112800032464,35.29222400027376],[-82.91777599972403,35.29162800002638],[-82.91316799984597,35.29817400001995],[-82.90840400033233,35.29912500015377],[-82.89945800001466,35.30546700001882],[-82.88330600015202,35.30880699982989],[-82.87686600033807,35.31450400017222],[-82.87283300039527,35.313981999908016],[-82.86978799994131,35.31584499975036],[-82.86123499998403,35.31441400024062],[-82.85789699962712,35.31699800005283],[-82.84526200022155,35.319024000258395],[-82.83187100023244,35.31838799993492],[-82.82945900033839,35.3227189997657],[-82.82495699986724,35.3241690001102],[-82.82510699965505,35.32784100000218],[-82.82302000034933,35.331937999672625],[-82.81507499993927,35.336078000334666],[-82.8131900002999,35.339529000234634],[-82.81470699969324,35.344392000152034],[-82.80532500025579,35.34784700022578],[-82.80319700004385,35.350179000233574],[-82.8012639998256,35.356245000049086],[-82.79754300005234,35.35878200019415],[-82.79602499993578,35.36442699974834],[-82.79167700034873,35.36721399990293],[-82.78764900042881,35.38112600016979],[-82.78258500044119,35.38288400032488],[-82.78172699975039,35.38680600026305],[-82.77731700023905,35.38864200030208],[-82.7736800001314,35.393877999698276],[-82.76460699959212,35.39623799989821],[-82.75981600031427,35.40230000025483],[-82.75436399998912,35.4030210002745],[-82.75012799965675,35.406689000099234],[-82.74562000023614,35.407345000122824],[-82.74605899972897,35.41020399996726],[-82.74950300039109,35.413011999714996],[-82.74524600014232,35.42345299972466],[-82.74853799957017,35.425528999746454],[-82.75606100020583,35.42519599973759],[-82.76598699961642,35.432479999752815],[-82.76856799956488,35.43244000032253],[-82.78169099976537,35.43954200024414],[-82.78409099996388,35.44401599995446],[-82.7861840000157,35.45702800004585],[-82.79463700041387,35.46546200021152],[-82.79411500018206,35.46905300024884],[-82.79963699992909,35.47103400017754],[-82.7974550001888,35.47135300029391],[-82.79337299984222,35.48406800027336],[-82.78580099970107,35.49484299974202],[-82.78652899979721,35.498124000031055],[-82.78244700034892,35.504294000027095],[-82.78499700033525,35.507454999979025],[-82.77801199982493,35.51992500008903],[-82.78021100018196,35.52571100031741],[-82.77414499956349,35.53187999979081],[-82.76776699967381,35.53521399982161],[-82.76594800015667,35.539000999701905],[-82.77124300012298,35.55039800013228],[-82.7775239999283,35.55561900025331],[-82.77265400010943,35.562562999957095],[-82.76593800011094,35.56762200020844],[-82.77075400040142,35.57611699997373],[-82.77851200031544,35.57788000019527],[-82.77717699959867,35.58240899989497],[-82.77997099998244,35.58457099984572],[-82.78098299976072,35.58879300000175],[-82.79919400023829,35.597849999714484],[-82.80190400005819,35.6025200003024],[-82.80348999994683,35.61085899995764],[-82.80961799959127,35.61784100030596],[-82.80975200038387,35.62499999977469],[-82.81126600030247,35.62708399998156],[-82.8144420002777,35.627741000156796],[-82.82118300039055,35.623163999945795],[-82.82643800017387,35.622853000250686],[-82.82898999981002,35.62020100005929],[-82.83181000013309,35.61963499983645],[-82.83618500038263,35.621376999931584],[-82.84486700021134,35.61651100034061],[-82.84608999987681,35.6143089996893],[-82.85166799970034,35.61727200025552],[-82.85044400020995,35.62771900020491],[-82.85205600003786,35.63009200001165],[-82.85168699996692,35.635290999762134],[-82.85383199989727,35.63686599968473],[-82.86506999956009,35.634794999893664],[-82.86901100033968,35.641848999856364],[-82.8686890001244,35.6452509997449],[-82.87461599992739,35.651437000260124],[-82.87216499967528,35.65744300033283],[-82.87804200014786,35.66252599992423],[-82.87679500019296,35.66620599997188],[-82.88800899956632,35.67272199999639],[-82.88511600034666,35.67731499995069],[-82.87477499993604,35.68350699975339],[-82.87110100001846,35.688925000031304],[-82.86716199978702,35.68894300019706],[-82.85707399999472,35.69340099982185],[-82.85388399977582,35.696749999963714],[-82.85407999959439,35.69945200010033],[-82.84865199955868,35.701756000064144],[-82.84261299960272,35.69954499970226],[-82.83897200019541,35.693607999715624],[-82.82668800041913,35.69069699986405],[-82.82441600026716,35.688484999743004],[-82.81555799981304,35.689095000056476],[-82.80485200042776,35.68609099980417],[-82.79767000027395,35.689270999992644],[-82.79733100034024,35.6920130003301],[-82.79316500032807,35.6965250002906],[-82.78834700038773,35.695994000033295],[-82.78546099994244,35.698074999914425],[-82.77492799991123,35.7000880000366],[-82.76944899982189,35.69831900000513],[-82.75620699979571,35.70252500021247],[-82.75160999978831,35.70699900029696],[-82.74995299975458,35.706463000128146],[-82.75153100014558,35.71077000012833],[-82.74607899982044,35.712647999915205],[-82.74480099990339,35.7147469999944],[-82.73708700037034,35.71182400010591],[-82.73609399996032,35.713863999735274],[-82.73295499979503,35.71404700028289],[-82.73677100000283,35.71606800007413],[-82.73263000010502,35.71817300007081],[-82.73097499972111,35.72240299990308],[-82.72742200017734,35.71803599985885],[-82.72063300038393,35.715546999741996],[-82.71396300041617,35.717651999643856],[-82.7110300001152,35.725170000296856],[-82.7088950002306,35.7255300003586],[-82.7095150003717,35.72686800014752],[-82.71371499982075,35.72704899964137],[-82.70998400000177,35.728663000081134],[-82.71213099958194,35.73299400012522],[-82.70725900011325,35.73217599994125],[-82.7008629997819,35.734747000000354],[-82.69471900024392,35.73503299981142],[-82.69184700004233,35.73353100023302],[-82.69019800040452,35.729752999799594],[-82.68525999991527,35.726964000027],[-82.66960799964484,35.72579399980747],[-82.6695199997813,35.73023899972168],[-82.67767000023076,35.734633999687325],[-82.66846100014736,35.734734000017646],[-82.66788500038717,35.73771000002803],[-82.5396269999395,35.79179699980969],[-82.53568699988313,35.79106699966253],[-82.53178100016197,35.795824000041904],[-82.52534600037086,35.79871800034132],[-82.52005700025234,35.79913400011104],[-82.51465199978286,35.80324299966772],[-82.5065170003003,35.8027680003346],[-82.50334200015001,35.80093099992275],[-82.49899600021278,35.80151099973678],[-82.49516499993636,35.79945699976277],[-82.48831800041661,35.80148900034616],[-82.47584499959613,35.79830799992566],[-82.46515900030236,35.801795999670205],[-82.46382799978355,35.80961599990496],[-82.45429900003302,35.80734799981492],[-82.44705999997778,35.810428999794965],[-82.44396799966815,35.80884700025726],[-82.43562300012333,35.80852899995931],[-82.42736499971882,35.81376600012249],[-82.4177110002948,35.81338599994618],[-82.4123460000083,35.81471899967355],[-82.40860199977053,35.8181779998671],[-82.41395299981332,35.81983900034677],[-82.41433600012796,35.82326100023219],[-82.41204800008246,35.82676399979166],[-82.41626400032335,35.82924599997156],[-82.4195470004287,35.841882000127974],[-82.41732899980506,35.847475999735316],[-82.4184219997742,35.850392000080895],[-82.41755200028615,35.859363000006105],[-82.42521300011578,35.861154999943636],[-82.42356299975472,35.86939599990755],[-82.430841000168,35.87421799981451],[-82.43214099982637,35.87667999978494],[-82.43960500001249,35.87943200000493],[-82.4430699996927,35.88474899996892],[-82.44186499957058,35.887498000099114],[-82.4482709999477,35.89648900030827],[-82.45367800006697,35.89987899997134],[-82.4634860003751,35.89971900032815],[-82.47477500009154,35.909245000135385],[-82.48285000019794,35.90900400013935],[-82.48618199980876,35.90706299977096],[-82.4949149996911,35.90969100000327],[-82.49025099973657,35.91707999991285],[-82.49032600007963,35.921063999787414],[-82.49309399962584,35.92124199989729],[-82.49366500026146,35.92381399969768],[-82.49802000041952,35.925342000166786],[-82.4985479996008,35.930193000007186],[-82.49569800003883,35.931198999951924],[-82.49033500030048,35.93703900015254],[-82.4880000003993,35.94302499972612],[-82.480137000005,35.949191000012554],[-82.48629200031193,35.9540919999884],[-82.49670800016727,35.95697300019722],[-82.49630399993625,35.96222100010892],[-82.50104700043181,35.96609199974687],[-82.50542500015611,35.97743199988922],[-82.51029800034802,35.977292000305624],[-82.51284900015925,35.97530099981895],[-82.51707700009571,35.97582500008855],[-82.52212099999186,35.97401200016978],[-82.52503099982827,35.97105500034427],[-82.53049200037425,35.97225700003448],[-82.54018000013347,35.96895299980506],[-82.5447160000415,35.965433000105605],[-82.54990399987769,35.96392300003343],[-82.55798800020492,35.95387299997515],[-82.57616899964694,35.958719999857],[-82.57779800009159,35.96433400029041],[-82.58046199988073,35.965247999643445],[-82.59198199957584,35.96628899985937],[-82.60010600008604,35.96459400034782],[-82.61070299969137,35.96720299984849],[-82.6109389996929,35.97438000035589],[-82.60441299966521,35.98746300019853],[-82.6071280004063,35.99235999969224],[-82.61289700002554,35.993606000231615],[-82.61492800015309,36.00204599970087],[-82.61382500013822,36.00491700032404],[-82.60687599961291,36.01043000013677],[-82.6094449998658,36.011037999754606],[-82.60776100006788,36.015753999796],[-82.60283900037048,36.01775600005454],[-82.60292300003606,36.02337099999384],[-82.59099499991194,36.03157399979782],[-82.59078599967455,36.03364000015643],[-82.5932090003376,36.036207000174564],[-82.6016590003627,36.036054000305334],[-82.60187600009769,36.03865300002188],[-82.60865900004333,36.04441099995739],[-82.61838399961246,36.046916000337895],[-82.6170420001213,36.053767999981716],[-82.61824200022055,36.05624000031537],[-82.63205499998405,36.06402099976071],[-82.632608000178,36.06591099998537],[-82.63723000029977,36.06582000023777],[-82.65153299960971,36.05736800019232],[-82.65926799995748,36.057117000321604],[-82.66634600035424,36.053035999740914],[-82.6705619996968,36.05297600020509],[-82.67485099973263,36.04883299986411],[-82.68407300023483,36.045794999932],[-82.6859870001865,36.041421000105906],[-82.68958599976102,36.038157000048024],[-82.69722400002442,36.035783000168195],[-82.69818999977193,36.03420000010217],[-82.70122799965488,36.0343590002989],[-82.70179599991744,36.032649999968044],[-82.70863999996246,36.029720999839526],[-82.71514099987581,36.02864199994601],[-82.71646999984647,36.02241000015341],[-82.72546399984473,36.0181610002616],[-82.73911699977465,36.0149789997372],[-82.74028400026195,36.012132000240655],[-82.75078700015592,36.00887099979646],[-82.7502210004415,36.005980999767814],[-82.75256800003822,36.006201999706306],[-82.75469299987711,36.004318000344284],[-82.76256999961679,36.00484399966374],[-82.77207300032639,36.00070400006559],[-82.7757580001146,36.001051000093405],[-82.779213999574,35.9922889999817],[-82.78527599999451,35.98853900005316],[-82.78447599992833,35.98188399990324],[-82.78569000027129,35.977840999753106],[-82.78158700000832,35.97429700005091],[-82.776504999579,35.97405799983249],[-82.77508600009497,35.971828999863554],[-82.7780379997642,35.96677299976833],[-82.78504300036602,35.962483000098935],[-82.78755999984203,35.95201299991177],[-82.79137500022495,35.950996999670906],[-82.79454500035237,35.94693299967725],[-82.79972700034077,35.94466099974774],[-82.80616799997966,35.93775800031961],[-82.80267499981204,35.92957099982255],[-82.80508500005627,35.92713699989757],[-82.81508599980992,35.92554699969258],[-82.8219480002966,35.92183000027376],[-82.82809799968234,35.932412999799034],[-82.83240599998473,35.93281300030904],[-82.83347200018967,35.93559800026371],[-82.83863800028456,35.93727099984683],[-82.84111600030086,35.94174099987709],[-82.84454599982097,35.941986999856205],[-82.84603700017337,35.94616900015526],[-82.85173299999767,35.9493439997396],[-82.86064699962998,35.947479000200985],[-82.8742929998872,35.95282999994484],[-82.87822299989783,35.95011699980498],[-82.8889860000828,35.94834399982833],[-82.89266199965022,35.94500299976977],[-82.89818199974742,35.945230000196254],[-82.90178399969498,35.93785199981146],[-82.89888599955411,35.92987599985675],[-82.90181999968,35.926960000171505],[-82.90594700023242,35.92619699983795],[-82.91062100023271,35.927505000266684],[-82.91219500042577,35.92959400023343],[-82.91983500033899,35.9288859998573],[-82.91924100013715,35.92589200016089],[-82.91353500026709,35.92426099987464],[-82.91162399979015,35.91680800022933],[-82.9143870002118,35.91515000008822],[-82.90973400012791,35.9109680001941],[-82.90803199988834,35.911313999911016],[-82.9069799999271,35.907429000223914],[-82.90810899988124,35.90420400008432],[-82.90104300007835,35.892790999883424],[-82.9068250001164,35.883908000338295],[-82.90362700039988,35.8804579997705],[-82.89828600040282,35.881258000142076],[-82.89608100019798,35.879543999664996],[-82.9008909997424,35.87290899983611],[-82.90655499977964,35.87018000034587],[-82.91077400039359,35.86857299991464],[-82.92083100022374,35.868177999686274],[-82.92143200009829,35.86310499997401],[-82.91821299956703,35.85927200000341],[-82.92103399971501,35.85094500016164],[-82.91634299999629,35.84166299966541],[-82.92021100008262,35.839384999702936],[-82.93406999987688,35.83666199966021],[-82.93334299960564,35.83052899996629],[-82.93603499988218,35.82551699988717],[-82.94584700038828,35.82437800025959],[-82.94819599963482,35.817784000027764],[-82.95176400014552,35.816607999853936],[-82.96181099992991,35.80036599968128],[-82.96289999970108,35.79492400002066],[-82.9617540000285,35.79095900005751],[-82.96302500027286,35.78999399964954],[-82.96969900043855,35.789635000149914],[-82.98392499975562,35.77809299969188],[-82.99598900032218,35.773081999647424],[-83.00129199978609,35.77377900023209],[-83.005988000426,35.77849600017801],[-83.0109029995524,35.778744999748525],[-83.01602500016467,35.78204900008165],[-83.02034799963738,35.78040199968484],[-83.02388600001082,35.783419999856534],[-83.03604199974059,35.78750399984089],[-83.04306200041101,35.78540700008511],[-83.05282100031533,35.78970499988934],[-83.06374699980861,35.78691399969473],[-83.0742010001971,35.79013699987341],[-83.07867199980781,35.78963099966326],[-83.0810639996104,35.787086999875214],[-83.08526499978265,35.78584399986597],[-83.0893019999234,35.78149100014524],[-83.09458000017126,35.77960000022246],[-83.09675400041395,35.776350999647185],[-83.10460299966624,35.774376999798136],[-83.111204000037,35.770623999851466],[-83.11823899987772,35.76978399990253],[-83.12060800011406,35.76643099992741],[-83.12746399985465,35.768085999849646],[-83.1364710002717,35.76513900032698],[-83.1595850001801,35.76465099973646],[-83.164971000383,35.75968000000257],[-83.16478999973472,35.75398800036428],[-83.16832300008531,35.750757999954985],[-83.17028499971758,35.746030000082676],[-83.1777919995614,35.744382999644706],[-83.18559499968124,35.73027600012843],[-83.19747900032276,35.7253299997959],[-83.20738299999202,35.72619100008285],[-83.21440899961192,35.72410700022871],[-83.2180819997046,35.72595800028413],[-83.24102300025896,35.72680599979925],[-83.24324900038017,35.72252000028188],[-83.25037499955917,35.72042100000959],[-83.2541420002615,35.71753400020511],[-83.25534300018565,35.71508399982496],[-83.25358499986957,35.71421300009339],[-83.25153500037376,35.709078000270196],[-83.2574169999709,35.70522499997255]]]}},{"type":"Feature","properties":{"GEOID":"37119","NAME":"State House District 119","BASENAME":"119","STATE":"37","SLDL":"119"},"geometry":{"type":"Polygon","coordinates":[[[-83.95339199992735,35.46023299979436],[-83.94430000001982,35.45078800026712],[-83.9357450004127,35.448434999818126],[-83.92828700007436,35.45024600031563],[-83.91407699975252,35.46505400003341],[-83.90749499964834,35.46646699998306],[-83.89537499990358,35.46149100001468],[-83.88154600024656,35.46318300028812],[-83.87379400018035,35.46041300004904],[-83.86805700034816,35.45519800035081],[-83.86588999977816,35.44829199980504],[-83.84432800032151,35.453111000048736],[-83.83789900037819,35.448742000246895],[-83.83141199981024,35.450952999701734],[-83.81912499966091,35.45037899995719],[-83.81598399984581,35.44643499999432],[-83.80842400029854,35.44395500018752],[-83.80439999967825,35.45002100022343],[-83.80457999960333,35.45418399976198],[-83.80083799991367,35.45579999994158],[-83.7755659996561,35.44360500022345],[-83.75667700020941,35.441709000363325],[-83.73281900031135,35.44740599969923],[-83.7211089997471,35.44296800010121],[-83.71382899968398,35.44204700021869],[-83.7079649996302,35.443786000051965],[-83.70301799981844,35.443231999657144],[-83.67478899986877,35.435582000158995],[-83.66986100032358,35.435642999683374],[-83.66463099975628,35.43116099986652],[-83.65788999964343,35.43226100028631],[-83.65222399995635,35.42647599967925],[-83.64585899958713,35.42945400007183],[-83.64460300030971,35.441774999719065],[-83.6424199998462,35.44361799999421],[-83.63225099986306,35.441942000242385],[-83.62348799984348,35.436675000229954],[-83.61800600027942,35.43583600034576],[-83.61382000017578,35.42901399969219],[-83.61081400007987,35.42704499978294],[-83.60029299974423,35.43137299969497],[-83.5943779996368,35.43178600008518],[-83.58974399981949,35.43491800027139],[-83.58575600008253,35.434831999830244],[-83.58518100014729,35.42600500017141],[-83.58902999996704,35.41893699987508],[-83.58508700043595,35.418204000014406],[-83.58520500043673,35.41333400019144],[-83.58238599993858,35.40962999964155],[-83.58302299979812,35.407416999987774],[-83.58521700013227,35.40658400015004],[-83.58600700015272,35.40093600036164],[-83.58829799967295,35.398081000170606],[-83.59294400008415,35.38304700027879],[-83.595369000397,35.38107599977424],[-83.59309200022214,35.37698599974414],[-83.59688099976746,35.3718710002351],[-83.60100099974888,35.370523999994646],[-83.61361500013635,35.35727500030852],[-83.61699500032606,35.34906400010309],[-83.62075899975702,35.345288999941545],[-83.62856799972464,35.34391799973103],[-83.63895000014313,35.338817999733074],[-83.64501599986328,35.34021099967293],[-83.65175600015121,35.33686399998748],[-83.6605069995769,35.335625999677106],[-83.66828100028273,35.33122899979818],[-83.67017599996784,35.32857600028413],[-83.67858199961204,35.32821799964046],[-83.68504499989055,35.32379699998349],[-83.69059400030007,35.317158000206625],[-83.69124200003026,35.3100159998296],[-83.69462499969472,35.30553400013874],[-83.69534299974512,35.29753599989431],[-83.68458700013115,35.28869999968615],[-83.6816349995636,35.28465100024053],[-83.68207899997762,35.28103300007353],[-83.68008100036035,35.2792979997778],[-83.67305700039027,35.28277399976309],[-83.4957499999778,35.299520999899585],[-83.49027599991135,35.30554700017747],[-83.48666499974296,35.30542999975372],[-83.47405200007869,35.29766899997233],[-83.46738200011096,35.29777800028123],[-83.46360899956086,35.298972999744095],[-83.46134399997989,35.30172499999432],[-83.45589000000493,35.30279700011468],[-83.45206600029951,35.314203999766484],[-83.44812399969501,35.31667100013282],[-83.44080799964689,35.31720499972896],[-83.43774499964958,35.321914999830085],[-83.43258600012572,35.325155000207616],[-83.42836900005992,35.32454800017145],[-83.4217509999707,35.31762199981548],[-83.41585400030496,35.319459000102185],[-83.41091800036385,35.316528000198396],[-83.4042619997415,35.32489999976829],[-83.39956400035007,35.32776999988521],[-83.39139700018218,35.32552199998569],[-83.38630399988223,35.326780999648165],[-83.37932000009512,35.32550599966065],[-83.37245599995862,35.32909499971827],[-83.36422799969135,35.32599300002777],[-83.35724999975204,35.32968300015145],[-83.34727199956461,35.328476999992475],[-83.33960900008516,35.33099299980099],[-83.33732699988745,35.32989700005019],[-83.33422399970718,35.32567900030461],[-83.3344160002261,35.32046200008957],[-83.33194499988251,35.31600800017097],[-83.32469699960646,35.31432900013185],[-83.32139099993489,35.311963000010124],[-83.32302899970207,35.30816099992435],[-83.32285799999784,35.301356999994006],[-83.3170399999748,35.29818100028304],[-83.31665099981235,35.29256000026022],[-83.31852399975618,35.28890999963437],[-83.31199000023086,35.28153199978671],[-83.31576100023284,35.27413999988212],[-83.31394199981739,35.26911399973429],[-83.3158299998298,35.26472399970959],[-83.31041299966476,35.2641420000332],[-83.31131400001325,35.25973599968852],[-83.30841699969731,35.2570769997754],[-83.29816499987348,35.255722999922],[-83.29517100037145,35.24761799985116],[-83.29686799968988,35.24260500014631],[-83.29417600031165,35.24139100006319],[-83.29353500025412,35.235436999657054],[-83.28409099999409,35.23188500021422],[-83.2818520003524,35.22899900011507],[-83.27663100000592,35.22784700006826],[-83.26137799994366,35.23111200028748],[-83.24521400038547,35.231485000188236],[-83.24302800044724,35.23920899985541],[-83.23272700021961,35.24022400034652],[-83.22411399998786,35.23866699975415],[-83.22176800021606,35.22888999970607],[-83.21649300034122,35.22320599974476],[-83.2184419995547,35.22106000027306],[-83.21846300036941,35.2173139999906],[-83.21596899956128,35.21310099978991],[-83.21626700038541,35.20866699997011],[-83.21946599992685,35.20588900010083],[-83.21959700034643,35.20128800033422],[-83.21744300019522,35.19915400030917],[-83.21933299985747,35.19663399964623],[-83.2166819995888,35.194909000248934],[-83.22250399980979,35.192761000361486],[-83.22457400029542,35.188450000218225],[-83.22323500027899,35.18381899999355],[-83.22534400022435,35.177063000306006],[-83.22246100015211,35.167876000313115],[-83.22389600042798,35.15729799973406],[-83.22062699966804,35.15878699970979],[-83.21292300018072,35.15802799991668],[-83.20945299957933,35.150532999940765],[-83.19391099981206,35.14041700017397],[-83.19135300032815,35.135787999675365],[-83.18670600009203,35.13352099970945],[-83.1863720001812,35.128542999808445],[-83.1831710000916,35.125833999849625],[-83.18303299999936,35.11917000036023],[-83.17861099989415,35.115726000089246],[-83.17749000033594,35.109087000152336],[-83.17205599955413,35.10539499981053],[-83.16805100009876,35.10535699992638],[-83.16006300003099,35.0981009998914],[-83.15251199980622,35.09821399978618],[-83.15209500005471,35.09556900033432],[-83.14775800033831,35.09342199998372],[-83.14746899973501,35.088487999815804],[-83.14280300013064,35.07869400019618],[-83.15752599956515,35.07842900007826],[-83.1647090004422,35.07123400006037],[-83.17152199962673,35.06971700010019],[-83.17170999994772,35.06506800032511],[-83.16905799985416,35.061932999690356],[-83.17121000035553,35.06075500034832],[-83.163244999854,35.05654099969386],[-83.15896000001612,35.05707699969418],[-83.14849499975698,35.05413100011229],[-83.13577199958956,35.038111999671465],[-83.13092900043318,35.038619999892866],[-83.1326850002011,35.033789999798024],[-83.13011699977314,35.026134999992884],[-83.12629700026568,35.02285899981544],[-83.12637400025858,35.0157490002086],[-83.1171400000608,35.011698000055105],[-83.11264400033575,35.01327800029217],[-83.10845800023209,35.009480999646904],[-83.10970199981395,35.002895000291986],[-83.10856799983696,35.00135400015994],[-82.78317200007203,35.08592099995468],[-82.77622799956958,35.081163999758566],[-82.77699699967361,35.077575000316806],[-82.77868300001965,35.077355000161326],[-82.77739400023196,35.07543400024999],[-82.7801149999225,35.07241699976298],[-82.778924999869,35.070561000007864],[-82.782114000263,35.06688799972844],[-82.78173099994835,35.06530499994051],[-82.7741029997307,35.06481299979355],[-82.77009099970431,35.06773899976885],[-82.76457499980506,35.06837999966115],[-82.75651099956933,35.0673600003205],[-82.75267599999326,35.07026599985543],[-82.75111299967085,35.0738930001039],[-82.75135700006832,35.0815290001111],[-82.7389159999332,35.07809499979656],[-82.73970900032668,35.08048899970837],[-82.73506299991548,35.084237999821944],[-82.73528300002351,35.087157999777155],[-82.7303129997472,35.08765499965626],[-82.72997700018655,35.09203100032085],[-82.72673300043927,35.094673000327816],[-82.715760000192,35.092853999928124],[-82.70007000028674,35.10089099981261],[-82.69973399982777,35.0962770001251],[-82.69763400010325,35.09595999980992],[-82.68676499961305,35.10802499968793],[-82.68711500031574,35.110773000052696],[-82.69363399977243,35.11324200011449],[-82.69453599994583,35.116161999692544],[-82.69232800026627,35.11893900025542],[-82.68773799993157,35.119049999834054],[-82.68637999964858,35.12124000034948],[-82.68727799962404,35.125293999856154],[-82.68174699965617,35.12797200004346],[-82.67487800039511,35.12729900019455],[-82.67329499998124,35.122146000062465],[-82.6748349998391,35.117836000222454],[-82.67356299976983,35.1172620001539],[-82.66923799974899,35.120600000006775],[-82.66689000032734,35.11805399981355],[-82.66262899988061,35.118156000122994],[-82.65570799984272,35.11994099992875],[-82.65193600001585,35.12314499999078],[-82.65194299968854,35.12619400030536],[-82.64486099999215,35.126986999765364],[-82.64334799989845,35.13378199984252],[-82.63956000017807,35.12987399973033],[-82.63649100033295,35.13006499975249],[-82.63614499982823,35.12545699989948],[-82.62875599998519,35.125776999986726],[-82.62417700041946,35.13061799987139],[-82.62369000034775,35.133635000309575],[-82.61486000038101,35.13622700011256],[-82.61309500039224,35.13965400029178],[-82.59783200028426,35.13770899983582],[-82.59260900028796,35.138623999674955],[-82.59186799977303,35.141254999870746],[-82.58825900015277,35.14281300002187],[-82.57853000038568,35.14104900014015],[-82.57710900035349,35.14473800005821],[-82.57483899985135,35.145449000035704],[-82.57762800021227,35.14635499998553],[-82.57728000005773,35.14809699977571],[-82.5792070004282,35.14995399991744],[-82.58537600008052,35.151785000101526],[-82.58668300030989,35.15588800033374],[-82.58579399965696,35.158751000341105],[-82.58924099979383,35.159679000031716],[-82.59085099997188,35.16241200028157],[-82.60396800032461,35.221790999751036],[-82.60426700007535,35.25894000015317],[-82.61101400003598,35.26150799998209],[-82.61440500009634,35.2595079999055],[-82.61619400037455,35.260244999965295],[-82.61018600038074,35.28819899983041],[-82.6190339998908,35.28842899984179],[-82.62399599977118,35.29706799997123],[-82.62221400006396,35.30295599978953],[-82.61924800015105,35.30370799994319],[-82.65052699967922,35.33182500000274],[-82.74513900001219,35.422967000019796],[-82.74950300039109,35.413011999714996],[-82.74605899972897,35.41020399996726],[-82.74562000023614,35.407345000122824],[-82.75012799965675,35.406689000099234],[-82.75436399998912,35.4030210002745],[-82.75981600031427,35.40230000025483],[-82.76460699959212,35.39623799989821],[-82.7736800001314,35.393877999698276],[-82.77731700023905,35.38864200030208],[-82.78172699975039,35.38680600026305],[-82.78258500044119,35.38288400032488],[-82.78764900042881,35.38112600016979],[-82.79167700034873,35.36721399990293],[-82.79602499993578,35.36442699974834],[-82.79754300005234,35.35878200019415],[-82.8012639998256,35.356245000049086],[-82.80319700004385,35.350179000233574],[-82.80532500025579,35.34784700022578],[-82.81470699969324,35.344392000152034],[-82.8131900002999,35.339529000234634],[-82.81507499993927,35.336078000334666],[-82.82302000034933,35.331937999672625],[-82.82510699965505,35.32784100000218],[-82.82495699986724,35.3241690001102],[-82.82945900033839,35.3227189997657],[-82.83187100023244,35.31838799993492],[-82.84526200022155,35.319024000258395],[-82.85789699962712,35.31699800005283],[-82.86123499998403,35.31441400024062],[-82.86978799994131,35.31584499975036],[-82.87283300039527,35.313981999908016],[-82.87686600033807,35.31450400017222],[-82.88330600015202,35.30880699982989],[-82.89945800001466,35.30546700001882],[-82.90840400033233,35.29912500015377],[-82.91316799984597,35.29817400001995],[-82.91795700037233,35.29160699973467],[-82.92112800032464,35.29222400027376],[-82.92751100023722,35.302982999938415],[-82.93070599958068,35.30303300029901],[-82.93260199998903,35.30513200005298],[-82.93543999985543,35.30388400020214],[-82.95040699968743,35.30659199984154],[-82.95107100020947,35.31203499994613],[-82.95454000008763,35.3138459999909],[-82.9551850003431,35.316385999823574],[-82.9647249999643,35.31528900013434],[-82.96576000020711,35.31936199992521],[-82.96352400004014,35.32513699966839],[-82.9647600001244,35.33326899989361],[-82.97167000029167,35.34276299968474],[-82.97771500009542,35.34410300003455],[-82.9765109997982,35.34988599977991],[-82.98624799996122,35.355891999916274],[-82.99018499964454,35.36744599992833],[-82.9934009998027,35.368460000264776],[-82.99721799983543,35.373027999749624],[-83.00656800038415,35.37732700024489],[-83.02481199957538,35.380181000050385],[-83.02991300027125,35.38730499986643],[-83.03964100021342,35.39383800014221],[-83.04372400038491,35.394394999973656],[-83.04281999966337,35.39815699985115],[-83.044885999951,35.408625999735605],[-83.04436500044243,35.4150969998727],[-83.05288400006452,35.42111600010525],[-83.05328099972455,35.42382499974083],[-83.05628099997266,35.42597499965256],[-83.06178600000126,35.42533100036215],[-83.06772799987284,35.42913699974262],[-83.07524399993751,35.43055199992731],[-83.07711900042945,35.43362199969953],[-83.07998900008292,35.43450199966824],[-83.07882800034174,35.436877000139326],[-83.080353000131,35.44152099997238],[-83.07953999964603,35.44764700005281],[-83.08998800018675,35.4483750001148],[-83.0914350001582,35.45753099980723],[-83.10896700004513,35.46410499990733],[-83.12208600004767,35.46546499996304],[-83.13205900021224,35.463087000337644],[-83.13771400002864,35.46407599986284],[-83.13640900034741,35.47303799966634],[-83.13800299973363,35.47561000028761],[-83.13645299983003,35.47917900018011],[-83.14048900014586,35.484349999692434],[-83.13740900043013,35.48881799978039],[-83.13863000044577,35.491239000293966],[-83.14208699973005,35.49364999997466],[-83.16110800031954,35.49619200009743],[-83.15999699990876,35.50198600004071],[-83.16411400041542,35.50940600028807],[-83.17455100018718,35.509264999700434],[-83.18589799962996,35.51182499981276],[-83.18632199995247,35.51436799976399],[-83.17398299992462,35.521681000033084],[-83.17314299967548,35.528855999810084],[-83.16994999998182,35.53103700007536],[-83.17174400028291,35.533805999784676],[-83.17160899966538,35.53764600002555],[-83.16536499966999,35.538474999973474],[-83.16292299963871,35.548051000130954],[-83.15967600041671,35.54842399966471],[-83.15589000034612,35.5530409997139],[-83.1595149998599,35.55865500019028],[-83.16005600035831,35.56260899997343],[-83.16334199993835,35.56466900019601],[-83.1620640000213,35.568180000218],[-83.16674899989225,35.57846500032664],[-83.17520899996312,35.58076199979879],[-83.18354099998747,35.58631699973449],[-83.18315799967282,35.5893990002336],[-83.18463800015456,35.591419999830386],[-83.18319899968071,35.5960840001668],[-83.18537200009848,35.599369999745605],[-83.18265499970758,35.605204999973914],[-83.17597999971697,35.61245000022691],[-83.17901500012519,35.61429599979203],[-83.18163299988356,35.61868699969387],[-83.18070700031902,35.622988999968],[-83.17587099993703,35.62749999995596],[-83.17709799980045,35.63195500009569],[-83.18751399965579,35.640820000037614],[-83.19985799970654,35.641187999645275],[-83.20243000033247,35.6445000001521],[-83.20282100014474,35.64956499977818],[-83.19638100033076,35.654313000301],[-83.19466499984748,35.660889000240346],[-83.18197699984016,35.67132699981781],[-83.18935499981256,35.67354700008519],[-83.19197500011907,35.67786999992275],[-83.19461399979384,35.67785900028163],[-83.19971899978935,35.68105600032701],[-83.20377199982363,35.67968199971629],[-83.20694399960087,35.68106599986558],[-83.2153860001284,35.69241399989756],[-83.23996200007687,35.69532199991492],[-83.2560729999316,35.6949500001242],[-83.25929099973963,35.69037099991572],[-83.27084800014298,35.686688999979495],[-83.2711660001603,35.683167999968276],[-83.27446699980898,35.679075999875316],[-83.28134199981615,35.67769900035463],[-83.28398899988684,35.67446299983918],[-83.29030499985225,35.67349800034463],[-83.2936249997675,35.661730999837644],[-83.29824400041453,35.657255000017315],[-83.30355500027434,35.655865000250216],[-83.30878499994334,35.656210999763054],[-83.3123790003933,35.654706000338926],[-83.3216160000658,35.66305399994521],[-83.33465600042561,35.66566199976477],[-83.33872100015545,35.66363399975348],[-83.34106399955422,35.664589000123044],[-83.34500699998364,35.6612090000203],[-83.35081599978587,35.66054199991014],[-83.35596900036026,35.65430500032473],[-83.35593300037525,35.6507569997494],[-83.35827300029928,35.6469979998269],[-83.36605600032763,35.64102799996061],[-83.36779700002695,35.63784100004016],[-83.37182800031992,35.63916299999119],[-83.37808700038393,35.634562000279494],[-83.38872599982203,35.63362200028429],[-83.39167099981854,35.626564000072854],[-83.39614700035044,35.62286600021754],[-83.40553299998585,35.620511999845306],[-83.4150340001473,35.6145040000862],[-83.42013499994485,35.613516999673735],[-83.42203800002588,35.61104900023054],[-83.4323030002685,35.60999000003006],[-83.44567599981593,35.61174699978076],[-83.45164799982477,35.603527999945015],[-83.45501100029605,35.60202200035779],[-83.45658899978875,35.597194000132966],[-83.46145199993492,35.59528600013239],[-83.46269200021715,35.59257000029756],[-83.47129600022805,35.590268000239966],[-83.47285399962927,35.58625200013468],[-83.4790719996854,35.58321799996039],[-83.47863099964442,35.579190000317965],[-83.48535699968868,35.568471000288014],[-83.49331700016734,35.56683000000508],[-83.49854400036159,35.562888000014794],[-83.51656400014514,35.56243800003371],[-83.52129500004683,35.56559200022323],[-83.53198399971366,35.56448500031784],[-83.540716999596,35.56586500006709],[-83.55104299993799,35.56345399967373],[-83.56497899972513,35.56609099988996],[-83.5665250003291,35.56429400019594],[-83.57266300001928,35.56538100028751],[-83.58437400040842,35.562698000152366],[-83.5961169996863,35.5749990001673],[-83.59830199979965,35.57499999969505],[-83.60177400005087,35.57891900026896],[-83.60833600006357,35.58001500023573],[-83.61857100016896,35.5722540000082],[-83.62130799975303,35.57269699984688],[-83.62931300043753,35.56817100004829],[-83.63386199986604,35.5706719999426],[-83.63532899992899,35.56809599981287],[-83.64013000015089,35.56616500017198],[-83.64515200030571,35.56591299966245],[-83.65601400022489,35.570013000308734],[-83.66100200004453,35.568338999882506],[-83.66380499975084,35.56975600005235],[-83.67975699959692,35.57035099984008],[-83.68769699998413,35.56819700021097],[-83.69560999970881,35.57032200015671],[-83.70124199995901,35.56747600004911],[-83.70698999966184,35.568550999675104],[-83.71247499959895,35.56640200024986],[-83.71400699995922,35.56418299971313],[-83.72277199962862,35.56229600013553],[-83.73613699967845,35.565520999811625],[-83.74651200042423,35.56033599993227],[-83.75499199968827,35.56461499971957],[-83.75955100006084,35.562572999708706],[-83.77136000035928,35.561606000270224],[-83.77266599986542,35.5574319996751],[-83.78018199993006,35.55063400022799],[-83.79464599979681,35.545649000145154],[-83.79878500004482,35.54164100013267],[-83.8028039997439,35.54148699986271],[-83.80803799961083,35.53709300017357],[-83.80989300001129,35.53299600008508],[-83.8204670000504,35.525651999935704],[-83.83214300027943,35.52457399995966],[-83.8491439997137,35.518631999651376],[-83.85718100018528,35.521573000359176],[-83.86806900004372,35.520008000303086],[-83.87323599996353,35.52085599991546],[-83.87984800020493,35.51904999991327],[-83.88992699977639,35.504663000279805],[-83.9014659997381,35.4965520001095],[-83.90036500027135,35.49303100010292],[-83.90578099971319,35.488689000282974],[-83.9116530001629,35.476243000119865],[-83.91662099989105,35.473649000158105],[-83.92414100015368,35.47431100008884],[-83.93672299985577,35.4715530000516],[-83.94197000014152,35.46731199964913],[-83.94287899998763,35.46439800029997],[-83.95339199992735,35.46023299979436]]]}},{"type":"Feature","properties":{"GEOID":"37080","NAME":"State House District 80","BASENAME":"80","STATE":"37","SLDL":"080"},"geometry":{"type":"Polygon","coordinates":[[[-80.25945700013801,35.63988600024488],[-80.250557999676,35.619956999948705],[-80.23909700043043,35.609796000138175],[-80.23355700024172,35.598409000196774],[-80.20823599958037,35.58034300021623],[-80.20700299986916,35.572093999780975],[-80.21027599992875,35.55697299978811],[-80.20979399987989,35.552262999674525],[-80.20704600042517,35.54929000028187],[-80.19921700036608,35.54564700035737],[-80.19552800037987,35.53661999998767],[-80.19735500029293,35.52996800013889],[-80.19062699970056,35.52577899973696],[-80.18399600009086,35.51647200033931],[-80.18474099990544,35.50879299963463],[-80.18326399979676,35.504141000156345],[-80.06684200031002,35.50566100010772],[-80.05993399979258,35.67867800019723],[-80.04323799995683,36.01075799970999],[-80.14940699979485,36.02676799966925],[-80.21372999973829,36.02680800032913],[-80.2138419998913,35.9966989997038],[-80.2383140000827,35.99667699998685],[-80.238011000134,35.99044600001151],[-80.2298799999511,35.968846999724754],[-80.23053100005436,35.96302900003222],[-80.23554900001122,35.95042899994022],[-80.23590300001355,35.94483699985891],[-80.23399400008473,35.93764700018764],[-80.23204499997296,35.938687999783],[-80.23243499996029,35.935062000182114],[-80.22832099982666,35.927436000100606],[-80.22294700021762,35.92605099976252],[-80.22031900041351,35.91839299994632],[-80.21536500003073,35.914833999655315],[-80.20891199979798,35.91571099989282],[-80.20467299999085,35.912535999679456],[-80.20060999991087,35.912815000034925],[-80.19968299962306,35.91578499967375],[-80.18995100038126,35.9154469997956],[-80.18374500002069,35.92031999978947],[-80.18426300005456,35.92471999964843],[-80.18154400001384,35.924888000088245],[-80.17216800042416,35.92126999977183],[-80.1708750004385,35.91759899992897],[-80.16549599990829,35.912561000006995],[-80.17055099967507,35.901840000077065],[-80.17487499987101,35.89971900032815],[-80.1817259995887,35.89169499981276],[-80.19061900020294,35.886680000337805],[-80.1936010000094,35.8795580000663],[-80.19155499981322,35.87667299969421],[-80.1949810000337,35.874494000141524],[-80.19486399985783,35.87228900023751],[-80.19164000020204,35.86977599974053],[-80.19385200007956,35.866494999730065],[-80.19186299978482,35.863414999908635],[-80.19195599967122,35.85979900019373],[-80.19738700007998,35.85451399995808],[-80.19962400007185,35.84459000030564],[-80.19800700022108,35.843113000002],[-80.19943499992596,35.842295999859225],[-80.20029899956623,35.83671599972327],[-80.20311700023946,35.835339999653854],[-80.20950000015202,35.83691500001583],[-80.21154200015022,35.835253000129164],[-80.2112579995698,35.831949999798894],[-80.21442799969722,35.830511999730746],[-80.21876799978666,35.832329999965296],[-80.22213499955757,35.83166800017029],[-80.22235399984069,35.82659700019309],[-80.21838299982221,35.824693000317744],[-80.22395399997302,35.82271900020368],[-80.22544899962507,35.81944899972373],[-80.23083900002594,35.8184509997034],[-80.23197200017803,35.81603600006323],[-80.22979600028552,35.81629600021408],[-80.22903300002928,35.81822899974775],[-80.22281199960011,35.81289499990854],[-80.22492800011646,35.81076399986771],[-80.22907300021225,35.81026600024666],[-80.22645899975349,35.80696399991028],[-80.22784299997576,35.80610300000086],[-80.22702799984098,35.80499400018005],[-80.2233609995961,35.80664999971648],[-80.20872199982716,35.80441900034016],[-80.20292399989562,35.80944299996551],[-80.20041400009227,35.81561700019692],[-80.17909399958663,35.80878499967138],[-80.18868500015977,35.8031360001716],[-80.19279799957019,35.79286899980741],[-80.19181000008136,35.787094999647],[-80.19385700010243,35.78377600024392],[-80.14869299994243,35.75071299980206],[-80.15865199986328,35.740631999913894],[-80.16508900020251,35.73947999965847],[-80.16313400024296,35.73703100013741],[-80.16767599999876,35.733852000051044],[-80.17575600012803,35.677628999875225],[-80.23234500044693,35.6771949997648],[-80.2426369995554,35.66492499968779],[-80.24290199986926,35.661460999729016],[-80.2488539997866,35.649936000142304],[-80.25438899995243,35.643045000162026],[-80.25945700013801,35.63988600024488]]]}},{"type":"Feature","properties":{"GEOID":"37081","NAME":"State House District 81","BASENAME":"81","STATE":"37","SLDL":"081"},"geometry":{"type":"Polygon","coordinates":[[[-80.48758600000167,35.83290999985379],[-80.48576999995926,35.83061600030089],[-80.47749999985919,35.83066500026317],[-80.47233700013737,35.82554300004016],[-80.46475400012555,35.806627000020036],[-80.46585899979024,35.80120000013568],[-80.47478400019153,35.796866999840454],[-80.47670200034118,35.78909300014287],[-80.47164699967605,35.78310400020766],[-80.4549860000004,35.77304400022103],[-80.45091200004975,35.76745399985832],[-80.45264100005352,35.75826400032907],[-80.45741799998596,35.75404599987087],[-80.45948599992343,35.74662299970874],[-80.4551049998261,35.73558500001493],[-80.4523940001813,35.73422399986403],[-80.4419950000444,35.73464500024751],[-80.41381100030057,35.72252399976819],[-80.4059489997312,35.722159999745465],[-80.39567500016607,35.725061000340176],[-80.39238500038803,35.72367100025287],[-80.38865799986868,35.719323000207226],[-80.38233699988041,35.71982000000282],[-80.37122200024123,35.716164999790635],[-80.34100800019478,35.72127899972123],[-80.33450899993126,35.720470999996415],[-80.325887000377,35.71194099997197],[-80.32421100007667,35.707715000098304],[-80.32484100026353,35.703706999813726],[-80.33195399992206,35.69728000010549],[-80.3343990003264,35.69236000027886],[-80.33331700022792,35.683563000248625],[-80.33060200038516,35.678799000032555],[-80.32566700026895,35.674715999778584],[-80.31482999956583,35.67166499977378],[-80.30734500036162,35.665778000361364],[-80.30462100029804,35.65354000035091],[-80.29502600042524,35.644569000360555],[-80.28829299981001,35.63533700034173],[-80.26637599962778,35.63022200022779],[-80.25629399968328,35.6222530001541],[-80.2502110002447,35.61945300005678],[-80.25945700013801,35.63988600024488],[-80.25438899995243,35.643045000162026],[-80.2488539997866,35.649936000142304],[-80.24290199986926,35.661460999729016],[-80.2426369995554,35.66492499968779],[-80.23234500044693,35.6771949997648],[-80.17575600012803,35.677628999875225],[-80.16767599999876,35.733852000051044],[-80.16313400024296,35.73703100013741],[-80.16508900020251,35.73947999965847],[-80.15865199986328,35.740631999913894],[-80.14869299994243,35.75071299980206],[-80.19385700010243,35.78377600024392],[-80.19181000008136,35.787094999647],[-80.19279799957019,35.79286899980741],[-80.18868500015977,35.8031360001716],[-80.17909399958663,35.80878499967138],[-80.20041400009227,35.81561700019692],[-80.20292399989562,35.80944299996551],[-80.20872199982716,35.80441900034016],[-80.2233609995961,35.80664999971648],[-80.22702799984098,35.80499400018005],[-80.22784299997576,35.80610300000086],[-80.22645899975349,35.80696399991028],[-80.22907300021225,35.81026600024666],[-80.22492800011646,35.81076399986771],[-80.22281199960011,35.81289499990854],[-80.22903300002928,35.81822899974775],[-80.22979600028552,35.81629600021408],[-80.23197200017803,35.81603600006323],[-80.23083900002594,35.8184509997034],[-80.22544899962507,35.81944899972373],[-80.22395399997302,35.82271900020368],[-80.21838299982221,35.824693000317744],[-80.22235399984069,35.82659700019309],[-80.22213499955757,35.83166800017029],[-80.21876799978666,35.832329999965296],[-80.21442799969722,35.830511999730746],[-80.2112579995698,35.831949999798894],[-80.21154200015022,35.835253000129164],[-80.20950000015202,35.83691500001583],[-80.20311700023946,35.835339999653854],[-80.20029899956623,35.83671599972327],[-80.19943499992596,35.842295999859225],[-80.19800700022108,35.843113000002],[-80.19962400007185,35.84459000030564],[-80.19738700007998,35.85451399995808],[-80.19195599967122,35.85979900019373],[-80.19186299978482,35.863414999908635],[-80.19385200007956,35.866494999730065],[-80.19164000020204,35.86977599974053],[-80.19486399985783,35.87228900023751],[-80.1949810000337,35.874494000141524],[-80.19155499981322,35.87667299969421],[-80.1936010000094,35.8795580000663],[-80.19061900020294,35.886680000337805],[-80.1817259995887,35.89169499981276],[-80.17487499987101,35.89971900032815],[-80.17055099967507,35.901840000077065],[-80.16549599990829,35.912561000006995],[-80.1708750004385,35.91759899992897],[-80.17216800042416,35.92126999977183],[-80.18154400001384,35.924888000088245],[-80.18426300005456,35.92471999964843],[-80.18374500002069,35.92031999978947],[-80.18995100038126,35.9154469997956],[-80.19968299962306,35.91578499967375],[-80.20060999991087,35.912815000034925],[-80.20467299999085,35.912535999679456],[-80.20891199979798,35.91571099989282],[-80.21536500003073,35.914833999655315],[-80.22031900041351,35.91839299994632],[-80.22294700021762,35.92605099976252],[-80.22832099982666,35.927436000100606],[-80.23243499996029,35.935062000182114],[-80.23204499997296,35.938687999783],[-80.23399400008473,35.93764700018764],[-80.23590300001355,35.94483699985891],[-80.23554900001122,35.95042899994022],[-80.23053100005436,35.96302900003222],[-80.2298799999511,35.968846999724754],[-80.238011000134,35.99044600001151],[-80.2383140000827,35.99667699998685],[-80.33029799971324,35.99655599998047],[-80.33001499985602,35.99075900011153],[-80.3444679998521,35.990956999842396],[-80.39430699983733,35.97276199992722],[-80.39005399978652,35.96695199989347],[-80.37832800022707,35.96255800021354],[-80.37457899996642,35.95479800029722],[-80.3752960001919,35.939643999756626],[-80.36834400019185,35.927580000125914],[-80.3694110002217,35.92340099982408],[-80.37402400012263,35.91693399973896],[-80.37502699968006,35.91183200025039],[-80.36512700020876,35.89366700001012],[-80.36887700029433,35.886990999726535],[-80.37313199999495,35.884438999800324],[-80.37841899956535,35.8853189999294],[-80.39088700036297,35.892135000081],[-80.40785900038324,35.891480999797494],[-80.41066100026462,35.89010299983604],[-80.41664099977106,35.8810560003195],[-80.4072030002571,35.874787999859485],[-80.39537600041531,35.87159600007241],[-80.39004100026602,35.86827699998371],[-80.3857789999944,35.85448900023078],[-80.38891700033477,35.84464199975493],[-80.39359800000776,35.84167800003561],[-80.39882299965386,35.841347000140196],[-80.40759599971918,35.84546000027324],[-80.41414900040938,35.85148700034047],[-80.42073300016338,35.85266200019093],[-80.42419399964564,35.85104700000539],[-80.42765800039925,35.83328300023931],[-80.43169100034204,35.82835599992839],[-80.43618399969404,35.828499000283486],[-80.43835399973877,35.8321240001699],[-80.44644399991377,35.83665999987295],[-80.4551679995753,35.82728200032348],[-80.46255599959343,35.826964000296464],[-80.47258700038263,35.841374999872464],[-80.4764289996314,35.843843000168654],[-80.48309000027662,35.839798000232605],[-80.48758600000167,35.83290999985379]]]}},{"type":"Feature","properties":{"GEOID":"37084","NAME":"State House District 84","BASENAME":"84","STATE":"37","SLDL":"084"},"geometry":{"type":"Polygon","coordinates":[[[-81.10950699969943,35.77659399984847],[-81.10235499968285,35.76829599968551],[-81.09381400031945,35.768803000148544],[-81.09026500007532,35.766642999852465],[-81.08867099979079,35.76390000008445],[-81.09052000034346,35.757392999674344],[-81.07471400008724,35.74308700009701],[-81.03974900004762,35.75757300033267],[-80.9975149998155,35.772579000111776],[-80.98520099990199,35.76230399995803],[-80.96736699989128,35.76969499996255],[-80.95490200036505,35.77090599979219],[-80.94582499962779,35.77507100014286],[-80.94384100025422,35.73516200007082],[-80.93369800021036,35.72903899995525],[-80.9251829998879,35.72641299969212],[-80.88539099968709,35.72411600035194],[-80.88609600021701,35.7079309997985],[-80.88473299991115,35.703404000173585],[-80.88303599969444,35.702049999705565],[-80.8797440002666,35.703053999786704],[-80.87907800009472,35.70056500012484],[-80.87072099995602,35.698504000111406],[-80.87446099999585,35.69681800005777],[-80.87401300028218,35.69421899974388],[-80.87954500007496,35.698854000045365],[-80.88242800014723,35.69774000002978],[-80.88258899980569,35.696178999697175],[-80.86759400038461,35.644880999638914],[-80.80011600038236,35.63906600008046],[-80.79891200008515,35.61494200033435],[-80.75768399978355,35.616238999818805],[-80.77158199993583,35.6721630001582],[-80.70783700030071,35.85289700025585],[-80.69319699980856,36.05126000022129],[-80.9756749996262,36.05880999990038],[-81.02883299970173,36.04565199993804],[-81.00339999978569,35.99673700025757],[-81.00554100041643,35.95828699995403],[-81.04133900013419,35.8578550003166],[-81.06045100006195,35.83510899965162],[-81.06460299983041,35.824561000168075],[-81.07005699980539,35.818141000275965],[-81.07750500009799,35.81273399998444],[-81.07926500006388,35.80899400030138],[-81.07894299984862,35.802774999664365],[-81.08673099989983,35.796680999756816],[-81.0936989997934,35.79403300023894],[-81.10103599975793,35.787476999835945],[-81.10200900007645,35.78338200026961],[-81.10582299973612,35.78190199973395],[-81.10645299992296,35.77851199999239],[-81.10950699969943,35.77659399984847]]]}},{"type":"Feature","properties":{"GEOID":"37086","NAME":"State House District 86","BASENAME":"86","STATE":"37","SLDL":"086"},"geometry":{"type":"Polygon","coordinates":[[[-81.98688499976033,35.80706600020264],[-81.8693879998478,35.71962400005304],[-81.82412199958054,35.57498299968433],[-81.82213200035919,35.58051299974443],[-81.81849199987849,35.57797999972741],[-81.81034999982492,35.58131299981355],[-81.8035269996963,35.57811599973829],[-81.79878300027413,35.57996799978768],[-81.79586900023975,35.584954000249155],[-81.79658700029015,35.58885199994859],[-81.79405800022022,35.59323900018969],[-81.78741699966649,35.594234999635525],[-81.78301399982784,35.591960999822454],[-81.77218200004589,35.59262300015337],[-81.7680140003839,35.597224000293515],[-81.77190699968628,35.602110999839084],[-81.76833599970087,35.60294699996648],[-81.7661210003486,35.60699400023775],[-81.75736099980377,35.60941700032103],[-81.75340700040202,35.6135879998909],[-81.75041399982659,35.61176400001922],[-81.7468229997497,35.60568900011921],[-81.73900600028448,35.60418699987713],[-81.73714300038641,35.60190799980255],[-81.73178800014564,35.6019909998833],[-81.7199510002581,35.60601200000729],[-81.71583600029956,35.60294799987579],[-81.71661100025138,35.60077899995788],[-81.71527899990764,35.60137400007558],[-81.71750699967869,35.59883100007961],[-81.71597699986656,35.59802000005605],[-81.716325999846,35.595011999746646],[-81.71204500020612,35.59194499980632],[-81.71213800009254,35.58926699998072],[-81.70920599961647,35.58989300026685],[-81.70565300007272,35.581214000240095],[-81.70333999991286,35.5815280001409],[-81.70258699970238,35.5833320001037],[-81.69773500032515,35.57889199972316],[-81.69253800026813,35.57889500035252],[-81.69273400008672,35.58283899993223],[-81.69030999959878,35.58438699965092],[-81.68460700010176,35.577258999932916],[-81.68006399962276,35.576380000267946],[-81.67096900024048,35.56677000027958],[-81.66219000032737,35.567545999838394],[-81.6603759999348,35.565373000182014],[-81.65674600039814,35.5653440001584],[-81.64885299986663,35.561597999787864],[-81.63543500011335,35.56496300028424],[-81.63342900010014,35.567292999663785],[-81.6329749996404,35.56535899999554],[-81.6186349996222,35.56723999984949],[-81.61742000035265,35.56545600014128],[-81.60719299974488,35.566830999634746],[-81.59776399955345,35.57125899998598],[-81.59516300041183,35.57045299990279],[-81.59551800023905,35.56796400025102],[-81.59137899999106,35.56507300003498],[-81.58054300001116,35.5675180002223],[-81.57741499971652,35.5664969998654],[-81.57909600003971,35.56215399998577],[-81.57294599975565,35.55850899977112],[-81.56709400029573,35.55823200003697],[-81.56640499965933,35.56003200034065],[-81.56091200022462,35.56297899997012],[-81.55567300033482,35.5622289999367],[-81.5466399999785,35.56478899982542],[-81.53759900012457,35.564227999868145],[-81.50680900031793,35.60795600024804],[-81.4328980001744,35.677847000206995],[-81.36379599975038,35.76780200005043],[-81.37119600036239,35.76638499984154],[-81.37748700021343,35.757497999925604],[-81.39111699967883,35.7594600001089],[-81.398584000238,35.75842499981858],[-81.40806600013289,35.76523600004733],[-81.42645199961433,35.77200399966503],[-81.44149100031467,35.77385099999869],[-81.44401899966135,35.78403700015777],[-81.44636799980623,35.78527100023843],[-81.47462100004533,35.78354200009516],[-81.49026699956967,35.78054700014796],[-81.51615999979323,35.7808590002879],[-81.54131800024801,35.77908099995236],[-81.54802500002566,35.77678300005839],[-81.55599399982687,35.777538000140105],[-81.60080900000742,35.82509599972543],[-81.6103849996136,35.8196120000883],[-81.63006499980396,35.830376999872755],[-81.62610899985407,35.833481999674994],[-81.63224499989441,35.835790000242774],[-81.63921699998595,35.84834600008263],[-81.71016899988926,35.87517799994098],[-81.71700299988854,35.88324700028269],[-81.71910099996323,35.88330900018212],[-81.72463799977889,35.88965099975554],[-81.72897000037071,35.89118399965106],[-81.73071000024513,35.89784799967957],[-81.73505600018235,35.902831999831236],[-81.74001600041292,35.90718299967663],[-81.74458699958274,35.908682999877094],[-81.74572999978056,35.91637800013757],[-81.75252299977195,35.92442599983852],[-81.75681799965557,35.92554000028529],[-81.75873300033047,35.92846599968346],[-81.76288599992385,35.925707000212896],[-81.76940399955562,35.92913800020006],[-81.77623000005731,35.92711700012095],[-81.77769200009736,35.92991700036311],[-81.77545099990752,35.933850999920274],[-81.77975099981401,35.93870400002683],[-81.77668699999178,35.9415960001663],[-81.77753499973853,35.94738099999322],[-81.78706799968703,35.947600999770316],[-81.79450900030695,35.9502330001763],[-81.79617100036354,35.948787999684356],[-81.7996319998458,35.950378000037325],[-81.80054900008783,35.953068999701074],[-81.80884900032513,35.95834599979165],[-81.80716200015415,35.9619550001845],[-81.81251300019696,35.96397699986558],[-81.8174309996964,35.96836800004959],[-81.83218199961833,35.96714100025536],[-81.83587499980248,35.97182699985391],[-81.84074499962135,35.97199099974936],[-81.8445359997148,35.97497599988638],[-81.84996600029864,35.97361000033294],[-81.87320700042866,35.97758800031666],[-81.87351399967702,35.97931899967391],[-81.87751700038089,35.98115900002918],[-81.87776199970494,35.989046000006496],[-81.88138600029214,35.992931999840295],[-81.8998710004061,35.99990900005933],[-81.94318799966325,35.96004999991877],[-81.94211200031089,35.957525000075044],[-81.93725699966231,35.95517000000627],[-81.93413400028888,35.94846999999191],[-81.93128200017875,35.946617999672746],[-81.93232900011712,35.94137999977784],[-81.9256599999743,35.93741799964558],[-81.92830200002213,35.93103099982767],[-81.92061600007817,35.91908600015809],[-81.91489099994155,35.91643800032457],[-81.91030399997989,35.905554000196176],[-81.91430699978544,35.90139500015107],[-81.90929800004939,35.897766000327536],[-81.90976300037981,35.894568000094814],[-81.90756900004563,35.89078600027105],[-81.9080100000866,35.88638299965033],[-81.90658499985645,35.883628999971364],[-81.91218699996944,35.87469599995609],[-81.91423900001337,35.86636299997763],[-81.91808899965805,35.86020699981359],[-81.91655499964796,35.858912000312806],[-81.91803500012969,35.85664200004024],[-81.91757999984503,35.85167399988922],[-81.9249849995816,35.843070000050986],[-81.93522499970986,35.83743299982722],[-81.93923500008643,35.83789099995014],[-81.94140799960587,35.836322000145394],[-81.94789199980077,35.82762600000366],[-81.94749400031583,35.825961999959006],[-81.95135999985403,35.823140999926686],[-81.95787699966091,35.81931500009839],[-81.973547000373,35.821180000245846],[-81.97881499967681,35.81707300023577],[-81.98047300043378,35.81332900019992],[-81.98688499976033,35.80706600020264]]]}},{"type":"Feature","properties":{"GEOID":"37087","NAME":"State House District 87","BASENAME":"87","STATE":"37","SLDL":"087"},"geometry":{"type":"Polygon","coordinates":[[[-81.81051600040459,36.111510999923816],[-81.79676100036743,36.107090999970616],[-81.79220899966757,36.10317200005817],[-81.78572199999792,36.10045600018621],[-81.78131800033438,36.10116099999244],[-81.77412100011195,36.09864799972324],[-81.76080299991777,36.08982999995573],[-81.75803000034868,36.082529999788285],[-81.7585170004204,36.07716399969662],[-81.75537099968412,36.076011000358214],[-81.75428299973785,36.07307000018708],[-81.74111400040492,36.07189099983981],[-81.73567299995041,36.06758400010429],[-81.80907600010585,35.95878700000439],[-81.79617100036354,35.948787999684356],[-81.79450900030695,35.9502330001763],[-81.78706799968703,35.947600999770316],[-81.77753499973853,35.94738099999322],[-81.77668699999178,35.9415960001663],[-81.77975099981401,35.93870400002683],[-81.77545099990752,35.933850999920274],[-81.77769200009736,35.92991700036311],[-81.77623000005731,35.92711700012095],[-81.76940399955562,35.92913800020006],[-81.76288599992385,35.925707000212896],[-81.75873300033047,35.92846599968346],[-81.75681799965557,35.92554000028529],[-81.75252299977195,35.92442599983852],[-81.74572999978056,35.91637800013757],[-81.74458699958274,35.908682999877094],[-81.74001600041292,35.90718299967663],[-81.73505600018235,35.902831999831236],[-81.73071000024513,35.89784799967957],[-81.72897000037071,35.89118399965106],[-81.72463799977889,35.88965099975554],[-81.71910099996323,35.88330900018212],[-81.71700299988854,35.88324700028269],[-81.71016899988926,35.87517799994098],[-81.63921699998595,35.84834600008263],[-81.63224499989441,35.835790000242774],[-81.62610899985407,35.833481999674994],[-81.63006499980396,35.830376999872755],[-81.6103849996136,35.8196120000883],[-81.60080900000742,35.82509599972543],[-81.5541030003397,35.77694800036022],[-81.51615999979323,35.7808590002879],[-81.49026699956967,35.78054700014796],[-81.47462100004533,35.78354200009516],[-81.44604999978891,35.78524500001617],[-81.44401899966135,35.78403700015777],[-81.44254800029877,35.77519400001416],[-81.44056200037706,35.77340900007909],[-81.42645199961433,35.77200399966503],[-81.40806600013289,35.76523600004733],[-81.3992179997245,35.75856000023965],[-81.39111699967883,35.7594600001089],[-81.3787929997196,35.757255999860256],[-81.3762310000377,35.75831299973275],[-81.37541199970497,35.761523999724645],[-81.37024999980804,35.76687400004205],[-81.36632900001825,35.768002999643635],[-81.35748499980782,35.76706199998832],[-81.35387199998961,35.768851000331146],[-81.35247299969873,35.77378999975526],[-81.3555530003128,35.780272999874796],[-81.3515119999741,35.78382900001376],[-81.34752599988697,35.79260999991822],[-81.34315900003334,35.795566999677554],[-81.33427200016523,35.79628100013905],[-81.33190499957868,35.8026709997749],[-81.33503299987332,35.80377699977815],[-81.33791699977047,35.81263100021923],[-81.33574300042612,35.81451400023274],[-81.3399739998373,35.816056999641916],[-81.3373970000868,35.81791099987153],[-81.33989900039255,35.82415500007538],[-81.34235800014227,35.82236000000053],[-81.34403400044258,35.824552999798776],[-81.33337300036484,35.87889199965556],[-81.34290499959013,35.923203000169565],[-81.32832400044585,35.996583000004016],[-81.3439160004418,36.02435000019454],[-81.38055600005853,36.0420969996472],[-81.38147900014835,36.044610999656484],[-81.39639599975162,36.04076399967757],[-81.39730799997076,36.04309999978076],[-81.38946300001814,36.05012800027642],[-81.39653700021694,36.05661100028101],[-81.40004000043028,36.06257200008968],[-81.3977730003012,36.06643099973964],[-81.40328400017756,36.06593200007972],[-81.40638300015989,36.06782999987962],[-81.40741400020471,36.07184999974811],[-81.40944899963192,36.07072999999168],[-81.41122299984151,36.07280100004004],[-81.41469000006988,36.072723999855604],[-81.41734499963817,36.070847999859254],[-81.42444099957827,36.07785100023076],[-81.43107000043642,36.075316000020344],[-81.43819800016358,36.07528800032933],[-81.44477000022205,36.07213100028452],[-81.44444600035693,36.07546800003609],[-81.44805599980208,36.079408999768546],[-81.44737499956163,36.08302999982415],[-81.45319900033076,36.08670599971513],[-81.45398599997813,36.09049400019265],[-81.46002199956106,36.09096700005709],[-81.46780200011467,36.08553600030625],[-81.47779100017277,36.09276399989065],[-81.47712099980293,36.09683399980831],[-81.48435099963733,36.09599199969026],[-81.4893469998529,36.09857500029249],[-81.49351200004017,36.09749400021741],[-81.49565899962036,36.10058400012583],[-81.50161399991073,36.10033200006854],[-81.50841299974991,36.096976999689915],[-81.51646500029008,36.09747599979147],[-81.52001100016116,36.10259599987867],[-81.54548799955982,36.117474999865266],[-81.5213660000711,36.1308680001204],[-81.52705199984966,36.137242000031364],[-81.54322399980376,36.1429200003587],[-81.5465499995668,36.145984999984805],[-81.55110700028955,36.146147999686676],[-81.60013799981266,36.202873999716196],[-81.59996999958318,36.19929199970804],[-81.61860899968295,36.19828200032255],[-81.62458499988972,36.199024000252535],[-81.63470199999432,36.204182999862965],[-81.6453160002164,36.191946999944996],[-81.65097400040587,36.193594000123824],[-81.65883400042712,36.190346000093236],[-81.6533910003228,36.18703099995788],[-81.65224800012496,36.18374000022881],[-81.65343300015559,36.182111999929745],[-81.65097299968264,36.18057199982235],[-81.64806500039434,36.1815769998424],[-81.64637800022338,36.17973600032429],[-81.648224000403,36.17447699999155],[-81.64495200016833,36.17107400013885],[-81.64650399972176,36.17040400021274],[-81.6477599998975,36.166260000334866],[-81.64248900022064,36.16267000000915],[-81.64590600022026,36.15996099974005],[-81.64496700023693,36.153937999860815],[-81.64626699989529,36.15249999968708],[-81.64024300000793,36.13876499981313],[-81.64438200025593,36.13613200012665],[-81.65140000037822,36.13633700028797],[-81.65257399963987,36.131912000063],[-81.65036299958727,36.13048299992025],[-81.65181499958159,36.12962700029304],[-81.65162999963367,36.124887000149606],[-81.6549050002414,36.11838000013321],[-81.66063200002785,36.11839900008235],[-81.67483300012884,36.12261900033296],[-81.81051600040459,36.111510999923816]]]}},{"type":"Feature","properties":{"GEOID":"37088","NAME":"State House District 88","BASENAME":"88","STATE":"37","SLDL":"088"},"geometry":{"type":"Polygon","coordinates":[[[-80.93261399956376,35.186847000072085],[-80.92422600036122,35.16717799971096],[-80.92062100004061,35.16225600030721],[-80.92616299987911,35.14703600003803],[-80.90740400012876,35.13777599975147],[-80.91751700003542,35.125263000194145],[-80.90471299967713,35.118422999831296],[-80.90266499983115,35.121846999830865],[-80.8979649998916,35.123904000357385],[-80.89287900016265,35.12283799979001],[-80.89702799955809,35.11452199968513],[-80.89485599986354,35.11002299997398],[-80.89590799982479,35.10936400032292],[-80.87744399962722,35.09826299965285],[-80.87558800030016,35.10434800013825],[-80.87054600005385,35.11005999973506],[-80.86810900004542,35.11831699965278],[-80.86151699989549,35.117065999903225],[-80.85555800030545,35.11814600032883],[-80.85297099961089,35.13705000008413],[-80.84751800035916,35.1404589997172],[-80.84549800010225,35.14411199996135],[-80.85779500029732,35.148011000363375],[-80.85791199957487,35.149364999813486],[-80.85061800016638,35.15962700028475],[-80.84796100004993,35.15957999969392],[-80.84240199959467,35.1668799998278],[-80.84013399964067,35.17404199988746],[-80.83780600031051,35.176326000119964],[-80.83697399955898,35.17937699968729],[-80.84484199997614,35.18154999970066],[-80.84134899980852,35.18309300000694],[-80.84144400024309,35.18779300019366],[-80.83859799998075,35.19499699967584],[-80.83691500000774,35.194899000341415],[-80.8360520001924,35.21030200035184],[-80.83393900004909,35.21334899982891],[-80.83745099958496,35.21394899965422],[-80.84462900043913,35.21997299970797],[-80.84909599985185,35.21856400010653],[-80.85976100012755,35.209890000046116],[-80.86748200023162,35.19926300027885],[-80.87323800033037,35.19443799974399],[-80.8826309996385,35.19780999984804],[-80.88018299975943,35.202935999908064],[-80.88097199995494,35.2057609998504],[-80.88929499975845,35.20822700033458],[-80.89770600032382,35.20062799983753],[-80.90425499991774,35.19816000022099],[-80.90835999983055,35.1940239999955],[-80.91497700009484,35.193363999938555],[-80.91715999966003,35.19556900023379],[-80.92157599991747,35.189703000247434],[-80.92917099962484,35.18983700028161],[-80.93261399956376,35.186847000072085]]]}},{"type":"Feature","properties":{"GEOID":"37089","NAME":"State House District 89","BASENAME":"89","STATE":"37","SLDL":"089"},"geometry":{"type":"Polygon","coordinates":[[[-81.53525300035275,35.56841199993989],[-80.9600249999039,35.547020000057046],[-80.95353099966324,35.55393299983419],[-80.95701799998308,35.5677499996689],[-80.95332800017198,35.578612999882445],[-80.94875700010387,35.58355300030382],[-80.9364399998173,35.587746000126856],[-80.93348300012521,35.59132900003965],[-80.9353639995666,35.596719000353616],[-80.94075499979238,35.60055400007411],[-80.94352400006183,35.604930999948934],[-80.9396989996332,35.61209800014832],[-80.92709400036486,35.617253000266174],[-80.92518000041316,35.61991199970933],[-80.92754000042868,35.62297800006923],[-80.90057500015236,35.646657999651644],[-80.86772599973078,35.64511399982845],[-80.88258899980569,35.696178999697175],[-80.88242800014723,35.69774000002978],[-80.87954500007496,35.698854000045365],[-80.87401300028218,35.69421899974388],[-80.87446099999585,35.69681800005777],[-80.87072099995602,35.698504000111406],[-80.87907800009472,35.70056500012484],[-80.8797440002666,35.703053999786704],[-80.88303599969444,35.702049999705565],[-80.88473299991115,35.703404000173585],[-80.88609600021701,35.7079309997985],[-80.88539099968709,35.72411600035194],[-80.9251829998879,35.72641299969212],[-80.93369800021036,35.72903899995525],[-80.94384100025422,35.73516200007082],[-80.94582499962779,35.77507100014286],[-80.95490200036505,35.77090599979219],[-80.96736699989128,35.76969499996255],[-80.98520099990199,35.76230399995803],[-80.9975149998155,35.772579000111776],[-81.03974900004762,35.75757300033267],[-81.07471400008724,35.74308700009701],[-81.09052000034346,35.757392999674344],[-81.08867099979079,35.76390000008445],[-81.09026500007532,35.766642999852465],[-81.09381400031945,35.768803000148544],[-81.10272200010397,35.76849500017061],[-81.11191600011875,35.779206999844895],[-81.1284139995878,35.78938299970294],[-81.13081200013647,35.803240999766935],[-81.13864200002048,35.8084420001852],[-81.14108499987668,35.812161999966925],[-81.14250300043413,35.827576000341786],[-81.14960900041997,35.8289580002578],[-81.15485699963229,35.828310999992574],[-81.16177900039342,35.82476799997389],[-81.16715300000246,35.82571899995568],[-81.17594100013638,35.823054000138065],[-81.19040699965295,35.82238499965744],[-81.19150899984291,35.81488399988724],[-81.1888979997572,35.81087599965075],[-81.18653699991678,35.79674899978308],[-81.18464399988149,35.79323599988161],[-81.19118199960475,35.794625000114415],[-81.1912410000543,35.789278000009546],[-81.18802700044425,35.78141800014851],[-81.18734399965564,35.768306999967066],[-81.18856399984638,35.76781499973488],[-81.18568099977412,35.76149099970592],[-81.1875160000831,35.753161000324866],[-81.18616600019601,35.74602800020063],[-81.18325999965924,35.74140899968694],[-81.18768500013749,35.739683999771316],[-81.1960210003598,35.7317520003641],[-81.18228300004105,35.73111200026323],[-81.17902000002722,35.729732000024235],[-81.17894499968413,35.72698600034768],[-81.19089700009772,35.71910300036149],[-81.18575899959194,35.709684999794405],[-81.18661800010763,35.702590000123124],[-81.19054700029335,35.70264400010964],[-81.19389999982056,35.69974899995517],[-81.19296800040823,35.69534899982039],[-81.19999499985302,35.68606800026918],[-81.20909099995855,35.689365000081416],[-81.21281699975465,35.69434700020157],[-81.21752699973996,35.69207099973913],[-81.21946199960804,35.6956669996408],[-81.23389500041097,35.694840999688125],[-81.25938100003047,35.696837000095144],[-81.25958400042005,35.69047999989449],[-81.25367000013755,35.685191999941964],[-81.25944200012984,35.676743000217584],[-81.27335500035075,35.67733299981709],[-81.27213500016002,35.66098300019014],[-81.28351900031102,35.66007000025858],[-81.29187200025177,35.663352000176666],[-81.29961400027223,35.65971399992511],[-81.30842300032256,35.658306000120916],[-81.31186399971332,35.65438900003571],[-81.31187299993415,35.651945000075735],[-81.30713299981163,35.65071100001681],[-81.30217699977902,35.64476299984449],[-81.30474600003194,35.641573999646404],[-81.3027099998815,35.64033700021648],[-81.30431500003671,35.638232999876614],[-81.30713600018467,35.637867999680836],[-81.30804599985571,35.63577400014685],[-81.31366999970997,35.63680199974636],[-81.31980099972746,35.64180499968198],[-81.3236339996537,35.63896200018846],[-81.32030399969271,35.63525000033422],[-81.32823700040719,35.63522800025862],[-81.32843200040087,35.63948699993829],[-81.33002900016015,35.64049400004478],[-81.3281889998283,35.64288200012534],[-81.33158300026172,35.64997299985984],[-81.34282699977233,35.64676399993022],[-81.3447959999756,35.642091000017565],[-81.35149299970752,35.63940699989318],[-81.35404500024197,35.64139799965777],[-81.35120700037557,35.6449659998839],[-81.35616400023305,35.64592200021614],[-81.35699199988832,35.643482000160276],[-81.3621989999911,35.64277300011234],[-81.36250600013776,35.6375420000568],[-81.36866899994229,35.64112599984198],[-81.36706100031236,35.64306899982135],[-81.3687119996,35.64730099980719],[-81.37195299987253,35.64523299994512],[-81.3745830002248,35.64557800014648],[-81.37495200029574,35.64049500021477],[-81.38061100031011,35.6457160001019],[-81.38188800040226,35.63771099980393],[-81.38008400005543,35.632090999663305],[-81.38738599985983,35.63272199993398],[-81.39432699998923,35.629449000108075],[-81.39851200026797,35.632460999849826],[-81.39954599978755,35.63866700006012],[-81.40584500003453,35.639836000110684],[-81.41125899982653,35.63979799990019],[-81.41412600000525,35.636553999774804],[-81.4237119996572,35.634174999745206],[-81.4300329996455,35.63637100032089],[-81.43832100018722,35.635774999645804],[-81.44187399973099,35.639263000340335],[-81.44316300041702,35.63598500001102],[-81.44836200012386,35.63678199980073],[-81.45169899975754,35.63401100034775],[-81.461488999624,35.63484599977185],[-81.46812199978181,35.63350000035675],[-81.47614300035987,35.63678000009792],[-81.50719799958206,35.60750799974331],[-81.53525300035275,35.56841199993989]]]}},{"type":"Feature","properties":{"GEOID":"37120","NAME":"State House District 120","BASENAME":"120","STATE":"37","SLDL":"120"},"geometry":{"type":"Polygon","coordinates":[[[-84.32172900010413,34.98924099966513],[-84.03232799970046,34.98702800013596],[-83.74989300043886,34.987836000042634],[-83.61995000036833,34.9866690003375],[-83.62005099975238,34.99203199996101],[-83.29685000014652,34.996275000258365],[-83.1086130000428,35.000659000054426],[-83.10970199981395,35.002895000291986],[-83.10844499981332,35.00937799966135],[-83.11319400015667,35.01356999995587],[-83.1171400000608,35.011698000055105],[-83.12637400025858,35.0157490002086],[-83.12629700026568,35.02285899981544],[-83.13011699977314,35.026134999992884],[-83.1326850002011,35.033789999798024],[-83.13092900043318,35.038619999892866],[-83.13577199958956,35.038111999671465],[-83.14770399991164,35.05348500029505],[-83.15493600029417,35.056372999715876],[-83.163244999854,35.05654099969386],[-83.17121000035553,35.06075500034832],[-83.16905799985416,35.061932999690356],[-83.17170999994772,35.06506800032511],[-83.17152199962673,35.06971700010019],[-83.1647090004422,35.07123400006037],[-83.15752599956515,35.07842900007826],[-83.14280300013064,35.07869400019618],[-83.14746899973501,35.088487999815804],[-83.14775800033831,35.09342199998372],[-83.15209500005471,35.09556900033432],[-83.15251199980622,35.09821399978618],[-83.16006300003099,35.0981009998914],[-83.16805100009876,35.10535699992638],[-83.17205599955413,35.10539499981053],[-83.17749000033594,35.109087000152336],[-83.17861099989415,35.115726000089246],[-83.18303299999936,35.11917000036023],[-83.1831710000916,35.125833999849625],[-83.1863720001812,35.128542999808445],[-83.18670600009203,35.13352099970945],[-83.19135300032815,35.135787999675365],[-83.19391099981206,35.14041700017397],[-83.20945299957933,35.150532999940765],[-83.21292300018072,35.15802799991668],[-83.22062699966804,35.15878699970979],[-83.22389600042798,35.15729799973406],[-83.22246100015211,35.167876000313115],[-83.22534400022435,35.177063000306006],[-83.22323500027899,35.18381899999355],[-83.22457400029542,35.188450000218225],[-83.22250399980979,35.192761000361486],[-83.2166819995888,35.194909000248934],[-83.21933299985747,35.19663399964623],[-83.21744300019522,35.19915400030917],[-83.21959700034643,35.20128800033422],[-83.21946599992685,35.20588900010083],[-83.21626700038541,35.20866699997011],[-83.21596899956128,35.21310099978991],[-83.21846300036941,35.2173139999906],[-83.2184419995547,35.22106000027306],[-83.21649300034122,35.22320599974476],[-83.22176800021606,35.22888999970607],[-83.22411399998786,35.23866699975415],[-83.23272700021961,35.24022400034652],[-83.24302800044724,35.23920899985541],[-83.24521400038547,35.231485000188236],[-83.26137799994366,35.23111200028748],[-83.27663100000592,35.22784700006826],[-83.2818520003524,35.22899900011507],[-83.28409099999409,35.23188500021422],[-83.29353500025412,35.235436999657054],[-83.29417600031165,35.24139100006319],[-83.29686799968988,35.24260500014631],[-83.29517100037145,35.24761799985116],[-83.29816499987348,35.255722999922],[-83.30841699969731,35.2570769997754],[-83.31131400001325,35.25973599968852],[-83.31041299966476,35.2641420000332],[-83.3158299998298,35.26472399970959],[-83.31394199981739,35.26911399973429],[-83.31576100023284,35.27413999988212],[-83.31199000023086,35.28153199978671],[-83.31852399975618,35.28890999963437],[-83.31665099981235,35.29256000026022],[-83.3170399999748,35.29818100028304],[-83.32285799999784,35.301356999994006],[-83.32302899970207,35.30816099992435],[-83.32139099993489,35.311963000010124],[-83.32469699960646,35.31432900013185],[-83.33194499988251,35.31600800017097],[-83.3344160002261,35.32046200008957],[-83.33422399970718,35.32567900030461],[-83.33732699988745,35.32989700005019],[-83.33960900008516,35.33099299980099],[-83.34727199956461,35.328476999992475],[-83.35724999975204,35.32968300015145],[-83.36422799969135,35.32599300002777],[-83.37245599995862,35.32909499971827],[-83.37932000009512,35.32550599966065],[-83.38630399988223,35.326780999648165],[-83.39139700018218,35.32552199998569],[-83.39956400035007,35.32776999988521],[-83.4042619997415,35.32489999976829],[-83.41091800036385,35.316528000198396],[-83.41585400030496,35.319459000102185],[-83.4217509999707,35.31762199981548],[-83.42836900005992,35.32454800017145],[-83.43258600012572,35.325155000207616],[-83.43774499964958,35.321914999830085],[-83.44080799964689,35.31720499972896],[-83.44812399969501,35.31667100013282],[-83.45206600029951,35.314203999766484],[-83.45589000000493,35.30279700011468],[-83.46134399997989,35.30172499999432],[-83.46360899956086,35.298972999744095],[-83.46738200011096,35.29777800028123],[-83.47405200007869,35.29766899997233],[-83.48666499974296,35.30542999975372],[-83.49027599991135,35.30554700017747],[-83.4957499999778,35.299520999899585],[-83.67305700039027,35.28277399976309],[-83.68008100036035,35.2792979997778],[-83.68207899997762,35.28103300007353],[-83.6816349995636,35.28465100024053],[-83.68458700013115,35.28869999968615],[-83.69534299974512,35.29753599989431],[-83.69462499969472,35.30553400013874],[-83.69124200003026,35.3100159998296],[-83.69059400030007,35.317158000206625],[-83.68504499989055,35.32379699998349],[-83.67858199961204,35.32821799964046],[-83.67017599996784,35.32857600028413],[-83.66828100028273,35.33122899979818],[-83.6605069995769,35.335625999677106],[-83.65175600015121,35.33686399998748],[-83.64501599986328,35.34021099967293],[-83.63895000014313,35.338817999733074],[-83.62856799972464,35.34391799973103],[-83.62075899975702,35.345288999941545],[-83.61699500032606,35.34906400010309],[-83.61361500013635,35.35727500030852],[-83.60100099974888,35.370523999994646],[-83.59688099976746,35.3718710002351],[-83.59309200022214,35.37698599974414],[-83.595369000397,35.38107599977424],[-83.59294400008415,35.38304700027879],[-83.58829799967295,35.398081000170606],[-83.58600700015272,35.40093600036164],[-83.58521700013227,35.40658400015004],[-83.58302299979812,35.407416999987774],[-83.58238599993858,35.40962999964155],[-83.58520500043673,35.41333400019144],[-83.58508700043595,35.418204000014406],[-83.58902999996704,35.41893699987508],[-83.58518100014729,35.42600500017141],[-83.58575600008253,35.434831999830244],[-83.58974399981949,35.43491800027139],[-83.5943779996368,35.43178600008518],[-83.60029299974423,35.43137299969497],[-83.61081400007987,35.42704499978294],[-83.61382000017578,35.42901399969219],[-83.61800600027942,35.43583600034576],[-83.62348799984348,35.436675000229954],[-83.63225099986306,35.441942000242385],[-83.6424199998462,35.44361799999421],[-83.64460300030971,35.441774999719065],[-83.64585899958713,35.42945400007183],[-83.65222399995635,35.42647599967925],[-83.65788999964343,35.43226100028631],[-83.66463099975628,35.43116099986652],[-83.66986100032358,35.435642999683374],[-83.67478899986877,35.435582000158995],[-83.70301799981844,35.443231999657144],[-83.7079649996302,35.443786000051965],[-83.71382899968398,35.44204700021869],[-83.7211089997471,35.44296800010121],[-83.73281900031135,35.44740599969923],[-83.75667700020941,35.441709000363325],[-83.7755659996561,35.44360500022345],[-83.80083799991367,35.45579999994158],[-83.8047899996656,35.453853000327726],[-83.80439999967825,35.45002100022343],[-83.80811799997677,35.443967999901766],[-83.81550799964475,35.446155999805754],[-83.81912499966091,35.45037899995719],[-83.83141199981024,35.450952999701734],[-83.83789900037819,35.448742000246895],[-83.84432800032151,35.453111000048736],[-83.86588999977816,35.44829199980504],[-83.86805700034816,35.45519800035081],[-83.87379400018035,35.46041300004904],[-83.88154600024656,35.46318300028812],[-83.89537499990358,35.46149100001468],[-83.90828399984383,35.466513999636604],[-83.91407699975252,35.46505400003341],[-83.92828700007436,35.45024600031563],[-83.9357450004127,35.448434999818126],[-83.94430000001982,35.45078800026712],[-83.95457199993513,35.462854000217646],[-83.96108000041947,35.464137999919956],[-83.96278099993582,35.45661599990737],[-83.96569300032039,35.45623799972542],[-83.9646239997424,35.454111999987646],[-83.9718550003,35.45484899981514],[-83.97109600024172,35.45300700018675],[-83.97328899985267,35.45276199997361],[-83.97265500036617,35.44729799969835],[-83.97512800035959,35.44801100017518],[-83.97609400010711,35.446537000238884],[-83.97975700015405,35.44826000025349],[-83.98443299980416,35.44014999977987],[-83.98798299987318,35.44092099988357],[-83.98891900038178,35.43908700008057],[-83.9920040001204,35.440522999989845],[-83.99471200029048,35.43518000026601],[-83.99959299998,35.43389300010999],[-83.9993899995904,35.431240999977845],[-83.99795500021283,35.43073199996328],[-84.00128000015096,35.423390999798954],[-84.0144409999863,35.412348999802305],[-84.02342499993881,35.411581000263446],[-84.01871199958046,35.399995999957966],[-84.01386699987593,35.39788499977735],[-84.01251299979091,35.392191999959664],[-84.00822200010526,35.390573999677414],[-84.01139600043065,35.384601000079655],[-84.00830099974797,35.378766000157526],[-84.00874199978894,35.37281799995047],[-84.00739399955168,35.37164899982253],[-84.01505699992944,35.364980999902336],[-84.0233339997022,35.354311999919645],[-84.0380829999743,35.35117999979922],[-84.03888100039065,35.3482080001003],[-84.03400099962772,35.34327599980032],[-84.0361949999619,35.33765800011658],[-84.03147400010593,35.33652900036632],[-84.02925700020555,35.33309999999241],[-84.0344919998974,35.32255700014838],[-84.03588399961725,35.31321499998687],[-84.03411500032885,35.31118300013826],[-84.02696900016007,35.30967199984865],[-84.0262979999653,35.30632099979034],[-84.02141899992561,35.301400999906804],[-84.02337800008314,35.29630799994509],[-84.03623900034282,35.28841800030245],[-84.04105700028315,35.2793350002565],[-84.04688700000176,35.27424999993674],[-84.05100799980809,35.27333799970289],[-84.05321700021086,35.26975400019649],[-84.0808519999587,35.261252000168454],[-84.08252999990883,35.25628800001577],[-84.09231800012547,35.249374000267245],[-84.09750400031183,35.24759799981453],[-84.1025630002766,35.24836500010675],[-84.10647700039368,35.251491000304235],[-84.1135540000672,35.248981000039294],[-84.11992699993402,35.25204899997026],[-84.12522000025051,35.24987100005269],[-84.1267190001005,35.246304999669064],[-84.12572099966762,35.24212099979321],[-84.12711099973765,35.24077000036551],[-84.13361900022201,35.24237699986689],[-84.13940000043512,35.2460969999338],[-84.14776099987347,35.24686399975267],[-84.15922899969006,35.24571999992481],[-84.16146099965907,35.243522999862435],[-84.17002600021023,35.246459999727975],[-84.17853899998455,35.24063800003674],[-84.18447800038142,35.23998999984204],[-84.18895700038803,35.240217000209554],[-84.19337500029528,35.24477900024874],[-84.19951999965816,35.24385400025516],[-84.20298199986364,35.255291000289944],[-84.21139500007884,35.26562100010945],[-84.22412200044423,35.26898499981042],[-84.23250399979896,35.26424500019847],[-84.24252100034445,35.2534869999902],[-84.2508319995541,35.25071999994775],[-84.25837100008329,35.245662999720295],[-84.26040899988351,35.24183299966142],[-84.275908999818,35.23420399982675],[-84.28329699983612,35.22645900025735],[-84.28810300008091,35.22434599998961],[-84.29021399967608,35.225431999753326],[-84.32172900010413,34.98924099966513]]]}},{"type":"Feature","properties":{"GEOID":"37045","NAME":"State House District 45","BASENAME":"45","STATE":"37","SLDL":"045"},"geometry":{"type":"Polygon","coordinates":[[[-79.0831630001666,35.03266199972053],[-79.07225600004159,35.018008999826684],[-79.0713909996781,35.014510000168464],[-79.06193800009554,35.00911500031701],[-79.05677000035084,34.99828200016539],[-79.04969899962678,34.99195400033932],[-79.04702499979189,34.97827900025638],[-79.04346899987509,34.97524300001048],[-79.04103400041483,34.96779299993208],[-79.03727099991045,34.96704499971606],[-79.0347750003508,34.963119000024015],[-79.03758300007999,34.95753699992511],[-79.03555600015041,34.95519699969288],[-79.03874700019423,34.95271499973774],[-78.95719600013747,34.9143639998217],[-78.93373900009738,34.94087100029608],[-78.92356599991629,34.95617300006795],[-78.91762099967164,34.96236000034429],[-78.90410300035926,34.9867100001153],[-78.89945799977295,35.000279999919336],[-78.91617600024831,35.00370100032494],[-78.92607800026778,34.986986000328976],[-78.9315299996946,34.98319499975299],[-78.93443200003342,34.98705699969215],[-78.95396999993355,34.98714300032065],[-78.95461099999105,34.98844000010158],[-78.94464799987223,34.99293499979319],[-78.93779100030675,35.00002800034508],[-78.93465100031655,34.999772999898354],[-78.92341000028068,35.01708299980075],[-78.95052899964446,35.01054200032832],[-78.94785200033485,35.016879000100054],[-78.9518199999803,35.02177800034873],[-78.95217599963246,35.029031999770474],[-78.97090799961863,35.02398500034848],[-78.97266400028488,35.02966900029733],[-78.97206300041034,35.03407500026861],[-78.97419099972396,35.03573900024637],[-78.97779699986948,35.04429399992524],[-78.98356700021195,35.04403600002751],[-79.00738900012502,35.03756699970415],[-79.00777300026458,35.045101000305586],[-79.01120799980757,35.050191000224004],[-79.00420200027915,35.053850000166356],[-79.00256399961367,35.058179000299965],[-79.01528699978108,35.06132499966187],[-79.02781400012994,35.041900999949966],[-79.03113999989297,35.03339700034489],[-79.04567999992769,35.03002900014096],[-79.0831630001666,35.03266199972053]]]}},{"type":"Feature","properties":{"GEOID":"37102","NAME":"State House District 102","BASENAME":"102","STATE":"37","SLDL":"102"},"geometry":{"type":"Polygon","coordinates":[[[-80.86837699983403,35.22457499979692],[-80.85711499988176,35.22419999998338],[-80.85055200004413,35.21767500030489],[-80.84462900043913,35.21997299970797],[-80.83745099958496,35.21394899965422],[-80.83393900004909,35.21334899982891],[-80.8360520001924,35.21030200035184],[-80.83691500000774,35.194899000341415],[-80.83859799998075,35.19499699967584],[-80.84144400024309,35.18779300019366],[-80.84134899980852,35.18309300000694],[-80.84484199997614,35.18154999970066],[-80.83697399955898,35.17937699968729],[-80.83548599957963,35.18479899978636],[-80.83031199998715,35.189244000093524],[-80.82721600037789,35.19592200021365],[-80.81961800029745,35.1829290001314],[-80.81580000043982,35.18675100033981],[-80.81202600006482,35.19702800001734],[-80.81252200035738,35.19951000022109],[-80.81065100006339,35.19733699965137],[-80.8107499997976,35.18948199973565],[-80.80849299971423,35.185267999712],[-80.79823199966957,35.17593700034445],[-80.79405399996185,35.17712299968632],[-80.79013499982187,35.17903899963715],[-80.79380999956436,35.19087900020581],[-80.79050499971771,35.19447699974455],[-80.7912699996238,35.196715999743084],[-80.78624699964405,35.201926999828984],[-80.76797199959236,35.19902100002008],[-80.76058399957422,35.20172299986462],[-80.75714300018346,35.20987000024884],[-80.77128099963697,35.21399199973076],[-80.77057500018044,35.219418000333164],[-80.7669179999813,35.22425200024695],[-80.77089400002266,35.23097999965008],[-80.77386900015642,35.23172099979642],[-80.78093999998217,35.24552199969868],[-80.77988100034823,35.254356000002595],[-80.77732799998887,35.25963800002771],[-80.78218600011216,35.25805499968019],[-80.79476500033955,35.2583420003429],[-80.79352599988223,35.278725000234566],[-80.80277500014861,35.27631699998603],[-80.80882599980016,35.27663400008505],[-80.83843099957618,35.2367519998391],[-80.84839299987007,35.239441999649344],[-80.85221499992566,35.24327500032749],[-80.85388299983006,35.241338999779444],[-80.85871300036428,35.24173300036491],[-80.8587080003414,35.237089999660164],[-80.86148199973539,35.23692300004617],[-80.86654800027114,35.23029100013588],[-80.86837699983403,35.22457499979692]]]}},{"type":"Feature","properties":{"GEOID":"37072","NAME":"State House District 72","BASENAME":"72","STATE":"37","SLDL":"072"},"geometry":{"type":"Polygon","coordinates":[[[-80.35871400015895,36.102063999933236],[-80.34635699968943,36.10316199998022],[-80.3451149997574,36.096580000316095],[-80.34298400007074,36.09525499983519],[-80.3305060001257,36.09382600034676],[-80.3272680002262,36.09438999994243],[-80.32726499985316,36.096105999873934],[-80.3247550000498,36.09468700032268],[-80.32291499971797,36.09710899968466],[-80.30860099963904,36.1022379997661],[-80.30809199982603,36.10461999980031],[-80.29943199973862,36.10636899994262],[-80.29279500028115,36.10208300020072],[-80.2917359997489,36.09984699978909],[-80.2712339997511,36.096197999659665],[-80.26746500029726,36.09329699992913],[-80.26582400015705,36.09470000008394],[-80.26527500016107,36.09158800028884],[-80.26047099956611,36.0892040001514],[-80.24471299988879,36.093644000017605],[-80.21644799995413,36.09542499994916],[-80.22138399989522,36.09187700017426],[-80.2210430003117,36.09036900000925],[-80.21196300009971,36.088338000104855],[-80.20518000015406,36.09378800016927],[-80.19687300024407,36.094413000219724],[-80.192918999944,36.09687499993805],[-80.18960200040179,36.0945400003041],[-80.18952299986076,36.09059400034139],[-80.18573699979018,36.09357699976636],[-80.18209600038288,36.090906000103985],[-80.1844349995837,36.09450900013668],[-80.18302299977235,36.09644899967124],[-80.18133800014951,36.095316000042196],[-80.173853000047,36.097549000243205],[-80.16934599955297,36.10126100035865],[-80.16518399973876,36.0994280003445],[-80.16530599993749,36.102823999789386],[-80.15889600026075,36.105487999945304],[-80.15851700014406,36.107557000137945],[-80.16068600036387,36.109825000298585],[-80.16857200032439,36.11232400031882],[-80.17998900008735,36.11283799991458],[-80.18415699974936,36.11523499999311],[-80.18825300033963,36.114435000103995],[-80.19638399962422,36.108005000252774],[-80.1968880003127,36.111657000078225],[-80.19501700001871,36.112329999811124],[-80.19730699971403,36.11617700021794],[-80.19589599972758,36.118041000152935],[-80.19880800011217,36.125183000005],[-80.20233700026479,36.12929300009158],[-80.19577299970395,36.13635999989042],[-80.1942210001505,36.14711799984347],[-80.19738399970691,36.14755699990206],[-80.20007599998347,36.14504499979887],[-80.202584000137,36.14537000025356],[-80.20214599957077,36.15105800036038],[-80.20538900039145,36.15102000031128],[-80.20502500034337,36.15770899973412],[-80.22367600013868,36.14912400021666],[-80.22623100014788,36.15486500013498],[-80.2219739998991,36.16181499994577],[-80.22263099985014,36.16794099997281],[-80.23328100005722,36.16663799997257],[-80.23409399964385,36.16452299987273],[-80.23639599993305,36.16416600013848],[-80.23636800034397,36.158257999885734],[-80.25142600041255,36.15745600005744],[-80.26565500010265,36.173850999901525],[-80.26879000006997,36.17394499990514],[-80.27752499960214,36.17121000032937],[-80.27694600036723,36.16813599989484],[-80.28412799962274,36.163063999946544],[-80.29134300028683,36.16384499967178],[-80.30197900025021,36.1575759998826],[-80.31136499988561,36.16407200000913],[-80.31754399958368,36.17152800034422],[-80.33407799993604,36.16634199986241],[-80.34346899959434,36.17134000022682],[-80.34338300027892,36.16643500009829],[-80.34844100041876,36.16638800032035],[-80.34808999989116,36.16133399997382],[-80.35089599997052,36.15832399989874],[-80.351204999767,36.15421299995166],[-80.32785900005501,36.15289699996864],[-80.31276400017649,36.15422000009699],[-80.31189700016319,36.15253799974441],[-80.31865699964429,36.1515520000481],[-80.32114499970633,36.14855999979991],[-80.32337199965245,36.14017399988049],[-80.33258599975875,36.13342799972181],[-80.33942300013106,36.130969000189964],[-80.33929599990945,36.1280579997718],[-80.3438069997031,36.12679000014358],[-80.34515499994038,36.12339900020636],[-80.35242199958468,36.115872999859626],[-80.35871400015895,36.102063999933236]]]}},{"type":"Feature","properties":{"GEOID":"37062","NAME":"State House District 62","BASENAME":"62","STATE":"37","SLDL":"062"},"geometry":{"type":"Polygon","coordinates":[[[-80.04377600008219,35.99853600020502],[-80.03946399958183,36.00080100022711],[-80.03699999980923,35.99981700032195],[-80.03728299966643,35.99746300020592],[-80.03454600008239,35.99830400022441],[-80.03626199966735,36.00175099986306],[-80.03534600014855,36.00585800035573],[-80.01005200014966,36.00925300014322],[-80.0113500001582,36.01182399997885],[-80.00994099982158,36.01262600015755],[-80.00136100010012,36.013536000351955],[-79.99331600013095,36.01641699984716],[-79.9943970004045,36.02934400026984],[-79.99978899955687,36.03534099993821],[-79.99996900038025,36.03976799974833],[-80.00218799993046,36.04092299969695],[-79.99744299978506,36.04954299975872],[-79.9903910002259,36.04690299994004],[-79.9879630004383,36.04909200019831],[-79.9877869998129,36.052420999788524],[-79.98391799990164,36.0525260000497],[-79.9778189996712,36.0488980002384],[-79.98012299961024,36.04561700019963],[-79.97997600019545,36.04313099987678],[-79.97550600040968,36.04304500016606],[-79.96970900030304,36.039406000259724],[-79.96985900009085,36.03739000016354],[-79.96380900026422,36.0355360001745],[-79.96233999965315,36.03942799967415],[-79.96311200013022,36.06415199998168],[-79.9524650002962,36.0673289998883],[-79.94144600001819,36.063362999941226],[-79.94444100024342,36.0608370001302],[-79.93763999985612,36.06035600006247],[-79.9391320000334,36.05695500028378],[-79.93598600019543,36.05696899976226],[-79.93602399983027,36.05568499967565],[-79.93332900007897,36.05667500002382],[-79.93452199960723,36.0589880003004],[-79.93025000018815,36.0638009999964],[-79.92380000032844,36.063874999695365],[-79.92361700003033,36.06014000011415],[-79.92125299981686,36.06012699972177],[-79.92132599961178,36.058768000261345],[-79.91945900041408,36.05877400021115],[-79.91583300017707,36.054866999965554],[-79.91343700017654,36.055724000142874],[-79.90641900005426,36.055153000347865],[-79.90650299971983,36.05411300011592],[-79.89014900019086,36.05702699985763],[-79.8999669996464,36.06481500003831],[-79.8988329996694,36.06700099986437],[-79.8915459999336,36.06699700031609],[-79.8937219998261,36.07029500029208],[-79.89373100004694,36.076515000254574],[-79.89760699963088,36.076695000057086],[-79.88863299972411,36.08677700001044],[-79.888461000195,36.088960999997305],[-79.89060799977517,36.0900320002782],[-79.90082100013923,36.08755100019463],[-79.90224800001921,36.09249900003781],[-79.89888700009607,36.09489100029288],[-79.89917300032634,36.099341000268],[-79.89241299994691,36.099395999726845],[-79.883548999645,36.10767599998673],[-79.8778260000565,36.11562900018159],[-79.89191199963149,36.1165250001096],[-79.88620699958635,36.11881400011654],[-79.88420899996908,36.121389999750576],[-79.88803900042059,36.12287000009876],[-79.89034400018453,36.1270549996944],[-79.89015300038882,36.12935200034784],[-79.88816499991898,36.12965699984621],[-79.886962000345,36.13215999978431],[-79.88657200035766,36.13748500028994],[-79.87087200040666,36.13766400001402],[-79.87092400028519,36.1398719996868],[-79.8649120000934,36.141106999808656],[-79.86003700025165,36.13590399970033],[-79.85013100003425,36.13768699995302],[-79.84697799962524,36.13691499983017],[-79.85141300014924,36.14490600032718],[-79.85206599990231,36.1494899999531],[-79.8550000000282,36.15281999993772],[-79.8535079998509,36.15700600034662],[-79.84282900022983,36.166588000105904],[-79.84236100042469,36.169700000056764],[-79.83820700010808,36.17315800010528],[-79.83273800006448,36.17386300035568],[-79.82785800019987,36.17173100008019],[-79.81832199987831,36.172837000207196],[-79.81687800027991,36.17152900035131],[-79.80801200032818,36.174933999951456],[-79.8025080001245,36.174745000062785],[-79.79952600031805,36.176701999897645],[-79.79436000022316,36.17700600025895],[-79.78951499962034,36.17609100014057],[-79.78628500011676,36.17093999974166],[-79.7837660000926,36.172255999984614],[-79.78395100004053,36.24868700032314],[-80.03511900036781,36.257183999707166],[-80.04377600008219,35.99853600020502]]]}},{"type":"Feature","properties":{"GEOID":"37047","NAME":"State House District 47","BASENAME":"47","STATE":"37","SLDL":"047"},"geometry":{"type":"Polygon","coordinates":[[[-79.46148600002842,34.630401000231515],[-79.37554999967637,34.560353999669054],[-79.2204130000644,34.42471400030063],[-79.10876099993911,34.33093499981742],[-79.08616599988946,34.34395499997134],[-79.07443000028428,34.35884499965908],[-79.08042300020949,34.36908000018497],[-79.09149900038892,34.372020000026254],[-79.09491100036568,34.37516399981393],[-79.1033320000785,34.386307999860435],[-79.10479599976837,34.39517399999881],[-79.1126750000562,34.403667000077355],[-79.11256600027626,34.40577299978048],[-79.11002399978754,34.40790400003964],[-79.111767000035,34.41058199984502],[-79.11044100043738,34.41232299983753],[-79.11261499978175,34.42094799967401],[-79.10870800023567,34.42743700031655],[-79.10827200021757,34.43829100009744],[-79.10456999981257,34.44165800023577],[-79.10125699957001,34.449880000226386],[-79.09434899995091,34.45663700003434],[-79.09244300039512,34.462979999724816],[-79.08390299995831,34.473080000101774],[-79.08292700016506,34.477955999958915],[-79.07840499960243,34.481898999657865],[-79.07704399984469,34.48619699985463],[-79.07168500030427,34.489628999880004],[-79.0626200001609,34.50165100018911],[-79.05282199989853,34.49709700019101],[-79.0488629995756,34.502299000325564],[-79.0434270000423,34.50545900003495],[-79.0230029998623,34.501252000012244],[-79.00818099979526,34.523864000024],[-79.01001199990627,34.526754999875045],[-79.0147529998537,34.52924299988329],[-79.0141820001164,34.53696099996527],[-79.01234599998251,34.54044999976898],[-79.00590100014568,34.54339599992675],[-79.01210800033115,34.555273000367464],[-79.01010800016573,34.56542899998422],[-79.01333299964644,34.56865500006981],[-79.0082689996588,34.58863400006733],[-79.00113300043407,34.58584899993144],[-78.99942000032382,34.58133700009302],[-78.99510899964838,34.582725999684946],[-78.99239499963052,34.57952400035385],[-78.98629399975027,34.57832800022501],[-78.98420400007149,34.57805399981963],[-78.97420599979257,34.58294599997571],[-78.978846000356,34.58650400000015],[-78.98007099967128,34.58971100027756],[-78.98340099963228,34.59100099997307],[-78.979495999736,34.594399000257475],[-78.97982100032435,34.601302000110955],[-78.97169000014145,34.60925599995943],[-78.9656539996602,34.610001999919156],[-78.96365600004293,34.638068000053515],[-78.94330700020599,34.64196799999878],[-78.94825700039081,34.65571899981768],[-78.94862399991362,34.66077699986],[-78.93598100011214,34.682549000337104],[-78.94324399955849,34.684368000252704],[-78.97198600041746,34.67987800023501],[-78.98077100017834,34.67209099963347],[-78.97767300002093,34.68055400021588],[-78.97237300003174,34.687993000325235],[-78.97760799972359,34.69153599964776],[-78.98808800005135,34.692200000200195],[-78.9826270004037,34.69736399966129],[-78.96256899992159,34.7037190003096],[-78.9637539999522,34.708858000207705],[-78.96904100042093,34.71491299987231],[-78.96324699978902,34.73130699979735],[-78.97103499984024,34.75156899966581],[-78.97707700016926,34.75491199998815],[-78.98271100006929,34.750310000367506],[-78.98730499970362,34.7502330000227],[-78.98951400010642,34.729896999776145],[-78.99165700038695,34.72657600015568],[-78.99883399961958,34.730718999888204],[-78.99928800007935,34.74293699967666],[-79.00164399989691,34.74408000030375],[-79.00380600044403,34.75217200026712],[-79.0096470000333,34.75569099987207],[-79.02097299955965,34.75824099971667],[-79.02676499964342,34.76359100029401],[-79.03180799971464,34.765110000293504],[-79.04315099985777,34.78413399971984],[-79.04528099971954,34.78465299992555],[-79.05082199973313,34.7791790002965],[-79.06481399959678,34.77866199988041],[-79.0935530000827,34.769861000341066],[-79.09931400020432,34.76959799990252],[-79.10730899994478,34.77231199997812],[-79.1291149997989,34.78891800034861],[-79.12710200011303,34.79471500019875],[-79.12318399979796,34.7940489999109],[-79.11376300000244,34.8046479997314],[-79.13154299958649,34.82112499979321],[-79.14025000042788,34.822857999852815],[-79.14730000033721,34.82673100032434],[-79.15227100043843,34.83666300028872],[-79.16280600011945,34.85015400004548],[-79.16670599999286,34.85300699979367],[-79.19139099972126,34.833716999901974],[-79.34883200017057,34.83885499971285],[-79.35361599977573,34.8287499997328],[-79.35163099967893,34.82769999994494],[-79.35219999976641,34.82588900026342],[-79.35365799960852,34.826193000011976],[-79.3529589998247,34.82402500034545],[-79.35766299996222,34.820693000169776],[-79.35741500026509,34.81896300035845],[-79.35486899957841,34.816697000055726],[-79.35551100035914,34.8153050000354],[-79.35308400039646,34.814279999777376],[-79.35352100023948,34.81245700028702],[-79.35140200024838,34.812686000053056],[-79.35176100027358,34.81083400008358],[-79.34914699981485,34.8087250003267],[-79.35018999955527,34.80523400020201],[-79.34681000026387,34.80252900023568],[-79.34813199966351,34.800876000049755],[-79.3464679999571,34.80039300029491],[-79.34544699995799,34.79588200020255],[-79.34296300009392,34.794091999935766],[-79.34417599971363,34.79228099997556],[-79.34191000030776,34.79214299975351],[-79.34241200044809,34.79019700036573],[-79.33956299981271,34.789113999642424],[-79.33961300004144,34.78714400008269],[-79.33829999996428,34.78776800012172],[-79.33883800008961,34.78557600024104],[-79.33717799968284,34.785524000019855],[-79.3343790001745,34.7773770000709],[-79.3319229998995,34.777099000106475],[-79.33313100039466,34.776433999772706],[-79.3317899998301,34.77646799969454],[-79.33086099989251,34.77397400010957],[-79.46148600002842,34.630401000231515]]]}},{"type":"Feature","properties":{"GEOID":"37049","NAME":"State House District 49","BASENAME":"49","STATE":"37","SLDL":"049"},"geometry":{"type":"Polygon","coordinates":[[[-78.78296400031617,35.80311599967784],[-78.77469699969085,35.80302300008429],[-78.77373500014129,35.79246500032908],[-78.75611100019286,35.79644399997139],[-78.74517800012856,35.79205999979864],[-78.7469199996528,35.789560000100366],[-78.72591800006279,35.78618099974372],[-78.71754199965751,35.78883400033471],[-78.71863700017477,35.78643300014142],[-78.70854600000945,35.78654199986351],[-78.69992100008214,35.783907999687585],[-78.70074500043773,35.78205800021308],[-78.69880600037169,35.7799709998681],[-78.70469999966441,35.77727400028574],[-78.70504100014625,35.77210499967054],[-78.70763100031554,35.772007000330916],[-78.70764399983604,35.76968899991386],[-78.70543500033156,35.7686240001385],[-78.70363799965742,35.762093000235474],[-78.70209299977667,35.761462000120005],[-78.69840899981335,35.76096299973213],[-78.6943010004258,35.76591699999137],[-78.69970500017207,35.75774700036329],[-78.70192200007246,35.74853400034878],[-78.69733799958553,35.74708600004262],[-78.69793000013756,35.743863999970536],[-78.70104099981543,35.74061399975329],[-78.6981529997203,35.73733799972903],[-78.69848699963116,35.73398900004512],[-78.69373800018612,35.725118999773684],[-78.68339799960043,35.72670899991035],[-78.68035300004478,35.742998000184855],[-78.67005900038818,35.75030899971962],[-78.66448499986429,35.75829499992555],[-78.6592479996243,35.762148000085794],[-78.65973499969601,35.769667999739944],[-78.65849899961175,35.7723209996777],[-78.64940900025236,35.77777500019023],[-78.64918099974841,35.780812999802365],[-78.6417099998896,35.78047300014067],[-78.64292699970727,35.7883850000431],[-78.6629860000143,35.78936200035828],[-78.66015200034586,35.800039999746076],[-78.65557500042995,35.80927900034029],[-78.64602700041283,35.80428399981873],[-78.65262899971017,35.8149640001765],[-78.66284000042442,35.81838799993656],[-78.66858599957915,35.83450600018401],[-78.67430800024101,35.838264000222615],[-78.67516000018571,35.83657799981282],[-78.67907099992976,35.83770900007477],[-78.68428600042846,35.841361999841965],[-78.68557299966801,35.843999999684726],[-78.68855299982465,35.844637999854505],[-78.69592199957623,35.84564400013014],[-78.69991600005926,35.84198499980399],[-78.70686399986133,35.84089099998904],[-78.71285699978657,35.845174999790665],[-78.71510999967197,35.845494000160215],[-78.71666100029881,35.84384499977483],[-78.7235310002831,35.845816000037786],[-78.7296010002012,35.84206200024497],[-78.72937699989521,35.840420000252294],[-78.73278100037437,35.84709900004306],[-78.73963299991699,35.839629999807556],[-78.75073300038586,35.84510500015425],[-78.75283300011041,35.843167999854586],[-78.7574739996004,35.84464799996927],[-78.76316000027728,35.84110300007878],[-78.7690829998823,35.84454800022138],[-78.76807500030199,35.84187800008837],[-78.77283200014294,35.84095700034563],[-78.77184200010599,35.83919900016741],[-78.77321899975725,35.837885999831094],[-78.77930299991907,35.84013499986521],[-78.78016999993238,35.83932000008319],[-78.76374299971013,35.83168500015823],[-78.76961500015987,35.82856200003726],[-78.77168599957207,35.818780000182535],[-78.78206899981546,35.80878700016104],[-78.78296400031617,35.80311599967784]]]}},{"type":"Feature","properties":{"GEOID":"37050","NAME":"State House District 50","BASENAME":"50","STATE":"37","SLDL":"050"},"geometry":{"type":"Polygon","coordinates":[[[-79.53185999962339,36.24974799973554],[-79.2579520003798,36.24344500002918],[-79.26010300015797,36.10776800001461],[-79.25869499964625,36.103762999648254],[-79.26010800018085,36.103218999972185],[-79.2614370001515,36.07086999992575],[-79.26046300000809,36.06648300003434],[-79.26214299960803,36.06168099978879],[-79.26085999966811,36.04008599985637],[-79.26337799986737,35.97371500021661],[-79.26454100015671,35.973744999638406],[-79.26292400030594,35.96866800026058],[-79.26398799996277,35.96779199973529],[-79.26402700032081,35.9141140001799],[-79.26714899986935,35.913690999724054],[-79.26843400035742,35.91092999983015],[-79.26824299966337,35.90918199973934],[-79.26041899962716,35.90561399986065],[-79.2569160003121,35.902055000264944],[-79.25794599963372,35.891492999684445],[-79.24953800033971,35.87681000031752],[-79.22193500037893,35.874044000079465],[-79.22153399962262,35.87546700009922],[-79.21881600030514,35.87525699971613],[-79.2188149995819,35.87372500030062],[-79.14857900007917,35.86689800007922],[-79.1412019999317,35.97664700031456],[-79.13750500044787,35.97893400033948],[-79.13637099957258,35.98190100036183],[-79.1145699997413,35.97782700002389],[-79.1121339995578,35.975480000236985],[-79.07630999990076,35.96985999964602],[-79.07516099985514,35.98661999980284],[-79.06926599983922,35.976192000232885],[-79.06278400019244,35.97144999967569],[-79.05792500024423,35.9630050001464],[-79.05853799981433,35.9472969997184],[-79.05694500025301,35.93928699974681],[-79.05152399989001,35.940160999970246],[-79.04866900030517,35.94237299972272],[-79.04391999996179,35.95695799984636],[-79.03789900044748,35.957447999896814],[-79.03626300033014,35.95866200010674],[-79.03630799963767,35.96198000015539],[-79.03350300028153,35.96150899989705],[-79.03465999982477,35.96548399974019],[-79.03372699968922,35.969488999732825],[-79.02436100014529,35.96645100020728],[-79.00073699970062,35.952697000278484],[-78.95059700031483,36.23931999976349],[-79.15399700006914,36.2418750001378],[-79.13831999968436,36.54197499995091],[-79.51363800017347,36.54090199996274],[-79.53185999962339,36.24974799973554]]]}},{"type":"Feature","properties":{"GEOID":"37053","NAME":"State House District 53","BASENAME":"53","STATE":"37","SLDL":"053"},"geometry":{"type":"Polygon","coordinates":[[[-78.82538599997093,35.432662000276714],[-78.82306399959025,35.42920600025998],[-78.82493800025729,35.419155999700116],[-78.81918399980835,35.41037399967694],[-78.79120400027902,35.3985249999119],[-78.7741300001515,35.39811400015632],[-78.76844500019784,35.396425000251654],[-78.74866899974803,35.37653599981176],[-78.74475399980604,35.36978600002274],[-78.74270400031023,35.361856000283744],[-78.73949300017492,35.35941499984794],[-78.73306800042955,35.3585530002498],[-78.7270090003821,35.353655000007166],[-78.64945199991006,35.34028999965274],[-78.63625199971668,35.33091299989401],[-78.64183200008833,35.323286999995226],[-78.6429700002633,35.3158519999506],[-78.64571400041838,35.31219000033414],[-78.63984699999152,35.302275999802355],[-78.64048300002617,35.2973360000766],[-78.63536899980983,35.289503999806406],[-78.63911700024556,35.2816510000446],[-78.64659800015014,35.280623999702584],[-78.648975999709,35.270942000000076],[-78.64526400015659,35.2696589998859],[-78.6454070002717,35.26428000003965],[-78.6408589997698,35.26004399994683],[-78.64368499994065,35.24914200030889],[-78.61711399984964,35.24571800002126],[-78.60866700019757,35.2543759998392],[-78.59998199999579,35.258403000350235],[-78.59852199960555,35.264975000252136],[-78.58463900042017,35.273312000277436],[-78.5831139997326,35.27914300018489],[-78.58560400034278,35.28464899983111],[-78.58328500033512,35.29096500012771],[-78.58531899993741,35.293541000292265],[-78.58296800014271,35.29541799969816],[-78.58352999965919,35.29681399974166],[-78.58080200029598,35.29819400003681],[-78.57612499992263,35.29600199986027],[-78.57253899986858,35.29769599968584],[-78.57027699976236,35.3021190002353],[-78.5642880000351,35.304449000145546],[-78.5577129996036,35.3047130001719],[-78.55988699984627,35.30633299976583],[-78.55535199976316,35.30964000025341],[-78.54767800041307,35.311047999791604],[-78.53861599974447,35.31587000035786],[-78.53557600021169,35.32010199989723],[-78.53760800016414,35.32719499968576],[-78.52985100007504,35.33493499973717],[-78.53358199989405,35.34064299982473],[-78.53376400036724,35.34385699967276],[-78.54926199975355,35.3534539996788],[-78.55279599992906,35.35730800013661],[-78.56266100013858,35.36222299967955],[-78.5628030004288,35.3656199996532],[-78.56769499998899,35.36768799985683],[-78.56914000031063,35.37081800015252],[-78.56810900026576,35.37376100020025],[-78.57195499971249,35.38042099964119],[-78.57250100023376,35.386481999924456],[-78.58410499959446,35.394169000228466],[-78.58448200006134,35.39591799981065],[-78.59265500007702,35.39859999964663],[-78.59707999965696,35.40624799968634],[-78.59877299967572,35.418260000178094],[-78.61002799995528,35.42734000023686],[-78.60709800002736,35.43244100016215],[-78.6147749997505,35.4402800000453],[-78.60554200027597,35.45459700021065],[-78.59509999958304,35.46666300033367],[-78.59518599979677,35.477880999863025],[-78.59090500015687,35.47583299970849],[-78.5896409995852,35.466471999994184],[-78.5857049997268,35.46470899976879],[-78.58046300036224,35.465633999931796],[-78.5767779996757,35.47319599983388],[-78.57559400036828,35.48122799991421],[-78.57730300028055,35.488158999726814],[-78.57386500036453,35.49728300002578],[-78.56904200040134,35.502540000182414],[-78.55848599990559,35.50920500004429],[-78.5518700003645,35.518187999850845],[-78.54212099960762,35.524880999919894],[-78.54022199972455,35.530578999769546],[-78.53478700001617,35.53277500007188],[-78.5344010002268,35.53531299993948],[-78.53096199958753,35.53448500024229],[-78.53001400028167,35.53637500023067],[-78.52537700009131,35.53725800009221],[-78.52162000033303,35.535826999739406],[-78.52211699955218,35.534612999984084],[-78.52026100022513,35.53511999970741],[-78.51687199981458,35.530194000275266],[-78.51902799961562,35.52925599988857],[-78.51843199976396,35.527494999860636],[-78.51657300006386,35.52487400031253],[-78.51238600013527,35.52440699995724],[-78.51365900002946,35.52346499996689],[-78.51285300011551,35.52126200011408],[-78.509535999675,35.52103699988133],[-78.50920900033516,35.525680999695034],[-78.5024530001537,35.52848600024679],[-78.50306499989888,35.52733899997],[-78.49961000026441,35.524661999799214],[-78.50121000039672,35.521836999955404],[-78.49742299960293,35.519950999812906],[-78.49615300008179,35.52203299980296],[-78.49085399991753,35.523680999926505],[-78.48294500039081,35.52149700020367],[-78.48161399987198,35.52823700006236],[-78.47837799962231,35.52560900034892],[-78.47893800038729,35.52430400036473],[-78.47716900020056,35.52497300002937],[-78.47316899986973,35.5229400001801],[-78.47290699992892,35.52459900021467],[-78.46911699966037,35.525433999871595],[-78.46693300027026,35.52230100008809],[-78.46348399958525,35.52333099968625],[-78.46394100041807,35.526858999866555],[-78.4711949996436,35.52982400030221],[-78.47411899972371,35.53435100008821],[-78.47997600010483,35.538383999978976],[-78.48066900004088,35.540966000117606],[-78.47766899979275,35.54541700031328],[-78.4810020001268,35.547273999782384],[-78.48116600015834,35.55012000030535],[-78.50053099980609,35.55153400011336],[-78.5075509995782,35.556520000207605],[-78.51907299982146,35.558086000308954],[-78.52217799965155,35.556568000284386],[-78.52610000016458,35.56304000001888],[-78.54305899976606,35.5803650000466],[-78.54115499986011,35.586562000280416],[-78.53692500027384,35.590788000159606],[-78.53560499962569,35.599897000065475],[-78.53306600040833,35.600025999752276],[-78.53202500031774,35.60248900002083],[-78.52874999971,35.60212799993392],[-78.52747299961787,35.60439899972666],[-78.52537299989334,35.6040250001165],[-78.52774499960442,35.60962299977376],[-78.52783900021407,35.61998000027223],[-78.52455000026096,35.62067700033491],[-78.52209099961293,35.62559399975612],[-78.52249200036923,35.63546700005894],[-78.52164000042454,35.63846100022315],[-78.5187590000021,35.64027300013755],[-78.5241100000449,35.650617999698895],[-78.52994999980925,35.6539649998622],[-78.53116599980203,35.65663700035724],[-78.70890199966159,35.519458000182716],[-78.77886699990098,35.54123799982594],[-78.78362299991703,35.514696000034284],[-78.79346600038525,35.51420699998365],[-78.79750299962768,35.5099369999524],[-78.80086000025118,35.498956000114745],[-78.80718000041455,35.49762599994578],[-78.81576400033397,35.49080799988872],[-78.81011899966498,35.454528999798875],[-78.81583100028112,35.45352999981252],[-78.81932100007569,35.4465119998393],[-78.82197499981908,35.444955000167376],[-78.82538599997093,35.432662000276714]]]}},{"type":"Feature","properties":{"GEOID":"37054","NAME":"State House District 54","BASENAME":"54","STATE":"37","SLDL":"054"},"geometry":{"type":"Polygon","coordinates":[[[-79.64582200043382,35.83038900027408],[-79.64317399963991,35.825869000171494],[-79.64196000019528,35.809953999726716],[-79.64473500031248,35.790900999777236],[-79.64343899995379,35.78611700008228],[-79.63168999992979,35.77710899993161],[-79.62232299966264,35.76589400016759],[-79.6190110001433,35.757418000093914],[-79.61955099991847,35.7482419999786],[-79.6032900002759,35.75157099979359],[-79.59176600038283,35.74662299970874],[-79.57269600028785,35.74262300021565],[-79.54554100004074,35.74260099983982],[-79.55323299983249,35.59928100013769],[-79.5558039997352,35.51503900017207],[-79.35007300027769,35.51800200031117],[-79.34835699979442,35.51985000005077],[-79.33917600019842,35.52111699980887],[-79.33456099974937,35.52514900019921],[-79.32244100000462,35.524452999931285],[-79.31208600024864,35.53046000018957],[-79.31123400030394,35.53273299997073],[-79.32344799976,35.542224000355446],[-79.3234889997679,35.544183999726684],[-79.31785099966991,35.54327300004814],[-79.31355400013648,35.54442199965717],[-79.30349899995616,35.5485459999429],[-79.3026419999886,35.552401999647444],[-79.29844400018936,35.55355599970711],[-79.29405300004629,35.552690999661],[-79.28776399984505,35.5550720002131],[-79.28459799991559,35.55499899969694],[-79.2820150003173,35.55180199979017],[-79.2909359996223,35.54539800007993],[-79.2917869997421,35.54272000025134],[-79.29061000010739,35.54009800031892],[-79.28610900035946,35.53898400009532],[-79.27628299960968,35.53196999978868],[-79.26814499975409,35.53249399965563],[-79.26094000003405,35.53713900018503],[-79.24519900007517,35.55296100019153],[-79.24283800023473,35.559928000004064],[-79.24418800012181,35.56972099966929],[-79.24074199980986,35.570517999903686],[-79.23107499996706,35.56801200005041],[-79.22336100043398,35.56868600001241],[-79.2193350001639,35.56648899987133],[-79.22122099962817,35.55959800030529],[-79.22652900001327,35.554156000323225],[-79.22447899961914,35.55081100020934],[-79.21443900040576,35.55568699989992],[-79.19988599995224,35.55855799985138],[-79.19906900016764,35.563923000027884],[-79.20183000004116,35.573176000059675],[-79.2008540002479,35.57667799998001],[-79.18612300041747,35.58032700007016],[-79.18350999978362,35.584376000288955],[-79.1578879997217,35.60359499992774],[-79.1500600003858,35.6170589997318],[-79.14252099985663,35.622730999953134],[-79.13856599973165,35.62404299997449],[-79.12577499979216,35.62386399967802],[-79.119236000244,35.628287000075375],[-79.11584199981058,35.62759500009762],[-79.1122599999545,35.62294800007222],[-79.10088400019941,35.623873000159406],[-79.09311600023968,35.61885899973153],[-79.07774699982649,35.6140369997124],[-79.06913100012,35.60928299982499],[-79.05233499982683,35.59587200020322],[-79.05156900009585,35.58497500014014],[-79.04664200037557,35.578039000335345],[-79.04735799987783,35.57222700013843],[-79.0459190003023,35.56866999972992],[-79.03629900031515,35.56187600000356],[-79.02400100029517,35.54837699968771],[-79.01469199975433,35.54369600019098],[-78.99730200015765,35.542467999856385],[-78.99084800009997,35.54018999979274],[-78.98388100003129,35.53558299977283],[-78.96963999974733,35.52166899991402],[-78.91606699957006,35.58410199982084],[-78.99504800044733,35.61016599978852],[-78.93627099964203,35.771898000358306],[-78.93089100018524,35.794376999708895],[-78.92641700020148,35.80196200010864],[-78.90942500008974,35.842937000071885],[-78.90607099983929,35.86809600018452],[-79.02524099967907,35.86282000030293],[-79.02518200012783,35.861357999856104],[-79.02662200042661,35.86276200009879],[-79.0820359998623,35.86077599985964],[-79.2188149995819,35.87372500030062],[-79.21881600030514,35.87525699971613],[-79.22153399962262,35.87546700009922],[-79.22193500037893,35.874044000079465],[-79.24953800033971,35.87681000031752],[-79.25095400034903,35.87112300036174],[-79.24892800024435,35.86616400005105],[-79.25039299975914,35.856977999813296],[-79.24837800042344,35.85463600020335],[-79.23696900015807,35.850612000186516],[-79.23731200028975,35.844122000086664],[-79.5424279998147,35.843302999794375],[-79.54172800020599,35.89985099980246],[-79.63310900031216,35.903276999681616],[-79.63520999986159,35.887471999879075],[-79.63855999991408,35.8830269997783],[-79.62642799957545,35.865636999957],[-79.60543600003119,35.8483559997298],[-79.62106599966198,35.84360699968063],[-79.62415499959856,35.84595900023578],[-79.6307250000072,35.84546400013222],[-79.63747100014291,35.84856899999825],[-79.64322300004372,35.84730600003412],[-79.64540999980687,35.84061800014836],[-79.64582200043382,35.83038900027408]]]}},{"type":"Feature","properties":{"GEOID":"37058","NAME":"State House District 58","BASENAME":"58","STATE":"37","SLDL":"058"},"geometry":{"type":"Polygon","coordinates":[[[-79.92334500004377,36.027026999931536],[-79.91547999999966,36.02634000027298],[-79.91536299982378,36.0180869997315],[-79.90974099961933,36.01646099988556],[-79.90981799961222,36.01495899967697],[-79.90331400022416,36.01494400017345],[-79.9021559999577,36.017475000107],[-79.8995430002222,36.016661000080695],[-79.89476899976448,36.02052000021471],[-79.88503400014962,36.030444999736524],[-79.8793879996557,36.02995799996344],[-79.87948700028822,36.0330100000894],[-79.86857699979015,36.02978600000887],[-79.86959500031452,36.02862599976637],[-79.86832900009303,36.02769200035731],[-79.86705399965071,36.029016999956596],[-79.86621900032277,36.01540599999313],[-79.87080799993423,36.01518399987989],[-79.8758610000512,36.013395000326106],[-79.87609600022786,36.01208799996553],[-79.87647000032167,36.00281000000156],[-79.87263700039543,36.002260999872824],[-79.8752479995828,35.997334000318915],[-79.87270900036543,35.99529000029049],[-79.87024399986963,35.99647499985448],[-79.86962499955342,35.998913000353234],[-79.86932300032794,35.995415999678734],[-79.87708999956445,35.98960800022302],[-79.87862299974964,35.95155599987282],[-79.86875000004251,35.94973999996716],[-79.86985999973005,35.95376700001299],[-79.86708600033607,35.958375000151705],[-79.86678800041022,35.962277999664536],[-79.86413899979141,35.96397600012482],[-79.84128099997604,35.96296600031648],[-79.83607200022344,35.96078699981804],[-79.83413800018027,35.95696000023265],[-79.82767400007687,35.95709700003151],[-79.82720399972358,35.95209499975363],[-79.82483500038553,35.952083000331925],[-79.81779899982159,35.953833000129585],[-79.79482999967813,35.954306999942105],[-79.79433599993372,35.95827899999733],[-79.79179099997027,35.960981999793134],[-79.79193900010827,35.969368000197385],[-79.79415900038171,35.96957899987392],[-79.79307999975798,35.99235800020287],[-79.77743099986061,35.99077200032566],[-79.76189999996402,35.99463299964826],[-79.74985600038724,35.99468500011869],[-79.74973699966323,35.99602400024278],[-79.74232899955362,35.98897199976765],[-79.73898000022436,35.98900999968288],[-79.74187699964199,35.99235200028087],[-79.73533100042111,35.99580799971851],[-79.7336190001358,36.0024659996599],[-79.72639699979902,36.01055000005031],[-79.71426700000853,36.01923099974748],[-79.71278999989985,36.02268700032079],[-79.71619900040189,36.02329799971272],[-79.7034860002802,36.02665699971135],[-79.70190399969121,36.03356500004948],[-79.69588300017689,36.03514799980256],[-79.6908429995804,36.03993999969666],[-79.69217599974905,36.04418199970722],[-79.69453699958946,36.04425900022409],[-79.69863800020264,36.0479130000405],[-79.69989600002819,36.05285600026997],[-79.70135100039558,36.0529239996989],[-79.70164799959818,36.05818100005526],[-79.73181099959102,36.05260699994801],[-79.75068099966944,36.04720900007592],[-79.76921199981415,36.04635700017526],[-79.76801799956272,36.05739299969871],[-79.78075099977586,36.05796499994629],[-79.78095300034053,36.05619099986026],[-79.78417399962328,36.05454399977977],[-79.7914190004246,36.05531799984427],[-79.79205799993397,36.06577600017842],[-79.79067100023698,36.067660000359034],[-79.82391200029572,36.06177299992023],[-79.82692199969127,36.06014400001096],[-79.83589999979598,36.04817299989637],[-79.84072699995717,36.044275000133375],[-79.85940500041497,36.04881499991859],[-79.87068900010854,36.048929000230416],[-79.89123399976407,36.05656100003725],[-79.90330500000331,36.05539699970519],[-79.91789199989371,36.04940100014683],[-79.92334500004377,36.027026999931536]]]}},{"type":"Feature","properties":{"GEOID":"37059","NAME":"State House District 59","BASENAME":"59","STATE":"37","SLDL":"059"},"geometry":{"type":"Polygon","coordinates":[[[-79.96849099976212,35.91812799974917],[-79.97228199985557,35.9176800002298],[-79.54172800020599,35.89985099980246],[-79.5391530001053,36.08256900001579],[-79.53241000034262,36.24146299965714],[-79.78395100004053,36.24868700032314],[-79.7837660000926,36.172255999984614],[-79.78628500011676,36.17093999974166],[-79.7842590000121,36.16715700025802],[-79.7816830000865,36.165100999863164],[-79.77602599972195,36.166262999832654],[-79.75519400001124,36.179452999883374],[-79.74323099972703,36.19018499974821],[-79.73215999957047,36.18897599998369],[-79.72977600016382,36.19169500034431],[-79.72578500005383,36.19281199992245],[-79.72051600002679,36.189384000150326],[-79.71902200019966,36.183470999893586],[-79.71551099959039,36.183570999802654],[-79.71353100041476,36.18038999974068],[-79.70848199959745,36.18155000020735],[-79.72936600008498,36.15131000010533],[-79.69923200040448,36.15460499987516],[-79.69916700010715,36.12102799996963],[-79.70403199990315,36.1201530000286],[-79.70271100032839,36.119010000235605],[-79.70432300015628,36.11819200031208],[-79.71244500011834,36.12295299990837],[-79.71262699969323,36.11642400032284],[-79.71720199995931,36.10262199968543],[-79.71520000014408,36.10212700026761],[-79.71642000033481,36.087578000249216],[-79.7249940002085,36.087450999804176],[-79.72806999972629,36.08514800030215],[-79.7274310002169,36.08183300031598],[-79.72579000007669,36.081797000272275],[-79.72630200026276,36.0786519999329],[-79.72969300032314,36.07861200020119],[-79.73119499964785,36.075415999872696],[-79.72731099966799,36.06980899997581],[-79.73692300015752,36.0690359999918],[-79.7381109996629,36.06543699978706],[-79.73678900026323,36.06217799964598],[-79.7430669996955,36.063618999871686],[-79.75083499965523,36.06207799966545],[-79.75084899989893,36.05993699999874],[-79.74723799973054,36.059875999936835],[-79.74739900028734,36.051718000276104],[-79.75355100022122,36.047600999661],[-79.75778300035563,36.04677300020116],[-79.75014699974206,36.0473090000666],[-79.73181099959102,36.05260699994801],[-79.70164799959818,36.05818100005526],[-79.69984300032473,36.05002900033802],[-79.69453699958946,36.04425900022409],[-79.69197300025776,36.04395700023678],[-79.69108000030518,36.03906600007537],[-79.69588300017689,36.03514799980256],[-79.70190399969121,36.03356500004948],[-79.7034860002802,36.02665699971135],[-79.71619900040189,36.02329799971272],[-79.71278999989985,36.02268700032079],[-79.71426700000853,36.01923099974748],[-79.72639699979902,36.01055000005031],[-79.7336190001358,36.0024659996599],[-79.73533100042111,35.99580799971851],[-79.74187699964199,35.99235200028087],[-79.73898000022436,35.98900999968288],[-79.74232899955362,35.98897199976765],[-79.74973699966323,35.99602400024278],[-79.74985600038724,35.99468500011869],[-79.76189999996402,35.99463299964826],[-79.77743099986061,35.99077200032566],[-79.79307999975798,35.99235800020287],[-79.79415900038171,35.96957899987392],[-79.79193900010827,35.969368000197385],[-79.79179099997027,35.960981999793134],[-79.79433599993372,35.95827899999733],[-79.79482999967813,35.954306999942105],[-79.81779899982159,35.953833000129585],[-79.82720399972358,35.95209499975363],[-79.82767400007687,35.95709700003151],[-79.83413800018027,35.95696000023265],[-79.8381529996814,35.961999999835605],[-79.84592999986197,35.96378400022847],[-79.8536900003241,35.962516000158125],[-79.86413899979141,35.96397600012482],[-79.86678800041022,35.962277999664536],[-79.86708600033607,35.958375000151705],[-79.86985999973005,35.95376700001299],[-79.86875000004251,35.94973999996716],[-79.87862299974964,35.95155599987282],[-79.87830200025759,35.96818299992075],[-79.87708999956445,35.98960800022302],[-79.86932300032794,35.995415999678734],[-79.86962499955342,35.998913000353234],[-79.87024399986963,35.99647499985448],[-79.87270900036543,35.99529000029049],[-79.8752479995828,35.997334000318915],[-79.87263700039543,36.002260999872824],[-79.87647000032167,36.00281000000156],[-79.8758610000512,36.013395000326106],[-79.86621900032277,36.01540599999313],[-79.86705399965071,36.029016999956596],[-79.86832900009303,36.02769200035731],[-79.86959500031452,36.02862599976637],[-79.86857699979015,36.02978600000887],[-79.87948700028822,36.0330100000894],[-79.8793879996557,36.02995799996344],[-79.88503400014962,36.030444999736524],[-79.89476899976448,36.02052000021471],[-79.8995430002222,36.016661000080695],[-79.9021559999577,36.017475000107],[-79.90331400022416,36.01494400017345],[-79.90981799961222,36.01495899967697],[-79.90974099961933,36.01646099988556],[-79.91536299982378,36.0180869997315],[-79.91547999999966,36.02634000027298],[-79.93776399970467,36.02727500011955],[-79.94153499970663,36.016616000353515],[-79.93848199975507,36.013317000311694],[-79.94105600003083,36.01146899975072],[-79.9422789996963,36.00333300002672],[-79.94565499968805,36.00091000026624],[-79.9462149995547,35.99642499995047],[-79.95520500025332,35.9993759996637],[-79.95776299973723,35.99317899964613],[-79.95807800027983,35.99063399995577],[-79.94634199977632,35.98701700009383],[-79.95318900019439,35.97879399978544],[-79.95425600022423,35.97042900034661],[-79.94762600043947,35.970387000115636],[-79.94902800020508,35.969033000155534],[-79.94781399986212,35.96396200011788],[-79.94919600043457,35.95872900030332],[-79.94704099956014,35.958756999988836],[-79.94577600006188,35.95621900016915],[-79.9544999997234,35.95194900024215],[-79.95257999992393,35.94838199966795],[-79.96075700013756,35.94047200010569],[-79.9609499995831,35.932284999935796],[-79.95474400012085,35.93168300028848],[-79.95766400000304,35.9243649996495],[-79.95577900036366,35.92465299971122],[-79.95459699980776,35.92048499997349],[-79.95885300023163,35.92048499997349],[-79.95805200034056,35.92331799977944],[-79.96523799979403,35.923037999836325],[-79.9639840001664,35.92238400030063],[-79.96521199985474,35.92133999977861],[-79.96656900031282,35.92287599994137],[-79.96667899991769,35.92152900014218],[-79.96910800042849,35.9215719997115],[-79.96911799957591,35.92325299989397],[-79.97062700036997,35.923305000097606],[-79.96849099976212,35.91812799974917]]]}},{"type":"Feature","properties":{"GEOID":"37040","NAME":"State House District 40","BASENAME":"40","STATE":"37","SLDL":"040"},"geometry":{"type":"Polygon","coordinates":[[[-78.80175800022663,35.92692900022802],[-78.76524499993319,35.90132899990976],[-78.76848100018285,35.89447599987938],[-78.76954999986255,35.879249000044176],[-78.76467699967061,35.870968000334784],[-78.75758199955544,35.86831799965149],[-78.75581499991685,35.866226000217125],[-78.75624599991208,35.86438400014745],[-78.75203399986914,35.86317400017708],[-78.7530730003099,35.85627500034673],[-78.7463780002278,35.85362400015163],[-78.74642300043365,35.84931899996875],[-78.74147400007374,35.84523500005406],[-78.74289000008307,35.84199799973238],[-78.74006399991222,35.839624999798126],[-78.73747399974293,35.840834000331945],[-78.73278100037437,35.84709900004306],[-78.72937699989521,35.840420000252294],[-78.7296010002012,35.84206200024497],[-78.7235310002831,35.845816000037786],[-78.71666100029881,35.84384499977483],[-78.71510999967197,35.845494000160215],[-78.71285699978657,35.845174999790665],[-78.70686399986133,35.84089099998904],[-78.69991600005926,35.84198499980399],[-78.69576099991774,35.84565899974744],[-78.68557299966801,35.843999999684726],[-78.68374199955701,35.84093500023287],[-78.67516000018571,35.83657799981282],[-78.67430800024101,35.838264000222615],[-78.68111899977576,35.84317400018043],[-78.6794740003359,35.87297099982034],[-78.66360199995745,35.870765000287015],[-78.66002000010137,35.88452899999777],[-78.65532699983451,35.88171699973697],[-78.6461959995689,35.88223500018081],[-78.6457789998174,35.87899600010613],[-78.64241299987137,35.87836599987626],[-78.63438299997084,35.8799590000597],[-78.62509699989452,35.879552000310504],[-78.62880099994933,35.893766999647454],[-78.64106800000717,35.8952029996627],[-78.65220299973784,35.900898000288166],[-78.65304899983475,35.9054090003341],[-78.64919800036516,35.91776299964374],[-78.64876700036994,35.92829700010637],[-78.65389300028185,35.93121599968483],[-78.66221400043555,35.93179299991866],[-78.66800800016914,35.93470300034776],[-78.67447100044764,35.94392099995005],[-78.68011799986814,35.94440700018546],[-78.69005300039787,35.93929600022529],[-78.6956169999777,35.93957099980428],[-78.70217800016549,35.94852099967202],[-78.70181599976723,35.95238299987165],[-78.70651499988189,35.96446999992388],[-78.71341099980545,35.96894899964],[-78.71701399957792,35.961264999899804],[-78.74170699970225,35.93390600006462],[-78.74989899998452,35.93292500008916],[-78.75910399986996,35.91839400026385],[-78.80175800022663,35.92692900022802]]]}},{"type":"Feature","properties":{"GEOID":"37063","NAME":"State House District 63","BASENAME":"63","STATE":"37","SLDL":"063"},"geometry":{"type":"Polygon","coordinates":[[[-79.54038599981652,35.966685000203825],[-79.43250999971603,35.960426000211754],[-79.42870299972905,36.0159989997106],[-79.42704700041855,36.01697799994969],[-79.4248329999929,36.01567500012381],[-79.4239380003905,36.01748999985545],[-79.42643099957708,36.02150500012083],[-79.4407019999983,36.02825500013825],[-79.43838800001353,36.03200700002207],[-79.43366399978453,36.05992900018376],[-79.42785099978435,36.06754999983283],[-79.43484100031756,36.070301000089],[-79.43396699973322,36.08329399997749],[-79.42849799968965,36.0867610000313],[-79.4357250000493,36.094419999892494],[-79.42974100034492,36.09763799984711],[-79.41831299981297,36.0979110000993],[-79.40602200036402,36.095305000163044],[-79.40582300017239,36.102487999919205],[-79.40207300008682,36.109070000341774],[-79.40373400031851,36.11434999997701],[-79.40912399982105,36.11930299991215],[-79.40850600022809,36.12466100019006],[-79.4021709999961,36.11983100016737],[-79.39363099955928,36.10990099963845],[-79.38574899979673,36.105485000300796],[-79.3799099998573,36.109417999794125],[-79.37880799966736,36.10811199979525],[-79.37687899964706,36.10899899986578],[-79.37478800014337,36.117205000034375],[-79.37295700003234,36.116533999955],[-79.37091099983617,36.119978999970094],[-79.36732399995724,36.12026699998292],[-79.36707299988709,36.13732799975809],[-79.25951800017695,36.137278999781955],[-79.2579520003798,36.24344500002918],[-79.53186499964627,36.24967300020106],[-79.5391530001053,36.08256900001579],[-79.54038599981652,35.966685000203825]]]}},{"type":"Feature","properties":{"GEOID":"37064","NAME":"State House District 64","BASENAME":"64","STATE":"37","SLDL":"064"},"geometry":{"type":"Polygon","coordinates":[[[-79.5424260001649,35.84340000022962],[-79.23731200028975,35.844122000086664],[-79.23696900015807,35.850612000186516],[-79.24837800042344,35.85463600020335],[-79.25039299975914,35.856977999813296],[-79.24892800024435,35.86616400005105],[-79.25095400034903,35.87112300036174],[-79.24933499995012,35.8759980001026],[-79.25794599963372,35.891492999684445],[-79.2569160003121,35.902055000264944],[-79.26041899962716,35.90561399986065],[-79.26824299966337,35.90918199973934],[-79.26843400035742,35.91092999983015],[-79.26714899986935,35.913690999724054],[-79.26402700032081,35.9141140001799],[-79.26398799996277,35.96779199973529],[-79.26292400030594,35.96866800026058],[-79.26454100015671,35.973744999638406],[-79.26337799986737,35.97371500021661],[-79.26085999966811,36.04008599985637],[-79.26214299960803,36.06168099978879],[-79.26046300000809,36.06648300003434],[-79.2614370001515,36.07086999992575],[-79.26010800018085,36.103218999972185],[-79.25869499964625,36.103762999648254],[-79.26010300015797,36.10776800001461],[-79.25951800017695,36.137278999781955],[-79.36707299988709,36.13732799975809],[-79.36732399995724,36.12026699998292],[-79.37091099983617,36.119978999970094],[-79.37295700003234,36.116533999955],[-79.37478800014337,36.117205000034375],[-79.37687899964706,36.10899899986578],[-79.37880799966736,36.10811199979525],[-79.3799099998573,36.109417999794125],[-79.38574899979673,36.105485000300796],[-79.39344700033459,36.10975100029778],[-79.4021709999961,36.11983100016737],[-79.4089649998124,36.12438899990893],[-79.40912399982105,36.11930299991215],[-79.40373400031851,36.11434999997701],[-79.40207300008682,36.109070000341774],[-79.40582300017239,36.102487999919205],[-79.40602200036402,36.095305000163044],[-79.41831299981297,36.0979110000993],[-79.42974100034492,36.09763799984711],[-79.4357250000493,36.094419999892494],[-79.42849799968965,36.0867610000313],[-79.43396699973322,36.08329399997749],[-79.43484100031756,36.070301000089],[-79.42785099978435,36.06754999983283],[-79.43366399978453,36.05992900018376],[-79.43838800001353,36.03200700002207],[-79.4407019999983,36.02825500013825],[-79.42643099957708,36.02150500012083],[-79.4239380003905,36.01748999985545],[-79.4248329999929,36.01567500012381],[-79.42704700041855,36.01697799994969],[-79.42870299972905,36.0159989997106],[-79.43250999971603,35.960426000211754],[-79.54039000001448,35.96648100020835],[-79.5424260001649,35.84340000022962]]]}},{"type":"Feature","properties":{"GEOID":"37065","NAME":"State House District 65","BASENAME":"65","STATE":"37","SLDL":"065"},"geometry":{"type":"Polygon","coordinates":[[[-80.0351179996446,36.257382999727874],[-79.53241000034262,36.24146299965714],[-79.51363800017347,36.54090199996274],[-80.0273389998142,36.54248000028697],[-80.0351179996446,36.257382999727874]]]}},{"type":"Feature","properties":{"GEOID":"37100","NAME":"State House District 100","BASENAME":"100","STATE":"37","SLDL":"100"},"geometry":{"type":"Polygon","coordinates":[[[-80.80856300003443,35.10172299974098],[-80.80265299994988,35.10442199965198],[-80.7944089997891,35.10427099988767],[-80.79425399997837,35.102899000264465],[-80.79908899963716,35.10243399974372],[-80.79839300022638,35.10076500016785],[-80.79021900038579,35.10210700029249],[-80.7841240003533,35.09808799967883],[-80.79763800036606,35.09258799987217],[-80.79737600042523,35.090433999870996],[-80.78894700031651,35.09091300001686],[-80.78973700033693,35.08874099978146],[-80.78751399969045,35.08224500003646],[-80.790975000071,35.0791779998988],[-80.7936000004004,35.07918000022579],[-80.79335000015513,35.07812999972737],[-80.78254099993941,35.076053999797146],[-80.77941299964478,35.0768589998399],[-80.77983500031748,35.07829699996747],[-80.77755999979246,35.07868799991449],[-80.775936000269,35.081991000008045],[-80.77254600003354,35.08158800031685],[-80.77874099962513,35.100013000046694],[-80.7573709997891,35.112874000264135],[-80.74484299961534,35.11509599995226],[-80.73347799973091,35.12093200029785],[-80.72240499992452,35.1159689999739],[-80.72020999976546,35.11828300012087],[-80.71817699998809,35.117206000235356],[-80.7022679997997,35.11786000011161],[-80.69339099997732,35.120623999816466],[-80.68550800038985,35.12938699999293],[-80.68327399987271,35.13745999979752],[-80.68639700014448,35.137645000040266],[-80.69720499963698,35.144034999830495],[-80.70173600042047,35.1546849998623],[-80.70145900041102,35.1578220000457],[-80.69608200042896,35.163848999926365],[-80.67228800010497,35.17338999995083],[-80.67212599972328,35.17774899983103],[-80.68245299989016,35.18101100006749],[-80.69002699968114,35.18764000026013],[-80.70160199962785,35.19033800024334],[-80.70517699981123,35.19264099968522],[-80.69602700017737,35.1987609997697],[-80.69479500029107,35.20112200021142],[-80.69244199994824,35.20211699977397],[-80.68838399989112,35.198935000136636],[-80.68296599990114,35.19987999993581],[-80.68644400000014,35.20316499992804],[-80.6829900001906,35.206177000110166],[-80.67755700013203,35.20749399969911],[-80.6727469996893,35.204234999685525],[-80.67010399981655,35.20839200020207],[-80.69249300000186,35.211516999969575],[-80.72796900040268,35.202354999873776],[-80.74626000034789,35.20341000026975],[-80.75714300018346,35.20987000024884],[-80.76058399957422,35.20172299986462],[-80.77014699965996,35.19880099969301],[-80.74536900004512,35.17130100020818],[-80.73940700008204,35.16261400004863],[-80.74630300000558,35.16132400034689],[-80.74940600018587,35.15755900000844],[-80.75321599964758,35.163341000297244],[-80.75572299997619,35.16116499971199],[-80.75588100015995,35.156500999741056],[-80.76066700031322,35.1544489996455],[-80.76146999985411,35.14898100018471],[-80.76893300021533,35.147462000367256],[-80.77253500016288,35.14834600032897],[-80.7712329999564,35.14201899993225],[-80.76805000030849,35.137350999965925],[-80.7745639997423,35.13146399963464],[-80.7812300004104,35.12841700030489],[-80.77944399960691,35.11735199996857],[-80.78791500044674,35.11197999965551],[-80.80255599986549,35.108844000320424],[-80.80792799982471,35.105146000189244],[-80.80856300003443,35.10172299974098]]]}},{"type":"Feature","properties":{"GEOID":"37068","NAME":"State House District 68","BASENAME":"68","STATE":"37","SLDL":"068"},"geometry":{"type":"Polygon","coordinates":[[[-80.84025500001448,35.00170200021081],[-80.78192099979832,34.935848000359],[-80.79748400038027,34.81980299965922],[-80.6937199998653,34.81899399963589],[-80.69845099976698,34.82951400004757],[-80.70228700006628,34.844952000207144],[-80.70221199972322,34.856673999923935],[-80.70415699963704,34.864558999814484],[-80.71165799963309,34.879059000250194],[-80.70711800042541,34.87739000028346],[-80.70445799993591,34.87926199972767],[-80.7026889997492,34.877809000217326],[-80.6971069997277,34.878849000034435],[-80.70390300009214,34.89471900026795],[-80.70844300019813,34.896836999691416],[-80.71428899981026,34.903048999902914],[-80.70681499957838,34.90400099970082],[-80.69290800010356,34.910759000013506],[-80.68563499971314,34.90170500029519],[-80.65634600030465,34.90048600020829],[-80.65398399974099,34.93854700001163],[-80.63446199973438,34.93725499998302],[-80.63557399997009,34.94185899969483],[-80.63949700030801,34.946305000262846],[-80.62784899966806,34.95820099966121],[-80.574233999658,34.98332699971848],[-80.57057499980904,34.98259299975473],[-80.57025500014191,34.98731300020183],[-80.56734399958223,34.98884200000774],[-80.57094800007795,34.991137000099755],[-80.57330399989551,34.990292000076664],[-80.57497000015007,34.99329000036739],[-80.57290300003751,34.993178999702366],[-80.57033999963238,34.996110000241124],[-80.57763999978698,34.99596000033819],[-80.5887569999743,35.00254200017285],[-80.60094799986416,35.00740200000107],[-80.62259899990758,35.00951700020416],[-80.64529900043752,35.014056999728844],[-80.64326499993693,35.029998999969365],[-80.65474199997435,35.03930200027969],[-80.65786000022324,35.03077999976984],[-80.67013800015174,35.01913600000117],[-80.67361600025073,35.018369000255426],[-80.68063699984776,35.021689999808636],[-80.68936300005741,35.0294790001493],[-80.69424200009712,35.01943999979237],[-80.70051100020686,35.01881900021788],[-80.70576000014242,35.020361999753845],[-80.7046679999982,35.023821000047995],[-80.70982099967428,35.03075899969675],[-80.70884599970594,35.03385299987147],[-80.71044699966318,35.03708999965406],[-80.70643999965966,35.04119700006983],[-80.71198099967329,35.04388899971288],[-80.71718199992826,35.052135000034106],[-80.7217260002322,35.054225000158425],[-80.72772599983011,35.06041699968853],[-80.73646600028347,35.06011300011015],[-80.7724799999113,35.03315699972697],[-80.78222399974699,35.03307200001338],[-80.8045059998022,35.02774899985396],[-80.8116100001382,35.02092800008245],[-80.82101000001732,35.017325999980955],[-80.82505899985364,35.01197200010919],[-80.8380180000226,35.00502700021595],[-80.84025500001448,35.00170200021081]]]}},{"type":"Feature","properties":{"GEOID":"37101","NAME":"State House District 101","BASENAME":"101","STATE":"37","SLDL":"101"},"geometry":{"type":"Polygon","coordinates":[[[-81.01505000007549,35.26865499975261],[-81.01411100009214,35.2585129997664],[-81.01120600027859,35.252300000156986],[-81.00886800000437,35.25070600001813],[-81.00914199964076,35.24577200033384],[-80.99891699958111,35.2415950001207],[-80.98414100044316,35.24174799964362],[-80.94805999996986,35.23544600036349],[-80.94705400003936,35.24118900024146],[-80.93211800016951,35.24156800004544],[-80.91979199966212,35.23836499997016],[-80.92118199973216,35.24465800019037],[-80.91017900024599,35.248572999892794],[-80.89719099976469,35.2456779997394],[-80.89618099963626,35.24780099973712],[-80.90025799995996,35.251670999882556],[-80.91040900039975,35.25723999972325],[-80.9067449996296,35.26194199972102],[-80.90452100005653,35.260860999843466],[-80.90407400016777,35.26317000012288],[-80.90583099976062,35.263284000077505],[-80.90419299999347,35.26506200028207],[-80.89836900012264,35.26476299967833],[-80.898430000222,35.26638300007588],[-80.90107100044493,35.26662400000776],[-80.90079400043548,35.27213999990936],[-80.91356600010839,35.27404500031482],[-80.9148759998125,35.27904700034503],[-80.91425099964852,35.28222100017963],[-80.90387900017411,35.281814999928486],[-80.89687500029552,35.27678500033908],[-80.89548600005038,35.279224999774634],[-80.90630799978659,35.285587999638224],[-80.91991999970864,35.297382000071096],[-80.92530900028459,35.29951699981558],[-80.92059199972829,35.30432100002265],[-80.92232800030305,35.31178300025617],[-80.91603699955368,35.310260000054384],[-80.9158619996515,35.31422900014821],[-80.91120400044305,35.31671399997142],[-80.91427199956492,35.32072699965486],[-80.92475100006776,35.31969500005435],[-80.92709199981671,35.32290900035114],[-80.923971999918,35.32615900032223],[-80.90969299999917,35.328457999796775],[-80.90198199994086,35.322707000022355],[-80.90128499980685,35.32464099968295],[-80.89166800019277,35.33138099969234],[-80.88440599967299,35.33375599966192],[-80.87419999987993,35.333366000241035],[-80.86684199999902,35.3253659997963],[-80.86191299973059,35.32954100015941],[-80.84489800005264,35.33446800031991],[-80.83932899955163,35.33758800011232],[-80.82417400029698,35.33888699987033],[-80.82270100038625,35.35838799985534],[-80.81972200005453,35.36386900035711],[-80.8209659996364,35.36695100024547],[-80.83321199977784,35.370312999662225],[-80.83834600008566,35.370246999635945],[-80.84308899968292,35.36794900022878],[-80.84895799975959,35.378888000225196],[-80.85080099956618,35.38912599973534],[-80.85620500021075,35.39937800016032],[-80.85901700013788,35.41428099998852],[-80.86475700034312,35.41314800033694],[-80.86939100016043,35.40721600029545],[-80.87399499984053,35.405155999855246],[-80.87538699956038,35.40624300032695],[-80.87963499958833,35.404075999978886],[-80.88657999991568,35.40688000026978],[-80.89748399966766,35.40657400000828],[-80.90320600032955,35.409440000255664],[-80.90675499967536,35.40537999993773],[-80.9114689998586,35.40467199998331],[-80.91379799991199,35.40210299965082],[-80.92421399976733,35.40115099986813],[-80.92652000025448,35.408015999879126],[-80.92581899992253,35.41030000002828],[-80.93410800028919,35.41541299976506],[-80.93817499966883,35.40848599972066],[-80.94389899998055,35.40497199979249],[-80.94578600016806,35.4052940001758],[-80.94926699974178,35.40068300019438],[-80.95570800027899,35.40162299991028],[-80.95436199969156,35.396184999946286],[-80.95683999970785,35.39145799963513],[-80.96797199996378,35.38756599977517],[-80.97753300039969,35.38209800029604],[-80.98497999996907,35.38146900023126],[-80.9867290000643,35.379481000340014],[-80.98678400031588,35.37568999982527],[-80.98297999980365,35.36746900013131],[-80.97644700010326,35.36415999998521],[-80.97360000001603,35.3640199996934],[-80.96885900006856,35.36706499978437],[-80.96477300042234,35.37352300025322],[-80.96016100034633,35.375413000350676],[-80.95770400024644,35.37458699974169],[-80.95492900012923,35.36980799967478],[-80.95105799966983,35.367004000359586],[-80.93587699957759,35.36210999987565],[-80.92688299957933,35.3625209999339],[-80.92373199971848,35.361287000086094],[-80.92321399968463,35.35953599985221],[-80.93350400004161,35.35724599989341],[-80.9429240000122,35.35074800030647],[-80.9545550000354,35.35067599967792],[-80.96214100042026,35.34704600014196],[-80.96708800023202,35.35079399996212],[-80.97062099968431,35.35132299998051],[-80.97300199961622,35.34987900032869],[-80.9751120002848,35.34470900030394],[-80.98425199987292,35.34090999966944],[-80.98530200018433,35.33721699973717],[-80.98130400040165,35.33227300000287],[-80.98094399965322,35.32882200026183],[-80.99016399960729,35.31955099983003],[-80.99538699960358,35.30947199997142],[-81.00116100014401,35.30492800013176],[-81.00899600005089,35.281042999633534],[-81.01505000007549,35.26865499975261]]]}},{"type":"Feature","properties":{"GEOID":"37069","NAME":"State House District 69","BASENAME":"69","STATE":"37","SLDL":"069"},"geometry":{"type":"Polygon","coordinates":[[[-80.73642500027557,35.06014500031255],[-80.72687399988541,35.06003600000821],[-80.7217260002322,35.054225000158425],[-80.71718199992826,35.052135000034106],[-80.71198099967329,35.04388899971288],[-80.7065469997898,35.04134400007996],[-80.71035799997472,35.0380230002342],[-80.70884599970594,35.03385299987147],[-80.70982099967428,35.03075899969675],[-80.70469700031053,35.02390800002856],[-80.70576000014242,35.020361999753845],[-80.70149000037316,35.0189790003271],[-80.69424200009712,35.01943999979237],[-80.68936300005741,35.0294790001493],[-80.68063699984776,35.021689999808636],[-80.67361600025073,35.018369000255426],[-80.67013800015174,35.01913600000117],[-80.65786000022324,35.03077999976984],[-80.65474199997435,35.03930200027969],[-80.64326499993693,35.029998999969365],[-80.64529900043752,35.014056999728844],[-80.62259899990758,35.00951700020416],[-80.60154100024108,35.007579999972556],[-80.5887569999743,35.00254200017285],[-80.57763999978698,34.99596000033819],[-80.56579700005169,34.99469200028987],[-80.5633070003398,34.997860999944955],[-80.57304000030484,35.003536999815005],[-80.56947599999212,35.005548000255736],[-80.56737700009252,35.01277099988874],[-80.55624700038473,35.00464599976577],[-80.55056699955564,35.004609000035],[-80.54718700026424,35.010259999931115],[-80.54317299968972,35.012318999996204],[-80.54374699980006,35.00387500032704],[-80.54004799976812,35.00338700028116],[-80.53912899987628,35.00521899972408],[-80.53843000009246,35.000110999770826],[-80.53656399982134,35.00019299982117],[-80.53184299996539,35.0083519997394],[-80.51940600002824,35.00240400028757],[-80.50559599973948,35.03887499984427],[-80.4948750002856,35.05395099980026],[-80.48717599992284,35.05886299999067],[-80.47778500026455,35.074753000009345],[-80.4626100000201,35.085977000051415],[-80.43457000021633,35.12263699974019],[-80.43037200041711,35.13030599966815],[-80.42819200032665,35.167578000050405],[-80.43592400030136,35.16504300030342],[-80.43986500018264,35.16104200007463],[-80.44722899991133,35.16479599987305],[-80.45934700000625,35.165077000137416],[-80.46373300012645,35.17037200006587],[-80.46935100013296,35.16675499964038],[-80.47663399967081,35.172311999774344],[-80.47678199980881,35.17682300013923],[-80.47897500031806,35.17931399966067],[-80.48266000010629,35.179983000281354],[-80.48579099987566,35.1763800003475],[-80.4896580001371,35.175683000134015],[-80.49336399984173,35.178856000342115],[-80.50358100040376,35.181741000320315],[-80.5049849998192,35.184997999839595],[-80.55034899999576,35.2084120003634],[-80.73642500027557,35.06014500031255]]]}},{"type":"Feature","properties":{"GEOID":"37103","NAME":"State House District 103","BASENAME":"103","STATE":"37","SLDL":"103"},"geometry":{"type":"Polygon","coordinates":[[[-80.91968100023236,35.092123999714765],[-80.8402779995807,35.0016920001243],[-80.8380180000226,35.00502700021595],[-80.82505899985364,35.01197200010919],[-80.82101000001732,35.017325999980955],[-80.8116100001382,35.02092800008245],[-80.8045059998022,35.02774899985396],[-80.76993300029802,35.03453099968988],[-80.70519500025289,35.08440200012491],[-80.71160999995251,35.08587400018515],[-80.71844700032483,35.08201599992146],[-80.72418099978395,35.08245799974294],[-80.73775300042135,35.07931099984886],[-80.74564400040474,35.075801000180945],[-80.7620459996143,35.0644399998534],[-80.78789799983,35.06375899978279],[-80.79241199999672,35.05502500031799],[-80.79679399991896,35.05303299975888],[-80.8003020001552,35.03961799978868],[-80.81797999963199,35.04346100021735],[-80.81574400036334,35.046013000036304],[-80.81419100008667,35.053432999670896],[-80.82236300027745,35.06534600000272],[-80.8245559998884,35.072131999996245],[-80.82230999967568,35.07692599980601],[-80.81696500037897,35.07632900005648],[-80.8160520003349,35.08056000022046],[-80.81185600018551,35.08332699970208],[-80.81187999957663,35.087488999889985],[-80.82934899971437,35.082870000244036],[-80.83661100023413,35.08678499979234],[-80.85292299993031,35.087661000013426],[-80.85996299979391,35.09745099995284],[-80.86852699962185,35.095491999876366],[-80.87636999992466,35.096241999895824],[-80.88094000016788,35.10146799985095],[-80.89590799982479,35.10936400032292],[-80.89485599986354,35.11002299997398],[-80.89702799955809,35.11452199968513],[-80.89287900016265,35.12283799979001],[-80.8979649998916,35.123904000357385],[-80.90266499983115,35.121846999830865],[-80.90471299967713,35.118422999831296],[-80.91570099999302,35.110966999727374],[-80.91539999969415,35.10566099997339],[-80.91968100023236,35.092123999714765]]]}},{"type":"Feature","properties":{"GEOID":"37105","NAME":"State House District 105","BASENAME":"105","STATE":"37","SLDL":"105"},"geometry":{"type":"Polygon","coordinates":[[[-80.84507499960465,35.08795799986841],[-80.83636600001175,35.086717999837084],[-80.82806599977445,35.08277300011169],[-80.81187999957663,35.087488999889985],[-80.81185600018551,35.08332699970208],[-80.8160520003349,35.08056000022046],[-80.81696500037897,35.07632900005648],[-80.82230999967568,35.07692599980601],[-80.8245559998884,35.072131999996245],[-80.82236300027745,35.06534600000272],[-80.81419100008667,35.053432999670896],[-80.81574400036334,35.046013000036304],[-80.81797999963199,35.04346100021735],[-80.8003020001552,35.03961799978868],[-80.79679399991896,35.05303299975888],[-80.79241199999672,35.05502500031799],[-80.78789799983,35.06375899978279],[-80.7620459996143,35.0644399998534],[-80.74564400040474,35.075801000180945],[-80.73775300042135,35.07931099984886],[-80.72418099978395,35.08245799974294],[-80.71844700032483,35.08201599992146],[-80.71160999995251,35.08587400018515],[-80.70519500025289,35.08440200012491],[-80.55034899999576,35.2084120003634],[-80.5997329996963,35.23410500002374],[-80.61697099985535,35.224594999640395],[-80.6432909998762,35.22246500035438],[-80.65629199987795,35.21657299964594],[-80.66374699984326,35.20929500011728],[-80.67010399981655,35.20839200020207],[-80.6727469996893,35.204234999685525],[-80.67755700013203,35.20749399969911],[-80.68183100009922,35.206735999993384],[-80.68644400000014,35.20316499992804],[-80.68296599990114,35.19987999993581],[-80.68838399989112,35.198935000136636],[-80.69244199994824,35.20211699977397],[-80.70517699981123,35.19264099968522],[-80.70160199962785,35.19033800024334],[-80.69002699968114,35.18764000026013],[-80.68245299989016,35.18101100006749],[-80.67212599972328,35.17774899983103],[-80.67228800010497,35.17338999995083],[-80.69608200042896,35.163848999926365],[-80.70145900041102,35.1578220000457],[-80.70173600042047,35.1546849998623],[-80.69720499963698,35.144034999830495],[-80.68639700014448,35.137645000040266],[-80.68327399987271,35.13745999979752],[-80.68559399970526,35.12924500019093],[-80.6936560002912,35.12042500023164],[-80.7022679997997,35.11786000011161],[-80.71817699998809,35.117206000235356],[-80.72020999976546,35.11828300012087],[-80.72240499992452,35.1159689999739],[-80.73347799973091,35.12093200029785],[-80.74484299961534,35.11509599995226],[-80.75654200030893,35.113267000000086],[-80.77874099962513,35.100013000046694],[-80.77254600003354,35.08158800031685],[-80.775936000269,35.081991000008045],[-80.77755999979246,35.07868799991449],[-80.77983500031748,35.07829699996747],[-80.77944100013218,35.07684599991695],[-80.78874800012488,35.07647600005293],[-80.7936000004004,35.07918000022579],[-80.790975000071,35.0791779998988],[-80.78751399969045,35.08224500003646],[-80.78973700033693,35.08874099978146],[-80.78894700031651,35.09091300001686],[-80.79737600042523,35.090433999870996],[-80.79763800036606,35.09258799987217],[-80.7841240003533,35.09808799967883],[-80.79021900038579,35.10210700029249],[-80.79839300022638,35.10076500016785],[-80.79908899963716,35.10243399974372],[-80.79425399997837,35.102899000264465],[-80.7944089997891,35.10427099988767],[-80.80265299994988,35.10442199965198],[-80.80856300003443,35.10172299974098],[-80.80792799982471,35.105146000189244],[-80.80255599986549,35.108844000320424],[-80.78791500044674,35.11197999965551],[-80.77944399960691,35.11735199996857],[-80.7812300004104,35.12841700030489],[-80.78479800002276,35.12466700015573],[-80.78718200032773,35.12556099968001],[-80.78979000004037,35.124421999813165],[-80.7924949998374,35.119530000143435],[-80.79870899969555,35.12086799980701],[-80.80237000009267,35.11801099968081],[-80.80361000037489,35.11877799975046],[-80.80251800023068,35.11953899973185],[-80.80324999962646,35.12242699992599],[-80.80642099957879,35.12418600001295],[-80.80678600035009,35.128490000076035],[-80.80497600015548,35.12987900000974],[-80.80762200040127,35.13336299970931],[-80.81488900004557,35.12800699987142],[-80.82375699964714,35.11603500006242],[-80.82719399973824,35.106030000262194],[-80.83478000012312,35.10335299996333],[-80.84405600015369,35.0921819999707],[-80.84507499960465,35.08795799986841]]]}},{"type":"Feature","properties":{"GEOID":"37077","NAME":"State House District 77","BASENAME":"77","STATE":"37","SLDL":"077"},"geometry":{"type":"Polygon","coordinates":[[[-80.87320499982009,36.2363050003005],[-80.88159100027113,36.05571799996052],[-80.69319699980856,36.05126000022129],[-80.70783700030071,35.85289700025585],[-80.77158199993583,35.6721630001582],[-80.75546000021046,35.60728399964573],[-80.75397899990381,35.61272499984959],[-80.74567199999383,35.617600999932584],[-80.73829800021939,35.617439000313986],[-80.71014799991244,35.62296399973123],[-80.68687400017045,35.62375299998638],[-80.67492500012995,35.63312099969939],[-80.6689799998853,35.635831000040504],[-80.6680099999398,35.64473500022656],[-80.66149499978278,35.64914100027636],[-80.64413600014821,35.649061999739956],[-80.63806500040518,35.64675900020259],[-80.61365699978788,35.648765000267865],[-80.60786200022936,35.65073899973026],[-80.60008099985085,35.65031299979595],[-80.59356300021906,35.65237100006584],[-80.598352999672,35.71432400025263],[-80.59503199993183,35.719278999703214],[-80.58311999970122,35.72780600021085],[-80.55944400027634,35.73938799965102],[-80.55412300037077,35.74390900035019],[-80.55397400040785,35.74747299993554],[-80.54642099963496,35.751844999806714],[-80.54488099977708,35.75515499983872],[-80.5337510000693,35.759235999777665],[-80.53421700022461,35.7861289998861],[-80.52823000014718,35.7834180001856],[-80.5206780000975,35.784326000123485],[-80.51493600024244,35.77810699978278],[-80.50824700000813,35.77445700006692],[-80.50192000017206,35.782978999773796],[-80.49657300032723,35.7827469998818],[-80.49187300038767,35.7787779998965],[-80.49191000019759,35.77570799975811],[-80.48720100003719,35.7662480002047],[-80.48709800010502,35.77131400020062],[-80.48477499989944,35.77558599988707],[-80.47829900010045,35.77477099994317],[-80.4714170004206,35.767834000335135],[-80.46875799975604,35.757380999907575],[-80.4618710000533,35.75068399993306],[-80.45892299968372,35.74275799973723],[-80.45828400017436,35.75199999996577],[-80.45264100005352,35.75826400032907],[-80.45079099967592,35.7670909997195],[-80.4549860000004,35.77304400022103],[-80.47164699967605,35.78310400020766],[-80.47670200034118,35.78909300014287],[-80.47478400019153,35.796866999840454],[-80.46585899979024,35.80120000013568],[-80.46475400012555,35.806627000020036],[-80.47233700013737,35.82554300004016],[-80.47846800015486,35.831081000195645],[-80.48613099963428,35.830758000257],[-80.48723299982424,35.833905000360055],[-80.48282599978765,35.84005100005404],[-80.4764289996314,35.843843000168654],[-80.47258700038263,35.841374999872464],[-80.46255599959343,35.826964000296464],[-80.4551679995753,35.82728200032348],[-80.44644399991377,35.83665999987295],[-80.43835399973877,35.8321240001699],[-80.43618399969404,35.828499000283486],[-80.43169100034204,35.82835599992839],[-80.42765800039925,35.83328300023931],[-80.42419399964564,35.85104700000539],[-80.42073300016338,35.85266200019093],[-80.41414900040938,35.85148700034047],[-80.40759599971918,35.84546000027324],[-80.39995599980595,35.84172000018319],[-80.3924530001601,35.84212900018015],[-80.38863699995228,35.84507299967575],[-80.38576800012375,35.853628000326935],[-80.39004100026602,35.86827699998371],[-80.3933960003414,35.87080499993233],[-80.4114760003994,35.87702299983318],[-80.41653299981601,35.880468999803135],[-80.41586300034452,35.88357499983378],[-80.40935900005813,35.89096500002765],[-80.39670899968563,35.89275699990738],[-80.38893499987812,35.89147899993744],[-80.37803199995106,35.88515599994199],[-80.37209000007945,35.88456399988518],[-80.36855699972887,35.88739099995052],[-80.36512700020876,35.89366700001012],[-80.37502699968006,35.91183200025039],[-80.37402400012263,35.91693399973896],[-80.3694110002217,35.92340099982408],[-80.36834400019185,35.927580000125914],[-80.3752960001919,35.939643999756626],[-80.37414600032136,35.95268500022101],[-80.3752960001919,35.95658400016347],[-80.38025800007227,35.96407999999493],[-80.39005399978652,35.96695199989347],[-80.39368199967335,35.97240800016101],[-80.41046600027096,35.97963200029959],[-80.42176699968297,35.988007000032574],[-80.42177300042907,35.99423200027833],[-80.41340200004666,36.00160999983402],[-80.41849299979846,36.016438000066735],[-80.44239300042764,36.031097999883436],[-80.44712400032935,36.03888100012749],[-80.45588899999872,36.04752599977646],[-80.45893399955438,36.05813100008278],[-80.46359199966115,36.06254099966181],[-80.46893500020633,36.062331000306926],[-80.47370999959065,36.05959199997856],[-80.4751769996536,36.049987999747444],[-80.48686799995126,36.04334199980792],[-80.49313000038832,36.04399400034562],[-80.5072450002756,36.054934999835766],[-80.50987700027768,36.0733350001881],[-80.51657800020757,36.083352000266366],[-80.51555300001051,36.09344400009508],[-80.51072900022238,36.09710999991473],[-80.50646799977565,36.108577999711486],[-80.48800799977606,36.11608999982267],[-80.47328699999136,36.11876999996331],[-80.46230700007139,36.118140000112255],[-80.45400400035938,36.12245499973455],[-80.4494879996445,36.1294610001881],[-80.43904500002499,36.13777700021727],[-80.44303299976193,36.15125999989217],[-80.44287100027854,36.15597899981814],[-80.43909400042878,36.16087699976194],[-80.43682300010173,36.169295999760834],[-80.43852399961808,36.175531999876576],[-80.44367999966722,36.18074999992349],[-80.43958700034828,36.19047999992532],[-80.44633599995875,36.20769900034987],[-80.44288700017206,36.212977999833356],[-80.43312400006978,36.21558299970781],[-80.43224100016295,36.21799500012386],[-80.4374189999534,36.229824000126214],[-80.46021300019467,36.24699899993239],[-80.46223299955325,36.256068999849205],[-80.468212999958,36.260346000231856],[-80.47707200023702,36.26067500020129],[-80.48368600012827,36.256001999980406],[-80.50516999976712,36.25991599998362],[-80.50919299966415,36.25842600015049],[-80.53279500036751,36.25813299968049],[-80.53734700016909,36.26218699990391],[-80.53547400022526,36.27192599993442],[-80.53668199982214,36.27928199992575],[-80.53929000043308,36.282103000056324],[-80.5460089999063,36.284934999675706],[-80.54938099970009,36.285299999661994],[-80.55413900026429,36.28237699964937],[-80.55956700029998,36.28296099999094],[-80.57215800022293,36.28045400008379],[-80.59325299969935,36.269844999789385],[-80.61502599994152,36.27963400004015],[-80.62232100007324,36.285705999976216],[-80.62820900041649,36.28792900011262],[-80.631583999685,36.285111999860426],[-80.62640599989457,36.277572000143245],[-80.6271969997399,36.274155000164235],[-80.63074699980892,36.272306000268465],[-80.63887700016691,36.273428999875094],[-80.64331699981547,36.2724000000772],[-80.6477470003166,36.26353600013126],[-80.64788700005869,36.257010999954275],[-80.65514500038047,36.2520669999193],[-80.66821599980413,36.25093799981355],[-80.67315500011829,36.25222099964405],[-80.6768230001881,36.256881000340066],[-80.678731000292,36.26421100033525],[-80.6845829997519,36.26875099973916],[-80.70322100002674,36.266014000144736],[-80.71303600000756,36.26671700013307],[-80.72074399969284,36.270096999706524],[-80.73334800003458,36.267201000190816],[-80.73455099960854,36.268815000346954],[-80.7320679995694,36.27654099968443],[-80.73759600006251,36.28035799970434],[-80.74181099958018,36.277798000103715],[-80.74385400030161,36.27147299994612],[-80.75177799989696,36.26337900013394],[-80.75544400031693,36.26414199966142],[-80.75989400001123,36.26928700013109],[-80.76872900000083,36.27500299994818],[-80.77575100032107,36.27402299982375],[-80.78003600015893,36.26886099998185],[-80.77837999995009,36.2569269997602],[-80.78397299984225,36.25283199994036],[-80.79648500012247,36.24802699994318],[-80.80012899990282,36.24953299971838],[-80.80225600028986,36.252585999722235],[-80.80871399964717,36.254326999798884],[-80.81827099988512,36.25049700009138],[-80.82567700034492,36.24977699994193],[-80.84915600012633,36.24088000034862],[-80.86946899997824,36.23838499999719],[-80.87320499982009,36.2363050003005]]]}},{"type":"Feature","properties":{"GEOID":"37113","NAME":"State House District 113","BASENAME":"113","STATE":"37","SLDL":"113"},"geometry":{"type":"Polygon","coordinates":[[[-82.6083259999574,35.2604150000041],[-82.60426700007535,35.25894000015317],[-82.60396800032461,35.221790999751036],[-82.5907399996438,35.162018000259465],[-82.58924099979383,35.159679000031716],[-82.58579399965696,35.158751000341105],[-82.58668300030989,35.15588800033374],[-82.58537600008052,35.151785000101526],[-82.5792070004282,35.14995399991744],[-82.57728000005773,35.14809699977571],[-82.57762800021227,35.14635499998553],[-82.5727440001497,35.14418800028621],[-82.56808500021802,35.14570899967488],[-82.56775499960683,35.149033000125726],[-82.56422499962929,35.15235800031678],[-82.5579029998161,35.15067999980856],[-82.55424700034017,35.15241800029822],[-82.55316000021882,35.15339300003819],[-82.55590100000087,35.15651900029247],[-82.55564099970985,35.1594660001794],[-82.55324600043255,35.1615719998252],[-82.54770399969571,35.16211300031267],[-82.5458860000035,35.16422199965054],[-82.54474100015584,35.16192499986029],[-82.53679999994375,35.16003799963779],[-82.53591100018912,35.15447600005045],[-82.53239299990716,35.1561119998679],[-82.52738199962296,35.15579500027052],[-82.51976299962615,35.159174999727895],[-82.51692499975974,35.16321100011069],[-82.50768300006436,35.162271999828754],[-82.50419900011758,35.16587900009146],[-82.49547600028099,35.16203600032448],[-82.49554200040322,35.164502000211456],[-82.4921880001528,35.16824600014475],[-82.48699899959337,35.16980200015793],[-82.48632699957372,35.174172999747334],[-82.48002999987487,35.17424500023623],[-82.47816100012903,35.175979999986424],[-82.47494499997086,35.17388700029637],[-82.46820600040614,35.174352999748585],[-82.46066799970185,35.17793600036071],[-82.4549679996796,35.17694099981418],[-82.45178000000881,35.172597000241566],[-82.45792500027,35.167007000197366],[-82.45731699982447,35.163923999951216],[-82.45085400044428,35.16565199966992],[-82.43987000032635,35.16574299980826],[-82.43460899979692,35.16798000024142],[-82.43546900013753,35.170489000147896],[-82.43235699973644,35.172371999723865],[-82.4308040003581,35.17792299967423],[-82.42588900033336,35.17940099978944],[-82.42828199996086,35.18377900003567],[-82.42517499958262,35.19004999986473],[-82.42280500041966,35.190817000179834],[-82.4242160004061,35.1930760000086],[-82.42262299994648,35.195887000234215],[-82.4165270000891,35.201028999768795],[-82.41581599971138,35.199235000273646],[-82.41221999961161,35.202365000331454],[-82.40011999995835,35.20519000031839],[-82.39826299990807,35.20686100035072],[-82.39936400027311,35.20934699965456],[-82.39424000001101,35.21509400020091],[-82.39208199966187,35.21539700033335],[-82.38987999983009,35.2154850003125],[-82.38767299997545,35.21243000031078],[-82.38392700008784,35.21084799990516],[-82.3821350003349,35.20342899971709],[-82.37811900011054,35.196568000313874],[-82.38307000012027,35.19423700034773],[-82.38313399969437,35.190831000166135],[-82.38081300003691,35.18745799970969],[-82.37123400005764,35.180648999743184],[-82.36888800028582,35.18087300009751],[-82.36229199993792,35.18634899972449],[-82.36451300003628,35.188620000226614],[-82.36079399991286,35.19027800034038],[-82.35964400004231,35.19248899994458],[-82.35239699959118,35.19015300015563],[-82.3503859995551,35.19291799966941],[-82.34441600009443,35.193687999648795],[-82.33902300021883,35.188557999945175],[-82.33367899984871,35.190838000158415],[-82.33082099989082,35.189600000120244],[-82.32993799998397,35.18677599967687],[-82.32375300043813,35.185087999652005],[-82.31507699955888,35.19071300010099],[-82.29416000035769,35.1954110003385],[-82.29107999974364,35.20008499990519],[-82.17467800034838,35.193949999697665],[-81.96935000039868,35.18720600013823],[-81.97104500006725,35.205515000282084],[-81.96957299998144,35.20946200007982],[-81.97088199986064,35.21158899966439],[-81.96770599988542,35.219826999907085],[-81.96280599992932,35.22686000029746],[-81.96567899995583,35.23106200028253],[-81.96532699960332,35.244600000007416],[-81.96386899976122,35.249449999742446],[-81.95977399989415,35.24705100034824],[-81.95704399998279,35.25201800021185],[-81.96192700022044,35.25943600018822],[-81.96218599978822,35.26247300034171],[-81.95456599996648,35.27025200007919],[-81.94531599987519,35.28442300017737],[-81.94301600013412,35.29538999988585],[-81.93867600004468,35.3049750001628],[-81.93881199958881,35.31379899998257],[-81.93527900013653,35.31752600016537],[-81.93620200022634,35.320628999773],[-81.93502100039368,35.32323300004956],[-81.92358000034126,35.31838799993492],[-81.9217030001995,35.31564200027819],[-81.91385099967586,35.314086000294],[-81.91349800039674,35.30598900025148],[-81.91140000032205,35.30494999985332],[-81.90803600002587,35.30615100006861],[-81.90743400032643,35.31352600018939],[-81.90030200040133,35.31406900006382],[-81.8984429998029,35.3118180000768],[-81.894338999715,35.31089300014741],[-81.88522000004328,35.300183000082924],[-81.88606000029242,35.29845099970373],[-81.8833339996807,35.292311000364776],[-81.88035100004933,35.29265600020968],[-81.87539400019183,35.28826100024849],[-81.87591600042364,35.28010500017938],[-81.87824399975379,35.27752799974192],[-81.87709499970818,35.27690199963815],[-81.8697679997894,35.2784059996894],[-81.85727899997372,35.27512600030657],[-81.84339000004225,35.27365800001504],[-81.83135700033613,35.27451000033863],[-81.82474799956944,35.28046299964264],[-81.81979300026008,35.2817300000391],[-81.82068200001468,35.290961999747516],[-81.80657600034823,35.305448000281054],[-81.80617899978988,35.310320999812326],[-81.80735100030005,35.31317400019152],[-81.80929399966574,35.31069899965403],[-81.81117699965527,35.3107099998305],[-81.81135400010561,35.31528500009684],[-81.81492099989306,35.317091000185364],[-81.81897999977511,35.31649800000578],[-81.82312099967292,35.320758000236005],[-81.82746199958729,35.31962100006274],[-81.83276199957646,35.33275000014438],[-81.83964300032973,35.333643999934424],[-81.83843499983455,35.337789999896714],[-81.83978399989671,35.33994000016629],[-81.84636400035107,35.34051900008534],[-81.84670999995748,35.3446799997731],[-81.84401000018335,35.34833000019447],[-81.8482659997089,35.34876800029961],[-81.84575099988267,35.354646999804785],[-81.85507200011907,35.3564230003444],[-81.85762700012826,35.359334000228145],[-81.85199499987806,35.369175000197636],[-81.85989500008228,35.37722299993988],[-81.85068599999887,35.37807899998272],[-81.8524409999419,35.38309700018515],[-81.84563000040716,35.41371800020981],[-81.84769800034462,35.41779899969799],[-81.85656299957314,35.4260829997114],[-81.85895500027402,35.434752000358756],[-81.86343299955743,35.440412000314005],[-81.85455599973504,35.44479099983091],[-81.85207199987096,35.44440000007709],[-81.85120099965968,35.458731000300084],[-81.84902300011736,35.46087599993084],[-81.84924300022539,35.46649999975822],[-81.8515599996849,35.47006499976961],[-81.85407299986129,35.48232999986473],[-81.85303099994576,35.484270999635896],[-81.85596000004878,35.48538499998255],[-81.85481600002603,35.49926300004453],[-81.85685200017645,35.504232000224526],[-81.85474700042907,35.517168999872595],[-81.85665399980974,35.542186999770166],[-81.89478300012901,35.541974999682935],[-81.93090200023717,35.617423000279764],[-81.9527159995889,35.62435099976694],[-81.95388499972601,35.62612200001044],[-81.95678000039213,35.62597300032086],[-81.95987799965124,35.63067900027008],[-81.96061199959516,35.632765999998504],[-81.95409499978828,35.64135199964662],[-81.95378199979385,35.64389800020669],[-81.9591570001261,35.64314000007929],[-81.98359699963214,35.64577099999659],[-81.99645600024199,35.635055000149706],[-82.00287199976653,35.63384699988361],[-82.00837699979512,35.63534399979275],[-82.03462999986881,35.611511999851594],[-82.05165799996557,35.622411999785704],[-82.05370499998665,35.62525199979682],[-82.05384300007891,35.62902799994611],[-82.05822599982608,35.62926700003089],[-82.06093399999614,35.626539999838165],[-82.0590019996028,35.62195600035364],[-82.06004299969337,35.62180599979915],[-82.06459200002018,35.62373099966743],[-82.073934000173,35.63436500011339],[-82.08385100026105,35.633742000246784],[-82.09052600025167,35.63559199986844],[-82.10415599971707,35.63611299968489],[-82.11399699963715,35.640587999905954],[-82.11076399976052,35.638026999651025],[-82.11165199969022,35.63631800024125],[-82.10907800031278,35.633516000094524],[-82.10296400001373,35.63152900003842],[-82.10386600018714,35.6304069997496],[-82.10794500016068,35.63136200020036],[-82.10750599976953,35.62785600000562],[-82.11088599995927,35.62951399967014],[-82.11014600016755,35.62496900017199],[-82.10594300034545,35.62194199983671],[-82.1112190000452,35.61894399990227],[-82.10282400027165,35.606954000035415],[-82.10613199959302,35.60432299992791],[-82.1087200001125,35.598863000277724],[-82.09981999982557,35.5910840002012],[-82.09858100026658,35.58730200013591],[-82.10034899973009,35.58215700007101],[-82.09691099981404,35.580297000152946],[-82.1024690004444,35.58015599995315],[-82.12117999961586,35.57213899987721],[-82.12386799969444,35.56471299969128],[-82.1342350000443,35.55949299968436],[-82.14206699957815,35.552015000023374],[-82.14802799971632,35.545344999674505],[-82.1442249999273,35.537542999883314],[-82.15370599999727,35.527582000033405],[-82.15503199959488,35.52039699978389],[-82.16904899957291,35.52781099992813],[-82.23385299974026,35.518654999834325],[-82.23333499970641,35.50962900026084],[-82.22719199999337,35.50469999988662],[-82.2241030000568,35.500364000146206],[-82.22433599968528,35.49826900017604],[-82.24250000030722,35.46783800032258],[-82.25143700040407,35.46068499975096],[-82.26579499996558,35.4678179998842],[-82.27629600020974,35.44892100023049],[-82.2800589998158,35.445250999821646],[-82.27902699994603,35.438544999643796],[-82.27614700024682,35.43714300020347],[-82.27342300018323,35.43070699977902],[-82.27580300029025,35.42328199983748],[-82.27271299963044,35.4188399998459],[-82.27260700022354,35.40966799990428],[-82.2685140000063,35.406213999936185],[-82.2702020000022,35.40046099998119],[-82.26176799987059,35.39447300008865],[-82.2613820000812,35.38864700002056],[-82.27674399992341,35.3746909997817],[-82.2813769999158,35.367579999936],[-82.27983500040811,35.365107000067816],[-82.28206999985184,35.360788000016534],[-82.29000799969091,35.35383699974532],[-82.29003000033052,35.35175399995352],[-82.29797400001736,35.33973000003982],[-82.29837599970026,35.3356680001204],[-82.30247499976527,35.33521799999316],[-82.30526499995112,35.332629999931335],[-82.31304100030678,35.33756399990847],[-82.3178369996075,35.33750100034712],[-82.3179079997526,35.32874500011694],[-82.32178500005978,35.323292000096956],[-82.32719600037703,35.31985599977249],[-82.32904099983342,35.32150800031723],[-82.32848400033983,35.32403600035408],[-82.33011200006125,35.323744000100056],[-82.33205199995218,35.32258599982319],[-82.33287600030782,35.319446000100356],[-82.33691099990041,35.3217640002066],[-82.34236599970029,35.317800000178394],[-82.35005900021528,35.32075599998607],[-82.3511379999407,35.32386099968586],[-82.34967599990063,35.32975099964646],[-82.35465700004758,35.33096400021034],[-82.35629999983762,35.333124000056316],[-82.36232200007517,35.334059000325745],[-82.36696500011331,35.32970400008783],[-82.400018999676,35.32695399976242],[-82.41989600040814,35.32817599972306],[-82.41927600026703,35.32080499986489],[-82.41975699959266,35.31559999969192],[-82.4207950002085,35.31564499974334],[-82.41558300008288,35.306394000285714],[-82.40732499967837,35.29740200028368],[-82.42091499985911,35.29561999999494],[-82.42849200002314,35.29116500029087],[-82.43357799975207,35.2955510003241],[-82.43238600004875,35.29422399988614],[-82.43482200023226,35.292480999834545],[-82.43774999961202,35.29390899990824],[-82.4387820003801,35.29531899987314],[-82.43692000030696,35.29721399999643],[-82.44148700017712,35.30000799985338],[-82.44939800025199,35.293973999887676],[-82.45204500032268,35.2935880003384],[-82.45201600001039,35.297262000158064],[-82.45592000008172,35.29817299998232],[-82.45496600002978,35.300324000298446],[-82.45899999979747,35.3014699997219],[-82.45754500032841,35.30292599969497],[-82.46026699984387,35.305113000236545],[-82.46183000016627,35.300128000093494],[-82.46353499988058,35.300334999686164],[-82.46439600004612,35.2983780001067],[-82.462641999928,35.29752400008044],[-82.4683290004298,35.27840200002861],[-82.47743700023086,35.274503000228755],[-82.48209799981235,35.278971000024484],[-82.48760799986383,35.27646199972954],[-82.48919999960023,35.278337000013096],[-82.48239900011123,35.28155899974965],[-82.47889900027094,35.287028000224645],[-82.48831599986848,35.29077899981109],[-82.49024400006385,35.29700400032915],[-82.4977159997476,35.29481499968636],[-82.50526100012458,35.29807299982263],[-82.50449700004343,35.30511799999578],[-82.50213200000503,35.30507799971418],[-82.50209900039306,35.30921400022053],[-82.50385000013813,35.30755399987986],[-82.50444400033996,35.309535000118025],[-82.50763700003361,35.31033700020989],[-82.51078700006957,35.30776000034875],[-82.5113660002028,35.304960000124616],[-82.515119999588,35.30648700014852],[-82.51641799959653,35.303699000219574],[-82.5194079997989,35.30391599987486],[-82.51930599969167,35.307544999850954],[-82.52223300014485,35.307616000133066],[-82.5208570003185,35.3039050002408],[-82.52193199984596,35.30293000034358],[-82.52396999964621,35.30391999974138],[-82.52399099956261,35.30850100009328],[-82.52845899969857,35.308253000042086],[-82.52766399965527,35.30795599966026],[-82.52778099983114,35.304625000258866],[-82.52868800002743,35.30754300000732],[-82.5297929996921,35.30580499989375],[-82.53667199989724,35.30556599989199],[-82.5457710003758,35.3072499996531],[-82.55246700028277,35.30319700012113],[-82.55839300026086,35.30396399972673],[-82.56301600020753,35.30135399999903],[-82.56259799973279,35.29708300000606],[-82.55035900016235,35.286621999878676],[-82.55033800024594,35.27819800019973],[-82.54777300019103,35.274612000195056],[-82.54946399966164,35.271988999796505],[-82.54524900014397,35.26919599994297],[-82.54505099977725,35.26546899987291],[-82.55300299986,35.26659000013992],[-82.5594179995596,35.26412300013087],[-82.56168999971158,35.26072500014927],[-82.56551699979003,35.26105200020975],[-82.56755200011555,35.25876099963619],[-82.56512500015288,35.25427699971956],[-82.56884000007834,35.25302099975243],[-82.5774399998913,35.25293700032191],[-82.5826219998797,35.254793000149476],[-82.58894500041612,35.26167200030874],[-82.59099300026212,35.26087399972136],[-82.59233499975326,35.26394199987249],[-82.59537400035944,35.26235899997962],[-82.60087900038803,35.26396500019112],[-82.6023699998421,35.26143500008329],[-82.6083259999574,35.2604150000041]]]}},{"type":"Feature","properties":{"GEOID":"37079","NAME":"State House District 79","BASENAME":"79","STATE":"37","SLDL":"079"},"geometry":{"type":"Polygon","coordinates":[[[-77.19569800007791,35.70007900011762],[-77.19292700015866,35.6941120002239],[-77.1901910003995,35.69333800019161],[-77.1878470002775,35.69535199972827],[-77.18108199987519,35.69309199969982],[-77.17983300027046,35.68517399965947],[-77.1772370002534,35.68420299988593],[-77.17532099975357,35.68730600016895],[-77.16991100015953,35.684558999728516],[-77.16942599973764,35.67855000013558],[-77.17245500029806,35.67744400024123],[-77.16698299988143,35.67230499997105],[-77.16818800000355,35.67022000000545],[-77.17200800040932,35.6689760003101],[-77.17745300016345,35.669366000279204],[-77.18069100006295,35.66494700034414],[-77.17467300002338,35.658717999844036],[-77.1727530002239,35.644162999938715],[-77.17415400016459,35.63559199986844],[-77.16793299973541,35.631044999998466],[-77.16498299971603,35.63094599987817],[-77.16253900003491,35.63320299998819],[-77.16158499998296,35.629125000356865],[-77.15925500010468,35.62974299963836],[-77.1572640001601,35.626590000258155],[-77.15201500022454,35.6261989998931],[-77.14810000028253,35.620234999859996],[-77.14347099958978,35.62039699965679],[-77.14239000021453,35.61787999972356],[-77.14454000016777,35.6160959999011],[-77.14364600039026,35.61509899965097],[-77.14574199991682,35.60882899970257],[-77.14020000007832,35.60566799981907],[-77.14236900029813,35.60374999980348],[-77.14708599995613,35.60522599966526],[-77.14635700003507,35.60421499982054],[-77.14830000029906,35.604609999856386],[-77.1508229996229,35.6025980001802],[-77.14405599957078,35.60161999975236],[-77.14441299994617,35.599382999877],[-77.14312499998337,35.5988149999758],[-77.1390019996289,35.60217399987163],[-77.13465599969166,35.596156999772816],[-77.13173499998457,35.59637199968638],[-77.1300810003239,35.59464500018654],[-77.1292019997167,35.59608300017174],[-77.12849999955982,35.59388999993218],[-77.12699599968695,35.59450799974431],[-77.1269560004023,35.597263000266246],[-77.12464400006735,35.596861999845615],[-77.12185499970643,35.592041999900914],[-77.1238160004121,35.59199499993753],[-77.12330000002807,35.58652800004967],[-77.12398200009346,35.585519000231315],[-77.1254139999963,35.58664400008996],[-77.12550699988272,35.584659000329445],[-77.11804699989455,35.58321699980462],[-77.11819699968238,35.58680800018768],[-77.11406900020334,35.588441999679134],[-77.11720800036863,35.58138699991658],[-77.11427500006768,35.58033999964118],[-77.1098970003434,35.58312299971699],[-77.10667600016235,35.58140000004609],[-77.10960000024247,35.57571399981157],[-77.1118830002651,35.574822000263126],[-77.1104530000121,35.56963000006328],[-77.10882399956743,35.56924199998916],[-77.10732100041781,35.5712500001622],[-77.10172199977957,35.570118999887164],[-77.10234699994355,35.56865800006399],[-77.10051800038067,35.567664000305115],[-77.10163599956583,35.56633099982527],[-77.09715099971145,35.5646800000721],[-77.09069199963089,35.569331999706684],[-77.08654900008327,35.5628339997997],[-77.0896920004465,35.56046900007618],[-77.08923299996388,35.55857800035277],[-77.08748300004372,35.55850200017487],[-77.08881399966423,35.554417000052055],[-77.08464099997934,35.55266100035799],[-77.1131779999006,35.54973799984363],[-77.1270900002966,35.55408100012639],[-77.17621000040653,35.51910000020116],[-77.17817000038895,35.507680000253984],[-77.17654299959412,35.501338999989606],[-77.16706700044534,35.49692300036404],[-77.17381799970562,35.48496600011813],[-77.17384100017017,35.45659600033714],[-77.18079900001797,35.45510400023177],[-77.18225400038536,35.44817299978464],[-77.17997100036273,35.44415200019211],[-77.18136800010546,35.44069099992016],[-77.19122999994195,35.43502600004839],[-77.18918899976865,35.42618600003923],[-77.19042300020308,35.41899400026793],[-76.95888700038554,35.301012999850904],[-76.89591900035204,35.25388899977459],[-76.90608099976419,35.23594499981502],[-76.93258999993091,35.23028600015954],[-76.94254800002685,35.21968800028488],[-76.9426290002177,35.21332399986226],[-76.94451100038235,35.21090300032466],[-76.95240900003844,35.20781100030134],[-76.95948099968908,35.202843000074616],[-76.96293000037407,35.1978570003612],[-76.96629200012214,35.18266999977032],[-76.97140499961525,35.17664599993853],[-76.96924200014152,35.171084000137796],[-76.97175899961758,35.166434000352766],[-76.97019399964535,35.162148999662215],[-76.97687700003186,35.155471999667455],[-76.98756900007174,35.154649000147344],[-76.98490100008465,35.14506199965599],[-76.97798500006961,35.13835099977576],[-76.97513999963219,35.133168999736235],[-76.96846499964158,35.129273000057644],[-76.95914199975535,35.127617999720215],[-76.95564199991506,35.12543799986164],[-76.94856199986847,35.12368900021158],[-76.94839899966188,35.125738000096185],[-76.9482110002392,35.123377999902125],[-76.94873500012085,35.123422000129054],[-76.94776400035045,35.123119000205264],[-76.94797699988747,35.123869000235636],[-76.9478739999553,35.12408899980649],[-76.94703600025431,35.12134399963634],[-76.94354599956144,35.121305999841645],[-76.94081900002311,35.119102999831064],[-76.94208000022172,35.115711999665535],[-76.94022900001922,35.11470599977072],[-76.93086500012512,35.11681900007425],[-76.93760799988779,35.114589999669306],[-76.9378759996764,35.11288299985301],[-76.93587200021132,35.111849999729955],[-76.93623399971128,35.10814100031641],[-76.93446700007269,35.1076939998948],[-76.93282099990961,35.1056109999372],[-76.93666100040684,35.105299000223695],[-76.93738000028216,35.10292499988817],[-76.9402280001943,35.10313099977902],[-76.93682899973801,35.10161000030028],[-76.93773199973636,35.098004999799265],[-76.93592400008988,35.0970450000101],[-76.93767599965986,35.09715700032295],[-76.9384249996724,35.0947209997771],[-76.93716000017415,35.09064399980862],[-76.9385379996503,35.08873800001017],[-76.93641899965921,35.086796999899214],[-76.93798199998162,35.08504399969915],[-76.93520600003947,35.085197999690614],[-76.9359530004022,35.08309199972625],[-76.93329200008779,35.08194100015817],[-76.93363100002152,35.07756700032158],[-76.93752000002425,35.07580200001825],[-76.93511800017593,35.07126600031465],[-76.93622200001572,35.061725000132085],[-76.9410580003977,35.05769799977142],[-76.94162300028722,35.05208699979697],[-76.9532380004169,35.05152699984903],[-76.9672970002277,35.04065500015371],[-76.94921299997173,35.01745899989193],[-76.90131300005255,34.984096999691694],[-76.82774800041375,34.95511699990719],[-76.81227100004551,34.95128599982733],[-76.77567499991139,34.95074899999966],[-76.75600300011698,34.956151000157355],[-76.62465099970984,35.030931000206834],[-76.30413599963443,35.20145300035441],[-76.06577400021354,35.124936999739575],[-76.01904400025639,35.06539199986868],[-76.01600300000038,35.065319000197206],[-76.00655700009054,35.053868999975975],[-76.0069360002072,35.0060179999814],[-75.99841099983901,35.007389000058296],[-75.98535100028602,35.013977000048264],[-75.96709299995277,35.02860000023615],[-75.95007300025192,35.03961700024373],[-75.93873299958354,35.05144900033953],[-75.92810300036628,35.05952399972799],[-75.89787599990102,35.077122000268766],[-75.8537329997401,35.097361000208736],[-75.8277059996222,35.10671699995212],[-75.81204500002927,35.11424400004558],[-75.7948830000382,35.119228999782585],[-75.74984699992471,35.13621199970829],[-75.73621400008626,35.140705000069694],[-75.70737000001836,35.14611099996822],[-75.67237900003946,35.16021000012118],[-75.63621499972548,35.172204999876904],[-75.59022000043547,35.18375699972007],[-75.58110800043644,35.18378399993973],[-75.56471300000125,35.17329800018302],[-75.54800299992182,35.16818399974263],[-75.52770799961324,35.167393000294005],[-75.50505900003525,35.174426000174016],[-75.48457100028114,35.18757700003099],[-75.47459999976638,35.20202899998607],[-75.46847700014483,35.21519000019814],[-75.45933400018365,35.24655200026657],[-75.44775099984102,35.30979400020535],[-75.4261349999577,35.386923000065536],[-75.42349600028292,35.42765200009213],[-75.4150889999155,35.500179999728125],[-75.40242199982457,35.544210000361545],[-75.40084900035474,35.55871800006876],[-75.40038999987212,35.59351200004291],[-75.40681499961745,35.6369719998122],[-75.41781999965178,35.68608199976483],[-75.43761700001798,35.7469600002988],[-75.45162999979802,35.771556999760065],[-75.46081499959199,35.78452400002302],[-75.46112400028677,35.79017100014356],[-75.4662369997799,35.801314999851236],[-75.48050099963011,35.81420699980324],[-75.51151399991782,35.87517500026122],[-75.5660469999948,35.97561399965886],[-75.58160800002864,36.000164999901415],[-75.62146100032882,36.070689999861],[-75.69261900009644,36.05252299983671],[-75.68482699984726,36.027652000146226],[-75.68368399964942,36.02768499983145],[-75.68470600037175,36.02337099999384],[-75.68118800008978,36.01989800009971],[-75.68035600023656,36.016016999890766],[-75.6787479997083,36.0164399996721],[-75.6743959999233,36.00783300000655],[-75.68298200039087,36.004833000215406],[-75.6832319997378,35.99555799994785],[-75.68322000004223,35.99217599994207],[-75.67447200009128,35.983237999684185],[-75.75873899981572,35.96143400024037],[-75.7508319999388,35.92625099999687],[-75.74547000002534,35.913465000053314],[-75.68480000008309,35.81868300024056],[-75.6237989997047,35.75017699991226],[-75.73726900042055,35.75017300035656],[-75.72296299983924,35.73904100025933],[-75.72496200017974,35.731208000132234],[-75.72098699996327,35.72299400000226],[-75.72136199988202,35.71674300020995],[-75.71475999968632,35.70696799969265],[-75.7153210002762,35.693183999913224],[-75.72764500023546,35.68320300033996],[-75.73186099957802,35.68134900000467],[-75.73902199981545,35.681802999765814],[-75.74097099992721,35.683163999966496],[-75.73843900038257,35.68604699992658],[-75.7369279999387,35.69275299978958],[-75.74119000021034,35.69848199995172],[-75.7523600001011,35.704690999737885],[-75.76595799977945,35.70643300011834],[-75.76898599961666,35.703284999951805],[-75.77148899974732,35.6960690000079],[-75.77256599982289,35.697433000312984],[-75.77157499996103,35.698445000100484],[-75.77210700023858,35.69918099977102],[-75.77475099993624,35.69593400014874],[-75.7733609998662,35.695839000299955],[-75.77726400011262,35.69308099996851],[-75.77995499966596,35.68629300025737],[-75.77841300015827,35.68341999967474],[-75.77316000002475,35.68047600013817],[-75.76086799985255,35.67753900010685],[-75.76545599963912,35.67606700028889],[-75.76820599964198,35.67255100034399],[-75.76900300023341,35.669120000307224],[-75.76760399994252,35.664515000346],[-75.76106399967114,35.65551999995015],[-75.75307999980133,35.65007099971937],[-75.7466299999416,35.648855000357216],[-75.74199799977413,35.650770000287935],[-75.73780499999775,35.6440329997668],[-75.73731000042842,35.63826199978073],[-75.72925799988826,35.62656999994786],[-75.74408300032835,35.62035500020079],[-75.74895300014721,35.614244999949776],[-75.7488669999335,35.6067800002373],[-75.76131800011434,35.6048210001601],[-75.76665699956328,35.60007899978415],[-75.77693299967653,35.60007699989384],[-75.78132200016978,35.59819799978612],[-75.7845059996426,35.59481300000892],[-75.78417099990685,35.59043799988288],[-75.78155499979829,35.58579900024491],[-75.77591099985251,35.58105399964498],[-75.77879899994765,35.57741600011867],[-75.78655000018894,35.576544000197615],[-75.78905999999229,35.575538999798745],[-75.78632099986008,35.57618100024982],[-75.78708800031428,35.57513699990794],[-75.82301999992636,35.570290000241954],[-75.83740199977733,35.570617000275845],[-75.83291000025024,35.57405900016234],[-75.8259940002352,35.57468099992336],[-75.82398300019914,35.57752300035748],[-75.82538300031494,35.580628000273606],[-75.8196299996909,35.580276999958365],[-75.81185300040865,35.58431199998627],[-75.81367000027596,35.59190800025892],[-75.81719699988044,35.595463000096146],[-75.8170959995981,35.597343000113455],[-75.8192770004118,35.60118999978741],[-75.81888599970124,35.602630000332816],[-75.81661899957213,35.60354299993511],[-75.81673999994595,35.6040759999007],[-75.81915600003799,35.602651999882525],[-75.81953900035262,35.60125600033639],[-75.8177149999143,35.59360600035216],[-75.81949099977373,35.590429000022546],[-75.82831900009063,35.59315899989306],[-75.83847100035534,35.58646199977538],[-75.85266700043347,35.58377600019161],[-75.85624699974142,35.585345999983986],[-75.8576679997736,35.58758299986008],[-75.8570269997161,35.59543099999966],[-75.86529599999125,35.60333100000889],[-75.8670590003302,35.603082999933555],[-75.86971800009646,35.60430199999958],[-75.8681370002307,35.60511000025811],[-75.86665599992406,35.60351700029135],[-75.86390000007341,35.608168000336285],[-75.86103799991757,35.607010000166966],[-75.86168599964778,35.60866400033244],[-75.86062199999095,35.608423000335534],[-75.8604269999973,35.60848900003112],[-75.86030599962346,35.608643000082786],[-75.86345700038264,35.610070000300254],[-75.8690739996659,35.607197999643816],[-75.87164000044406,35.60934100017626],[-75.87290199956928,35.61349500019023],[-75.86948600029287,35.61763000001898],[-75.871861000377,35.62801700010026],[-75.8632570003661,35.622799000309534],[-75.86787000026702,35.62682999994036],[-75.85708100014277,35.632255000079645],[-75.86747199988376,35.62802800003592],[-75.8733950003871,35.634257999930874],[-75.87911600032575,35.634570000042466],[-75.8822599996156,35.63316299975096],[-75.88465999981409,35.63840900026545],[-75.88833600027982,35.64020699966022],[-75.88825300043914,35.64247099989572],[-75.89168700015719,35.64377999969054],[-75.89007899962895,35.64731899987106],[-75.8904960002788,35.65225899979168],[-75.89801399999328,35.66041699972042],[-75.90134200030445,35.66895199967717],[-76.0274790002129,35.66884899982844],[-76.03158900014859,35.66302399966436],[-76.03556400036504,35.6614950002254],[-76.0427489999936,35.66383500024919],[-76.05697600003388,35.674005000181694],[-76.06109500019039,35.67522200017027],[-76.07339300021037,35.671816999710586],[-76.0853709996649,35.67489799995143],[-76.09163999977464,35.67025200009621],[-76.09537800016463,35.669363999932436],[-76.09970700038343,35.67109700029033],[-76.10195199987291,35.67646999991126],[-76.10508099999247,35.67867399997041],[-76.11461499976589,35.67798100032961],[-76.1186929999145,35.679184000277914],[-76.1207199998441,35.68230499968617],[-76.11826799976706,35.69190799982105],[-76.12268300019959,35.69328099975372],[-76.13007200004263,35.690779000142676],[-76.13704499995907,35.69985300019798],[-76.14202299973297,35.702851000083804],[-76.16198099975767,35.696080000056654],[-76.164278000024,35.69591700030698],[-76.16821700025545,35.6989009999278],[-76.1728329996311,35.69655199978878],[-76.17250399974313,35.6949500001242],[-76.16689199958442,35.69172899982263],[-76.16824700039268,35.69049200025795],[-76.17477300042037,35.69123099970271],[-76.17647099956368,35.688948999764996],[-76.17617299963784,35.68502499992152],[-76.17188100012729,35.681974000025065],[-76.17549200029568,35.6786009998085],[-76.16950299967012,35.67251400014057],[-76.17569499978696,35.672366999655914],[-76.17585899981849,35.66480499984919],[-76.18164400022957,35.66649900016412],[-76.17875799978427,35.65972699973557],[-76.18022999987008,35.65654299967105],[-76.17782800002176,35.65493299967482],[-76.18434700037677,35.648624000264626],[-76.19340099975115,35.645608999786944],[-76.19472800007202,35.64115000007771],[-76.19278399998309,35.64059000024355],[-76.1942419998252,35.6358369999501],[-76.1974520001356,35.63623900016746],[-76.19630999976269,35.63321000035616],[-76.1987540003421,35.63402899975488],[-76.19691099963721,35.63108199970221],[-76.19482400033148,35.631074999877974],[-76.19475400001127,35.628553000051575],[-76.19649200023586,35.62837800018606],[-76.19645600025086,35.62323800005902],[-76.1997269997623,35.622478000352785],[-76.19577900020835,35.6216950001716],[-76.19562000019968,35.620329000178714],[-76.19991199971024,35.61897899994634],[-76.20013500019132,35.61747700019991],[-76.19815500011738,35.617041000155254],[-76.20151699986543,35.61520399967314],[-76.20132199987178,35.61257399971971],[-76.20325400026512,35.61150099983488],[-76.20232600015242,35.60949500004859],[-76.2064210000195,35.61126299976699],[-76.2075829995856,35.60999199967263],[-76.20517900008747,35.607834999715074],[-76.20800799973303,35.6035620002594],[-76.21574399990573,35.59799799996344],[-76.22413799985435,35.59981599990102],[-76.22553600032032,35.601839000021876],[-76.2295569996692,35.59972800000824],[-76.23914599969422,35.60265500035182],[-76.24682699961532,35.60255600014309],[-76.2522539998261,35.60609500021343],[-76.25613600015616,35.60376700028053],[-76.26535799976004,35.60325699973702],[-76.27014999976112,35.60805799988523],[-76.27683399997254,35.605175999765095],[-76.28141000006353,35.606325999788226],[-76.28583899984145,35.604463999929806],[-76.29789900021005,35.60889499979353],[-76.26924699976277,35.69075399995989],[-76.54562100022541,35.7050839997541],[-76.84461999997657,35.705718999908754],[-76.84726399967423,35.71998199984294],[-76.98584199971779,35.65884800020483],[-77.03464600035852,35.67895199993551],[-77.1638400004165,35.73947299985977],[-77.17198699959461,35.73623199998349],[-77.17408899986727,35.732621999671146],[-77.17335300027352,35.73063100014203],[-77.17510499984351,35.72966699964267],[-77.17352300015284,35.727936000312155],[-77.1745270004335,35.7258610000919],[-77.17229899976415,35.72488599975655],[-77.17042300034561,35.72059600019088],[-77.17078499984554,35.716463000053416],[-77.18284400038924,35.71853500023201],[-77.18494999996156,35.720478000006636],[-77.18771699968285,35.71464700009946],[-77.18717400043293,35.71225099998979],[-77.19380599986754,35.70963000016734],[-77.19464500029176,35.703626999914675],[-77.1935000004441,35.70151999990007],[-77.19569800007791,35.70007900011762]]]}},{"type":"Feature","properties":{"GEOID":"37007","NAME":"State House District 7","BASENAME":"7","STATE":"37","SLDL":"007"},"geometry":{"type":"Polygon","coordinates":[[[-78.54640600034381,36.02206299968444],[-78.49354199999613,36.00266799970864],[-78.42686400006002,35.97501200007009],[-78.3943310000059,35.936875999765654],[-78.35327699978158,35.931056000128535],[-78.35037500034107,35.90951700035718],[-78.34390399966665,35.906798000183606],[-78.3355080000682,35.90581900031142],[-78.33152100015617,35.89793399979618],[-78.32849999999165,35.8967259996662],[-78.32062200042706,35.89600199966157],[-78.31952100006202,35.89426999999018],[-78.31299000001144,35.897321000055165],[-78.30712500013274,35.89671800002801],[-78.3077269998322,35.894805000109855],[-78.30365600025458,35.89214400010396],[-78.30507200026388,35.89104799980999],[-78.30302299969468,35.890587999772116],[-78.30132999967593,35.88777100007488],[-78.29702899994454,35.88683400020182],[-78.2953729997357,35.8813850002676],[-78.29108100022516,35.88056499982428],[-78.28994100040036,35.87659700022922],[-78.28431599982287,35.8745779998603],[-78.28110499968756,35.86812900033158],[-78.27801400010115,35.8673349998199],[-78.2701740001714,35.85085699983404],[-78.26982400036702,35.84498999978524],[-78.25819199962059,35.83103900024191],[-78.2539109999807,35.82811899997963],[-78.25471199987177,35.82436300026032],[-78.25691500042676,35.82359199983098],[-78.25513299982123,35.82245300025768],[-78.25597300007037,35.81811999979161],[-78.18218199957745,35.93875799964394],[-78.0065510003636,36.20263299982544],[-78.01166600040484,36.20609400033069],[-78.0140919996443,36.2051600001166],[-78.01615899975685,36.20781799979661],[-78.01864400034417,36.205024000153855],[-78.02233800035322,36.20544500032204],[-78.02383300000527,36.208322000222836],[-78.02522999974799,36.20822500009389],[-78.02469300034588,36.20948000033059],[-78.02875999972554,36.21027999994618],[-78.0304679998129,36.2145389999431],[-78.0311780003657,36.20900500022287],[-78.03543700026428,36.20698199975636],[-78.03894600032542,36.20882800008935],[-78.03720200025306,36.21050399985158],[-78.0454289997971,36.212546000208626],[-78.0433380002934,36.21387800026975],[-78.0445209997759,36.21541200026297],[-78.05823700035334,36.210992000350636],[-78.05833699991246,36.212823000146734],[-78.06373599963582,36.21390700001178],[-78.06622200004806,36.21648599964414],[-78.06851599994134,36.215045999648474],[-78.07100999985117,36.21658499999285],[-78.07132799986846,36.21527899979216],[-78.07402000014501,36.2154169996714],[-78.07701399964704,36.21146500027518],[-78.08322599985539,36.21262300026105],[-78.08491499967616,36.209232000180805],[-78.0916059995603,36.20768800027615],[-78.09427000024776,36.21031500026813],[-78.09742799978129,36.208920999902304],[-78.09836500011481,36.21082700022688],[-78.10268199973973,36.20893999966342],[-78.10490700003605,36.21068099981841],[-78.11006899993295,36.210204000000836],[-78.11055000015689,36.216071999859494],[-78.11202700026557,36.217499000105924],[-78.11483900019272,36.216693000164454],[-78.1189070002956,36.22416100003453],[-78.12169999995616,36.223994000020696],[-78.12302499972888,36.226259000179546],[-78.12570399958662,36.226325000151824],[-78.12662000000374,36.23328100028428],[-78.1249699996427,36.235241999701955],[-78.13076000007665,36.24042500028445],[-78.13273900032567,36.246280999708425],[-78.13625699970933,36.24591899995176],[-78.13764099993159,36.247569999944076],[-78.14234099987115,36.2460379999407],[-78.14872700015675,36.246917000103245],[-78.15698300001311,36.2444160002085],[-78.1608739996657,36.24560300025847],[-78.16194800026656,36.24785799995051],[-78.17317199968566,36.25549200024188],[-78.18894199995687,36.24772399983804],[-78.1939220002789,36.246772999947666],[-78.19838399966876,36.25158100011466],[-78.21572899995795,36.25190000010524],[-78.22478900007845,36.2565469999271],[-78.23025800012203,36.255935000054144],[-78.23570500042429,36.25828099985005],[-78.30696500029917,36.26619099977557],[-78.30213800013802,36.27470799983408],[-78.29224199996634,36.28498199995617],[-78.29094099958475,36.2902630003531],[-78.27716499963118,36.30613200018008],[-78.28743999991954,36.35835699997167],[-78.29751500019134,36.35808700029551],[-78.30657899961149,36.35405700032115],[-78.32595800040127,36.35332500016444],[-78.33483799969838,36.35449499991057],[-78.35086900008548,36.35295899967541],[-78.34845399981837,36.35449999982231],[-78.34811599970956,36.357125000282544],[-78.35092299961386,36.3613849996403],[-78.36634999975338,36.349227000327254],[-78.36568699995456,36.34108300025135],[-78.36871599961667,36.31797600010771],[-78.37046499971193,36.31285799967684],[-78.37906299987505,36.30024200034119],[-78.37840199972605,36.29827000022945],[-78.38758099967224,36.27461500004572],[-78.40507099972636,36.27700300020683],[-78.41929500029191,36.27712199992055],[-78.43391800016731,36.2815459997102],[-78.4657750000038,36.284396000228554],[-78.46391100028085,36.29137700007575],[-78.4582139997333,36.29672299992947],[-78.45585600026592,36.303590999765355],[-78.45813000006773,36.30370400015878],[-78.45567700016578,36.30916999976203],[-78.45657000011838,36.318494000104494],[-78.45492200030546,36.32057000005466],[-78.45074000039975,36.32169799974033],[-78.4453299999074,36.33665200030478],[-78.45466899968717,36.35665800002998],[-78.45320400017236,36.366453000121616],[-78.44620699996646,36.373908000265544],[-78.44622799988286,36.38472499997216],[-78.51045299991702,36.38235300022597],[-78.50833200027611,36.18292300001062],[-78.49929999974468,36.175769999930374],[-78.49661400021427,36.17519900002907],[-78.54481200005925,36.08084599986469],[-78.54640600034381,36.02206299968444]]]}},{"type":"Feature","properties":{"GEOID":"37057","NAME":"State House District 57","BASENAME":"57","STATE":"37","SLDL":"057"},"geometry":{"type":"Polygon","coordinates":[[[-79.88638200038685,36.11871600023635],[-79.89191199963149,36.1165250001096],[-79.8778260000565,36.11562900018159],[-79.8838430002712,36.107353999766325],[-79.88816599974388,36.10456800004904],[-79.88161600032505,36.104126000047714],[-79.88235699994168,36.10303600019504],[-79.87884000038292,36.1013679996515],[-79.8729179997045,36.10111300011984],[-79.87281099957438,36.10515099972862],[-79.86560900022738,36.105339999685754],[-79.86453100032688,36.10700300029221],[-79.85695800036083,36.104194000153974],[-79.85272799987624,36.10664100023166],[-79.84591999981623,36.10452200035205],[-79.84055500042803,36.09900200012729],[-79.83396099972994,36.09821700000428],[-79.83167100003463,36.095351000175306],[-79.8320409999305,36.098421999734335],[-79.82741499961077,36.09938700009516],[-79.81939599958088,36.099884999940066],[-79.81769599988944,36.097273999729154],[-79.7994879997849,36.103207999747724],[-79.78651100007258,36.10266600017632],[-79.77982600003622,36.1019859999331],[-79.78433500018006,36.08581299980928],[-79.75823400044234,36.08464500022872],[-79.75681900025793,36.08510299978298],[-79.75647000027848,36.09302900030165],[-79.74648700006819,36.09245900009201],[-79.745791999584,36.09556200017056],[-79.73526500029888,36.09395199965773],[-79.7422719996522,36.084887999931375],[-79.74061399979355,36.08406499987126],[-79.72746700020191,36.0858180002264],[-79.7249940002085,36.087450999804176],[-79.71751699960357,36.08656300001968],[-79.71521799968743,36.100365999956374],[-79.71552700038222,36.10275499979072],[-79.71720199995931,36.10262199968543],[-79.71262699969323,36.11642400032284],[-79.71244500011834,36.12295299990837],[-79.70432300015628,36.11819200031208],[-79.70271100032839,36.119010000235605],[-79.70403199990315,36.1201530000286],[-79.69916700010715,36.12102799996963],[-79.69923200040448,36.15460499987516],[-79.72936600008498,36.15131000010533],[-79.70848199959745,36.18155000020735],[-79.71353100041476,36.18038999974068],[-79.71551099959039,36.183570999802654],[-79.71902200019966,36.183470999893586],[-79.72051600002679,36.189384000150326],[-79.72578500005383,36.19281199992245],[-79.72977600016382,36.19169500034431],[-79.73215999957047,36.18897599998369],[-79.74323099972703,36.19018499974821],[-79.74624000019598,36.18859599977191],[-79.75519400001124,36.179452999883374],[-79.77796099959002,36.1652149997897],[-79.7816830000865,36.165100999863164],[-79.78951499962034,36.17609100014057],[-79.7935810000734,36.17696599985898],[-79.80801200032818,36.174933999951456],[-79.81687800027991,36.17152900035131],[-79.81832199987831,36.172837000207196],[-79.82785800019987,36.17173100008019],[-79.83176200027124,36.173692999672205],[-79.83644499959404,36.17368099991711],[-79.84236100042469,36.169700000056764],[-79.84282900022983,36.166588000105904],[-79.8535079998509,36.15700600034662],[-79.8550000000282,36.15281999993772],[-79.85206599990231,36.1494899999531],[-79.85141300014924,36.14490600032718],[-79.84697799962524,36.13691499983017],[-79.85013100003425,36.13768699995302],[-79.86003700025165,36.13590399970033],[-79.8649120000934,36.141106999808656],[-79.87092400028519,36.1398719996868],[-79.87087200040666,36.13766400001402],[-79.88657200035766,36.13748500028994],[-79.886962000345,36.13215999978431],[-79.88816499991898,36.12965699984621],[-79.89015300038882,36.12935200034784],[-79.89034400018453,36.1270549996944],[-79.88803900042059,36.12287000009876],[-79.88420899996908,36.121389999750576],[-79.88638200038685,36.11871600023635]]]}},{"type":"Feature","properties":{"GEOID":"37048","NAME":"State House District 48","BASENAME":"48","STATE":"37","SLDL":"048"},"geometry":{"type":"Polygon","coordinates":[[[-79.6929399998302,34.805169999749104],[-79.6764940002397,34.805065000189245],[-79.46150600011991,34.63037899971504],[-79.33086099989251,34.77397400010957],[-79.3317899998301,34.77646799969454],[-79.33313100039466,34.776433999772706],[-79.3319229998995,34.777099000106475],[-79.3343790001745,34.7773770000709],[-79.33717799968284,34.785524000019855],[-79.33883800008961,34.78557600024104],[-79.33829999996428,34.78776800012172],[-79.33961300004144,34.78714400008269],[-79.33956299981271,34.789113999642424],[-79.34241200044809,34.79019700036573],[-79.34191000030776,34.79214299975351],[-79.34417599971363,34.79228099997556],[-79.34296300009392,34.794091999935766],[-79.34544699995799,34.79588200020255],[-79.3464679999571,34.80039300029491],[-79.34813199966351,34.800876000049755],[-79.34681000026387,34.80252900023568],[-79.35018999955527,34.80523400020201],[-79.34914699981485,34.8087250003267],[-79.35176100027358,34.81083400008358],[-79.35140200024838,34.812686000053056],[-79.35352100023948,34.81245700028702],[-79.35308400039646,34.814279999777376],[-79.35551100035914,34.8153050000354],[-79.35486899957841,34.816697000055726],[-79.35741500026509,34.81896300035845],[-79.35766299996222,34.820693000169776],[-79.3529589998247,34.82402500034545],[-79.35365799960852,34.826193000011976],[-79.35219999976641,34.82588900026342],[-79.35163099967893,34.82769999994494],[-79.35361599977573,34.8287499997328],[-79.34883200017057,34.83885499971285],[-79.19139099972126,34.833716999901974],[-79.03555600015041,34.95519699969288],[-79.03758300007999,34.95753699992511],[-79.0347750003508,34.963119000024015],[-79.03727099991045,34.96704499971606],[-79.04103400041483,34.96779299993208],[-79.04346899987509,34.97524300001048],[-79.04702499979189,34.97827900025638],[-79.04969899962678,34.99195400033932],[-79.05677000035084,34.99828200016539],[-79.06193800009554,35.00911500031701],[-79.0713909996781,35.014510000168464],[-79.07225600004159,35.018008999826684],[-79.08422900037155,35.035458000284684],[-79.09029099989375,35.042031000313216],[-79.09005800026524,35.04580599984393],[-79.09178300007106,35.04760599988901],[-79.0881540003593,35.04954699971047],[-79.08819000034431,35.05168900017618],[-79.09316599957008,35.056446000033276],[-79.09038799997813,35.05937500000409],[-79.09208799966957,35.06394699965734],[-79.08940899981182,35.073364999904804],[-79.09054799981169,35.077919000106164],[-79.09342800040922,35.07959799985346],[-79.09173600021538,35.08290399984626],[-79.09317599961584,35.090349000232514],[-79.09845800006165,35.09434500027202],[-79.09955600005365,35.09894899983863],[-79.09832199961922,35.1009969998762],[-79.09982700021531,35.10303199975015],[-79.09897699992042,35.10551199998084],[-79.1007569999778,35.10806299979797],[-79.10126599979084,35.114605999743794],[-79.10545500026754,35.121453000321885],[-79.10912199961412,35.12467100004726],[-79.11186499994429,35.12418400005529],[-79.1129210001035,35.12565099987741],[-79.09755099986536,35.17423299979204],[-79.1010950000866,35.17190900031228],[-79.10338300013211,35.172712999942156],[-79.10441099980392,35.17520900027269],[-79.10753400007567,35.17585200033636],[-79.11007499984116,35.170537999862326],[-79.11987300010352,35.171702000222105],[-79.12526400032931,35.16653799992215],[-79.12756499989528,35.16767200003924],[-79.12821500017363,35.17164400003842],[-79.13150999997454,35.17389900005734],[-79.129550999817,35.17573100030973],[-79.1329519999231,35.17774899983103],[-79.1362600001428,35.17706399963522],[-79.13727299974597,35.17155699968541],[-79.14284399989683,35.16901199972103],[-79.14889299989854,35.17308999984533],[-79.14762699967706,35.17617399996678],[-79.15183299987218,35.17414700010585],[-79.1549739996873,35.176630000307945],[-79.15444300013297,35.18072499970968],[-79.15641300016115,35.179947000016085],[-79.16040900029402,35.18246899989646],[-79.15934200026416,35.17946299971467],[-79.16150599956279,35.17872299986574],[-79.16195499999968,35.18045200009808],[-79.1683289996914,35.181383000351765],[-79.16795999962046,35.18506399976072],[-79.17265299988732,35.186284000062834],[-79.17239400031956,35.191506999886464],[-79.17521399974429,35.19305999994174],[-79.1782680004191,35.19183099966119],[-79.17864900018559,35.18988799989142],[-79.18112999967664,35.189770999832206],[-79.18375599983092,35.190729999791195],[-79.18504100031899,35.19370299973325],[-79.18859300003784,35.19405700033479],[-79.18903999992659,35.192352000253486],[-79.1948909995616,35.194420000245664],[-79.19507700023273,35.19159099978901],[-79.19600199997237,35.19303999967025],[-79.2042980000117,35.19264099968522],[-79.20422500021677,35.19571899968269],[-79.20620899959033,35.19365700034644],[-79.20805899996793,35.19482199983758],[-79.2117670002207,35.19398100035641],[-79.21831699963953,35.19833800034802],[-79.21975600011339,35.2023920002399],[-79.22351100022182,35.20207000025782],[-79.22971199966118,35.21060200033506],[-79.23667600025512,35.21075300029376],[-79.24095299969707,35.20854799971505],[-79.24212100000926,35.20934399992213],[-79.24074199980986,35.21196900013561],[-79.24290000015903,35.21379599981175],[-79.24673499973508,35.21305799997536],[-79.24961199995955,35.20743600010336],[-79.25565900031144,35.202926000254685],[-79.25953400007047,35.20449400030298],[-79.26455899970006,35.19918300013354],[-79.27523099964844,35.19788999987746],[-79.2770790003762,35.19551100019643],[-79.28148499968958,35.19522600005666],[-79.28504700035246,35.192893000019694],[-79.28435600006625,35.19022399980256],[-79.28630600000295,35.19060099998022],[-79.29111999974533,35.187589999907466],[-79.29278699982481,35.18837100036102],[-79.2944749998207,35.18475499970142],[-79.30431499991586,35.17711800010679],[-79.30462299988743,35.17520499992751],[-79.31053999964467,35.172964000278654],[-79.31229999961057,35.168484999760274],[-79.32399799958093,35.166868999954126],[-79.32932500023259,35.16446699991866],[-79.32853500021218,35.16152100007422],[-79.33547700016649,35.1615880002157],[-79.43384299988469,35.068772999919375],[-79.46088599997879,35.04089800013872],[-79.47276200022439,35.035320000038716],[-79.51050599968089,35.0261520002085],[-79.52138100001888,35.01922500014174],[-79.5530379998388,35.00477499980979],[-79.56793500024892,34.99432500019724],[-79.57342299966076,34.99221000025331],[-79.5666670003776,34.979414999703714],[-79.57799299990398,34.972386000175874],[-79.57757899962719,34.96877099981281],[-79.58190000034838,34.963877000300535],[-79.58160700044543,34.95741300034065],[-79.58561799974859,34.954744999914766],[-79.58324100001464,34.94799999984348],[-79.58478699972028,34.94538500020041],[-79.58172999957075,34.935442000021546],[-79.57860399982427,34.930896000072444],[-79.56825900011403,34.927372000073774],[-79.56398699979665,34.91794600027952],[-79.56600700005353,34.911136000310904],[-79.56185600010997,34.91035000033578],[-79.61600000002453,34.865928000064976],[-79.62676700040748,34.85191100010543],[-79.61992900021025,34.84890300032013],[-79.61971800032306,34.84646200015578],[-79.62280899990945,34.84373900011406],[-79.61736699963004,34.83928200028926],[-79.62013300042474,34.83524199985861],[-79.61859100001874,34.83333099971424],[-79.61922200003049,34.8309680002195],[-79.62199299994975,34.82938799973668],[-79.62292899956005,34.82681700017182],[-79.62144499977867,34.82487000014808],[-79.62276500042684,34.82023800028981],[-79.62080100024643,34.81798200002257],[-79.61712499978071,34.81860100029619],[-79.61404500006498,34.81530900031077],[-79.62564400030114,34.817894999762615],[-79.63457100035222,34.82549300006275],[-79.65449900023968,34.81488099998492],[-79.67837300003129,34.813948000141586],[-79.68839200022659,34.81134000035366],[-79.6929399998302,34.805169999749104]]]}},{"type":"Feature","properties":{"GEOID":"37106","NAME":"State House District 106","BASENAME":"106","STATE":"37","SLDL":"106"},"geometry":{"type":"Polygon","coordinates":[[[-80.85804100034461,35.40893899971576],[-80.85604500037716,35.398932999735074],[-80.85059899989982,35.38845799990081],[-80.84919600030929,35.379463000185716],[-80.84308899968292,35.36794900022878],[-80.83800999962668,35.370316999906244],[-80.8293239996,35.36991100013035],[-80.8209659996364,35.36695100024547],[-80.81972200005453,35.36386900035711],[-80.82270100038625,35.35838799985534],[-80.82417400029698,35.33888699987033],[-80.83356599978016,35.33902199990477],[-80.84875400044339,35.33384400012416],[-80.84847599971074,35.30732399996779],[-80.84031500028894,35.30893199973903],[-80.83367399973521,35.31520199982482],[-80.8133769997768,35.30281499976159],[-80.80680600044158,35.300672999738715],[-80.80279299969199,35.302122000201855],[-80.79787699984234,35.295447000305344],[-80.7938460004477,35.285664000348085],[-80.79352599988223,35.278725000234566],[-80.77366999996481,35.284029999796395],[-80.76229699968447,35.28524399993269],[-80.7565830003168,35.290800000317645],[-80.75386299955287,35.29942900011661],[-80.74978399957932,35.30566099986374],[-80.7600399996011,35.312521000220265],[-80.7763150003857,35.317440999662345],[-80.77225099958245,35.32900899999433],[-80.77298100022674,35.33427000012433],[-80.76973999995418,35.34055800017752],[-80.75963399972024,35.346388999742544],[-80.7558350001292,35.35695000003781],[-80.75283999990393,35.35925399980937],[-80.74393299994433,35.35978400009954],[-80.74214899968898,35.365196000019694],[-80.73658400028424,35.36734100016045],[-80.73275700020577,35.37193099978645],[-80.74440999997029,35.38066699994573],[-80.75530899969941,35.394822999732035],[-80.76641400019116,35.401477999792725],[-80.76354899966223,35.4120989998579],[-80.75216700005939,35.414050000009006],[-80.75673899995242,35.42365699975732],[-80.76427400028366,35.42477599968228],[-80.77363800017777,35.420625000278804],[-80.78117199978577,35.42346899967413],[-80.78790500040101,35.423244000138595],[-80.7924749997459,35.42553999965732],[-80.7986269996798,35.41961199974209],[-80.80089399980889,35.4151219997773],[-80.80359199993322,35.41388699975812],[-80.81411099972073,35.41249099987048],[-80.8235919997907,35.41318300016914],[-80.82770000007655,35.4102859998892],[-80.83350399985589,35.414393999936955],[-80.83466899979504,35.413386999850985],[-80.83657000022625,35.414805000149435],[-80.83825300019924,35.411162000349265],[-80.85804100034461,35.40893899971576]]]}},{"type":"Feature","properties":{"GEOID":"37107","NAME":"State House District 107","BASENAME":"107","STATE":"37","SLDL":"107"},"geometry":{"type":"Polygon","coordinates":[[[-80.92702700041771,35.32297599994966],[-80.92475100006776,35.31969500005435],[-80.91427199956492,35.32072699965486],[-80.91120400044305,35.31671399997142],[-80.9158619996515,35.31422900014821],[-80.91603699955368,35.310260000054384],[-80.92232800030305,35.31178300025617],[-80.92059199972829,35.30432100002265],[-80.92530900028459,35.29951699981558],[-80.91991999970864,35.297382000071096],[-80.91727900038404,35.294020000326654],[-80.89533600026256,35.278410000083355],[-80.89687500029552,35.27678500033908],[-80.90514899969523,35.28207699998399],[-80.91425099964852,35.28222100017963],[-80.91480200019265,35.27952000019666],[-80.91356600010839,35.27404500031482],[-80.90079400043548,35.27213999990936],[-80.90107100044493,35.26662400000776],[-80.898430000222,35.26638300007588],[-80.89836900012264,35.26476299967833],[-80.90419299999347,35.26506200028207],[-80.90583099976062,35.263284000077505],[-80.90407400016777,35.26317000012288],[-80.90452100005653,35.260860999843466],[-80.9067449996296,35.26194199972102],[-80.91040900039975,35.25723999972325],[-80.90091099971303,35.252188999772805],[-80.89618099963626,35.24780099973712],[-80.89741099987272,35.23619900016836],[-80.8903829997047,35.22620400003549],[-80.89109699955715,35.22428699974224],[-80.89788299987582,35.22449599985309],[-80.90330099986578,35.220382999684745],[-80.9081520003164,35.21019200012918],[-80.89758999997287,35.211575000319996],[-80.89699800031917,35.20704799994475],[-80.89362499980216,35.207324999976784],[-80.89349900030376,35.20473799984848],[-80.88929499975845,35.20822700033458],[-80.88224599967401,35.20653899973832],[-80.88018299975943,35.202935999908064],[-80.8826309996385,35.19780999984804],[-80.87330100007956,35.1944490002919],[-80.86748200023162,35.19926300027885],[-80.85976100012755,35.209890000046116],[-80.85055200004413,35.21767500030489],[-80.85711499988176,35.22419999998338],[-80.86829599964317,35.223996000208324],[-80.86640599998094,35.23050899997808],[-80.86148199973539,35.23692300004617],[-80.8587080003414,35.237089999660164],[-80.85871300036428,35.24173300036491],[-80.85388299983006,35.241338999779444],[-80.85221499992566,35.24327500032749],[-80.84839299987007,35.239441999649344],[-80.83843099957618,35.2367519998391],[-80.80882599980016,35.27663400008505],[-80.80277500014861,35.27631699998603],[-80.79352599988223,35.278725000234566],[-80.7938460004477,35.285664000348085],[-80.79787699984234,35.295447000305344],[-80.80279299969199,35.302122000201855],[-80.80680600044158,35.300672999738715],[-80.8133769997768,35.30281499976159],[-80.83367399973521,35.31520199982482],[-80.84031500028894,35.30893199973903],[-80.84847599971074,35.30732399996779],[-80.84875400044339,35.33384400012416],[-80.86191299973059,35.32954100015941],[-80.86684199999902,35.3253659997963],[-80.87419999987993,35.333366000241035],[-80.88440599967299,35.33375599966192],[-80.89166800019277,35.33138099969234],[-80.90128499980685,35.32464099968295],[-80.90198199994086,35.322707000022355],[-80.90969299999917,35.328457999796775],[-80.923971999918,35.32615900032223],[-80.92702700041771,35.32297599994966]]]}},{"type":"Feature","properties":{"GEOID":"37055","NAME":"State House District 55","BASENAME":"55","STATE":"37","SLDL":"055"},"geometry":{"type":"Polygon","coordinates":[[[-80.71428899981026,34.903048999902914],[-80.70844300019813,34.896836999691416],[-80.70390300009214,34.89471900026795],[-80.6971069997277,34.878849000034435],[-80.7026889997492,34.877809000217326],[-80.70445799993591,34.87926199972767],[-80.70711800042541,34.87739000028346],[-80.71165799963309,34.879059000250194],[-80.70415699963704,34.864558999814484],[-80.70221199972322,34.856673999923935],[-80.70228700006628,34.844952000207144],[-80.69845099976698,34.82951400004757],[-80.6937199998653,34.81899399963589],[-80.21378300034006,34.81250099966342],[-79.93125799976846,34.80671099998166],[-79.92308899995074,34.80875599976831],[-79.91390300033186,34.81845200028721],[-79.90871999962023,34.8415839998457],[-79.90046200011405,34.857778999955656],[-79.88313600009144,34.86445100015956],[-79.87061399976548,34.87499700032734],[-79.85053600009019,34.89837599967623],[-79.84847900002337,34.90433099982228],[-79.84960999962733,34.911361999878],[-79.8556479997584,34.92507300035198],[-79.86010900022167,34.93318900020764],[-79.86699400027456,34.939810000234516],[-79.87230299958627,34.95037099993238],[-79.87234100011942,34.95500300024332],[-79.86381300027648,34.97420800036744],[-79.8647930002677,34.9799879996718],[-79.88049599969344,34.988832999987544],[-79.90062699997048,35.00573700013499],[-79.90001699987512,35.00903999981192],[-79.89464499991591,35.01643500020415],[-79.89242700019061,35.02486999968783],[-79.87674399995805,35.035944999876655],[-79.87618900011427,35.043448000123696],[-79.88359600039898,35.05172200013536],[-79.90313199975095,35.06206799981644],[-79.90898300028428,35.06696300009369],[-79.91234099983438,35.075337999941596],[-79.91251800028468,35.0960669999938],[-79.92189999972214,35.10668499964158],[-79.92297699979774,35.11370699996473],[-79.92519000039849,35.116502000285315],[-79.93064100000039,35.11868299980987],[-79.94283899956295,35.11917799994818],[-79.95847499993987,35.113718999783515],[-79.97758900041576,35.10178500006347],[-79.98140600044849,35.09743700006452],[-79.98425400036062,35.09071500030227],[-79.99337700023031,35.085459999981715],[-80.02435500035793,35.09037500018324],[-80.04220600008709,35.10296699965843],[-80.06848400027513,35.11236300025981],[-80.06968600002419,35.11500200021869],[-80.06902499987521,35.12229099975749],[-80.07421799973426,35.132402000000674],[-80.07536500013006,35.14308100017994],[-80.07767800028992,35.147594999821855],[-80.09194899981281,35.16274900018407],[-80.10707100035383,35.17306200036642],[-80.10887800017538,35.178669999769845],[-80.10830400006503,35.18893299994235],[-80.11201499979255,35.19357900027346],[-80.11506600009427,35.19427899999969],[-80.12214799979068,35.19248299996832],[-80.12841699990042,35.188333000290854],[-80.1291140000344,35.18462899986041],[-80.12417499972025,35.175280999844084],[-80.1317669999529,35.173361999840985],[-80.13574200016937,35.16763600019697],[-80.14189499992817,35.168251000269876],[-80.15163999958878,35.1745490001289],[-80.1570199999439,35.173796999829655],[-80.15914399995786,35.16733200015903],[-80.16580700025291,35.16452799999955],[-80.16761400007447,35.16190699977071],[-80.16660200029621,35.15847599980327],[-80.16100199983306,35.153068000198914],[-80.15983100004613,35.14982000024721],[-80.16507599978371,35.14747599974021],[-80.17326300004312,35.14789700006277],[-80.19119199959007,35.15590499996262],[-80.19352800021446,35.15887699989773],[-80.19491999993434,35.16538099979263],[-80.19736899963831,35.16658600035643],[-80.20525200012408,35.165433000267264],[-80.20783800009542,35.15598599970088],[-80.2250019997363,35.156241000064114],[-80.24124099963757,35.17907000011083],[-80.24210000015329,35.181572999887464],[-80.23999899970553,35.188067000036156],[-80.25082899983765,35.20261300013171],[-80.25140100029819,35.20907499973023],[-80.2548159997497,35.211300000125945],[-80.2591950001972,35.20879599971656],[-80.2638549999538,35.208410000274135],[-80.26501200039532,35.204049999682475],[-80.27150699956256,35.201670000088626],[-80.27573000037447,35.196057000097866],[-80.28191300027049,35.19560199994541],[-80.28436600017243,35.19223500007174],[-80.28792100026432,35.19141799972894],[-80.29225200013293,35.19405300018315],[-80.29596500040857,35.19394200011777],[-80.30388399998107,35.1880450001472],[-80.3053519998689,35.181920999716965],[-80.3209310003444,35.1787249999518],[-80.3204679996638,35.17421600032234],[-80.32166799976304,35.173068999686365],[-80.32824499984437,35.17666399970277],[-80.33489499972063,35.173710000311836],[-80.33989500013416,35.17430199993554],[-80.34610599961927,35.16911699982629],[-80.35155100027174,35.16928599972499],[-80.35435599962786,35.165651000200434],[-80.35796599997134,35.16489199983214],[-80.3644829997782,35.17060700020442],[-80.3660109999405,35.17574000029368],[-80.3701219997011,35.17978599975631],[-80.37677199957736,35.17750700010507],[-80.37959299972532,35.17278400013936],[-80.38892700038052,35.1657099997214],[-80.39778099973837,35.165451999782746],[-80.40290900019842,35.167293000349694],[-80.40855599961891,35.1637470003104],[-80.41218699987878,35.16337099991536],[-80.41574399962052,35.16649199984658],[-80.4181499996668,35.17259199964942],[-80.42568900019599,35.17006000024795],[-80.42819200032665,35.167578000050405],[-80.43037200041711,35.13030599966815],[-80.43457000021633,35.12263699974019],[-80.4626100000201,35.085977000051415],[-80.47778500026455,35.074753000009345],[-80.48717599992284,35.05886299999067],[-80.4948750002856,35.05395099980026],[-80.50559599973948,35.03887499984427],[-80.51940600002824,35.00240400028757],[-80.53184299996539,35.0083519997394],[-80.53656399982134,35.00019299982117],[-80.53843000009246,35.000110999770826],[-80.53912899987628,35.00521899972408],[-80.54004799976812,35.00338700028116],[-80.54374699980006,35.00387500032704],[-80.54317299968972,35.012318999996204],[-80.54718700026424,35.010259999931115],[-80.55056699955564,35.004609000035],[-80.55624700038473,35.00464599976577],[-80.56737700009252,35.01277099988874],[-80.56947599999212,35.005548000255736],[-80.57304000030484,35.003536999815005],[-80.5633070003398,34.997860999944955],[-80.56579700005169,34.99469200028987],[-80.57033999963238,34.996110000241124],[-80.57290300003751,34.993178999702366],[-80.57497000015007,34.99329000036739],[-80.57330399989551,34.990292000076664],[-80.57094800007795,34.991137000099755],[-80.56734399958223,34.98884200000774],[-80.57025500014191,34.98731300020183],[-80.57057499980904,34.98259299975473],[-80.574233999658,34.98332699971848],[-80.62784899966806,34.95820099966121],[-80.63949700030801,34.946305000262846],[-80.63557399997009,34.94185899969483],[-80.63446199973438,34.93725499998302],[-80.65398399974099,34.93854700001163],[-80.65634600030465,34.90048600020829],[-80.68563499971314,34.90170500029519],[-80.69290800010356,34.910759000013506],[-80.70681499957838,34.90400099970082],[-80.71428899981026,34.903048999902914]]]}},{"type":"Feature","properties":{"GEOID":"37014","NAME":"State House District 14","BASENAME":"14","STATE":"37","SLDL":"014"},"geometry":{"type":"Polygon","coordinates":[[[-77.4844249999138,34.61655200035921],[-77.48005100038746,34.58918199973111],[-77.46888999981923,34.587882999648286],[-77.46227500010308,34.58546200031658],[-77.45002399993876,34.56197299980093],[-77.4431630001753,34.57002900033045],[-77.43660399963734,34.57334900015737],[-77.43195499975141,34.56707700005017],[-77.42946400021462,34.56817499988301],[-77.42647599966209,34.56474100005402],[-77.41972299985366,34.56709900032654],[-77.41701100038395,34.566412000279],[-77.41532199966485,34.56977700024827],[-77.4131909999782,34.569387000253364],[-77.41366100033147,34.57037199976991],[-77.39981400023278,34.58004799972816],[-77.39937599966655,34.58198599987905],[-77.39109700024397,34.58874900023435],[-77.38355400041513,34.586396000331874],[-77.38036400019622,34.578099999697],[-77.37243899987764,34.58193999993347],[-77.36501800024755,34.57738799983562],[-77.35859099995405,34.56907999997975],[-77.35012199966235,34.56828200019703],[-77.34367099997772,34.569742999703216],[-77.33656099979393,34.56740799999629],[-77.33999100021235,34.56354599972148],[-77.33935099997974,34.55468599997698],[-77.34454499966373,34.54868000032466],[-77.34451799989955,34.54554100010534],[-77.34007200040321,34.53944300018311],[-77.34404699972136,34.533181000306605],[-77.3380160001613,34.528419000369404],[-77.30538799967263,34.48425499986489],[-77.2950770002976,34.48896800013706],[-77.26024399960413,34.51101800001733],[-77.2191760000344,34.53965999970242],[-77.20150199985724,34.54921599972341],[-77.16057599967944,34.56902600030834],[-77.12299899972918,34.58437499996781],[-77.1171980003229,34.58436699998399],[-77.11293000020348,34.63854400000267],[-77.10803199989721,34.63973999998602],[-77.10838000005175,34.64305800011398],[-77.11184399990705,34.646595000032185],[-77.11316000035725,34.651026999800116],[-77.10174699989392,34.66192100010263],[-77.09607299981094,34.67123999963329],[-77.10789899982781,34.67593900004797],[-77.11352900042819,34.680541000254124],[-77.1133820001151,34.68291000016192],[-77.10856099980172,34.68734600020714],[-77.10515300002291,34.694711999950364],[-77.10599499992188,34.710328000174975],[-77.10915300035374,34.717874000313195],[-77.12179799980504,34.73153399973665],[-77.12576600034879,34.7482690001184],[-77.12564599979987,34.75670699964698],[-77.13126700017943,34.75891799995936],[-77.13575100020893,34.76460900015895],[-77.13933300006501,34.76010500012707],[-77.14168600040783,34.75970399972535],[-77.14336299963473,34.76578900015638],[-77.14901699962624,34.76850599973478],[-77.15502399979518,34.765634000287314],[-77.15791400043844,34.76603599985568],[-77.1584190000535,34.76947800028259],[-77.15068000040608,34.77078099976765],[-77.15312999993498,34.77313999990428],[-77.15350200037896,34.776491000306486],[-77.15505300010749,34.77670600023082],[-77.15758499965214,34.77356899984701],[-77.15990899968266,34.77408099981602],[-77.16033399983009,34.77638300023264],[-77.15740999974997,34.78082699990651],[-77.16030100021814,34.78194400012602],[-77.16323000032114,34.779218000145114],[-77.16548800022942,34.779208000242434],[-77.16654000019065,34.78054899976174],[-77.16525300005277,34.78407600032983],[-77.1665229995739,34.78527000028418],[-77.16937100038436,34.780726999824296],[-77.17274300017816,34.780611999653736],[-77.17308999960949,34.78236200004926],[-77.17018800016898,34.785073000273044],[-77.17404399966144,34.78574199981983],[-77.17522100019447,34.78745199980288],[-77.17086600003641,34.79041199998086],[-77.17581799987103,34.79196899991417],[-77.17541500036322,34.796280000214985],[-77.19050699986867,34.802262999993275],[-77.18922300010384,34.80632500009409],[-77.19310399971064,34.80687100024202],[-77.19605899975294,34.80967099987683],[-77.19311700012945,34.81442300021682],[-77.19577900026876,34.81761099970718],[-77.19221099975807,34.81718300027751],[-77.18636400032103,34.819467000081765],[-77.18430399988118,34.826342000029605],[-77.17951500025315,34.82949700033285],[-77.18007900031775,34.83338600029474],[-77.18253999971729,34.837260000183264],[-77.18868300032868,34.83334099968848],[-77.19170699996792,34.83379600017955],[-77.19105400021485,34.83223399988807],[-77.20193799987534,34.834498999843404],[-77.20138399985647,34.836374000260506],[-77.20327299969381,34.837030000357394],[-77.20153299981939,34.838050999997606],[-77.20085400012705,34.84200800030294],[-77.20344000009838,34.8426570001076],[-77.20271100017732,34.84529700004717],[-77.205025999987,34.845986000115616],[-77.20458400012113,34.847837000324134],[-77.20591800011468,34.84751700012981],[-77.21220300011795,34.85327800008577],[-77.20996399957794,34.85874700019099],[-77.21303099977321,34.86038900012768],[-77.21284800037341,34.8624700000371],[-77.2195769998924,34.87027899985483],[-77.21588399970823,34.873327999693],[-77.22242999982741,34.88205799970994],[-77.22284900012707,34.88343900014713],[-77.22082999969508,34.884589000008745],[-77.22200300003014,34.886996999742415],[-77.23113299957252,34.88520799974055],[-77.23411199990424,34.88612099991769],[-77.23187400008746,34.89291399965471],[-77.23334000032548,34.8938759997605],[-77.23430699989791,34.89149600006165],[-77.2387709998359,34.89357599969546],[-77.23735700037473,34.89996200014013],[-77.24015500005818,34.898900000284996],[-77.24982000025116,34.9008890003274],[-77.25050899998925,34.90332300023289],[-77.25221700007661,34.90309300021107],[-77.25073300029523,34.909907999670324],[-77.2557079996961,34.91049100028911],[-77.25932600043548,34.908884000183114],[-77.26073099967584,34.91143899997306],[-77.25971800007267,34.91486999998339],[-77.26222899970091,34.918793000131544],[-77.26461600037892,34.91913000021429],[-77.26412299956111,34.9210050002519],[-77.26716800001508,34.923191000312706],[-77.26764699969085,34.925790000316],[-77.28329700031148,34.92780600031339],[-77.28531800039327,34.93128899983865],[-77.29463799990646,34.930466999949296],[-77.29788800039982,34.93386300005131],[-77.30430399992434,34.93427499994042],[-77.30889300043414,34.937571999725414],[-77.31155600039837,34.93643999997387],[-77.31093600025727,34.93536899994547],[-77.31344400041078,34.93264400024224],[-77.31702000041908,34.93227599965824],[-77.31896100013495,34.93486300024481],[-77.32264900029622,34.93475999991613],[-77.33155399970772,34.93914999968974],[-77.34173799975946,34.93447699984143],[-77.34493100035142,34.93057300019872],[-77.35682599996527,34.92923399977042],[-77.36035199974485,34.925904000087364],[-77.36314000028086,34.9258249999073],[-77.36534700013551,34.92315999978553],[-77.3667680001677,34.90865000010897],[-77.4013649999613,34.924194000143686],[-77.41848099992163,34.91228999991611],[-77.3801239999967,34.880711000037664],[-77.36059899961705,34.862061999733584],[-77.34818099994648,34.8703820000157],[-77.28987199984465,34.82745700024592],[-77.28468999985624,34.82692699967439],[-77.2813980004284,34.81599100016809],[-77.26340700005883,34.79605099986239],[-77.25139799974387,34.79304899975081],[-77.25423300013556,34.78645400016147],[-77.2597840001949,34.77852900010574],[-77.27667800039735,34.76453800028276],[-77.28875299993626,34.758117999749345],[-77.29979200030576,34.759301000307765],[-77.30654699976401,34.75402400025373],[-77.31304699985245,34.752363000024175],[-77.31576300041841,34.74599399973342],[-77.32448100023215,34.74906200032969],[-77.32999200010852,34.74846600015471],[-77.3325880001256,34.752065000206365],[-77.33738500014955,34.75116300007461],[-77.33878299971718,34.75346300034437],[-77.34613099955236,34.751878000160424],[-77.35090199963702,34.747591999667755],[-77.35808200014102,34.75686200004049],[-77.36360499971295,34.769356999861905],[-77.35695999985958,34.7798189999646],[-77.35367400027951,34.78848299964964],[-77.35407900033546,34.79157000013003],[-77.35591600029426,34.79290799979214],[-77.35347599991279,34.79609400031855],[-77.35013400025623,34.796650999929135],[-77.3505619998784,34.801258999657996],[-77.35307900025275,34.80410400001885],[-77.35261100044762,34.806801000028024],[-77.41662999971912,34.760021000049605],[-77.42243900041966,34.765627000014966],[-77.42490999986495,34.76500799973046],[-77.42459400039577,34.763633000003146],[-77.42848500004833,34.759862999672286],[-77.43408600033639,34.75816300010063],[-77.44746499973162,34.76110099969727],[-77.45765299998132,34.75923000029449],[-77.4596360004283,34.76030599996555],[-77.46406100000824,34.75854400022268],[-77.46668600033763,34.760749000095785],[-77.47831999983556,34.75778299972513],[-77.47920899959021,34.7566630000203],[-77.4753639999684,34.75275399975651],[-77.47695800025294,34.75153000003716],[-77.46385199977087,34.73861799983742],[-77.46778699980437,34.73635100025823],[-77.47450799982572,34.72865399966402],[-77.48104200024935,34.711407999643754],[-77.47798900029778,34.689716999895786],[-77.46905399985077,34.674591000194724],[-77.47219300001605,34.6683179998476],[-77.4844249999138,34.61655200035921]]]}},{"type":"Feature","properties":{"GEOID":"37085","NAME":"State House District 85","BASENAME":"85","STATE":"37","SLDL":"085"},"geometry":{"type":"Polygon","coordinates":[[[-82.50542500015611,35.97743199988922],[-82.50104700043181,35.96609199974687],[-82.49630399993625,35.96222100010892],[-82.49670800016727,35.95697300019722],[-82.48629200031193,35.9540919999884],[-82.480137000005,35.949191000012554],[-82.4880000003993,35.94302499972612],[-82.49033500030048,35.93703900015254],[-82.49569800003883,35.931198999951924],[-82.4985479996008,35.930193000007186],[-82.49802000041952,35.925342000166786],[-82.49366500026146,35.92381399969768],[-82.49309399962584,35.92124199989729],[-82.49032600007963,35.921063999787414],[-82.49021200027683,35.91718500000586],[-82.4945060003355,35.909143999972805],[-82.48618199980876,35.90706299977096],[-82.48285000019794,35.90900400013935],[-82.47477500009154,35.909245000135385],[-82.4634860003751,35.89971900032815],[-82.45150800002226,35.89881200017579],[-82.44186499957058,35.887498000099114],[-82.4430699996927,35.88474899996892],[-82.43960500001249,35.87943200000493],[-82.43214099982637,35.87667999978494],[-82.430841000168,35.87421799981451],[-82.42364999979337,35.86952899991076],[-82.42521300011578,35.861154999943636],[-82.4175060002554,35.85923800019966],[-82.4184219997742,35.850392000080895],[-82.41734899989657,35.84732100006527],[-82.41966100023151,35.84290500017503],[-82.41626400032335,35.82924599997156],[-82.41204800008246,35.82676399979166],[-82.41433600012796,35.82326100023219],[-82.41395299981332,35.81983900034677],[-82.40873300019007,35.81813000033514],[-82.40358600036178,35.8194879996537],[-82.40260600037055,35.81753400026941],[-82.39658099975996,35.81832399999504],[-82.3817129996622,35.82410999994265],[-82.37359099970011,35.81782799997374],[-82.36563899961736,35.82178599997264],[-82.36195600037725,35.821245000157965],[-82.35848999997381,35.8169559997429],[-82.34886400013889,35.811680000064534],[-82.34664499969037,35.805738000188754],[-82.33829500012268,35.80171700029213],[-82.33829900032065,35.796149000114696],[-82.34351899994388,35.79179999972861],[-82.34635699981028,35.78699900014637],[-82.3433080000567,35.780643000153304],[-82.34366399970884,35.77541999973799],[-82.33773000023315,35.76815699964097],[-82.3348670002524,35.74905399973378],[-82.32644599964127,35.747132000350724],[-82.32174200040205,35.740148000011615],[-82.3130649996979,35.733602999963985],[-82.29117500017819,35.72992400005635],[-82.28473299981609,35.72552600029391],[-82.27594399985725,35.71440600030385],[-82.27539900005921,35.704438000024005],[-82.28121799990716,35.70216999970912],[-82.28365200044084,35.69869699969389],[-82.28891499972178,35.69615399974797],[-82.29502800019591,35.684125000097715],[-82.2842130001324,35.67676999984427],[-82.28111800034804,35.67021200016323],[-82.2803910000768,35.66753100003096],[-82.2865430000107,35.658128999819226],[-82.28571899965509,35.648368999984015],[-82.28301300003315,35.646867999887775],[-82.28190599982032,35.639381999680154],[-82.2761229999574,35.63768899967566],[-82.27087499984674,35.631926999640605],[-82.27411600011928,35.62888300036212],[-82.27156199993499,35.624464999740134],[-82.27274199994277,35.621972000211194],[-82.26463900024727,35.61780099968518],[-82.26480800030168,35.614488000195095],[-82.28043200008469,35.60875900021054],[-82.28226900004348,35.603082999933555],[-82.28751200013126,35.6010399997317],[-82.29193400023648,35.594962000038954],[-82.29102600021527,35.5913219996581],[-82.25125099973289,35.5599430001242],[-82.21998100042555,35.55314100028364],[-82.20993100026809,35.549073999833695],[-82.15503199959488,35.52039699978389],[-82.15370599999727,35.527582000033405],[-82.1442249999273,35.537542999883314],[-82.14802799971632,35.545344999674505],[-82.14206699957815,35.552015000023374],[-82.1342350000443,35.55949299968436],[-82.12386799969444,35.56471299969128],[-82.12117999961586,35.57213899987721],[-82.1024690004444,35.58015599995315],[-82.09691099981404,35.580297000152946],[-82.10034899973009,35.58215700007101],[-82.09858100026658,35.58730200013591],[-82.09981999982557,35.5910840002012],[-82.1087200001125,35.598863000277724],[-82.10613199959302,35.60432299992791],[-82.10282400027165,35.606954000035415],[-82.1112190000452,35.61894399990227],[-82.10594300034545,35.62194199983671],[-82.11014600016755,35.62496900017199],[-82.11088599995927,35.62951399967014],[-82.10750599976953,35.62785600000562],[-82.10794500016068,35.63136200020036],[-82.10386600018714,35.6304069997496],[-82.10296400001373,35.63152900003842],[-82.10907800031278,35.633516000094524],[-82.11165199969022,35.63631800024125],[-82.11076399976052,35.638026999651025],[-82.11399699963715,35.640587999905954],[-82.10415599971707,35.63611299968489],[-82.09052600025167,35.63559199986844],[-82.08385100026105,35.633742000246784],[-82.073934000173,35.63436500011339],[-82.06459200002018,35.62373099966743],[-82.06004299969337,35.62180599979915],[-82.0590019996028,35.62195600035364],[-82.06093399999614,35.626539999838165],[-82.05822599982608,35.62926700003089],[-82.05384300007891,35.62902799994611],[-82.05370499998665,35.62525199979682],[-82.05165799996557,35.622411999785704],[-82.03462999986881,35.611511999851594],[-82.00837699979512,35.63534399979275],[-82.00287199976653,35.63384699988361],[-81.996744999947,35.6349349999681],[-81.98187799967411,35.646001000207576],[-81.9591570001261,35.64314000007929],[-81.95378199979385,35.64389800020669],[-81.95409499978828,35.64135199964662],[-81.96061199959516,35.632765999998504],[-81.95706900009712,35.62614399967157],[-81.93090200023717,35.617423000279764],[-81.89478300012901,35.541974999682935],[-81.84246799977733,35.54226300006485],[-81.8439159995737,35.546337000186185],[-81.84111299986739,35.55040700010535],[-81.84097300012532,35.55414900034678],[-81.83342899957324,35.558993000130044],[-81.83382000028381,35.562856999733356],[-81.82949500026297,35.56768399999548],[-81.82837600035458,35.57391799994086],[-81.82412199958054,35.57498299968433],[-81.8693879998478,35.71962400005304],[-81.9244079999965,35.761799999941346],[-81.98693900018701,35.806922999848695],[-81.98047300043378,35.81332900019992],[-81.97881499967681,35.81707300023577],[-81.973547000373,35.821180000245846],[-81.96843800017953,35.81960399994865],[-81.95685900003485,35.819682999744764],[-81.94749400031583,35.825961999959006],[-81.94779800008945,35.82778000027928],[-81.93970700008953,35.837711999715964],[-81.93522499970986,35.83743299982722],[-81.93190499979461,35.83899300000067],[-81.92050899994804,35.847078999702255],[-81.91757999984503,35.85167399988922],[-81.91803500012969,35.85664200004024],[-81.91655499964796,35.858912000312806],[-81.91808899965805,35.86020699981359],[-81.91423900001337,35.86636299997763],[-81.91218699996944,35.87469599995609],[-81.9066519998036,35.883376000194964],[-81.90756900004563,35.89078600027105],[-81.90976300037981,35.894568000094814],[-81.90929800004939,35.897766000327536],[-81.91430699978544,35.90139500015107],[-81.91030399997989,35.905554000196176],[-81.91489099994155,35.91643800032457],[-81.92061600007817,35.91908600015809],[-81.92847100007653,35.93153099997895],[-81.9256599999743,35.93741799964558],[-81.93232900011712,35.94137999977784],[-81.93128200017875,35.946617999672746],[-81.93413400028888,35.94846999999191],[-81.93725699966231,35.95517000000627],[-81.94211200031089,35.957525000075044],[-81.94318799966325,35.96004999991877],[-81.8998710004061,35.99990900005933],[-81.88138600029214,35.992931999840295],[-81.87776199970494,35.989046000006496],[-81.87751700038089,35.98115900002918],[-81.87044800020496,35.97644900029458],[-81.84996600029864,35.97361000033294],[-81.8445359997148,35.97497599988638],[-81.84074499962135,35.97199099974936],[-81.83573199968737,35.97173599972502],[-81.83264799977366,35.967238000242304],[-81.8176139999945,35.96842300016151],[-81.81251300019696,35.96397699986558],[-81.80716200015415,35.9619550001845],[-81.73567299995041,36.06758400010429],[-81.74111400040492,36.07189099983981],[-81.75428299973785,36.07307000018708],[-81.75537099968412,36.076011000358214],[-81.7585170004204,36.07716399969662],[-81.75803000034868,36.082529999788285],[-81.76080299991777,36.08982999995573],[-81.77412100011195,36.09864799972324],[-81.78131800033438,36.10116099999244],[-81.78572199999792,36.10045600018621],[-81.79700400004167,36.10719499972741],[-81.81152200033509,36.11145899965416],[-81.82434500006161,36.15665100013852],[-81.82922999994912,36.16879099972567],[-81.83564700019684,36.16849599981506],[-81.83725400000188,36.1728960003458],[-81.85666600040362,36.19362000023187],[-81.88538300024992,36.189450999830584],[-81.88832400004848,36.19660700023097],[-81.90353000025506,36.20781499971536],[-81.90900799962115,36.216391999965815],[-81.90676300013169,36.21825600035071],[-81.9074479996718,36.22373999982815],[-81.91123799994035,36.22950199991178],[-81.90789899975852,36.23409800028813],[-81.907742000298,36.23863799984416],[-81.90223700026941,36.23917500023406],[-81.89702599996868,36.242737999976036],[-81.89988899994945,36.24859999990709],[-81.90338999961467,36.24936999995809],[-81.90395899970216,36.25114900000443],[-81.90220399975912,36.254301999978296],[-81.90094699975847,36.252166000139376],[-81.90003700008745,36.25401100005824],[-81.8966750003394,36.255079999831594],[-81.8960779997645,36.25643000002374],[-81.89793200034006,36.25752200027526],[-81.89585699983158,36.2582499999308],[-81.89550899967702,36.26035000006805],[-81.89706000030387,36.262009999890545],[-81.89348900031845,36.264530999724144],[-81.89535700023939,36.272115999970495],[-81.90049900004482,36.28109399983722],[-81.90757300024359,36.278552999979716],[-81.91283100039998,36.28147100029211],[-81.91811899979528,36.287128999966754],[-81.96221599992543,36.22494899968047],[-82.02620099976008,36.13120799965018],[-82.02905100022038,36.124667000190954],[-82.03383900002349,36.12047500002052],[-82.0389239999275,36.12156700006621],[-82.04475500036934,36.125556000216505],[-82.05414100000475,36.12666299995409],[-82.06186899978151,36.11306199974487],[-82.08002800038055,36.10643299983919],[-82.08107899961855,36.10316999975235],[-82.08653199976861,36.1060020000051],[-82.10031000027033,36.10567099981701],[-82.10541799974058,36.10783699996478],[-82.11612300019924,36.10433199974032],[-82.12879399958982,36.10401400017134],[-82.13057199999739,36.1048439998428],[-82.13785600025844,36.11950999965611],[-82.1367759998098,36.128100000127745],[-82.14099100022577,36.13867499995672],[-82.14445199970802,36.14040599967206],[-82.14436800004242,36.144138000121266],[-82.14858099991028,36.14985900028313],[-82.16565000001492,36.14497199997137],[-82.16850899979772,36.146713999959964],[-82.172934000276,36.14650000003695],[-82.1772169995657,36.1423730002261],[-82.18362600031587,36.143911000105625],[-82.18746900028785,36.150934999905786],[-82.19294300035429,36.14910900017317],[-82.20410499984914,36.15725200015074],[-82.21320699980242,36.15905699971515],[-82.22189299982911,36.15702599984059],[-82.22427499958593,36.1508379997828],[-82.22953699994028,36.1445879996805],[-82.24188299964082,36.137125000175864],[-82.24509700014919,36.13124899997624],[-82.25107199963274,36.1320510000648],[-82.25432799997392,36.13605800025182],[-82.2603040001807,36.13353299991503],[-82.26392500039483,36.12729699972654],[-82.26641299955857,36.126966999893476],[-82.2734480002976,36.1293170001274],[-82.28001199996012,36.129094000056156],[-82.2885719995901,36.13572699979086],[-82.29045600030288,36.13547500004247],[-82.30248099961307,36.131464999729914],[-82.31982599990225,36.12003999984683],[-82.33180599990492,36.11745199980834],[-82.33613900032165,36.11467299982507],[-82.35276099963926,36.11645199987441],[-82.36454099962536,36.10751599977625],[-82.37485799974651,36.10605400025868],[-82.37872599983285,36.103253000062246],[-82.3804749999281,36.09934700002608],[-82.38921799985619,36.09709699982628],[-82.39795499993649,36.09040699966206],[-82.40238999956219,36.08923799977249],[-82.41019699987999,36.082552000216836],[-82.46058300021136,36.00772400009047],[-82.47041599973554,36.002887000263364],[-82.47594000003069,35.998220999645774],[-82.48159099964914,35.998029000196645],[-82.48416999994778,35.9933009998416],[-82.49996399961012,35.98244099980904],[-82.50332399970836,35.98215800000632],[-82.50542500015611,35.97743199988922]]]}},{"type":"Feature","properties":{"GEOID":"37004","NAME":"State House District 4","BASENAME":"4","STATE":"37","SLDL":"004"},"geometry":{"type":"Polygon","coordinates":[[[-78.30642299997587,35.28784500003445],[-78.2462169996408,35.22599600011582],[-78.1618450003344,35.20432300001913],[-78.1646279999492,35.16905699967783],[-78.16301299974826,35.137266000036405],[-78.17071399976086,35.114874000156924],[-78.17184500026313,35.09352800020302],[-78.1598180004048,35.07979999997887],[-78.14712899967425,34.9025059996507],[-78.19864200030995,34.74163699988026],[-78.1505530002449,34.721963999677904],[-78.13519399987743,34.71020100030157],[-78.12859800042786,34.711317999672836],[-78.11388599996567,34.72188700023406],[-78.10200200022247,34.72560500004254],[-78.09409699999539,34.724014000249774],[-78.08713300029977,34.72606900004211],[-78.08156700017182,34.722579000313736],[-78.0661969999337,34.72786700008141],[-78.05632500005147,34.72701999997722],[-78.05200099985555,34.72512100003649],[-78.04061099985678,34.72761599981966],[-78.03922699963451,34.726143000262695],[-78.03671299963321,34.72740000012548],[-78.03601700022243,34.72580599966994],[-78.03243600019125,34.727546999937665],[-78.02969600023414,34.72475600026885],[-78.02882300037304,34.72677800004092],[-78.0252509996644,34.72631999983314],[-78.0235190001859,34.7304450000209],[-78.01607300044144,34.73255599966672],[-78.0143310000189,34.73118800025004],[-78.01268099965785,34.732629999985875],[-78.009529999797,34.73152599991851],[-78.01047600035135,34.72980100000592],[-78.00754800007326,34.72866500016516],[-78.00819300032872,34.72647399998948],[-78.00263200022363,34.72610799987729],[-78.00306200039394,34.724027000027824],[-77.99790899981953,34.721758000199706],[-77.99446900025367,34.717125999646505],[-77.99194699985644,34.71597999971624],[-77.98727299985615,34.717459000326784],[-77.98476399987771,34.71489600016272],[-77.98159200010048,34.71592700016451],[-77.98098299983,34.71389099965234],[-77.9786720002183,34.715093000014754],[-77.97939699994139,34.71693300008415],[-77.97462000000894,34.71458599963266],[-77.97321400004536,34.71771999964316],[-77.9754340003188,34.718464000302504],[-77.9740540002945,34.719141999932546],[-77.97024599958431,34.71945000011928],[-77.97005499978859,34.71773499996079],[-77.9615360001665,34.71995700021502],[-77.95881299992782,34.715862999852455],[-77.95608300001643,34.71645300016055],[-77.95601100004642,34.71514500029473],[-77.95199499982206,34.71471799995275],[-77.95160700038285,34.717861000306065],[-77.93970000017514,34.72005799981471],[-77.94093500043448,34.72102499968629],[-77.9384459996492,34.7233860000751],[-77.93757799981098,34.72023100014367],[-77.93539400042089,34.72074600000452],[-77.93591300027965,34.722404000292315],[-77.93055800003889,34.72299200028367],[-77.92153800010135,34.71974599993686],[-77.68012700002855,34.720595000212825],[-77.67884900011148,34.785078999935756],[-77.67704999978754,34.79962500032326],[-77.66605999982184,34.83965100002551],[-77.65104500030928,34.92334100015573],[-77.65335199972304,34.94053499968726],[-77.68008099999778,34.971141000058275],[-77.67480500029806,34.97389999967813],[-77.73102600037093,35.00813800029949],[-77.74603699968553,35.02233999994229],[-77.74722599991412,35.051377000103955],[-77.74889999966629,35.051330999695445],[-77.74918000004878,35.05810600006126],[-77.74750700012152,35.05822499979239],[-77.74957199968594,35.10860999982477],[-77.76917700043153,35.14557600007623],[-77.8342490003875,35.177845999971005],[-77.82642100015332,35.306806999939695],[-77.82960600034936,35.30851800002753],[-77.83976699993657,35.29844899963531],[-77.84526600011739,35.3006879998385],[-77.84875099988909,35.30022399986413],[-77.84772499986713,35.29041099989646],[-77.85438899998708,35.283299999863],[-77.85699699969972,35.27609799978518],[-77.8815590003028,35.28947700029308],[-77.87962600008454,35.29358099967809],[-77.88044299986915,35.295815000053594],[-77.89266100042148,35.30371099985083],[-77.90821900008227,35.317002000005594],[-77.9169029995608,35.32120600000122],[-77.92554699975469,35.32396100021878],[-77.92897799999804,35.313827999866156],[-77.9440770000745,35.314190999652915],[-77.94105099988712,35.317971999926264],[-77.94638600003641,35.320116000292984],[-77.95212299986858,35.31962000029021],[-77.95648999972221,35.31732299978177],[-77.96575900008007,35.3176960001704],[-77.97058799989107,35.32163400013505],[-77.96928099966169,35.32378199977108],[-77.96979100019794,35.33297100016825],[-77.96507700001469,35.3363549999276],[-77.93434199956131,35.34340200012746],[-77.93499100001475,35.345166000194446],[-77.93385399966469,35.34544700015205],[-77.93574500005018,35.34717900013682],[-77.93247600018853,35.34801100002167],[-77.9329399997957,35.349000999983325],[-77.94150699999669,35.34656199965109],[-77.94410700021173,35.34786199963567],[-77.94530700031098,35.351062000078954],[-77.9484139997909,35.35141500007606],[-77.9543280000734,35.35592500030958],[-77.95733499999422,35.353262999741666],[-77.9626979997326,35.35726800003245],[-77.96804600030066,35.35245800021733],[-77.97224699957462,35.35308100017528],[-77.97888200028056,35.347961999782456],[-77.97970900011092,35.35145400003711],[-77.97660099990777,35.35531599973839],[-77.98098600020307,35.35821899974559],[-77.98514899984218,35.35791000011731],[-77.98768200011007,35.363433000028635],[-77.99047300012082,35.36380400014833],[-77.99210400021529,35.363714000167334],[-77.99107099962231,35.35919000029642],[-78.00589400041257,35.35780799976703],[-78.00794399990836,35.35189900006317],[-78.01337699996694,35.35229100035504],[-78.00631700001186,35.3617660003289],[-77.99613700015806,35.38567100028791],[-78.02280899963311,35.393912000257295],[-78.02614100014225,35.39308900036076],[-78.02600600042302,35.391167000307185],[-78.02334199973558,35.38839699980254],[-78.02402899982383,35.38619300031447],[-78.01999000003327,35.383411000119274],[-78.02042000020359,35.37971900029307],[-78.0223929997065,35.38036600004215],[-78.0258209995768,35.37617899981865],[-78.03470300032036,35.37429600034731],[-78.03919999987032,35.36886300032654],[-78.04659000043661,35.366948999673774],[-78.04691000010375,35.3608299998329],[-78.0404879998331,35.3603849999349],[-78.03792299977819,35.36486599967266],[-78.0344739999915,35.36136399998948],[-78.04126399960985,35.358061000341834],[-78.04522499958262,35.35265499970749],[-78.0450630000992,35.34794100019417],[-78.05140599982882,35.344058999905705],[-78.05460100007059,35.33745700028702],[-78.08013600009389,35.331745000186395],[-78.0976110000794,35.33754900005228],[-78.11222899993193,35.333566999985926],[-78.12805500027964,35.32254300017521],[-78.13297799980195,35.32690600036093],[-78.13539999974175,35.331971000324636],[-78.13317299979563,35.33447999978321],[-78.12987600034491,35.334095000358126],[-78.12908999962414,35.330528999971214],[-78.12301200020842,35.32829300022387],[-78.1239550003897,35.332627000363445],[-78.12789500044606,35.33421600018662],[-78.12428199972953,35.33799300018713],[-78.12440899995114,35.341555000050846],[-78.13166800009785,35.34659400002138],[-78.13825699987473,35.347813000038784],[-78.13973499980834,35.35372800026137],[-78.13638999977871,35.352622000176],[-78.13305899999281,35.35543800008591],[-78.13595799995858,35.357036000063175],[-78.14053800024753,35.35580700019551],[-78.14781800031065,35.348916999747146],[-78.15361399969407,35.350686000155704],[-78.15878900000978,35.347487999791824],[-78.16006899957665,35.34961400035292],[-78.16555699988682,35.34636700030361],[-78.16789900035899,35.34798400025242],[-78.17016200029013,35.34632400011741],[-78.17402399963038,35.34725799989788],[-78.18002499995153,35.34370700021044],[-78.18480500025703,35.34542000025855],[-78.18700500043896,35.3425820001293],[-78.19627399989851,35.34356799983972],[-78.19728200037714,35.34006100003668],[-78.20076100030106,35.341282000180456],[-78.20956299978036,35.33967600008661],[-78.21195600030617,35.34231200000646],[-78.21355899991323,35.340454999648955],[-78.2154779998878,35.341527000087765],[-78.21654599974255,35.33927099965342],[-78.21567100023164,35.333456999932245],[-78.24208699961362,35.319953999858214],[-78.2487869997186,35.320430000365405],[-78.25816999987929,35.32568599965349],[-78.2691049995934,35.32278600025456],[-78.27603400002724,35.31513600021007],[-78.2897110002466,35.31507700007569],[-78.30642299997587,35.28784500003445]]]}},{"type":"Feature","properties":{"GEOID":"37002","NAME":"State House District 2","BASENAME":"2","STATE":"37","SLDL":"002"},"geometry":{"type":"Polygon","coordinates":[[[-79.13831999968436,36.54197499995091],[-79.15399700006914,36.2418750001378],[-78.95059700031483,36.23931999976349],[-78.98263300025148,36.05654399970017],[-78.98138100027369,36.05440399984276],[-78.9780510003127,36.054944000198645],[-78.97804999958947,36.05931500034103],[-78.97411000043142,36.05958500010984],[-78.9726099998582,36.06323399972872],[-78.96189899955176,36.06237500011445],[-78.96084199956765,36.06661100011055],[-78.95352100039497,36.06749599975584],[-78.95345799974747,36.07012299986904],[-78.9410250000083,36.070163000288055],[-78.93830299959451,36.072820000121126],[-78.9313110003098,36.07051800030176],[-78.91543800010643,36.06915699980126],[-78.91726699966931,36.06704499996467],[-78.9216519999646,36.06621000028221],[-78.92121000009872,36.063288999760765],[-78.92484200018352,36.060464999784415],[-78.92684599964858,36.05931600032574],[-78.92900599964754,36.06076499968519],[-78.92950000029028,36.043225000280835],[-78.9166330001828,36.042898000215004],[-78.91189200023537,36.035304999685295],[-78.91861200043182,36.0268310000274],[-78.91660200022066,36.02527499987108],[-78.91250599963038,36.02903900009358],[-78.90228800014177,36.02877399985112],[-78.90563599964611,36.03346600035104],[-78.89946299979583,36.03360500016386],[-78.89674299993018,36.03723999975606],[-78.90250400005183,36.04562600017536],[-78.90358899962501,36.051078000141516],[-78.89669900044757,36.059228000169725],[-78.88873499977093,36.05912100016107],[-78.8875699998318,36.0396150002598],[-78.88460700029192,36.038899999682805],[-78.87519800019196,36.04698200025755],[-78.87324599970714,36.04470499974622],[-78.87539300018564,36.03788500035282],[-78.86789499966433,36.03532900009788],[-78.87013199965621,36.03244199997128],[-78.87020000032659,36.027407999799216],[-78.86392600019397,36.028005999746775],[-78.856268999664,36.02574400012612],[-78.84105599978471,36.02430900003688],[-78.84047900019962,36.01523100006079],[-78.84236300001407,36.006024999818095],[-78.82485399969337,36.01302699973012],[-78.82329000044437,36.01743499979513],[-78.8201379998603,36.020022999643274],[-78.80650099982388,36.022730999764676],[-78.79972299990114,36.02563899974769],[-78.78448599973238,36.025577999989444],[-78.77984900044034,36.02893999979203],[-78.77462399989591,36.02856999983849],[-78.76518899985669,36.032881000253255],[-78.7641329996975,36.04110300030448],[-78.75402599963864,36.047811999959876],[-78.75428400027981,36.056337999681524],[-78.75127300016104,36.07083399994578],[-78.78041400032987,36.072323999787145],[-78.78379500034448,36.070017999852304],[-78.78811299979431,36.07291600026949],[-78.78488599976546,36.07673100025859],[-78.78933499963486,36.07882899999002],[-78.7930899997433,36.07768999980069],[-78.79081400029168,36.08110000011001],[-78.79257799955722,36.08596899989649],[-78.79831199991467,36.08460999968381],[-78.80762300010532,36.08768800034881],[-78.80305500041027,36.08956000019463],[-78.80531599979327,36.09391600008262],[-78.79484499968633,36.52643899975426],[-78.79627400011442,36.54174099967004],[-79.13831999968436,36.54197499995091]]]}},{"type":"Feature","properties":{"GEOID":"37082","NAME":"State House District 82","BASENAME":"82","STATE":"37","SLDL":"082"},"geometry":{"type":"Polygon","coordinates":[[[-80.76641400019116,35.401477999792725],[-80.75530899969941,35.394822999732035],[-80.74440999997029,35.38066699994573],[-80.70887800039132,35.355349999697616],[-80.69306100026445,35.34637900019818],[-80.67914399984555,35.302076999958594],[-80.66648000012769,35.26793399988374],[-80.5049849998192,35.184997999839595],[-80.50410699993525,35.18748600010323],[-80.50565500018902,35.19375100027848],[-80.49953900024016,35.19806499971306],[-80.49438900003878,35.2056220003649],[-80.48310199997216,35.212840999847],[-80.48435599959977,35.21636800020118],[-80.35075399968028,35.419522999793735],[-80.4092379996843,35.424507999882806],[-80.41045500040029,35.42715999993954],[-80.41849000032373,35.422065999850325],[-80.42540399979062,35.4149289999907],[-80.42944199975628,35.416313999666805],[-80.43090999964413,35.41845400005208],[-80.4344349995988,35.418110999904876],[-80.43302500033559,35.416053999880255],[-80.43521100027384,35.41453099975263],[-80.43810799969147,35.41963399971415],[-80.45595500012098,35.41770999994309],[-80.45758799986527,35.41740199975287],[-80.46001499982795,35.409654999777885],[-80.46481100002697,35.40953699988639],[-80.47316499979262,35.414701999911806],[-80.48180700033669,35.416558000223894],[-80.48205099983585,35.41843199975779],[-80.48484799969438,35.419069999996914],[-80.48626299987876,35.418586000227606],[-80.48521299956735,35.416434999999396],[-80.49610499962375,35.41429500016566],[-80.4997330004089,35.419021999714055],[-80.50825700005389,35.424348000112836],[-80.51024799999847,35.42733099964597],[-80.51338700016375,35.41587399998705],[-80.51197299980424,35.41014300021223],[-80.50446199976247,35.40196799964656],[-80.49849700032465,35.39803899996951],[-80.49290600008233,35.38763799972764],[-80.48730200031953,35.38227599998189],[-80.49444400029037,35.37545099989325],[-80.50330000019636,35.37366200034141],[-80.5141019998411,35.339949000253746],[-80.5069769995887,35.33499700025092],[-80.50440900005903,35.33053200034987],[-80.50396700019314,35.32395499970655],[-80.51145999979326,35.32013800028179],[-80.51349699976859,35.32402999984741],[-80.51545099990327,35.324352999737194],[-80.51920099998881,35.31847099986905],[-80.52447699968857,35.32669100018796],[-80.53014900012174,35.32925300008039],[-80.53381200016865,35.32880100009637],[-80.53613200000122,35.32383199973541],[-80.54141500027197,35.320874999745],[-80.54462700023218,35.321799999851194],[-80.54770100010015,35.327068000059],[-80.550747000379,35.3266289998989],[-80.55172700037024,35.322229999986185],[-80.5591310002819,35.32543999966058],[-80.56089100024779,35.32441000027357],[-80.55993600037093,35.32020599974279],[-80.56105799975406,35.31790000014455],[-80.56887400029268,35.318620000208305],[-80.56685400003579,35.31604199981258],[-80.564608999648,35.317031000206704],[-80.56587099967152,35.31465599999213],[-80.56452599980732,35.31407999978199],[-80.56640899979686,35.31276799979095],[-80.56429400000373,35.31143299975091],[-80.56891199992752,35.312410000256605],[-80.57265399961716,35.30998000007058],[-80.57273999983087,35.31292800024992],[-80.57589700043785,35.313894999658636],[-80.57856700007476,35.31151899984366],[-80.57822399994309,35.30996299971048],[-80.57639899967985,35.31020700009518],[-80.57680899975868,35.30897500002675],[-80.58058899998147,35.310665999848766],[-80.58357199961286,35.30682199963538],[-80.59479400028046,35.303418000280985],[-80.59816299970119,35.30668400027739],[-80.59997700009377,35.30568599995351],[-80.60414300010595,35.3094060000794],[-80.60795299956766,35.31627999983555],[-80.61242499990159,35.31807799989555],[-80.61826899986389,35.3304720000848],[-80.61596699957468,35.33827799981006],[-80.60049699977745,35.34351400025329],[-80.59228799977674,35.3534059998982],[-80.60198099955882,35.355008000058746],[-80.59672800032362,35.359019000364455],[-80.59614400016753,35.36116299980179],[-80.59770999996468,35.376412000245566],[-80.58967500004124,35.38090200008985],[-80.60564500032898,35.38711999967492],[-80.61052600001851,35.39587799980192],[-80.6388489996795,35.38717200005664],[-80.65681599975962,35.37750200010342],[-80.65627799963426,35.385045999764884],[-80.66474500027616,35.39594099995313],[-80.67380100019867,35.39030799963445],[-80.68056800025079,35.391437999991744],[-80.68824499997393,35.38426500028393],[-80.69395599986684,35.387823000195745],[-80.69655699990679,35.39990900006677],[-80.69384899973672,35.40199899980313],[-80.69846699966052,35.40210699978311],[-80.69309200022659,35.40750200026413],[-80.67891299986688,35.41328800030672],[-80.6731840004306,35.418475000327426],[-80.67746900026847,35.42351800018589],[-80.67943799957344,35.429083000314925],[-80.6880800001175,35.429518000206286],[-80.68824800034699,35.43707300011768],[-80.70810799956406,35.437280000121994],[-80.74785999958189,35.44220999984094],[-80.76490899959506,35.44096799982384],[-80.75216700005939,35.414050000009006],[-80.76354899966223,35.4120989998579],[-80.76641400019116,35.401477999792725]]]}},{"type":"Feature","properties":{"GEOID":"37075","NAME":"State House District 75","BASENAME":"75","STATE":"37","SLDL":"075"},"geometry":{"type":"Polygon","coordinates":[[[-80.26685100000394,35.996639000131026],[-80.2138419998913,35.9966989997038],[-80.21372999973829,36.02680800032913],[-80.14940699979485,36.02676799966925],[-80.04323799995683,36.01075799970999],[-80.03511900036781,36.257183999707166],[-80.1453489997377,36.258516999697044],[-80.14491299971961,36.2131010000302],[-80.13526400031847,36.20685200029691],[-80.13829299998059,36.202505000339734],[-80.13651399974812,36.19840600008318],[-80.13441900004646,36.19595799985848],[-80.12705299976965,36.20468199968287],[-80.12407400033624,36.20446900031307],[-80.11183599969239,36.199881999923136],[-80.11371799985703,36.197528999832905],[-80.10944100041509,36.19712500022887],[-80.10916500023058,36.19475900006011],[-80.10307299967283,36.19087600021011],[-80.11742399956167,36.18296699971406],[-80.14866799982806,36.15367500017472],[-80.14946700006932,36.11378900002443],[-80.15786900041387,36.113648000302625],[-80.16495000028534,36.11119899996655],[-80.15970100034978,36.109176999885],[-80.15889600026075,36.105487999945304],[-80.16530599993749,36.102823999789386],[-80.16534399957231,36.09936399982205],[-80.16934599955297,36.10126100035865],[-80.173853000047,36.097549000243205],[-80.18133800014951,36.095316000042196],[-80.18302299977235,36.09644899967124],[-80.1844349995837,36.09450900013668],[-80.18209600038288,36.090906000103985],[-80.18573699979018,36.09357699976636],[-80.18912899967548,36.09061700027779],[-80.19333700041875,36.0922859999467],[-80.1909909997486,36.08362900020488],[-80.18198400022989,36.07818899965078],[-80.18126899965422,36.07591900017839],[-80.19472400011574,36.07216699967086],[-80.20220300037047,36.065837000023066],[-80.19467300006211,36.06029400035316],[-80.20328499957064,36.05780000018984],[-80.2151869997555,36.058621999889255],[-80.22567399975597,36.06170600010351],[-80.22530899988297,36.053233999918184],[-80.2329010001156,36.05329099979982],[-80.23906399992016,36.057168000224166],[-80.23924999969299,36.04772699968373],[-80.24743199992952,36.0459109998429],[-80.24755900015113,36.039049999833985],[-80.25260399987218,36.03518799983939],[-80.25485599993267,36.030430000274755],[-80.2514439999559,36.017489000066035],[-80.26098000027746,36.016332999639616],[-80.26191199968979,36.004706999884654],[-80.26685100000394,35.996639000131026]]]}},{"type":"Feature","properties":{"GEOID":"37073","NAME":"State House District 73","BASENAME":"73","STATE":"37","SLDL":"073"},"geometry":{"type":"Polygon","coordinates":[[[-80.69835100020788,35.40230399964512],[-80.69384899973672,35.40199899980313],[-80.69655699990679,35.39990900006677],[-80.69395599986684,35.387823000195745],[-80.68824499997393,35.38426500028393],[-80.68056800025079,35.391437999991744],[-80.67380100019867,35.39030799963445],[-80.66474500027616,35.39594099995313],[-80.65627799963426,35.385045999764884],[-80.65681599975962,35.37750200010342],[-80.6388489996795,35.38717200005664],[-80.61122099960437,35.39609399990611],[-80.60564500032898,35.38711999967492],[-80.58991100004279,35.3813489998866],[-80.59770999996468,35.376412000245566],[-80.59614400016753,35.36116299980179],[-80.59672800032362,35.359019000364455],[-80.60198099955882,35.355008000058746],[-80.59228799977674,35.3534059998982],[-80.60049699977745,35.34351400025329],[-80.61596699957468,35.33827799981006],[-80.61839299971244,35.33163800018914],[-80.61242499990159,35.31807799989555],[-80.60795299956766,35.31627999983555],[-80.60414300010595,35.3094060000794],[-80.59997700009377,35.30568599995351],[-80.59816299970119,35.30668400027739],[-80.59479400028046,35.303418000280985],[-80.58357199961286,35.30682199963538],[-80.58058899998147,35.310665999848766],[-80.57680899975868,35.30897500002675],[-80.57639899967985,35.31020700009518],[-80.57822399994309,35.30996299971048],[-80.57856700007476,35.31151899984366],[-80.57589700043785,35.313894999658636],[-80.57273999983087,35.31292800024992],[-80.57265399961716,35.30998000007058],[-80.56891199992752,35.312410000256605],[-80.56544499969917,35.31130600029056],[-80.56429400000373,35.31143299975091],[-80.56640899979686,35.31276799979095],[-80.56452599980732,35.31407999978199],[-80.56587099967152,35.31465599999213],[-80.564608999648,35.317031000206704],[-80.56685400003579,35.31604199981258],[-80.56887400029268,35.318620000208305],[-80.56105799975406,35.31790000014455],[-80.55993600037093,35.32020599974279],[-80.56089100024779,35.32441000027357],[-80.5591310002819,35.32543999966058],[-80.55172700037024,35.322229999986185],[-80.550747000379,35.3266289998989],[-80.54770100010015,35.327068000059],[-80.54462700023218,35.321799999851194],[-80.54141500027197,35.320874999745],[-80.53613200000122,35.32383199973541],[-80.53381200016865,35.32880100009637],[-80.53014900012174,35.32925300008039],[-80.52447699968857,35.32669100018796],[-80.51920099998881,35.31847099986905],[-80.51545099990327,35.324352999737194],[-80.51349699976859,35.32402999984741],[-80.51257899970166,35.320591000086004],[-80.5105119995891,35.320295999825355],[-80.50396700019314,35.32395499970655],[-80.50374299988717,35.32585899991228],[-80.50494499963622,35.32607100028807],[-80.50440900005903,35.33053200034987],[-80.5069769995887,35.33499700025092],[-80.5141019998411,35.339949000253746],[-80.50474399979477,35.37037899963455],[-80.50330000019636,35.37366200034141],[-80.49444400029037,35.37545099989325],[-80.48730200031953,35.38227599998189],[-80.49290600008233,35.38763799972764],[-80.49849700032465,35.39803899996951],[-80.50446199976247,35.40196799964656],[-80.51197299980424,35.41014300021223],[-80.51338700016375,35.41587399998705],[-80.51024799999847,35.42733099964597],[-80.50825700005389,35.424348000112836],[-80.4997330004089,35.419021999714055],[-80.49610499962375,35.41429500016566],[-80.48521299956735,35.416434999999396],[-80.48626299987876,35.418586000227606],[-80.48484799969438,35.419069999996914],[-80.48205099983585,35.41843199975779],[-80.48180700033669,35.416558000223894],[-80.47316499979262,35.414701999911806],[-80.46481100002697,35.40953699988639],[-80.46001499982795,35.409654999777885],[-80.45758799986527,35.41740199975287],[-80.45595500012098,35.41770999994309],[-80.43810799969147,35.41963399971415],[-80.43521100027384,35.41453099975263],[-80.43302500033559,35.416053999880255],[-80.4344349995988,35.418110999904876],[-80.43090999964413,35.41845400005208],[-80.42944199975628,35.416313999666805],[-80.42540399979062,35.4149289999907],[-80.41849000032373,35.422065999850325],[-80.41045500040029,35.42715999993954],[-80.4092379996843,35.424507999882806],[-80.35075399968028,35.419522999793735],[-80.29542100043544,35.50292000002116],[-80.423705999749,35.50196100005641],[-80.57060199957321,35.50331799979909],[-80.57725900002049,35.49130300029619],[-80.57974000040983,35.48100100022575],[-80.58351300006163,35.482796999895854],[-80.58695699982543,35.48189000034627],[-80.58359199970432,35.47821899992925],[-80.58589999984132,35.473528000211495],[-80.58528800009613,35.471238999711915],[-80.59035200008375,35.468625999881674],[-80.58814799970385,35.465840999643454],[-80.59250500041004,35.46410399972934],[-80.5932190002625,35.465563000321545],[-80.59635199968166,35.46503200003311],[-80.59516199962819,35.45943499979004],[-80.59633599978815,35.4583089997977],[-80.59309200004087,35.458968999669494],[-80.59436699958488,35.45560900014965],[-80.59637699979602,35.45588200027635],[-80.60089199978765,35.45297099978107],[-80.60065699961102,35.451808999866664],[-80.60265799960135,35.4514500003051],[-80.60266199979931,35.454156000101285],[-80.60553900002378,35.45256100000032],[-80.60358099969115,35.4498479996955],[-80.60046300034058,35.45046699985227],[-80.60054799983106,35.44847399971108],[-80.60573700039048,35.44686200033538],[-80.60976100011243,35.44892599986866],[-80.61276999968307,35.44525200023402],[-80.61506299975144,35.449248000206865],[-80.6204389999086,35.4477240002019],[-80.62570700011074,35.45559199971708],[-80.63891599962665,35.450954999652886],[-80.6359189997516,35.446263999875406],[-80.64044600033709,35.444776000144934],[-80.64382700035173,35.44609599986702],[-80.64482999990918,35.449922000334844],[-80.64920599998362,35.45506900032286],[-80.65545599982678,35.455021999835886],[-80.66145999962266,35.45754199973629],[-80.66990899982287,35.451191000126315],[-80.67571400032546,35.453388999962705],[-80.67479999955815,35.45075800020056],[-80.6832449995604,35.448627000178135],[-80.68400899964156,35.44090600020826],[-80.68631799960345,35.44482300002993],[-80.69189999962495,35.4467980000824],[-80.68837999969315,35.43896500034907],[-80.6880800001175,35.429518000206286],[-80.67943799957344,35.429083000314925],[-80.67746900026847,35.42351800018589],[-80.67278400039753,35.41909000010633],[-80.67783400014144,35.41395199988422],[-80.69224100010679,35.408018000164645],[-80.69835100020788,35.40230399964512]]]}},{"type":"Feature","properties":{"GEOID":"37071","NAME":"State House District 71","BASENAME":"71","STATE":"37","SLDL":"071"},"geometry":{"type":"Polygon","coordinates":[[[-80.36624899959189,36.047096999732204],[-80.3632299999755,36.03997799974442],[-80.3584410003475,36.03676099985438],[-80.35262800034731,36.028005000090836],[-80.35698000013234,36.02126200009531],[-80.35581099999523,36.017636000212434],[-80.35122200038376,36.01363700006599],[-80.34958700009133,36.00927499998504],[-80.34527600031419,36.00458399993855],[-80.34125900026493,36.003224999673506],[-80.33575599988617,35.993054999790274],[-80.33001499985602,35.99075900011153],[-80.33029799971324,35.99655599998047],[-80.26685100000394,35.996639000131026],[-80.26191199968979,36.004706999884654],[-80.26098000027746,36.016332999639616],[-80.2514439999559,36.017489000066035],[-80.25485599993267,36.030430000274755],[-80.25260399987218,36.03518799983939],[-80.24755900015113,36.039049999833985],[-80.24743199992952,36.0459109998429],[-80.23924999969299,36.04772699968373],[-80.23906399992016,36.057168000224166],[-80.2329010001156,36.05329099979982],[-80.22530899988297,36.053233999918184],[-80.22567399975597,36.06170600010351],[-80.21432599958996,36.058507999818296],[-80.19863900005775,36.0583719996577],[-80.19467300006211,36.06029400035316],[-80.20220300037047,36.065837000023066],[-80.19472400011574,36.07216699967086],[-80.1812739996771,36.076043000332454],[-80.18198400022989,36.07818899965078],[-80.1909909997486,36.08362900020488],[-80.19333700041875,36.0922859999467],[-80.1918429996933,36.092735000320054],[-80.18952299986076,36.09059400034139],[-80.18960200040179,36.0945400003041],[-80.19274900006468,36.096842000224804],[-80.19687300024407,36.094413000219724],[-80.20518000015406,36.09378800016927],[-80.21196300009971,36.088338000104855],[-80.2210430003117,36.09036900000925],[-80.22138399989522,36.09187700017426],[-80.21644799995413,36.09542499994916],[-80.24471299988879,36.093644000017605],[-80.25996099992817,36.0891270000584],[-80.26527500016107,36.09158800028884],[-80.26582400015705,36.09470000008394],[-80.26746500029726,36.09329699992913],[-80.2712339997511,36.096197999659665],[-80.2917359997489,36.09984699978909],[-80.29743300029642,36.105505999987315],[-80.3038239997066,36.10589700000215],[-80.30809199982603,36.10461999980031],[-80.30860099963904,36.1022379997661],[-80.32368600037013,36.09672499967813],[-80.3247550000498,36.09468700032268],[-80.32726499985316,36.096105999873934],[-80.3272680002262,36.09438999994243],[-80.33766099961703,36.093893999930884],[-80.34187000018521,36.09160000026252],[-80.34790800031628,36.08458399972529],[-80.34147400035008,36.08188699998761],[-80.34346899959434,36.080104999954166],[-80.34436900011791,36.075631999991025],[-80.3476489998502,36.07281600014262],[-80.32746700041784,36.07197299995917],[-80.3255369996743,36.07068099984695],[-80.33322099996846,36.067528000290004],[-80.36624899959189,36.047096999732204]]]}},{"type":"Feature","properties":{"GEOID":"37043","NAME":"State House District 43","BASENAME":"43","STATE":"37","SLDL":"043"},"geometry":{"type":"Polygon","coordinates":[[[-78.9571850002668,34.914374999858374],[-78.9548600004114,34.91326599972582],[-78.95256800016793,34.908935000195754],[-78.94084400025831,34.90336800012981],[-78.93866499999275,34.89771400000501],[-78.92665700040101,34.88678500003909],[-78.92159300041335,34.87066299967661],[-78.92708300037336,34.864088000136675],[-78.9042199996368,34.8348619999105],[-78.827397000007,34.850692999709366],[-78.53363299994767,34.851128999711456],[-78.51612299980205,34.84591899979291],[-78.50628799972976,34.852573000129574],[-78.49470500028544,34.856182000194075],[-78.49509100007482,34.85909900013277],[-78.49937900028573,34.85919999974581],[-78.50220899975622,34.86167599980182],[-78.50255600008586,34.86461000007312],[-78.51321200014071,34.86922200034399],[-78.51275100000825,34.8723589999771],[-78.51509299958211,34.87509500007575],[-78.51269900012973,34.880596000139214],[-78.51463099962476,34.880906999794995],[-78.51391699977233,34.88195900016066],[-78.51555399971457,34.88163600006521],[-78.5176469997664,34.88381099997933],[-78.51968399974173,34.88381899976702],[-78.51968299991681,34.88233700000871],[-78.52466599971359,34.88397199997885],[-78.52651500026626,34.89117199998913],[-78.53497000031426,34.893659000117836],[-78.53509300033791,34.8956100001844],[-78.53691699987792,34.89523099966777],[-78.54686099973017,34.900620000299156],[-78.54751600003137,34.90234600035418],[-78.54572900030128,34.90263199996399],[-78.54581899981466,34.90508000020682],[-78.54188799997912,34.9081320001039],[-78.54308800007837,34.90940300026255],[-78.54202900044443,34.91128200005673],[-78.54448499982111,34.91482099990321],[-78.5479910004075,34.91694400026243],[-78.55060499996794,34.91490600014389],[-78.55770299955785,34.91534399985007],[-78.56184299963076,34.91760199987355],[-78.56446499958709,34.92506699984202],[-78.57030799972449,34.926822999753774],[-78.57269100020456,34.929827000133265],[-78.57283199977155,34.93751500023375],[-78.5835930003067,34.93838600022328],[-78.58449200010708,34.94176900010672],[-78.58828499985034,34.94209200007602],[-78.59479499998452,34.94978999971673],[-78.59875299958424,34.95186400010533],[-78.60210699983467,34.95134599971707],[-78.60508600016638,34.954266000179125],[-78.60753599969529,34.95361300015282],[-78.61077699996783,34.957815999960594],[-78.61120100029035,34.96090899989542],[-78.6184620000869,34.96433999973622],[-78.62052199962844,34.96824900008281],[-78.6237710002969,34.968665000356786],[-78.62716700038014,34.97163700029925],[-78.62764500023101,34.9744720003519],[-78.63234500017059,34.978070999770345],[-78.63411699983205,34.977675000314754],[-78.63715800008804,34.98109899982009],[-78.63458899983515,34.98565499999953],[-78.63633399973244,34.987825999733644],[-78.643786000223,34.989175000060776],[-78.64761400012635,34.99321799967468],[-78.64577700016756,35.00340300008759],[-78.64755499967683,35.005596999830324],[-78.64502999980485,35.010117000292304],[-78.6502069997704,35.01509599964582],[-78.64992700028623,35.0185729999175],[-78.65287700030562,35.020630000072906],[-78.65009299996757,35.02374800000127],[-78.64964899955355,35.02685999977535],[-78.65586300031003,35.034591999979234],[-78.65346899995932,35.0345450000738],[-78.65934600043191,35.042890000263704],[-78.654064999811,35.04959100007159],[-78.66158900027158,35.05986099964024],[-78.66064400044044,35.063274999803134],[-78.66407899998343,35.06726999972344],[-78.66248200022414,35.06950099973865],[-78.66297599996857,35.07806600017866],[-78.66555600009211,35.080530000229075],[-78.6692020004206,35.08048099999887],[-78.67230800007562,35.08538100009477],[-78.67053700023907,35.08766000032146],[-78.67047799978953,35.092736999966206],[-78.66726500000438,35.09367700004953],[-78.66360899963016,35.09216399989569],[-78.65823800039416,35.094466000036086],[-78.65902699969136,35.10002499967695],[-78.65792600022465,35.101379999914144],[-78.65435600006413,35.1007070001376],[-78.65192800027654,35.10369500007716],[-78.65401399975735,35.10788300012563],[-78.65380899971795,35.111416000104605],[-78.65064899963626,35.1130640003545],[-78.64307999986815,35.11313300020026],[-78.63927399970609,35.11603899964297],[-78.64142600020747,35.121133000146266],[-78.64931899984067,35.11780499992647],[-78.65183200001707,35.118838000236],[-78.65253900019682,35.121014000325175],[-78.64878300026346,35.125207999864145],[-78.6429200000346,35.127990000292705],[-78.64174699969952,35.13172999991502],[-78.63836900005795,35.132644000221326],[-78.63553000036661,35.13738100035196],[-78.63466099980518,35.13991400007771],[-78.63688799975131,35.14177599990098],[-78.63798800029143,35.14843099970621],[-78.63601900008817,35.1507660000727],[-78.63992300015951,35.155068000148226],[-78.63805199986554,35.1573749998008],[-78.63366400009551,35.15711499997933],[-78.63235900041428,35.16393899965417],[-78.6378379996053,35.165150000078576],[-78.6389080000082,35.167234999958495],[-78.63562300025305,35.17094100024521],[-78.6321280004356,35.16989199990658],[-78.6298620001314,35.172485000120425],[-78.63486199964662,35.17717299987036],[-78.63520099958035,35.17968899972866],[-78.63867500037969,35.18177399977456],[-78.63999299958141,35.185756999734295],[-78.6358950002396,35.19201299996034],[-78.6401320003969,35.19244399974465],[-78.64679700034176,35.19770400029327],[-78.64260100019236,35.20092300001059],[-78.63694999967558,35.19788599991455],[-78.63213000008543,35.20112200021142],[-78.62696599964038,35.20116399997383],[-78.62451600011148,35.20341900012441],[-78.62536700023126,35.20574299992518],[-78.62779500001885,35.20584100012232],[-78.63366800029347,35.212533999740074],[-78.63076500012973,35.217141999981614],[-78.62396399974243,35.22082600026174],[-78.61950099962934,35.22692700014201],[-78.61830399990313,35.229456999970665],[-78.6190129997327,35.234062000331036],[-78.61526299964714,35.238138000288664],[-78.61727899970607,35.24076700032706],[-78.61711399984964,35.24571800002126],[-78.70439300041605,35.25673300001102],[-78.70770199956235,35.25919400036405],[-78.71199700034425,35.257566000102635],[-78.71298200035835,35.25949099994749],[-78.71893900029856,35.26001599963831],[-78.72050599992062,35.26493599965197],[-78.72556400006047,35.26690000013262],[-78.73002899982338,35.26325999983015],[-78.73602500012166,35.26169900029047],[-78.74109599978199,35.263817999891664],[-78.7500300004041,35.263476000333476],[-78.75010700039698,35.261634999830214],[-78.75402399998882,35.25971499992837],[-78.754495000167,35.26341300027668],[-78.7575299996769,35.26350499991235],[-78.759099999672,35.26155099979124],[-78.76060899956772,35.26222599984348],[-78.75997400025632,35.26393899995798],[-78.76299500042083,35.26315999982325],[-78.76101399962369,35.26105299997237],[-78.76368400015892,35.26143700033256],[-78.7641810002764,35.258660000153476],[-78.76588400034088,35.258230000366204],[-78.76961599998478,35.25930400017364],[-78.77104200003984,35.262099000188115],[-78.77826000017866,35.26355900011224],[-78.78216900027287,35.26099900030304],[-78.78374299956764,35.26252600001795],[-78.78249499978782,35.263753999638055],[-78.78681200031103,35.263561000309096],[-78.7942799997968,35.266100999988005],[-78.79766900020735,35.264834000081045],[-78.7986600000692,35.262002000201754],[-78.80146000030079,35.26295100031979],[-78.80585499974352,35.25664000020572],[-78.80892500031185,35.258447000134574],[-78.81172899984304,35.257603000238355],[-78.81577500020462,35.260196000090666],[-78.82494199955693,35.25961299965361],[-78.8282770004391,35.255109000275226],[-78.83221699959715,35.25550899968907],[-78.83466899967418,35.25235299988374],[-78.83866700035519,35.253930000257334],[-78.84253299989338,35.25245999983538],[-78.84715800038819,35.25298600018368],[-78.84809700037152,35.250222000335604],[-78.85450299985031,35.248382000197466],[-78.859930999886,35.24249599967761],[-78.8668929999318,35.244936000213],[-78.87024200015938,35.244346000286],[-78.87637400000177,35.241206999643055],[-78.8740320004279,35.235976999920645],[-78.88099199992557,35.23020800004869],[-78.88859300037903,35.230789999745326],[-78.89326400000628,35.228646000104334],[-78.89804500013669,35.23116800031507],[-78.90543499980465,35.22697200031323],[-78.9166809998634,35.22370899978963],[-78.92021099984093,35.22027599997466],[-78.92470900011412,35.223893000274536],[-78.92552199970078,35.221882999651534],[-78.92948500022167,35.222381000094586],[-78.93553400022338,35.21873400020286],[-78.92683499977791,35.21320800015118],[-78.90450000001927,35.19050999976842],[-78.90856099955116,35.186902999802335],[-78.90841900015924,35.185167999727916],[-78.90541999973604,35.17795199973428],[-78.90334500012587,35.16262199977462],[-78.90187999971275,35.16133800027244],[-78.90863000004644,35.16107499985228],[-78.91023199982858,35.160067999739745],[-78.90951100030345,35.15909499977714],[-78.91428200038813,35.15763599982813],[-78.9098309999706,35.14355799993383],[-78.90233199962438,35.133281000360256],[-78.89728799972823,35.12980099973046],[-78.90017599982335,35.125099999762625],[-78.89799599973288,35.128023000249584],[-78.89425099967018,35.128774999783836],[-78.88884399955087,35.12578299974212],[-78.88335299976599,35.11855899984445],[-78.87999000019303,35.116954999825815],[-78.87721800044888,35.096099000062786],[-78.86629600025522,35.094285000128],[-78.86209400025804,35.10445899975115],[-78.85785799992567,35.101658000075325],[-78.86385500004886,35.093623999686436],[-78.86434700014344,35.08636299993455],[-78.86308500011992,35.079772000020434],[-78.85534300009945,35.0709699998732],[-78.85504699982344,35.05505999984733],[-78.86044700027004,35.03877000026355],[-78.85984600039552,35.032164000014276],[-78.87202800006453,35.02955900011063],[-78.87687699996702,35.0329160002484],[-78.8817960001897,35.03251300027422],[-78.88546000006153,35.03396900005481],[-78.88263100041597,35.04005199973863],[-78.88551899961276,35.04040100014446],[-78.88740599980028,35.043062999750106],[-78.89216500018935,35.0420729998093],[-78.90616700009876,35.02878199985854],[-78.92230800009072,35.01844900005373],[-78.93465100031655,34.999772999898354],[-78.93779100030675,35.00002800034508],[-78.94464799987223,34.99293499979319],[-78.95461099999105,34.98844000010158],[-78.95396999993355,34.98714300032065],[-78.93443200003342,34.98705699969215],[-78.9315299996946,34.98319499975299],[-78.92607800026778,34.986986000328976],[-78.91617600024831,35.00370100032494],[-78.89945799977295,35.000279999919336],[-78.90410300035926,34.9867100001153],[-78.91762099967164,34.96236000034429],[-78.92356599991629,34.95617300006795],[-78.93373900009738,34.94087100029608],[-78.9571850002668,34.914374999858374]]]}},{"type":"Feature","properties":{"GEOID":"37041","NAME":"State House District 41","BASENAME":"41","STATE":"37","SLDL":"041"},"geometry":{"type":"Polygon","coordinates":[[[-78.9016560003051,35.79016299995269],[-78.89401499966866,35.790025999747435],[-78.89407099974514,35.78696499997664],[-78.89029600044353,35.7868970003222],[-78.8902029996588,35.791597000346464],[-78.8866819999021,35.792038999704054],[-78.87838599986274,35.78920599963993],[-78.87673399985188,35.786367000357416],[-78.87088999988958,35.787757999977984],[-78.8733839997994,35.77311899981945],[-78.8682169998796,35.77326399971705],[-78.86066900002788,35.77499900002324],[-78.85747200013628,35.78415500014459],[-78.84816099994563,35.782319999787035],[-78.84721899958924,35.79143100011097],[-78.84595400009098,35.791963000009325],[-78.83880000042458,35.792911000281016],[-78.83028799957687,35.79032099974721],[-78.8263190001065,35.786803999961194],[-78.80998399994576,35.783450999851276],[-78.80883499990016,35.79222300027473],[-78.79218000007228,35.80128600021746],[-78.78297500018682,35.802681999671584],[-78.78206899981546,35.80878700016104],[-78.77168599957207,35.818780000182535],[-78.76961500015987,35.82856200003726],[-78.76374299971013,35.83168500015823],[-78.77984299969424,35.83986099975412],[-78.77317199990158,35.837902999943296],[-78.77184200010599,35.83919900016741],[-78.77283200014294,35.84095700034563],[-78.76807500030199,35.84187800008837],[-78.7697010003736,35.843686000341805],[-78.76821199967101,35.84478300030277],[-78.76321700017868,35.841106000319876],[-78.7574739996004,35.84464799996927],[-78.75283300011041,35.843167999854586],[-78.75073300038586,35.84510500015425],[-78.74462699958443,35.842727000149054],[-78.74378200021073,35.840881000128824],[-78.74159500044757,35.841260999756514],[-78.74289000008307,35.84199799973238],[-78.74147400007374,35.84523500005406],[-78.74642300043365,35.84931899996875],[-78.7463780002278,35.85362400015163],[-78.75309199967816,35.85631300000501],[-78.75203399986914,35.86317400017708],[-78.75624599991208,35.86438400014745],[-78.75581499991685,35.866226000217125],[-78.75758199955544,35.86831799965149],[-78.76467699967061,35.870968000334784],[-78.76954999986255,35.879249000044176],[-78.76848100018285,35.89447599987938],[-78.76524499993319,35.90132899990976],[-78.80197199958856,35.926971999770906],[-78.80483600029255,35.92755200030316],[-78.829965000435,35.86697800034187],[-78.89048600041433,35.867874000095625],[-78.89349099978699,35.85405999986695],[-78.8823469998355,35.84517099991712],[-78.8771780002659,35.83812400034156],[-78.87260399982472,35.822631999952534],[-78.87992800026875,35.82421300011177],[-78.89319200003627,35.822017000154275],[-78.89245800009233,35.81759900025322],[-78.89543599970082,35.81595299966204],[-78.89222100026588,35.81510699989171],[-78.89266200030684,35.80612799967714],[-78.89850799991895,35.80626199970187],[-78.89858400008694,35.802559999672596],[-78.89377500036744,35.80194500031229],[-78.8941109999281,35.797564999929676],[-78.89554399965586,35.79527499999561],[-78.90020699978548,35.795682000260896],[-78.9016560003051,35.79016299995269]]]}},{"type":"Feature","properties":{"GEOID":"37052","NAME":"State House District 52","BASENAME":"52","STATE":"37","SLDL":"052"},"geometry":{"type":"Polygon","coordinates":[[[-80.07536500013006,35.14308100017994],[-80.07421799973426,35.132402000000674],[-80.06902499987521,35.12229099975749],[-80.06968600002419,35.11500200021869],[-80.06771900036908,35.11171200001165],[-80.04220600008709,35.10296699965843],[-80.02435500035793,35.09037500018324],[-79.99830800014855,35.085365000164224],[-79.99294100021221,35.08559000009438],[-79.9860679998549,35.08911599972495],[-79.97877199989826,35.10078400008006],[-79.95847499993987,35.113718999783515],[-79.94283899956295,35.11917799994818],[-79.92653699991251,35.117285000148634],[-79.92316900031668,35.114246000247284],[-79.92189999972214,35.10668499964158],[-79.91251800028468,35.0960669999938],[-79.91234099983438,35.075337999941596],[-79.90898300028428,35.06696300009369],[-79.90313199975095,35.06206799981644],[-79.88359600039898,35.05172200013536],[-79.87618900011427,35.043448000123696],[-79.87674399995805,35.035944999876655],[-79.89242700019061,35.02486999968783],[-79.89464499991591,35.01643500020415],[-79.90001699987512,35.00903999981192],[-79.90062699997048,35.00573700013499],[-79.88049599969344,34.988832999987544],[-79.8647930002677,34.9799879996718],[-79.86381300027648,34.97420800036744],[-79.87234100011942,34.95500300024332],[-79.87230299958627,34.95037099993238],[-79.86699400027456,34.939810000234516],[-79.86010900022167,34.93318900020764],[-79.8556479997584,34.92507300035198],[-79.84938399967153,34.91064200015347],[-79.84868800026074,34.90260800019992],[-79.8630190000581,34.88247900014577],[-79.87061399976548,34.87499700032734],[-79.88313600009144,34.86445100015956],[-79.90046200011405,34.857778999955656],[-79.90871999962023,34.8415839998457],[-79.91390300033186,34.81845200028721],[-79.92308899995074,34.80875599976831],[-79.92741200032175,34.806734000273295],[-79.69294400002816,34.80515499982021],[-79.68839200022659,34.81134000035366],[-79.67837300003129,34.813948000141586],[-79.65449900023968,34.81488099998492],[-79.63457100035222,34.82549300006275],[-79.62564400030114,34.817894999762615],[-79.61404500006498,34.81530900031077],[-79.61712499978071,34.81860100029619],[-79.62080100024643,34.81798200002257],[-79.62276500042684,34.82023800028981],[-79.62144499977867,34.82487000014808],[-79.62292899956005,34.82681700017182],[-79.62199299994975,34.82938799973668],[-79.61922200003049,34.8309680002195],[-79.61859100001874,34.83333099971424],[-79.62013300042474,34.83524199985861],[-79.61736699963004,34.83928200028926],[-79.62280899990945,34.84373900011406],[-79.61971800032306,34.84646200015578],[-79.61992900021025,34.84890300032013],[-79.62676700040748,34.85191100010543],[-79.61600000002453,34.865928000064976],[-79.56185600010997,34.91035000033578],[-79.56600700005353,34.911136000310904],[-79.56398699979665,34.91794600027952],[-79.56825900011403,34.927372000073774],[-79.57860399982427,34.930896000072444],[-79.58172999957075,34.935442000021546],[-79.58478699972028,34.94538500020041],[-79.58324100001464,34.94799999984348],[-79.58561799974859,34.954744999914766],[-79.58160700044543,34.95741300034065],[-79.58190000034838,34.963877000300535],[-79.57757899962719,34.96877099981281],[-79.57799299990398,34.972386000175874],[-79.5666670003776,34.979414999703714],[-79.57342299966076,34.99221000025331],[-79.56793500024892,34.99432500019724],[-79.5530379998388,35.00477499980979],[-79.52138100001888,35.01922500014174],[-79.51050599968089,35.0261520002085],[-79.47276200022439,35.035320000038716],[-79.46088599997879,35.04089800013872],[-79.43384299988469,35.068772999919375],[-79.29833500040942,35.196134999993944],[-79.31752099995703,35.20724600012492],[-79.3313660004059,35.210385999901085],[-79.3275440003503,35.21664199979726],[-79.33563000032736,35.22021300010686],[-79.33639100003548,35.2186219998254],[-79.33923099955169,35.22210899980989],[-79.33621899960801,35.22957400009112],[-79.32776399956002,35.23687999964613],[-79.3357049997721,35.23519500009805],[-79.3395119997591,35.23589399978105],[-79.34739199987182,35.23260000015333],[-79.33726300007166,35.262204000246655],[-79.33689300017579,35.27310600013445],[-79.34222599977694,35.27432899981711],[-79.34204099982902,35.280869000072485],[-79.33805200026715,35.289423999918725],[-79.42660200017963,35.28903900008668],[-79.5176860001849,35.290818999828495],[-79.51290500005447,35.28707300003651],[-79.51155500016739,35.28087699988347],[-79.50605599998659,35.276853999870966],[-79.51009999980003,35.26157700005708],[-79.50367099985671,35.253001000315095],[-79.50349500012962,35.2507590000534],[-79.5059079998486,35.24750599972924],[-79.50341099956572,35.24338899965177],[-79.50429400037088,35.227784000207414],[-79.50275199996487,35.22320100006569],[-79.48529299987287,35.221937999933104],[-79.48217399979906,35.214241000323355],[-79.4781009996733,35.216921000002536],[-79.48095000030868,35.224694000040834],[-79.46010299963106,35.22760300026515],[-79.44917299993983,35.226631000334265],[-79.44788699962686,35.225232000223784],[-79.44440699987803,35.22780399999383],[-79.44714799966005,35.228839999799334],[-79.44714600001024,35.2310239996418],[-79.42875600033082,35.23191699972019],[-79.428783000095,35.22282899974171],[-79.43203000021533,35.22256999963962],[-79.43215400006389,35.22022200030062],[-79.43354800033188,35.22028800022351],[-79.43380799972456,35.214667999714976],[-79.43772199984168,35.21483200010466],[-79.43783499981959,35.21219300001273],[-79.43267200009774,35.21223899991101],[-79.43273300019712,35.21112799985139],[-79.43414400018355,35.20984799965878],[-79.43793000025414,35.210273000094084],[-79.43807500001907,35.20597099966213],[-79.42939200036545,35.20934300025593],[-79.4263829998965,35.20889500030464],[-79.42543600041557,35.20675700026061],[-79.42664700038546,35.200455999712375],[-79.42165399964463,35.199771000060075],[-79.42229399987723,35.19671499992142],[-79.44146100005658,35.19949700004965],[-79.44683499966561,35.199003999862526],[-79.44786999990842,35.19480199999987],[-79.43906699970589,35.183773000150445],[-79.44039800022468,35.1770079997338],[-79.42936999972584,35.175768999663944],[-79.42537000029333,35.17163900012194],[-79.42582399985477,35.164482000255795],[-79.429007000401,35.16444800017304],[-79.42963699968952,35.15437699999086],[-79.43559899965261,35.153015000273776],[-79.43766900013823,35.154296000119544],[-79.45260500000806,35.155084999948436],[-79.45274800012321,35.156771999827846],[-79.46512300013609,35.15660200004967],[-79.46650900000816,35.16684899984624],[-79.46337400004083,35.16729600016624],[-79.46501799965579,35.16805799991672],[-79.46337900006371,35.16950999981418],[-79.46428399971187,35.17078999971076],[-79.47162599969923,35.1706790001797],[-79.4715739998207,35.166002999957136],[-79.48508600018363,35.16381100014202],[-79.48249900038739,35.16151000021013],[-79.48184300026128,35.16301899978272],[-79.48145699957357,35.16024699984888],[-79.47260999988842,35.16007899979885],[-79.48429299979017,35.15711499997933],[-79.49192500020578,35.15813199995292],[-79.49481999997359,35.15969999997664],[-79.49881000025867,35.16659300023379],[-79.509190000129,35.16650100011887],[-79.50892700036327,35.17655899979817],[-79.52357500035303,35.17578500019826],[-79.51990800010815,35.180835000192346],[-79.53288800019351,35.17783800027418],[-79.54346700025548,35.18019099987025],[-79.55033899988959,35.17947200001965],[-79.5558599998117,35.181930999753355],[-79.54588699964714,35.17674600012828],[-79.54655799984188,35.17239500030467],[-79.54301799981859,35.165409999920215],[-79.53953399987181,35.16220400000451],[-79.54709299959418,35.153113999787244],[-79.54444499969857,35.14857900011239],[-79.54497600015121,35.14422900035471],[-79.54207800001033,35.138548999834235],[-79.54268399990775,35.12309099969229],[-79.56025699980255,35.12004400010957],[-79.57207100012387,35.126248000016034],[-79.57622200006742,35.124400000340145],[-79.58321699972518,35.128023000249584],[-79.58534300028728,35.13523599998314],[-79.58757799973102,35.135986999924214],[-79.58907900012915,35.13897399997701],[-79.60227000010171,35.14646299980775],[-79.60589299996566,35.146252000028326],[-79.60505500026468,35.14759299970466],[-79.60625100016597,35.1490080002006],[-79.6094089996995,35.14897099976846],[-79.61021200013873,35.155358000271704],[-79.61440800028812,35.159653000162415],[-79.61430399963274,35.1636790002505],[-79.64212900024968,35.15771700004622],[-79.65740999990102,35.16453600027163],[-79.66297100000612,35.170623999694435],[-79.67111200023476,35.17279000010143],[-79.67349399999158,35.17537399965501],[-79.67975499970541,35.177351999777656],[-79.68359600002756,35.17657300003804],[-79.69369700023866,35.1782299999114],[-79.69436500006033,35.17964199971901],[-79.7132729997736,35.1730980000094],[-79.72536400010435,35.17475300003789],[-79.73398300018385,35.17822799981317],[-79.74946300002685,35.17299899985149],[-79.76837800031112,35.17717399993243],[-79.7920110000783,35.175952000034314],[-79.81187000036878,35.17994199987599],[-79.81874899967558,35.17788800001843],[-79.82449200025387,35.17909200022671],[-79.83004199958998,35.177061000179044],[-79.83613900017059,35.17723199984229],[-79.85126800038431,35.18385500001224],[-79.89861000008663,35.16171399978426],[-79.94427100036411,35.16416899964831],[-79.9492700000544,35.1577120000079],[-79.95246199992314,35.15647900012262],[-79.96653300032781,35.1581759997587],[-79.97498300035295,35.15660099973452],[-79.98465500021862,35.15817200004439],[-79.98871699957542,35.15398899985722],[-80.00217200003694,35.14903399979941],[-80.02275299967746,35.13719099967921],[-80.03708400037313,35.14064099969122],[-80.04110600044525,35.139693000128965],[-80.07536500013006,35.14308100017994]]]}},{"type":"Feature","properties":{"GEOID":"37104","NAME":"State House District 104","BASENAME":"104","STATE":"37","SLDL":"104"},"geometry":{"type":"Polygon","coordinates":[[[-80.87744299980231,35.098297000187976],[-80.87636999992466,35.096241999895824],[-80.86852699962185,35.095491999876366],[-80.85996299979391,35.09745099995284],[-80.85292299993031,35.087661000013426],[-80.84520000017642,35.087753000289545],[-80.84405600015369,35.0921819999707],[-80.83478000012312,35.10335299996333],[-80.82719399973824,35.106030000262194],[-80.82381699992159,35.11594799976759],[-80.81044699984888,35.131856000169805],[-80.80762200040127,35.13336299970931],[-80.80497600015548,35.12987900000974],[-80.80691500022154,35.12608200021982],[-80.80630699977598,35.12397899972794],[-80.80323299990803,35.122400999911335],[-80.80282399965411,35.11819700007454],[-80.79870899969555,35.12086799980701],[-80.7924949998374,35.119530000143435],[-80.78979000004037,35.124421999813165],[-80.78718200032773,35.12556099968001],[-80.78479800002276,35.12466700015573],[-80.76805000030849,35.137350999965925],[-80.7712329999564,35.14201899993225],[-80.77253500016288,35.14834600032897],[-80.76893300021533,35.147462000367256],[-80.76146999985411,35.14898100018471],[-80.76066700031322,35.1544489996455],[-80.75588100015995,35.156500999741056],[-80.75572299997619,35.16116499971199],[-80.75321599964758,35.163341000297244],[-80.74940600018587,35.15755900000844],[-80.74630300000558,35.16132400034689],[-80.73940700008204,35.16261400004863],[-80.74931400012436,35.17577400006068],[-80.76875900013805,35.197607000364826],[-80.7727040002173,35.200228999685336],[-80.78624699964405,35.201926999828984],[-80.7912699996238,35.196715999743084],[-80.79050499971771,35.19447699974455],[-80.79382600035619,35.19081000018575],[-80.79013499982187,35.17903899963715],[-80.79823199966957,35.17593700034445],[-80.80914899984035,35.18613200017673],[-80.81186500040634,35.199091000199374],[-80.81580000043982,35.18675100033981],[-80.81979099965152,35.182843000100185],[-80.82721600037789,35.19592200021365],[-80.83031199998715,35.189244000093524],[-80.83548599957963,35.18479899978636],[-80.84240199959467,35.1668799998278],[-80.85745499964038,35.15092400008205],[-80.85779500029732,35.148011000363375],[-80.84549800010225,35.14411199996135],[-80.84751800035916,35.1404589997172],[-80.85297099961089,35.13705000008413],[-80.85555800030545,35.11814600032883],[-80.86151699989549,35.117065999903225],[-80.86810900004542,35.11831699965278],[-80.87054600005385,35.11005999973506],[-80.87553999972127,35.10442999995292],[-80.87744299980231,35.098297000187976]]]}},{"type":"Feature","properties":{"GEOID":"37067","NAME":"State House District 67","BASENAME":"67","STATE":"37","SLDL":"067"},"geometry":{"type":"Polygon","coordinates":[[[-80.50617099967475,35.192447000101374],[-80.50410699993525,35.18748600010323],[-80.50533600034679,35.18341200036597],[-80.50358100040376,35.181741000320315],[-80.49336399984173,35.178856000342115],[-80.48889200040612,35.17548899971625],[-80.48558699966117,35.176518999938715],[-80.4827580000156,35.179947000016085],[-80.4805970001917,35.17991199976326],[-80.47706300001619,35.17751900006593],[-80.47622399959197,35.171800999756286],[-80.46982099958792,35.16692500023006],[-80.4678899999178,35.166798999922136],[-80.46373300012645,35.17037200006587],[-80.45934700000625,35.165077000137416],[-80.44722899991133,35.16479599987305],[-80.44043599991996,35.16107600011242],[-80.43592400030136,35.16504300030342],[-80.43031700016552,35.16616400034154],[-80.41926199990249,35.172863999842505],[-80.41704699965192,35.17160000017537],[-80.41574399962052,35.16649199984658],[-80.41218699987878,35.16337099991536],[-80.40855599961891,35.1637470003104],[-80.40290900019842,35.167293000349694],[-80.39778099973837,35.165451999782746],[-80.38832800015581,35.1658620003439],[-80.37959299972532,35.17278400013936],[-80.37677199957736,35.17750700010507],[-80.3701219997011,35.17978599975631],[-80.3660109999405,35.17574000029368],[-80.3644829997782,35.17060700020442],[-80.35762700003762,35.1648819999029],[-80.35416800020519,35.16578599970097],[-80.35155100027174,35.16928599972499],[-80.34610599961927,35.16911699982629],[-80.33989500013416,35.17430199993554],[-80.33489499972063,35.173710000311836],[-80.32824499984437,35.17666399970277],[-80.32147100011956,35.17312000027282],[-80.3209310003444,35.1787249999518],[-80.3053519998689,35.181920999716965],[-80.30388399998107,35.1880450001472],[-80.29596500040857,35.19394200011777],[-80.29225200013293,35.19405300018315],[-80.28792100026432,35.19141799972894],[-80.28436600017243,35.19223500007174],[-80.28191300027049,35.19560199994541],[-80.27573000037447,35.196057000097866],[-80.27150699956256,35.201670000088626],[-80.26501200039532,35.204049999682475],[-80.2638549999538,35.208410000274135],[-80.25434600029473,35.21129400007134],[-80.25127599972642,35.2087939996367],[-80.25054500015553,35.202097000264324],[-80.23999899970553,35.188067000036156],[-80.24210000015329,35.181572999887464],[-80.24124099963757,35.17907000011083],[-80.22468999956676,35.15609900009871],[-80.20783800009542,35.15598599970088],[-80.20525200012408,35.165433000267264],[-80.19780300000659,35.16665400018874],[-80.19491999993434,35.16538099979263],[-80.19352800021446,35.15887699989773],[-80.19063799957121,35.15553800005636],[-80.18593000013404,35.15462899997239],[-80.17426200030091,35.14809699977571],[-80.16165899978408,35.14829199984887],[-80.15985100013759,35.151175999740936],[-80.16660200029621,35.15847599980327],[-80.16757399989149,35.162170999950476],[-80.16558799996979,35.164665999809074],[-80.15914399995786,35.16733200015903],[-80.1572600001434,35.17356699989772],[-80.15163999958878,35.1745490001289],[-80.14189499992817,35.168251000269876],[-80.13554399980265,35.167728999940515],[-80.1317669999529,35.173361999840985],[-80.12417499972025,35.175280999844084],[-80.12882100013145,35.18384900013261],[-80.12905200011014,35.18758099976729],[-80.122473000379,35.19235099964398],[-80.11452299994608,35.194302000254375],[-80.10880600020538,35.19061799969386],[-80.10887800017538,35.178669999769845],[-80.10707100035383,35.17306200036642],[-80.08941499972003,35.1605050001419],[-80.07799200010928,35.14804099975875],[-80.0761760000669,35.14318500022289],[-80.04110600044525,35.139693000128965],[-80.03371000003119,35.14033099999225],[-80.02425300025068,35.137069000351204],[-80.00217200003694,35.14903399979941],[-79.98871699957542,35.15398899985722],[-79.98465500021862,35.15817200004439],[-79.97498300035295,35.15660099973452],[-79.96653300032781,35.1581759997587],[-79.95246199992314,35.15647900012262],[-79.9492700000544,35.1577120000079],[-79.94427100036411,35.16416899964831],[-79.89861000008663,35.16171399978426],[-79.85126800038431,35.18385500001224],[-79.83613900017059,35.17723199984229],[-79.83004199958998,35.177061000179044],[-79.82449200025387,35.17909200022671],[-79.81874899967558,35.17788800001843],[-79.81187000036878,35.17994199987599],[-79.7920110000783,35.175952000034314],[-79.76837800031112,35.17717399993243],[-79.74946300002685,35.17299899985149],[-79.73398300018385,35.17822799981317],[-79.72536400010435,35.17475300003789],[-79.7132729997736,35.1730980000094],[-79.69436500006033,35.17964199971901],[-79.69369700023866,35.1782299999114],[-79.68359600002756,35.17657300003804],[-79.67975499970541,35.177351999777656],[-79.67349399999158,35.17537399965501],[-79.67111200023476,35.17279000010143],[-79.66297100000612,35.170623999694435],[-79.65740999990102,35.16453600027163],[-79.64212900024968,35.15771700004622],[-79.61427600004366,35.163879000091505],[-79.61596800023747,35.16843799988217],[-79.61771800015764,35.168004000036476],[-79.6202499997023,35.17120099992963],[-79.62754200035928,35.170074000138314],[-79.62767799990341,35.17445399991743],[-79.63697400002545,35.17602499975816],[-79.64925199995395,35.18861900030532],[-79.65757800013051,35.191595999946486],[-79.66212900010716,35.204843999765515],[-79.66214300035085,35.21191399970431],[-79.66479100024647,35.21652199991125],[-79.66431400022049,35.226628999960006],[-79.6685599997003,35.229550000136605],[-79.66794399975714,35.23453899972412],[-79.66932899980432,35.23502299983312],[-79.6694829997901,35.23988999974029],[-79.67231499980873,35.2447139996699],[-79.68160599990792,35.248128999773876],[-79.68541999956759,35.24768799994049],[-79.68788199969035,35.249998999694455],[-79.69800700019088,35.25152099965033],[-79.70268000036624,35.25590699967745],[-79.70528399988092,35.26823000003157],[-79.71189600012235,35.275608000238485],[-79.7124700002327,35.286649999790946],[-79.71046900024238,35.292615999633576],[-79.71127099995837,35.29967500005127],[-79.70991299967538,35.301275000092645],[-79.75173000015596,35.4439940000558],[-79.76419200020746,35.47573500016057],[-79.76795700036165,35.51148399974534],[-79.90676200018594,35.509800999806906],[-80.18286600031182,35.50327400025871],[-80.29542100043544,35.50292000002116],[-80.48435599959977,35.21636800020118],[-80.48310199997216,35.212840999847],[-80.49438900003878,35.2056220003649],[-80.49921700002487,35.19842300032885],[-80.50617099967475,35.192447000101374]]]}},{"type":"Feature","properties":{"GEOID":"37109","NAME":"State House District 109","BASENAME":"109","STATE":"37","SLDL":"109"},"geometry":{"type":"Polygon","coordinates":[[[-81.26904600022344,35.16164399972161],[-81.14751299999509,35.15596099970869],[-81.0322380000058,35.148411999887685],[-81.02303700031833,35.149521000269736],[-81.01711200016516,35.154318000328345],[-81.00945600035843,35.15314400023923],[-81.00580599983198,35.157023000159874],[-81.0073060004052,35.16517500018423],[-81.00341200037958,35.171950999755445],[-81.00238700018251,35.18081699988326],[-81.00613999974281,35.19508200021626],[-81.00537400001184,35.2083839998426],[-81.01425300038237,35.223036999706935],[-81.00863799985059,35.250074000152914],[-81.01382499986188,35.25768500035999],[-81.04370400017258,35.25725399999151],[-81.04333900029958,35.25623300028354],[-81.05331099974093,35.25599799994027],[-81.05251900007069,35.25052100030179],[-81.06017200040269,35.2486220001915],[-81.06228499964769,35.25263500013071],[-81.06466200027995,35.25106899971773],[-81.0682550000067,35.25452699976658],[-81.07309600041157,35.249004000202184],[-81.08187299977654,35.25141499980799],[-81.08351599956656,35.24803000009494],[-81.08815399958183,35.246494999913274],[-81.09170399965085,35.24299399978995],[-81.09832900031108,35.24280400014619],[-81.0966770003002,35.2541110001368],[-81.1009980001231,35.251658999874174],[-81.114875000359,35.26176299996666],[-81.14094299958646,35.265982000353496],[-81.149457000084,35.26876000011687],[-81.15264999977764,35.262626000073745],[-81.14743400035236,35.25362899995199],[-81.1632480001062,35.25273200032451],[-81.17011200024267,35.2532579996414],[-81.1701830003878,35.2586030002446],[-81.16826799971288,35.25862599987805],[-81.16756399990618,35.265322000101555],[-81.17256900034258,35.26367399998338],[-81.19686900010653,35.265428000093216],[-81.20203900039937,35.26224099973189],[-81.20678199999665,35.261640000074266],[-81.20876899974326,35.25152800027868],[-81.21270299995183,35.24397899993896],[-81.21285899958745,35.2426299998966],[-81.21018700030072,35.241755999649065],[-81.215366999741,35.23536000017585],[-81.21349600034533,35.2299129998827],[-81.21361900036896,35.22628299978415],[-81.21551599970391,35.224940000201535],[-81.21538400035774,35.21588100013893],[-81.22424799976133,35.21312900015185],[-81.22519199976753,35.20461700025876],[-81.22312100035533,35.195454999792],[-81.2267450000442,35.19363999980047],[-81.23438199958437,35.193217000140116],[-81.23830200044756,35.189276000258666],[-81.2372360002426,35.18188200029761],[-81.25084300014178,35.17949900019432],[-81.25912900013539,35.169262999733355],[-81.26502599980114,35.1673810003072],[-81.26904600022344,35.16164399972161]]]}},{"type":"Feature","properties":{"GEOID":"37006","NAME":"State House District 6","BASENAME":"6","STATE":"37","SLDL":"006"},"geometry":{"type":"Polygon","coordinates":[[[-79.22300999990641,35.26814499981982],[-79.2025229999772,35.25818100000681],[-79.19354400004755,35.250128999662486],[-79.18689099979825,35.247339000288505],[-79.17868000014772,35.247787000037015],[-79.16510800040865,35.2409249999993],[-79.15918800027838,35.233003000143675],[-79.15388099971818,35.229225999688914],[-79.15409800035148,35.2198829996507],[-79.15125499956388,35.21369900002129],[-79.13794499976564,35.21140600028438],[-79.13463900009407,35.20682399981872],[-79.12049200041973,35.204843999765515],[-79.10076100017578,35.19635900023909],[-79.09629899988758,35.1920120000808],[-78.99803699992647,35.214129999958985],[-78.94158099967697,35.21929999996894],[-78.93554500009405,35.21872199972423],[-78.92948500022167,35.222381000094586],[-78.92552199970078,35.221882999651534],[-78.92470900011412,35.223893000274536],[-78.92021099984093,35.22027599997466],[-78.9166809998634,35.22370899978963],[-78.90543499980465,35.22697200031323],[-78.89804500013669,35.23116800031507],[-78.89326400000628,35.228646000104334],[-78.88859300037903,35.230789999745326],[-78.88040799976946,35.230439999875976],[-78.8740320004279,35.235976999920645],[-78.87605699980936,35.241535999944574],[-78.86785899967931,35.2450130001405],[-78.85968099964076,35.24258900030208],[-78.85450299985031,35.248382000197466],[-78.84809700037152,35.250222000335604],[-78.84715800038819,35.25298600018368],[-78.84253299989338,35.25245999983538],[-78.83866700035519,35.253930000257334],[-78.83466899967418,35.25235299988374],[-78.83221699959715,35.25550899968907],[-78.8282770004391,35.255109000275226],[-78.82534300031323,35.25948700008629],[-78.8194270003809,35.26046099970307],[-78.80585499974352,35.25664000020572],[-78.80146000030079,35.26295100031979],[-78.7986600000692,35.262002000201754],[-78.79766900020735,35.264834000081045],[-78.7942799997968,35.266100999988005],[-78.78681200031103,35.263561000309096],[-78.78249499978782,35.263753999638055],[-78.78374299956764,35.26252600001795],[-78.78216900027287,35.26099900030304],[-78.77826000017866,35.26355900011224],[-78.77104200003984,35.262099000188115],[-78.76961599998478,35.25930400017364],[-78.76588400034088,35.258230000366204],[-78.7641810002764,35.258660000153476],[-78.76368400015892,35.26143700033256],[-78.76101399962369,35.26105299997237],[-78.76299500042083,35.26315999982325],[-78.75997400025632,35.26393899995798],[-78.76060899956772,35.26222599984348],[-78.759099999672,35.26155099979124],[-78.7575299996769,35.26350499991235],[-78.754495000167,35.26341300027668],[-78.75402399998882,35.25971499992837],[-78.75010700039698,35.261634999830214],[-78.7500300004041,35.263476000333476],[-78.74109599978199,35.263817999891664],[-78.73602500012166,35.26169900029047],[-78.73002899982338,35.26325999983015],[-78.72556400006047,35.26690000013262],[-78.72050599992062,35.26493599965197],[-78.71893900029856,35.26001599963831],[-78.71298200035835,35.25949099994749],[-78.71199700034425,35.257566000102635],[-78.70770199956235,35.25919400036405],[-78.70439300041605,35.25673300001102],[-78.64368499994065,35.24914200030889],[-78.6408589997698,35.26004399994683],[-78.6454070002717,35.26428000003965],[-78.64484599968183,35.26908600035953],[-78.648975999709,35.271583000321755],[-78.64659800015014,35.280623999702584],[-78.63911700024556,35.2816510000446],[-78.6353949997491,35.29087699992864],[-78.63980199978569,35.29586699984323],[-78.64090499980057,35.300379000154656],[-78.63984699999152,35.302275999802355],[-78.64571199987024,35.3123320000127],[-78.6429700002633,35.3158519999506],[-78.64183200008833,35.323286999995226],[-78.63625199971668,35.33091299989401],[-78.64945199991006,35.34028999965274],[-78.7270090003821,35.353655000007166],[-78.73306800042955,35.3585530002498],[-78.73949300017492,35.35941499984794],[-78.74270400031023,35.361856000283744],[-78.74475399980604,35.36978600002274],[-78.74866899974803,35.37653599981176],[-78.76844500019784,35.396425000251654],[-78.7741300001515,35.39811400015632],[-78.79120400027902,35.3985249999119],[-78.81918399980835,35.41037399967694],[-78.82493800025729,35.419155999700116],[-78.82306399959025,35.42920600025998],[-78.82527399981794,35.432180999724416],[-78.82485500041659,35.43637000020004],[-78.82197499981908,35.444955000167376],[-78.81932100007569,35.4465119998393],[-78.81583100028112,35.45352999981252],[-78.81011899966498,35.454528999798875],[-78.81576400033397,35.49080799988872],[-78.80718000041455,35.49762599994578],[-78.80086000025118,35.498956000114745],[-78.79750299962768,35.5099369999524],[-78.79346600038525,35.51420699998365],[-78.78362299991703,35.514696000034284],[-78.77886699990098,35.54123799982594],[-78.91606699957006,35.58410199982084],[-78.96877799975688,35.522534999878076],[-79.22300999990641,35.26814499981982]]]}},{"type":"Feature","properties":{"GEOID":"37090","NAME":"State House District 90","BASENAME":"90","STATE":"37","SLDL":"090"},"geometry":{"type":"Polygon","coordinates":[[[-81.19015999978075,36.398001000180855],[-81.18985900038017,36.37337599977177],[-81.18619200013528,36.33069499977541],[-81.18811899960745,36.32492399982903],[-81.1766259996765,36.310172000351116],[-81.17236299957995,36.312126999954046],[-81.16697700027537,36.30718099993151],[-81.15961400037156,36.30824599971434],[-81.15998799956708,36.29186800017461],[-81.16379100025439,36.28208800014067],[-81.1515619998314,36.28221400035621],[-81.15151499997573,36.279379000257656],[-81.13095899955125,36.279386000075384],[-81.13110900023739,36.268910000224416],[-81.13436200020548,36.259591000314245],[-81.13683199982587,36.258804999919406],[-81.13148199960796,36.23777600027267],[-81.13382900010302,36.23707499975622],[-81.12892900014693,36.23374899981081],[-81.13668799988582,36.2321669998896],[-81.13570700006969,36.22991900031653],[-81.1294849998156,36.22713200015101],[-81.13131099990375,36.22165600007288],[-81.12499999996122,36.21381700017744],[-81.11797400034132,36.209037000355764],[-81.1164589996995,36.205293999966045],[-81.11319400003582,36.210654000070505],[-81.10649999977863,36.20494800017831],[-81.1081240002004,36.204552000027505],[-81.10820399966804,36.20044099966882],[-81.09400299956702,36.20014699969067],[-81.09253300002933,36.19741899995705],[-81.08102000000692,36.19792700005638],[-81.07743999980066,36.19975200026994],[-81.07488599961637,36.19664700002545],[-81.0703239997691,36.19674800019482],[-81.06920800023374,36.188820999890986],[-81.06781300014083,36.18919799966626],[-81.06573799963235,36.18634900018422],[-81.05480200009332,36.19006600032066],[-81.04639399990099,36.19875199979142],[-81.03426699958521,36.194159000303685],[-81.018135999639,36.20188900006855],[-81.00511299989593,36.200552999646234],[-81.00090900024892,36.2014510001961],[-80.992670000111,36.19754100028451],[-80.98477300027982,36.20275800027648],[-80.98389000037298,36.20617800006134],[-80.97465399962708,36.213381000045906],[-80.96427600030489,36.21652899989882],[-80.96010699991966,36.215685000254034],[-80.96052399967118,36.21198800015325],[-80.96486499958553,36.20726099964585],[-80.96300400023561,36.201492999664495],[-80.95863999985673,36.20330900007099],[-80.94641999965455,36.20356800007219],[-80.94252200032929,36.20661699986184],[-80.945782999795,36.21165900035366],[-80.94265100020073,36.21565100032834],[-80.92586900015125,36.21443999990462],[-80.9200369998845,36.2199240001873],[-80.90773499966657,36.22204700020159],[-80.90086300003246,36.225573999978145],[-80.89687799977025,36.224637000221925],[-80.89576499970964,36.21942599983857],[-80.89326300030221,36.219257000341514],[-80.89193699980628,36.22118200005773],[-80.89405499997247,36.23463000035207],[-80.89244599961931,36.235648000162755],[-80.87886800003244,36.2347280002741],[-80.8676289996464,36.23905699980889],[-80.84915600012633,36.24088000034862],[-80.82567700034492,36.24977699994193],[-80.81827099988512,36.25049700009138],[-80.80871399964717,36.254326999798884],[-80.80225600028986,36.252585999722235],[-80.80012899990282,36.24953299971838],[-80.79648500012247,36.24802699994318],[-80.78397299984225,36.25283199994036],[-80.77837999995009,36.2569269997602],[-80.78003600015893,36.26886099998185],[-80.77575100032107,36.27402299982375],[-80.76872900000083,36.27500299994818],[-80.75989400001123,36.26928700013109],[-80.75544400031693,36.26414199966142],[-80.75177799989696,36.26337900013394],[-80.74385400030161,36.27147299994612],[-80.74181099958018,36.277798000103715],[-80.73759600006251,36.28035799970434],[-80.7320679995694,36.27654099968443],[-80.73455099960854,36.268815000346954],[-80.73334800003458,36.267201000190816],[-80.72074399969284,36.270096999706524],[-80.71303600000756,36.26671700013307],[-80.70322100002674,36.266014000144736],[-80.6845829997519,36.26875099973916],[-80.678731000292,36.26421100033525],[-80.6768230001881,36.256881000340066],[-80.67403600037531,36.252925000315805],[-80.66821599980413,36.25093799981355],[-80.65514500038047,36.2520669999193],[-80.64891800010352,36.25577399992076],[-80.6477470003166,36.26353600013126],[-80.64298600027767,36.27264899994819],[-80.63074699980892,36.272306000268465],[-80.62765600022253,36.27364199972896],[-80.62630499961223,36.27728300022421],[-80.631583999685,36.285111999860426],[-80.62915500007252,36.28773600027594],[-80.62424500007067,36.286822000276615],[-80.61502599994152,36.27963400004015],[-80.59325299969935,36.269844999789385],[-80.57300299959662,36.28018000025742],[-80.55956700029998,36.28296099999094],[-80.55413900026429,36.28237699964937],[-80.54788500022316,36.28541899976065],[-80.53929000043308,36.282103000056324],[-80.53668199982214,36.27928199992575],[-80.53550000016455,36.27128900015639],[-80.5374209997889,36.262712999704384],[-80.53417700004164,36.25850499990621],[-80.50919299966415,36.25842600015049],[-80.50516999976712,36.25991599998362],[-80.48368600012827,36.256001999980406],[-80.47707200023702,36.26067500020129],[-80.47104099977867,36.26096400002411],[-80.4633759997511,36.257469000147815],[-80.46129399956989,36.25361699989804],[-80.46085300042726,36.247788000288075],[-80.4526560001221,36.24165100022326],[-80.44806699961234,36.41337500001075],[-80.44033999966047,36.550665000134956],[-80.70460100005104,36.56230199998649],[-80.77359799999479,36.56037400001338],[-80.79982599995414,36.56109899981636],[-80.8377710001504,36.55913800008091],[-80.9016410003573,36.561765999745006],[-80.91753499957876,36.5241129999179],[-80.9216289996209,36.525915000299754],[-80.9269150002647,36.501218999923125],[-80.96387799992162,36.45927599994706],[-80.97364299967371,36.453474000091795],[-80.94718200008587,36.41907400012427],[-80.96839899976105,36.4009350002791],[-80.97127299961247,36.39558099970647],[-80.9816669997265,36.39123099998094],[-80.98402699974203,36.38882299988052],[-80.97943700030564,36.379111000033994],[-80.98137299999863,36.37616000027579],[-80.99465299965965,36.37939899980756],[-81.01361300014977,36.37127000011996],[-81.02668799977138,36.373194999792645],[-81.04378899966308,36.39332299987466],[-81.04427200043516,36.41106299990125],[-81.07804700042131,36.4179210001964],[-81.0797660003793,36.42242600012394],[-81.0787939998857,36.42591500027058],[-81.08331800009815,36.42984000010065],[-81.08372700035207,36.433026000356556],[-81.09178599966663,36.43592199990278],[-81.09511200032799,36.44077299980378],[-81.12839799969426,36.42589900020841],[-81.12827499967062,36.42213000031916],[-81.13262599963072,36.415484000042035],[-81.13824199998739,36.412479000019935],[-81.14263099958232,36.41919799985315],[-81.14765299973716,36.419181000123565],[-81.14691700014343,36.422058000117836],[-81.1491120003025,36.42525099998028],[-81.16036400020903,36.42899899982859],[-81.16295600002815,36.43251499982252],[-81.19015999978075,36.398001000180855]]]}},{"type":"Feature","properties":{"GEOID":"37091","NAME":"State House District 91","BASENAME":"91","STATE":"37","SLDL":"091"},"geometry":{"type":"Polygon","coordinates":[[[-80.45191799998024,36.26168799970523],[-80.32658500033591,36.26045400008396],[-80.32356099979835,36.257280000330084],[-80.32249200011867,36.250983999835064],[-80.325663000071,36.249317000096134],[-80.32254900002008,36.241996999982966],[-80.32585600041484,36.240100999818566],[-80.3258239997295,36.23739899972185],[-80.3294220003774,36.23542100004718],[-80.33103300038039,36.2322290001218],[-80.3138489997497,36.222090999660026],[-80.28660800018717,36.1936090003545],[-80.29348999986702,36.19106699984759],[-80.29385599956491,36.1892560000283],[-80.29066000039653,36.17614099974547],[-80.28868100014752,36.17343400019971],[-80.30220299965788,36.173712999985],[-80.30224200001592,36.171689999882986],[-80.31303000031528,36.17188799991196],[-80.31295999999507,36.17476200020953],[-80.31577199992222,36.17475099985907],[-80.31859100042035,36.1722959998884],[-80.31136499988561,36.16407200000913],[-80.30197900025021,36.1575759998826],[-80.29134300028683,36.16384499967178],[-80.28412799962274,36.163063999946544],[-80.27694600036723,36.16813599989484],[-80.27752499960214,36.17121000032937],[-80.26565500010265,36.173850999901525],[-80.25142600041255,36.15745600005744],[-80.24848200024093,36.157527999684454],[-80.23636800034397,36.158257999885734],[-80.23639599993305,36.16416600013848],[-80.23409399964385,36.16452299987273],[-80.23328100005722,36.16663799997257],[-80.22263099985014,36.16794099997281],[-80.2219739998991,36.16181499994577],[-80.22623100014788,36.15486500013498],[-80.22367600013868,36.14912400021666],[-80.21586499962294,36.15184899968261],[-80.21057200020476,36.15546499984344],[-80.20502500034337,36.15770899973412],[-80.20538900039145,36.15102000031128],[-80.20214599957077,36.15105800036038],[-80.202584000137,36.14537000025356],[-80.20007599998347,36.14504499979887],[-80.19738399970691,36.14755699990206],[-80.1942210001505,36.14711799984347],[-80.19577299970395,36.13635999989042],[-80.20233700026479,36.12929300009158],[-80.19880800011217,36.125183000005],[-80.19589599972758,36.118041000152935],[-80.19730699971403,36.11617700021794],[-80.19501700001871,36.112329999811124],[-80.1968880003127,36.111657000078225],[-80.19638399962422,36.108005000252774],[-80.18859399992319,36.11423000006795],[-80.18466800011052,36.11522799999769],[-80.17998900008735,36.11283799991458],[-80.16495000028534,36.11119899996655],[-80.15786900041387,36.113648000302625],[-80.14946700006932,36.11378900002443],[-80.14866799982806,36.15367500017472],[-80.11742399956167,36.18296699971406],[-80.10307299967283,36.19087600021011],[-80.10916500023058,36.19475900006011],[-80.10944100041509,36.19712500022887],[-80.11371799985703,36.197528999832905],[-80.11183599969239,36.199881999923136],[-80.12407400033624,36.20446900031307],[-80.12705299976965,36.20468199968287],[-80.13441900004646,36.19595799985848],[-80.13651399974812,36.19840600008318],[-80.13829299998059,36.202505000339734],[-80.13526400031847,36.20685200029691],[-80.14491299971961,36.2131010000302],[-80.1453489997377,36.258516999697044],[-80.03511900036781,36.257183999707166],[-80.0273389998142,36.54248000028697],[-80.29487699956402,36.54405300018021],[-80.44033999966047,36.550665000134956],[-80.44806699961234,36.41337500001075],[-80.45191799998024,36.26168799970523]]]}},{"type":"Feature","properties":{"GEOID":"37092","NAME":"State House District 92","BASENAME":"92","STATE":"37","SLDL":"092"},"geometry":{"type":"Polygon","coordinates":[[[-81.0569839998336,35.086445999903184],[-81.05767199974677,35.061866999923275],[-81.05092300013632,35.05670900006156],[-81.04149599959472,35.044712999713376],[-80.93473900030095,35.10731799995978],[-80.91981799960139,35.091690999808186],[-80.91539999969415,35.10566099997339],[-80.91590400038261,35.11062600014317],[-80.90471299967713,35.118422999831296],[-80.91751700003542,35.125263000194145],[-80.90740400012876,35.13777599975147],[-80.92616299987911,35.14703600003803],[-80.92062100004061,35.16225600030721],[-80.92422600036122,35.16717799971096],[-80.93260000021836,35.186962999994904],[-80.92917099962484,35.18983700028161],[-80.92157599991747,35.189703000247434],[-80.91715999966003,35.19556900023379],[-80.91497700009484,35.193363999938555],[-80.90835999983055,35.1940239999955],[-80.90635600036549,35.19680899998547],[-80.89770600032382,35.20062799983753],[-80.89349900030376,35.20473799984848],[-80.89362499980216,35.207324999976784],[-80.89699800031917,35.20704799994475],[-80.89758999997287,35.211575000319996],[-80.9081520003164,35.21019200012918],[-80.90330099986578,35.220382999684745],[-80.89788299987582,35.22449599985309],[-80.89109699955715,35.22428699974224],[-80.8904320001085,35.225749000023164],[-80.89741099987272,35.23619900016836],[-80.89647600008735,35.24518399980361],[-80.90994700044239,35.248636999663155],[-80.92118199973216,35.24465800019037],[-80.91979199966212,35.23836499997016],[-80.93211800016951,35.24156800004544],[-80.94705400003936,35.24118900024146],[-80.94805999996986,35.23544600036349],[-80.98414100044316,35.24174799964362],[-80.99891699958111,35.2415950001207],[-81.00914199964076,35.24577200033384],[-81.01428599999433,35.22353199973104],[-81.0052739995544,35.207795999886265],[-81.00613999974281,35.19508200021626],[-81.00238700018251,35.18081699988326],[-81.00341200037958,35.171950999755445],[-81.0073060004052,35.16517500018423],[-81.00580599983198,35.157023000159874],[-81.00980399961466,35.15302799980132],[-81.01711200016516,35.154318000328345],[-81.02472100011624,35.14887700020293],[-81.0435860001718,35.14800599972856],[-81.04758099958146,35.145195999815414],[-81.05202899962593,35.13283299987833],[-81.03876499985843,35.12544900019341],[-81.03279200002467,35.113787999809475],[-81.03236699987725,35.10961899976172],[-81.03606900028224,35.10315100011174],[-81.04704400017933,35.100336999733585],[-81.05154999995013,35.096980999867256],[-81.0569839998336,35.086445999903184]]]}},{"type":"Feature","properties":{"GEOID":"37094","NAME":"State House District 94","BASENAME":"94","STATE":"37","SLDL":"094"},"geometry":{"type":"Polygon","coordinates":[[[-81.54548799955982,36.117474999865266],[-81.52001100016116,36.10259599987867],[-81.51646500029008,36.09747599979147],[-81.50841299974991,36.096976999689915],[-81.50161399991073,36.10033200006854],[-81.49565899962036,36.10058400012583],[-81.49351200004017,36.09749400021741],[-81.4893469998529,36.09857500029249],[-81.48435099963733,36.09599199969026],[-81.47712099980293,36.09683399980831],[-81.47779100017277,36.09276399989065],[-81.46780200011467,36.08553600030625],[-81.46002199956106,36.09096700005709],[-81.45398599997813,36.09049400019265],[-81.45319900033076,36.08670599971513],[-81.44737499956163,36.08302999982415],[-81.44805599980208,36.079408999768546],[-81.44444600035693,36.07546800003609],[-81.44477000022205,36.07213100028452],[-81.43819800016358,36.07528800032933],[-81.43107000043642,36.075316000020344],[-81.42444099957827,36.07785100023076],[-81.41734499963817,36.070847999859254],[-81.41469000006988,36.072723999855604],[-81.41122299984151,36.07280100004004],[-81.40944899963192,36.07072999999168],[-81.40741400020471,36.07184999974811],[-81.40638300015989,36.06782999987962],[-81.40328400017756,36.06593200007972],[-81.3977730003012,36.06643099973964],[-81.40004000043028,36.06257200008968],[-81.39653700021694,36.05661100028101],[-81.38946300001814,36.05012800027642],[-81.39730799997076,36.04309999978076],[-81.39639599975162,36.04076399967757],[-81.38147900014835,36.044610999656484],[-81.38055600005853,36.0420969996472],[-81.3439160004418,36.02435000019454],[-81.32832400044585,35.996583000004016],[-81.34290499959013,35.923203000169565],[-81.33337300036484,35.87889199965556],[-81.34403400044258,35.824552999798776],[-81.34235800014227,35.82236000000053],[-81.33989900039255,35.82415500007538],[-81.3373970000868,35.81791099987153],[-81.3399739998373,35.816056999641916],[-81.33574300042612,35.81451400023274],[-81.33791699977047,35.81263100021923],[-81.33503299987332,35.80377699977815],[-81.33190499957868,35.8026709997749],[-81.33427200016523,35.79628100013905],[-81.31591300044795,35.79685700026226],[-81.30834600032968,35.80250899992802],[-81.30449499996175,35.802607999873686],[-81.29807400041437,35.79819300022879],[-81.2889950000273,35.80039000008406],[-81.28011499983185,35.806135000167856],[-81.26728100023466,35.80449499977726],[-81.25411299982832,35.80879799993921],[-81.24964200021762,35.81568500003866],[-81.24095399964281,35.81284099966272],[-81.23218599960038,35.81241899982229],[-81.22581399955845,35.80951899969479],[-81.2161860000737,35.817277000215825],[-81.20513699965848,35.82279999994999],[-81.2018929999112,35.823288999791785],[-81.19608099973594,35.82116100001492],[-81.17594100013638,35.823054000138065],[-81.16834899990374,35.82559500032072],[-81.16030300010965,35.82508700009895],[-81.15485699963229,35.828310999992574],[-81.14960900041997,35.8289580002578],[-81.14233799967937,35.82743399979014],[-81.14108499987668,35.812161999966925],[-81.13864200002048,35.8084420001852],[-81.13081200013647,35.803240999766935],[-81.1284139995878,35.78938299970294],[-81.1228790003203,35.784938999956786],[-81.11575300024296,35.78230800013694],[-81.10950699969943,35.77659399984847],[-81.10645299992296,35.77851199999239],[-81.10582299973612,35.78190199973395],[-81.10200900007645,35.78338200026961],[-81.10103599975793,35.787476999835945],[-81.0936989997934,35.79403300023894],[-81.08673099989983,35.796680999756816],[-81.07894299984862,35.802774999664365],[-81.07926500006388,35.80899400030138],[-81.07750500009799,35.81273399998444],[-81.07005699980539,35.818141000275965],[-81.06460299983041,35.824561000168075],[-81.06045100006195,35.83510899965162],[-81.04133900013419,35.8578550003166],[-81.00554100041643,35.95828699995403],[-81.00339999978569,35.99673700025757],[-81.02883299970173,36.04565199993804],[-80.9756749996262,36.05880999990038],[-80.88159100027113,36.05571799996052],[-80.87319800014741,36.236413999955936],[-80.87886800003244,36.2347280002741],[-80.89371500021383,36.23512299994191],[-80.89193699980628,36.22118200005773],[-80.89391000020751,36.21897199970658],[-80.89609000029797,36.22011100025339],[-80.89611600023724,36.2239830000637],[-80.90086300003246,36.225573999978145],[-80.90773499966657,36.22204700020159],[-80.9200369998845,36.2199240001873],[-80.92586900015125,36.21443999990462],[-80.94265100020073,36.21565100032834],[-80.945782999795,36.21165900035366],[-80.94252200032929,36.20661699986184],[-80.94641999965455,36.20356800007219],[-80.95863999985673,36.20330900007099],[-80.96300400023561,36.201492999664495],[-80.96486499958553,36.20726099964585],[-80.96052399967118,36.21198800015325],[-80.96010699991966,36.215685000254034],[-80.96427600030489,36.21652899989882],[-80.97465399962708,36.213381000045906],[-80.98389000037298,36.20617800006134],[-80.98477300027982,36.20275800027648],[-80.992670000111,36.19754100028451],[-81.00090900024892,36.2014510001961],[-81.00511299989593,36.200552999646234],[-81.018135999639,36.20188900006855],[-81.03426699958521,36.194159000303685],[-81.04639399990099,36.19875199979142],[-81.05480200009332,36.19006600032066],[-81.06573799963235,36.18634900018422],[-81.06781300014083,36.18919799966626],[-81.06920800023374,36.188820999890986],[-81.0703239997691,36.19674800019482],[-81.07488599961637,36.19664700002545],[-81.07743999980066,36.19975200026994],[-81.08102000000692,36.19792700005638],[-81.09253300002933,36.19741899995705],[-81.09400299956702,36.20014699969067],[-81.10820399966804,36.20044099966882],[-81.1081240002004,36.204552000027505],[-81.10649999977863,36.20494800017831],[-81.11319400003582,36.210654000070505],[-81.1164589996995,36.205293999966045],[-81.11797400034132,36.209037000355764],[-81.12499999996122,36.21381700017744],[-81.13131099990375,36.22165600007288],[-81.1294849998156,36.22713200015101],[-81.13570700006969,36.22991900031653],[-81.13668799988582,36.2321669998896],[-81.12892900014693,36.23374899981081],[-81.13382900010302,36.23707499975622],[-81.13148199960796,36.23777600027267],[-81.13683199982587,36.258804999919406],[-81.13436200020548,36.259591000314245],[-81.13110900023739,36.268910000224416],[-81.13095899955125,36.279386000075384],[-81.15151499997573,36.279379000257656],[-81.1515619998314,36.28221400035621],[-81.16379100025439,36.28208800014067],[-81.15998799956708,36.29186800017461],[-81.15961400037156,36.30824599971434],[-81.16697700027537,36.30718099993151],[-81.17236299957995,36.312126999954046],[-81.1766259996765,36.310172000351116],[-81.18811899960745,36.32492399982903],[-81.18619200013528,36.33069499977541],[-81.18985900038017,36.37337599977177],[-81.19007699994006,36.39886699968486],[-81.21258800032412,36.385553999662314],[-81.22016799996287,36.3776029997896],[-81.23082700039079,36.37498399969788],[-81.23810699955557,36.37036000010616],[-81.2382849998308,36.36829399999211],[-81.24352299989572,36.36605699980532],[-81.24926999977365,36.36761499975514],[-81.25364900022115,36.36660100024127],[-81.25596400003081,36.363205000031485],[-81.26068400006187,36.36347899964969],[-81.26123200023295,36.36497099995044],[-81.26601800038624,36.36110599967288],[-81.2671990002189,36.363142999646094],[-81.27134900033755,36.36391800018972],[-81.27983899964734,36.363236000205674],[-81.28627299961353,36.368798999741244],[-81.29193099980299,36.36676700010892],[-81.29835600044667,36.36874500032706],[-81.30380700004858,36.367124000075556],[-81.30844900026183,36.367723999782264],[-81.31193599968336,36.37034699980155],[-81.31829100000682,36.37083800011794],[-81.31857600041216,36.37592100035245],[-81.32311499979492,36.377048999799634],[-81.33193999973878,36.37223600020502],[-81.33251899987201,36.370512000001625],[-81.354301000335,36.355608000117655],[-81.36199700032472,36.31384500031922],[-81.35862700018076,36.31220799969459],[-81.35987199958753,36.30814800008711],[-81.3588489999386,36.30530200032706],[-81.36682699996062,36.301659999789905],[-81.36666700012705,36.285883999854605],[-81.37412100026744,36.284644000205446],[-81.37864299993174,36.277912999669006],[-81.38685199993246,36.28258100010661],[-81.38741900037013,36.284885000070375],[-81.4047369999968,36.290382000124175],[-81.40923199989695,36.29439700014841],[-81.41408800037043,36.2947320000056],[-81.41583599974244,36.291654000175136],[-81.41312500009764,36.281457000305835],[-81.41744300044577,36.27800499977863],[-81.4294130004027,36.27737400024898],[-81.43087899974242,36.275471000199026],[-81.42950000044134,36.272041000183],[-81.43058699966437,36.265794000175276],[-81.44050499957734,36.262084000321366],[-81.4429230002175,36.25977300020879],[-81.44663899996787,36.26078000010017],[-81.45167199999337,36.25746799978973],[-81.45246100018888,36.258342000029224],[-81.45815700001317,36.25084799985062],[-81.45823599965588,36.24841500009102],[-81.46550700039649,36.251523000305724],[-81.47538900032444,36.25303600008156],[-81.47770199958599,36.23583000003475],[-81.472183000212,36.22939200004777],[-81.46531700042567,36.22657799989198],[-81.46674699978038,36.22499000025775],[-81.46639199995315,36.220367000126586],[-81.46350700023106,36.21267699983846],[-81.46120999996474,36.21128600018333],[-81.46180699964131,36.20608900032661],[-81.45990899958316,36.20213399999097],[-81.45579199997478,36.20044099966882],[-81.50036600013091,36.142526999687675],[-81.54548799955982,36.117474999865266]]]}},{"type":"Feature","properties":{"GEOID":"37096","NAME":"State House District 96","BASENAME":"96","STATE":"37","SLDL":"096"},"geometry":{"type":"Polygon","coordinates":[[[-81.47614300035987,35.63678000009792],[-81.46812199978181,35.63350000035675],[-81.461488999624,35.63484599977185],[-81.45169899975754,35.63401100034775],[-81.44836200012386,35.63678199980073],[-81.44316300041702,35.63598500001102],[-81.44187399973099,35.639263000340335],[-81.43832100018722,35.635774999645804],[-81.4300329996455,35.63637100032089],[-81.4237119996572,35.634174999745206],[-81.41412600000525,35.636553999774804],[-81.41125899982653,35.63979799990019],[-81.40584500003453,35.639836000110684],[-81.39954599978755,35.63866700006012],[-81.39851200026797,35.632460999849826],[-81.39432699998923,35.629449000108075],[-81.38738599985983,35.63272199993398],[-81.38008400005543,35.632090999663305],[-81.38188800040226,35.63771099980393],[-81.38061100031011,35.6457160001019],[-81.37495200029574,35.64049500021477],[-81.3745830002248,35.64557800014648],[-81.37195299987253,35.64523299994512],[-81.3687119996,35.64730099980719],[-81.36706100031236,35.64306899982135],[-81.36866899994229,35.64112599984198],[-81.36250600013776,35.6375420000568],[-81.3621989999911,35.64277300011234],[-81.35699199988832,35.643482000160276],[-81.35616400023305,35.64592200021614],[-81.35120700037557,35.6449659998839],[-81.35404500024197,35.64139799965777],[-81.35149299970752,35.63940699989318],[-81.3447959999756,35.642091000017565],[-81.34282699977233,35.64676399993022],[-81.33158300026172,35.64997299985984],[-81.3281889998283,35.64288200012534],[-81.33002900016015,35.64049400004478],[-81.32843200040087,35.63948699993829],[-81.32823700040719,35.63522800025862],[-81.32030399969271,35.63525000033422],[-81.3236339996537,35.63896200018846],[-81.31980099972746,35.64180499968198],[-81.31366999970997,35.63680199974636],[-81.30804599985571,35.63577400014685],[-81.30713600018467,35.637867999680836],[-81.30431500003671,35.638232999876614],[-81.3027099998815,35.64033700021648],[-81.30474600003194,35.641573999646404],[-81.30217699977902,35.64476299984449],[-81.30713299981163,35.65071100001681],[-81.31187299993415,35.651945000075735],[-81.31186399971332,35.65438900003571],[-81.30842300032256,35.658306000120916],[-81.29961400027223,35.65971399992511],[-81.29187200025177,35.663352000176666],[-81.28351900031102,35.66007000025858],[-81.27213500016002,35.66098300019014],[-81.27335500035075,35.67733299981709],[-81.25944200012984,35.676743000217584],[-81.25367000013755,35.685191999941964],[-81.25958400042005,35.69047999989449],[-81.25938100003047,35.696837000095144],[-81.23389500041097,35.694840999688125],[-81.21946199960804,35.6956669996408],[-81.21752699973996,35.69207099973913],[-81.21281699975465,35.69434700020157],[-81.20909099995855,35.689365000081416],[-81.19999499985302,35.68606800026918],[-81.19296800040823,35.69534899982039],[-81.19389999982056,35.69974899995517],[-81.19054700029335,35.70264400010964],[-81.18661800010763,35.702590000123124],[-81.18575899959194,35.709684999794405],[-81.19089700009772,35.71910300036149],[-81.17894499968413,35.72698600034768],[-81.17902000002722,35.729732000024235],[-81.18228300004105,35.73111200026323],[-81.1960210003598,35.7317520003641],[-81.18768500013749,35.739683999771316],[-81.18325999965924,35.74140899968694],[-81.18616600019601,35.74602800020063],[-81.1875160000831,35.753161000324866],[-81.18568099977412,35.76149099970592],[-81.18856399984638,35.76781499973488],[-81.18734399965564,35.768306999967066],[-81.18802700044425,35.78141800014851],[-81.1912410000543,35.789278000009546],[-81.19118199960475,35.794625000114415],[-81.18464399988149,35.79323599988161],[-81.18653699991678,35.79674899978308],[-81.1888979997572,35.81087599965075],[-81.19150899984291,35.81488399988724],[-81.19040699965295,35.82238499965744],[-81.19608099973594,35.82116100001492],[-81.2018929999112,35.823288999791785],[-81.20513699965848,35.82279999994999],[-81.2161860000737,35.817277000215825],[-81.22581399955845,35.80951899969479],[-81.23218599960038,35.81241899982229],[-81.24095399964281,35.81284099966272],[-81.24964200021762,35.81568500003866],[-81.25411299982832,35.80879799993921],[-81.26728100023466,35.80449499977726],[-81.28011499983185,35.806135000167856],[-81.2889950000273,35.80039000008406],[-81.29807400041437,35.79819300022879],[-81.30449499996175,35.802607999873686],[-81.30834600032968,35.80250899992802],[-81.31591300044795,35.79685700026226],[-81.33679399966412,35.79647099984428],[-81.34521299972711,35.7945849999368],[-81.34829800036405,35.791434000043694],[-81.3515119999741,35.78382900001376],[-81.3555530003128,35.780272999874796],[-81.35247299969873,35.77378999975526],[-81.35387199998961,35.768851000331146],[-81.35748499980782,35.76706199998832],[-81.36379599975038,35.76780200005043],[-81.4328980001744,35.677847000206995],[-81.47614300035987,35.63678000009792]]]}},{"type":"Feature","properties":{"GEOID":"37010","NAME":"State House District 10","BASENAME":"10","STATE":"37","SLDL":"010"},"geometry":{"type":"Polygon","coordinates":[[[-78.16240799967576,35.36737500018397],[-78.15766000005563,35.36010999995713],[-78.15996800019262,35.35925099976469],[-78.1600779997975,35.356628000066664],[-78.15364899985417,35.35636300025578],[-78.15431500002603,35.35299500033407],[-78.15183000033703,35.34926099981177],[-78.14781800031065,35.348916999747146],[-78.13871200015942,35.356741000216424],[-78.13305899999281,35.35543800008591],[-78.13638999977871,35.352622000176],[-78.13973499980834,35.35372800026137],[-78.13744000009014,35.34704100004426],[-78.13166800009785,35.34659400002138],[-78.12440899995114,35.341555000050846],[-78.12428199972953,35.33799300018713],[-78.12789500044606,35.33421600018662],[-78.1239550003897,35.332627000363445],[-78.12301200020842,35.32829300022387],[-78.12908999962414,35.330528999971214],[-78.12987600034491,35.334095000358126],[-78.13317299979563,35.33447999978321],[-78.13539999974175,35.331971000324636],[-78.13297799980195,35.32690600036093],[-78.12805500027964,35.32254300017521],[-78.11222899993193,35.333566999985926],[-78.0976110000794,35.33754900005228],[-78.08013600009389,35.331745000186395],[-78.05460100007059,35.33745700028702],[-78.05140599982882,35.344058999905705],[-78.0450630000992,35.34794100019417],[-78.04522499958262,35.35265499970749],[-78.04126399960985,35.358061000341834],[-78.0344739999915,35.36136399998948],[-78.03792299977819,35.36486599967266],[-78.0404879998331,35.3603849999349],[-78.04691000010375,35.3608299998329],[-78.04659000043661,35.366948999673774],[-78.03919999987032,35.36886300032654],[-78.03470300032036,35.37429600034731],[-78.0258209995768,35.37617899981865],[-78.0223929997065,35.38036600004215],[-78.02042000020359,35.37971900029307],[-78.01999000003327,35.383411000119274],[-78.02402899982383,35.38619300031447],[-78.02334199973558,35.38839699980254],[-78.02600600042302,35.391167000307185],[-78.02614100014225,35.39308900036076],[-78.02172800025787,35.39379000020938],[-77.99613700015806,35.38567100028791],[-78.00631700001186,35.3617660003289],[-78.01337699996694,35.35229100035504],[-78.00794399990836,35.35189900006317],[-78.00589400041257,35.35780799976703],[-77.99107099962231,35.35919000029642],[-77.99210400021529,35.363714000167334],[-77.99047300012082,35.36380400014833],[-77.98768200011007,35.363433000028635],[-77.98514899984218,35.35791000011731],[-77.98098600020307,35.35821899974559],[-77.97660099990777,35.35531599973839],[-77.97970900011092,35.35145400003711],[-77.97888200028056,35.347961999782456],[-77.97224699957462,35.35308100017528],[-77.96804600030066,35.35245800021733],[-77.9626979997326,35.35726800003245],[-77.95733499999422,35.353262999741666],[-77.9543280000734,35.35592500030958],[-77.9484139997909,35.35141500007606],[-77.94530700031098,35.351062000078954],[-77.94410700021173,35.34786199963567],[-77.94150699999669,35.34656199965109],[-77.9329399997957,35.349000999983325],[-77.93247600018853,35.34801100002167],[-77.93574500005018,35.34717900013682],[-77.93385399966469,35.34544700015205],[-77.93499100001475,35.345166000194446],[-77.93434199956131,35.34340200012746],[-77.96507700001469,35.3363549999276],[-77.96979100019794,35.33297100016825],[-77.96928099966169,35.32378199977108],[-77.97058799989107,35.32163400013505],[-77.9665569995981,35.31814600035585],[-77.95662199996669,35.3173089996354],[-77.95212299986858,35.31962000029021],[-77.94603500040712,35.320076000098176],[-77.94098200029016,35.317765000014454],[-77.9440770000745,35.314190999652915],[-77.92897799999804,35.313827999866156],[-77.92554699975469,35.32396100021878],[-77.9169029995608,35.32120600000122],[-77.90821900008227,35.317002000005594],[-77.89266100042148,35.30371099985083],[-77.88044299986915,35.295815000053594],[-77.87962600008454,35.29358099967809],[-77.8815590003028,35.28947700029308],[-77.85699699969972,35.27609799978518],[-77.85438899998708,35.283299999863],[-77.84772499986713,35.29041099989646],[-77.84875099988909,35.30022399986413],[-77.84526600011739,35.3006879998385],[-77.83976699993657,35.29844899963531],[-77.82960600034936,35.30851800002753],[-77.82642100015332,35.306806999939695],[-77.82417999996348,35.343810999730486],[-77.81926999996163,35.35199900034081],[-77.81804700029616,35.35743499985983],[-77.80285100013532,35.37287800026278],[-77.79986099993295,35.38228199982452],[-77.8038629999136,35.39529500020557],[-77.80540299977147,35.40732899990005],[-77.81333099956477,35.41378700002487],[-77.81804200027331,35.4154739999236],[-77.82183599984148,35.421198999883096],[-77.8267440001935,35.42408999978682],[-77.82251100023419,35.58538299964178],[-77.82436200043666,35.586460000275395],[-77.99834800021067,35.58559699987428],[-78.05800600037466,35.5978060001602],[-78.15491000005278,35.417809999932366],[-78.15367200031869,35.39198699975317],[-78.14975999985143,35.39175100006695],[-78.14419799992142,35.38669499980537],[-78.14581700032033,35.38298099968109],[-78.15072300012422,35.37856299980426],[-78.15783800033088,35.37501599968374],[-78.16240799967576,35.36737500018397]]]}},{"type":"Feature","properties":{"GEOID":"37098","NAME":"State House District 98","BASENAME":"98","STATE":"37","SLDL":"098"},"geometry":{"type":"Polygon","coordinates":[[[-80.95875299983463,35.41224700017634],[-80.95570800027899,35.40162299991028],[-80.94993499956347,35.40053499987609],[-80.94578600016806,35.4052940001758],[-80.94389899998055,35.40497199979249],[-80.93830899956312,35.40836700017568],[-80.93410800028919,35.41541299976506],[-80.93262000030984,35.41532000009459],[-80.92581899992253,35.41030000002828],[-80.92652000025448,35.408015999879126],[-80.92421399976733,35.40115099986813],[-80.91379799991199,35.40210299965082],[-80.9114689998586,35.40467199998331],[-80.90675499967536,35.40537999993773],[-80.90320600032955,35.409440000255664],[-80.89748399966766,35.40657400000828],[-80.88657999991568,35.40688000026978],[-80.87963499958833,35.404075999978886],[-80.87538699956038,35.40624300032695],[-80.87399499984053,35.405155999855246],[-80.86939100016043,35.40721600029545],[-80.86608299994074,35.41219700003982],[-80.8624269995665,35.41410800026581],[-80.85901700013788,35.41428099998852],[-80.85804100034461,35.40893899971576],[-80.83825300019924,35.411162000349265],[-80.83657000022625,35.414805000149435],[-80.83466899979504,35.413386999850985],[-80.83350399985589,35.414393999936955],[-80.82770000007655,35.4102859998892],[-80.8235919997907,35.41318300016914],[-80.80483899988813,35.41361199982703],[-80.80098699969531,35.41503199993811],[-80.7986269996798,35.41961199974209],[-80.7924749997459,35.42553999965732],[-80.78790500040101,35.423244000138595],[-80.78117199978577,35.42346899967413],[-80.77363800017777,35.420625000278804],[-80.76427400028366,35.42477599968228],[-80.75673899995242,35.42365699975732],[-80.77297399965572,35.457679000057574],[-80.77338399973455,35.463148000235606],[-80.77933099962901,35.47201199986807],[-80.78189499985903,35.483818999846996],[-80.78686400031043,35.49315599994612],[-80.78416700001101,35.50601700000855],[-80.9067229998883,35.51478500001471],[-80.94734399956927,35.48847299981038],[-80.9453250000356,35.48361700000959],[-80.94814299981051,35.48004399972752],[-80.95174499975808,35.46822399968798],[-80.9506180003521,35.46528899996014],[-80.94325100025034,35.4593729997664],[-80.94238000003907,35.45514700024536],[-80.94611800042907,35.44971800024689],[-80.95037999980241,35.44730199978227],[-80.95844700041118,35.433495999700405],[-80.95512800032085,35.42102299969694],[-80.95875299983463,35.41224700017634]]]}},{"type":"Feature","properties":{"GEOID":"37011","NAME":"State House District 11","BASENAME":"11","STATE":"37","SLDL":"011"},"geometry":{"type":"Polygon","coordinates":[[[-78.8518540001298,35.74763999963972],[-78.84874500010174,35.739643000005096],[-78.85032900034054,35.732508000242674],[-78.84645200003335,35.73108400031005],[-78.84447699998232,35.734117000082094],[-78.8388999999837,35.73406799963652],[-78.82965300026544,35.736809999919544],[-78.82008799963158,35.745502999900474],[-78.81642399975973,35.74612199970561],[-78.81209799991397,35.7420459998151],[-78.78968799981227,35.73632300029334],[-78.77990700016665,35.739691999936646],[-78.77718999977576,35.72919700012911],[-78.74957400029452,35.724215000181836],[-78.74792599958329,35.72720399994873],[-78.73682699983763,35.72749900033552],[-78.73632800007034,35.74469799971449],[-78.73771300011752,35.745645000356625],[-78.73743399955995,35.74794699988005],[-78.73175899965206,35.752147999680666],[-78.72483699978923,35.76781999989326],[-78.72223099972642,35.769199000241784],[-78.72020100032209,35.765003000069],[-78.71512800011364,35.76240100021962],[-78.71160599963369,35.762148000085794],[-78.70784700022561,35.76513099980374],[-78.70363799965742,35.762093000235474],[-78.70763100031554,35.772007000330916],[-78.70504100014625,35.77210499967054],[-78.70469999966441,35.77727400028574],[-78.69880600037169,35.7799709998681],[-78.70074500043773,35.78205800021308],[-78.69992100008214,35.783907999687585],[-78.70854600000945,35.78654199986351],[-78.71863700017477,35.78643300014142],[-78.71754199965751,35.78883400033471],[-78.72591800006279,35.78618099974372],[-78.7469199996528,35.789560000100366],[-78.74517800012856,35.79205999979864],[-78.75514600027024,35.79630699966538],[-78.77373500014129,35.79246500032908],[-78.77469699969085,35.80302300008429],[-78.79172899998558,35.80146199999288],[-78.80832199988915,35.79251800013419],[-78.8097270000278,35.79074400015055],[-78.80998399994576,35.783450999851276],[-78.8263190001065,35.786803999961194],[-78.83028799957687,35.79032099974721],[-78.83855299965406,35.792852000251344],[-78.84559900026375,35.79205499970723],[-78.84721899958924,35.79143100011097],[-78.84878299973656,35.78004600022057],[-78.84324799957074,35.7717299998338],[-78.84270000029798,35.76757099964042],[-78.8475600000711,35.750265999817444],[-78.85102200027657,35.75023699978558],[-78.8518540001298,35.74763999963972]]]}},{"type":"Feature","properties":{"GEOID":"37108","NAME":"State House District 108","BASENAME":"108","STATE":"37","SLDL":"108"},"geometry":{"type":"Polygon","coordinates":[[[-81.27161600030125,35.31629800014754],[-81.25873999997295,35.30760600019002],[-81.25648000041485,35.307533000055244],[-81.25236600028123,35.31182400002361],[-81.24762299978565,35.30996299971048],[-81.24944100037617,35.30835100025958],[-81.24789200029748,35.30507399990489],[-81.24252799983587,35.306997999718064],[-81.23872300039704,35.305896999758346],[-81.23630800012994,35.307524000023996],[-81.23143599976292,35.30398199984715],[-81.22611300020752,35.30469099965275],[-81.21661899971876,35.30068899984504],[-81.2117649997934,35.295762000163116],[-81.2088700000256,35.29565700034673],[-81.20468300009702,35.29824100031363],[-81.19563100037246,35.294991000224606],[-81.19208700015122,35.29649900031244],[-81.19318099994526,35.28848099997698],[-81.19581299994734,35.285741999902484],[-81.18799399993397,35.283643000277706],[-81.18785500001681,35.281462999840564],[-81.19516600004205,35.28137299982244],[-81.19503499962248,35.27866100002364],[-81.19223799976396,35.27870799990848],[-81.19392999995779,35.2654419996804],[-81.17256900034258,35.26367399998338],[-81.16756399990618,35.265322000101555],[-81.16826799971288,35.25862599987805],[-81.1701830003878,35.2586030002446],[-81.17011200024267,35.2532579996414],[-81.14743400035236,35.25362899995199],[-81.15264999977764,35.262626000073745],[-81.149457000084,35.26876000011687],[-81.14094299958646,35.265982000353496],[-81.114875000359,35.26176299996666],[-81.1009980001231,35.251658999874174],[-81.09725800008326,35.25440100036157],[-81.09832900031108,35.24280400014619],[-81.09264500018234,35.24267100020407],[-81.08815399958183,35.246494999913274],[-81.08351599956656,35.24803000009494],[-81.08187299977654,35.25141499980799],[-81.07309600041157,35.249004000202184],[-81.0682550000067,35.25452699976658],[-81.06466200027995,35.25106899971773],[-81.06228499964769,35.25263500013071],[-81.06017200040269,35.2486220001915],[-81.05251900007069,35.25052100030179],[-81.05331099974093,35.25599799994027],[-81.01382499986188,35.25768500035999],[-81.01489600008968,35.26979000024649],[-81.00899600005089,35.281042999633534],[-81.00116100014401,35.30492800013176],[-80.99538699960358,35.30947199997142],[-80.99016399960729,35.31955099983003],[-80.98094399965322,35.32882200026183],[-80.98130400040165,35.33227300000287],[-80.98530200018433,35.33721699973717],[-80.98425199987292,35.34090999966944],[-80.9751120002848,35.34470900030394],[-80.97300199961622,35.34987900032869],[-80.97062099968431,35.35132299998051],[-80.96708800023202,35.35079399996212],[-80.9625389999052,35.347025000315604],[-80.9545550000354,35.35067599967792],[-80.94339900038834,35.35062500007916],[-80.93419899962745,35.356934000074126],[-80.9258239999454,35.35806999987566],[-80.92300699999541,35.360488999959486],[-80.92942300041824,35.36299299966901],[-80.93587699957759,35.36210999987565],[-80.95105799966983,35.367004000359586],[-80.95492900012923,35.36980799967478],[-80.95770400024644,35.37458699974169],[-80.96016100034633,35.375413000350676],[-80.96402199986167,35.37419199979825],[-80.96809300033762,35.367673999644616],[-80.97383299964453,35.363940000254864],[-80.97961700023069,35.365219000131255],[-80.98370000040218,35.368351000009575],[-80.98678400031588,35.37568999982527],[-80.98613599968738,35.38058199994315],[-80.97753300039969,35.38209800029604],[-80.96797199996378,35.38756599977517],[-80.95683999970785,35.39145799963513],[-80.95468999975462,35.394278000025864],[-80.95485999963394,35.40007800001354],[-81.01624699980168,35.40389100018578],[-81.21438299955182,35.41084200019519],[-81.27161600030125,35.31629800014754]]]}},{"type":"Feature","properties":{"GEOID":"37097","NAME":"State House District 97","BASENAME":"97","STATE":"37","SLDL":"097"},"geometry":{"type":"Polygon","coordinates":[[[-81.53748500032175,35.56443099971735],[-81.51542099982646,35.55829699972026],[-81.50921799983894,35.550351999685894],[-81.50946300006133,35.536050000144265],[-81.51300399990953,35.52331700020052],[-81.48138300007459,35.47150300015881],[-81.4586299998412,35.42331699965984],[-81.45560000035417,35.41981100000299],[-81.01624699980168,35.40389100018578],[-80.95485999963394,35.40007800001354],[-80.95871699984961,35.41150099966177],[-80.95512800032085,35.42102299969694],[-80.95863900003182,35.43290099972462],[-80.95025400030401,35.447466999777994],[-80.9430860003939,35.45291599992286],[-80.94237099981824,35.45644899983109],[-80.94325100025034,35.4593729997664],[-80.9506180003521,35.46528899996014],[-80.95174499975808,35.46822399968798],[-80.94814299981051,35.48004399972752],[-80.9453250000356,35.48361700000959],[-80.94804900009919,35.491018000145864],[-80.96037999973115,35.49615099964838],[-80.96352100044457,35.50596100021093],[-80.95598000026554,35.51507199974782],[-80.95775000027719,35.52365799972149],[-80.95632699969686,35.531946999766326],[-80.95385299987854,35.5323249999329],[-80.94477900041267,35.52600600011297],[-80.94130200013856,35.526702000071666],[-80.93966699984614,35.52920299978257],[-80.94205799982379,35.53263899987364],[-80.95880200023844,35.544611999714974],[-80.9600249999039,35.547020000057046],[-81.49623799975359,35.56706199998225],[-81.53540300014059,35.56813700004771],[-81.53748500032175,35.56443099971735]]]}},{"type":"Feature","properties":{"GEOID":"37013","NAME":"State House District 13","BASENAME":"13","STATE":"37","SLDL":"013"},"geometry":{"type":"Polygon","coordinates":[[[-77.16776899970391,34.79099999982969],[-77.16538000027438,34.7878930002335],[-77.16206500038199,34.78717700034485],[-77.16299500014449,34.785526000142475],[-77.16598600017178,34.7850320001067],[-77.16628699957235,34.779812999919265],[-77.16404899975556,34.77891099970312],[-77.16065500022046,34.78181399968987],[-77.15837499967256,34.781663000100885],[-77.15711799967191,34.77973899981643],[-77.1600610000186,34.77701399981887],[-77.1600950003538,34.77425700015544],[-77.15758499965214,34.77356899984701],[-77.15398100005476,34.7768369996595],[-77.15312999993498,34.77313999990428],[-77.1506539995685,34.771171000223156],[-77.1584190000535,34.76947800028259],[-77.15791400043844,34.76603599985568],[-77.15502399979518,34.765634000287314],[-77.14901699962624,34.76850599973478],[-77.14336299963473,34.76578900015638],[-77.14168600040783,34.75970399972535],[-77.13933300006501,34.76010500012707],[-77.13575100020893,34.76460900015895],[-77.13126700017943,34.75891799995936],[-77.12564599979987,34.75670699964698],[-77.12576600034879,34.7482690001184],[-77.12179799980504,34.73153399973665],[-77.10915300035374,34.717874000313195],[-77.10599499992188,34.710328000174975],[-77.10515300002291,34.694711999950364],[-77.10856099980172,34.68734600020714],[-77.1133820001151,34.68291000016192],[-77.11352900042819,34.680541000254124],[-77.10789899982781,34.67593900004797],[-77.09607299981094,34.67123999963329],[-77.10174699989392,34.66192100010263],[-77.11316000035725,34.651026999800116],[-77.11184399990705,34.646595000032185],[-77.10838000005175,34.64305800011398],[-77.10803199989721,34.63973999998602],[-77.11293000020348,34.63854400000267],[-77.1171980003229,34.58436699998399],[-77.09431100019522,34.58859099966821],[-77.07920799992078,34.595973999954445],[-76.99966600025029,34.6170089999525],[-76.95096799991475,34.62516199986645],[-76.81893699981528,34.643253000345894],[-76.74965500036451,34.64766500006052],[-76.72982700003618,34.647209999860806],[-76.69279999990682,34.64295000009518],[-76.67722700017744,34.63430400012469],[-76.6147219999262,34.61827800021877],[-76.61234400036734,34.60012800031684],[-76.59548500032498,34.57784299975024],[-76.59074500020243,34.56313000034946],[-76.58372000040748,34.55262500001006],[-76.57206599991972,34.54254400029478],[-76.56250899968177,34.536912000324875],[-76.54787400011081,34.53283899975104],[-76.52437799971266,34.532155000345966],[-76.50421299999874,34.53959600017244],[-76.49199100014674,34.54653200005889],[-76.48318299992133,34.55636000022847],[-76.47746000033284,34.56620399988398],[-76.46633800012266,34.595738000145005],[-76.43900100030068,34.640288000131584],[-76.37463800017426,34.71599099968864],[-76.31573099967264,34.77603000032371],[-76.24963199986976,34.83463100018704],[-76.21924799994399,34.85642199969277],[-76.12462599956527,34.933081000172486],[-76.02442999956098,35.005363999759155],[-76.0069360002072,35.00603100014211],[-76.00655700009054,35.053868999975975],[-76.01600300000038,35.065319000197206],[-76.01904400025639,35.06539199986868],[-76.06577400021354,35.124936999739575],[-76.30413599963443,35.20145300035441],[-76.62465099970984,35.030931000206834],[-76.75600300011698,34.956151000157355],[-76.77567499991139,34.95074899999966],[-76.81227100004551,34.95128599982733],[-76.8393330004062,34.95941000009321],[-76.85255000031803,34.93614200018677],[-76.85682299956201,34.93814499997236],[-76.8577580002457,34.935457999847976],[-76.86038000020206,34.93429499963928],[-76.86261999966865,34.9351749999722],[-76.86122600029897,34.93536899994547],[-76.86067999977772,34.93565199988829],[-76.86299499958739,34.93746100013624],[-76.86369500009442,34.93654800000501],[-76.86354899960625,34.93789399997263],[-76.8638690001717,34.93646600029437],[-76.86424300026552,34.93735600000836],[-76.8652769997851,34.93725099974612],[-76.86458899987193,34.93649800028104],[-76.86824799972091,34.93841400001704],[-76.87677999976178,34.93907399985726],[-76.87693999959535,34.940332999978025],[-76.8826959996941,34.94001199975922],[-76.8920360001971,34.93657999995964],[-76.89874100032493,34.938994999840425],[-76.90288499969749,34.93814399992403],[-76.90383899974944,34.94028200033002],[-76.90541399976739,34.93996399999013],[-76.90398500023761,34.941880999759114],[-76.90564700029421,34.94244700012041],[-76.90273599973456,34.94418299963925],[-76.90342399964774,34.94484800001015],[-76.90313599976764,34.94654100036636],[-76.89855899985174,34.944676999651456],[-76.89968500033113,34.94869899966555],[-76.89331999996193,34.94495000022224],[-76.89508699960052,34.947395999773484],[-76.89949100016239,34.94900700010682],[-76.89873600030205,34.950612000330544],[-76.89640700024867,34.950319999900934],[-76.89706000000174,34.952110999800304],[-76.89428300023471,34.95430299983881],[-76.89563099957364,34.95533600021161],[-76.89861499992824,34.95395800035372],[-76.90785900017174,34.95455399967635],[-76.9072649999699,34.952135999692196],[-76.90898099955487,34.951587000194024],[-76.90724599970332,34.950070000254854],[-76.9056039997382,34.95069599967653],[-76.90612500014511,34.94787100017295],[-76.91015700026298,34.947497999761104],[-76.90759700023092,34.945784000228144],[-76.91054399987726,34.94422899993594],[-76.91388800008198,34.94432299966167],[-76.91292099961123,34.941438000272804],[-76.91428200026728,34.94344400026712],[-76.91687099971335,34.94338899967092],[-76.91678500039794,34.94218600004236],[-76.91883400006881,34.94177400012731],[-76.91843300021083,34.94309800001278],[-76.92473300028273,34.93876899978227],[-76.92676799970992,34.94079099978507],[-76.92891000016556,34.93958400021307],[-76.92842700029179,34.93627600025465],[-76.9143049998335,34.92232699976779],[-76.91605999977651,34.9193630003389],[-76.91364899970736,34.918490000359874],[-76.91500899964018,34.915354999755465],[-76.91908199976594,34.914378999737394],[-76.91978100044808,34.91303100000052],[-76.91788900023771,34.91148199983209],[-76.91978800012077,34.90995600008111],[-76.91853299976995,34.907181999691325],[-76.92067500022559,34.90699000023306],[-76.9155719998799,34.90614800013151],[-76.91541299987124,34.9029890000474],[-76.91658700003121,34.902872999907764],[-76.91806699961464,34.90234600035418],[-76.91889500016819,34.901533000134904],[-76.91543899981049,34.90282400003461],[-76.91522700009838,34.89992200021129],[-76.91845499995215,34.89875200030557],[-76.92227799983264,34.89138400016291],[-76.92517199977554,34.89352600031494],[-76.9233440000376,34.89114799982381],[-76.9271190002375,34.88840600035492],[-76.92407999963133,34.88301600024122],[-76.92945199959053,34.88233400003431],[-76.92746800021696,34.87714699990435],[-76.92879800001256,34.87488500005069],[-76.92670300031091,34.87404699992955],[-76.92399900033878,34.8826730001336],[-76.91667300024494,34.871487000135204],[-76.91160099986139,34.872003999686996],[-76.91084099997819,34.86862799989619],[-76.90734699998566,34.867901000315484],[-76.90989299977403,34.86323600035007],[-76.9139590002271,34.861693000241736],[-76.89566499990883,34.834444000006464],[-76.95477300025192,34.82450800023461],[-76.95443799961784,34.80906600018124],[-77.07826300008965,34.811321999721024],[-77.08025499985915,34.809984000198455],[-77.08495200032397,34.81114799979488],[-77.09008200043385,34.8086690000924],[-77.09073099998896,34.799316000071066],[-77.09614999980383,34.79924300002615],[-77.10738199961887,34.80310599980472],[-77.11268800035414,34.79647500015552],[-77.11556600040352,34.79722999990731],[-77.11620499991288,34.79391700019208],[-77.12003299981626,34.7945010003206],[-77.1236470003577,34.792635999640666],[-77.1253930000799,34.79337600001405],[-77.12560300014219,34.7961740000954],[-77.12812600036433,34.79589799991019],[-77.13066499958165,34.79812499997336],[-77.13423300009237,34.79683599975136],[-77.135714000399,34.79799300014091],[-77.14223000038095,34.7970040001155],[-77.14419100018831,34.79333599988455],[-77.1477539997778,34.794190999719035],[-77.15330300018734,34.79257100012798],[-77.16120000001851,34.7951999999109],[-77.16438199984148,34.79050099974671],[-77.16776899970391,34.79099999982969]]]}},{"type":"Feature","properties":{"GEOID":"37008","NAME":"State House District 8","BASENAME":"8","STATE":"37","SLDL":"008"},"geometry":{"type":"Polygon","coordinates":[[[-77.70066099981341,35.65231600033535],[-77.69480799963027,35.65183800007424],[-77.68827999995274,35.64894500034519],[-77.68043500000013,35.638716000003406],[-77.68266699996913,35.63372899985796],[-77.68162199968059,35.630761999705065],[-77.67363199996299,35.623240999756284],[-77.6624379997828,35.6192520003484],[-77.62881900033058,35.58597299963491],[-77.62149700043467,35.582132000224945],[-77.61037000020161,35.567551999754826],[-77.60141899986107,35.56687900011293],[-77.59137399972649,35.56319700030213],[-77.58147699972992,35.55364000000526],[-77.57083300026895,35.54884199967872],[-77.56636400030807,35.53987400023721],[-77.55780299995486,35.53191000028866],[-77.54118699958673,35.53305899965646],[-77.53456500019789,35.52954800025849],[-77.53098900018959,35.53038000007168],[-77.53013499969676,35.52799100017841],[-77.52516600014368,35.528337000126534],[-77.52554199988731,35.52520800021954],[-77.52352199963043,35.525960000297985],[-77.5223800001558,35.52381500035388],[-77.52528800034241,35.51966299975751],[-77.5218720001677,35.51760599994996],[-77.51844299957419,35.517259000283815],[-77.51733700008458,35.51900000032542],[-77.51291599980428,35.5179939998653],[-77.510397999605,35.51978300021084],[-77.50911399984017,35.51955999992601],[-77.50924500025974,35.517777999955406],[-77.50644199965512,35.517152000027345],[-77.50528199973884,35.5182499998454],[-77.50614700010233,35.51997799974229],[-77.50377299984312,35.521973999641794],[-77.50478499962139,35.52864499968727],[-77.48449000021114,35.55001799994302],[-77.47061700017318,35.55421100032555],[-77.46913300039179,35.5527560001831],[-77.46218200021666,35.55216099984608],[-77.46284300036565,35.55768000010778],[-77.45740500028421,35.55782400036049],[-77.45262400015379,35.55375300005865],[-77.42691699970304,35.5476450002691],[-77.42067899955543,35.54438699990516],[-77.41749099988465,35.54982599985493],[-77.41184500028908,35.54775600026631],[-77.40879599963715,35.55292700031555],[-77.40564800014936,35.551952999808],[-77.40615799978728,35.55688200032144],[-77.40418299973624,35.565545999727],[-77.39982199973039,35.57138099985224],[-77.39387599966084,35.574059999701824],[-77.3843190003212,35.57540100002001],[-77.37190099975228,35.58412400007968],[-77.36601800033024,35.590291999669965],[-77.34780799967758,35.59000699967309],[-77.33744100022604,35.584735999942744],[-77.313763000253,35.580659999711706],[-77.31115499964204,35.583766000164076],[-77.3122429995883,35.584527999707035],[-77.30077899996968,35.598557000142485],[-77.30342199984241,35.60072000003657],[-77.30303400040322,35.60902299974838],[-77.29730199969559,35.60962299977376],[-77.29835299983192,35.61740299986739],[-77.30905900011548,35.613952999940686],[-77.31867400007977,35.61407700002472],[-77.32897500030738,35.621535999844525],[-77.32814099990603,35.6112289998038],[-77.33002200024575,35.607585999871326],[-77.33493700027046,35.61375300005964],[-77.35819500011893,35.61597200002589],[-77.35893699956046,35.623941000274854],[-77.35436200019268,35.62459100032849],[-77.35261499974726,35.62642100036298],[-77.35383499993799,35.6292720001228],[-77.3634459997043,35.63429500033772],[-77.35850200026559,35.63714200024656],[-77.35136000029475,35.63794700033463],[-77.34539499995861,35.64067799971601],[-77.34498499987977,35.643162000166974],[-77.34890499984466,35.64806699974966],[-77.34768100035427,35.65072599991665],[-77.35113500016384,35.654597999663125],[-77.35962399964872,35.65602800007457],[-77.36352299969721,35.65867200031697],[-77.36080000035682,35.66936200031537],[-77.36495799997309,35.68066900029414],[-77.38597200015697,35.683748000289384],[-77.38705599990526,35.70322599983117],[-77.40237400026484,35.70149100035412],[-77.4052859997511,35.72494200036439],[-77.39887799972416,35.7243850000815],[-77.39920999998519,35.73526199973809],[-77.38236400036162,35.73730699999023],[-77.36941100004043,35.727079999726975],[-77.37440200023312,35.71679899997736],[-77.37089599964672,35.712686999729556],[-77.35673499972869,35.708140000008214],[-77.3528929995816,35.7041249999502],[-77.35147999994535,35.69857799974196],[-77.35044399987763,35.70220499976738],[-77.34630399980473,35.70236400002598],[-77.3490610003786,35.7069770002929],[-77.34760099998833,35.71139100005526],[-77.32531800010824,35.736415999893566],[-77.32231200001235,35.7471960000378],[-77.32272000044134,35.75271899988787],[-77.32649999976583,35.76127799978615],[-77.31884999980687,35.76800399967297],[-77.31273899988086,35.771081999796344],[-77.30879200015181,35.7801300001232],[-77.30593800039186,35.77931699988858],[-77.30321099995523,35.780637000201885],[-77.29403799985684,35.7873949999807],[-77.28582499965816,35.7969409998858],[-77.39015400006268,35.83306200019328],[-77.39130800013116,35.82929999998363],[-77.39711299973541,35.825191999804865],[-77.41023000008812,35.826286999801674],[-77.41385100030227,35.82336700022975],[-77.41404899977069,35.8177159997985],[-77.41790299961332,35.81120699989446],[-77.42448600044074,35.805748999660715],[-77.42922800021307,35.805247999779695],[-77.44533800024291,35.80890600006478],[-77.44891199970307,35.806827000261436],[-77.45228900041805,35.79990000019918],[-77.47228599990247,35.80109500002821],[-77.51626099983389,35.7613340003131],[-77.56287899963806,35.73592199993435],[-77.67025500014634,35.672202999843215],[-77.70066099981341,35.65231600033535]]]}},{"type":"Feature","properties":{"GEOID":"37095","NAME":"State House District 95","BASENAME":"95","STATE":"37","SLDL":"095"},"geometry":{"type":"Polygon","coordinates":[[[-80.96339900024583,35.50648799992124],[-80.96129199995029,35.49704899977095],[-80.94953100023075,35.492357999728966],[-80.94734399956927,35.48847299981038],[-80.9067229998883,35.51478500001471],[-80.78426999994318,35.50601999970931],[-80.73724899973287,35.50580100005159],[-80.7372930001138,35.524897000169034],[-80.74082599956608,35.53215499979214],[-80.74217600035146,35.54082200028558],[-80.73979700006937,35.54414500022043],[-80.75768399978355,35.616238999818805],[-80.79891200008515,35.61494200033435],[-80.80011600038236,35.63906600008046],[-80.8566889999094,35.6446040001367],[-80.90057500015236,35.646657999651644],[-80.92754000042868,35.62297800006923],[-80.92521300002514,35.620258000103576],[-80.92643700041383,35.61786800012947],[-80.93006399957741,35.61544099994682],[-80.93826699973033,35.61344399983726],[-80.94331099962648,35.60627300024194],[-80.94097900009838,35.60080299988863],[-80.9351240002654,35.59638200033085],[-80.93348300012521,35.59132900003965],[-80.9364399998173,35.587746000126856],[-80.94875700010387,35.58355300030382],[-80.95332800017198,35.578612999882445],[-80.95701799998308,35.5677499996689],[-80.95353099966324,35.55393299983419],[-80.9600249999039,35.547020000057046],[-80.95880200023844,35.544611999714974],[-80.94162099998078,35.53225400002975],[-80.93973399979328,35.528630999666426],[-80.94477900041267,35.52600600011297],[-80.95385299987854,35.5323249999329],[-80.95632699969686,35.531946999766326],[-80.95775000027719,35.52365799972149],[-80.95598000026554,35.51507199974782],[-80.96339900024583,35.50648799992124]]]}},{"type":"Feature","properties":{"GEOID":"37093","NAME":"State House District 93","BASENAME":"93","STATE":"37","SLDL":"093"},"geometry":{"type":"Polygon","coordinates":[[[-81.91805100002321,36.28719899985436],[-81.91283100039998,36.28147100029211],[-81.90757300024359,36.278552999979716],[-81.90007200024756,36.28073199991302],[-81.89535700023939,36.272115999970495],[-81.89348900031845,36.264530999724144],[-81.89706000030387,36.262009999890545],[-81.89550899967702,36.26035000006805],[-81.89585699983158,36.2582499999308],[-81.89793200034006,36.25752200027526],[-81.8960779997645,36.25643000002374],[-81.8966750003394,36.255079999831594],[-81.90003700008745,36.25401100005824],[-81.90094699975847,36.252166000139376],[-81.90220399975912,36.254301999978296],[-81.90394299980863,36.25142699985297],[-81.90338999961467,36.24936999995809],[-81.89988899994945,36.24859999990709],[-81.89702599996868,36.242737999976036],[-81.90223700026941,36.23917500023406],[-81.907742000298,36.23863799984416],[-81.90789899975852,36.23409800028813],[-81.91123799994035,36.22950199991178],[-81.9074479996718,36.22373999982815],[-81.90676300013169,36.21825600035071],[-81.90900799962115,36.216391999965815],[-81.90769799991706,36.21416299989264],[-81.90158699999108,36.205863999812955],[-81.88832400004848,36.19660700023097],[-81.88538300024992,36.189450999830584],[-81.85678100003133,36.19367999966745],[-81.83725400000188,36.1728960003458],[-81.83564700019684,36.16849599981506],[-81.82937700026221,36.16901099996869],[-81.82434500006161,36.15665100013852],[-81.81152200033509,36.11145899965416],[-81.67483300012884,36.12261900033296],[-81.66063200002785,36.11839900008235],[-81.6549050002414,36.11838000013321],[-81.65162999963367,36.124887000149606],[-81.65181499958159,36.12962700029304],[-81.65036299958727,36.13048299992025],[-81.65257399963987,36.131912000063],[-81.65140000037822,36.13633700028797],[-81.64438200025593,36.13613200012665],[-81.64024300000793,36.13876499981313],[-81.64626699989529,36.15249999968708],[-81.64496700023693,36.153937999860815],[-81.64590600022026,36.15996099974005],[-81.64248900022064,36.16267000000915],[-81.6477599998975,36.166260000334866],[-81.64650399972176,36.17040400021274],[-81.64495200016833,36.17107400013885],[-81.648224000403,36.17447699999155],[-81.64637800022338,36.17973600032429],[-81.64806500039434,36.1815769998424],[-81.65097299968264,36.18057199982235],[-81.65343300015559,36.182111999929745],[-81.65224800012496,36.18374000022881],[-81.6533910003228,36.18703099995788],[-81.65885399962028,36.19028000022149],[-81.65097400040587,36.193594000123824],[-81.6453160002164,36.191946999944996],[-81.63470199999432,36.204182999862965],[-81.62458499988972,36.199024000252535],[-81.61860899968295,36.19828200032255],[-81.59996999958318,36.19929199970804],[-81.60013799981266,36.202873999716196],[-81.55110700028955,36.146147999686676],[-81.5465499995668,36.145984999984805],[-81.54322399980376,36.1429200003587],[-81.52705199984966,36.137242000031364],[-81.5213660000711,36.1308680001204],[-81.50036600013091,36.142526999687675],[-81.45579199997478,36.20044099966882],[-81.45990899958316,36.20213399999097],[-81.46180699964131,36.20608900032661],[-81.46120999996474,36.21128600018333],[-81.46350700023106,36.21267699983846],[-81.46639199995315,36.220367000126586],[-81.46674699978038,36.22499000025775],[-81.46531700042567,36.22657799989198],[-81.472183000212,36.22939200004777],[-81.47770199958599,36.23583000003475],[-81.47538900032444,36.25303600008156],[-81.46550700039649,36.251523000305724],[-81.45823599965588,36.24841500009102],[-81.45815700001317,36.25084799985062],[-81.45246100018888,36.258342000029224],[-81.45167199999337,36.25746799978973],[-81.44663899996787,36.26078000010017],[-81.4429230002175,36.25977300020879],[-81.44050499957734,36.262084000321366],[-81.43058699966437,36.265794000175276],[-81.42950000044134,36.272041000183],[-81.43087899974242,36.275471000199026],[-81.4294130004027,36.27737400024898],[-81.41744300044577,36.27800499977863],[-81.41312500009764,36.281457000305835],[-81.41583599974244,36.291654000175136],[-81.41408800037043,36.2947320000056],[-81.40923199989695,36.29439700014841],[-81.4047369999968,36.290382000124175],[-81.38741900037013,36.284885000070375],[-81.38685199993246,36.28258100010661],[-81.37864299993174,36.277912999669006],[-81.37412100026744,36.284644000205446],[-81.36666700012705,36.285883999854605],[-81.36682699996062,36.301659999789905],[-81.3588489999386,36.30530200032706],[-81.35987199958753,36.30814800008711],[-81.35862700018076,36.31220799969459],[-81.36199700032472,36.31384500031922],[-81.354301000335,36.355608000117655],[-81.32363899967658,36.3768220001119],[-81.31857600041216,36.37592100035245],[-81.31829100000682,36.37083800011794],[-81.31193599968336,36.37034699980155],[-81.30745800039995,36.36745100031581],[-81.29835600044667,36.36874500032706],[-81.29193099980299,36.36676700010892],[-81.28627299961353,36.368798999741244],[-81.27983899964734,36.363236000205674],[-81.27134900033755,36.36391800018972],[-81.2671990002189,36.363142999646094],[-81.26601800038624,36.36110599967288],[-81.26123200023295,36.36497099995044],[-81.26068400006187,36.36347899964969],[-81.25588600021301,36.363217000357054],[-81.25364900022115,36.36660100024127],[-81.25002999965682,36.36750699996916],[-81.24332000040445,36.36608800029005],[-81.2382849998308,36.36829399999211],[-81.23810699955557,36.37036000010616],[-81.23082700039079,36.37498399969788],[-81.22016799996287,36.3776029997896],[-81.21258800032412,36.385553999662314],[-81.18925599995751,36.399351000095024],[-81.16295600002815,36.43251499982252],[-81.16036400020903,36.42899899982859],[-81.1491120003025,36.42525099998028],[-81.14691700014343,36.422058000117836],[-81.14765299973716,36.419181000123565],[-81.14263099958232,36.41919799985315],[-81.13824199998739,36.412479000019935],[-81.13262599963072,36.415484000042035],[-81.12827499967062,36.42213000031916],[-81.12839799969426,36.42589900020841],[-81.09511200032799,36.44077299980378],[-81.09178599966663,36.43592199990278],[-81.08372700035207,36.433026000356556],[-81.08331800009815,36.42984000010065],[-81.0787939998857,36.42591500027058],[-81.0797660003793,36.42242600012394],[-81.07804700042131,36.4179210001964],[-81.04427200043516,36.41106299990125],[-81.04378899966308,36.39332299987466],[-81.02668799977138,36.373194999792645],[-81.01361300014977,36.37127000011996],[-80.99465299965965,36.37939899980756],[-80.98137299999863,36.37616000027579],[-80.97943700030564,36.379111000033994],[-80.98402699974203,36.38882299988052],[-80.9816669997265,36.39123099998094],[-80.97127299961247,36.39558099970647],[-80.96839899976105,36.4009350002791],[-80.94718200008587,36.41907400012427],[-80.97364299967371,36.453474000091795],[-80.96387799992162,36.45927599994706],[-80.9269150002647,36.501218999923125],[-80.9216289996209,36.525915000299754],[-80.91753499957876,36.5241129999179],[-80.9016410003573,36.561765999745006],[-81.0038080002147,36.563655999902394],[-81.17693299982315,36.57188500030078],[-81.44304700006606,36.57683200009427],[-81.52075799962556,36.580547000259266],[-81.60045500000508,36.58694800031386],[-81.6774900002453,36.588137000022726],[-81.68011999969924,36.58561999965831],[-81.67697899988413,36.58112399994237],[-81.67921400022618,36.57866799971413],[-81.6770469996562,36.57075499991694],[-81.68007200001867,36.56867199994997],[-81.69128600029035,36.567716000157674],[-81.69187799994405,36.565940999969776],[-81.68954800006574,36.56144099992253],[-81.69099800041026,36.55539000026938],[-81.69022099991032,36.551686000030514],[-81.69336099990052,36.55099900012711],[-81.69379000024593,36.54797700006954],[-81.69976800010252,36.540315999946316],[-81.6997949998667,36.53672700019682],[-81.70807500001251,36.535687000247655],[-81.70809799957873,36.52411399973824],[-81.702970000017,36.521141000248335],[-81.6983439996973,36.50971700005869],[-81.69839800012396,36.506435999816674],[-81.6970909998946,36.50591999964487],[-81.69742399998053,36.502154999736604],[-81.70025400034935,36.4984570002495],[-81.69724499988038,36.49642399993714],[-81.69594900041999,36.49161900034515],[-81.69792399957272,36.488948999922535],[-81.69635000027799,36.47553700035087],[-81.69460799985544,36.47337200035798],[-81.69617899967544,36.46974500022255],[-81.6950289998049,36.467458000191854],[-81.69900099964833,36.464068000007416],[-81.70811799967024,36.462225999686616],[-81.70966799957385,36.45937899970393],[-81.71679700002421,36.45666900013902],[-81.71378699973036,36.44717299991998],[-81.71782600041924,36.445023000192386],[-81.71449800010805,36.441480000157085],[-81.71480299970658,36.43722700018044],[-81.72131700003871,36.433900000354704],[-81.71784700033564,36.429856999664985],[-81.72072700003484,36.42265100027817],[-81.72715199978018,36.41986900006981],[-81.72944099965059,36.415894999694714],[-81.73365000021877,36.414683999649064],[-81.73451800005702,36.41249700030866],[-81.74031900036162,36.413121000269044],[-81.74192899964137,36.411248999808706],[-81.74002899993339,36.40845499979073],[-81.74140599958464,36.403063999835375],[-81.7382699997924,36.40083400024371],[-81.7393679997844,36.395591000033725],[-81.73195800002496,36.39492900017427],[-81.72881499966171,36.39155000016186],[-81.73051299970332,36.38828500013051],[-81.72949799955201,36.38543899977443],[-81.73466000034723,36.37944200003133],[-81.72606600038206,36.368785000244976],[-81.72711599979519,36.365586000114995],[-81.72288299983585,36.36123699972769],[-81.72251999961269,36.35864000025059],[-81.72437300036333,36.35769499999896],[-81.7215210002532,36.35130400030346],[-81.71679899967403,36.34759500024099],[-81.70824200041712,36.34633299981944],[-81.70611199965704,36.34372399975733],[-81.70532300035984,36.34141499994251],[-81.7074749999629,36.33522499971684],[-81.71849400024091,36.33612199999745],[-81.72783800004353,36.34138299975494],[-81.73602899960255,36.34297199969746],[-81.73960600033409,36.33975699968922],[-81.7457330001536,36.33759200026774],[-81.75447000023392,36.33699900028246],[-81.76113199980574,36.34025399991739],[-81.76495399986132,36.33872199965755],[-81.76917000010222,36.3424630002662],[-81.77407699973101,36.34382400018816],[-81.77888899982355,36.34856600004],[-81.78972999982635,36.34832799992642],[-81.79075599984832,36.355641999893024],[-81.79358799986694,36.35895799977843],[-81.7930849999017,36.36240799964417],[-81.7972800002262,36.35854499969138],[-81.80093200040247,36.3579989997807],[-81.81027600020509,36.35185000014872],[-81.83304899963164,36.34733199964502],[-81.85191100021247,36.33701199964475],[-81.85498799955516,36.337211000187956],[-81.86550899989082,36.32919300021646],[-81.8666279997992,36.3262229999518],[-81.87952000002102,36.313788999708464],[-81.88723600010223,36.3092380000287],[-81.89834599971853,36.30725199964567],[-81.90816700044543,36.30196599994867],[-81.91805100002321,36.28719899985436]]]}},{"type":"Feature","properties":{"GEOID":"37029","NAME":"State House District 29","BASENAME":"29","STATE":"37","SLDL":"029"},"geometry":{"type":"Polygon","coordinates":[[[-79.01630500030545,35.863210000322496],[-78.89240100019093,35.867901999924676],[-78.89143399972019,35.876599999855074],[-78.897081000039,35.896258000186734],[-78.8907020003244,35.91929299978059],[-78.88758099970245,35.94379399980897],[-78.89493299973557,35.963934999837775],[-78.89525199957781,35.969264000021845],[-78.90225299998164,35.96923099987461],[-78.90863099987135,35.96228399969189],[-78.9112329997362,35.9631720001699],[-78.91495799970741,35.9612169997758],[-78.91939099968327,35.96533399990825],[-78.91636200002118,35.967153999998146],[-78.91378699992049,35.97307099970089],[-78.90868799977275,35.97558800004926],[-78.90791799984382,35.98692700021032],[-78.91206399976451,35.98391900008223],[-78.91201699990886,35.98533099966372],[-78.9202579996966,35.98639599967993],[-78.92078300030145,35.97643400000847],[-78.92660600034736,35.97154999984634],[-78.93999599961326,35.96814300005206],[-78.93684300010257,35.974796999779336],[-78.94375900011762,35.97205899990753],[-78.9535239998697,35.9707100000014],[-78.96757900038084,35.966453000353106],[-78.99882299974894,35.95093299990538],[-79.00073699970062,35.952697000278484],[-79.01630500030545,35.863210000322496]]]}},{"type":"Feature","properties":{"GEOID":"37027","NAME":"State House District 27","BASENAME":"27","STATE":"37","SLDL":"027"},"geometry":{"type":"Polygon","coordinates":[[[-78.32399099984781,36.54382199983386],[-78.27716499963118,36.30613200018008],[-78.29094099958475,36.2902630003531],[-78.29224199996634,36.28498199995617],[-78.30213800013802,36.27470799983408],[-78.30696500029917,36.26619099977557],[-78.23570500042429,36.25828099985005],[-78.23025800012203,36.255935000054144],[-78.22478900007845,36.2565469999271],[-78.21572899995795,36.25190000010524],[-78.19838399966876,36.25158100011466],[-78.19410300002887,36.24678999966793],[-78.18894199995687,36.24772399983804],[-78.17317199968566,36.25549200024188],[-78.16194800026656,36.24785799995051],[-78.1608739996657,36.24560300025847],[-78.15698300001311,36.2444160002085],[-78.14872700015675,36.246917000103245],[-78.14234099987115,36.2460379999407],[-78.13764099993159,36.247569999944076],[-78.13625699970933,36.24591899995176],[-78.13296100008353,36.24638200029],[-78.13076000007665,36.24042500028445],[-78.1249699996427,36.235241999701955],[-78.12662000000374,36.23328100028428],[-78.12570399958662,36.226325000151824],[-78.12302499972888,36.226259000179546],[-78.12169999995616,36.223994000020696],[-78.1189070002956,36.22416100003453],[-78.11483900019272,36.216693000164454],[-78.11202700026557,36.217499000105924],[-78.11055000015689,36.216071999859494],[-78.11006899993295,36.210204000000836],[-78.10490700003605,36.21068099981841],[-78.10268199973973,36.20893999966342],[-78.09836500011481,36.21082700022688],[-78.09742799978129,36.208920999902304],[-78.09427000024776,36.21031500026813],[-78.0916059995603,36.20768800027615],[-78.08491499967616,36.209232000180805],[-78.08322599985539,36.21262300026105],[-78.07701399964704,36.21146500027518],[-78.07402000014501,36.2154169996714],[-78.07132799986846,36.21527899979216],[-78.07100999985117,36.21658499999285],[-78.06851599994134,36.215045999648474],[-78.06622200004806,36.21648599964414],[-78.06373599963582,36.21390700001178],[-78.05833699991246,36.212823000146734],[-78.05823700035334,36.210992000350636],[-78.0445209997759,36.21541200026297],[-78.0433380002934,36.21387800026975],[-78.0454289997971,36.212546000208626],[-78.03720200025306,36.21050399985158],[-78.03894600032542,36.20882800008935],[-78.03543700026428,36.20698199975636],[-78.0311780003657,36.20900500022287],[-78.0304679998129,36.2145389999431],[-78.02875999972554,36.21027999994618],[-78.02469300034588,36.20948000033059],[-78.02522999974799,36.20822500009389],[-78.02383300000527,36.208322000222836],[-78.02233800035322,36.20544500032204],[-78.01864400034417,36.205024000153855],[-78.01687500015743,36.207793999867945],[-78.01581399997536,36.206211000189704],[-78.01500999971124,36.20754300008229],[-78.01423700030755,36.205249000182846],[-78.0087199996851,36.20498299998547],[-78.00636100039279,36.201621999703114],[-78.00503300024702,36.202418000003526],[-78.00171400015668,36.19895000028997],[-77.99678900008624,36.19857800010414],[-77.99779099981876,36.19728699975702],[-77.99679099973605,36.19269699980986],[-77.99353100009525,36.190330999962455],[-77.99310099992493,36.18601599991132],[-77.99078299974221,36.185082999980445],[-77.9912110002627,36.186593000343244],[-77.98754200036798,36.18955499991322],[-77.98321099960106,36.18679700001168],[-77.98436600039278,36.18145099977411],[-77.97957500021661,36.178695000033436],[-77.97818500014658,36.175279999671474],[-77.97570700013028,36.177702999816844],[-77.97353899973537,36.17677599985571],[-77.97150799960782,36.177879999984505],[-77.96905200023116,36.18353099985435],[-77.96958600015853,36.18634699982322],[-77.97303099974725,36.189780000177166],[-77.97293899968575,36.194331000230264],[-77.96738400032676,36.19420800025802],[-77.95121599967231,36.1805649998549],[-77.94436800032766,36.18211399967383],[-77.94302799958798,36.18651200007165],[-77.94451800011547,36.188307999749256],[-77.94400400027958,36.192591999811725],[-77.94085400024363,36.19221799965496],[-77.9308209998046,36.182306000247294],[-77.92609300027597,36.18316799982481],[-77.92406700017129,36.18897299990528],[-77.91770699982494,36.1804930003607],[-77.92306000041589,36.16888399995648],[-77.92266000038279,36.166315000053956],[-77.9158680002163,36.163562999966544],[-77.90952899978639,36.16533500006766],[-77.90073900000263,36.16269700034787],[-77.90119599993712,36.156349000279654],[-77.89235400027484,36.151179000088526],[-77.88724000005848,36.1438399999435],[-77.88423099958953,36.147297999667344],[-77.8820239997349,36.146847000099335],[-77.87895999991268,36.143145000327344],[-77.87892399992766,36.144720999797585],[-77.8716260003212,36.145223000067375],[-77.86185800019607,36.14909999971048],[-77.856080000356,36.1460380002054],[-77.84777099989788,36.14503499997557],[-77.82160099966484,36.144722999770316],[-77.81551999987607,36.13999999994927],[-77.80806599973569,36.13822100030011],[-77.80516099992214,36.14161599981064],[-77.80589900006402,36.147090999943096],[-77.8043349999167,36.14973100014907],[-77.79926300043147,36.14447600020882],[-77.79248600033361,36.14513900025182],[-77.78311900006646,36.14138800008549],[-77.77849500029488,36.14402999998804],[-77.77413799958867,36.14252899971641],[-77.77256699976867,36.14702699981965],[-77.76931499962546,36.14617699984736],[-77.75702099980346,36.148984999994084],[-77.75320200012091,36.15198300007508],[-77.75322899988508,36.15687300002788],[-77.7500679999785,36.15746800012075],[-77.74593700012642,36.153077999828255],[-77.7416559995882,36.15514999986179],[-77.7371840001526,36.153747999880935],[-77.73244599967988,36.14743100026721],[-77.72938699988055,36.148984999994084],[-77.73152799961294,36.13931700034986],[-77.72625600011116,36.13800000028207],[-77.72133199986563,36.13379499990193],[-77.71643199990952,36.136380000296334],[-77.72158200011089,36.141416999829595],[-77.71589600033232,36.146421999926574],[-77.71187400026018,36.14534200013571],[-77.70645999956987,36.14678499969702],[-77.70702899965735,36.14828000012887],[-77.70492399990995,36.150912999768764],[-77.70264300043547,36.15048700031685],[-77.69871599989958,36.15323500002934],[-77.69176999974732,36.15093999980419],[-77.68652400018482,36.153149000332334],[-77.68272300004563,36.15145600022611],[-77.68295099965125,36.15340299963769],[-77.67853299974401,36.154373000009116],[-77.67893699997506,36.150722999713366],[-77.6721049996256,36.14850499995633],[-77.67686700038776,36.14420199970021],[-77.67169600027,36.14304100030921],[-77.67224799974075,36.141066999950716],[-77.66839600044624,36.13946899989983],[-77.67052100028512,36.13911699992064],[-77.6700760000462,36.13714699982715],[-77.66808699975142,36.13775900031778],[-77.66733299971602,36.1364710003375],[-77.6654930002825,36.138756000339946],[-77.66331700038998,36.13602800024348],[-77.66161799962514,36.13835799987399],[-77.65939800025002,36.13679300013822],[-77.65563599957058,36.13899000009072],[-77.65556500032378,36.13708999979453],[-77.65257799959613,36.1378759999534],[-77.65109499963968,36.135274999977106],[-77.65006699996788,36.13808899975362],[-77.64849299977482,36.13695300018313],[-77.64383300001822,36.13805199965951],[-77.64343999965784,36.135464999724846],[-77.64086000043261,36.1332310002793],[-77.63637100038025,36.13177400032926],[-77.63541499978015,36.12930599993048],[-77.63660499983366,36.12776400027901],[-77.63458999959963,36.127000999861245],[-77.63355100005718,36.1284400000394],[-77.63183700012205,36.12700999995691],[-77.63208200034443,36.12456400023258],[-77.63027600034778,36.123825000175025],[-77.63161299981604,36.12278499966954],[-77.6294689997106,36.12193499974855],[-77.63137599998959,36.118973999806165],[-77.62807699999074,36.11959500000291],[-77.63014099973024,36.11542700035031],[-77.62717099961935,36.115018999846555],[-77.6281449997628,36.11369199969744],[-77.62653100028508,36.11143700006003],[-77.62530000022369,36.11519400001101],[-77.62448900028689,36.11177600024691],[-77.62242600037227,36.110762999876],[-77.62071900010983,36.112178999991166],[-77.61963600018643,36.11054799982588],[-77.6147749996901,36.10943200009435],[-77.61074699977019,36.110094000037904],[-77.61097100007616,36.11124900030829],[-77.60856099983192,36.11055200006174],[-77.61014000004786,36.10765700034622],[-77.60559999994187,36.11041000027347],[-77.60494800001369,36.107467000059394],[-77.60072599992505,36.10650999966839],[-77.59980500038337,36.10419699984778],[-77.59573499973234,36.10248100023934],[-77.59639400023151,36.10087300031698],[-77.59429199995884,36.10125699964969],[-77.59393399975856,36.10440699990303],[-77.59232000028084,36.10195800030502],[-77.59037899966665,36.10222300019612],[-77.58989999999088,36.10388700015726],[-77.58720900043754,36.10174599989371],[-77.58627299992894,36.10342700016499],[-77.58451200013813,36.10263199983217],[-77.58623000027123,36.10196600019979],[-77.58587600026893,36.10022699974562],[-77.58337899998604,36.101679000017945],[-77.5817780000288,36.09945499994815],[-77.57919200005746,36.10076399998297],[-77.57943399990681,36.09794899973479],[-77.57697099995912,36.09770500026536],[-77.57643000035905,36.0997410000732],[-77.57450800001143,36.09985399970368],[-77.57487700008238,36.09825900035373],[-77.57000899991333,36.096908999870024],[-77.56973299972881,36.09855700011418],[-77.56306799978393,36.09737100000715],[-77.5603050002606,36.09446599969688],[-77.55748199956449,36.09544699967232],[-77.5577369998326,36.0974330002493],[-77.55358500006415,36.09797500035352],[-77.5532090003205,36.1000789997366],[-77.54184400043607,36.095294000282365],[-77.54078099970587,36.09617799990477],[-77.5383119999104,36.09401999985868],[-77.53854600026213,36.09108800024048],[-77.53570800039573,36.09211500000794],[-77.5334329998707,36.09105099977225],[-77.53372099975078,36.085125000217445],[-77.53149100032992,36.08377000008178],[-77.53285299991256,36.08125899995457],[-77.5349240002231,36.08147799983052],[-77.53363100023742,36.08018299989146],[-77.53592099993274,36.08034099969497],[-77.53439100012062,36.0789449998524],[-77.53568699958102,36.07789100034958],[-77.53290700033924,36.077241999647114],[-77.5324820001918,36.075389999778096],[-77.53079300037102,36.07611499986376],[-77.53260400039053,36.07417699977278],[-77.53045500026222,36.072789999914576],[-77.52801099968279,36.07340900035767],[-77.5254349997572,36.06922999968635],[-77.52952299995157,36.068856000086804],[-77.53606200039805,36.063307000026946],[-77.53894600029523,36.0647999998622],[-77.54013600034872,36.06082799971507],[-77.53543800005899,36.05481099981472],[-77.532404000374,36.05613499992533],[-77.5313980004435,36.05330399986897],[-77.533566999765,36.05243900036198],[-77.53144399957594,36.04972499975623],[-77.52948199994367,36.05049400024427],[-77.5291589999035,36.047379000202376],[-77.52661599958986,36.04650599977375],[-77.52562800010104,36.047818000018616],[-77.52262000035532,36.04509300024275],[-77.52413500009884,36.04412700012199],[-77.5245619998961,36.039996000257595],[-77.52870699999188,36.0407119998208],[-77.52930399966846,36.03942100019136],[-77.5266730003896,36.03920099993973],[-77.5266599999708,36.03757399972114],[-77.5223729995848,36.03881000018134],[-77.51764599988107,36.03677500001869],[-77.4748509999574,36.0377750003375],[-77.46738500012145,36.031621999983614],[-77.45408000034608,36.02962199966861],[-77.43930099993676,36.02121199992537],[-77.43798399966165,36.018510999804505],[-77.44163800038605,36.0146829997813],[-77.43546899983541,36.01338300004947],[-77.4279619999916,36.00529099992912],[-77.4219780002872,36.0035980000715],[-77.40853799989429,36.006994999644206],[-77.40261399956604,36.004965999982765],[-77.33927900000974,36.06470699972328],[-77.33980899973916,36.06618400004893],[-77.33142599966119,36.06807800008458],[-77.32756900034381,36.071361000105675],[-77.32755599992502,36.07637599997189],[-77.31998999963164,36.07865400013676],[-77.31386000033739,36.08883600027969],[-77.29312499981276,36.091228000226195],[-77.28218800044883,36.0972839998307],[-77.2689370002018,36.100004999990425],[-77.24278600023537,36.09718299998062],[-77.23058299975162,36.10434000011916],[-77.23036600001663,36.107551999652415],[-77.23263200032082,36.11023799979764],[-77.2443250002683,36.11210800014848],[-77.25146800006408,36.11505099990574],[-77.25071999987644,36.1176949996592],[-77.24133599989085,36.1184789996651],[-77.23970399997148,36.120275000189906],[-77.25433400041788,36.12253500026395],[-77.25489099991148,36.124857000224495],[-77.25099400041114,36.131087000314956],[-77.25081399958776,36.13457199973983],[-77.26560200021794,36.13983499970808],[-77.26727900034317,36.15054200022124],[-77.26307800017088,36.15868200029814],[-77.27650299959684,36.15737399993827],[-77.28339400039584,36.16745699970247],[-77.2876220003323,36.16927699980696],[-77.29151899983265,36.168341999858164],[-77.29565899990554,36.17220000008507],[-77.29831400037217,36.17232399980888],[-77.29555400032356,36.174345000279764],[-77.2997169999627,36.18140899970626],[-77.29889599998013,36.18605200002867],[-77.29510700043483,36.188421999990574],[-77.29586800014293,36.193122999683546],[-77.29326700010297,36.19708400027278],[-77.29736799981784,36.202333999862084],[-77.29843200037296,36.20735099977218],[-77.29065199981935,36.21291900017122],[-77.2878270003717,36.211383000142206],[-77.27565200037537,36.21446299978563],[-77.27002799962278,36.213240999800874],[-77.26406400000988,36.21718300005023],[-77.254357999809,36.218592000143786],[-77.24897099978119,36.21837499968757],[-77.24413299974938,36.21513799986899],[-77.22856500004285,36.21441100036013],[-77.22879900039457,36.21738699973681],[-77.20828900000086,36.246773999718265],[-77.19900299992455,36.26780700025382],[-77.13133900014945,36.437806000034435],[-77.13159100004454,36.44151100019485],[-77.13652500033581,36.447402000237346],[-77.13701400005736,36.45590799992673],[-77.12652899970672,36.46396099975557],[-77.12295900044452,36.471218000328875],[-77.11952499982814,36.47398199993744],[-77.11458499968907,36.47389000018044],[-77.11233799965144,36.477720000150036],[-77.1073909998397,36.47578300032192],[-77.10144599959504,36.47715399967023],[-77.09993000002662,36.479095000064454],[-77.0936209997339,36.47232599988277],[-77.09167300034534,36.471681999978145],[-77.08537200044854,36.475454999705434],[-77.08363800042191,36.47230099992797],[-77.08128199970604,36.474875999867116],[-77.08292700004421,36.47668300013329],[-77.07993600001693,36.47880400031236],[-77.07673499992735,36.48056200003022],[-77.0743940001784,36.47812999991676],[-77.07497900015942,36.481044000359425],[-77.07129699984593,36.479268999729236],[-77.07091299970635,36.48349300011142],[-77.06634800038431,36.4831670003251],[-77.06762600030137,36.48477300004801],[-77.06628399991192,36.48718700008879],[-77.06873900036199,36.487231999735585],[-77.06938200006931,36.489351000226875],[-77.06711199956716,36.49236299995326],[-77.06992799969225,36.49454200007253],[-77.0664520001414,36.496968000310915],[-77.07006099976167,36.49875500015286],[-77.07156299998469,36.49741999976961],[-77.07400199964293,36.49951499985643],[-77.07467000036293,36.49623499998679],[-77.07688100041553,36.49602900007332],[-77.07799799977579,36.49761299964537],[-77.07997500037497,36.49638400002435],[-77.0857080000092,36.50025900015487],[-77.08403400025703,36.50097700031681],[-77.08515099961728,36.50528999970052],[-77.08087199962722,36.50719399986286],[-77.08327100000078,36.50723199989079],[-77.0834269996364,36.51320100022099],[-77.08696699965968,36.51353600027465],[-77.09279599955339,36.51816999965604],[-77.09576200036463,36.51647300033226],[-77.09905499961738,36.51702000035126],[-77.10322700037565,36.52104699974972],[-77.10328199972892,36.516647999693845],[-77.11442099965755,36.51829499969636],[-77.11411900043207,36.52150199968102],[-77.11887999957267,36.52318000018384],[-77.12180600020095,36.52214199968059],[-77.12112300031065,36.51923900002373],[-77.12284800011645,36.520434000125434],[-77.12703300039519,36.51810900012906],[-77.13124200006507,36.52233800025938],[-77.1353629998714,36.52374500017658],[-77.14853100027776,36.525086000212994],[-77.1485069999883,36.526808999967024],[-77.15255300034988,36.529780999889],[-77.15044299968132,36.530479999699715],[-77.15073300010953,36.53334399992379],[-77.14869500030929,36.53405700003201],[-77.14937400000161,36.53653500007081],[-77.153350000043,36.53795200017103],[-77.15152099958182,36.53841399988519],[-77.1509709997609,36.5405280001719],[-77.15273699957457,36.53967899977146],[-77.15488800025105,36.541396000194105],[-77.15726199961196,36.53994000025454],[-77.15787500008037,36.54314399981757],[-77.16024900033959,36.541911000215876],[-77.16387600040152,36.5441179998689],[-77.16437699981861,36.5463290003227],[-77.17054499964604,36.547280000135075],[-77.20653599970764,36.54436700004715],[-77.74985299989333,36.54545199988509],[-78.04537500026875,36.543549000306065],[-78.32399099984781,36.54382199983386]]]}},{"type":"Feature","properties":{"GEOID":"37025","NAME":"State House District 25","BASENAME":"25","STATE":"37","SLDL":"025"},"geometry":{"type":"Polygon","coordinates":[[[-78.25713299998665,35.813597999946786],[-78.25141500042106,35.81121399993754],[-78.25163999965362,35.804191000135596],[-78.24908600036767,35.80117999988306],[-78.2504060001175,35.796927000197556],[-78.2438650000212,35.79209900006365],[-78.24724500021091,35.785931000340995],[-78.24613499962504,35.78480700003898],[-78.24845799983063,35.77479000033922],[-78.2508139996482,35.77348400006207],[-78.24622199966367,35.772648000323315],[-78.24439899994859,35.769459999904406],[-78.23831899998471,35.76728800022734],[-78.23822199990035,35.763128000188765],[-78.23485299958128,35.75975700007678],[-78.23513899981155,35.75516500028873],[-78.23273899961306,35.75132599994086],[-78.22666000037242,35.750532999664905],[-78.22625699996628,35.752087000289656],[-78.21891699962873,35.754987999865065],[-78.21662000026072,35.752208999754004],[-78.21580699977575,35.745831999852065],[-78.21303300038176,35.744822000210135],[-78.21573300015591,35.73931300033509],[-78.21560099991143,35.73599099985447],[-78.20917199996812,35.730507999922054],[-78.20691999990763,35.73147699997672],[-78.20399800037563,35.72790199968908],[-78.19740100020283,35.72784000014563],[-78.19380500010305,35.728397000335555],[-78.18896700007123,35.73423999983268],[-78.18197200041348,35.737955999906134],[-78.14710199991008,35.74580299966278],[-78.00668500025789,35.79948800005953],[-77.93136099957977,35.830078000151985],[-77.93039200035753,35.8416439999692],[-77.93206799975952,35.85017900034032],[-77.92496000012387,35.846874000104805],[-77.92043099988854,35.8488920002367],[-77.9146610004444,35.84875399966459],[-77.89876599960141,35.864103000354206],[-77.89616600028468,35.86884900025101],[-77.88914499978934,35.871252999821806],[-77.88766699985575,35.879290999941304],[-77.89711600013867,35.88618999977051],[-77.8884159998683,35.893337000238],[-77.883741999868,35.89989900008595],[-77.87570299974661,35.90149100027156],[-77.87133199969503,35.906615000164656],[-77.86796800029717,35.90545799991075],[-77.86688500037377,35.8997240001854],[-77.86122399981124,35.90052699965776],[-77.85681599994975,35.91035100004989],[-77.84885200017142,35.913615999788995],[-77.84141899994745,35.91422099985768],[-77.83612200033132,35.91660499982931],[-77.83523000020362,35.91849399994155],[-77.83357499981972,35.91806600020079],[-77.83391299992851,35.916557999834446],[-77.83182400007466,35.91650699990124],[-77.83082399999194,35.912679000253185],[-77.82848599971774,35.91527000009687],[-77.82321900023884,35.91471100007566],[-77.82325500022385,35.91040599980525],[-77.81572099971753,35.90880999966962],[-77.81567300003695,35.91164200032311],[-77.81344699991574,35.911611000195926],[-77.80905999997061,35.909329999804896],[-77.77798999978148,35.98394000023484],[-77.77097199965921,36.0085029998805],[-77.74192400027512,36.06111999999036],[-77.70771900011866,36.11368400027109],[-77.70553200035552,36.12100199972468],[-77.70364199979497,36.14490300001226],[-77.69795600001639,36.15314999984861],[-77.70264300043547,36.15048700031685],[-77.70492399990995,36.150912999768764],[-77.70702899965735,36.14828000012887],[-77.70645999956987,36.14678499969702],[-77.71676300034564,36.145784999869925],[-77.72158200011089,36.141416999829595],[-77.71643199990952,36.136380000296334],[-77.72133199986563,36.13379499990193],[-77.72625600011116,36.13800000028207],[-77.73152799961294,36.13931700034986],[-77.72938699988055,36.148984999994084],[-77.73244599967988,36.14743100026721],[-77.7371840001526,36.153747999880935],[-77.7416559995882,36.15514999986179],[-77.74593700012642,36.153077999828255],[-77.7500679999785,36.15746800012075],[-77.75322899988508,36.15687300002788],[-77.75320200012091,36.15198300007508],[-77.75702099980346,36.148984999994084],[-77.76931499962546,36.14617699984736],[-77.77256699976867,36.14702699981965],[-77.77413799958867,36.14252899971641],[-77.77849500029488,36.14402999998804],[-77.78311900006646,36.14138800008549],[-77.79248600033361,36.14513900025182],[-77.79926300043147,36.14447600020882],[-77.8043349999167,36.14973100014907],[-77.80589900006402,36.147090999943096],[-77.80516099992214,36.14161599981064],[-77.80806599973569,36.13822100030011],[-77.81551999987607,36.13999999994927],[-77.82160099966484,36.144722999770316],[-77.84777099989788,36.14503499997557],[-77.856080000356,36.1460380002054],[-77.86185800019607,36.14909999971048],[-77.8716260003212,36.145223000067375],[-77.87892399992766,36.144720999797585],[-77.87895999991268,36.143145000327344],[-77.8820239997349,36.146847000099335],[-77.88423099958953,36.147297999667344],[-77.88724000005848,36.1438399999435],[-77.89235400027484,36.151179000088526],[-77.90119599993712,36.156349000279654],[-77.90073900000263,36.16269700034787],[-77.90952899978639,36.16533500006766],[-77.9158680002163,36.163562999966544],[-77.92268200012411,36.16634199986241],[-77.92306000041589,36.16888399995648],[-77.91770699982494,36.1804930003607],[-77.92391800020837,36.188905999816086],[-77.92609300027597,36.18316799982481],[-77.9308209998046,36.182306000247294],[-77.94085400024363,36.19221799965496],[-77.94400400027958,36.192591999811725],[-77.94451800011547,36.188307999749256],[-77.94302799958798,36.18651200007165],[-77.94436800032766,36.18211399967383],[-77.95121599967231,36.1805649998549],[-77.96738400032676,36.19420800025802],[-77.97293899968575,36.194331000230264],[-77.97303099974725,36.189780000177166],[-77.96958600015853,36.18634699982322],[-77.96905200023116,36.18353099985435],[-77.97150799960782,36.177879999984505],[-77.97353899973537,36.17677599985571],[-77.97570700013028,36.177702999816844],[-77.97818500014658,36.175279999671474],[-77.97957500021661,36.178695000033436],[-77.98436600039278,36.18145099977411],[-77.98304200044497,36.18665099973437],[-77.98754200036798,36.18955499991322],[-77.9912110002627,36.186593000343244],[-77.99065200022096,36.18516800033713],[-77.99252500016478,36.185526999759865],[-77.99362599963149,36.190495999792574],[-77.99679099973605,36.19269699980986],[-77.99779099981876,36.19728699975702],[-77.99670000039777,36.19851100025888],[-78.00171400015668,36.19895000028997],[-78.0065510003636,36.20263299982544],[-78.18218199957745,35.93875799964394],[-78.24077199988666,35.84394099974536],[-78.25597300007037,35.81811999979161],[-78.25713299998665,35.813597999946786]]]}},{"type":"Feature","properties":{"GEOID":"37023","NAME":"State House District 23","BASENAME":"23","STATE":"37","SLDL":"023"},"geometry":{"type":"Polygon","coordinates":[[[-77.82844399988495,35.86720799973721],[-77.82151299980129,35.861699000099016],[-77.80629599972404,35.85732000033012],[-77.75133900022286,35.82779400035569],[-77.74943000029404,35.8210599997079],[-77.7504060000873,35.81783099963803],[-77.71843600027289,35.728822999856604],[-77.67483700008512,35.6891039997559],[-77.66513099988425,35.67493499977942],[-77.54553599989701,35.74607600027201],[-77.51626099983389,35.7613340003131],[-77.47228599990247,35.80109500002821],[-77.45228900041805,35.79990000019918],[-77.44891199970307,35.806827000261436],[-77.44533800024291,35.80890600006478],[-77.42922800021307,35.805247999779695],[-77.42470099962758,35.8056619997554],[-77.41790299961332,35.81120699989446],[-77.41404899977069,35.8177159997985],[-77.41399199986927,35.823041000019124],[-77.4124949996691,35.82509799980413],[-77.40961400014497,35.82640399965229],[-77.39711299973541,35.825191999804865],[-77.39130800013116,35.82929999998363],[-77.39015400006268,35.83306200019328],[-77.25519999970798,35.7863519997364],[-77.255279000249,35.78301400003169],[-77.26481999969512,35.774376999798136],[-77.26457399964782,35.77147600023238],[-77.2597919996925,35.76522199987707],[-77.2556249998554,35.76538600005079],[-77.25207599961131,35.76223699972329],[-77.24598399995186,35.760505999958845],[-77.23948200021364,35.76207800013715],[-77.22278800002769,35.75870900029268],[-77.21500499999935,35.75979200035094],[-77.20139700027526,35.752214999663074],[-77.20114799985491,35.75078000026352],[-77.20381599984202,35.74888299973046],[-77.20261900011582,35.74648300013887],[-77.19214600035906,35.74703799985125],[-77.19159499981494,35.74405200033467],[-77.1844739997605,35.74070999983377],[-77.18233300002807,35.741918999756784],[-77.17900800008995,35.73965199983106],[-77.17400000017882,35.73283100002255],[-77.17198699959461,35.73623199998349],[-77.1638400004165,35.73947299985977],[-77.1567650003928,35.7368120000331],[-77.03464600035852,35.67895199993551],[-76.98584199971779,35.65884800020483],[-76.84726399967423,35.71998199984294],[-76.8313279997217,35.730701999809014],[-76.83368299971434,35.73317999970067],[-76.83200099956623,35.7374570001431],[-76.82592599962524,35.740171999636225],[-76.82519199968132,35.744934000327184],[-76.81706300004657,35.74865799997223],[-76.82022599960298,35.75374100024502],[-76.81758399955515,35.75935000029841],[-76.80918200010893,35.76299900005445],[-76.80796000026837,35.76820500021343],[-76.80332499972783,35.77295199965503],[-76.80226299972085,35.77632300030212],[-76.80400299959526,35.77958399989824],[-76.80345699997231,35.7839300003023],[-76.7984719996274,35.78460800029514],[-76.79276300028263,35.79006699978574],[-76.79411200034478,35.79123399966687],[-76.79282100000893,35.79244500006346],[-76.79350399989922,35.795413000308415],[-76.80260599985252,35.80516499975893],[-76.79944800031896,35.81356000022193],[-76.79684999975376,35.81619900015088],[-76.78260299962199,35.82434900030701],[-76.7819209995566,35.82685699998708],[-76.78492099980471,35.82915099968583],[-76.78466100041203,35.83288900036376],[-76.78930000025221,35.837855999838496],[-76.78624800012557,35.84087299994846],[-76.7837290001014,35.84893900035565],[-76.78027000026897,35.85136199976546],[-76.7811680002444,35.853446999838475],[-76.77843800033304,35.854108000236856],[-76.77834999957118,35.857113999905984],[-76.77699200018651,35.85664200004024],[-76.77740399991515,35.857838999739286],[-76.77497699995247,35.85918899968587],[-76.77422299991706,35.85765800012783],[-76.77190700028247,35.85833100017883],[-76.7714510001729,35.86106500012808],[-76.76539200012543,35.861340999675406],[-76.76317000020217,35.86410399990184],[-76.76130899995393,35.86291599986977],[-76.76059799957623,35.864887000014896],[-76.75112200042744,35.86754200012034],[-76.73807000037206,35.87762100011108],[-76.73106700031839,35.88842499970775],[-76.72826399971375,35.89795699994693],[-76.72361599965274,35.90616799994939],[-76.72319899990123,35.91204599981355],[-76.71998899959081,35.91725899986296],[-76.7106649998797,35.922949000033874],[-76.70070500013392,35.92357899976635],[-76.69453399993347,35.933967000166746],[-76.69249500030831,35.94377899986472],[-76.68750800031357,35.950666999779074],[-76.6700640002902,35.96033700033118],[-76.64731000023188,35.969163000188644],[-76.62441800008133,35.975684999835416],[-76.60621400017476,35.97805099975557],[-76.61761000002134,35.984267000021156],[-76.68253499966423,36.03094700022383],[-76.69588200017073,36.047705999814994],[-76.70887599960147,36.06896999968719],[-76.71054000020621,36.09867800022535],[-76.733567000076,36.137820000161945],[-76.736933000022,36.15058299987428],[-76.73727199995571,36.158602999801516],[-76.73612700010806,36.18646699964291],[-76.73266800027561,36.19754199995957],[-76.73297500042229,36.21260200025427],[-76.7277730003424,36.22105900024493],[-76.71601300044777,36.22903500032569],[-76.70658400025633,36.2437960003095],[-76.90338299963985,36.242985999680684],[-76.92822599955203,36.240131999693126],[-76.94382599994391,36.241387000301984],[-76.97139899976746,36.23813000029369],[-76.98573799996072,36.24210700022646],[-77.00860199962389,36.23911699991223],[-77.1831439999649,36.24282499967278],[-77.208468000101,36.24657800024991],[-77.22879900039457,36.21738699973681],[-77.22856500004285,36.21441100036013],[-77.24413299974938,36.21513799986899],[-77.24897099978119,36.21837499968757],[-77.254357999809,36.218592000143786],[-77.26406400000988,36.21718300005023],[-77.27002799962278,36.213240999800874],[-77.27565200037537,36.21446299978563],[-77.2878270003717,36.211383000142206],[-77.29065199981935,36.21291900017122],[-77.29850500016789,36.20704300010292],[-77.29736799981784,36.202333999862084],[-77.29326700010297,36.19708400027278],[-77.29586800014293,36.193122999683546],[-77.29510700043483,36.188421999990574],[-77.29889599998013,36.18605200002867],[-77.2997169999627,36.18140899970626],[-77.29555400032356,36.174345000279764],[-77.29831400037217,36.17232399980888],[-77.29565899990554,36.17220000008507],[-77.29151899983265,36.168341999858164],[-77.2876220003323,36.16927699980696],[-77.28339400039584,36.16745699970247],[-77.27650299959684,36.15737399993827],[-77.26307800017088,36.15868200029814],[-77.26727900034317,36.15054200022124],[-77.26560200021794,36.13983499970808],[-77.25081399958776,36.13457199973983],[-77.25099400041114,36.131087000314956],[-77.25489099991148,36.124857000224495],[-77.25433400041788,36.12253500026395],[-77.23970399997148,36.120275000189906],[-77.24133599989085,36.1184789996651],[-77.25071999987644,36.1176949996592],[-77.25146800006408,36.11505099990574],[-77.2443250002683,36.11210800014848],[-77.23263200032082,36.11023799979764],[-77.23036600001663,36.107551999652415],[-77.23058299975162,36.10434000011916],[-77.24278600023537,36.09718299998062],[-77.2689370002018,36.100004999990425],[-77.28218800044883,36.0972839998307],[-77.29312499981276,36.091228000226195],[-77.31386000033739,36.08883600027969],[-77.31998999963164,36.07865400013676],[-77.32755599992502,36.07637599997189],[-77.32756900034381,36.071361000105675],[-77.33142599966119,36.06807800008458],[-77.33980899973916,36.06618400004893],[-77.33927900000974,36.06470699972328],[-77.40261399956604,36.004965999982765],[-77.40853799989429,36.006994999644206],[-77.42113800003807,36.00360899969211],[-77.4279619999916,36.00529099992912],[-77.43517699975736,36.013183000255765],[-77.44163800038605,36.0146829997813],[-77.43798399966165,36.018510999804505],[-77.43930099993676,36.02121199992537],[-77.45408000034608,36.02962199966861],[-77.46738500012145,36.031621999983614],[-77.4748509999574,36.0377750003375],[-77.51764599988107,36.03677500001869],[-77.5223729995848,36.03881000018134],[-77.5266599999708,36.03757399972114],[-77.5266730003896,36.03920099993973],[-77.52930399966846,36.03942100019136],[-77.52870699999188,36.0407119998208],[-77.5245619998961,36.039996000257595],[-77.52413500009884,36.04412700012199],[-77.52262000035532,36.04509300024275],[-77.52562800010104,36.047818000018616],[-77.52661599958986,36.04650599977375],[-77.5291589999035,36.047379000202376],[-77.52948199994367,36.05049400024427],[-77.53144399957594,36.04972499975623],[-77.533566999765,36.05243900036198],[-77.5313980004435,36.05330399986897],[-77.532404000374,36.05613499992533],[-77.53543800005899,36.05481099981472],[-77.54012899977772,36.06107300032016],[-77.53894600029523,36.0647999998622],[-77.53606200039805,36.063307000026946],[-77.52952299995157,36.068856000086804],[-77.5254349997572,36.06922999968635],[-77.52801099968279,36.07340900035767],[-77.53045500026222,36.072789999914576],[-77.53260400039053,36.07417699977278],[-77.53079300037102,36.07611499986376],[-77.5324820001918,36.075389999778096],[-77.53290700033924,36.077241999647114],[-77.53568699958102,36.07789100034958],[-77.53439100012062,36.0789449998524],[-77.53592099993274,36.08034099969497],[-77.53363100023742,36.08018299989146],[-77.5349240002231,36.08147799983052],[-77.53285299991256,36.08125899995457],[-77.53149100032992,36.08377000008178],[-77.53423200011194,36.087180999856805],[-77.53316099988415,36.09065900033356],[-77.53570800039573,36.09211500000794],[-77.53854600026213,36.09108800024048],[-77.5383119999104,36.09401999985868],[-77.54078099970587,36.09617799990477],[-77.54184400043607,36.095294000282365],[-77.55343199990327,36.10010000014228],[-77.55358500006415,36.09797500035352],[-77.5577369998326,36.0974330002493],[-77.55748199956449,36.09544699967232],[-77.5603050002606,36.09446599969688],[-77.56306799978393,36.09737100000715],[-77.56973299972881,36.09855700011418],[-77.57000899991333,36.096908999870024],[-77.57487700008238,36.09825900035373],[-77.57450800001143,36.09985399970368],[-77.57643000035905,36.0997410000732],[-77.57697099995912,36.09770500026536],[-77.5793290003248,36.097916999966564],[-77.57929099979167,36.100826999908115],[-77.5817780000288,36.09945499994815],[-77.58337899998604,36.101679000017945],[-77.58587600026893,36.10022699974562],[-77.58477499990386,36.10294099996416],[-77.58677300041944,36.10338900027559],[-77.58737000009604,36.10176699985387],[-77.58989999999088,36.10388700015726],[-77.59037899966665,36.10222300019612],[-77.59232000028084,36.10195800030502],[-77.59374100031302,36.1044489998467],[-77.59429199995884,36.10125699964969],[-77.59616300025283,36.10081899989741],[-77.59573499973234,36.10248100023934],[-77.59980500038337,36.10419699984778],[-77.60047499985487,36.10633300025006],[-77.60494800001369,36.107467000059394],[-77.60559999994187,36.11041000027347],[-77.61014000004786,36.10765700034622],[-77.60856099983192,36.11055200006174],[-77.61097100007616,36.11124900030829],[-77.61074699977019,36.110094000037904],[-77.6147749996901,36.10943200009435],[-77.61963600018643,36.11054799982588],[-77.62071900010983,36.112178999991166],[-77.62242600037227,36.110762999876],[-77.62448900028689,36.11177600024691],[-77.62530000022369,36.11519400001101],[-77.62653100028508,36.11143700006003],[-77.6281449997628,36.11369199969744],[-77.62717099961935,36.115018999846555],[-77.63014099973024,36.11542700035031],[-77.62807699999074,36.11959500000291],[-77.63137599998959,36.118973999806165],[-77.6294689997106,36.12193499974855],[-77.63161299981604,36.12278499966954],[-77.63027600034778,36.123825000175025],[-77.63208200034443,36.12456400023258],[-77.63183700012205,36.12700999995691],[-77.63355100005718,36.1284400000394],[-77.63458999959963,36.127000999861245],[-77.63660499983366,36.12776400027901],[-77.63541499978015,36.12930599993048],[-77.63637100038025,36.13177400032926],[-77.64086000043261,36.1332310002793],[-77.64343999965784,36.135464999724846],[-77.64383300001822,36.13805199965951],[-77.64849299977482,36.13695300018313],[-77.65006699996788,36.13808899975362],[-77.65109499963968,36.135274999977106],[-77.65257799959613,36.1378759999534],[-77.65556500032378,36.13708999979453],[-77.65563599957058,36.13899000009072],[-77.65939800025002,36.13679300013822],[-77.66161799962514,36.13835799987399],[-77.66331700038998,36.13602800024348],[-77.66574099997962,36.13879700034982],[-77.66733299971602,36.1364710003375],[-77.66808699975142,36.13775900031778],[-77.66984300041769,36.13706500023809],[-77.67052100028512,36.13911699992064],[-77.66839600044624,36.13946899989983],[-77.67224799974075,36.141066999950716],[-77.67169600027,36.14304100030921],[-77.67680999958803,36.14398299983659],[-77.67199699967055,36.14817500008518],[-77.67893699997506,36.150722999713366],[-77.67813100006111,36.154231999930204],[-77.68295099965125,36.15340299963769],[-77.68272300004563,36.15145600022611],[-77.68652400018482,36.153149000332334],[-77.69176999974732,36.15093999980419],[-77.69795600001639,36.15314999984861],[-77.70364199979497,36.14490300001226],[-77.70553200035552,36.12100199972468],[-77.70771900011866,36.11368400027109],[-77.74192400027512,36.06111999999036],[-77.77097199965921,36.0085029998805],[-77.77854700017342,35.98251100015336],[-77.81957799993323,35.88406299979399],[-77.82844399988495,35.86720799973721]]]}},{"type":"Feature","properties":{"GEOID":"37111","NAME":"State House District 111","BASENAME":"111","STATE":"37","SLDL":"111"},"geometry":{"type":"Polygon","coordinates":[[[-81.97104500006725,35.205515000282084],[-81.96934799985054,35.18721700019702],[-81.32803700039065,35.163467000087714],[-81.3236679999889,35.18960499966615],[-81.32426399984055,35.24126900007852],[-81.32172899992285,35.26044900026251],[-81.35493499982151,35.27917000021101],[-81.35624500042393,35.28692400025414],[-81.35538099988536,35.29622800018315],[-81.36661799972325,35.31514599995522],[-81.36381300036713,35.32341899979202],[-81.35668200026694,35.33060399987621],[-81.3660229996965,35.33612900032308],[-81.37697000000449,35.334304000147995],[-81.38874599979266,35.336912000071024],[-81.39510699996391,35.3358779998108],[-81.39667699995901,35.331020000118194],[-81.39433500038515,35.318466999988985],[-81.39959500019137,35.318830000210475],[-81.40690200001863,35.31643299979457],[-81.40887799989463,35.31313099993687],[-81.40707799974575,35.30598499975407],[-81.41093199958839,35.305920999833326],[-81.41421999971658,35.308726999962566],[-81.42800200041627,35.31217400030311],[-81.43457100010167,35.303242999716495],[-81.4481129997035,35.30398199984715],[-81.45091399975999,35.29812100020796],[-81.45185199991842,35.28774000021366],[-81.45670500001884,35.27927899976319],[-81.45585499972397,35.27518900005592],[-81.45780800003372,35.269004999704016],[-81.46043099981497,35.26691600031294],[-81.45802899996666,35.26496700033743],[-81.45638000032883,35.25946300018138],[-81.4584340000226,35.256018000105286],[-81.46443600016866,35.26149699972018],[-81.49719400035367,35.27228600015397],[-81.5259990000635,35.27353299989461],[-81.55359899965123,35.28200700026489],[-81.55994800012692,35.285504000237204],[-81.56860999986414,35.29427900022212],[-81.59827099971665,35.29339099985329],[-81.59665700023895,35.300370000060774],[-81.5982249996859,35.307117999854874],[-81.60530800010551,35.31130600029056],[-81.60751499996015,35.315261999694386],[-81.59761100029088,35.315757000218674],[-81.59713300044001,35.32166800034307],[-81.59200499997996,35.32076299976115],[-81.59296999990256,35.32420599986566],[-81.59065199971984,35.327459000227826],[-81.59294300013839,35.327366999970224],[-81.59361500015804,35.32963399979015],[-81.60250399967597,35.33531000010895],[-81.60764600037972,35.33427799978632],[-81.61220400002907,35.335810000340686],[-81.6169590002202,35.341441999905],[-81.61634599975179,35.34515299993025],[-81.62246699972354,35.34425399969497],[-81.62906600044448,35.34915999966779],[-81.63449000028221,35.3505770000826],[-81.64149599981063,35.347684000255086],[-81.6478090003013,35.34770100001118],[-81.65685000015522,35.36522299989515],[-81.66434600012839,35.37108300013203],[-81.67227200027189,35.373896999645574],[-81.68986500025817,35.37393499990203],[-81.69900099964833,35.377186000292035],[-81.7019630002616,35.37656099995526],[-81.69216699964906,35.54611900004712],[-81.69198900027213,35.58004100020744],[-81.69750299962325,35.57880299999741],[-81.70258699970238,35.5833320001037],[-81.70333999991286,35.5815280001409],[-81.70565300007272,35.581214000240095],[-81.70920599961647,35.58989300026685],[-81.71213800009254,35.58926699998072],[-81.71204500020612,35.59194499980632],[-81.716325999846,35.595011999746646],[-81.71597699986656,35.59802000005605],[-81.71750699967869,35.59883100007961],[-81.71520600011272,35.60114300008263],[-81.71670699961253,35.600925999968744],[-81.71583600029956,35.60294799987579],[-81.71728699957065,35.60457899965415],[-81.72170100017827,35.606307999987585],[-81.73178800014564,35.6019909998833],[-81.73714300038641,35.60190799980255],[-81.73900600028448,35.60418699987713],[-81.7468229997497,35.60568900011921],[-81.75041399982659,35.61176400001922],[-81.75340700040202,35.6135879998909],[-81.75736099980377,35.60941700032103],[-81.7661210003486,35.60699400023775],[-81.76833599970087,35.60294699996648],[-81.77190699968628,35.602110999839084],[-81.7680140003839,35.597224000293515],[-81.77218200004589,35.59262300015337],[-81.78301399982784,35.591960999822454],[-81.78741699966649,35.594234999635525],[-81.79405800022022,35.59323900018969],[-81.79648099998494,35.58931899975214],[-81.79603300027128,35.5845549998138],[-81.79878300027413,35.57996799978768],[-81.80283799995823,35.57816500024975],[-81.81011999967116,35.581319000160114],[-81.81849199987849,35.57797999972741],[-81.82226799990332,35.580434000073076],[-81.82412199958054,35.57498299968433],[-81.8281870002087,35.57410200007686],[-81.82945000005714,35.571846999679636],[-81.82949500026297,35.56768399999548],[-81.83382000028381,35.562856999733356],[-81.83316599980752,35.55934499988405],[-81.84097300012532,35.55414900034678],[-81.84111299986739,35.55040700010535],[-81.8439159995737,35.546337000186185],[-81.84246799977733,35.54226300006485],[-81.85665399980974,35.542186999770166],[-81.85474700042907,35.517168999872595],[-81.85685200017645,35.504232000224526],[-81.85481600002603,35.49926300004453],[-81.85596000004878,35.48538499998255],[-81.85303099994576,35.484270999635896],[-81.85407299986129,35.48232999986473],[-81.8515599996849,35.47006499976961],[-81.84924300022539,35.46649999975822],[-81.84902300011736,35.46087599993084],[-81.85120099965968,35.458731000300084],[-81.85207199987096,35.44440000007709],[-81.85455599973504,35.44479099983091],[-81.86343299955743,35.440412000314005],[-81.85895500027402,35.434752000358756],[-81.85656299957314,35.4260829997114],[-81.84769800034462,35.41779899969799],[-81.84563000040716,35.41371800020981],[-81.8524409999419,35.38309700018515],[-81.85068599999887,35.37807899998272],[-81.85989500008228,35.37722299993988],[-81.85199499987806,35.369175000197636],[-81.85762700012826,35.359334000228145],[-81.85507200011907,35.3564230003444],[-81.84575099988267,35.354646999804785],[-81.8482659997089,35.34876800029961],[-81.84401000018335,35.34833000019447],[-81.84670999995748,35.3446799997731],[-81.84636400035107,35.34051900008534],[-81.83978399989671,35.33994000016629],[-81.83843499983455,35.337789999896714],[-81.83964300032973,35.333643999934424],[-81.83276199957646,35.33275000014438],[-81.82746199958729,35.31962100006274],[-81.82312099967292,35.320758000236005],[-81.81897999977511,35.31649800000578],[-81.81492099989306,35.317091000185364],[-81.81135400010561,35.31528500009684],[-81.81117699965527,35.3107099998305],[-81.80679399990812,35.31303400023308],[-81.80657600034823,35.305448000281054],[-81.82068200001468,35.290961999747516],[-81.81979300026008,35.2817300000391],[-81.82474799956944,35.28046299964264],[-81.83135700033613,35.27451000033863],[-81.84339000004225,35.27365800001504],[-81.85727899997372,35.27512600030657],[-81.8697679997894,35.2784059996894],[-81.87709499970818,35.27690199963815],[-81.87824399975379,35.27752799974192],[-81.87591600042364,35.28010500017938],[-81.87539400019183,35.28826100024849],[-81.88035100004933,35.29265600020968],[-81.8833339996807,35.292311000364776],[-81.88606000029242,35.29845099970373],[-81.88522000004328,35.300183000082924],[-81.894338999715,35.31089300014741],[-81.8984429998029,35.3118180000768],[-81.90030200040133,35.31406900006382],[-81.90743400032643,35.31352600018939],[-81.90803600002587,35.30615100006861],[-81.91140000032205,35.30494999985332],[-81.91349800039674,35.30598900025148],[-81.91385099967586,35.314086000294],[-81.9217030001995,35.31564200027819],[-81.92358000034126,35.31838799993492],[-81.93502100039368,35.32323300004956],[-81.93620200022634,35.320628999773],[-81.93527900013653,35.31752600016537],[-81.93881199958881,35.31379899998257],[-81.93867600004468,35.3049750001628],[-81.94301600013412,35.29538999988585],[-81.94531599987519,35.28442300017737],[-81.95456599996648,35.27025200007919],[-81.96215300017624,35.26259799992385],[-81.96192700022044,35.25943600018822],[-81.95704399998279,35.25201800021185],[-81.95977399989415,35.24705100034824],[-81.96386899976122,35.249449999742446],[-81.96567899995583,35.23106200028253],[-81.96280599992932,35.22686000029746],[-81.96934100017785,35.216331999912306],[-81.97104500006725,35.205515000282084]]]}},{"type":"Feature","properties":{"GEOID":"37060","NAME":"State House District 60","BASENAME":"60","STATE":"37","SLDL":"060"},"geometry":{"type":"Polygon","coordinates":[[[-80.04685800034606,35.920971999818754],[-79.97228199985557,35.9176800002298],[-79.96849099976212,35.91812799974917],[-79.97062700036997,35.923305000097606],[-79.96911799957591,35.92325299989397],[-79.96910800042849,35.9215719997115],[-79.96667899991769,35.92152900014218],[-79.96656900031282,35.92287599994137],[-79.96521199985474,35.92133999977861],[-79.9639840001664,35.92238400030063],[-79.96523799979403,35.923037999836325],[-79.9593019997702,35.9235340000558],[-79.95805200034056,35.92331799977944],[-79.95885300023163,35.92048499997349],[-79.95459699980776,35.92048499997349],[-79.95577900036366,35.92465299971122],[-79.95766400000304,35.9243649996495],[-79.95474400012085,35.93168300028848],[-79.9609499995831,35.932284999935796],[-79.96075700013756,35.94047200010569],[-79.95257999992393,35.94838199966795],[-79.9544999997234,35.95194900024215],[-79.94577600006188,35.95621900016915],[-79.94704099956014,35.958756999988836],[-79.94919600043457,35.95872900030332],[-79.94781399986212,35.96396200011788],[-79.94902800020508,35.969033000155534],[-79.94762600043947,35.970387000115636],[-79.95425600022423,35.97042900034661],[-79.95318900019439,35.97879399978544],[-79.94634199977632,35.98701700009383],[-79.95807800027983,35.99063399995577],[-79.95776299973723,35.99317899964613],[-79.95520500025332,35.9993759996637],[-79.9462149995547,35.99642499995047],[-79.94565499968805,36.00091000026624],[-79.9422789996963,36.00333300002672],[-79.94105600003083,36.01146899975072],[-79.93848199975507,36.013317000311694],[-79.94153499970663,36.016616000353515],[-79.93776399970467,36.02727500011955],[-79.92348399996095,36.0266699998192],[-79.91789199989371,36.04940100014683],[-79.90641900005426,36.055153000347865],[-79.9168059995973,36.05505600027119],[-79.92125299981686,36.06012699972177],[-79.92373400020621,36.060278000068806],[-79.92380000032844,36.063874999695365],[-79.93025000018815,36.0638009999964],[-79.93452199960723,36.0589880003004],[-79.93328200022333,36.05710800020723],[-79.9341530004346,36.055594999752685],[-79.9391320000334,36.05695500028378],[-79.93763999985612,36.06035600006247],[-79.94444100024342,36.0608370001302],[-79.94144600001819,36.063362999941226],[-79.9524650002962,36.0673289998883],[-79.96311200013022,36.06415199998168],[-79.96233999965315,36.03942799967415],[-79.96380900026422,36.0355360001745],[-79.96985900009085,36.03739000016354],[-79.96970900030304,36.039406000259724],[-79.97550600040968,36.04304500016606],[-79.97997600019545,36.04313099987678],[-79.98012299961024,36.04561700019963],[-79.9778189996712,36.0488980002384],[-79.98391799990164,36.0525260000497],[-79.9877869998129,36.052420999788524],[-79.9879630004383,36.04909200019831],[-79.9903910002259,36.04690299994004],[-79.99744299978506,36.04954299975872],[-80.00218799993046,36.04092299969695],[-79.99996900038025,36.03976799974833],[-79.99978899955687,36.03534099993821],[-79.9943970004045,36.02934400026984],[-79.99331600013095,36.01641699984716],[-80.00136100010012,36.013536000351955],[-80.00994099982158,36.01262600015755],[-80.0113500001582,36.01182399997885],[-80.01005200014966,36.00925300014322],[-80.03534600014855,36.00585800035573],[-80.03626199966735,36.00175099986306],[-80.03454600008239,35.99830400022441],[-80.03728299966643,35.99746300020592],[-80.03699999980923,35.99981700032195],[-80.03946399958183,36.00080100022711],[-80.04378299975487,35.99835599972807],[-80.04685800034606,35.920971999818754]]]}},{"type":"Feature","properties":{"GEOID":"37037","NAME":"State House District 37","BASENAME":"37","STATE":"37","SLDL":"037"},"geometry":{"type":"Polygon","coordinates":[[[-78.93869000010712,35.59261399980817],[-78.91600100034614,35.58407900014152],[-78.70890199966159,35.519458000182716],[-78.56663899982978,35.629001999823515],[-78.56926400015918,35.62756799990743],[-78.57094999960691,35.62858800027077],[-78.57126799962424,35.626758000184346],[-78.5773350000676,35.62685900033082],[-78.57841600034118,35.62512699988219],[-78.5786570003656,35.62650300022277],[-78.58513800018746,35.627584000102395],[-78.59080600042267,35.63102899976609],[-78.59635900013184,35.63568900034518],[-78.59601400035032,35.638436999909906],[-78.60009499997369,35.63904499978326],[-78.59953299955892,35.64142400012846],[-78.6011310000414,35.64205999974222],[-78.6015670000595,35.64646599984952],[-78.60409199993147,35.64687800005909],[-78.60434700019961,35.65058899989942],[-78.60975000012094,35.65231899967129],[-78.60725000036334,35.655285000214775],[-78.6071780003933,35.658800000141184],[-78.61204599966405,35.66283199978951],[-78.61848800002616,35.66598799995566],[-78.62046899992498,35.66550899992811],[-78.62258399971812,35.66861799991117],[-78.62402999986466,35.66668299978244],[-78.62546500014055,35.66842099979165],[-78.62962500030494,35.66897200032674],[-78.63119399957682,35.673071999947744],[-78.63382399992909,35.67254500027271],[-78.63653799994694,35.66916199967973],[-78.64906699994559,35.681197999640226],[-78.65032599959608,35.680704000302654],[-78.64899400015067,35.67937999968928],[-78.65367900002161,35.68242399983942],[-78.66534100000695,35.67945000009206],[-78.6690900002676,35.682774000291495],[-78.67236599980194,35.681355000143746],[-78.67322299976951,35.68294800030347],[-78.67630300038357,35.6822819997894],[-78.67852199993378,35.686570000350656],[-78.68093800002579,35.68741600027032],[-78.68490499984635,35.68459600018468],[-78.68683600041477,35.678030999936524],[-78.69110899965877,35.67179399970994],[-78.70218300018837,35.66271199972453],[-78.71631099959613,35.63059900017013],[-78.72334499961192,35.624861999825804],[-78.73710800004503,35.631597000213546],[-78.74694700031529,35.63189299970063],[-78.75720400016198,35.62952300024567],[-78.76409000003979,35.631493000094075],[-78.77959300034729,35.62790399967772],[-78.78323600030275,35.6340259997323],[-78.78277099997233,35.64324300023851],[-78.78456100007546,35.648830000180354],[-78.79854200006844,35.66722400009478],[-78.80917300000894,35.65735900018445],[-78.8239890002282,35.65481800010158],[-78.81766599969177,35.64754000000003],[-78.80213200032044,35.64241700006548],[-78.80606999982867,35.63916599982095],[-78.80726800027809,35.630616000052036],[-78.81081800034711,35.62281999976361],[-78.8174149996216,35.62147400013196],[-78.83142099972896,35.638172000169966],[-78.83888400009016,35.64276099987408],[-78.8498909997743,35.63289999984667],[-78.86416499967025,35.63068400027367],[-78.874460999875,35.62385200025166],[-78.8872119996315,35.62553400025339],[-78.89905600009004,35.623840000093274],[-78.90995999984203,35.61624799969784],[-78.90494600008311,35.61294900004926],[-78.91020199969137,35.610389999850604],[-78.91307399989296,35.61079700000155],[-78.92935399980209,35.59593300004012],[-78.93685200032341,35.59444900031342],[-78.93869000010712,35.59261399980817]]]}},{"type":"Feature","properties":{"GEOID":"37035","NAME":"State House District 35","BASENAME":"35","STATE":"37","SLDL":"035"},"geometry":{"type":"Polygon","coordinates":[[[-78.75428400027981,36.056337999681524],[-78.75361100043526,36.03138400016776],[-78.74018699993587,36.023561000060155],[-78.71995100007683,36.029589999704136],[-78.70743700014678,36.011105999688034],[-78.69931600000963,36.01144799966052],[-78.71341099980545,35.96894899964],[-78.70627999970525,35.964060999854105],[-78.70181599976723,35.95238299987165],[-78.7020319996773,35.94825700003097],[-78.6956169999777,35.93957099980428],[-78.69005300039787,35.93929600022529],[-78.68011799986814,35.94440700018546],[-78.67447100044764,35.94392099995005],[-78.66800800016914,35.93470300034776],[-78.66221400043555,35.93179299991866],[-78.65389300028185,35.93121599968483],[-78.64876700036994,35.92829700010637],[-78.64906500029578,35.91849799975144],[-78.65284999964312,35.90251400009923],[-78.65220299973784,35.900898000288166],[-78.64106800000717,35.8952029996627],[-78.62932999985385,35.894000000284535],[-78.62723000012933,35.89145799994849],[-78.61887700018858,35.89541199967622],[-78.61178799992119,35.896279000357985],[-78.60342999995758,35.90335100017773],[-78.59573800016582,35.91308399992579],[-78.58696299955237,35.92838400005428],[-78.57976899970299,35.93280100014138],[-78.5780029998893,35.937014000289025],[-78.58009900031418,35.94163899973212],[-78.57850400020472,35.94527299996653],[-78.56686099958762,35.954345999684996],[-78.56332599958722,35.960410999789566],[-78.56252399987123,35.96744699967431],[-78.55863900006646,35.97045199977119],[-78.56072100024764,35.97563699975377],[-78.55211499968858,35.975054000021316],[-78.53404600039954,35.9798449999714],[-78.52314599994722,35.97811000009187],[-78.51469599992208,35.98004099966666],[-78.51215199978355,35.97898800008181],[-78.51837599968745,35.96127000022911],[-78.52956700039293,35.95057200034797],[-78.53616399966741,35.94720099991826],[-78.53295500008025,35.944644999982636],[-78.5347819999933,35.94162400010608],[-78.53177400024758,35.94254999985067],[-78.5338670002994,35.93831899976166],[-78.53292900014097,35.93634299989334],[-78.52807000019276,35.94006200009828],[-78.52286200026508,35.93745999995348],[-78.52192999995442,35.93408400036204],[-78.51817999986888,35.934875999760315],[-78.50853899996532,35.9492139998051],[-78.506946000404,35.947625999921115],[-78.50749700004984,35.93862699968745],[-78.50425900015034,35.925562000187035],[-78.49891899997819,35.92495799980244],[-78.48938100000682,35.9181099997914],[-78.47220999979491,35.91453099981376],[-78.47956000017822,35.907534000029436],[-78.47793699958136,35.89756399967994],[-78.47911300028946,35.887185999806135],[-78.47501199967633,35.87968399992717],[-78.46334999969096,35.87776200023584],[-78.44970400033205,35.87874099990614],[-78.45014100017505,35.8700340002819],[-78.44390800005031,35.86457299966298],[-78.44390100037762,35.85855199971534],[-78.447292000438,35.842125000153004],[-78.44660399962652,35.8369559998823],[-78.45122300027352,35.829687000329926],[-78.45245799963456,35.8069969999978],[-78.45512399997183,35.80331299980474],[-78.45457199960278,35.79332300028007],[-78.45642700000325,35.78825500029663],[-78.45458099982362,35.78718500030321],[-78.4426250001104,35.78358200000122],[-78.43005500010385,35.79211400032865],[-78.41477100007945,35.79240399979468],[-78.41398100005904,35.78987700006992],[-78.40818200030257,35.789689999898314],[-78.40797499971501,35.79300499976856],[-78.40475100005922,35.79387400010566],[-78.40463700025641,35.79897200033705],[-78.40811000033254,35.80185500034417],[-78.40789900044535,35.805595999914445],[-78.41143199989763,35.80625600022753],[-78.4101489999577,35.81032499972848],[-78.41155599974617,35.81530800006461],[-78.41505300011177,35.82298499998667],[-78.41935399984315,35.82655500005118],[-78.42196599975375,35.83205200003757],[-78.42495599995611,35.848243999677074],[-78.42401600014787,35.85494500010404],[-78.42757100023975,35.857412000021476],[-78.42731099994876,35.861024000348095],[-78.40032200028132,35.85241500017747],[-78.38901799959795,35.8504020001982],[-78.36631399976837,35.836948000034354],[-78.36131500007806,35.83708799980597],[-78.35582699976791,35.83958800000983],[-78.35707000042318,35.84299900019942],[-78.3564810002442,35.86181800002208],[-78.35186400014531,35.870413999967056],[-78.34952300039637,35.86802500017453],[-78.34395100042063,35.87124300015088],[-78.33268000024754,35.87315899980453],[-78.3249120002878,35.87735700033317],[-78.3164279999275,35.87673200002358],[-78.31049699992654,35.896377999738625],[-78.31299000001144,35.897321000055165],[-78.31952100006202,35.89426999999018],[-78.32062200042706,35.89600199966157],[-78.32849999999165,35.8967259996662],[-78.33152100015617,35.89793399979618],[-78.3355080000682,35.90581900031142],[-78.34390399966665,35.906798000183606],[-78.35037500034107,35.90951700035718],[-78.35327699978158,35.931056000128535],[-78.3943310000059,35.936875999765654],[-78.42686400006002,35.97501200007009],[-78.48738599986427,36.000181000045636],[-78.60367900037791,36.04241300011989],[-78.68322400042148,36.07448399965876],[-78.71560900033757,36.076111999824114],[-78.75127300016104,36.07083399994578],[-78.75428400027981,36.056337999681524]]]}},{"type":"Feature","properties":{"GEOID":"37033","NAME":"State House District 33","BASENAME":"33","STATE":"37","SLDL":"033"},"geometry":{"type":"Polygon","coordinates":[[[-78.75199200003635,35.719098999974115],[-78.7477649999248,35.7177950001016],[-78.74748799991538,35.71609800010433],[-78.73977500020722,35.71596399983332],[-78.72915599996229,35.703924000266305],[-78.72617499998074,35.70342500032299],[-78.72207199971776,35.69985999983066],[-78.71697500011817,35.69893999990238],[-78.70931199974042,35.69223800033023],[-78.70033799983365,35.69101000011841],[-78.69440799965761,35.694488999933135],[-78.69198999991578,35.69248300028935],[-78.6888649999942,35.6942630002208],[-78.68427899985745,35.69427399978904],[-78.68149200004466,35.68815400018496],[-78.67852199993378,35.686570000350656],[-78.67630300038357,35.6822819997894],[-78.67322299976951,35.68294800030347],[-78.67236599980194,35.681355000143746],[-78.6690900002676,35.682774000291495],[-78.66534100000695,35.67945000009206],[-78.653523000386,35.682386000189936],[-78.64992800011115,35.67947599985078],[-78.64910700012857,35.68121400004031],[-78.64476600021422,35.67830699982995],[-78.64196900035569,35.67331200013239],[-78.63653799994694,35.66916199967973],[-78.63382399992909,35.67254500027271],[-78.63119399957682,35.673071999947744],[-78.62962500030494,35.66897200032674],[-78.62546500014055,35.66842099979165],[-78.62402999986466,35.66668299978244],[-78.62258399971812,35.66861799991117],[-78.62046899992498,35.66550899992811],[-78.61848800002616,35.66598799995566],[-78.61204599966405,35.66283199978951],[-78.6071780003933,35.658800000141184],[-78.60725000036334,35.655285000214775],[-78.60975000012094,35.65231899967129],[-78.60434700019961,35.65058899989942],[-78.60409199993147,35.64687800005909],[-78.6015670000595,35.64646599984952],[-78.6011310000414,35.64205999974222],[-78.59953299955892,35.64142400012846],[-78.60009499997369,35.63904499978326],[-78.59623399956004,35.63861900028023],[-78.59635900013184,35.63568900034518],[-78.59080600042267,35.63102899976609],[-78.58513800018746,35.627584000102395],[-78.5786570003656,35.62650300022277],[-78.57841600034118,35.62512699988219],[-78.5773350000676,35.62685900033082],[-78.57126799962424,35.626758000184346],[-78.57094999960691,35.62858800027077],[-78.56926400015918,35.62756799990743],[-78.56663899982978,35.629001999823515],[-78.47373499958417,35.70151999990007],[-78.48448299970053,35.70538299995731],[-78.48355799996091,35.71182400010591],[-78.4795800002697,35.72037000009283],[-78.47652700031814,35.722384999997885],[-78.47712599964454,35.72373999984762],[-78.48197500044533,35.726058999667146],[-78.48823500033423,35.723742000289484],[-78.49330500016966,35.7261070001088],[-78.50236799976487,35.72443800004042],[-78.51352900033312,35.726693999706505],[-78.51402499972735,35.73079899993988],[-78.51551199988178,35.731661999692164],[-78.52314599994722,35.730700000271185],[-78.52745099987655,35.73179899980762],[-78.5292910002084,35.73470000010903],[-78.52656799996973,35.740943999864015],[-78.53039800042121,35.747719000268305],[-78.53197199971598,35.754551000362085],[-78.54897399987348,35.75863900023403],[-78.56573599983145,35.76844399970186],[-78.57406299983293,35.76790699968372],[-78.57521799972633,35.75975800020978],[-78.58276200027842,35.753867999667214],[-78.58920200009237,35.753527999990006],[-78.61282800018685,35.75790599985738],[-78.61248099985723,35.75445299980712],[-78.61571200008403,35.753354999695276],[-78.61903100017437,35.74854700026546],[-78.62281499969681,35.74639199977597],[-78.6246790003181,35.740430999712125],[-78.6304959996179,35.740442999847254],[-78.62638099965937,35.729655999853314],[-78.62693800005128,35.72819299974793],[-78.62892899999585,35.728350000343],[-78.62718099972552,35.72538399969103],[-78.62873599965201,35.725368999966925],[-78.62874700042097,35.72375999988808],[-78.63511699991476,35.72391099988578],[-78.63631500036418,35.72564000023527],[-78.64215000010566,35.724293000137955],[-78.6421249999913,35.72623600024092],[-78.6485740000261,35.72536400005823],[-78.65101799970721,35.73126600019451],[-78.66222199993315,35.73155299986848],[-78.6629080001965,35.73669000030314],[-78.67191100041559,35.741755999695116],[-78.68035300004478,35.742998000184855],[-78.68339799960043,35.72670899991035],[-78.69387200008042,35.72514800020387],[-78.69848699963116,35.73398900004512],[-78.6981529997203,35.73733799972903],[-78.70104099981543,35.74061399975329],[-78.69793000013756,35.743863999970536],[-78.69733799958553,35.74708600004262],[-78.70192200007246,35.74853400034878],[-78.69970500017207,35.75774700036329],[-78.6943010004258,35.76591699999137],[-78.69840899981335,35.76096299973213],[-78.70503500029848,35.76196199967013],[-78.70473900002246,35.76403900027906],[-78.70698299968704,35.763537999848175],[-78.70784700022561,35.76513099980374],[-78.71160599963369,35.762148000085794],[-78.71512800011364,35.76240100021962],[-78.72020100032209,35.765003000069],[-78.7234409998714,35.76935000007286],[-78.73175899965206,35.752147999680666],[-78.73743399955995,35.74794699988005],[-78.73771300011752,35.745645000356625],[-78.73632800007034,35.74469799971449],[-78.73682699983763,35.72749900033552],[-78.74792599958329,35.72720399994873],[-78.75199200003635,35.719098999974115]]]}},{"type":"Feature","properties":{"GEOID":"37012","NAME":"State House District 12","BASENAME":"12","STATE":"37","SLDL":"012"},"geometry":{"type":"Polygon","coordinates":[[[-77.8341999999837,35.17888500006932],[-77.76917700043153,35.14557600007623],[-77.74957199968594,35.10860999982477],[-77.74750700012152,35.05822499979239],[-77.74918000004878,35.05810600006126],[-77.74889999966629,35.051330999695445],[-77.74722599991412,35.051377000103955],[-77.74603699968553,35.02233999994229],[-77.73102600037093,35.00813800029949],[-77.67480500029806,34.97389999967813],[-77.63896700039732,34.98445999986962],[-77.5027710001106,34.96963499987544],[-77.3667680001677,34.90865000010897],[-77.36534700013551,34.92315999978553],[-77.36314000028086,34.9258249999073],[-77.36035199974485,34.925904000087364],[-77.35682599996527,34.92923399977042],[-77.3431909995787,34.931309999660755],[-77.34173799975946,34.93447699984143],[-77.33199700029681,34.93908300018991],[-77.3281600001726,34.93846400004585],[-77.32264900029622,34.93475999991613],[-77.31896100013495,34.93486300024481],[-77.31702000041908,34.93227599965824],[-77.31344400041078,34.93264400024224],[-77.31093600025727,34.93536899994547],[-77.31155600039837,34.93643999997387],[-77.30889300043414,34.937571999725414],[-77.30430399992434,34.93427499994042],[-77.29788800039982,34.93386300005131],[-77.29463799990646,34.930466999949296],[-77.28531800039327,34.93128899983865],[-77.28329700031148,34.92780600031339],[-77.26764699969085,34.925790000316],[-77.26716800001508,34.923191000312706],[-77.26412299956111,34.9210050002519],[-77.26461600037892,34.91913000021429],[-77.26222899970091,34.918793000131544],[-77.25971800007267,34.91486999998339],[-77.26073099967584,34.91143899997306],[-77.25932600043548,34.908884000183114],[-77.2557079996961,34.91049100028911],[-77.25073300029523,34.909907999670324],[-77.25221700007661,34.90309300021107],[-77.25050899998925,34.90332300023289],[-77.24982000025116,34.9008890003274],[-77.24015500005818,34.898900000284996],[-77.23735700037473,34.89996200014013],[-77.2387709998359,34.89357599969546],[-77.23430699989791,34.89149600006165],[-77.23334000032548,34.8938759997605],[-77.23187400008746,34.89291399965471],[-77.23411199990424,34.88612099991769],[-77.23113299957252,34.88520799974055],[-77.22200300003014,34.886996999742415],[-77.22082999969508,34.884589000008745],[-77.22284900012707,34.88343900014713],[-77.22242999982741,34.88205799970994],[-77.21588399970823,34.873327999693],[-77.2195769998924,34.87027899985483],[-77.21284800037341,34.8624700000371],[-77.21303099977321,34.86038900012768],[-77.20996399957794,34.85874700019099],[-77.21220300011795,34.85327800008577],[-77.20591800011468,34.84751700012981],[-77.20458400012113,34.847837000324134],[-77.205025999987,34.845986000115616],[-77.20271100017732,34.84529700004717],[-77.20344000009838,34.8426570001076],[-77.20085400012705,34.84200800030294],[-77.20153299981939,34.838050999997606],[-77.20327299969381,34.837030000357394],[-77.20138399985647,34.836374000260506],[-77.20193799987534,34.834498999843404],[-77.19726200022524,34.83259800021453],[-77.19627999968588,34.83417000011026],[-77.1932960002296,34.831944999797585],[-77.19080800016756,34.832370000360356],[-77.19170699996792,34.83379600017955],[-77.18868300032868,34.83334099968848],[-77.18544399970594,34.8350189998378],[-77.18495400015951,34.836580999643935],[-77.18125299957943,34.83621100034053],[-77.17951500025315,34.82949700033285],[-77.18430399988118,34.826342000029605],[-77.18636400032103,34.819467000081765],[-77.19221099975807,34.81718300027751],[-77.19577900026876,34.81761099970718],[-77.19311700012945,34.81442300021682],[-77.1962250003326,34.81004000027668],[-77.19310399971064,34.80687100024202],[-77.18922300010384,34.80632500009409],[-77.19050699986867,34.802262999993275],[-77.17575500012182,34.79670299977355],[-77.17581799987103,34.79196899991417],[-77.17086600003641,34.79041199998086],[-77.17522100019447,34.78745199980288],[-77.17404399966144,34.78574199981983],[-77.17018800016898,34.785073000273044],[-77.1733230001363,34.78186800024778],[-77.17210399977047,34.78038500030926],[-77.16914500042856,34.780932999831776],[-77.1673119997694,34.78518599999617],[-77.16246100021712,34.78602599976452],[-77.16219400025342,34.7873739997573],[-77.16538000027438,34.7878930002335],[-77.16776899970391,34.79099999982969],[-77.16438199984148,34.79050099974671],[-77.16151499966277,34.795159000352854],[-77.14996300018058,34.79265099963441],[-77.1477539997778,34.794190999719035],[-77.14419100018831,34.79333599988455],[-77.14223000038095,34.7970040001155],[-77.135714000399,34.79799300014091],[-77.13423300009237,34.79683599975136],[-77.13120500025515,34.798184000087204],[-77.12812600036433,34.79589799991019],[-77.12549500018716,34.796108000119105],[-77.1253930000799,34.79337600001405],[-77.12351400028831,34.792614000185864],[-77.12003299981626,34.7945010003206],[-77.11619499986715,34.793921000030174],[-77.11556600040352,34.79722999990731],[-77.11268800035414,34.79647500015552],[-77.10738199961887,34.80310599980472],[-77.09614999980383,34.79924300002615],[-77.09073099998896,34.799316000071066],[-77.08959500036212,34.80914700005178],[-77.08495200032397,34.81114799979488],[-77.0798289998868,34.81004099967187],[-77.07334300004207,34.817629999744064],[-77.06808499988567,34.820162000309644],[-77.04724899997703,34.836415999771404],[-77.10885100022992,34.83077999994965],[-77.10306499999395,35.017793000280086],[-77.10235600016438,35.02335899979211],[-77.09879100002674,35.026933999685774],[-77.10646500027515,35.03429500010705],[-77.10750499964252,35.04173300001149],[-77.11030200039934,35.04567600033967],[-77.10786899969058,35.054254000158615],[-77.11035699975263,35.065153999802845],[-77.10965600031898,35.06860899981529],[-77.1160650001708,35.07410700015292],[-77.1182970001398,35.07158300029483],[-77.11860299956324,35.07328400033231],[-77.13036099980806,35.07237100018011],[-77.13225300001842,35.06714800011181],[-77.13838800023387,35.061278999710076],[-77.14166299994329,35.06198100002219],[-77.14519100027101,35.06006600018072],[-77.14700499976526,35.056563999904704],[-77.14964900036124,35.0564909996928],[-77.1483449996066,35.0546749997878],[-77.15210100043825,35.05471999968785],[-77.14984600000471,35.05766800019952],[-77.15479899966427,35.06273700005551],[-77.15993700017007,35.062340000138654],[-77.16433099978786,35.06550200033815],[-77.1688380002819,35.06027600034408],[-77.17188899968532,35.06082599964773],[-77.1738520000408,35.05815899996909],[-77.17897899977763,35.05535399971335],[-77.18059200032874,35.05522000034088],[-77.17387399978212,35.059120000072745],[-77.17911100002212,35.05822399973976],[-77.1823840000817,35.06261500028654],[-77.18542299978955,35.06316799998544],[-77.18942200029547,35.06667000006946],[-77.19102499990252,35.07654400016173],[-77.187679000048,35.08108599989443],[-77.3292439999209,35.14982900016071],[-77.45158800008609,35.21863100019564],[-77.47369199986603,35.22898500010441],[-77.47329400038109,35.23106399981371],[-77.46561599993474,35.23461800016199],[-77.46431600027637,35.239155000308315],[-77.44590700033038,35.2465790001496],[-77.43337400013377,35.249687999703774],[-77.42613000005568,35.25754499978022],[-77.42617199988845,35.26237500032322],[-77.42860899989688,35.264075999851364],[-77.43177599965125,35.2711839999429],[-77.43765599959859,35.27698700019503],[-77.44058899989955,35.28457399984076],[-77.43993000029869,35.289593000175174],[-77.44659600006847,35.29357299965587],[-77.44641299977037,35.29617299970526],[-77.44961300003503,35.29945699999788],[-77.44885899999962,35.302006999937696],[-77.44013600016302,35.30384500001113],[-77.43850400024364,35.31175699998171],[-77.43113299994394,35.31290700035434],[-77.43138800021205,35.329685000180525],[-77.42929799963498,35.330561000095514],[-77.42334900009067,35.328743999724324],[-77.42134899992526,35.33133099999978],[-77.41468700035345,35.33041300014722],[-77.41421500035035,35.33396900017463],[-77.41049799987672,35.331867999843865],[-77.41094399994057,35.33803200003288],[-77.39515799977586,35.34302400002201],[-77.39146200011695,35.33885999998294],[-77.39175599984482,35.345634000252325],[-77.40131399990767,35.34809099985487],[-77.4082070003565,35.35337099976546],[-77.41325499955228,35.35170300030275],[-77.41883900012192,35.35257399990092],[-77.42082000002074,35.351507000066746],[-77.42125199984088,35.34888099972386],[-77.42568200034202,35.34923999982846],[-77.42708400010763,35.350758000042696],[-77.42714000018412,35.35989600022151],[-77.43177400000144,35.36727300007045],[-77.44040700032467,35.367024000200104],[-77.44831699967631,35.371751000266066],[-77.44879899972516,35.374551000175515],[-77.44509399984543,35.380493999863404],[-77.44979299996008,35.381048000330246],[-77.4550319998499,35.38553300006988],[-77.4494280000871,35.38931299973721],[-77.45041499975102,35.391597999929296],[-77.44856899957138,35.39289300028242],[-77.45171799978243,35.392089000117494],[-77.45159200028405,35.39426200013873],[-77.45557099980014,35.39272199998945],[-77.45821399967288,35.39413799999044],[-77.45611200029853,35.395562999772274],[-77.4629660003893,35.3988589998343],[-77.46317899992631,35.400283999660175],[-77.46078600029884,35.40064699982535],[-77.46326099994208,35.40117599970542],[-77.4649249996485,35.40274700008526],[-77.46365199975433,35.404360999917756],[-77.47050300037034,35.40935700007897],[-77.4712669995532,35.416803000075824],[-77.47003300001707,35.42083500005493],[-77.47297999966342,35.425998999922165],[-77.47586199991076,35.42697199998027],[-77.47690200017644,35.43062199982644],[-77.47441199956627,35.439648999923556],[-77.47956299959252,35.43930699976492],[-77.47668299989333,35.44532399988553],[-77.48004399981646,35.44675400033633],[-77.48164700032184,35.44346699965619],[-77.48194100004972,35.44494399998123],[-77.48440099962436,35.44523600022138],[-77.48435100029396,35.44745100020568],[-77.48219899979259,35.447271000224376],[-77.48204999982967,35.45050899980154],[-77.48047999983456,35.45146100033381],[-77.48540599972992,35.45274000027038],[-77.48632200014706,35.455435999927566],[-77.4841219999651,35.45785199984691],[-77.49345999991992,35.46231900026761],[-77.4903180002799,35.46812000034076],[-77.4943029996438,35.47343899987455],[-77.49411600004605,35.4774229999126],[-77.49876099973403,35.47979799995093],[-77.50109200033555,35.48382500017483],[-77.50075199967861,35.486369999954576],[-77.50273199975251,35.48584299991911],[-77.50086600037973,35.489328000171305],[-77.50247599965948,35.48959800035861],[-77.50202200009805,35.4915939999148],[-77.50706299962114,35.49403400013427],[-77.50714800000995,35.49614500024087],[-77.51158699983361,35.4970350000904],[-77.51161799979575,35.49893500036017],[-77.50703099983409,35.50223499975215],[-77.50589600003217,35.504853000155045],[-77.51132099969482,35.508188000112995],[-77.50580599962049,35.510230000015454],[-77.50711700004781,35.510882000274805],[-77.50340799997014,35.517974999717126],[-77.50730700001863,35.51696999982374],[-77.510397999605,35.51978300021084],[-77.51291599980428,35.5179939998653],[-77.51733700008458,35.51900000032542],[-77.51844299957419,35.517259000283815],[-77.52236599991211,35.51776499974254],[-77.52528800034241,35.51966299975751],[-77.5223800001558,35.52381500035388],[-77.52352199963043,35.525960000297985],[-77.52554199988731,35.52520800021954],[-77.52516600014368,35.528337000126534],[-77.53013499969676,35.52799100017841],[-77.53098900018959,35.53038000007168],[-77.53456500019789,35.52954800025849],[-77.54118699958673,35.53305899965646],[-77.55780299995486,35.53191000028866],[-77.56636400030807,35.53987400023721],[-77.57083300026895,35.54884199967872],[-77.58147699972992,35.55364000000526],[-77.59137399972649,35.56319700030213],[-77.60141899986107,35.56687900011293],[-77.61037000020161,35.567551999754826],[-77.62149700043467,35.582132000224945],[-77.62881900033058,35.58597299963491],[-77.6624379997828,35.6192520003484],[-77.67363199996299,35.623240999756284],[-77.68162199968059,35.630761999705065],[-77.68266699996913,35.63372899985796],[-77.68040999988577,35.63857000027747],[-77.68278199959686,35.642797999994485],[-77.68902499976733,35.6495939999494],[-77.69480799963027,35.65183800007424],[-77.70069199977556,35.652294999870875],[-77.75350900026758,35.61595700017521],[-77.80629099970118,35.58343600001603],[-77.81505799991871,35.588281000283864],[-77.82251100023419,35.58538299964178],[-77.8267440001935,35.42408999978682],[-77.82183599984148,35.421198999883096],[-77.81804200027331,35.4154739999236],[-77.81333099956477,35.41378700002487],[-77.80540299977147,35.40732899990005],[-77.8038629999136,35.39529500020557],[-77.79986099993295,35.38228199982452],[-77.80285100013532,35.37287800026278],[-77.81804700029616,35.35743499985983],[-77.81926999996163,35.35199900034081],[-77.82417999996348,35.343810999730486],[-77.8341999999837,35.17888500006932]]]}},{"type":"Feature","properties":{"GEOID":"37015","NAME":"State House District 15","BASENAME":"15","STATE":"37","SLDL":"015"},"geometry":{"type":"Polygon","coordinates":[[[-77.68012500037872,34.72073400018766],[-77.66817700016311,34.695082999664905],[-77.65747199970444,34.70349399996238],[-77.63656700019882,34.70953299995514],[-77.58978500036314,34.732947999725],[-77.583495000337,34.733829999701996],[-77.57856900044162,34.720314000330895],[-77.56078800013435,34.71476199976651],[-77.54788300039206,34.71966800015257],[-77.5441759999642,34.72533800020046],[-77.54418199981198,34.73032099964232],[-77.53302600016492,34.72753100026712],[-77.5330529999291,34.725829000367504],[-77.52899200039724,34.72192800001397],[-77.52380399966273,34.7194059998464],[-77.52163399961802,34.72001600009854],[-77.52160600002891,34.72171099975942],[-77.5184509999701,34.72134599970363],[-77.51808600009713,34.71732499965331],[-77.5158180001431,34.71461699973791],[-77.50871899982998,34.71285100013078],[-77.51288300019232,34.70097299963794],[-77.51498899976463,34.700466999838206],[-77.51597799997668,34.69500000000857],[-77.51558299996647,34.69208199985493],[-77.50959800043717,34.686145000168956],[-77.5227879996865,34.68593199974917],[-77.52147399978443,34.68120000000871],[-77.516516000102,34.67860899989199],[-77.51483800015188,34.66946499974335],[-77.50962600002624,34.66382300011742],[-77.51316500022463,34.65440399987426],[-77.51382100035075,34.64660299993304],[-77.49242800005017,34.641814999951976],[-77.48824399959632,34.637948000194136],[-77.48355000040289,34.63839100029056],[-77.4799409998843,34.636278999670964],[-77.47219300001605,34.6683179998476],[-77.46905399985077,34.674591000194724],[-77.47798900029778,34.689716999895786],[-77.48104200024935,34.711407999643754],[-77.47450799982572,34.72865399966402],[-77.46778699980437,34.73635100025823],[-77.46385199977087,34.73861799983742],[-77.47695800025294,34.75153000003716],[-77.4753639999684,34.75275399975651],[-77.47920899959021,34.7566630000203],[-77.47831999983556,34.75778299972513],[-77.46668600033763,34.760749000095785],[-77.46406100000824,34.75854400022268],[-77.4596360004283,34.76030599996555],[-77.45765299998132,34.75923000029449],[-77.44746499973162,34.76110099969727],[-77.43408600033639,34.75816300010063],[-77.42848500004833,34.759862999672286],[-77.42459400039577,34.763633000003146],[-77.42490999986495,34.76500799973046],[-77.42243900041966,34.765627000014966],[-77.41662999971912,34.760021000049605],[-77.35261100044762,34.806801000028024],[-77.35307900025275,34.80410400001885],[-77.3505619998784,34.801258999657996],[-77.35013400025623,34.796650999929135],[-77.35347599991279,34.79609400031855],[-77.35591600029426,34.79290799979214],[-77.35407900033546,34.79157000013003],[-77.35367400027951,34.78848299964964],[-77.35695999985958,34.7798189999646],[-77.36360499971295,34.769356999861905],[-77.35808200014102,34.75686200004049],[-77.35090199963702,34.747591999667755],[-77.34613099955236,34.751878000160424],[-77.33878299971718,34.75346300034437],[-77.33738500014955,34.75116300007461],[-77.3325880001256,34.752065000206365],[-77.32999200010852,34.74846600015471],[-77.32448100023215,34.74906200032969],[-77.31576300041841,34.74599399973342],[-77.31304699985245,34.752363000024175],[-77.30654699976401,34.75402400025373],[-77.29979200030576,34.759301000307765],[-77.28831000024547,34.75826700031035],[-77.26883500009455,34.769995999828154],[-77.25920300041183,34.77920599996663],[-77.25139799974387,34.79304899975081],[-77.26340700005883,34.79605099986239],[-77.2813980004284,34.81599100016809],[-77.28468999985624,34.82692699967439],[-77.28987199984465,34.82745700024592],[-77.34818099994648,34.8703820000157],[-77.36059899961705,34.862061999733584],[-77.3801239999967,34.880711000037664],[-77.41848099992163,34.91228999991611],[-77.4013649999613,34.924194000143686],[-77.5027710001106,34.96963499987544],[-77.63896700039732,34.98445999986962],[-77.68008099999778,34.971141000058275],[-77.65335199972304,34.94053499968726],[-77.65104500030928,34.92334100015573],[-77.66605999982184,34.83965100002551],[-77.67704999978754,34.79962500032326],[-77.67888199972346,34.78455000020417],[-77.68012500037872,34.72073400018766]]]}},{"type":"Feature","properties":{"GEOID":"37018","NAME":"State House District 18","BASENAME":"18","STATE":"37","SLDL":"018"},"geometry":{"type":"Polygon","coordinates":[[[-77.96130400036292,34.204868999761366],[-77.95700399955811,34.19622599985079],[-77.95861000043655,34.17376999991511],[-77.95350200006797,34.15354699980401],[-77.93692099985995,34.122845000279845],[-77.92132600038924,34.12463300013731],[-77.91621299999782,34.129198000283345],[-77.91408300013606,34.126707000030684],[-77.9155579996966,34.123473999821435],[-77.89958800030719,34.12606600004395],[-77.89542099957178,34.13322800003118],[-77.89366300015402,34.14005800013716],[-77.91123799969864,34.15815399978159],[-77.90577799987591,34.16157099965392],[-77.9039049999321,34.168008999697925],[-77.89960500002563,34.166689000329555],[-77.89727400032241,34.17160100003175],[-77.89956999986552,34.173529000286074],[-77.89927100011478,34.17516099998337],[-77.89293599988278,34.17334100006066],[-77.88830999956308,34.17541399979309],[-77.88910799997943,34.17619699967342],[-77.88571799974397,34.18093200002715],[-77.88658399993237,34.18308700031241],[-77.88240200002666,34.19184599976473],[-77.87469599999122,34.18800900011672],[-77.86775099966385,34.19345599974938],[-77.87027800008396,34.195041999827225],[-77.87030900004609,34.197839999729496],[-77.87592500040277,34.20568799974471],[-77.88219100013947,34.21037600018197],[-77.88161799985404,34.21369699995212],[-77.87290099986522,34.21276299966141],[-77.87149300025183,34.21963599994904],[-77.86472200000173,34.21589400026445],[-77.86684699984062,34.21210899963146],[-77.85731399989213,34.211460000038834],[-77.84224400012796,34.222648999831904],[-77.83272200005011,34.219390000059384],[-77.82966499990059,34.22769800036502],[-77.86727799983585,34.246458000284605],[-77.8711750002345,34.24595900029752],[-77.87105399986068,34.255298999998516],[-77.87949100036533,34.25505600001778],[-77.88158500024207,34.25684999983874],[-77.88164799999126,34.2556380001191],[-77.88724699973119,34.255909999929],[-77.88811600029264,34.25970799987291],[-77.89805599994692,34.25795600005578],[-77.90488900012127,34.25987999996275],[-77.90645200044368,34.25709100034831],[-77.90754000038994,34.25925999985256],[-77.90951799991574,34.25938000003889],[-77.91046799976971,34.257603000331784],[-77.91558899965875,34.260831000090114],[-77.91532199969507,34.257923999679164],[-77.9170420003763,34.258243999928055],[-77.91760999974056,34.26034999983932],[-77.91976899991462,34.25797200023955],[-77.91997599960386,34.26351300011188],[-77.9220059999065,34.26341299993246],[-77.92242900040412,34.25771900022573],[-77.92445799998353,34.25662100008279],[-77.92485100034392,34.25843499969145],[-77.92631500003381,34.25516799990357],[-77.93267700002998,34.258238000064516],[-77.9336920001813,34.25762200016534],[-77.93251399982337,34.25482000032719],[-77.9377689996067,34.25413499998975],[-77.93792199976758,34.25776600005402],[-77.94125599992653,34.26018900008253],[-77.94055499959457,34.26245000017447],[-77.94283299959432,34.25854399998403],[-77.94517900026446,34.25873100017057],[-77.94320099984036,34.262067999885964],[-77.9459349999497,34.26702599974225],[-77.94915899960547,34.26369500020757],[-77.94859100024122,34.25611700033065],[-77.953974999896,34.24425099996749],[-77.94966099974582,34.22918499978046],[-77.95069699981352,34.227047000328554],[-77.95737299962904,34.22950299998676],[-77.96130400036292,34.204868999761366]]]}},{"type":"Feature","properties":{"GEOID":"37022","NAME":"State House District 22","BASENAME":"22","STATE":"37","SLDL":"022"},"geometry":{"type":"Polygon","coordinates":[[[-78.90199799971353,34.83526799977541],[-78.9003209995883,34.832447999857635],[-78.89979400023192,34.824783999742316],[-78.89589400035854,34.820673000098154],[-78.89283600038411,34.81419400011557],[-78.88713700018675,34.810852000085255],[-78.8833390004206,34.81212100025129],[-78.88669899962052,34.80956399987358],[-78.88391299963266,34.80460699970869],[-78.88476600030059,34.80229799982188],[-78.87758800034472,34.792079999815954],[-78.87712499966413,34.7880140000314],[-78.86999600011208,34.778691999783284],[-78.87078199993454,34.77687900000681],[-78.86865999957038,34.77507699972273],[-78.86916400025886,34.77333000001473],[-78.86610200008647,34.77309899971043],[-78.86380800019319,34.77093200008699],[-78.86529600017252,34.767774999745065],[-78.86198200010504,34.75981100022002],[-78.86219800001511,34.756654999683114],[-78.85835199967009,34.75351199986341],[-78.85606399962458,34.747772000250606],[-78.8542479995822,34.7354900002377],[-78.84879000030757,34.73261799967923],[-78.84488700006112,34.7270740002019],[-78.84081899995824,34.727292000066775],[-78.84445600006592,34.72412400029496],[-78.83781299986234,34.71785900002077],[-78.83237499978091,34.7197420001958],[-78.83267100005692,34.71561699980718],[-78.82162900021268,34.709595000249806],[-78.81193800008043,34.694408000196816],[-78.80572099984921,34.68920200036499],[-78.80720299998076,34.68138900007807],[-78.80613000010312,34.67607500034268],[-78.81031700003169,34.673035000299684],[-78.8094309997518,34.668275999725886],[-78.8137259996354,34.66784800022656],[-78.81937899980201,34.66207900000833],[-78.81841800007736,34.65503199968289],[-78.81538400039237,34.65470299971765],[-78.81360299961176,34.651740999810706],[-78.81809800041023,34.65084200003517],[-78.81980499977436,34.645573000249556],[-78.82177300015273,34.64569499997319],[-78.82176700030493,34.64396400027476],[-78.81909500011987,34.64364500003475],[-78.81850099991806,34.64170699979243],[-78.822784999931,34.64300299981404],[-78.82513999992364,34.640652999952394],[-78.82647800011516,34.63834999977873],[-78.82546700016178,34.63704100007608],[-78.82760500041945,34.637079999736834],[-78.82721200005908,34.634818000188446],[-78.82984400006116,34.632223999638775],[-78.82838600021906,34.62969800012875],[-78.83058800005082,34.627902000219265],[-78.82984700043421,34.62582000007103],[-78.83200400006014,34.62575500018085],[-78.83443400039587,34.62158300021598],[-78.83309799985417,34.61806199982912],[-78.83474599966708,34.615002000087465],[-78.8315160001635,34.61139899970091],[-78.83166299957828,34.60817999991411],[-78.83399599982963,34.60159399976764],[-78.83717900037585,34.59843600014507],[-78.84124599975551,34.59722299988262],[-78.83525299983029,34.59749199972226],[-78.83604500039884,34.59341600034775],[-78.8389789996264,34.58970200022654],[-78.84330500037045,34.58783000022196],[-78.84361699964168,34.578475999830744],[-78.84795400025641,34.5756850001967],[-78.8541859996579,34.57495500002389],[-78.85694800025466,34.56885999997556],[-78.85704100014107,34.563107999762806],[-78.86135000026837,34.563717000335835],[-78.86265900014757,34.562227000203656],[-78.86269199975952,34.55997499983972],[-78.858035000376,34.55693800000522],[-78.86080299992219,34.55254300008253],[-78.85755400015206,34.54703999967247],[-78.85827100037754,34.545585999837805],[-78.85994699977954,34.54773000019942],[-78.86008900006976,34.54493100001568],[-78.8612180000239,34.544854000329416],[-78.86005499973457,34.53736699968175],[-78.85571899984309,34.53398399968383],[-78.85551800000164,34.53056199979532],[-78.85298800010679,34.527761999729876],[-78.85659300042741,34.52472799995029],[-78.85390299980068,34.51877199977759],[-78.8572550004013,34.51538000012801],[-78.85033699983815,34.51377099974575],[-78.84963300003145,34.51245299969381],[-78.85126599977573,34.51215599992151],[-78.84633900005545,34.510575000193334],[-78.84443799962425,34.50809600000135],[-78.8464129996753,34.50413099973521],[-78.84633800023055,34.499812999970295],[-78.84960799991708,34.50014099963838],[-78.84907099961664,34.50258299998587],[-78.85769600044226,34.50121399968427],[-78.86354700007729,34.49795199970332],[-78.86935800042762,34.487143000105505],[-78.86896099986927,34.48477799972352],[-78.86031900022353,34.48317599995535],[-78.85806299996509,34.474411000215426],[-78.84987400005585,34.47361900019017],[-78.84471299998386,34.46888200007678],[-78.83763600031033,34.46756099967224],[-78.8303529998742,34.462578000046015],[-78.8258610003471,34.461731999936916],[-78.66758800004456,34.46964499968319],[-78.66638499957227,34.464651999934205],[-78.66426499975627,34.46273200033596],[-78.65644699956782,34.46033800007173],[-78.65928199995948,34.453589999697876],[-78.64917999992349,34.46065999997087],[-78.64682400010594,34.46070700018814],[-78.60376999971619,34.44113399968995],[-78.59401199963678,34.4314430003616],[-78.58035600023211,34.42899299987877],[-78.55271300008839,34.42077799987939],[-78.44531999986167,34.37739999984186],[-78.42010100020588,34.378108000270984],[-78.39691500032743,34.37074700022993],[-78.36570200002318,34.37280300018188],[-78.33508399974566,34.36762200017549],[-78.25608500022338,34.39946900036066],[-78.17650099982176,34.465356000177565],[-78.18001900010373,34.4657860000292],[-78.18216099966106,34.46984100003915],[-78.1850799997183,34.467807999702195],[-78.18975600026674,34.46925999994506],[-78.18931500022578,34.47170399986674],[-78.19115600038252,34.47341200026575],[-78.20351499960357,34.475991000283905],[-78.20654199961585,34.480492000238385],[-78.20538300042281,34.48258700000412],[-78.20865599958407,34.48650099973233],[-78.20734500005507,34.487700999965675],[-78.21207699978167,34.48606300018513],[-78.21283400019014,34.488760000218605],[-78.21719699984581,34.48735700011899],[-78.22231899955975,34.49318300019339],[-78.22409399959426,34.49287300013126],[-78.22367400036802,34.49056700032766],[-78.23562099986039,34.49252900014641],[-78.23721799961967,34.49625999964904],[-78.24174400038027,34.50018699965118],[-78.24557499975838,34.49987100011386],[-78.2523760001457,34.504656999679774],[-78.25208999991543,34.506214999713514],[-78.25547299957987,34.50876200022634],[-78.25429699977006,34.511629999930335],[-78.25207499984681,34.5099530000769],[-78.25135799962133,34.51118600035393],[-78.25269599981283,34.51349699989131],[-78.25564400018241,34.51342600011163],[-78.25656800009715,34.51666299976236],[-78.25412799971566,34.52005499972643],[-78.26433900042991,34.51984199994794],[-78.26308200042926,34.524890999883134],[-78.26563200041558,34.526825000279295],[-78.26295500020765,34.52878500029236],[-78.27031399991348,34.53224999990042],[-78.26997499997977,34.53566000000279],[-78.27253599983673,34.53797800017078],[-78.26259700000737,34.54396499966721],[-78.25750600025555,34.54906099973998],[-78.15652000023086,34.67906999980613],[-78.1134719996889,34.70721899969898],[-78.11400700033951,34.72179499966353],[-78.12471400044798,34.713340000215524],[-78.13519399987743,34.71020100030157],[-78.1505530002449,34.721963999677904],[-78.19864200030995,34.74163699988026],[-78.14712899967425,34.9025059996507],[-78.1598180004048,35.07979999997887],[-78.17184500026313,35.09352800020302],[-78.17071399976086,35.114874000156924],[-78.16301299974826,35.137266000036405],[-78.1646279999492,35.16905699967783],[-78.1618450003344,35.20432300001913],[-78.2462169996408,35.22599600011582],[-78.3065800003347,35.287604000180536],[-78.39772500043934,35.26296000017268],[-78.41173400002141,35.25466300032511],[-78.49189699965795,35.26331900033378],[-78.52222500040554,35.29503700008559],[-78.52664999998548,35.30302499974485],[-78.53834899978075,35.3164099997186],[-78.54767800041307,35.311047999791604],[-78.55549999990116,35.30955299973205],[-78.55988699984627,35.30633299976583],[-78.5577129996036,35.3047130001719],[-78.5642880000351,35.304449000145546],[-78.57027699976236,35.3021190002353],[-78.57253899986858,35.29769599968584],[-78.57612499992263,35.29600199986027],[-78.58187599999852,35.29812500036102],[-78.58531899993741,35.293541000292265],[-78.58328500033512,35.29096500012771],[-78.58560400034278,35.28464899983111],[-78.5831139997326,35.27914300018489],[-78.58463900042017,35.273312000277436],[-78.59852199960555,35.264975000252136],[-78.59998199999579,35.258403000350235],[-78.60866700019757,35.2543759998392],[-78.61686699997743,35.24629300033376],[-78.61727899970607,35.24076700032706],[-78.61526299964714,35.238138000288664],[-78.6190129997327,35.234062000331036],[-78.61830399990313,35.229456999970665],[-78.61950099962934,35.22692700014201],[-78.62396399974243,35.22082600026174],[-78.63053099977802,35.217359000355245],[-78.63318799989445,35.21371900034316],[-78.633171000176,35.21121800007466],[-78.62779500001885,35.20584100012232],[-78.62536700023126,35.20574299992518],[-78.62451600011148,35.20341900012441],[-78.62696599964038,35.20116399997383],[-78.63213000008543,35.20112200021142],[-78.63694999967558,35.19788599991455],[-78.64260100019236,35.20092300001059],[-78.6466580004246,35.19811900017764],[-78.6401320003969,35.19244399974465],[-78.6358950002396,35.19201299996034],[-78.63999299958141,35.185756999734295],[-78.63867500037969,35.18177399977456],[-78.63520099958035,35.17968899972866],[-78.63486199964662,35.17717299987036],[-78.6298620001314,35.172485000120425],[-78.6321280004356,35.16989199990658],[-78.63562300025305,35.17094100024521],[-78.6389080000082,35.167234999958495],[-78.6378379996053,35.165150000078576],[-78.63235900041428,35.16393899965417],[-78.63366400009551,35.15711499997933],[-78.63805199986554,35.1573749998008],[-78.63992300015951,35.155068000148226],[-78.63601900008817,35.1507660000727],[-78.63798800029143,35.14843099970621],[-78.63688799975131,35.14177599990098],[-78.63466099980518,35.13991400007771],[-78.63553000036661,35.13738100035196],[-78.63836900005795,35.132644000221326],[-78.64174699969952,35.13172999991502],[-78.6429200000346,35.127990000292705],[-78.64878300026346,35.125207999864145],[-78.65253900019682,35.121014000325175],[-78.65183200001707,35.118838000236],[-78.64931899984067,35.11780499992647],[-78.64147899991092,35.12114899967058],[-78.63900900029054,35.11699400024756],[-78.64307999986815,35.11313300020026],[-78.65064899963626,35.1130640003545],[-78.65380899971795,35.111416000104605],[-78.65401399975735,35.10788300012563],[-78.65192800027654,35.10369500007716],[-78.65435600006413,35.1007070001376],[-78.65792600022465,35.101379999914144],[-78.65902699969136,35.10002499967695],[-78.65823800039416,35.094466000036086],[-78.66360899963016,35.09216399989569],[-78.66726500000438,35.09367700004953],[-78.67047799978953,35.092736999966206],[-78.67053700023907,35.08766000032146],[-78.6722860003343,35.08524400012808],[-78.6692020004206,35.08048099999887],[-78.66555600009211,35.080530000229075],[-78.66297599996857,35.07806600017866],[-78.66248200022414,35.06950099973865],[-78.66407899998343,35.06726999972344],[-78.66064400044044,35.063274999803134],[-78.66158900027158,35.05986099964024],[-78.654064999811,35.04959100007159],[-78.65934600043191,35.042890000263704],[-78.65346899995932,35.0345450000738],[-78.65586300031003,35.034591999979234],[-78.64964899955355,35.02685999977535],[-78.65009299996757,35.02374800000127],[-78.65287700030562,35.020630000072906],[-78.64992700028623,35.0185729999175],[-78.6502069997704,35.01509599964582],[-78.64502999980485,35.010117000292304],[-78.64755499967683,35.005596999830324],[-78.64577700016756,35.00340300008759],[-78.6470330003433,35.001191000111355],[-78.64647299957834,34.99562200024581],[-78.64773399977696,34.99473999964892],[-78.64655100029447,34.991490000110254],[-78.64331300039497,34.98898700036092],[-78.63633399973244,34.987825999733644],[-78.63458899983515,34.98565499999953],[-78.63715800008804,34.98109899982009],[-78.63411699983205,34.977675000314754],[-78.63234500017059,34.978070999770345],[-78.62764500023101,34.9744720003519],[-78.62716700038014,34.97163700029925],[-78.6237710002969,34.968665000356786],[-78.62052199962844,34.96824900008281],[-78.6184620000869,34.96433999973622],[-78.61120100029035,34.96090899989542],[-78.61077699996783,34.957815999960594],[-78.60753599969529,34.95361300015282],[-78.60508600016638,34.954266000179125],[-78.60210699983467,34.95134599971707],[-78.59875299958424,34.95186400010533],[-78.59479499998452,34.94978999971673],[-78.58828499985034,34.94209200007602],[-78.58449200010708,34.94176900010672],[-78.5835930003067,34.93838600022328],[-78.57283199977155,34.93751500023375],[-78.57269100020456,34.929827000133265],[-78.57030799972449,34.926822999753774],[-78.56446499958709,34.92506699984202],[-78.56184299963076,34.91760199987355],[-78.55770299955785,34.91534399985007],[-78.55060499996794,34.91490600014389],[-78.5479910004075,34.91694400026243],[-78.54448499982111,34.91482099990321],[-78.54202900044443,34.91128200005673],[-78.54308800007837,34.90940300026255],[-78.54188799997912,34.9081320001039],[-78.54581899981466,34.90508000020682],[-78.54572900030128,34.90263199996399],[-78.54751600003137,34.90234600035418],[-78.54686099973017,34.900620000299156],[-78.53691699987792,34.89523099966777],[-78.53509300033791,34.8956100001844],[-78.53497000031426,34.893659000117836],[-78.52651500026626,34.89117199998913],[-78.52466599971359,34.88397199997885],[-78.51968299991681,34.88233700000871],[-78.51968399974173,34.88381899976702],[-78.5176469997664,34.88381099997933],[-78.51555399971457,34.88163600006521],[-78.51391699977233,34.88195900016066],[-78.51463099962476,34.880906999794995],[-78.51269900012973,34.880596000139214],[-78.51509299958211,34.87509500007575],[-78.51275100000825,34.8723589999771],[-78.51321200014071,34.86922200034399],[-78.50255600008586,34.86461000007312],[-78.50220899975622,34.86167599980182],[-78.49937900028573,34.85919999974581],[-78.49509100007482,34.85909900013277],[-78.49470500028544,34.856182000194075],[-78.50628799972976,34.852573000129574],[-78.51612299980205,34.84591899979291],[-78.53363299994767,34.851128999711456],[-78.827397000007,34.850692999709366],[-78.90199799971353,34.83526799977541]]]}},{"type":"Feature","properties":{"GEOID":"37024","NAME":"State House District 24","BASENAME":"24","STATE":"37","SLDL":"024"},"geometry":{"type":"Polygon","coordinates":[[[-78.19202699969547,35.73065000014126],[-78.1823049996011,35.72887100009119],[-78.180369999733,35.72540499988343],[-78.17641799998107,35.72486199990075],[-78.17572099984707,35.72298999981023],[-78.17749000003381,35.72098600014967],[-78.17498400042841,35.71761400000436],[-78.17063500011814,35.71706599973375],[-78.1681129997209,35.713341000337444],[-78.1639219995944,35.71280099980686],[-78.16387300008888,35.714228999705334],[-78.16117400013965,35.712740000176076],[-78.16134200036916,35.69815299992294],[-78.15783800033088,35.685586999686876],[-78.12558700030908,35.60311100026327],[-78.06478400029742,35.58526300017606],[-78.05800600037466,35.5978060001602],[-77.99834800021067,35.58559699987428],[-77.82436200043666,35.586460000275395],[-77.82273600036507,35.58535300015748],[-77.81645600038468,35.58837099979518],[-77.80629099970118,35.58343600001603],[-77.75350900026758,35.61595700017521],[-77.6881069997004,35.6609469996479],[-77.66513099988425,35.67493499977942],[-77.67483700008512,35.6891039997559],[-77.71843600027289,35.728822999856604],[-77.7504060000873,35.81783099963803],[-77.74943000029404,35.8210599997079],[-77.75133900022286,35.82779400035569],[-77.80629599972404,35.85732000033012],[-77.82151299980129,35.861699000099016],[-77.82844399988495,35.86720799973721],[-77.82074000039762,35.88149900018969],[-77.80905999997061,35.909329999804896],[-77.81344699991574,35.911611000195926],[-77.81567300003695,35.91164200032311],[-77.81572099971753,35.90880999966962],[-77.82325500022385,35.91040599980525],[-77.82321900023884,35.91471100007566],[-77.82848599971774,35.91527000009687],[-77.83082399999194,35.912679000253185],[-77.83182400007466,35.91650699990124],[-77.83391299992851,35.916557999834446],[-77.83357499981972,35.91806600020079],[-77.83523000020362,35.91849399994155],[-77.83612200033132,35.91660499982931],[-77.84141899994745,35.91422099985768],[-77.84885200017142,35.913615999788995],[-77.85681599994975,35.91035100004989],[-77.86122399981124,35.90052699965776],[-77.86688500037377,35.8997240001854],[-77.86796800029717,35.90545799991075],[-77.87133199969503,35.906615000164656],[-77.87570299974661,35.90149100027156],[-77.883741999868,35.89989900008595],[-77.8884159998683,35.893337000238],[-77.89711600013867,35.88618999977051],[-77.88766699985575,35.879290999941304],[-77.88914499978934,35.871252999821806],[-77.89616600028468,35.86884900025101],[-77.89876599960141,35.864103000354206],[-77.9146610004444,35.84875399966459],[-77.92043099988854,35.8488920002367],[-77.92496000012387,35.846874000104805],[-77.93206799975952,35.85017900034032],[-77.93039200035753,35.8416439999692],[-77.93136099957977,35.830078000151985],[-78.00668500025789,35.79948800005953],[-78.14710199991008,35.74580299966278],[-78.18197200041348,35.737955999906134],[-78.18896700007123,35.73423999983268],[-78.19202699969547,35.73065000014126]]]}},{"type":"Feature","properties":{"GEOID":"37026","NAME":"State House District 26","BASENAME":"26","STATE":"37","SLDL":"026"},"geometry":{"type":"Polygon","coordinates":[[[-78.54305899976606,35.5803650000466],[-78.52610000016458,35.56304000001888],[-78.52217799965155,35.556568000284386],[-78.51907299982146,35.558086000308954],[-78.5075509995782,35.556520000207605],[-78.50053099980609,35.55153400011336],[-78.48116600015834,35.55012000030535],[-78.4810020001268,35.547273999782384],[-78.47766899979275,35.54541700031328],[-78.48066900004088,35.540966000117606],[-78.47997600010483,35.538383999978976],[-78.47411899972371,35.53435100008821],[-78.4711949996436,35.52982400030221],[-78.46401800041096,35.52708899975656],[-78.46348399958525,35.52333099968625],[-78.46848499982372,35.52087900019231],[-78.46718400034044,35.51749300014964],[-78.46007699963138,35.51683000034251],[-78.45660399955523,35.514525999838554],[-78.45423600004212,35.52997800030071],[-78.45423400039229,35.54632699987093],[-78.45288500033013,35.548381999717634],[-78.4497229997003,35.5747550003088],[-78.40356400037878,35.57713499978737],[-78.36686799978723,35.63062299991647],[-78.36358999970476,35.627219000198195],[-78.3525529998834,35.6216610002614],[-78.34715199961188,35.615818999956204],[-78.3404850000172,35.6116420003328],[-78.33723700007197,35.607052000057344],[-78.3290459996146,35.61175699996444],[-78.31397699967536,35.6305170001306],[-78.30561799988683,35.623208000159494],[-78.29920900003502,35.62115299996789],[-78.29318799962236,35.6213709996669],[-78.26712399969456,35.60763700030721],[-78.25714899988019,35.609384999961364],[-78.25369000004775,35.617654000007],[-78.24355100020185,35.630809999822816],[-78.22570799997028,35.63322799994372],[-78.19733500008057,35.64344699989265],[-78.151349999938,35.66921400005375],[-78.16134200036916,35.69815299992294],[-78.1603120001492,35.711018000089815],[-78.16185100018217,35.710899000292834],[-78.16086299979503,35.712138999858944],[-78.16338299964413,35.71412100007414],[-78.1639219995944,35.71280099980686],[-78.1681129997209,35.713341000337444],[-78.17063500011814,35.71706599973375],[-78.1759960002067,35.71841799983593],[-78.17749000003381,35.72098600014967],[-78.17572099984707,35.72298999981023],[-78.17641799998107,35.72486199990075],[-78.180369999733,35.72540499988343],[-78.1823049996011,35.72887100009119],[-78.19169299978464,35.73062599983444],[-78.19480500018574,35.727985000155044],[-78.20237300012894,35.72775499991682],[-78.20691999990763,35.73147699997672],[-78.20936899961163,35.73064000025733],[-78.21560099991143,35.73599099985447],[-78.21573300015591,35.73931300033509],[-78.21303300038176,35.744822000210135],[-78.21580699977575,35.745831999852065],[-78.21662000026072,35.752208999754004],[-78.21905899991894,35.75506799995291],[-78.22625699996628,35.752087000289656],[-78.22666000037242,35.750532999664905],[-78.23287599988042,35.75142699995665],[-78.23578900008988,35.75778399965038],[-78.23485299958128,35.75975700007678],[-78.23822199990035,35.763128000188765],[-78.23831899998471,35.76728800022734],[-78.24439899994859,35.769459999904406],[-78.24603599989084,35.77255500005588],[-78.2509269996261,35.77379700017982],[-78.24845799983063,35.77479000033922],[-78.24613499962504,35.78480700003898],[-78.24724500021091,35.785931000340995],[-78.2438650000212,35.79209900006365],[-78.2504060001175,35.796927000197556],[-78.24908600036767,35.80117999988306],[-78.25163999965362,35.804191000135596],[-78.2513690003903,35.8111070002524],[-78.25702099983367,35.81319599990448],[-78.25597300007037,35.81811999979161],[-78.36879299960957,35.754350000313764],[-78.46003599962349,35.70569099978452],[-78.46429799989514,35.70818800030358],[-78.46850300026536,35.707072000001595],[-78.47328799969542,35.70167099973004],[-78.53116599980203,35.65663700035724],[-78.52994999980925,35.6539649998622],[-78.5241100000449,35.650617999698895],[-78.5187590000021,35.64027300013755],[-78.52164000042454,35.63846100022315],[-78.52249200036923,35.63546700005894],[-78.52209099961293,35.62559399975612],[-78.52455000026096,35.62067700033491],[-78.52783900021407,35.61998000027223],[-78.52774499960442,35.60962299977376],[-78.52537299989334,35.6040250001165],[-78.52747299961787,35.60439899972666],[-78.52874999971,35.60212799993392],[-78.53202500031774,35.60248900002083],[-78.53306600040833,35.600025999752276],[-78.53560499962569,35.599897000065475],[-78.53692500027384,35.590788000159606],[-78.54115499986011,35.586562000280416],[-78.54305899976606,35.5803650000466]]]}},{"type":"Feature","properties":{"GEOID":"37028","NAME":"State House District 28","BASENAME":"28","STATE":"37","SLDL":"028"},"geometry":{"type":"Polygon","coordinates":[[[-78.6147749997505,35.4402800000453],[-78.60709800002736,35.43244100016215],[-78.60994599993951,35.42719199982657],[-78.59877299967572,35.418260000178094],[-78.59707999965696,35.40624799968634],[-78.59265500007702,35.39859999964663],[-78.58448200006134,35.39591799981065],[-78.58410499959446,35.394169000228466],[-78.57250100023376,35.386481999924456],[-78.57195499971249,35.38042099964119],[-78.56810900026576,35.37376100020025],[-78.56914000031063,35.37081800015252],[-78.56769499998899,35.36768799985683],[-78.5628030004288,35.3656199996532],[-78.56266100013858,35.36222299967955],[-78.55279599992906,35.35730800013661],[-78.54926199975355,35.3534539996788],[-78.53305299998952,35.3429510003523],[-78.53358199989405,35.34064299982473],[-78.52985100007504,35.33493499973717],[-78.53760800016414,35.32719499968576],[-78.53557600021169,35.32010199989723],[-78.53834899978075,35.3164099997186],[-78.52664999998548,35.30302499974485],[-78.52222500040554,35.29503700008559],[-78.49204200032122,35.26342100034481],[-78.41173400002141,35.25466300032511],[-78.39772500043934,35.26296000017268],[-78.3065800003347,35.287604000180536],[-78.2897110002466,35.31507700007569],[-78.27603400002724,35.31513600021007],[-78.27174199961836,35.32115899987239],[-78.26842699972596,35.32305499991902],[-78.25686500019806,35.32559400030988],[-78.2487869997186,35.320430000365405],[-78.24262999976186,35.3197989996904],[-78.21567100023164,35.333456999932245],[-78.21672300019289,35.33681900002064],[-78.2154779998878,35.341527000087765],[-78.21355899991323,35.340454999648955],[-78.21179800012241,35.34233099987635],[-78.20956299978036,35.33967600008661],[-78.20076100030106,35.341282000180456],[-78.19728200037714,35.34006100003668],[-78.19627399989851,35.34356799983972],[-78.18700500043896,35.3425820001293],[-78.18480500025703,35.34542000025855],[-78.18002499995153,35.34370700021044],[-78.17402399963038,35.34725799989788],[-78.17016200029013,35.34632400011741],[-78.16789900035899,35.34798400025242],[-78.16555699988682,35.34636700030361],[-78.16057200044023,35.34954999979437],[-78.15878900000978,35.347487999791824],[-78.1532429999733,35.35067099980486],[-78.15371699962624,35.3564230003444],[-78.1600779997975,35.356628000066664],[-78.15996800019262,35.35925099976469],[-78.15766000005563,35.36010999995713],[-78.16240799967576,35.36737500018397],[-78.15783800033088,35.37501599968374],[-78.15072300012422,35.37856299980426],[-78.14581700032033,35.38298099968109],[-78.14420200011938,35.386894000048905],[-78.14975999985143,35.39175100006695],[-78.15367200031869,35.39198699975317],[-78.15491000005278,35.417809999932366],[-78.06478400029742,35.58526300017606],[-78.12558700030908,35.60311100026327],[-78.151349999938,35.66921400005375],[-78.19733500008057,35.64344699989265],[-78.22570799997028,35.63322799994372],[-78.24355100020185,35.630809999822816],[-78.25521700038513,35.615235999895916],[-78.25683800043387,35.60961600026199],[-78.26491799966483,35.607537999689164],[-78.29318799962236,35.6213709996669],[-78.3032570000464,35.622065000278226],[-78.31397699967536,35.6305170001306],[-78.3290459996146,35.61175699996444],[-78.33723700007197,35.607052000057344],[-78.3404850000172,35.6116420003328],[-78.34715199961188,35.615818999956204],[-78.3525529998834,35.6216610002614],[-78.36358999970476,35.627219000198195],[-78.36686799978723,35.63062299991647],[-78.40356400037878,35.57713499978737],[-78.4497229997003,35.5747550003088],[-78.45288500033013,35.548381999717634],[-78.45423400039229,35.54632699987093],[-78.45423600004212,35.52997800030071],[-78.45660399955523,35.514525999838554],[-78.46007699963138,35.51683000034251],[-78.46718400034044,35.51749300014964],[-78.4685419997251,35.52060899986504],[-78.46670499976632,35.52330500032607],[-78.46911699966037,35.525433999871595],[-78.47409399960937,35.523066999886375],[-78.47716900020056,35.52497300002937],[-78.47926800010018,35.52444100022668],[-78.47837799962231,35.52560900034892],[-78.48084200029324,35.528233999729565],[-78.48227900021894,35.52774400015427],[-78.48294500039081,35.52149700020367],[-78.49085399991753,35.523680999926505],[-78.49615300008179,35.52203299980296],[-78.49715800018737,35.51996399967175],[-78.49980000023521,35.520740999894784],[-78.50145300007098,35.52251099989353],[-78.49961000026441,35.524661999799214],[-78.50306499989888,35.52733899997],[-78.5024530001537,35.52848600024679],[-78.50920900033516,35.525680999695034],[-78.509535999675,35.52103699988133],[-78.51285300011551,35.52126200011408],[-78.51365900002946,35.52346499996689],[-78.51238600013527,35.52440699995724],[-78.51657300006386,35.52487400031253],[-78.51843199976396,35.527494999860636],[-78.51902799961562,35.52925599988857],[-78.51687199981458,35.530194000275266],[-78.52026100022513,35.53511999970741],[-78.52211699955218,35.534612999984084],[-78.52162000033303,35.535826999739406],[-78.52537700009131,35.53725800009221],[-78.53001400028167,35.53637500023067],[-78.53096199958753,35.53448500024229],[-78.5344010002268,35.53531299993948],[-78.53478700001617,35.53277500007188],[-78.54022199972455,35.530578999769546],[-78.54212099960762,35.524880999919894],[-78.5518700003645,35.518187999850845],[-78.55848599990559,35.50920500004429],[-78.56904200040134,35.502540000182414],[-78.57386500036453,35.49728300002578],[-78.57730300028055,35.488158999726814],[-78.57559400036828,35.48122799991421],[-78.5767779996757,35.47319599983388],[-78.58017299993402,35.465966000070196],[-78.58550399988535,35.464698000088006],[-78.5896409995852,35.466471999994184],[-78.59090500015687,35.47583299970849],[-78.59518599979677,35.477880999863025],[-78.59509999958304,35.46666300033367],[-78.60554200027597,35.45459700021065],[-78.6147749997505,35.4402800000453]]]}},{"type":"Feature","properties":{"GEOID":"37030","NAME":"State House District 30","BASENAME":"30","STATE":"37","SLDL":"030"},"geometry":{"type":"Polygon","coordinates":[[[-79.00068900002003,35.95293300006842],[-78.99882299974894,35.95093299990538],[-78.96757900038084,35.966453000353106],[-78.9535239998697,35.9707100000014],[-78.94375900011762,35.97205899990753],[-78.93684300010257,35.974796999779336],[-78.93999599961326,35.96814300005206],[-78.92644399996566,35.971610999968206],[-78.92078300030145,35.97643400000847],[-78.9202579996966,35.98639599967993],[-78.91201699990886,35.98533099966372],[-78.91206399976451,35.98391900008223],[-78.90791799984382,35.98692700021032],[-78.9018680000172,35.99570500028981],[-78.89499300001003,35.98701700009383],[-78.88939699974485,35.98428200027224],[-78.88615299999758,35.990638999878634],[-78.88603800036985,36.00360699976118],[-78.84236300001407,36.006024999818095],[-78.84047900019962,36.01523100006079],[-78.84105599978471,36.02430900003688],[-78.856268999664,36.02574400012612],[-78.86392600019397,36.028005999746775],[-78.87020000032659,36.027407999799216],[-78.87013199965621,36.03244199997128],[-78.86787799994589,36.03524400014747],[-78.87539300018564,36.03788500035282],[-78.87324599970714,36.04470499974622],[-78.87519800019196,36.04698200025755],[-78.88460700029192,36.038899999682805],[-78.8875699998318,36.0396150002598],[-78.88873499977093,36.05912100016107],[-78.893342999649,36.05919999983542],[-78.89669900044757,36.059228000169725],[-78.90358899962501,36.051078000141516],[-78.90250400005183,36.04562600017536],[-78.89674299993018,36.03723999975606],[-78.89946299979583,36.03360500016386],[-78.90563599964611,36.03346600035104],[-78.90228800014177,36.02877399985112],[-78.91250599963038,36.02903900009358],[-78.91660200022066,36.02527499987108],[-78.91861200043182,36.0268310000274],[-78.91189200023537,36.035304999685295],[-78.9166330001828,36.042898000215004],[-78.92950000029028,36.043225000280835],[-78.92935999964988,36.05411700031914],[-78.92900599964754,36.06076499968519],[-78.92684599964858,36.05931600032574],[-78.92484200018352,36.060464999784415],[-78.92121000009872,36.063288999760765],[-78.9216519999646,36.06621000028221],[-78.91726699966931,36.06704499996467],[-78.91543800010643,36.06915699980126],[-78.9313110003098,36.07051800030176],[-78.93852500025068,36.072820000121126],[-78.9410250000083,36.070163000288055],[-78.95345799974747,36.07012299986904],[-78.95352100039497,36.06749599975584],[-78.96084199956765,36.06661100011055],[-78.96189899955176,36.06237500011445],[-78.9726099998582,36.06323399972872],[-78.97411000043142,36.05958500010984],[-78.97804999958947,36.05931500034103],[-78.9785509999049,36.05449399967523],[-78.98138100027369,36.05440399984276],[-78.98263300025148,36.05654399970017],[-79.00068900002003,35.95293300006842]]]}},{"type":"Feature","properties":{"GEOID":"37032","NAME":"State House District 32","BASENAME":"32","STATE":"37","SLDL":"032"},"geometry":{"type":"Polygon","coordinates":[[[-78.80761999973228,36.08771200003332],[-78.79831199991467,36.08460999968381],[-78.79257799955722,36.08596899989649],[-78.79081400029168,36.08110000011001],[-78.7930899997433,36.07768999980069],[-78.78933499963486,36.07882899999002],[-78.78488599976546,36.07673100025859],[-78.78811299979431,36.07291600026949],[-78.78337100002194,36.06994400012284],[-78.78059000005696,36.07231599977958],[-78.75127300016104,36.07083399994578],[-78.71560900033757,36.076111999824114],[-78.68322400042148,36.07448399965876],[-78.60367900037791,36.04241300011989],[-78.5464139998414,36.0218259997861],[-78.54481200005925,36.08084599986469],[-78.49661400021427,36.17519900002907],[-78.49929999974468,36.175769999930374],[-78.50833200027611,36.18292300001062],[-78.51045299991702,36.38235300022597],[-78.44622799988286,36.38472499997216],[-78.44620699996646,36.373908000265544],[-78.45320400017236,36.366453000121616],[-78.45466899968717,36.35665800002998],[-78.4453299999074,36.33665200030478],[-78.45074000039975,36.32169799974033],[-78.45492200030546,36.32057000005466],[-78.45657000011838,36.318494000104494],[-78.45567700016578,36.30916999976203],[-78.45813000006773,36.30370400015878],[-78.45585600026592,36.303590999765355],[-78.4582139997333,36.29672299992947],[-78.46391100028085,36.29137700007575],[-78.4657750000038,36.284396000228554],[-78.43391800016731,36.2815459997102],[-78.41929500029191,36.27712199992055],[-78.40507099972636,36.27700300020683],[-78.38758099967224,36.27461500004572],[-78.37840199972605,36.29827000022945],[-78.37906299987505,36.30024200034119],[-78.37046499971193,36.31285799967684],[-78.36871599961667,36.31797600010771],[-78.36568699995456,36.34108300025135],[-78.36634999975338,36.349227000327254],[-78.35092299961386,36.3613849996403],[-78.34811599970956,36.357125000282544],[-78.34845399981837,36.35449999982231],[-78.35086900008548,36.35295899967541],[-78.33483799969838,36.35449499991057],[-78.32595800040127,36.35332500016444],[-78.30657899961149,36.35405700032115],[-78.29751500019134,36.35808700029551],[-78.28743999991954,36.35835699997167],[-78.32399099984781,36.54382199983386],[-78.51089700033103,36.54104899997577],[-78.79627400011442,36.54174099967004],[-78.79484499968633,36.52643899975426],[-78.80531599979327,36.09391600008262],[-78.80305500041027,36.08956000019463],[-78.80761999973228,36.08771200003332]]]}},{"type":"Feature","properties":{"GEOID":"37036","NAME":"State House District 36","BASENAME":"36","STATE":"37","SLDL":"036"},"geometry":{"type":"Polygon","coordinates":[[[-78.91542600041089,35.624040999952975],[-78.90995999984203,35.61624799969784],[-78.89608299960612,35.62467000023099],[-78.8866629996355,35.62552200034744],[-78.87482200044835,35.62375999972156],[-78.86416499967025,35.63068400027367],[-78.8498909997743,35.63289999984667],[-78.83888400009016,35.64276099987408],[-78.83142099972896,35.638172000169966],[-78.8174149996216,35.62147400013196],[-78.81081800034711,35.62281999976361],[-78.80726800027809,35.630616000052036],[-78.80606999982867,35.63916599982095],[-78.80213200032044,35.64241700006548],[-78.81766599969177,35.64754000000003],[-78.8239890002282,35.65481800010158],[-78.80917300000894,35.65735900018445],[-78.79854200006844,35.66722400009478],[-78.78456100007546,35.648830000180354],[-78.78277099997233,35.64324300023851],[-78.78323600030275,35.6340259997323],[-78.77959300034729,35.62790399967772],[-78.76409000003979,35.631493000094075],[-78.75720400016198,35.62952300024567],[-78.74694700031529,35.63189299970063],[-78.73710800004503,35.631597000213546],[-78.72334499961192,35.624861999825804],[-78.71631099959613,35.63059900017013],[-78.70218300018837,35.66271199972453],[-78.69094200015249,35.671995999870006],[-78.68683600041477,35.678030999936524],[-78.68490499984635,35.68459600018468],[-78.68093800002579,35.68741600027032],[-78.68116900000447,35.68889499998925],[-78.68427899985745,35.69427399978904],[-78.6888649999942,35.6942630002208],[-78.69198999991578,35.69248300028935],[-78.69440799965761,35.694488999933135],[-78.70033799983365,35.69101000011841],[-78.70931199974042,35.69223800033023],[-78.71697500011817,35.69893999990238],[-78.72207199971776,35.69985999983066],[-78.72617499998074,35.70342500032299],[-78.72915599996229,35.703924000266305],[-78.73977500020722,35.71596399983332],[-78.74748799991538,35.71609800010433],[-78.7477649999248,35.7177950001016],[-78.75209800034156,35.71884099972626],[-78.74957400029452,35.724215000181836],[-78.77718999977576,35.72919700012911],[-78.77990700016665,35.739691999936646],[-78.78968799981227,35.73632300029334],[-78.81209799991397,35.7420459998151],[-78.81642399975973,35.74612199970561],[-78.81966400020735,35.745696999710674],[-78.82994000032062,35.73666900016937],[-78.8388999999837,35.73406799963652],[-78.84447699998232,35.734117000082094],[-78.84645200003335,35.73108400031005],[-78.85032900034054,35.732508000242674],[-78.85415300004594,35.72718199968821],[-78.84563400042384,35.723305999774595],[-78.8403029995742,35.71421999992397],[-78.84515400002482,35.710232999761345],[-78.87442800026302,35.69570199963533],[-78.87229900022619,35.68990599985907],[-78.87499999982525,35.68310300027968],[-78.87361899997605,35.67773900018404],[-78.8841000001287,35.66998799987622],[-78.8847960004378,35.66564800033568],[-78.88932999979771,35.66106800008827],[-78.89006700011467,35.65598600036209],[-78.8969489997945,35.65307700030358],[-78.89724800044357,35.64170900021288],[-78.90105700008036,35.63835600007711],[-78.90564800023999,35.629737000001484],[-78.91542600041089,35.624040999952975]]]}},{"type":"Feature","properties":{"GEOID":"37038","NAME":"State House District 38","BASENAME":"38","STATE":"37","SLDL":"038"},"geometry":{"type":"Polygon","coordinates":[[[-78.68033600032635,35.74301599980646],[-78.67191100041559,35.741755999695116],[-78.6629080001965,35.73669000030314],[-78.66222199993315,35.73155299986848],[-78.65101799970721,35.73126600019451],[-78.6485740000261,35.72536400005823],[-78.6421249999913,35.72623600024092],[-78.64215000010566,35.724293000137955],[-78.63631500036418,35.72564000023527],[-78.63511699991476,35.72391099988578],[-78.62874700042097,35.72375999988808],[-78.62873599965201,35.725368999966925],[-78.62718099972552,35.72538399969103],[-78.62892899999585,35.728350000343],[-78.62693800005128,35.72819299974793],[-78.62638099965937,35.729655999853314],[-78.6304959996179,35.740442999847254],[-78.6246790003181,35.740430999712125],[-78.62281499969681,35.74639199977597],[-78.61903100017437,35.74854700026546],[-78.61571200008403,35.753354999695276],[-78.61248099985723,35.75445299980712],[-78.61282800018685,35.75790599985738],[-78.58920200009237,35.753527999990006],[-78.58276200027842,35.753867999667214],[-78.57521799972633,35.75975800020978],[-78.57406299983293,35.76790699968372],[-78.56573599983145,35.76844399970186],[-78.54897399987348,35.75863900023403],[-78.53197199971598,35.754551000362085],[-78.53466300016761,35.75963700006124],[-78.53923800043368,35.76213299999783],[-78.53972299995728,35.77407799984844],[-78.5372619996594,35.778935999730564],[-78.5352969996541,35.78903700021647],[-78.53622200029206,35.791006000240984],[-78.53906299963319,35.79337400009242],[-78.54482700012787,35.79226899998649],[-78.55605300009512,35.79780200001436],[-78.56281400029945,35.798637000071544],[-78.56577500018952,35.81134699991029],[-78.55535599996112,35.81923800016243],[-78.55552599984044,35.83403299982677],[-78.54488700040234,35.835130999923535],[-78.53794100025006,35.8470190001058],[-78.5409709997371,35.84787399971772],[-78.54655699995655,35.84627200027354],[-78.54674799975226,35.85173799987483],[-78.55529499986176,35.852756000300474],[-78.55658299982454,35.84812400001717],[-78.56644600038425,35.84439399972225],[-78.56935399967254,35.84489599993596],[-78.57953600007448,35.84006600000083],[-78.58661100009817,35.82521299987508],[-78.5909930000204,35.8210910003134],[-78.60511100028074,35.814330000298156],[-78.61223999983281,35.82134799967443],[-78.61618800028509,35.81902300030527],[-78.62431600009494,35.80460999982249],[-78.63039500023388,35.80367299974343],[-78.64153699963724,35.79819700028442],[-78.64304499970805,35.78760600034351],[-78.6417099998896,35.78047300014067],[-78.64918099974841,35.780812999802365],[-78.64940900025236,35.77777500019023],[-78.65834200015124,35.772485999763646],[-78.65973499969601,35.769667999739944],[-78.6592479996243,35.762148000085794],[-78.66448499986429,35.75829499992555],[-78.67005900038818,35.75030899971962],[-78.68033600032635,35.74301599980646]]]}},{"type":"Feature","properties":{"GEOID":"37039","NAME":"State House District 39","BASENAME":"39","STATE":"37","SLDL":"039"},"geometry":{"type":"Polygon","coordinates":[[[-78.56577500018952,35.81134699991029],[-78.56281400029945,35.798637000071544],[-78.55605300009512,35.79780200001436],[-78.54482700012787,35.79226899998649],[-78.53906299963319,35.79337400009242],[-78.53622200029206,35.791006000240984],[-78.5352969996541,35.78903700021647],[-78.5372619996594,35.778935999730564],[-78.53972299995728,35.77407799984844],[-78.53923800043368,35.76213299999783],[-78.53279699989649,35.757285999685415],[-78.53161699988873,35.75088199975874],[-78.52656799996973,35.740943999864015],[-78.52910000041268,35.735830999895484],[-78.52872399977073,35.73266800031544],[-78.52314599994722,35.730700000271185],[-78.51551199988178,35.731661999692164],[-78.51402499972735,35.73079899993988],[-78.51352900033312,35.726693999706505],[-78.50236799976487,35.72443800004042],[-78.49330500016966,35.7261070001088],[-78.48851200034368,35.72374300014572],[-78.4835229998008,35.72602099966157],[-78.47808999974224,35.72435199997921],[-78.47652700031814,35.722384999997885],[-78.48002700015846,35.719560999992844],[-78.48355799996091,35.71182400010591],[-78.48448299970053,35.70538299995731],[-78.47373499958417,35.70151999990007],[-78.46771099969682,35.7074820002484],[-78.46399499994644,35.70813499974787],[-78.46010599994368,35.70565699988099],[-78.43799899979068,35.717349999705604],[-78.26831399974806,35.81035799987645],[-78.25597300007037,35.81811999979161],[-78.25513299982123,35.82245300025768],[-78.25691500042676,35.82359199983098],[-78.25471199987177,35.82436300026032],[-78.25371099996414,35.82747800021395],[-78.26982400036702,35.84498999978524],[-78.2701740001714,35.85085699983404],[-78.27801400010115,35.8673349998199],[-78.28110499968756,35.86812900033158],[-78.28431599982287,35.8745779998603],[-78.28994100040036,35.87659700022922],[-78.29108100022516,35.88056499982428],[-78.2953729997357,35.8813850002676],[-78.29702899994454,35.88683400020182],[-78.30132999967593,35.88777100007488],[-78.30302299969468,35.890587999772116],[-78.30507200026388,35.89104799980999],[-78.30365600025458,35.89214400010396],[-78.3077269998322,35.894805000109855],[-78.30712500013274,35.89671800002801],[-78.3104879997057,35.89633700003951],[-78.31228399965663,35.89386599998633],[-78.31313099957845,35.88538199966941],[-78.31608899999375,35.88120399984359],[-78.3164279999275,35.87673200002358],[-78.3249120002878,35.87735700033317],[-78.33268000024754,35.87315899980453],[-78.34395100042063,35.87124300015088],[-78.34952300039637,35.86802500017453],[-78.35186400014531,35.870413999967056],[-78.3564810002442,35.86181800002208],[-78.35707000042318,35.84299900019942],[-78.35582699976791,35.83958800000983],[-78.36109300032021,35.83713100008679],[-78.36631399976837,35.836948000034354],[-78.38901799959795,35.8504020001982],[-78.40032200028132,35.85241500017747],[-78.42731099994876,35.861024000348095],[-78.42757100023975,35.857412000021476],[-78.42401600014787,35.85494500010404],[-78.42495599995611,35.848243999677074],[-78.42196599975375,35.83205200003757],[-78.41935399984315,35.82655500005118],[-78.41505300011177,35.82298499998667],[-78.41155599974617,35.81530800006461],[-78.4101489999577,35.81032499972848],[-78.41143199989763,35.80625600022753],[-78.40789900044535,35.805595999914445],[-78.40811000033254,35.80185500034417],[-78.40463700025641,35.79897200033705],[-78.40472299957182,35.79395099986167],[-78.40797499971501,35.79300499976856],[-78.40818200030257,35.789689999898314],[-78.41398100005904,35.78987700006992],[-78.41477100007945,35.79240399979468],[-78.43005500010385,35.79211400032865],[-78.4426250001104,35.78358200000122],[-78.45371100033556,35.78687400000798],[-78.45642700000325,35.78825500029663],[-78.45457199960278,35.79332300028007],[-78.45512399997183,35.80331299980474],[-78.45245799963456,35.8069969999978],[-78.4510390001505,35.83043399975989],[-78.44660399962652,35.8369559998823],[-78.447292000438,35.842125000153004],[-78.44374099964573,35.86402399964999],[-78.45014100017505,35.8700340002819],[-78.44970400033205,35.87874099990614],[-78.46334999969096,35.87776200023584],[-78.47501199967633,35.87968399992717],[-78.47911300028946,35.887185999806135],[-78.47793699958136,35.89756399967994],[-78.47956000017822,35.907534000029436],[-78.50657200031021,35.89601500019143],[-78.50989399987527,35.885154999932155],[-78.50987399978379,35.877869000292094],[-78.51475199999858,35.87225599963917],[-78.51280999955948,35.85617200029997],[-78.51626500009229,35.85764000025248],[-78.51791899975296,35.85654699979845],[-78.52878599969502,35.85732000033012],[-78.53035900006317,35.85331500019924],[-78.53170499975226,35.831282999939944],[-78.53632199985115,35.83081299993584],[-78.53837700026816,35.83783400032217],[-78.54272200038048,35.83937299993396],[-78.54542399980446,35.834805999886896],[-78.55552599984044,35.83403299982677],[-78.55535599996112,35.81923800016243],[-78.56577500018952,35.81134699991029]]]}},{"type":"Feature","properties":{"GEOID":"37009","NAME":"State House District 9","BASENAME":"9","STATE":"37","SLDL":"009"},"geometry":{"type":"Polygon","coordinates":[[[-77.51181899963719,35.49842500024658],[-77.51109300008919,35.49637200030514],[-77.50714800000995,35.49614500024087],[-77.50706299962114,35.49403400013427],[-77.50426499993769,35.49365099978507],[-77.50310699967125,35.49101099978045],[-77.50211699963428,35.49172500026875],[-77.50247599965948,35.48959800035861],[-77.50086600037973,35.489328000171305],[-77.50273199975251,35.48584299991911],[-77.50075199967861,35.486369999954576],[-77.50109200033555,35.48382500017483],[-77.49876099973403,35.47979799995093],[-77.49411600004605,35.4774229999126],[-77.4943029996438,35.47343899987455],[-77.4903180002799,35.46812000034076],[-77.49332199982766,35.4620849999149],[-77.4841219999651,35.45785199984691],[-77.48632200014706,35.455435999927566],[-77.48540599972992,35.45274000027038],[-77.48047999983456,35.45146100033381],[-77.48204999982967,35.45050899980154],[-77.48219899979259,35.447271000224376],[-77.48435100029396,35.44745100020568],[-77.48440099962436,35.44523600022138],[-77.48194100004972,35.44494399998123],[-77.48164700032184,35.44346699965619],[-77.48004399981646,35.44675400033633],[-77.47668299989333,35.44532399988553],[-77.47956299959252,35.43930699976492],[-77.47441199956627,35.439648999923556],[-77.47690200017644,35.43062199982644],[-77.47586199991076,35.42697199998027],[-77.47297999966342,35.425998999922165],[-77.47003300001707,35.42083500005493],[-77.4712669995532,35.416803000075824],[-77.47050300037034,35.40935700007897],[-77.46365199975433,35.404360999917756],[-77.4649249996485,35.40274700008526],[-77.46326099994208,35.40117599970542],[-77.46078600029884,35.40064699982535],[-77.46317899992631,35.400283999660175],[-77.4629660003893,35.3988589998343],[-77.45611200029853,35.395562999772274],[-77.45821399967288,35.39413799999044],[-77.45557099980014,35.39272199998945],[-77.45159200028405,35.39426200013873],[-77.45171799978243,35.392089000117494],[-77.44856899957138,35.39289300028242],[-77.45041499975102,35.391597999929296],[-77.4494280000871,35.38931299973721],[-77.4550319998499,35.38553300006988],[-77.44979299996008,35.381048000330246],[-77.44509399984543,35.380493999863404],[-77.44879899972516,35.374551000175515],[-77.44816500023866,35.37154100007411],[-77.44040700032467,35.367024000200104],[-77.43177400000144,35.36727300007045],[-77.42714000018412,35.35989600022151],[-77.42708400010763,35.350758000042696],[-77.42568200034202,35.34923999982846],[-77.42125199984088,35.34888099972386],[-77.42082000002074,35.351507000066746],[-77.41883900012192,35.35257399990092],[-77.41325499955228,35.35170300030275],[-77.4080740002871,35.35334699985403],[-77.40131399990767,35.34809099985487],[-77.39314199971689,35.34685499970574],[-77.39166700015635,35.34538599978275],[-77.39102600009886,35.339532999805435],[-77.38257699989865,35.33434799972632],[-77.36475999960636,35.333029000097646],[-77.3530120003056,35.327410999660366],[-77.29433999998062,35.37913700011502],[-77.27937999982132,35.37566000035378],[-77.26929200002903,35.369152999640534],[-77.26790000030918,35.36599599963509],[-77.27012200023243,35.35942800001455],[-77.26717899988572,35.354308000347885],[-77.26054800027605,35.351743000232716],[-77.2476679997498,35.35449699986402],[-77.23794400000557,35.36154199998944],[-77.23935199961896,35.366389000280925],[-77.23681000002856,35.37178700034877],[-77.2384670000623,35.37555500028473],[-77.2381230001057,35.38007900000813],[-77.23964899971989,35.3813609997094],[-77.2372560000924,35.38340100003291],[-77.23648699998837,35.38885399995739],[-77.23459800015104,35.39109200024978],[-77.22710600037584,35.39320300032169],[-77.22850899996635,35.39525800005882],[-77.22712700029223,35.39984499984282],[-77.22191199979355,35.400326999662205],[-77.22005499974327,35.402041000137984],[-77.21121599955572,35.3981839996819],[-77.20155899975866,35.39866400012662],[-77.19664999958172,35.40474800004059],[-77.19284900034086,35.413767000063295],[-77.18926099973866,35.41659400007553],[-77.19052799978506,35.41919999988729],[-77.18918899976865,35.42618600003923],[-77.19122999994195,35.43502600004839],[-77.18136800010546,35.44069099992016],[-77.17997100036273,35.44415200019211],[-77.18225400038536,35.44817299978464],[-77.18079900001797,35.45510400023177],[-77.17384100017017,35.45659600033714],[-77.17381799970562,35.48496600011813],[-77.16706700044534,35.49692300036404],[-77.17654299959412,35.501338999989606],[-77.17817000038895,35.507680000253984],[-77.17621000040653,35.51910000020116],[-77.1270900002966,35.55408100012639],[-77.1131779999006,35.54973799984363],[-77.08464099997934,35.55266100035799],[-77.08881399966423,35.554417000052055],[-77.08748300004372,35.55850200017487],[-77.08923299996388,35.55857800035277],[-77.0896920004465,35.56046900007618],[-77.08654900008327,35.5628339997997],[-77.09069199963089,35.569331999706684],[-77.09715099971145,35.5646800000721],[-77.10163599956583,35.56633099982527],[-77.10051800038067,35.567664000305115],[-77.10234699994355,35.56865800006399],[-77.10172199977957,35.570118999887164],[-77.10732100041781,35.5712500001622],[-77.10882399956743,35.56924199998916],[-77.1104530000121,35.56963000006328],[-77.1118830002651,35.574822000263126],[-77.10960000024247,35.57571399981157],[-77.10667600016235,35.58140000004609],[-77.1098970003434,35.58312299971699],[-77.11427500006768,35.58033999964118],[-77.11720800036863,35.58138699991658],[-77.11406900020334,35.588441999679134],[-77.11819699968238,35.58680800018768],[-77.11804699989455,35.58321699980462],[-77.12550699988272,35.584659000329445],[-77.1254139999963,35.58664400008996],[-77.12398200009346,35.585519000231315],[-77.12330000002807,35.58652800004967],[-77.1238160004121,35.59199499993753],[-77.12185499970643,35.592041999900914],[-77.12464400006735,35.596861999845615],[-77.1269560004023,35.597263000266246],[-77.12699599968695,35.59450799974431],[-77.12849999955982,35.59388999993218],[-77.1292019997167,35.59608300017174],[-77.1300810003239,35.59464500018654],[-77.13173499998457,35.59637199968638],[-77.13465599969166,35.596156999772816],[-77.1390019996289,35.60217399987163],[-77.14312499998337,35.5988149999758],[-77.14441299994617,35.599382999877],[-77.14405599957078,35.60161999975236],[-77.15068600025387,35.60242899998368],[-77.14830000029906,35.604609999856386],[-77.14635700003507,35.60421499982054],[-77.14708599995613,35.60522599966526],[-77.14236900029813,35.60374999980348],[-77.14020000007832,35.60566799981907],[-77.14574199991682,35.60882899970257],[-77.14364600039026,35.61509899965097],[-77.14454000016777,35.6160959999011],[-77.14239000021453,35.61787999972356],[-77.14355299960555,35.62050499982586],[-77.14810000028253,35.620234999859996],[-77.15201500022454,35.6261989998931],[-77.1572640001601,35.626590000258155],[-77.15925500010468,35.62974299963836],[-77.16158499998296,35.629125000356865],[-77.16253900003491,35.63320299998819],[-77.16498299971603,35.63094599987817],[-77.16793299973541,35.631044999998466],[-77.17415400016459,35.63559199986844],[-77.1727530002239,35.644162999938715],[-77.17467300002338,35.658717999844036],[-77.18069100006295,35.66494700034414],[-77.17745300016345,35.669366000279204],[-77.17200800040932,35.6689760003101],[-77.16818800000355,35.67022000000545],[-77.16698299988143,35.67230499997105],[-77.17245500029806,35.67744400024123],[-77.16942599973764,35.67855000013558],[-77.16991100015953,35.684558999728516],[-77.17532099975357,35.68730600016895],[-77.1772370002534,35.68420299988593],[-77.17966800041403,35.68507500022209],[-77.18108199987519,35.69309199969982],[-77.1878470002775,35.69535199972827],[-77.1901910003995,35.69333800019161],[-77.19292700015866,35.6941120002239],[-77.19577199969777,35.69977900029168],[-77.1935000004441,35.70151999990007],[-77.19464500029176,35.703626999914675],[-77.19380599986754,35.70963000016734],[-77.18717400043293,35.71225099998979],[-77.18771699968285,35.71464700009946],[-77.18494999996156,35.720478000006636],[-77.18284400038924,35.71853500023201],[-77.17078499984554,35.716463000053416],[-77.17114999971852,35.72259400022702],[-77.17458900035778,35.7260950000011],[-77.17352300015284,35.727936000312155],[-77.17510499984351,35.72966699964267],[-77.17329700019704,35.73087399998267],[-77.17429300008178,35.734599000016026],[-77.18233300002807,35.741918999756784],[-77.1844739997605,35.74070999983377],[-77.19228000025336,35.7445030000613],[-77.19214600035906,35.74703799985125],[-77.20261900011582,35.74648300013887],[-77.20381599984202,35.74888299973046],[-77.20114799985491,35.75078000026352],[-77.20139700027526,35.752214999663074],[-77.21500499999935,35.75979200035094],[-77.22278800002769,35.75870900029268],[-77.23948200021364,35.76207800013715],[-77.24598399995186,35.760505999958845],[-77.25207599961131,35.76223699972329],[-77.2556249998554,35.76538600005079],[-77.2597919996925,35.76522199987707],[-77.26457399964782,35.77147600023238],[-77.26481999969512,35.774376999798136],[-77.255279000249,35.78301400003169],[-77.25519999970798,35.7863519997364],[-77.28582499965816,35.7969409998858],[-77.29403799985684,35.7873949999807],[-77.30321099995523,35.780637000201885],[-77.30593800039186,35.77931699988858],[-77.30879200015181,35.7801300001232],[-77.31273899988086,35.771081999796344],[-77.31884999980687,35.76800399967297],[-77.32649999976583,35.76127799978615],[-77.32272000044134,35.75271899988787],[-77.32231200001235,35.7471960000378],[-77.32531800010824,35.736415999893566],[-77.34760099998833,35.71139100005526],[-77.3490610003786,35.7069770002929],[-77.34630399980473,35.70236400002598],[-77.35044399987763,35.70220499976738],[-77.35147999994535,35.69857799974196],[-77.3528929995816,35.7041249999502],[-77.35673499972869,35.708140000008214],[-77.37089599964672,35.712686999729556],[-77.37440200023312,35.71679899997736],[-77.36941100004043,35.727079999726975],[-77.38236400036162,35.73730699999023],[-77.39920999998519,35.73526199973809],[-77.39887799972416,35.7243850000815],[-77.4052859997511,35.72494200036439],[-77.40237400026484,35.70149100035412],[-77.38705599990526,35.70322599983117],[-77.38597200015697,35.683748000289384],[-77.36495799997309,35.68066900029414],[-77.36080000035682,35.66936200031537],[-77.36352299969721,35.65867200031697],[-77.35962399964872,35.65602800007457],[-77.35113500016384,35.654597999663125],[-77.34768100035427,35.65072599991665],[-77.34890499984466,35.64806699974966],[-77.34498499987977,35.643162000166974],[-77.34539499995861,35.64067799971601],[-77.35136000029475,35.63794700033463],[-77.35850200026559,35.63714200024656],[-77.3634459997043,35.63429500033772],[-77.35383499993799,35.6292720001228],[-77.35261499974726,35.62642100036298],[-77.35436200019268,35.62459100032849],[-77.35893699956046,35.623941000274854],[-77.35819500011893,35.61597200002589],[-77.33493700027046,35.61375300005964],[-77.33002200024575,35.607585999871326],[-77.32814099990603,35.6112289998038],[-77.32897500030738,35.621535999844525],[-77.31867400007977,35.61407700002472],[-77.30905900011548,35.613952999940686],[-77.29835299983192,35.61740299986739],[-77.29730199969559,35.60962299977376],[-77.30303400040322,35.60902299974838],[-77.30342199984241,35.60072000003657],[-77.30077899996968,35.598557000142485],[-77.3122429995883,35.584527999707035],[-77.31115499964204,35.583766000164076],[-77.313763000253,35.580659999711706],[-77.33744100022604,35.584735999942744],[-77.34780799967758,35.59000699967309],[-77.36601800033024,35.590291999669965],[-77.37190099975228,35.58412400007968],[-77.3843190003212,35.57540100002001],[-77.39387599966084,35.574059999701824],[-77.39982199973039,35.57138099985224],[-77.40418299973624,35.565545999727],[-77.40615799978728,35.55688200032144],[-77.40564800014936,35.551952999808],[-77.40879599963715,35.55292700031555],[-77.41184500028908,35.54775600026631],[-77.41749099988465,35.54982599985493],[-77.42034999966745,35.54435200013788],[-77.42691699970304,35.5476450002691],[-77.45262400015379,35.55375300005865],[-77.45740500028421,35.55782400036049],[-77.46284300036565,35.55768000010778],[-77.46218200021666,35.55216099984608],[-77.46913300039179,35.5527560001831],[-77.47061700017318,35.55421100032555],[-77.48449000021114,35.55001799994302],[-77.50478499962139,35.52864499968727],[-77.50377299984312,35.521973999641794],[-77.50628699984442,35.51886700012945],[-77.50339999957421,35.51744500008278],[-77.50711700004781,35.510882000274805],[-77.50580599962049,35.510230000015454],[-77.51138799964197,35.50791299988727],[-77.50592500034449,35.50471500009791],[-77.51181899963719,35.49842500024658]]]}},{"type":"Feature","properties":{"GEOID":"37031","NAME":"State House District 31","BASENAME":"31","STATE":"37","SLDL":"031"},"geometry":{"type":"Polygon","coordinates":[[[-78.91923099984972,35.96541700018494],[-78.9150199996317,35.961206999837216],[-78.9112329997362,35.9631720001699],[-78.90863099987135,35.96228399969189],[-78.90225299998164,35.96923099987461],[-78.89525199957781,35.969264000021845],[-78.89482099958259,35.96357300033413],[-78.88828600023237,35.94725900008415],[-78.88737099964017,35.93952999994098],[-78.88860900027255,35.93040099981917],[-78.8970960001076,35.89597799979729],[-78.89143399972019,35.876599999855074],[-78.89240100019093,35.867901999924676],[-78.829965000435,35.86697800034187],[-78.80483600029255,35.92755200030316],[-78.75910399986996,35.91839400026385],[-78.74989899998452,35.93292500008916],[-78.74170699970225,35.93390600006462],[-78.71701399957792,35.961264999899804],[-78.69931600000963,36.01144799966052],[-78.70743700014678,36.011105999688034],[-78.71995100007683,36.029589999704136],[-78.74018699993587,36.023561000060155],[-78.75361100043526,36.03138400016776],[-78.75402599963864,36.047811999959876],[-78.76402100044281,36.04125199967694],[-78.76432100001847,36.03407900029929],[-78.76901500011024,36.03045900029713],[-78.77495799980674,36.028494999989505],[-78.77972800006651,36.02898400010289],[-78.78448599973238,36.025577999989444],[-78.79972299990114,36.02563899974769],[-78.80650099982388,36.022730999764676],[-78.8201379998603,36.020022999643274],[-78.82329000044437,36.01743499979513],[-78.82485399969337,36.01302699973012],[-78.84066499997247,36.00642900005708],[-78.85204699957532,36.0045510000267],[-78.86276600027769,36.005546999739714],[-78.88603800036985,36.00360699976118],[-78.88615299999758,35.990638999878634],[-78.88939699974485,35.98428200027224],[-78.89499300001003,35.98701700009383],[-78.9018680000172,35.99570500028981],[-78.90591400037876,35.991448999907234],[-78.90892499959921,35.98513699969578],[-78.90868799977275,35.97558800004926],[-78.91378699992049,35.97307099970089],[-78.91636200002118,35.967153999998146],[-78.91923099984972,35.96541700018494]]]}},{"type":"Feature","properties":{"GEOID":"37042","NAME":"State House District 42","BASENAME":"42","STATE":"37","SLDL":"042"},"geometry":{"type":"Polygon","coordinates":[[[-79.11289400033932,35.12573900005588],[-79.10545500026754,35.121453000321885],[-79.10126599979084,35.114605999743794],[-79.1007569999778,35.10806299979797],[-79.09897699992042,35.10551199998084],[-79.09982700021531,35.10303199975015],[-79.09832199961922,35.1009969998762],[-79.09955600005365,35.09894899983863],[-79.09845800006165,35.09434500027202],[-79.09317599961584,35.090349000232514],[-79.09173600021538,35.08290399984626],[-79.09342800040922,35.07959799985346],[-79.09031600000812,35.077533999781416],[-79.08928300031344,35.07106000006637],[-79.09208799966957,35.06394699965734],[-79.09038799997813,35.05937500000409],[-79.09316599957008,35.05626599967667],[-79.08826499978906,35.05181600001274],[-79.08810800032855,35.04962299998508],[-79.09177700022327,35.0475249997611],[-79.09005800026524,35.04580599984393],[-79.09029099989375,35.042031000313216],[-79.08318599973282,35.032659999724785],[-79.04567999992769,35.03002900014096],[-79.03113999989297,35.03339700034489],[-79.02781400012994,35.041900999949966],[-79.01528699978108,35.06132499966187],[-79.00256399961367,35.058179000299965],[-79.00420200027915,35.053850000166356],[-79.01120799980757,35.050191000224004],[-79.00777300026458,35.045101000305586],[-79.00738900012502,35.03756699970415],[-78.98356700021195,35.04403600002751],[-78.97779699986948,35.04429399992524],[-78.9799090001879,35.04646199985503],[-78.98006800019654,35.057534000212364],[-78.98348699984601,35.0588939999033],[-78.98076799980528,35.059205999933816],[-78.98022899985503,35.06167799966008],[-78.99427699979516,35.064867999701654],[-79.00083899980787,35.07070100006848],[-79.0109159997295,35.07291700010896],[-79.00906100022736,35.073649999776585],[-79.0140470003972,35.07486500005835],[-79.01889700012457,35.079439999676126],[-79.01838999996137,35.084031000241716],[-79.0208279997947,35.087888000339056],[-79.03065100017143,35.090698999947975],[-79.00635999972998,35.10626599974425],[-78.99877300041854,35.105542999809366],[-78.95876699995748,35.112777999934025],[-78.95775299963107,35.11447699969682],[-78.95114899978557,35.11466199997978],[-78.93731500010567,35.12347000028271],[-78.93610999998356,35.12175599983008],[-78.9256380000517,35.12628599970933],[-78.92340799973253,35.124494000251225],[-78.91465800013177,35.128278999995246],[-78.91208100038126,35.123736000223595],[-78.91368200033851,35.12252299990822],[-78.91377400040001,35.11914500008148],[-78.90364200022678,35.11114099983822],[-78.89892800004353,35.10276700006857],[-78.90604900009798,35.10059899989528],[-78.90351199963213,35.09709599973197],[-78.90505999988592,35.096268999759],[-78.90051200028233,35.09445699988365],[-78.90263299992326,35.08948200018283],[-78.89967399968302,35.087551999703805],[-78.90493500021246,35.08468300002105],[-78.89767100004288,35.07589500027233],[-78.88822199975996,35.07980799975514],[-78.88876999993104,35.073197999863076],[-78.89149599964445,35.06802500010414],[-78.8870979998287,35.06672999993924],[-78.88697099960709,35.070798999747396],[-78.88162999961003,35.07057699990087],[-78.87574600036305,35.0793399997594],[-78.86374600026892,35.08146300001724],[-78.86398700029333,35.09326800008526],[-78.85785799992567,35.101658000075325],[-78.86209400025804,35.10445899975115],[-78.86629600025522,35.094285000128],[-78.87721800044888,35.096099000062786],[-78.87999000019303,35.116954999825815],[-78.88335299976599,35.11855899984445],[-78.88884399955087,35.12578299974212],[-78.89425099967018,35.128774999783836],[-78.89799599973288,35.128023000249584],[-78.8987210003543,35.126648000268425],[-78.90017599982335,35.125099999762625],[-78.89728799972823,35.12980099973046],[-78.90233199962438,35.133281000360256],[-78.9098309999706,35.14355799993383],[-78.91428200038813,35.15763599982813],[-78.90951100030345,35.15909499977714],[-78.91023199982858,35.160067999739745],[-78.90863000004644,35.16107499985228],[-78.90187999971275,35.16133800027244],[-78.90334500012587,35.16262199977462],[-78.90541999973604,35.17795199973428],[-78.90841900015924,35.185167999727916],[-78.90856099955116,35.186902999802335],[-78.90450000001927,35.19050999976842],[-78.92683499977791,35.21320800015118],[-78.9364210003282,35.21881900011747],[-78.99803699992647,35.214129999958985],[-79.09622600009266,35.19198299989873],[-79.09873400024618,35.18385500001224],[-79.09626200007767,35.17785799988188],[-79.11289400033932,35.12573900005588]]]}},{"type":"Feature","properties":{"GEOID":"37044","NAME":"State House District 44","BASENAME":"44","STATE":"37","SLDL":"044"},"geometry":{"type":"Polygon","coordinates":[[[-79.03065100017143,35.090698999947975],[-79.0208279997947,35.087888000339056],[-79.01838999996137,35.084031000241716],[-79.01889700012457,35.079439999676126],[-79.0140470003972,35.07486500005835],[-79.00906100022736,35.073649999776585],[-79.0090429997857,35.07345100019799],[-79.01050400000085,35.073258000080294],[-79.0109159997295,35.07291700010896],[-79.00083899980787,35.07070100006848],[-78.99427699979516,35.064867999701654],[-78.98022899985503,35.06167799966008],[-78.98076799980528,35.059205999933816],[-78.98348699984601,35.0588939999033],[-78.98006800019654,35.057534000212364],[-78.9799090001879,35.04646199985503],[-78.97206300041034,35.03407500026861],[-78.97126599981891,35.02424400002293],[-78.9686179999233,35.02379899991983],[-78.96924100043746,35.025440999768456],[-78.95217599963246,35.029031999770474],[-78.9518199999803,35.02177800034873],[-78.94785200033485,35.016879000100054],[-78.95052899964446,35.01054200032832],[-78.92341000028068,35.01708299980075],[-78.90578100030937,35.02908599982755],[-78.89216500018935,35.0420729998093],[-78.88740599980028,35.043062999750106],[-78.88551899961276,35.04040100014446],[-78.88263100041597,35.04005199973863],[-78.88546000006153,35.03396900005481],[-78.8817960001897,35.03251300027422],[-78.87687699996702,35.0329160002484],[-78.87202800006453,35.02955900011063],[-78.85984600039552,35.032164000014276],[-78.86044700027004,35.03877000026355],[-78.85504699982344,35.05505999984733],[-78.85534300009945,35.0709699998732],[-78.86374600026892,35.08146300001724],[-78.87574600036305,35.0793399997594],[-78.88162999961003,35.07057699990087],[-78.88697099960709,35.070798999747396],[-78.8870979998287,35.06672999993924],[-78.89119400041898,35.06762600029592],[-78.88876999993104,35.073197999863076],[-78.88822199975996,35.07980799975514],[-78.89767100004288,35.07589500027233],[-78.90493500021246,35.08468300002105],[-78.89967399968302,35.087551999703805],[-78.90263299992326,35.08948200018283],[-78.90051200028233,35.09445699988365],[-78.90505999988592,35.096268999759],[-78.90351199963213,35.09709599973197],[-78.90604900009798,35.10059899989528],[-78.89892800004353,35.10276700006857],[-78.90364200022678,35.11114099983822],[-78.91377400040001,35.11914500008148],[-78.91368200033851,35.12252299990822],[-78.91208100038126,35.123736000223595],[-78.91465800013177,35.128278999995246],[-78.92340799973253,35.124494000251225],[-78.9256380000517,35.12628599970933],[-78.93610999998356,35.12175599983008],[-78.93731500010567,35.12347000028271],[-78.95114899978557,35.11466199997978],[-78.95775299963107,35.11447699969682],[-78.95876699995748,35.112777999934025],[-78.99877300041854,35.105542999809366],[-79.00635999972998,35.10626599974425],[-79.03065100017143,35.090698999947975]]]}},{"type":"Feature","properties":{"GEOID":"37046","NAME":"State House District 46","BASENAME":"46","STATE":"37","SLDL":"046"},"geometry":{"type":"Polygon","coordinates":[[[-79.16670599999286,34.85300699979367],[-79.16280600011945,34.85015400004548],[-79.15227100043843,34.83666300028872],[-79.14730000033721,34.82673100032434],[-79.14025000042788,34.822857999852815],[-79.13154299958649,34.82112499979321],[-79.11376300000244,34.8046479997314],[-79.12318399979796,34.7940489999109],[-79.12710200011303,34.79471500019875],[-79.1291149997989,34.78891800034861],[-79.10730899994478,34.77231199997812],[-79.09931400020432,34.76959799990252],[-79.0935530000827,34.769861000341066],[-79.06481399959678,34.77866199988041],[-79.05082199973313,34.7791790002965],[-79.04528099971954,34.78465299992555],[-79.04315099985777,34.78413399971984],[-79.03180799971464,34.765110000293504],[-79.02676499964342,34.76359100029401],[-79.02097299955965,34.75824099971667],[-79.0096470000333,34.75569099987207],[-79.00380600044403,34.75217200026712],[-79.00164399989691,34.74408000030375],[-78.99928800007935,34.74293699967666],[-78.99883399961958,34.730718999888204],[-78.99165700038695,34.72657600015568],[-78.98951400010642,34.729896999776145],[-78.98730499970362,34.7502330000227],[-78.98271100006929,34.750310000367506],[-78.97707700016926,34.75491199998815],[-78.97103499984024,34.75156899966581],[-78.96324699978902,34.73130699979735],[-78.96904100042093,34.71491299987231],[-78.9637539999522,34.708858000207705],[-78.96256899992159,34.7037190003096],[-78.9826270004037,34.69736399966129],[-78.98808800005135,34.692200000200195],[-78.97760799972359,34.69153599964776],[-78.97237300003174,34.687993000325235],[-78.97767300002093,34.68055400021588],[-78.98077100017834,34.67209099963347],[-78.97198600041746,34.67987800023501],[-78.94324399955849,34.684368000252704],[-78.93598100011214,34.682549000337104],[-78.94862399991362,34.66077699986],[-78.94825700039081,34.65571899981768],[-78.94330700020599,34.64196799999878],[-78.96365600004293,34.638068000053515],[-78.9656539996602,34.610001999919156],[-78.97169000014145,34.60925599995943],[-78.97982100032435,34.601302000110955],[-78.979495999736,34.594399000257475],[-78.98340099963228,34.59100099997307],[-78.98007099967128,34.58971100027756],[-78.978846000356,34.58650400000015],[-78.97420599979257,34.58294599997571],[-78.98420400007149,34.57805399981963],[-78.98629399975027,34.57832800022501],[-78.99239499963052,34.57952400035385],[-78.99510899964838,34.582725999684946],[-78.99942000032382,34.58133700009302],[-79.00113300043407,34.58584899993144],[-79.0082689996588,34.58863400006733],[-79.01333299964644,34.56865500006981],[-79.01010800016573,34.56542899998422],[-79.01210800033115,34.555273000367464],[-79.00590100014568,34.54339599992675],[-79.01234599998251,34.54044999976898],[-79.0141820001164,34.53696099996527],[-79.0147529998537,34.52924299988329],[-79.01001199990627,34.526754999875045],[-79.00818099979526,34.523864000024],[-79.0230029998623,34.501252000012244],[-79.0434270000423,34.50545900003495],[-79.0488629995756,34.502299000325564],[-79.05282199989853,34.49709700019101],[-79.0626200001609,34.50165100018911],[-79.07168500030427,34.489628999880004],[-79.07704399984469,34.48619699985463],[-79.07840499960243,34.481898999657865],[-79.08292700016506,34.477955999958915],[-79.08390299995831,34.473080000101774],[-79.09244300039512,34.462979999724816],[-79.09434899995091,34.45663700003434],[-79.10125699957001,34.449880000226386],[-79.10456999981257,34.44165800023577],[-79.10827200021757,34.43829100009744],[-79.10870800023567,34.42743700031655],[-79.11261499978175,34.42094799967401],[-79.11044100043738,34.41232299983753],[-79.111767000035,34.41058199984502],[-79.11002399978754,34.40790400003964],[-79.11256600027626,34.40577299978048],[-79.1126750000562,34.403667000077355],[-79.10479599976837,34.39517399999881],[-79.1033320000785,34.386307999860435],[-79.09491100036568,34.37516399981393],[-79.09149900038892,34.372020000026254],[-79.08042300020949,34.36908000018497],[-79.07443000028428,34.35884499965908],[-79.08616599988946,34.34395499997134],[-79.10876099993911,34.33093499981742],[-78.65034200038791,33.944365000138376],[-78.64969999960718,33.9465439998669],[-78.6464759999514,33.94811399991029],[-78.64748500025493,33.95001800008979],[-78.64415699994375,33.95013199987303],[-78.64655799996716,33.954598999864295],[-78.64502499978197,33.95405199976654],[-78.64421999969295,33.95561700010284],[-78.64349699961969,33.95442700019346],[-78.64199399957172,33.95615700015742],[-78.64432000015036,33.960122999835065],[-78.64344999976402,33.961990000106084],[-78.64652299980705,33.96050800008978],[-78.64835100044333,33.96554000003234],[-78.64232699965766,33.967277999825804],[-78.64052599968387,33.970490000135555],[-78.63952200030151,33.969276000039194],[-78.63600400001955,33.969620000080816],[-78.63050700038687,33.97217499992417],[-78.63025299994365,33.974871000162864],[-78.62528299966738,33.97221699970684],[-78.62408299956813,33.973297999941096],[-78.62772499969866,33.97609200035607],[-78.62643599991094,33.9796920003308],[-78.63054500002171,33.990963999795945],[-78.63337100019255,33.99656800003988],[-78.64030300010111,34.004365999772055],[-78.64061500027064,34.01027999991828],[-78.63004899972915,34.016070000202006],[-78.6296920002521,34.01771699975097],[-78.62637700035972,34.017698000256196],[-78.62544900024703,34.01975599974273],[-78.62235799976231,34.0182250003027],[-78.6190970002966,34.018957000025196],[-78.61684799971084,34.023512000125095],[-78.61277600030833,34.02203799999855],[-78.61326800040291,34.02434600020846],[-78.61165999987466,34.023236999738174],[-78.60911599973612,34.025954000357146],[-78.60938100004999,34.02454099965105],[-78.60672499975847,34.025443000257276],[-78.60790800013928,34.024014000103755],[-78.60340900004117,34.024664999682024],[-78.60304599981801,34.02779600035178],[-78.60054199986244,34.02667499964996],[-78.60183999987098,34.028835999801544],[-78.60084599963605,34.029988000152535],[-78.60040200012035,34.02789800034471],[-78.59941000043358,34.02929999980775],[-78.59875199975932,34.02791099992627],[-78.59433899987495,34.029418999663676],[-78.59291100017005,34.02714699994793],[-78.59079999967655,34.02715500033418],[-78.59072400040691,34.03026499990323],[-78.58773000000657,34.030766000315964],[-78.58900500044888,34.032236999817286],[-78.58347799978067,34.03201799966979],[-78.5828810001041,34.03388200022834],[-78.58464299971982,34.034066000270315],[-78.58540699980097,34.03615699976088],[-78.57934100008082,34.036890999890176],[-78.57991400036626,34.04047299974238],[-78.57785999977418,34.04117800035126],[-78.57812699973786,34.04377100014455],[-78.58187199980055,34.04266899973227],[-78.58330000040374,34.04592299977219],[-78.5795579998158,34.051616000345085],[-78.57317900010119,34.0560350001749],[-78.57125199973069,34.053392000347024],[-78.56952399955186,34.05615900031356],[-78.56863599962215,34.05379399975475],[-78.56278099978918,34.05428799985245],[-78.56112799995341,34.059104000155145],[-78.55940099959948,34.05936800010837],[-78.56022699960491,34.06059600007586],[-78.55809300044349,34.060007000354354],[-78.55705200035293,34.061848999838595],[-78.55888900031171,34.061394999829105],[-78.5591000001989,34.06641000015137],[-78.55504299996669,34.067071000145695],[-78.55374199958509,34.07218600028363],[-78.55469700036028,34.07668500011258],[-78.55851100001993,34.07773599980399],[-78.55703499973617,34.07586000010678],[-78.5589379998172,34.075234000124894],[-78.56289399976708,34.07769200010607],[-78.56113100032645,34.08244900034659],[-78.55698299985762,34.08369700012795],[-78.56018899997007,34.0920519996519],[-78.55698500040576,34.09173700013825],[-78.5586919997699,34.09353600023928],[-78.55321299968058,34.09724000004533],[-78.55253300016332,34.09512700007064],[-78.54810900040829,34.095241999816],[-78.5473419999541,34.099032999937094],[-78.54539299984229,34.09860699993532],[-78.54404100030541,34.100114999996066],[-78.54767500004003,34.10033599999178],[-78.54659100029173,34.103227999900916],[-78.54903400014793,34.10427399965906],[-78.55406200015055,34.1036709998666],[-78.55195200038027,34.104321000250614],[-78.55328200017586,34.10706300012307],[-78.54900300018579,34.1114659996374],[-78.55107000029835,34.114753000055984],[-78.55116099963662,34.11334400012275],[-78.55357699972865,34.113111000326704],[-78.5526019997603,34.11392599998875],[-78.55509999986808,34.116752999786414],[-78.55368399985878,34.11615200029442],[-78.55409099956455,34.1176770003318],[-78.54906299956193,34.11881300031489],[-78.55125100004831,34.11985100017074],[-78.54933399972359,34.12018200020528],[-78.55085000019034,34.121840000232375],[-78.54916899986715,34.125234999781654],[-78.54254499993016,34.12610899969748],[-78.54321600012489,34.12437500035863],[-78.54002400025614,34.1229260002563],[-78.5388380004006,34.12484099970853],[-78.53926299964974,34.1274620000193],[-78.54192599961397,34.128766999735255],[-78.54247299996014,34.13178899963804],[-78.54581799998975,34.13453400003933],[-78.54357299960195,34.13584300014254],[-78.54637600020658,34.138341999870654],[-78.54423499957585,34.14286200015635],[-78.5449769999157,34.14595700001337],[-78.54116200043111,34.148294000059884],[-78.53844000001735,34.14577399984079],[-78.53705699962,34.14620799973132],[-78.53291200042253,34.15350999987586],[-78.52481999969939,34.15397800034454],[-78.51897900011012,34.15890400008346],[-78.51521599960577,34.165947999680604],[-78.51307900007131,34.1656980003655],[-78.50985600024045,34.16877300009743],[-78.50364700040515,34.169193000110866],[-78.49546699981845,34.167588000048276],[-78.49361899998901,34.164037000107335],[-78.48928399992242,34.16368399996808],[-78.48398300010834,34.157840000210236],[-78.48167800034442,34.158310999872754],[-78.47455700028996,34.1547070001399],[-78.467196000036,34.15476099984688],[-78.4591340003484,34.14981299999377],[-78.44188799979341,34.14625600000711],[-78.43606300009769,34.14212400005634],[-78.42292099963062,34.139493999895755],[-78.41366800006459,34.15038000017257],[-78.40716299995329,34.154821000058995],[-78.40572699985249,34.15837799987956],[-78.39534899963198,34.16807899998342],[-78.39281399971426,34.17295200022523],[-78.38810899975184,34.1752119996976],[-78.38723199969279,34.17755199964358],[-78.37695200027989,34.18422199977679],[-78.37365099973287,34.18803799973824],[-78.36679300034248,34.18877400019653],[-78.36770800003636,34.192564000175004],[-78.37474899972487,34.20260199973066],[-78.37429500016344,34.20489300031218],[-78.2546220003584,34.21630500020866],[-78.16219199976571,34.35724000008333],[-78.16980699956457,34.35680100027432],[-78.17469200035038,34.351245999698726],[-78.17927299956592,34.35527799975408],[-78.19288799986103,34.35267499986259],[-78.2025320001376,34.35330600014355],[-78.21019399979212,34.35795999991032],[-78.21175000044185,34.362604000343474],[-78.21059499965011,34.368794999976735],[-78.2247799998576,34.37350299996516],[-78.22879699990686,34.37892800011079],[-78.23267699968878,34.373970999811156],[-78.2351560004283,34.37422799971698],[-78.23670999963156,34.380447999644126],[-78.24559999987274,34.38508700014012],[-78.24499999982311,34.38992299967954],[-78.24661599984897,34.39331299980283],[-78.25263100041381,34.39120800006525],[-78.25608500022338,34.39946900036066],[-78.33508399974566,34.36762200017549],[-78.36570200002318,34.37280300018188],[-78.39691500032743,34.37074700022993],[-78.42010100020588,34.378108000270984],[-78.44531999986167,34.37739999984186],[-78.55271300008839,34.42077799987939],[-78.58035600023211,34.42899299987877],[-78.59401199963678,34.4314430003616],[-78.60376999971619,34.44113399968995],[-78.64682400010594,34.46070700018814],[-78.64917999992349,34.46065999997087],[-78.65928199995948,34.453589999697876],[-78.65644699956782,34.46033800007173],[-78.66426499975627,34.46273200033596],[-78.66638499957227,34.464651999934205],[-78.66758800004456,34.46964499968319],[-78.8258610003471,34.461731999936916],[-78.8303529998742,34.462578000046015],[-78.83763600031033,34.46756099967224],[-78.84471299998386,34.46888200007678],[-78.84987400005585,34.47361900019017],[-78.85806299996509,34.474411000215426],[-78.86031900022353,34.48317599995535],[-78.86896099986927,34.48477799972352],[-78.86935800042762,34.487143000105505],[-78.86354700007729,34.49795199970332],[-78.85769600044226,34.50121399968427],[-78.84907099961664,34.50258299998587],[-78.84960799991708,34.50014099963838],[-78.84633800023055,34.499812999970295],[-78.8464129996753,34.50413099973521],[-78.84443799962425,34.50809600000135],[-78.84633900005545,34.510575000193334],[-78.85126599977573,34.51215599992151],[-78.84963300003145,34.51245299969381],[-78.85033699983815,34.51377099974575],[-78.8572550004013,34.51538000012801],[-78.85390299980068,34.51877199977759],[-78.85659300042741,34.52472799995029],[-78.85298800010679,34.527761999729876],[-78.85551800000164,34.53056199979532],[-78.85571899984309,34.53398399968383],[-78.86005499973457,34.53736699968175],[-78.8612180000239,34.544854000329416],[-78.86008900006976,34.54493100001568],[-78.85994699977954,34.54773000019942],[-78.85827100037754,34.545585999837805],[-78.85755400015206,34.54703999967247],[-78.86080299992219,34.55254300008253],[-78.858035000376,34.55693800000522],[-78.86269199975952,34.55997499983972],[-78.86265900014757,34.562227000203656],[-78.86135000026837,34.563717000335835],[-78.85704100014107,34.563107999762806],[-78.85694800025466,34.56885999997556],[-78.8541859996579,34.57495500002389],[-78.84795400025641,34.5756850001967],[-78.84361699964168,34.578475999830744],[-78.84330500037045,34.58783000022196],[-78.8389789996264,34.58970200022654],[-78.83604500039884,34.59341600034775],[-78.83525299983029,34.59749199972226],[-78.84124599975551,34.59722299988262],[-78.83717900037585,34.59843600014507],[-78.83399599982963,34.60159399976764],[-78.83166299957828,34.60817999991411],[-78.8315160001635,34.61139899970091],[-78.83474599966708,34.615002000087465],[-78.83309799985417,34.61806199982912],[-78.83443400039587,34.62158300021598],[-78.83200400006014,34.62575500018085],[-78.82984700043421,34.62582000007103],[-78.83058800005082,34.627902000219265],[-78.82838600021906,34.62969800012875],[-78.82984400006116,34.632223999638775],[-78.82721200005908,34.634818000188446],[-78.82760500041945,34.637079999736834],[-78.82546700016178,34.63704100007608],[-78.82647800011516,34.63834999977873],[-78.82513999992364,34.640652999952394],[-78.822784999931,34.64300299981404],[-78.81850099991806,34.64170699979243],[-78.81909500011987,34.64364500003475],[-78.82176700030493,34.64396400027476],[-78.82177300015273,34.64569499997319],[-78.81980499977436,34.645573000249556],[-78.81809800041023,34.65084200003517],[-78.81360299961176,34.651740999810706],[-78.81538400039237,34.65470299971765],[-78.81841800007736,34.65503199968289],[-78.81937899980201,34.66207900000833],[-78.8137259996354,34.66784800022656],[-78.8094309997518,34.668275999725886],[-78.81031700003169,34.673035000299684],[-78.80613000010312,34.67607500034268],[-78.80720299998076,34.68138900007807],[-78.80575199981135,34.68939699986147],[-78.81193800008043,34.694408000196816],[-78.82162900021268,34.709595000249806],[-78.83267100005692,34.71561699980718],[-78.83237499978091,34.7197420001958],[-78.83781299986234,34.71785900002077],[-78.84445600006592,34.72412400029496],[-78.84081899995824,34.727292000066775],[-78.84488700006112,34.7270740002019],[-78.84879000030757,34.73261799967923],[-78.8542479995822,34.7354900002377],[-78.85606399962458,34.747772000250606],[-78.85835199967009,34.75351199986341],[-78.86219800001511,34.756654999683114],[-78.86198200010504,34.75981100022002],[-78.86529600017252,34.767774999745065],[-78.86380800019319,34.77093200008699],[-78.86610200008647,34.77309899971043],[-78.86916400025886,34.77333000001473],[-78.86865999957038,34.77507699972273],[-78.87078199993454,34.77687900000681],[-78.86999600011208,34.778691999783284],[-78.87712499966413,34.7880140000314],[-78.87758800034472,34.792079999815954],[-78.88476600030059,34.80229799982188],[-78.88391299963266,34.80460699970869],[-78.88669899962052,34.80956399987358],[-78.8833390004206,34.81212100025129],[-78.88713700018675,34.810852000085255],[-78.89283600038411,34.81419400011557],[-78.89589400035854,34.820673000098154],[-78.89979400023192,34.824783999742316],[-78.9003209995883,34.832447999857635],[-78.90199799971353,34.83526799977541],[-78.9042199996368,34.8348619999105],[-78.92708300037336,34.864088000136675],[-78.92159300041335,34.87066299967661],[-78.92665700040101,34.88678500003909],[-78.93866499999275,34.89771400000501],[-78.94084400025831,34.90336800012981],[-78.95309100022467,34.909288000006974],[-78.9548600004114,34.91326599972582],[-79.03874700019423,34.95271499973774],[-79.16670599999286,34.85300699979367]]]}},{"type":"Feature","properties":{"GEOID":"37016","NAME":"State House District 16","BASENAME":"16","STATE":"37","SLDL":"016"},"geometry":{"type":"Polygon","coordinates":[[[-78.2725819998675,34.53781299976376],[-78.26997499997977,34.53566000000279],[-78.27031399991348,34.53224999990042],[-78.26295500020765,34.52878500029236],[-78.26563200041558,34.526825000279295],[-78.26308200042926,34.524890999883134],[-78.26433900042991,34.51984199994794],[-78.25412799971566,34.52005499972643],[-78.25656800009715,34.51666299976236],[-78.25564400018241,34.51342600011163],[-78.25269599981283,34.51349699989131],[-78.25135799962133,34.51118600035393],[-78.25207499984681,34.5099530000769],[-78.25429699977006,34.511629999930335],[-78.25547299957987,34.50876200022634],[-78.25208999991543,34.506214999713514],[-78.2523760001457,34.504656999679774],[-78.24557499975838,34.49987100011386],[-78.24174400038027,34.50018699965118],[-78.23721799961967,34.49625999964904],[-78.23562099986039,34.49252900014641],[-78.22367400036802,34.49056700032766],[-78.22409399959426,34.49287300013126],[-78.22231899955975,34.49318300019339],[-78.21719699984581,34.48735700011899],[-78.21283400019014,34.488760000218605],[-78.21207699978167,34.48606300018513],[-78.20734500005507,34.487700999965675],[-78.20865599958407,34.48650099973233],[-78.20538300042281,34.48258700000412],[-78.20654199961585,34.480492000238385],[-78.20351499960357,34.475991000283905],[-78.19115600038252,34.47341200026575],[-78.18931500022578,34.47170399986674],[-78.18975600026674,34.46925999994506],[-78.1850799997183,34.467807999702195],[-78.18216099966106,34.46984100003915],[-78.18001900010373,34.4657860000292],[-78.17650099982176,34.465356000177565],[-78.25608500022338,34.39946900036066],[-78.25263100041381,34.39120800006525],[-78.24661599984897,34.39331299980283],[-78.24499999982311,34.38992299967954],[-78.24559999987274,34.38508700014012],[-78.23670999963156,34.380447999644126],[-78.2351560004283,34.37422799971698],[-78.23267699968878,34.373970999811156],[-78.22879699990686,34.37892800011079],[-78.2247799998576,34.37350299996516],[-78.21059499965011,34.368794999976735],[-78.21175000044185,34.362604000343474],[-78.21019399979212,34.35795999991032],[-78.2025320001376,34.35330600014355],[-78.19288799986103,34.35267499986259],[-78.17927299956592,34.35527799975408],[-78.17469200035038,34.351245999698726],[-78.16918899997158,34.357043000010826],[-78.15854200013757,34.357458000003994],[-78.15348099962468,34.3655870003645],[-78.14844799959918,34.36700700033937],[-78.14307399999016,34.36448299995379],[-78.14005899967344,34.365130999685206],[-78.14073499989102,34.36914599981396],[-78.13673000043565,34.37181299975904],[-78.1319819999172,34.36666300026719],[-78.12208300027079,34.3683760001658],[-78.11737099973737,34.36459899983453],[-78.11338899984821,34.36444900021398],[-78.11304099969367,34.36021000010346],[-78.10679400022353,34.35810599992429],[-78.10342300025466,34.355224000293035],[-78.09476800019011,34.35598600026376],[-78.09280599965955,34.35238200021995],[-78.08609800005698,34.35138499992056],[-78.07912599996544,34.354164999711976],[-78.07970199972561,34.35197600007789],[-78.07460900032399,34.34720600027501],[-78.07500500015911,34.34431199966212],[-78.07854699983223,34.34023299991043],[-78.07777799972818,34.338505999743944],[-78.06524299988176,34.33889299983973],[-78.05973500037842,34.33756300034259],[-78.05906099981064,34.345148999927666],[-78.0522939997585,34.33948399978319],[-78.0539690002339,34.33558499992038],[-78.04713600005955,34.33543899999974],[-78.0472580002583,34.330743000150235],[-78.04230499970042,34.33031200020506],[-78.0376909999746,34.33244500018871],[-78.03389300020845,34.3301490002288],[-78.03073999979947,34.3317549998639],[-77.99320200020728,34.336828000298],[-77.99413000031997,34.3426349997703],[-77.98768899978278,34.351891999982],[-77.97803500035874,34.35695199990385],[-77.98043700020706,34.36106500014807],[-77.9880999996865,34.36388099985991],[-77.98766600021655,34.37114399996423],[-77.98392199997876,34.37307999985071],[-77.97555300014449,34.37234400028804],[-77.96219399994243,34.38285499966026],[-77.95882799999643,34.38036700030497],[-77.9616630003881,34.37343199974105],[-77.95931099987018,34.369863999900225],[-77.95103800029538,34.36450399998248],[-77.94906999991703,34.371495999834],[-77.9399019998415,34.369831999889],[-77.94089400042658,34.36268000032566],[-77.93499000018983,34.35802400008999],[-77.93323000022393,34.35927199975766],[-77.93510200034282,34.364391999768706],[-77.93407799997068,34.36701599997529],[-77.93100099972968,34.36772800032051],[-77.9318190002375,34.36172500013594],[-77.92878100035455,34.36154399996333],[-77.92233300014465,34.36767200016269],[-77.91707900018622,34.37572599967042],[-77.90721999982448,34.375252000330676],[-77.90060500010833,34.37795499989668],[-77.89935300013055,34.37516799983941],[-77.89996499987573,34.36775799983355],[-77.89847400042166,34.365243999962864],[-77.8957739997492,34.363812999878014],[-77.88704000004196,34.364243000099776],[-77.87989999972092,34.36628199963599],[-77.87146599958932,34.3733319999395],[-77.85864200003789,34.37969500021229],[-77.84380499990223,34.380860999861895],[-77.82299499993286,34.389359000171126],[-77.82082700043627,34.38493499998928],[-77.81862899990413,34.38581700001389],[-77.81483600016087,34.38154899986091],[-77.81050600011717,34.381958000137026],[-77.804729000102,34.376783999701225],[-77.8051090000436,34.374119999973814],[-77.80786499989424,34.37356700013645],[-77.80985800038695,34.36878800032627],[-77.8151139999952,34.367169000310994],[-77.81209500037882,34.365199999649775],[-77.81428399979183,34.36284599963733],[-77.81266299974308,34.35900499981021],[-77.75197199988443,34.30333000021719],[-77.74810100032336,34.30356300012181],[-77.74483900013442,34.30101799983525],[-77.74058299971057,34.30128999977876],[-77.74155500020419,34.29579900036222],[-77.7391979996634,34.29275200034041],[-77.73327599988328,34.29449500023127],[-77.72514800007343,34.29277499989909],[-77.71518999997748,34.29918100019665],[-77.71048800038811,34.29795800025634],[-77.7146910002102,34.29153099972433],[-77.67527599957792,34.25313000009457],[-77.66319000016838,34.26348100036438],[-77.65582899991442,34.27399899984581],[-77.62357899971752,34.303161999722455],[-77.60858900031933,34.31013599982672],[-77.59487500029003,34.32373699994217],[-77.55673199972703,34.3536509998754],[-77.5161620000997,34.382442999744256],[-77.4188319995509,34.43592300025596],[-77.34127099977921,34.47166300006923],[-77.30538799967263,34.48425499986489],[-77.3380160001613,34.528419000369404],[-77.34404699972136,34.533181000306605],[-77.34007200040321,34.53944300018311],[-77.34451799989955,34.54554100010534],[-77.34454499966373,34.54868000032466],[-77.33935099997974,34.55468599997698],[-77.33999100021235,34.56354599972148],[-77.33656099979393,34.56740799999629],[-77.34367099997772,34.569742999703216],[-77.35012199966235,34.56828200019703],[-77.35859099995405,34.56907999997975],[-77.36501800024755,34.57738799983562],[-77.37243899987764,34.58193999993347],[-77.38036400019622,34.578099999697],[-77.38355400041513,34.586396000331874],[-77.39109700024397,34.58874900023435],[-77.39937599966655,34.58198599987905],[-77.39981400023278,34.58004799972816],[-77.41366100033147,34.57037199976991],[-77.4131909999782,34.569387000253364],[-77.41532199966485,34.56977700024827],[-77.41701100038395,34.566412000279],[-77.41972299985366,34.56709900032654],[-77.42647599966209,34.56474100005402],[-77.42946400021462,34.56817499988301],[-77.43195499975141,34.56707700005017],[-77.43660399963734,34.57334900015737],[-77.4431630001753,34.57002900033045],[-77.45002399993876,34.56197299980093],[-77.46227500010308,34.58546200031658],[-77.46888999981923,34.587882999648286],[-77.48005100038746,34.58918199973111],[-77.4844249999138,34.61655200035921],[-77.4799409998843,34.636278999670964],[-77.48355000040289,34.63839100029056],[-77.48824399959632,34.637948000194136],[-77.49242800005017,34.641814999951976],[-77.51382100035075,34.64660299993304],[-77.51316500022463,34.65440399987426],[-77.50962600002624,34.66382300011742],[-77.51483800015188,34.66946499974335],[-77.516516000102,34.67860899989199],[-77.52147399978443,34.68120000000871],[-77.5227879996865,34.68593199974917],[-77.50959800043717,34.686145000168956],[-77.51558299996647,34.69208199985493],[-77.51597799997668,34.69500000000857],[-77.51498899976463,34.700466999838206],[-77.51288300019232,34.70097299963794],[-77.50866500030159,34.71008100004434],[-77.50891299999871,34.71328599988156],[-77.5158180001431,34.71461699973791],[-77.51808600009713,34.71732499965331],[-77.5184509999701,34.72134599970363],[-77.52160600002891,34.72171099975942],[-77.52163399961802,34.72001600009854],[-77.52380399966273,34.7194059998464],[-77.52899200039724,34.72192800001397],[-77.5330529999291,34.725829000367504],[-77.53302600016492,34.72753100026712],[-77.54418199981198,34.73032099964232],[-77.5441759999642,34.72533800020046],[-77.54794000029347,34.7196150000111],[-77.55708200042973,34.71531900036904],[-77.56161599978962,34.71491500022881],[-77.57856900044162,34.720314000330895],[-77.583495000337,34.733829999701996],[-77.59206199963965,34.73215400026739],[-77.63688299966799,34.70939600010401],[-77.65747199970444,34.70349399996238],[-77.66817700016311,34.695082999664905],[-77.68012700002855,34.720595000212825],[-77.92153800010135,34.71974599993686],[-77.93055800003889,34.72299200028367],[-77.93591300027965,34.722404000292315],[-77.93539400042089,34.72074600000452],[-77.93757799981098,34.72023100014367],[-77.9384459996492,34.7233860000751],[-77.94093500043448,34.72102499968629],[-77.93970000017514,34.72005799981471],[-77.95160700038285,34.717861000306065],[-77.95199499982206,34.71471799995275],[-77.95601100004642,34.71514500029473],[-77.95608300001643,34.71645300016055],[-77.95881299992782,34.715862999852455],[-77.9615360001665,34.71995700021502],[-77.97005499978859,34.71773499996079],[-77.97024599958431,34.71945000011928],[-77.9740540002945,34.719141999932546],[-77.9754340003188,34.718464000302504],[-77.97321400004536,34.71771999964316],[-77.97462000000894,34.71458599963266],[-77.97939699994139,34.71693300008415],[-77.9786720002183,34.715093000014754],[-77.98098299983,34.71389099965234],[-77.98159200010048,34.71592700016451],[-77.98476399987771,34.71489600016272],[-77.98727299985615,34.717459000326784],[-77.99194699985644,34.71597999971624],[-77.99446900025367,34.717125999646505],[-77.99790899981953,34.721758000199706],[-78.00306200039394,34.724027000027824],[-78.00263200022363,34.72610799987729],[-78.00796200035003,34.7262549997721],[-78.00754800007326,34.72866500016516],[-78.01047600035135,34.72980100000592],[-78.00944799978123,34.731448000174474],[-78.01268099965785,34.732629999985875],[-78.01413900039827,34.73119299978783],[-78.01607300044144,34.73255599966672],[-78.0235190001859,34.7304450000209],[-78.0252509996644,34.72631999983314],[-78.02882300037304,34.72677800004092],[-78.02969600023414,34.72475600026885],[-78.03243600019125,34.727546999937665],[-78.03601700022243,34.72580599966994],[-78.03671299963321,34.72740000012548],[-78.03922699963451,34.726143000262695],[-78.04061099985678,34.72761599981966],[-78.05200099985555,34.72512100003649],[-78.05632500005147,34.72701999997722],[-78.0661969999337,34.72786700008141],[-78.08156700017182,34.722579000313736],[-78.08713300029977,34.72606900004211],[-78.09409699999539,34.724014000249774],[-78.10200200022247,34.72560500004254],[-78.11400700033951,34.72179499966353],[-78.1134719996889,34.70721899969898],[-78.15652000023086,34.67906999980613],[-78.25750600025555,34.54906099973998],[-78.26259700000737,34.54396499966721],[-78.2725819998675,34.53781299976376]]]}},{"type":"Feature","properties":{"GEOID":"37021","NAME":"State House District 21","BASENAME":"21","STATE":"37","SLDL":"021"},"geometry":{"type":"Polygon","coordinates":[[[-78.99504300042445,35.61018199981379],[-78.93906800039888,35.592103999779276],[-78.93685200032341,35.59444900031342],[-78.92935399980209,35.59593300004012],[-78.91307399989296,35.61079700000155],[-78.91020199969137,35.610389999850604],[-78.90484099960281,35.61305600026885],[-78.90908299978297,35.61510300014117],[-78.91542600041089,35.624040999952975],[-78.90564800023999,35.629737000001484],[-78.90105700008036,35.63835600007711],[-78.89724800044357,35.64170900021288],[-78.8969489997945,35.65307700030358],[-78.89006700011467,35.65598600036209],[-78.88932999979771,35.66106800008827],[-78.8847960004378,35.66564800033568],[-78.8841000001287,35.66998799987622],[-78.87361899997605,35.67773900018404],[-78.87499999982525,35.68310300027968],[-78.87229900022619,35.68990599985907],[-78.87442800026302,35.69570199963533],[-78.84515400002482,35.710232999761345],[-78.8403029995742,35.71421999992397],[-78.84563400042384,35.723305999774595],[-78.85415300004594,35.72718199968821],[-78.84903399980674,35.73569499985981],[-78.8488410003612,35.74023700019335],[-78.85179800005328,35.74805799969454],[-78.85102200027657,35.75023699978558],[-78.8475600000711,35.750265999817444],[-78.84270000029798,35.76757099964042],[-78.84324799957074,35.7717299998338],[-78.84878299973656,35.78004600022057],[-78.84816099994563,35.782319999787035],[-78.85739099994544,35.78418900005889],[-78.86066900002788,35.77499900002324],[-78.87308500004865,35.77307399992314],[-78.87088999988958,35.787757999977984],[-78.87673399985188,35.786367000357416],[-78.87838599986274,35.78920599963993],[-78.8866819999021,35.792038999704054],[-78.8902029996588,35.791597000346464],[-78.89029600044353,35.7868970003222],[-78.89407099974514,35.78696499997664],[-78.89401499966866,35.790025999747435],[-78.90169200029011,35.790000000352016],[-78.90020699978548,35.795682000260896],[-78.89554399965586,35.79527499999561],[-78.8941109999281,35.797564999929676],[-78.89377500036744,35.80194500031229],[-78.89858400008694,35.802559999672596],[-78.89850799991895,35.80626199970187],[-78.89266200030684,35.80612799967714],[-78.89222100026588,35.81510699989171],[-78.89543599970082,35.81595299966204],[-78.89245800009233,35.81759900025322],[-78.89319200003627,35.822017000154275],[-78.87992800026875,35.82421300011177],[-78.87260399982472,35.822631999952534],[-78.8771780002659,35.83812400034156],[-78.8823469998355,35.84517099991712],[-78.89349099978699,35.85405999986695],[-78.89048600041433,35.867874000095625],[-78.90607099983929,35.86809600018452],[-78.90942500008974,35.842937000071885],[-78.92641700020148,35.80196200010864],[-78.93089100018524,35.794376999708895],[-78.93627099964203,35.771898000358306],[-78.99504300042445,35.61018199981379]]]}},{"type":"Feature","properties":{"GEOID":"37019","NAME":"State House District 19","BASENAME":"19","STATE":"37","SLDL":"019"},"geometry":{"type":"Polygon","coordinates":[[[-78.38112699961457,33.902844000038385],[-78.36839199975157,33.851173999727855],[-78.27076099980223,33.862778000021784],[-78.16916399985723,33.86408899996281],[-78.1247150002729,33.859706999869125],[-78.06658100007326,33.84798499994037],[-78.06275599964461,33.839202999681724],[-78.05289499963305,33.82743199969414],[-78.04098099975263,33.818773999642325],[-78.012859999758,33.80386300009295],[-78.01142799985514,33.788894999939565],[-78.00902699983176,33.78172899974398],[-77.99970999979331,33.76713000033482],[-77.98376799999299,33.7587199998171],[-77.96405199981763,33.75289900029192],[-77.94306100009828,33.753769999804],[-77.9292840003198,33.757984000191406],[-77.91469499988126,33.76603200008124],[-77.90243600021934,33.77851999969322],[-77.89665900020418,33.787547000320245],[-77.89368599972025,33.80470200021625],[-77.89678200022783,33.819709999812524],[-77.89530699976896,33.8353050003288],[-77.89897499983877,33.848528000146786],[-77.89896999981589,33.854638999789785],[-77.8956459997027,33.86390799993455],[-77.8942459995869,33.87865500034692],[-77.88610899955621,33.89119500018095],[-77.88451900036794,33.90367000001127],[-77.86353399959806,33.93467000016134],[-77.86216899964238,33.94860900026747],[-77.85525199980242,33.96009500022267],[-77.8409360000737,34.000172999766946],[-77.84204099973837,34.000172999766946],[-77.83020600039899,34.030282999737445],[-77.8002529995701,34.09071200012643],[-77.78555500024996,34.12517100009477],[-77.77496600014224,34.138665000107366],[-77.75350699971945,34.15546900007954],[-77.82660500027633,34.191569999717004],[-77.8543060001464,34.15557100022866],[-77.86082799997614,34.15959700001889],[-77.86630299986749,34.16010300001327],[-77.87248999996146,34.16338899968398],[-77.87628699990272,34.157880999694996],[-77.87900599994344,34.1583709997926],[-77.88283800004476,34.16799800017873],[-77.88093699961355,34.172814999877225],[-77.87639599968266,34.178499999677875],[-77.86861000017957,34.18151499990081],[-77.87367800036516,34.188742000277834],[-77.8751310001844,34.18809199967314],[-77.88240200002666,34.19184599976473],[-77.88658399993237,34.18308700031241],[-77.88571799974397,34.18093200002715],[-77.88910799997943,34.17619699967342],[-77.88830999956308,34.17541399979309],[-77.89293599988278,34.17334100006066],[-77.89927100011478,34.17516099998337],[-77.89956999986552,34.173529000286074],[-77.89727400032241,34.17160100003175],[-77.89960500002563,34.166689000329555],[-77.9039049999321,34.168008999697925],[-77.90577799987591,34.16157099965392],[-77.91123799969864,34.15815399978159],[-77.89366300015402,34.14005800013716],[-77.89542099957178,34.13322800003118],[-77.89958800030719,34.12606600004395],[-77.9155579996966,34.123473999821435],[-77.91408300013606,34.126707000030684],[-77.91621299999782,34.129198000283345],[-77.92132600038924,34.12463300013731],[-77.93692099985995,34.122845000279845],[-77.93221000004974,34.068676999689174],[-77.94244699980494,34.06973100008353],[-77.9472379999811,34.072872000057124],[-77.94956399966142,34.07250299975213],[-77.95140399999327,34.07574199997671],[-77.95915799970929,34.075822999661206],[-77.96487799982306,34.07302900004629],[-77.97013099995657,34.07488099964507],[-77.97059799993681,34.07318799987152],[-77.9729639998001,34.07497199983362],[-77.97513700021787,34.074375999986536],[-77.9745329999703,34.07643600017284],[-77.97824500042103,34.073367999945226],[-77.97937299965193,34.07439700027841],[-77.98118700004453,34.073207000331394],[-77.98094099999722,34.075770000161164],[-77.98388500016884,34.076936000102876],[-77.99018000021786,34.071966999878164],[-77.99414200001551,34.07505500033733],[-77.9985969997327,34.07468599986853],[-77.99971099961823,34.07205299983645],[-78.00979599993578,34.06743499964084],[-78.01651199993427,34.05837499998036],[-78.02498200005087,34.05371400014302],[-78.03267300001771,34.07976899976061],[-78.01579499970879,34.083353000188254],[-78.01873800005548,34.0855059998874],[-78.01217100001992,34.08905599978592],[-78.03753699998882,34.10943700001116],[-78.04251899996066,34.10573500010964],[-78.05313300018274,34.10255799976584],[-78.07750699956654,34.10198099989756],[-78.08455400000115,34.107843999905235],[-78.08494800018644,34.10997899996025],[-78.08410499956426,34.113454000227996],[-78.0789400001926,34.11429900028901],[-78.07877600016108,34.11901399969973],[-78.08337200034356,34.120158000102535],[-78.08617900024782,34.127066000316496],[-78.09373100029751,34.134570000017916],[-78.10299399990927,34.12772100020741],[-78.10859400037242,34.11721699966411],[-78.12377899976428,34.11611700020971],[-78.1389570003818,34.106302999642025],[-78.15115800031741,34.105481999848614],[-78.15860599971168,34.10257000008357],[-78.16247399979802,34.10314599994499],[-78.16405399983886,34.10537500032786],[-78.17586499978711,34.100339999706996],[-78.18493199958031,34.100705000263375],[-78.19533300026536,34.10393299987138],[-78.19874500024211,34.105626999740885],[-78.19923999981144,34.10774099976196],[-78.20592700039592,34.105397999735764],[-78.21221300022412,34.10271799964746],[-78.20036899976557,34.09129400019203],[-78.20014799983265,34.084475999927754],[-78.19733099988262,34.08054000016865],[-78.19543600019753,34.07335499989068],[-78.19596400027712,34.06749399993105],[-78.1828190003353,34.05778899970009],[-78.18180199963585,34.052523999982306],[-78.17850799965986,34.04848200021104],[-78.17781600044704,34.0426580002821],[-78.18020800024962,34.040208999754725],[-78.18150100023527,34.03499100004308],[-78.1846360002026,34.03098499997288],[-78.1895839998393,34.0295659999122],[-78.20060800014016,34.0343949996825],[-78.21122099963902,34.031341000326655],[-78.21963300002932,34.02572699985192],[-78.21865600041113,34.018874999650045],[-78.22866300001257,34.007710999709936],[-78.23503900025244,34.00984599993171],[-78.23384800037401,34.0104940000216],[-78.23529199997242,34.0117720002252],[-78.23913999996728,34.011410000151955],[-78.23859799964397,34.013211999766234],[-78.24029400003577,34.014574000176395],[-78.24466199971431,34.01184200025054],[-78.2445050002538,34.0135320001534],[-78.24776400006968,34.01358999995484],[-78.2502449995607,34.01068100030713],[-78.24971900002924,34.009238000066816],[-78.25740300032341,34.010732000178166],[-78.25880900028696,34.008513999854955],[-78.26042000028997,34.009637000027055],[-78.25990300008101,34.011067000263075],[-78.2630289998275,34.012453000191414],[-78.26515500038961,34.00902299970098],[-78.27245299999606,34.00650200004693],[-78.26863000011556,34.00325100030338],[-78.26864400035927,34.00052399963534],[-78.26457899973111,33.99741500020232],[-78.26567500007329,33.995758000021176],[-78.26364499977065,33.99534399982636],[-78.26116099990656,33.99180100016074],[-78.25739400010256,33.99167600026425],[-78.26011599961802,33.98868099980793],[-78.25800199964979,33.98479200034828],[-78.26002799975447,33.97957099995669],[-78.25469699980314,33.97619099998576],[-78.25537700021872,33.98065899969331],[-78.25327499994606,33.980542999771146],[-78.25042399966087,33.975469999646414],[-78.25044299992743,33.971570000203215],[-78.2536640001085,33.97161799965612],[-78.25388500004142,33.9696660003014],[-78.25479100041281,33.96957099970505],[-78.2549100002385,33.96906600036064],[-78.25509600001132,33.96951499998607],[-78.2568540003274,33.96953799975539],[-78.25745900039989,33.96906499981458],[-78.257410999821,33.9683489999345],[-78.25779300031074,33.968826000093046],[-78.25879500004326,33.96902799971774],[-78.25861000009533,33.96920800029936],[-78.25898500001406,33.9694010000983],[-78.25889499960238,33.96958700015017],[-78.25899800043284,33.9696349999773],[-78.25926000037367,33.96952200004607],[-78.25923899955896,33.96931099968685],[-78.2595299998121,33.96930100021473],[-78.25978199970717,33.96877600020037],[-78.25739800030053,33.968285000184444],[-78.25683599988574,33.96948200001467],[-78.25492000028423,33.968985000048036],[-78.2547210000926,33.969507000129646],[-78.25399399982136,33.96954400001809],[-78.2538120002465,33.96966499976245],[-78.2538060003987,33.9698049998613],[-78.25190099976953,33.968853000007954],[-78.24850499968629,33.970109000261644],[-78.24671999960604,33.96815400035968],[-78.25131900016157,33.96781699980359],[-78.25150599975933,33.96669000035667],[-78.24589199995079,33.96440900004712],[-78.24336299988086,33.96652199986814],[-78.24464499999588,33.96418300030327],[-78.2437799996324,33.96262299971132],[-78.23966300002401,33.96590099977168],[-78.2340869998503,33.955406000270806],[-78.23736400010786,33.95438699976966],[-78.23929499977797,33.956535000093744],[-78.25133599988001,33.95997999972245],[-78.25902600002195,33.958882999867406],[-78.26011800016616,33.96174200014647],[-78.27157299956396,33.95903399968582],[-78.25925299980267,33.94719599998735],[-78.2620150003994,33.94263400030948],[-78.27164200005924,33.94242700004405],[-78.29228999964691,33.9457820000213],[-78.30092399979506,33.94246299967275],[-78.30657000028896,33.944294000330935],[-78.31030100010796,33.94942400035653],[-78.31526100033851,33.944375999651925],[-78.31958499963612,33.94278299967779],[-78.32093000039863,33.93831699974083],[-78.3249680003643,33.9377180002311],[-78.32588600043124,33.935481999710774],[-78.34086300030896,33.936728999833086],[-78.35066200039626,33.92834599986292],[-78.35894699966661,33.9280080001276],[-78.37024200012917,33.92292799997986],[-78.37145200027415,33.91759500014303],[-78.37022200003767,33.911647000238844],[-78.38060000025818,33.9067849998375],[-78.37897599983643,33.90368799981689],[-78.38112699961457,33.902844000038385]]]}},{"type":"Feature","properties":{"GEOID":"37017","NAME":"State House District 17","BASENAME":"17","STATE":"37","SLDL":"017"},"geometry":{"type":"Polygon","coordinates":[[[-78.65087200011735,33.94524800019509],[-78.54108000041535,33.85111999988571],[-78.4993009995696,33.812851999878454],[-78.44614900024015,33.82994599997099],[-78.37166700035931,33.84941499972272],[-78.36839199975157,33.851173999727855],[-78.38112699961457,33.902844000038385],[-78.37897599983643,33.90368799981689],[-78.38060000025818,33.9067849998375],[-78.37022200003767,33.911647000238844],[-78.37088499983649,33.9223090000152],[-78.35894699966661,33.9280080001276],[-78.34983300001777,33.928737999702],[-78.34663699995106,33.93299099976394],[-78.34224800035612,33.93436999992568],[-78.34086300030896,33.936728999833086],[-78.32588600043124,33.935481999710774],[-78.3249680003643,33.9377180002311],[-78.32093000039863,33.93831699974083],[-78.31958499963612,33.94278299967779],[-78.31526100033851,33.944375999651925],[-78.31030100010796,33.94942400035653],[-78.30657000028896,33.944294000330935],[-78.30092399979506,33.94246299967275],[-78.29228999964691,33.9457820000213],[-78.27164200005924,33.94242700004405],[-78.2620150003994,33.94263400030948],[-78.25925299980267,33.94719599998735],[-78.27157299956396,33.95903399968582],[-78.26867799979614,33.95998799972985],[-78.26011800016616,33.96174200014647],[-78.25902600002195,33.958882999867406],[-78.25133599988001,33.95997999972245],[-78.23929499977797,33.956535000093744],[-78.23736400010786,33.95438699976966],[-78.23436800005771,33.95519999973579],[-78.23545000015618,33.959793000358744],[-78.2380150002111,33.961475999951055],[-78.23966300002401,33.96590099977168],[-78.2437799996324,33.96262299971132],[-78.24464499999588,33.96418300030327],[-78.24336299988086,33.96652199986814],[-78.24589199995079,33.96440900004712],[-78.25150599975933,33.96669000035667],[-78.25131900016157,33.96781699980359],[-78.24671999960604,33.96815400035968],[-78.24850499968629,33.970109000261644],[-78.25190099976953,33.968853000007954],[-78.2538060003987,33.9698049998613],[-78.2538120002465,33.96966499976245],[-78.25399399982136,33.96954400001809],[-78.25442800018963,33.96940899996474],[-78.2547210000926,33.969507000129646],[-78.25473199996325,33.96915399994136],[-78.25492000028423,33.968985000048036],[-78.25511899957753,33.969067000161665],[-78.25509600001132,33.96940299969245],[-78.25547099993005,33.969161000031136],[-78.25559800015166,33.96921900032673],[-78.25575100031253,33.96950499979292],[-78.25602800032198,33.96921900032673],[-78.25651200002063,33.96925000005745],[-78.25683599988574,33.96948200001467],[-78.25694499966568,33.96891399992211],[-78.25706900041256,33.96886999964647],[-78.25734899989672,33.96902100036204],[-78.25712399976581,33.96854099964058],[-78.25739800030053,33.968285000184444],[-78.25978199970717,33.96877600020037],[-78.25899800043284,33.9696349999773],[-78.257410999821,33.9683489999345],[-78.25745900039989,33.96906499981458],[-78.2568540003274,33.96953799975539],[-78.25509600001132,33.96951499998607],[-78.2549100002385,33.96906600036064],[-78.25479100041281,33.96957099970505],[-78.25388500004142,33.9696660003014],[-78.2536640001085,33.97161799965612],[-78.25044299992743,33.971570000203215],[-78.25042399966087,33.975469999646414],[-78.25327499994606,33.980542999771146],[-78.25537700021872,33.98065899969331],[-78.25469699980314,33.97619099998576],[-78.26002799975447,33.97957099995669],[-78.25800199964979,33.98479200034828],[-78.26011599961802,33.98868099980793],[-78.25739400010256,33.99167600026425],[-78.26116099990656,33.99180100016074],[-78.26364499977065,33.99534399982636],[-78.26567500007329,33.995758000021176],[-78.26457899973111,33.99741500020232],[-78.26864400035927,34.00052399963534],[-78.26863000011556,34.00325100030338],[-78.27234800041407,34.00676900021347],[-78.26520300007019,34.00899299965861],[-78.2630289998275,34.012453000191414],[-78.25990300008101,34.011067000263075],[-78.26042000028997,34.009637000027055],[-78.25880900028696,34.008513999854955],[-78.25740300032341,34.010732000178166],[-78.24971900002924,34.009238000066816],[-78.2502449995607,34.01068100030713],[-78.24776400006968,34.01358999995484],[-78.2445050002538,34.0135320001534],[-78.24466199971431,34.01184200025054],[-78.24029400003577,34.014574000176395],[-78.23859799964397,34.013211999766234],[-78.23913999996728,34.011410000151955],[-78.23529199997242,34.0117720002252],[-78.23384800037401,34.0104940000216],[-78.23503900025244,34.00984599993171],[-78.22866300001257,34.007710999709936],[-78.21865600041113,34.018874999650045],[-78.21963300002932,34.02572699985192],[-78.21122099963902,34.031341000326655],[-78.20060800014016,34.0343949996825],[-78.1895839998393,34.0295659999122],[-78.1846360002026,34.03098499997288],[-78.18150100023527,34.03499100004308],[-78.18020800024962,34.040208999754725],[-78.17781600044704,34.0426580002821],[-78.17850799965986,34.04848200021104],[-78.18180199963585,34.052523999982306],[-78.1828190003353,34.05778899970009],[-78.19596400027712,34.06749399993105],[-78.19543600019753,34.07335499989068],[-78.19733099988262,34.08054000016865],[-78.20014799983265,34.084475999927754],[-78.20036899976557,34.09129400019203],[-78.21217200021623,34.10281000013044],[-78.19962599960081,34.1077330002872],[-78.19533300026536,34.10393299987138],[-78.18493199958031,34.100705000263375],[-78.17586499978711,34.100339999706996],[-78.16405399983886,34.10537500032786],[-78.16247399979802,34.10314599994499],[-78.15860599971168,34.10257000008357],[-78.15115800031741,34.105481999848614],[-78.1389570003818,34.106302999642025],[-78.12377899976428,34.11611700020971],[-78.10859400037242,34.11721699966411],[-78.10349100002674,34.127115999908106],[-78.09427500027063,34.13466599963803],[-78.08617900024782,34.127066000316496],[-78.08337200034356,34.120158000102535],[-78.07877600016108,34.11901399969973],[-78.0789400001926,34.11429900028901],[-78.08410499956426,34.113454000227996],[-78.08494800018644,34.10997899996025],[-78.08455400000115,34.107843999905235],[-78.07750699956654,34.10198099989756],[-78.05313300018274,34.10255799976584],[-78.04251899996066,34.10573500010964],[-78.03753699998882,34.10943700001116],[-78.01217100001992,34.08905599978592],[-78.01873800005548,34.0855059998874],[-78.01579499970879,34.083353000188254],[-78.03267300001771,34.07976899976061],[-78.02498200005087,34.05371400014302],[-78.01651199993427,34.05837499998036],[-78.00979599993578,34.06743499964084],[-77.99971099961823,34.07205299983645],[-77.9985969997327,34.07468599986853],[-77.99414200001551,34.07505500033733],[-77.99018000021786,34.071966999878164],[-77.98388500016884,34.076936000102876],[-77.98094099999722,34.075770000161164],[-77.98118700004453,34.073207000331394],[-77.97937299965193,34.07439700027841],[-77.97824500042103,34.073367999945226],[-77.9745329999703,34.07643600017284],[-77.97513700021787,34.074375999986536],[-77.9729639998001,34.07497199983362],[-77.97059799993681,34.07318799987152],[-77.97013099995657,34.07488099964507],[-77.96487799982306,34.07302900004629],[-77.95915799970929,34.075822999661206],[-77.95140399999327,34.07574199997671],[-77.94956399966142,34.07250299975213],[-77.9472379999811,34.072872000057124],[-77.94244699980494,34.06973100008353],[-77.93221000004974,34.068676999689174],[-77.93691400018726,34.12282199966644],[-77.95220599970926,34.150346999924295],[-77.95861000043655,34.17376999991511],[-77.95660799972299,34.19248800004827],[-77.95727899991773,34.19729100031977],[-77.96130400036292,34.204868999761366],[-77.95660500024826,34.23449100000445],[-77.96379800027273,34.24168200034862],[-77.96849099964126,34.24230800028781],[-77.96949099972397,34.2440110000811],[-77.96499599982384,34.249221000190225],[-77.96779699988032,34.25212699968034],[-77.9699979998872,34.251630000253115],[-77.97310000024255,34.24723700030825],[-77.97520699963977,34.249358999852426],[-77.97880799976242,34.26005800017758],[-77.9877120002473,34.260069000307816],[-77.98891200034655,34.262268999665146],[-77.98751200023077,34.26826899962965],[-77.99101200007107,34.270669000316545],[-78.0005819998295,34.27139399965673],[-78.00201200008252,34.273069000055585],[-77.99910399989591,34.2764850000114],[-77.99086300010815,34.27856399974714],[-77.9902120000049,34.281668999979644],[-77.99651200007679,34.284368999629116],[-78.00480999976594,34.280470000254326],[-78.0059119999559,34.28176899997394],[-78.00461200029754,34.28676900014305],[-78.0059119999559,34.288868999753575],[-78.0078130003871,34.29016900000162],[-78.01591299970957,34.290269000272374],[-78.01711299980882,34.29276900027299],[-78.01421300001812,34.30256799975736],[-78.01481300006773,34.30746800021047],[-78.01254500011373,34.313143999924016],[-78.00622499995035,34.317448000178864],[-78.0086569999359,34.32255200005268],[-78.01500899988632,34.32287199982827],[-78.02291300028848,34.31800800021105],[-78.02603300018721,34.317992000325596],[-78.02752100016654,34.32015200030957],[-78.02558499957524,34.327192000146844],[-78.02752100016654,34.33059999990786],[-78.03073999979947,34.3317549998639],[-78.03389300020845,34.3301490002288],[-78.0376909999746,34.33244500018871],[-78.04230499970042,34.33031200020506],[-78.04665099963766,34.33038799978989],[-78.04713600005955,34.33543899999974],[-78.0539690002339,34.33558499992038],[-78.0522939997585,34.33948399978319],[-78.05906099981064,34.345148999927666],[-78.05973500037842,34.33756300034259],[-78.06524299988176,34.33889299983973],[-78.07777799972818,34.338505999743944],[-78.07854699983223,34.34023299991043],[-78.07500500015911,34.34431199966212],[-78.07460900032399,34.34720600027501],[-78.07970199972561,34.35197600007789],[-78.07912599996544,34.354164999711976],[-78.08609800005698,34.35138499992056],[-78.09280599965955,34.35238200021995],[-78.09476800019011,34.35598600026376],[-78.10342300025466,34.355224000293035],[-78.10679400022353,34.35810599992429],[-78.11304099969367,34.36021000010346],[-78.11338899984821,34.36444900021398],[-78.11737099973737,34.36459899983453],[-78.12147999984815,34.36828600003389],[-78.1319819999172,34.36666300026719],[-78.13701999996557,34.37181399999076],[-78.14073499989102,34.36914599981396],[-78.13942799966166,34.36622999970547],[-78.14071599962446,34.364860999664664],[-78.14383899989622,34.36468000033366],[-78.14844799959918,34.36700700033937],[-78.15348099962468,34.3655870003645],[-78.15854200013757,34.357458000003994],[-78.16234999994946,34.35700700014335],[-78.2546220003584,34.21630500020866],[-78.37429500016344,34.20489300031218],[-78.37474899972487,34.20260199973066],[-78.36770800003636,34.192564000175004],[-78.36679300034248,34.18877400019653],[-78.37365099973287,34.18803799973824],[-78.37695200027989,34.18422199977679],[-78.38723199969279,34.17755199964358],[-78.38810899975184,34.1752119996976],[-78.39281399971426,34.17295200022523],[-78.39534899963198,34.16807899998342],[-78.40572699985249,34.15837799987956],[-78.40716299995329,34.154821000058995],[-78.41366800006459,34.15038000017257],[-78.42292099963062,34.139493999895755],[-78.43606300009769,34.14212400005634],[-78.44188799979341,34.14625600000711],[-78.4591340003484,34.14981299999377],[-78.467196000036,34.15476099984688],[-78.47455700028996,34.1547070001399],[-78.48167800034442,34.158310999872754],[-78.48398300010834,34.157840000210236],[-78.48928399992242,34.16368399996808],[-78.49361899998901,34.164037000107335],[-78.49546699981845,34.167588000048276],[-78.50364700040515,34.169193000110866],[-78.50985600024045,34.16877300009743],[-78.51307900007131,34.1656980003655],[-78.51521599960577,34.165947999680604],[-78.51897900011012,34.15890400008346],[-78.52481999969939,34.15397800034454],[-78.53291200042253,34.15350999987586],[-78.53705699962,34.14620799973132],[-78.53844000001735,34.14577399984079],[-78.54116200043111,34.148294000059884],[-78.5449769999157,34.14595700001337],[-78.54423499957585,34.14286200015635],[-78.54637600020658,34.138341999870654],[-78.54357299960195,34.13584300014254],[-78.54581799998975,34.13453400003933],[-78.54247299996014,34.13178899963804],[-78.54192599961397,34.128766999735255],[-78.53926299964974,34.1274620000193],[-78.5388380004006,34.12484099970853],[-78.54002400025614,34.1229260002563],[-78.54321600012489,34.12437500035863],[-78.54254499993016,34.12610899969748],[-78.54916899986715,34.125234999781654],[-78.55085000019034,34.121840000232375],[-78.54933399972359,34.12018200020528],[-78.55125100004831,34.11985100017074],[-78.54906299956193,34.11881300031489],[-78.55409099956455,34.1176770003318],[-78.55368399985878,34.11615200029442],[-78.55509999986808,34.116752999786414],[-78.5526019997603,34.11392599998875],[-78.55357699972865,34.113111000326704],[-78.55116099963662,34.11334400012275],[-78.55107000029835,34.114753000055984],[-78.54900300018579,34.1114659996374],[-78.55328200017586,34.10706300012307],[-78.55195200038027,34.104321000250614],[-78.55406200015055,34.1036709998666],[-78.54903400014793,34.10427399965906],[-78.54659100029173,34.103227999900916],[-78.54767500004003,34.10033599999178],[-78.54404100030541,34.100114999996066],[-78.54539299984229,34.09860699993532],[-78.5473419999541,34.099032999937094],[-78.54810900040829,34.095241999816],[-78.55253300016332,34.09512700007064],[-78.55321299968058,34.09724000004533],[-78.5586919997699,34.09353600023928],[-78.55698500040576,34.09173700013825],[-78.56018899997007,34.0920519996519],[-78.55698299985762,34.08369700012795],[-78.56113100032645,34.08244900034659],[-78.56289399976708,34.07769200010607],[-78.5589379998172,34.075234000124894],[-78.55703499973617,34.07586000010678],[-78.55851100001993,34.07773599980399],[-78.55469700036028,34.07668500011258],[-78.55374199958509,34.07218600028363],[-78.55504299996669,34.067071000145695],[-78.5591000001989,34.06641000015137],[-78.55888900031171,34.061394999829105],[-78.55705200035293,34.061848999838595],[-78.55809300044349,34.060007000354354],[-78.56022699960491,34.06059600007586],[-78.55940099959948,34.05936800010837],[-78.56112799995341,34.059104000155145],[-78.56278099978918,34.05428799985245],[-78.56863599962215,34.05379399975475],[-78.56952399955186,34.05615900031356],[-78.57125199973069,34.053392000347024],[-78.57317900010119,34.0560350001749],[-78.5795579998158,34.051616000345085],[-78.58330000040374,34.04592299977219],[-78.58187199980055,34.04266899973227],[-78.57812699973786,34.04377100014455],[-78.57785999977418,34.04117800035126],[-78.57991400036626,34.04047299974238],[-78.57934100008082,34.036890999890176],[-78.58540699980097,34.03615699976088],[-78.58464299971982,34.034066000270315],[-78.5828810001041,34.03388200022834],[-78.58347799978067,34.03201799966979],[-78.58900500044888,34.032236999817286],[-78.58773000000657,34.030766000315964],[-78.59072400040691,34.03026499990323],[-78.59079999967655,34.02715500033418],[-78.59291100017005,34.02714699994793],[-78.59433899987495,34.029418999663676],[-78.59875199975932,34.02791099992627],[-78.59941000043358,34.02929999980775],[-78.60040200012035,34.02789800034471],[-78.60084599963605,34.029988000152535],[-78.60183999987098,34.028835999801544],[-78.60054199986244,34.02667499964996],[-78.60304599981801,34.02779600035178],[-78.60340900004117,34.024664999682024],[-78.60790800013928,34.024014000103755],[-78.60672499975847,34.025443000257276],[-78.60938100004999,34.02454099965105],[-78.60911599973612,34.025954000357146],[-78.61165999987466,34.023236999738174],[-78.61326800040291,34.02434600020846],[-78.61277600030833,34.02203799999855],[-78.61684799971084,34.023512000125095],[-78.6190970002966,34.018957000025196],[-78.62235799976231,34.0182250003027],[-78.62544900024703,34.01975599974273],[-78.62637700035972,34.017698000256196],[-78.6296920002521,34.01771699975097],[-78.63004899972915,34.016070000202006],[-78.64061500027064,34.01027999991828],[-78.64030300010111,34.004365999772055],[-78.63337100019255,33.99656800003988],[-78.63054500002171,33.990963999795945],[-78.62643599991094,33.9796920003308],[-78.62772499969866,33.97609200035607],[-78.62408299956813,33.973297999941096],[-78.62528299966738,33.97221699970684],[-78.63025299994365,33.974871000162864],[-78.63050700038687,33.97217499992417],[-78.63600400001955,33.969620000080816],[-78.63952200030151,33.969276000039194],[-78.64052599968387,33.970490000135555],[-78.64232699965766,33.967277999825804],[-78.64835100044333,33.96554000003234],[-78.64652299980705,33.96050800008978],[-78.64344999976402,33.961990000106084],[-78.64432000015036,33.960122999835065],[-78.64199399957172,33.95615700015742],[-78.64349699961969,33.95442700019346],[-78.64421999969295,33.95561700010284],[-78.64502499978197,33.95405199976654],[-78.64655799996716,33.954598999864295],[-78.64415699994375,33.95013199987303],[-78.64733600029201,33.950153999643696],[-78.6465389997006,33.94800399985392],[-78.65087200011735,33.94524800019509]]]}},{"type":"Feature","properties":{"GEOID":"37112","NAME":"State House District 112","BASENAME":"112","STATE":"37","SLDL":"112"},"geometry":{"type":"Polygon","coordinates":[[[-80.78121500034177,35.24748800025851],[-80.7739710002637,35.23188000033611],[-80.77089400002266,35.23097999965008],[-80.7669179999813,35.22425200024695],[-80.77057500018044,35.219418000333164],[-80.77128099963697,35.21399199973076],[-80.7602799998006,35.21146399998014],[-80.74532700021231,35.2032899999101],[-80.72594900014577,35.20250299976914],[-80.70629599971961,35.20887100010641],[-80.6911859997725,35.211632999895016],[-80.67025699997743,35.20840199991638],[-80.66440899981717,35.209065000098796],[-80.65629199987795,35.21657299964594],[-80.6432909998762,35.22246500035438],[-80.61697099985535,35.224594999640395],[-80.5997329996963,35.23410500002374],[-80.66648000012769,35.26793399988374],[-80.67811699999866,35.3011950001088],[-80.69114999978748,35.28545500024083],[-80.69951000029926,35.28109399986392],[-80.6991980001297,35.274901999660216],[-80.70513300032863,35.27492899963343],[-80.70936499956473,35.278426000190365],[-80.71261300040825,35.27841699985556],[-80.72062200039241,35.27470800015825],[-80.7269850002135,35.26754600004431],[-80.733913999749,35.26549399990729],[-80.74410399964854,35.26695999987585],[-80.74169799960228,35.268740000162744],[-80.74072900038003,35.27206399970804],[-80.74862000036342,35.26620699969401],[-80.75936500010671,35.26337599985958],[-80.77326400008394,35.26213799995326],[-80.77732799998887,35.25963800002771],[-80.78121500034177,35.24748800025851]]]}},{"type":"Feature","properties":{"GEOID":"37020","NAME":"State House District 20","BASENAME":"20","STATE":"37","SLDL":"020"},"geometry":{"type":"Polygon","coordinates":[[[-78.02992200018996,34.331768000189136],[-78.02569699972823,34.327736000191706],[-78.02752100016654,34.32015200030957],[-78.02603300018721,34.317992000325596],[-78.02291300028848,34.31800800021105],[-78.01272099984082,34.32317600022831],[-78.0086569999359,34.32255200005268],[-78.00624099984388,34.31951200031144],[-78.00726500021602,34.31562399997022],[-78.01299299982738,34.3125679999126],[-78.01481300006773,34.30746800021047],[-78.01421300001812,34.30256799975736],[-78.01711299980882,34.29276900027299],[-78.01591299970957,34.290269000272374],[-78.0078130003871,34.29016900000162],[-78.0059119999559,34.288868999753575],[-78.00461200029754,34.28676900014305],[-78.0059119999559,34.28176899997394],[-78.00480999976594,34.280470000254326],[-77.99651200007679,34.284368999629116],[-77.9902120000049,34.281668999979644],[-77.99086300010815,34.27856399974714],[-77.99910399989591,34.2764850000114],[-78.00201200008252,34.273069000055585],[-78.0005819998295,34.27139399965673],[-77.99101200007107,34.270669000316545],[-77.98751200023077,34.26826899962965],[-77.98891200034655,34.262268999665146],[-77.9877120002473,34.260069000307816],[-77.97880799976242,34.26005800017758],[-77.97520699963977,34.249358999852426],[-77.97310000024255,34.24723700030825],[-77.9699979998872,34.251630000253115],[-77.96779699988032,34.25212699968034],[-77.96519500001546,34.247619000367315],[-77.96949099972397,34.2440110000811],[-77.96849099964126,34.24230800028781],[-77.96379800027273,34.24168200034862],[-77.95660500024826,34.23449100000445],[-77.95737299962904,34.22950299998676],[-77.95069699981352,34.227047000328554],[-77.94966099974582,34.22918499978046],[-77.953974999896,34.24425099996749],[-77.94859100024122,34.25611700033065],[-77.94915899960547,34.26369500020757],[-77.9459349999497,34.26702599974225],[-77.94320099984036,34.262067999885964],[-77.94517900026446,34.25873100017057],[-77.94283299959432,34.25854399998403],[-77.94055499959457,34.26245000017447],[-77.94125599992653,34.26018900008253],[-77.93792199976758,34.25776600005402],[-77.9377689996067,34.25413499998975],[-77.93251399982337,34.25482000032719],[-77.9336920001813,34.25762200016534],[-77.93267700002998,34.258238000064516],[-77.92631500003381,34.25516799990357],[-77.92485100034392,34.25843499969145],[-77.92445799998353,34.25662100008279],[-77.92242900040412,34.25771900022573],[-77.9220059999065,34.26341299993246],[-77.91997599960386,34.26351300011188],[-77.91976899991462,34.25797200023955],[-77.91760999974056,34.26034999983932],[-77.9170420003763,34.258243999928055],[-77.91532199969507,34.257923999679164],[-77.91558899965875,34.260831000090114],[-77.91046799976971,34.257603000331784],[-77.90951799991574,34.25938000003889],[-77.90754000038994,34.25925999985256],[-77.90645200044368,34.25709100034831],[-77.90488900012127,34.25987999996275],[-77.89805599994692,34.25795600005578],[-77.88811600029264,34.25970799987291],[-77.88724699973119,34.255909999929],[-77.88164799999126,34.2556380001191],[-77.88158500024207,34.25684999983874],[-77.87949100036533,34.25505600001778],[-77.87105399986068,34.255298999998516],[-77.8711750002345,34.24595900029752],[-77.86727799983585,34.246458000284605],[-77.82966499990059,34.22769800036502],[-77.83272200005011,34.219390000059384],[-77.84224400012796,34.222648999831904],[-77.85731399989213,34.211460000038834],[-77.86684699984062,34.21210899963146],[-77.86472200000173,34.21589400026445],[-77.87149300025183,34.21963599994904],[-77.87290099986522,34.21276299966141],[-77.88161799985404,34.21369699995212],[-77.88219100013947,34.21037600018197],[-77.87592500040277,34.20568799974471],[-77.87030900004609,34.197839999729496],[-77.87027800008396,34.195041999827225],[-77.86775099966385,34.19345599974938],[-77.87367800036516,34.188742000277834],[-77.86866600025607,34.18141400015638],[-77.87705299963369,34.17795200027966],[-77.88283800004476,34.16799800017873],[-77.8785320002905,34.15825400005803],[-77.87628699990272,34.157880999694996],[-77.87248999996146,34.16338899968398],[-77.86630299986749,34.16010300001327],[-77.86082799997614,34.15959700001889],[-77.8543060001464,34.15557100022866],[-77.82660500027633,34.191569999717004],[-77.75350699971945,34.15546900007954],[-77.74970200028059,34.16121399980139],[-77.74712100033214,34.17102099973029],[-77.74742000008288,34.17559400011823],[-77.73982799985023,34.18054199997623],[-77.73075600003418,34.18978799987754],[-77.72295299991434,34.2099970003278],[-77.70928800028886,34.221813000366666],[-77.70082599966986,34.2359990000294],[-77.69109299970482,34.24574399964258],[-77.67527599957792,34.25313000009457],[-77.7146910002102,34.29153099972433],[-77.71048800038811,34.29795800025634],[-77.71518999997748,34.29918100019665],[-77.72514800007343,34.29277499989909],[-77.73327599988328,34.29449500023127],[-77.7391979996634,34.29275200034041],[-77.74155500020419,34.29579900036222],[-77.74058299971057,34.30128999977876],[-77.74483900013442,34.30101799983525],[-77.74810100032336,34.30356300012181],[-77.75197199988443,34.30333000021719],[-77.81266299974308,34.35900499981021],[-77.81428399979183,34.36284599963733],[-77.81209500037882,34.365199999649775],[-77.8151139999952,34.367169000310994],[-77.80985800038695,34.36878800032627],[-77.80786499989424,34.37356700013645],[-77.8051090000436,34.374119999973814],[-77.804729000102,34.376783999701225],[-77.81050600011717,34.381958000137026],[-77.81483600016087,34.38154899986091],[-77.81862899990413,34.38581700001389],[-77.82082700043627,34.38493499998928],[-77.82299499993286,34.389359000171126],[-77.84380499990223,34.380860999861895],[-77.85864200003789,34.37969500021229],[-77.87146599958932,34.3733319999395],[-77.87989999972092,34.36628199963599],[-77.88704000004196,34.364243000099776],[-77.8957739997492,34.363812999878014],[-77.89847400042166,34.365243999962864],[-77.89996499987573,34.36775799983355],[-77.89935300013055,34.37516799983941],[-77.90060500010833,34.37795499989668],[-77.90721999982448,34.375252000330676],[-77.91707900018622,34.37572599967042],[-77.92233300014465,34.36767200016269],[-77.92878100035455,34.36154399996333],[-77.9318190002375,34.36172500013594],[-77.93100099972968,34.36772800032051],[-77.93407799997068,34.36701599997529],[-77.93510200034282,34.364391999768706],[-77.93323000022393,34.35927199975766],[-77.93499000018983,34.35802400008999],[-77.94089400042658,34.36268000032566],[-77.9399019998415,34.369831999889],[-77.94906999991703,34.371495999834],[-77.95103800029538,34.36450399998248],[-77.95931099987018,34.369863999900225],[-77.9616630003881,34.37343199974105],[-77.95882799999643,34.38036700030497],[-77.96219399994243,34.38285499966026],[-77.97555300014449,34.37234400028804],[-77.98392199997876,34.37307999985071],[-77.98766600021655,34.37114399996423],[-77.9880999996865,34.36388099985991],[-77.98043700020706,34.36106500014807],[-77.97803500035874,34.35695199990385],[-77.98768899978278,34.351891999982],[-77.99413000031997,34.3426349997703],[-77.99320200020728,34.336828000298],[-78.02992200018996,34.331768000189136]]]}},{"type":"Feature","properties":{"GEOID":"37066","NAME":"State House District 66","BASENAME":"66","STATE":"37","SLDL":"066"},"geometry":{"type":"Polygon","coordinates":[[[-78.60261700037093,35.89019799987742],[-78.6005800003956,35.886017000130806],[-78.59061300007883,35.88404200002165],[-78.57638500021362,35.88396300027378],[-78.57272899983938,35.8798679996875],[-78.58163900017206,35.86831000005534],[-78.58096499960428,35.85512199998532],[-78.59120800010557,35.85541400018034],[-78.59741100009306,35.85988500013125],[-78.60017899963928,35.85583300033932],[-78.59940399968747,35.85294900008317],[-78.60158499960285,35.84904200033293],[-78.59303199964558,35.847802000044545],[-78.58038999966901,35.84988099997892],[-78.57962300011312,35.842619999978],[-78.58078600040243,35.838091000083956],[-78.57884899998622,35.84058199993921],[-78.56935399967254,35.84489599993596],[-78.56644600038425,35.84439399972225],[-78.55645899997599,35.84819199967688],[-78.55529499986176,35.852756000300474],[-78.5498219996202,35.85273899973122],[-78.54577100013407,35.85025300021247],[-78.54655699995655,35.84627200027354],[-78.5409709997371,35.84787399971772],[-78.53794100025006,35.8470190001058],[-78.54272200038048,35.83937299993396],[-78.53837700026816,35.83783400032217],[-78.53632199985115,35.83081299993584],[-78.532592999682,35.830744999943356],[-78.53069799999687,35.83321700005278],[-78.53168300001097,35.83632599973689],[-78.53035900006317,35.85331500019924],[-78.52878599969502,35.85732000033012],[-78.51791899975296,35.85654699979845],[-78.51626500009229,35.85764000025248],[-78.51280999955948,35.85617200029997],[-78.51475199999858,35.87225599963917],[-78.50987399978379,35.877869000292094],[-78.50989399987527,35.885154999932155],[-78.50657200031021,35.89601500019143],[-78.48170400028367,35.90600100024169],[-78.47220999979491,35.91453099981376],[-78.48938100000682,35.9181099997914],[-78.49891899997819,35.92495799980244],[-78.50425900015034,35.925562000187035],[-78.50749700004984,35.93862699968745],[-78.506946000404,35.947625999921115],[-78.50853899996532,35.9492139998051],[-78.51817999986888,35.934875999760315],[-78.52192999995442,35.93408400036204],[-78.52286200026508,35.93745999995348],[-78.52807000019276,35.94006200009828],[-78.53292900014097,35.93634299989334],[-78.53389200041376,35.93881899963838],[-78.53177400024758,35.94254999985067],[-78.5347819999933,35.94162400010608],[-78.53295500008025,35.944644999982636],[-78.53616399966741,35.94720099991826],[-78.52956700039293,35.95057200034797],[-78.51837599968745,35.96127000022911],[-78.5124510004326,35.979212999700856],[-78.51469599992208,35.98004099966666],[-78.52314599994722,35.97811000009187],[-78.53404600039954,35.9798449999714],[-78.55211499968858,35.975054000021316],[-78.56072100024764,35.97563699975377],[-78.55863900006646,35.97045199977119],[-78.56252399987123,35.96744699967431],[-78.56332599958722,35.960410999789566],[-78.56686099958762,35.954345999684996],[-78.57850400020472,35.94527299996653],[-78.58009900031418,35.94163899973212],[-78.5780029998893,35.937014000289025],[-78.57976899970299,35.93280100014138],[-78.58696299955237,35.92838400005428],[-78.59573800016582,35.91308399992579],[-78.6006580002134,35.9080680002728],[-78.58374599956926,35.90334199997357],[-78.5839310004155,35.90204400032029],[-78.58958500040703,35.898231999934374],[-78.59060399985799,35.89301499983131],[-78.59355899990025,35.89270699983051],[-78.5995459999777,35.895615999749154],[-78.60261700037093,35.89019799987742]]]}}]}