{"type":"FeatureCollection","features":[{"type":"Feature","properties":{"GEOID":"49022","NAME":"State Senate District 22","BASENAME":"22","STATE":"49","SLDU":"022"},"geometry":{"type":"Polygon","coordinates":[[[-111.98744899984104,40.338183999846095],[-111.97761299994384,40.33685400013701],[-111.96487600043103,40.32719400021885],[-111.95782800017153,40.32718599990846],[-111.95781399992781,40.319950999974665],[-111.96257099976879,40.31995199994946],[-111.96257300031692,40.32357200002712],[-111.96728900015,40.3235749997906],[-111.96732099993706,40.27581699974639],[-111.94880400003605,40.2758059996888],[-111.94880400003605,40.26141199969909],[-111.92069499973698,40.2614420002546],[-111.92255699981013,40.24704299967864],[-111.86040100043667,40.24580999997511],[-111.85777399955916,40.25037099967212],[-111.85525899973291,40.25158000025271],[-111.85574199960669,40.262383000094786],[-111.85427000041919,40.264542999761005],[-111.85238099968356,40.26367899967075],[-111.85375800023311,40.26505499976095],[-111.85209299980345,40.264110999724295],[-111.85226900042886,40.265919000098485],[-111.84786900006497,40.26665700021596],[-111.84643799998703,40.268597000221305],[-111.855806999904,40.26821900028928],[-111.8840240001581,40.3099840003026],[-111.88423099984735,40.31254699966582],[-111.895401999563,40.32355899968076],[-111.89880600004217,40.3314080000628],[-111.91144999966856,40.33818500023552],[-111.9091440000797,40.34363000009364],[-111.90285900007645,40.34973699976654],[-111.90088400002537,40.35432199983981],[-111.88964999966221,40.3601509999382],[-111.86099899993816,40.36040100032869],[-111.83518899955524,40.35532899972717],[-111.8338610003078,40.368313000003035],[-111.83635600004254,40.36835299974716],[-111.83542999957967,40.37135899988512],[-111.83140000000994,40.374821999682716],[-111.83140300038298,40.37718800026555],[-111.82639100027389,40.37744700005831],[-111.82784400009314,40.382306999694556],[-111.83204899956503,40.38560099985984],[-111.8366489999455,40.393454999770775],[-111.85931699979008,40.40774300008444],[-111.85919600031455,40.42062900024773],[-111.86190899960917,40.4206729997822],[-111.86408799987473,40.43156100024202],[-111.86882600034743,40.431434999856684],[-111.86615199961425,40.437084000298675],[-111.87029400023528,40.439872999738824],[-111.8640929998976,40.44047400016409],[-111.86366199990238,40.44419200005705],[-111.86662000031771,40.44937700010153],[-111.86674400016625,40.45365399976681],[-111.85775099999293,40.46725299992654],[-111.85860299993763,40.46915699974879],[-111.85618199982275,40.471527999948954],[-111.85128500023968,40.47149799981793],[-111.85086099991716,40.473457000053564],[-111.8537299997457,40.47317200030459],[-111.8546379997669,40.47679000008411],[-111.86011900040437,40.478776000289585],[-111.86353300003096,40.48501299995848],[-111.86631499982087,40.4842950002437],[-111.87004200034022,40.490572999902966],[-111.85640000028094,40.49594500033589],[-111.85352300005647,40.49896800000625],[-111.85611599970049,40.500846000130636],[-111.86161800025437,40.49867099997227],[-111.86197899992938,40.50063000032155],[-111.89094400037112,40.50002300022119],[-111.89176600017859,40.49106799976608],[-111.9018919996057,40.48052599991245],[-111.91319399974093,40.463939000098236],[-111.91428599988515,40.459196000117444],[-111.91331299956663,40.452522999695404],[-111.91485400014773,40.45223799997817],[-111.919119999719,40.443190999936995],[-111.92166499968245,40.441147000086545],[-111.91949600036097,40.43928300017903],[-111.91994700044768,40.434071000161],[-111.92727799966607,40.42772399973285],[-111.91923000022217,40.39938500016744],[-111.92350599983922,40.39840400029298],[-111.92886000025507,40.399503999921365],[-111.93132900005052,40.39801400007077],[-111.92828399959657,40.3951720001117],[-111.9297430001619,40.39436300021488],[-111.9297430001619,40.39158000030503],[-111.93537799988684,40.39152800001627],[-111.93540300000119,40.38703399998584],[-111.97419199974624,40.38071400009523],[-111.9740319999127,40.37316700019323],[-111.97614400023109,40.368513999794686],[-111.970258000436,40.36654500033007],[-111.9825940000908,40.35234499993578],[-111.98744899984104,40.338183999846095]]]}},{"type":"Feature","properties":{"GEOID":"49007","NAME":"State Senate District 7","BASENAME":"7","STATE":"49","SLDU":"007"},"geometry":{"type":"Polygon","coordinates":[[[-112.00761799975295,40.98548299992957],[-112.00813400013696,40.92101599987856],[-111.9586719997203,40.9218220001568],[-111.9586430003063,40.912696999774084],[-111.93921300036122,40.90543199975029],[-111.92997199959245,40.90740799966387],[-111.91613700008763,40.90737199999147],[-111.90921500022482,40.91437300029153],[-111.9015190002351,40.91827700018857],[-111.90195000023031,40.91591100024537],[-111.89477899994718,40.91588700015812],[-111.89480999990931,40.91317899986441],[-111.88354700013214,40.913088000054486],[-111.88371100016367,40.915325999793865],[-111.87897199986605,40.915674000104886],[-111.87896900039132,40.91716999981838],[-111.86791199958014,40.91716500032038],[-111.86511999974451,40.91649999991076],[-111.86486899967434,40.91476500009961],[-111.85340000003283,40.914829999976455],[-111.85352399988138,40.90745499982898],[-111.83848099988141,40.907514999875694],[-111.83605899994161,40.90952999992738],[-111.8261030003938,40.90949400005245],[-111.82284600022776,40.912084000058904],[-111.82424899981827,40.91226400033322],[-111.82197599984137,40.91433399983196],[-111.8233640002616,40.91528799982451],[-111.80850200001159,40.917726000012294],[-111.80645800036355,40.91871299992494],[-111.8064109996096,40.9207670002156],[-111.80542800014362,40.91962100008402],[-111.7999420003816,40.92103799977919],[-111.7925080003327,40.93015500013846],[-111.80398199999709,40.940700999798494],[-111.80387599969188,40.944236999752704],[-111.80687099991711,40.9491890001336],[-111.8120510002557,40.95064799975606],[-111.81541399982866,40.957429999723026],[-111.81452400024914,40.959923000209024],[-111.80863799955573,40.957175999712916],[-111.80381600031573,40.95934500026696],[-111.7909650001018,40.96094200001468],[-111.78253299962,40.95679800017458],[-111.7749220000191,40.959789999758755],[-111.7827710001697,40.96885299999379],[-111.7934149996307,40.98630600031946],[-111.79884799968927,40.9893490000569],[-111.80417199996789,40.99497300021138],[-111.806699000388,40.999487000277334],[-111.80612600010255,41.00168499972995],[-111.810466000192,41.005085999778586],[-111.81629300043586,41.00574799994783],[-111.81393400024524,41.00768099988633],[-111.80342100030553,41.01015700012039],[-111.79985000032009,41.01300600004695],[-111.80013300017731,41.015679999711246],[-111.78475100024363,41.02568599974415],[-111.77480200036851,41.025590999964315],[-111.76648600023769,41.02332499986421],[-111.7620719996301,41.024348999707954],[-111.7507860002867,41.023187000235055],[-111.73564200000439,41.01959600008699],[-111.72773900032544,41.02454000031006],[-111.72389600035345,41.0250709998112],[-111.7128810002734,41.03736400001253],[-111.69368700032987,41.030751999813546],[-111.68235400023248,41.03445799990989],[-111.68651699987161,41.04393500026485],[-111.69511900023271,41.04684999969073],[-111.69750500018749,41.04941999977372],[-111.6922899996888,41.05405800010851],[-111.68970299989256,41.053602999987106],[-111.71130700008032,41.066209000268195],[-111.73318800027754,41.086383999882514],[-111.74953699978364,41.10878899988216],[-111.76282900003855,41.1141259997775],[-111.76734400003018,41.125541000252326],[-111.78621900013148,41.135842000095934],[-111.8184929997195,41.139187000121105],[-111.83013100031371,41.13825399971291],[-111.84307299986594,41.14014299988851],[-111.8560589997991,41.13861500008247],[-111.86164599984343,41.14021799992903],[-111.86125500003119,41.13751100032315],[-111.88847600040053,41.1377479996832],[-111.9121619998712,41.134828000225006],[-111.90785699994183,41.12747000020397],[-111.90886399969723,41.11410700019573],[-111.92514600015451,41.11436900010581],[-111.92706199975602,41.11073000029811],[-111.92993700033068,41.11071000005989],[-111.93000900030069,41.10704799995396],[-111.93973399986982,41.10712599978421],[-111.93966500027283,41.116166000245926],[-111.95658600023948,41.116563999865456],[-111.95663499974498,41.111059000297026],[-111.954222000026,41.111159999885714],[-111.95424299994241,41.107212999771924],[-111.95573900031765,41.107222000020826],[-111.95455799958668,41.1031980002168],[-111.9734200001675,41.10359899995615],[-111.97346200000028,41.076162000117144],[-111.9766019999905,41.073973000304264],[-111.96188799987848,41.059039999923954],[-111.95741499971966,41.04565100016405],[-111.94838700028454,41.03784200033266],[-111.94641100040855,41.0286159998804],[-111.93673500034492,41.01063999990176],[-111.93973800006778,41.00983500033268],[-111.94504899992762,41.004384000315476],[-111.94210399993108,41.002351000029876],[-111.94362100022273,40.99462500001266],[-111.95070399974402,40.99409000017086],[-111.96285699999905,40.98871299969905],[-111.96651099982515,40.991779999880016],[-111.96909799962138,40.98699300015036],[-111.97271999966044,40.98601499980558],[-111.9742799996098,40.98666000022003],[-111.97651599977677,40.99285799969152],[-111.98400500007723,40.99394699985548],[-111.99059899987701,40.991463999910586],[-111.99777400035812,40.99097899966356],[-112.00310799978418,40.98572100006559],[-112.00761799975295,40.98548299992957]]]}},{"type":"Feature","properties":{"GEOID":"49023","NAME":"State Senate District 23","BASENAME":"23","STATE":"49","SLDU":"023"},"geometry":{"type":"Polygon","coordinates":[[[-111.77921100005494,40.347660999710705],[-111.77277700008875,40.34103799987241],[-111.77226400007777,40.28014999982462],[-111.7585869998584,40.27992199966743],[-111.75286199972176,40.27125200031876],[-111.73056100029832,40.25665299966949],[-111.73005999998288,40.25295300013236],[-111.73611400000749,40.23958800006907],[-111.73256099956541,40.239137999982056],[-111.73181999994878,40.23682100015841],[-111.72658500025695,40.23457799968639],[-111.71844499985323,40.23385500034213],[-111.68152900005197,40.23378300022101],[-111.68808699986671,40.24007399973856],[-111.67415199990447,40.24431200033225],[-111.66913599959743,40.251279000114764],[-111.6675210002948,40.25063900031485],[-111.68143299979249,40.2663820000601],[-111.70469099964095,40.319252000260995],[-111.69592900034462,40.31924599966481],[-111.69625099966157,40.33381099979527],[-111.70001800036388,40.33378999983907],[-111.69867599997441,40.337870999793005],[-111.70582299996815,40.337976000005476],[-111.70596600008327,40.35230199973673],[-111.69679499963469,40.3519979997602],[-111.70257199964985,40.36128300019908],[-111.74699099999529,40.36106499989848],[-111.75192799976132,40.366180999753546],[-111.76904600026975,40.37014200018227],[-111.76833300024224,40.35897699986692],[-111.76424900024581,40.354037999736825],[-111.76865100025955,40.349866999927336],[-111.77434100023606,40.353547999692594],[-111.77438700026683,40.347668000083424],[-111.77921100005494,40.347660999710705]]]}},{"type":"Feature","properties":{"GEOID":"49009","NAME":"State Senate District 9","BASENAME":"9","STATE":"49","SLDU":"009"},"geometry":{"type":"Polygon","coordinates":[[[-111.93900400012384,40.752246000290484],[-111.93895800009308,40.724191000273755],[-111.92419600030053,40.72445699978117],[-111.9261169999249,40.725969999958785],[-111.88821500028463,40.725455000244615],[-111.88820699988872,40.7335100000898],[-111.82031899980764,40.7335780000369],[-111.8074750001647,40.71492399970381],[-111.7979630001326,40.71131300033508],[-111.78993900007983,40.71237400024892],[-111.78991099959241,40.710958000307684],[-111.7923240002097,40.71043199966645],[-111.79231199961582,40.70774300008838],[-111.78152400021479,40.70780000019672],[-111.78152500003971,40.70900699982879],[-111.75843399969753,40.71137500016107],[-111.66330400022899,40.71103600029758],[-111.64650700011092,40.71269399989185],[-111.6062210001657,40.71285599999717],[-111.61191299979204,40.71902299972242],[-111.61496900011666,40.719792000079195],[-111.61638000010309,40.723056999834725],[-111.613339999672,40.727939000234656],[-111.62228599998967,40.72991400013847],[-111.62339599967723,40.73148199975655],[-111.6216549999779,40.73772700004191],[-111.62454100042319,40.73945000031432],[-111.62447500030096,40.74101699997],[-111.62073500026115,40.742529000181264],[-111.61744999960769,40.74641800006021],[-111.62353700014255,40.75359399984869],[-111.62103800020985,40.75795000026242],[-111.62520599987185,40.76096399979195],[-111.62956100002992,40.760616999664364],[-111.63684100009301,40.76318799966896],[-111.63714099966867,40.76773600006469],[-111.63992800037975,40.770529999954825],[-111.64912900006726,40.773443000280636],[-111.64538999985236,40.77879300019863],[-111.64632600036094,40.782494000305036],[-111.64304099970748,40.785942999919655],[-111.64874300027788,40.7922449998124],[-111.64627899960696,40.79776499993128],[-111.64105200031103,40.798924999877904],[-111.64078199997431,40.80494099967202],[-111.64246900014527,40.80587300026919],[-111.63896400028207,40.809441000191526],[-111.6419939997691,40.81813599993534],[-111.64559400006684,40.820538999683194],[-111.64554600038626,40.823995999914715],[-111.65175799969629,40.824040000333426],[-111.6523789996623,40.82725400011106],[-111.65607000019664,40.83015100020354],[-111.6656910000087,40.83065800032175],[-111.66598999975945,40.83498000010729],[-111.66392299964689,40.84113799999218],[-111.66045700014176,40.84528800002254],[-111.66354899955307,40.849943000043005],[-111.6743500002712,40.85536800022406],[-111.68332300035304,40.856304000153635],[-111.69556199992348,40.86179500030631],[-111.70097499989058,40.86156400025169],[-111.70686099968567,40.852641999681985],[-111.71215999984994,40.85168200005554],[-111.71805400004096,40.85331500009479],[-111.72084199967867,40.85576300022252],[-111.72530399996684,40.85478299975245],[-111.73891199969091,40.861173999848766],[-111.7468429998573,40.86019299985581],[-111.75198999968558,40.853269999892774],[-111.74078700018288,40.853372999947695],[-111.7405150001963,40.82490899990219],[-111.78715700028991,40.81967500002728],[-111.78714600041926,40.816878000004984],[-111.79981400033509,40.81240299972533],[-111.79975599971046,40.79842900023812],[-111.81441399974595,40.7979870003182],[-111.81539999958495,40.79167999984703],[-111.82935800001172,40.785263000221214],[-111.83883999990663,40.776395000215295],[-111.85271700014253,40.77829899972847],[-111.86390700012477,40.78187600009694],[-111.86559599994557,40.781882000192645],[-111.86559699977046,40.77735500009688],[-111.87455099958575,40.7773679997145],[-111.87455099958575,40.77397600029707],[-111.88504299960907,40.77398699985286],[-111.8855649998409,40.775950999889446],[-111.89391100010894,40.7759719997143],[-111.89532000044555,40.77804200021372],[-111.90971700036516,40.77803799969198],[-111.91371199977479,40.759654999703564],[-111.92474100009856,40.758454999694365],[-111.92473400042586,40.756279000229235],[-111.93424700028288,40.75498799983818],[-111.9342410004351,40.752253999675844],[-111.93900400012384,40.752246000290484]]]}},{"type":"Feature","properties":{"GEOID":"49028","NAME":"State Senate District 28","BASENAME":"28","STATE":"49","SLDU":"028"},"geometry":{"type":"Polygon","coordinates":[[[-114.05235000021368,37.604790000151986],[-113.58779700027195,37.60461100030004],[-113.5877729999825,37.61822300019805],[-113.47448499973984,37.61828900013141],[-113.47402899963026,37.52908499971142],[-113.45488999993833,37.52914100032339],[-113.45849500025895,37.52165999976914],[-113.46360199990426,37.521221000099516],[-113.46739399982263,37.51817699970462],[-113.4690590002523,37.509155999686065],[-113.47289899985122,37.50981899993041],[-113.47823300017558,37.50644000002162],[-113.48467700018753,37.504406000307995],[-113.48539500023792,37.506173999895175],[-113.48689599973773,37.50360300035436],[-113.49106599994786,37.503370999887615],[-113.4889429997588,37.497759000356055],[-113.48999999974292,37.49007600017962],[-113.48715699985364,37.486891999793954],[-113.47821499973394,37.48442900024353],[-113.47863900005645,37.47822699975815],[-113.47348100035751,37.46542600022986],[-113.47385299990316,37.45345400007378],[-113.47621100026886,37.44683000003156],[-113.47510800025401,37.442842999755314],[-113.47135700034352,37.441709000077125],[-113.47174399995782,37.439644000183854],[-113.47037399997927,37.43937099981616],[-113.47316199961696,37.43803699969632],[-113.47171200017077,37.428482000175585],[-113.45616600020554,37.42195400031589],[-113.45783800030792,37.420305000006316],[-113.45300399957573,37.41338399979437],[-113.4605339998841,37.407919000054115],[-113.45019699967145,37.390930999777154],[-113.45185200005538,37.37646699989875],[-113.45563700030104,37.37470600012863],[-113.4662640000436,37.3773910002335],[-113.46492000000428,37.37502200006458],[-113.46894600027437,37.37361300008563],[-113.47176499987421,37.3704159998344],[-113.46918200027594,37.36649000002809],[-113.47155900000988,37.36260100013715],[-113.4711520003041,37.35150299997869],[-113.46989000028059,37.350360000064846],[-113.47134999977251,37.347726999802816],[-113.47000200043358,37.34411200016097],[-113.47323899960985,37.34273800020146],[-113.46942499995018,37.337683000198034],[-113.4697079998074,37.330222000297915],[-113.4661100000578,37.32441299976269],[-113.46712500020911,37.323220999982524],[-113.46398100002096,37.32116200023669],[-113.46276300037836,37.31692600003454],[-113.45877200026837,37.31594799995114],[-113.45660300004855,37.317609000225346],[-113.45405200023733,37.31547799992932],[-113.45403999964343,37.31729000019107],[-113.4446230000459,37.317503999899934],[-113.43759400005295,37.31087199981496],[-113.42932999980067,37.30911999999949],[-113.41995199966287,37.29504900008343],[-113.42295600010894,37.29430000020288],[-113.42163299998606,37.29137199968867],[-113.42429599995026,37.28835200030055],[-113.43102700001737,37.28812400029211],[-113.43466400012504,37.2849200002317],[-113.43643900015954,37.28533199976923],[-113.43672600021473,37.279862000217605],[-113.43895900000864,37.279221000239595],[-113.44078599992169,37.27540100024514],[-113.44056400016385,37.269502000302595],[-113.44297199985994,37.26890799992087],[-113.44095199960304,37.264753999713555],[-113.44263499957603,37.26015299972259],[-113.4397790001663,37.25276799993469],[-113.44032499978924,37.24578600026754],[-113.44226499968019,37.246326000231704],[-113.44101400042564,37.24430400016527],[-113.44171900005725,37.23911499991467],[-113.43935900004173,37.23325800002883],[-113.43983799971753,37.22936399998204],[-113.44247800011553,37.22614200005053],[-113.52971300030102,37.22724299985675],[-113.52989400005099,37.22300700025736],[-113.53174199988042,37.220950999952215],[-113.53004700021187,37.212576000107],[-113.53142800006107,37.208689999803596],[-113.52894900021987,37.20479899986891],[-113.52336600037346,37.20213800026367],[-113.524107999815,37.19904600029341],[-113.52161399990517,37.19757699984002],[-113.52220499973396,37.19405999988403],[-113.51865899986291,37.19118499984283],[-113.52432399972506,37.19118100025066],[-113.5243200004254,37.17668799980304],[-113.5333529998834,37.17667500024288],[-113.53230299957201,37.15967600020409],[-113.53474700015143,37.1589559997006],[-113.53575200025699,37.15310099974154],[-113.53421200039914,37.14838900014253],[-113.53223599962486,37.14717299984221],[-113.5345689998762,37.143150000159416],[-113.53442599976104,37.133496000341175],[-113.53657900008734,37.133487000296014],[-113.53641599988072,37.12529099971308],[-113.53236600021951,37.125111999738074],[-113.52749600040063,37.12842699999705],[-113.52737599985171,37.125343000338724],[-113.52564699984795,37.12462900030611],[-113.52266099984354,37.1258270000956],[-113.51379800026486,37.12453000032668],[-113.51364400027909,37.112242000308825],[-113.51959500037148,37.11029599991202],[-113.52139200014733,37.106387999710336],[-113.52350199991758,37.107025999666654],[-113.52591499963656,37.104941000183146],[-113.52941200000215,37.09774900012469],[-113.52243800026078,37.09777000011177],[-113.52260499976705,37.09599599978725],[-113.51795300040638,37.09605500014586],[-113.5178989999797,37.08876999976986],[-113.49652800031876,37.08895900034287],[-113.4948289995539,37.0961749998106],[-113.47697600017494,37.09635799972152],[-113.47711599991702,37.11207700025558],[-113.45835100031888,37.11215000022794],[-113.45049799997034,37.11412800025751],[-113.43691199998756,37.11254100015786],[-113.43065799994643,37.11510199974255],[-113.43059900039519,37.11950099989796],[-113.42570000026402,37.123957999660824],[-113.42615300000054,37.12673499973076],[-113.42162100029049,37.12675799998629],[-113.42168300021476,37.13513799973545],[-113.41005100036665,37.14780899990842],[-113.40573700021646,37.15025300015155],[-113.40014799962397,37.158668000156425],[-113.3952009998122,37.16264799987626],[-113.38969400013377,37.161610000353406],[-113.38280800025596,37.165377000053944],[-113.33379600010112,37.176337000157545],[-113.2844990004392,37.177367000037194],[-113.28395700011589,37.181377000354374],[-113.27815599981129,37.18914599973615],[-113.27229099993258,37.20167499999295],[-113.27219999969599,37.214918000336475],[-113.28176500032986,37.22518699986573],[-113.2808940001186,37.23953900017933],[-113.28368299958119,37.245417000223796],[-113.28640199962192,37.25907999996131],[-113.28827600028895,37.26071499968267],[-113.29334500029945,37.25975599967875],[-113.29714700026355,37.27356999964778],[-113.30309900018088,37.276209000147105],[-113.30447699965706,37.282280999939694],[-113.30635799999678,37.28364000005364],[-113.29940500017183,37.294248000109896],[-113.29616999974706,37.30959999983006],[-113.26920000034619,37.34878700029129],[-113.26056500037313,37.36394899977734],[-113.24916399960539,37.37819999997963],[-113.23431599959906,37.414113000235616],[-113.23601100016596,37.425926000163514],[-113.22085699983792,37.48198300017434],[-113.14610999964322,37.48102800010857],[-113.14608399970393,37.47429800017363],[-113.03704799968719,37.47447400017405],[-113.03708799987015,37.49974799986311],[-112.9009240002688,37.50002199992623],[-112.90116199992016,37.54348599986901],[-112.68375000021072,37.54369199978264],[-112.68359200002699,37.63188600025176],[-112.6852120002508,37.63236100014548],[-112.68677800004795,37.66033099985037],[-112.68575700004884,37.717337999669],[-112.68912100034503,37.71721299971057],[-112.68929700007213,37.80558999967503],[-112.64273399962124,37.80668200016188],[-112.57854999959496,37.80453999970327],[-112.57847000012735,37.88214699978366],[-112.58855999956944,37.88215199977987],[-112.58851699991173,37.890367000141005],[-112.46830000013358,37.89046300035228],[-112.46702100039161,37.97773000016973],[-112.47896500040926,37.9777310000027],[-112.47882200029413,38.147418999820445],[-112.462430000232,38.150000999938946],[-112.44421399973157,38.150000999938946],[-112.44399399962353,38.151348000292174],[-112.43365099956311,38.15346299999385],[-112.43220600013979,38.1567100002283],[-112.43501300004407,38.163340000043796],[-112.42639899998743,38.1667589998976],[-112.42245399990819,38.17082399968143],[-112.42428400019426,38.18094500006341],[-112.42274099996337,38.18319899988455],[-112.41052699960896,38.18856899965999],[-112.40882000024482,38.19340200030252],[-112.39784500034774,38.19935000009974],[-112.39520099975178,38.20590600011199],[-112.39053400032249,38.2064309996646],[-112.38390399963941,38.21063100023707],[-112.37549299997234,38.21069899982101],[-112.3649299998039,38.2151209997795],[-112.35716000019434,38.224689000074946],[-112.36323400031043,38.22706399978158],[-112.37143999993806,38.23481800004745],[-112.37158100040338,38.23828099982142],[-112.37478800034073,38.239104000104575],[-112.37526299981857,38.24214499999384],[-112.37984700030549,38.24436599966403],[-112.38083300014449,38.25061699991843],[-112.37396300016023,38.25718199987723],[-112.36841799994863,38.25983800021724],[-112.36279300026945,38.27198400027722],[-112.35069799974075,38.28179799985585],[-112.34696600009686,38.29174499974555],[-112.3493849996636,38.30011199979924],[-112.34860399986401,38.3048920000329],[-112.33886300040135,38.31191699983396],[-112.34158599974174,38.31472000011232],[-112.34086500021658,38.325261999932806],[-112.33857999964583,38.330695000061795],[-112.3353810001044,38.332827000186136],[-112.33843300023105,38.34046600019028],[-112.34369700023521,38.34748900017144],[-112.35233100038336,38.34915199978162],[-112.3619299995558,38.35587700002554],[-112.36414999982924,38.35937400003214],[-112.36310299989086,38.361809999975875],[-112.36737199983519,38.367000999841174],[-112.37124499994441,38.36903700028253],[-112.37415099958287,38.377114000295244],[-112.38019299991188,38.379862000292036],[-112.39138999956683,38.38063299999082],[-112.39788999965528,38.386265000113866],[-112.39966300003996,38.39108600023353],[-112.40379499971694,38.39475700029908],[-112.40386300038732,38.4004530001149],[-112.39765600020185,38.40487600008959],[-112.40303400000884,38.41560100022769],[-112.4122410004424,38.4193129998196],[-112.41704799961377,38.41950700001899],[-112.4211609999225,38.410968999802094],[-112.4338189997926,38.40182500025958],[-112.44353500003922,38.40530599997059],[-112.45150800003837,38.41907200025765],[-112.4530110000863,38.42923199978345],[-112.46712199977566,38.43982000005107],[-112.47026699978872,38.44011399970453],[-112.47281500012522,38.44396200014645],[-112.4792289999999,38.44804900006559],[-112.48745300006924,38.448990000271195],[-112.490055999759,38.45297600001245],[-112.49338099969712,38.451624999943114],[-112.49718600003426,38.45557100018402],[-112.49673900014554,38.458045999754255],[-112.50095500038641,38.46268199993415],[-112.50153399962133,38.46599999977721],[-112.509790000376,38.46757499965918],[-112.51340700039218,38.475832000322654],[-112.51914199967624,38.47870900016373],[-112.51913500000353,38.48107900012781],[-112.51218499965331,38.485083999864784],[-112.5101069996701,38.48877500010688],[-112.51218300000347,38.49215800014726],[-112.51598400014268,38.49432600006424],[-112.51882200000911,38.5000289996611],[-112.5141470001839,38.502250999717496],[-112.51648999958267,38.503672999913114],[-112.51887700026067,38.5149380001565],[-112.52183800015074,38.51748200033364],[-112.52262700034625,38.52118000013668],[-112.5180129997221,38.52457800012142],[-112.51580300039272,38.53061700025355],[-112.51582000011115,38.54169600018723],[-112.51763500032864,38.546197000249165],[-112.51715499992962,38.55473700012874],[-112.51529399968138,38.55684199982473],[-112.51854099980171,38.566609999771515],[-112.5153940001388,38.572845000339825],[-112.60347899972085,38.57273300030425],[-112.60371899992039,38.581305000107776],[-112.60832799962334,38.59943800001702],[-112.60957399975331,38.6224700003436],[-112.6080230000248,38.62962499967601],[-112.6092830003985,38.63638000020378],[-112.58819700024459,38.66872599998856],[-112.58979700037692,38.67351099994587],[-112.60181599983933,38.686642000142385],[-112.60079099964229,38.69266700012515],[-112.60233200022338,38.69882000013656],[-112.59811400033266,38.71850299981686],[-112.58799700022806,38.73465000021119],[-112.55505699956987,38.764721999806305],[-112.55648400034815,38.76671200017815],[-112.55168300012625,38.76887799981784],[-112.54264899994504,38.77752000015643],[-112.5423159998591,38.815174000019006],[-112.55235000012303,38.81510299995606],[-112.5517209997611,38.829295999997015],[-112.54767600012273,38.83145499970619],[-112.54644500006134,38.84837399968452],[-112.5421269997132,38.84836400007634],[-112.54035900024972,38.86268399993511],[-112.54151499996803,38.87715300033486],[-112.54011300020241,38.88087299993828],[-112.54122600026302,38.881664000001145],[-112.53577399993787,38.88502800012864],[-112.53586299962633,38.886349000301635],[-112.5513910000482,38.89114400023035],[-112.55167200025562,38.89246400011222],[-112.56095499995884,38.89340799988154],[-112.56749100003229,38.90575699995484],[-112.56937400002182,38.91399199981982],[-112.56550299956244,38.92377299967424],[-112.55415000027189,38.93353700006083],[-112.54578999976015,38.93532799983722],[-112.53984700006365,38.9415339999407],[-112.56009799999127,38.94260799986213],[-112.56962000006914,38.94151699990287],[-112.56729199984065,38.94858500017516],[-112.57080500009977,38.95371800013349],[-112.56854600036658,38.9648980001556],[-112.56562200028645,38.969918999832274],[-112.55913300006867,38.97424999987244],[-112.54281100032672,38.97749799997677],[-112.53572899973203,38.97703099969875],[-112.52796900016823,38.98125499975313],[-112.52297399977758,38.98029299989202],[-112.52004899987251,38.981945999799755],[-112.51571100033121,38.97730199966689],[-112.50854500007092,38.98441099987467],[-112.51096199998786,38.985727000269186],[-112.5114020002039,38.994034000028805],[-112.53047599959852,39.00606899969667],[-112.53174500019306,39.00968199993514],[-112.52675599965018,39.01862400008029],[-112.51823500037825,39.02252400034381],[-112.5102759997245,39.03931900003924],[-112.50671499978483,39.042362000075194],[-112.50636599980537,39.05026500013591],[-112.50360499993185,39.05159100006057],[-112.50112199989269,39.057961999651546],[-112.50220200034133,39.06255899987531],[-112.49780299980235,39.071516999656396],[-112.49610899995868,39.07215499981653],[-112.49767300010599,39.08150699988588],[-112.49687999971252,39.089905999692725],[-112.49471999971354,39.094835000250534],[-112.4876480000629,39.10191800021779],[-112.48121599974655,39.10344500028656],[-112.47265899959127,39.11653400020332],[-112.47798899971771,39.12708099996436],[-112.48204500012501,39.154412000072234],[-112.466597999894,39.15447199995027],[-112.46595400036176,39.15587099970312],[-112.40990599964294,39.15495100031131],[-112.41001899962086,39.20361000031222],[-112.44282700003457,39.25599199971498],[-112.45213300020235,39.26739700031514],[-112.46922800024626,39.29592499991939],[-112.4962239995864,39.348583999935514],[-112.49603799981358,39.39331899969402],[-112.50072299968451,39.39330499995406],[-112.50067199963088,39.39693299975952],[-112.50336100043269,39.39688800033793],[-112.43324499968224,39.46177299989363],[-112.44113200036598,39.46621299971297],[-112.56522700027624,39.49201799989005],[-112.62825100038623,39.50822599972545],[-112.64954900025224,39.50880999974345],[-112.64919000022705,39.52423199978057],[-112.63268299963887,39.54940500014475],[-112.61197599960165,39.57049999988776],[-112.60132399974475,39.577886000147465],[-112.59281400034348,39.59882400028638],[-112.5897389997523,39.62347200031094],[-112.59977399984113,39.73861500022354],[-112.59114600043908,39.75602199991652],[-112.59002699963237,39.766493000041294],[-112.58481200003202,39.779590000018565],[-112.59012700008981,39.802438000302985],[-112.59899499969137,39.87011499982175],[-112.60299199964913,39.88739699969189],[-112.60392700033285,39.90367499987848],[-114.04702599993504,39.90609700025786],[-114.05052099975248,38.49611699984123],[-114.04932499985118,38.266059999840394],[-114.05049999983608,37.95334100018089],[-114.04961299973128,37.82354099970852],[-114.04830200020227,37.809424000194824],[-114.05165100042986,37.75165000000167],[-114.05235000021368,37.604790000151986]]]}},{"type":"Feature","properties":{"GEOID":"49017","NAME":"State Senate District 17","BASENAME":"17","STATE":"49","SLDU":"017"},"geometry":{"type":"Polygon","coordinates":[[[-112.07049299990001,40.53710000007056],[-112.0597830003168,40.53694100029438],[-112.05957699955414,40.53244300031111],[-112.04850499957269,40.531150000214154],[-112.04848100018157,40.528159999786325],[-112.05399700008083,40.5260440002014],[-112.05314900033406,40.52240800012784],[-112.04120199994335,40.52240699974368],[-112.04117000015631,40.51786700019955],[-112.04833700024152,40.515137999989385],[-112.04831799997494,40.51244400024096],[-112.02510199995928,40.51429400024951],[-112.01882700000175,40.51586499976307],[-112.0101069996399,40.52221500013859],[-111.99838600010331,40.522348000268586],[-111.99997700001481,40.53696199970675],[-111.93868799975634,40.53688499978095],[-111.9386690003881,40.53917199967465],[-111.93392099986964,40.54047699994519],[-111.92912399984571,40.54035500020774],[-111.9291310004167,40.53797700032499],[-111.91742199967739,40.53688999993841],[-111.91645299955682,40.538337000061716],[-111.91846699996593,40.53978800015156],[-111.91679900006154,40.540671000021426],[-111.9165699997327,40.54426500004544],[-111.89493999960564,40.54431300007652],[-111.89840699983401,40.5588870003309],[-111.90797900014056,40.55893199992002],[-111.90915199957732,40.56672500020726],[-111.9215890004128,40.57863500023333],[-111.91916400009994,40.5805170001456],[-111.99076999958123,40.58059600010309],[-111.99096899977285,40.58787900020566],[-112.0240969998537,40.587916000062776],[-112.02457100040496,40.62398199984943],[-112.05286300010381,40.62388099969143],[-112.06319000027068,40.56738900029498],[-112.06197699975266,40.55356699970319],[-112.07049299990001,40.53710000007056]]]}},{"type":"Feature","properties":{"GEOID":"49021","NAME":"State Senate District 21","BASENAME":"21","STATE":"49","SLDU":"021"},"geometry":{"type":"Polygon","coordinates":[[[-111.87029400023528,40.439872999738824],[-111.86615199961425,40.437084000298675],[-111.86882600034743,40.431434999856684],[-111.86408799987473,40.43156100024202],[-111.86190899960917,40.4206729997822],[-111.85919600031455,40.42062900024773],[-111.85931699979008,40.40774300008444],[-111.83715799975852,40.39391900022848],[-111.82640200014455,40.37972600010276],[-111.82639100027389,40.37744700005831],[-111.83140300038298,40.37718800026555],[-111.83140000000994,40.374821999682716],[-111.83542999957967,40.37135899988512],[-111.83635600004254,40.36835299974716],[-111.8338610003078,40.368313000003035],[-111.83517799968459,40.35584400029089],[-111.81919099967841,40.35131899971233],[-111.80580200023743,40.345393000225364],[-111.80228800015344,40.34199199972981],[-111.79936599972312,40.34272500017427],[-111.79935599967736,40.345627999800975],[-111.79689799975257,40.34557800020747],[-111.79529599997039,40.34301299989283],[-111.78554200008897,40.33952599968435],[-111.78402499979731,40.34192899994856],[-111.78175099999552,40.341930000282446],[-111.78157400044351,40.34767199970921],[-111.77438700026683,40.347668000083424],[-111.77434100023606,40.353547999692594],[-111.76865100025955,40.349866999927336],[-111.76424900024581,40.354037999736825],[-111.76833300024224,40.35897699986692],[-111.76904600026975,40.37014200018227],[-111.75192799976132,40.366180999753546],[-111.74699099999529,40.36106499989848],[-111.70257199964985,40.36128300019908],[-111.69679499963469,40.3519979997602],[-111.70596600008327,40.35230199973673],[-111.70582299996815,40.337976000005476],[-111.69867599997441,40.337870999793005],[-111.70001800036388,40.33378999983907],[-111.65832100043222,40.33372999992833],[-111.65830999966326,40.35193899979739],[-111.66275699988283,40.35194599972606],[-111.66007800002508,40.3560419999247],[-111.65535899981894,40.358915000288405],[-111.65479099955638,40.364891000160036],[-111.66602800029258,40.36785100031401],[-111.67549000009599,40.373294999926806],[-111.68347399996578,40.38223000021779],[-111.70696399961783,40.419642000313495],[-111.70581999959508,40.42521899979931],[-111.70916200014996,40.427259000044735],[-111.7105659995654,40.43198699973127],[-111.72079099962504,40.434395000184],[-111.7219430000437,40.43823499966164],[-111.71030899964747,40.443055999718446],[-111.67585199959592,40.44872099978201],[-111.66223700019913,40.45373399969461],[-111.65131800037855,40.449265999857715],[-111.6469079999689,40.44947000033098],[-111.641381000199,40.44564000023328],[-111.64058699998063,40.44655099983341],[-111.64437399987612,40.45058800005767],[-111.63865399976237,40.447100000291904],[-111.63097200001636,40.44721200014971],[-111.62599300041754,40.45121599977911],[-111.61945399997104,40.45331500025459],[-111.6203300002052,40.45532099989542],[-111.61480300043529,40.45767500010161],[-111.60983499980881,40.46332800001064],[-111.60944900001944,40.46632099974876],[-111.59476000002181,40.467856999664264],[-111.57481000039304,40.486866000256455],[-111.57451999996479,40.49300400029519],[-111.57912600019304,40.5003560001449],[-111.57546800016897,40.50294100016526],[-111.57537500028258,40.51642299994608],[-111.57154900002901,40.52004499988101],[-111.56978400004023,40.52605899968556],[-111.57031499959457,40.534513999677564],[-111.57263199995238,40.53739999970263],[-111.57078599977275,40.53967699986778],[-111.57115599966862,40.543565000234985],[-111.56775499956251,40.54723999970851],[-111.57521500044898,40.554314999772664],[-111.58163199979842,40.56634599990998],[-111.5908609999733,40.57204699984255],[-111.59364899961099,40.57704399978504],[-111.5983379996799,40.57790300008089],[-111.60223900027653,40.57532800009151],[-111.60215399988772,40.56910599993079],[-111.6057840003227,40.56438799997051],[-111.6376770001442,40.5680890001397],[-111.64170199969105,40.56242600024774],[-111.64496999972778,40.560777000024544],[-111.65015199971619,40.55129100001466],[-111.65673700019342,40.55180800032968],[-111.66139399957694,40.55003300025203],[-111.66397600024865,40.54129100009441],[-111.672893000254,40.537697000254326],[-111.6756879995644,40.53287400026112],[-111.67860400014693,40.53173699975922],[-111.6813139999668,40.5329180000351],[-111.68131599961663,40.53036100024477],[-111.68522200023612,40.5271749998253],[-111.68364700021816,40.515003000273005],[-111.68455600006426,40.51262500014501],[-111.69442200009868,40.50465699995755],[-111.6961400002318,40.50045500032043],[-111.69693699992493,40.485844000118654],[-111.69301000028733,40.4766130000046],[-111.69302299980784,40.47278699974195],[-111.70934999957262,40.469837000125054],[-111.7206769998222,40.45898100018636],[-111.73467500043196,40.46070200012814],[-111.74485000026287,40.457279999673844],[-111.74962299999737,40.457458000115984],[-111.74962299999737,40.46343499999226],[-111.76327000007953,40.46533499990894],[-111.76735099970288,40.468592999732465],[-111.77328500007685,40.46891499978878],[-111.77775200038793,40.464368999658916],[-111.77791399987132,40.44861099993938],[-111.78393799975868,40.444004000214555],[-111.78518800008663,40.43187600017248],[-111.82191599956691,40.43199299986851],[-111.8234770002395,40.43689000002191],[-111.8233020003373,40.4389950002816],[-111.82122000015615,40.438990999923035],[-111.82123600004967,40.4462919999381],[-111.82599100024079,40.44625999985273],[-111.82597199997423,40.448778000207575],[-111.83076499980021,40.4467789997203],[-111.83078200041696,40.44989300021365],[-111.83596000020741,40.4498809997155],[-111.83594099994083,40.44523300019533],[-111.84028100003027,40.44438199973453],[-111.84027199980946,40.44256900030794],[-111.84981900000166,40.44256200022335],[-111.84984400011602,40.44620699995559],[-111.85937399969147,40.44620900026202],[-111.85935299977508,40.44458400032102],[-111.86358200043476,40.445997000261634],[-111.8640929998976,40.44047400016409],[-111.87029400023528,40.439872999738824]]]}},{"type":"Feature","properties":{"GEOID":"49002","NAME":"State Senate District 2","BASENAME":"2","STATE":"49","SLDU":"002"},"geometry":{"type":"Polygon","coordinates":[[[-112.16600800023132,41.996179000240076],[-112.16393400044606,41.993659999980146],[-112.15787500039862,41.99142000002853],[-112.15448400033823,41.98619899991826],[-112.15070900013832,41.97028199970037],[-112.14455999967916,41.967267999804136],[-112.14265199957525,41.96349100004563],[-112.13751800016574,41.963812000032064],[-112.1341789999839,41.958980999964],[-112.12511899986342,41.943048000256404],[-112.12267500018233,41.92948700025627],[-112.11822200011495,41.92312200016602],[-112.11344699983233,41.918316999825514],[-112.10880799999214,41.91643899980044],[-112.10514999996809,41.9108609997203],[-112.08549400006719,41.903310999866555],[-112.07375400026403,41.88661799984246],[-112.06797399987582,41.88186700001052],[-112.06400500040547,41.875806999851534],[-112.06398199994092,41.86795200007052],[-112.0585870004155,41.86848399983993],[-112.05539899984642,41.86584300002151],[-112.05253099984279,41.86586099970151],[-112.05153699960786,41.86439200015054],[-112.05255799960696,41.862343000213926],[-112.04649799973458,41.85093699982153],[-112.04806000023208,41.84810799972942],[-112.046153999778,41.842036000071374],[-112.0382600003199,41.82831500014954],[-112.0354600000883,41.8273140000069],[-112.03481099963489,41.82392500021421],[-112.02849499966946,41.820110999755535],[-112.03093599987584,41.81550100026884],[-112.0293540001852,41.81244799993305],[-112.02971800023325,41.80849999994329],[-112.01818799959408,41.80456799972422],[-112.00869599965344,41.79490200022594],[-112.01409600010005,41.7809069996675],[-112.0199490002832,41.78004899979708],[-112.02637099965551,41.77641199984801],[-112.02655099958055,41.772276000062796],[-112.03317100021789,41.766823999795406],[-112.03138600013764,41.759527999930135],[-112.03349799955772,41.75046200002155],[-112.04397500041075,41.73525399991177],[-112.04275000019716,41.73250399985932],[-112.04501800015117,41.7274330002488],[-112.04547199971263,41.71857700004954],[-112.04279200002996,41.7104329999854],[-112.05164999958576,41.70414599988185],[-112.05186899986887,41.69990599997246],[-112.04922799964598,41.696710000099394],[-112.04626900030402,41.6880410001182],[-112.03662599985238,41.68279600017942],[-112.0309040000888,41.68183900032134],[-112.0275170002264,41.67175900013381],[-112.01818099992137,41.662514000217435],[-112.0093750002441,41.665289999969],[-112.00924299999961,41.66310699999544],[-112.00138600035143,41.66945599967276],[-112.00147500003989,41.66781399979065],[-111.97589700035888,41.67592400016818],[-111.97356499993245,41.67414399998532],[-111.97351100040409,41.670500000155464],[-111.94912299987827,41.670726999821085],[-111.9491170000305,41.673784000175935],[-111.9461739996838,41.67463699976401],[-111.94693399956697,41.675823999759146],[-111.93795600036057,41.67843300016166],[-111.93598399978426,41.68079299991582],[-111.9264960000416,41.67397400006529],[-111.92610100003137,41.66926400017811],[-111.90499899998393,41.6681190002913],[-111.90221499964588,41.66207499990708],[-111.89659900018752,41.66192300026543],[-111.88297800004464,41.67546699986979],[-111.88129000004876,41.67528100003935],[-111.87948200040229,41.67897800018545],[-111.87633599966601,41.67823899985186],[-111.87874199971228,41.67971099997488],[-111.87630200022912,41.68213699991867],[-111.87866999974226,41.68346600029549],[-111.87660600000274,41.685493999763644],[-111.87450399973008,41.68394699968153],[-111.8717739998187,41.68465599996406],[-111.87173199998591,41.68088400031974],[-111.86691300022066,41.68087600031888],[-111.86694699965754,41.685511999814125],[-111.86205599992226,41.68550499998141],[-111.86206299959498,41.68736199991171],[-111.86691700041862,41.68734699974225],[-111.86666700017338,41.691834000242004],[-111.86215600037971,41.690844000064544],[-111.86218499979371,41.692849999807336],[-111.85491999979921,41.69288999973656],[-111.85488999966199,41.6910160000506],[-111.85246400042254,41.69103200021314],[-111.85248299979081,41.692890999885385],[-111.84788499995848,41.69289800025604],[-111.84754299965172,41.686446999946774],[-111.84329600034701,41.686450000022916],[-111.84331100041564,41.6892509997825],[-111.84267700003083,41.686510999751725],[-111.83268899979764,41.687568999880384],[-111.83221900034268,41.68138199975726],[-111.83035399989647,41.68025999994959],[-111.8321080000146,41.680034000034716],[-111.83206000033401,41.67850199973662],[-111.8301379999864,41.67737500009937],[-111.80873800001315,41.67597999976571],[-111.80691399957482,41.668925000133676],[-111.80226200021416,41.665299999707315],[-111.75951999999394,41.65594000001946],[-111.74717199974526,41.659536999995204],[-111.73768599965243,41.65612800012264],[-111.73042999987875,41.65780000005942],[-111.7238999996531,41.65317099990706],[-111.72190899970852,41.6485500000053],[-111.70648900014,41.64283399968829],[-111.69813600019924,41.651897999984854],[-111.6835099999508,41.659199999744295],[-111.6766319995706,41.65840299976125],[-111.66781900022063,41.65984900004747],[-111.66139000027731,41.6631810002624],[-111.64854499991115,41.661033000328835],[-111.63333200003187,41.6633360001015],[-111.6288839999874,41.65948300018121],[-111.61192799986064,41.65857399987127],[-111.6046529998204,41.655434999974396],[-111.59678600012647,41.65471100024183],[-111.59438199973002,41.652475999949964],[-111.5848610003754,41.65323800019518],[-111.57668300033684,41.64828199973919],[-111.57270399992241,41.65055499968402],[-111.56671799966988,41.651255000183234],[-111.56917300011995,41.65842200001962],[-111.56286300000234,41.655003000197276],[-111.5584669998364,41.655254000300836],[-111.5517440001652,41.64962599991859],[-111.54967000037995,41.64473200010692],[-111.53171800036847,41.64132800015298],[-111.52470500026904,41.64191300017066],[-111.51612999967213,41.64664900003666],[-111.49795300042804,41.64834499973415],[-111.48466199999808,41.65287000014695],[-111.47582500035864,41.651763999907374],[-111.43760300015295,41.66055600007684],[-111.43573299968386,41.662295000077506],[-111.43716100028705,41.66681500016332],[-111.43015499986035,41.672924000160236],[-111.43287599955089,41.66773600000487],[-111.43123500030899,41.66706499998333],[-111.42541499973781,41.67389899968153],[-111.42591400040341,41.67673000024746],[-111.42131099964992,41.674141000006415],[-111.4146709998194,41.675573999734354],[-111.41440700022875,41.667229999976975],[-111.40605599993785,41.66594900027102],[-111.40674100037627,41.66307799969534],[-111.402243999928,41.65941899967186],[-111.40155199981686,41.65436899986123],[-111.40809600028624,41.649424000174704],[-111.40886500039025,41.64467099971801],[-111.4165079997782,41.63914299966616],[-111.41069899997599,41.62717999990825],[-111.41708000023871,41.622566000086984],[-111.4228029998272,41.62403699986274],[-111.42985500028468,41.618392999887355],[-111.42653600019433,41.610680999921414],[-111.42799400003646,41.6057770000276],[-111.42722499993242,41.59276599969873],[-111.42919699961043,41.59002399981439],[-111.42687900032601,41.58581299985662],[-111.42756999971391,41.5787360001284],[-111.43038400018918,41.57694400013888],[-111.43063500025936,41.56873000030304],[-111.42941699971847,41.56687999982575],[-111.4331090000777,41.55370499982492],[-111.43573199985897,41.55088600017361],[-111.44225399968869,41.548965999678785],[-111.44262399958455,41.546130000188356],[-111.44503600037692,41.54456699983866],[-111.4417599999443,41.53539699969718],[-111.44303000036372,41.53136600018786],[-111.44852000032371,41.53170500003929],[-111.45282299970492,41.5299629997302],[-111.4588890003234,41.53180799999936],[-111.45884599976736,41.52889800020858],[-111.45607999987098,41.526874000211286],[-111.45763399997257,41.5238060002301],[-111.45676600013432,41.52055699967687],[-111.46459600001833,41.51510799971032],[-111.4667119996364,41.50950999967161],[-111.47818600019907,41.503755000276136],[-111.4747020002523,41.50008800003381],[-111.47533599973879,41.498254000187444],[-111.47803100038838,41.497385000028146],[-111.47505899972936,41.49480800004108],[-111.47558900035709,41.48859900020199],[-111.47993100009636,41.483826999834825],[-111.48222300033983,41.478768999905135],[-111.4815389997263,41.476752000220564],[-111.49049000006686,41.472604999906174],[-111.48864100041249,41.46873400006292],[-111.48989800041313,41.466331000333206],[-111.50075699995928,41.46444899986696],[-111.50098200009018,41.46188099982747],[-111.50353799992428,41.459410999765225],[-111.50324199964825,41.453724000193745],[-111.50507199993437,41.45187200027183],[-111.50293600022484,41.44884099982192],[-111.50599099982622,41.443779000034915],[-111.50076100015724,41.43762400026163],[-111.50671999974728,41.43308500009459],[-111.50712200032848,41.4291370002873],[-111.51066599965142,41.4278290001571],[-111.51074900039042,41.42085699985907],[-111.5063830003617,41.4179870002463],[-111.50820299970373,41.41425000017473],[-111.50154100013192,41.412358000075756],[-111.49940500042239,41.4083170002202],[-111.49082999982548,41.40483699974331],[-111.48478199964866,41.40488600014402],[-111.48201099972941,41.401403000004336],[-111.4754489997167,41.399836000009074],[-111.47842499967537,41.39056899971766],[-111.47761799993651,41.38434800001069],[-111.46291499969514,41.379660999881835],[-111.45956399981777,41.37364899993322],[-111.44794700003827,41.37292300029698],[-111.44568199955899,41.3712730000394],[-111.44650400026478,41.36732099994334],[-111.43721499981541,41.36663200027447],[-111.43405899993171,41.362241999731665],[-111.42380700010787,41.36508299992605],[-111.42072800021704,41.36130799971723],[-111.40475899975421,41.36216899972188],[-111.40354299976144,41.3692950001199],[-111.40073000000939,41.36962400016913],[-111.39627899959184,41.373287000163614],[-111.38414600032662,41.37395800015588],[-111.36818899955937,41.36565999973933],[-111.36714800036711,41.36166099972261],[-111.34791000004262,41.36229599994483],[-111.34624200013823,41.361116000260694],[-111.34662100025493,41.35935000009381],[-111.3396359997446,41.3552500000829],[-111.33194399995284,41.35747199986844],[-111.32711500014186,41.35324700016656],[-111.32710000007324,41.34549000022806],[-111.3180009995947,41.343471000143985],[-111.31588099977867,41.34050499987591],[-111.30533299967887,41.33367000017301],[-111.29511699984006,41.33030299998672],[-111.2934869995705,41.32054500013759],[-111.29682800030047,41.31849600030434],[-111.29237100003516,41.309408999705376],[-111.2844619996101,41.309446000289775],[-111.28579999980163,41.30515499969304],[-111.27480399998814,41.30178199985411],[-111.27372699991254,41.29931200032814],[-111.26180299998637,41.29668100032003],[-111.25943899977288,41.291013999786074],[-111.26126900005899,41.28712600031305],[-111.27003799992633,41.283503000052754],[-111.27746500030254,41.27675500030124],[-111.2739210000813,41.26515799973913],[-111.28089300017284,41.26127399973916],[-111.27666199986332,41.2570520000379],[-111.27646400039491,41.25366300010089],[-111.27830600037659,41.25169800008203],[-111.27719199959273,41.244909000103775],[-111.27079100013685,41.240519999980464],[-111.26937799960226,41.23775399977178],[-111.28119600012153,41.23037000015286],[-111.28300600031615,41.22812799994461],[-111.28239500039585,41.22625500010678],[-111.28129800022877,41.2249700000649],[-111.25411399966934,41.229056000217625],[-111.25281900003385,41.22354499992706],[-111.25649499960127,41.21758300031282],[-111.25231400041879,41.21467800019005],[-111.24250500028576,41.21539700006565],[-111.23364799965655,41.21827100015033],[-111.22208199993067,41.215303000242415],[-111.2214300000025,41.21302100015696],[-111.22738399956967,41.20825300023111],[-111.2270610004278,41.20544699994624],[-111.23167599997855,41.20265099993465],[-111.2301729999306,41.20104600012264],[-111.23191299980502,41.19813500021866],[-111.23045599978781,41.1949879999292],[-111.22566200013692,41.19134900017493],[-111.22934699992514,41.186341999972406],[-111.23565200001993,41.183915000234784],[-111.2360729999694,41.18166299981638],[-111.2331160002773,41.17699800025999],[-111.24276999970132,41.16434600008866],[-111.25636800027799,41.152773000179764],[-111.26071699968995,41.14649400014825],[-111.26461999993637,41.1452620001008],[-111.2627489996424,41.14112299992534],[-111.24452999966721,41.145196000194],[-111.24116000042156,41.142002000197714],[-111.23240700044774,41.14297200025288],[-111.22842300001044,41.14716099999154],[-111.2250770001559,41.14833200031184],[-111.22331399981697,41.15153400029056],[-111.19975899986758,41.165295999771836],[-111.18348499980623,41.17071200002952],[-111.18251599968566,41.16955099978625],[-111.17576500042539,41.17029100024827],[-111.16764400028823,41.176048999884785],[-111.1587630002679,41.176925999748114],[-111.15165800010696,41.182296000306536],[-111.14107400002214,41.18707600019816],[-111.14173799964584,41.190754999869036],[-111.12949999990032,41.19756199980421],[-111.13326599987941,41.20684000026745],[-111.12181200030652,41.208829999776924],[-111.11030299958375,41.214690000232125],[-111.10153600026452,41.207712000245536],[-111.09139700041862,41.2245249999686],[-111.07496699982335,41.24423399991742],[-111.06161199981923,41.25107699966433],[-111.04676600036107,41.2516270002494],[-111.04671399958423,42.00170199996529],[-112.1538480003036,41.99722600026852],[-112.1591840002778,41.998382000147345],[-112.16600800023132,41.996179000240076]]]}},{"type":"Feature","properties":{"GEOID":"49011","NAME":"State Senate District 11","BASENAME":"11","STATE":"49","SLDU":"011"},"geometry":{"type":"Polygon","coordinates":[[[-114.04702000008726,39.906807999821176],[-112.79808500039175,39.90369400027102],[-112.34198800032294,39.90445800022734],[-112.3430829999419,39.910847000051604],[-112.33533500007364,39.923673000224795],[-112.33708499999379,39.92757300023496],[-112.33544600040172,39.93085700027534],[-112.33977999974508,39.94368099967445],[-112.3380230001522,39.94557100016131],[-112.33469800021409,39.94567800027759],[-112.33271200029239,39.95263200018142],[-112.32351400007964,39.94449400009217],[-112.3093549998114,39.948393999692804],[-112.30929000041239,39.94496600001157],[-112.3065510002802,39.94544700003603],[-112.30550799964148,39.939967999755034],[-112.30203899976331,39.93664300010001],[-112.28691999959536,39.941130999995536],[-112.28244200031196,39.939887000163964],[-112.28083200013388,39.94137000006067],[-112.27828700017044,39.93924499978368],[-112.2702949999047,39.93901700011745],[-112.2672319999074,39.94176700032089],[-112.26080100031427,39.94275199996568],[-112.25422000003498,39.95059400014381],[-112.2494409995544,39.950431999856306],[-112.24493700033173,39.95704700001735],[-112.24059600041736,39.95747999973962],[-112.23637299960546,39.96043499970354],[-112.2367269996078,39.96663400003358],[-112.22475900019901,39.98215699968121],[-112.22588300013028,39.98616900009569],[-112.22449200023533,39.98854099965901],[-112.20222600007367,39.99963800007455],[-112.19986199986019,40.00414500006655],[-112.19168899984449,40.0040670002667],[-112.18654100019128,40.00614099986099],[-112.17980000007842,40.01165600030816],[-112.17689400043993,40.01942999998804],[-112.17751100020801,40.02969800006999],[-112.17397100018474,40.03285599990074],[-112.17485099971852,40.03543899994832],[-112.17198000024013,40.03957999988624],[-112.17761400014018,40.04735600020357],[-112.17871999962976,40.053380000172126],[-112.1837690004471,40.059963999825165],[-112.17998400020143,40.067219999791874],[-112.17314900037724,40.0662389997486],[-112.17197900041523,40.069053999926155],[-112.1759610003044,40.07771599974452],[-112.17405999987318,40.07969899994199],[-112.1745479997698,40.08183399993712],[-112.17141000032775,40.085551000316066],[-112.1579459996454,40.08910699986424],[-112.15714999977719,40.097947999866875],[-112.14252699990178,40.09319600012401],[-112.13765700008291,40.08997100031284],[-112.13221499980352,40.090838999799395],[-112.13071799960335,40.086224000284886],[-112.11498099984243,40.08039499975028],[-112.09703700022685,40.08596899979901],[-112.05507699963113,40.084417999807606],[-112.04831899979985,40.08679600014814],[-112.03854400000202,40.10072900029247],[-112.02900199983269,40.11109800001017],[-112.02450000025983,40.11489599977174],[-112.01706700003587,40.11761399991378],[-112.0165280000856,40.119605999669716],[-112.01937500017284,40.124592999729366],[-112.01898199981244,40.128685000200456],[-112.00901899969364,40.13682299999406],[-112.00330100012803,40.14437099968925],[-111.98873599997896,40.14071399981028],[-111.97399400027784,40.14545899995885],[-111.97266000028429,40.14728300009313],[-111.96578899957679,40.14576900014294],[-111.96193499973415,40.151007999932524],[-111.93005699998126,40.14757599987003],[-111.92305899995046,40.15970999984521],[-111.90909100037626,40.176978000332234],[-111.89579900012136,40.189169999967135],[-111.89104899995309,40.19096500030978],[-111.8872400003163,40.19773300030424],[-111.87966099960413,40.20102500022148],[-111.86763700011885,40.22417600026686],[-111.86671499985395,40.23021899970401],[-111.86040100043667,40.24580999997511],[-111.92255699981013,40.24704299967864],[-111.92069499973698,40.2614420002546],[-111.94880400003605,40.26141199969909],[-111.94880400003605,40.2758059996888],[-111.96732099993706,40.27581699974639],[-111.96728900015,40.3235749997906],[-111.96257300031692,40.32357200002712],[-111.96257099976879,40.31995199994946],[-111.95781399992781,40.319950999974665],[-111.95782800017153,40.32718599990846],[-111.96487600043103,40.32719400021885],[-111.97761299994384,40.33685400013701],[-111.98752900020699,40.33795000006591],[-111.9825940000908,40.35234499993578],[-111.970258000436,40.36654500033007],[-111.97614400023109,40.368513999794686],[-111.9740319999127,40.37316700019323],[-111.97419199974624,40.38071400009523],[-111.95448399996681,40.38394499993661],[-111.9544680000733,40.39106600008219],[-111.94971899972995,40.39109900003595],[-111.94975300006512,40.39477600028907],[-111.97839100026872,40.3949619997702],[-111.9784199996827,40.39127899974806],[-112.01087699956882,40.391866999742234],[-112.01483400024195,40.39785599993068],[-112.01403800037374,40.40304799992851],[-112.01590000044689,40.40941799994256],[-112.03469500018225,40.424162000053],[-112.03742900029158,40.43939600032642],[-112.0402460002416,40.44266100018054],[-112.03848000042791,40.445786999911604],[-112.0401490001572,40.44921300028017],[-112.0374300001165,40.455513000267196],[-112.00479400013025,40.45655800003345],[-112.00465699986287,40.47843499974271],[-112.00865299999576,40.479241999955434],[-112.01111799959325,40.483017000317155],[-112.01530899971978,40.48323199983234],[-112.0320310003931,40.49326200031746],[-112.0542280000595,40.493187999787594],[-112.0564969998384,40.49170900022212],[-112.0575589998454,40.493512000340566],[-112.06743199955253,40.489470999882414],[-112.06741700038222,40.496869999973974],[-112.06963400028262,40.49683299965948],[-112.06501299998578,40.49728199973398],[-112.06501600035881,40.50962299966579],[-112.04831799997494,40.51244400024096],[-112.04833700024152,40.515137999989385],[-112.04117000015631,40.51786700019955],[-112.04120199994335,40.52240699974368],[-112.05314900033406,40.52240800012784],[-112.05399700008083,40.5260440002014],[-112.04848100018157,40.528159999786325],[-112.04850499957269,40.531150000214154],[-112.05957699955414,40.53244300031111],[-112.0597830003168,40.53694100029438],[-112.07060599987793,40.53694500028045],[-112.06197699975266,40.55356699970319],[-112.06319000027068,40.56738900029498],[-112.05286300010381,40.62388099969143],[-112.02457100040496,40.62398199984943],[-112.02463400015414,40.638551000312034],[-112.02938099994937,40.638558999726875],[-112.03001299978604,40.642231000066936],[-112.03004200009836,40.65305900016892],[-112.02700699969013,40.65305300003702],[-112.02683699981083,40.65037900023399],[-112.02461700043568,40.65023999986261],[-112.02571899972736,40.65230100013458],[-112.02455700016125,40.65452500009492],[-112.02474299993408,40.68207799968221],[-112.07585900001143,40.68200199992645],[-112.0738289997088,40.68464399972029],[-112.07593699982924,40.68520800012558],[-112.07836899981478,40.68200500005288],[-112.09185000021556,40.682010000263375],[-112.09179300031417,40.71817399994942],[-112.11474200036614,40.718142999804904],[-112.12874500010044,40.71607399978574],[-112.14759099988942,40.719453000178376],[-112.15723699981582,40.72219500025801],[-112.16478600039078,40.727033999930484],[-112.17235599998378,40.728073999841996],[-112.19456799971876,40.72716000028758],[-112.22049899957719,40.722014000129214],[-112.22433800024953,40.72288900006804],[-112.25451600031099,40.70507900009712],[-112.25530200013347,40.70149399970321],[-112.25080700023331,40.68597200007294],[-112.25101499974745,40.675799000153205],[-112.25883499958572,40.664652000022826],[-112.26381699955759,40.66024599993815],[-112.27627199993641,40.65315800022274],[-112.28417200014061,40.65445500028781],[-112.28915099973943,40.65322800002758],[-112.28786899962442,40.64186799969466],[-112.29302499967355,40.62374900032131],[-112.3137889996122,40.62352800009968],[-112.31388499987166,40.63082099968551],[-112.33301400041617,40.63050699968912],[-112.33306700011961,40.63378500009599],[-112.38695400011623,40.60637100014781],[-112.40873800022906,40.60028700012314],[-112.42134099984756,40.599560999741385],[-112.42124899978606,40.59220299998171],[-112.4186319998526,40.593288000096855],[-112.3703999996724,40.59379500003725],[-112.37023099961799,40.58831499989444],[-112.3645349997937,40.588464999759175],[-112.36448000044041,40.585504000016016],[-112.37015600017324,40.585479000319495],[-112.36743700013251,40.57700800030551],[-112.36741000036834,40.56465800011372],[-112.46368899988248,40.56334400013349],[-112.470188000146,40.563615999931336],[-112.47039800020829,40.57092799970028],[-112.50725100026034,40.57052600019177],[-112.50790499983833,40.60315000016084],[-112.51141700027253,40.60321099978966],[-112.51149599991523,40.60683800006998],[-112.54240899974552,40.60639499972391],[-112.54274400037957,40.635752999783854],[-112.5386479997893,40.635752999783854],[-112.53790299997472,40.63921800029421],[-112.55327900006063,40.63912200002056],[-112.55317699995338,40.64276600013566],[-112.55783099986216,40.64276600013566],[-112.55773999962557,40.650069000253964],[-112.55297399956379,40.65005700013342],[-112.55306499980038,40.65367699996008],[-112.55075199964053,40.65367699996008],[-112.54980799963433,40.67183100019243],[-112.54398700013653,40.67183599980332],[-112.54415500036603,40.67912100009556],[-112.56320899966917,40.67910099974712],[-112.56316000016368,40.6909620003005],[-112.57283000037953,40.702088999969796],[-112.63253100020123,40.74300899974793],[-112.77135500029209,40.757999000189415],[-112.88738299959353,40.820582999676056],[-112.89392100021512,40.82254800019125],[-112.90288500007614,40.82177000002636],[-112.92982500023808,40.80993199969046],[-112.97956799996385,40.77132299969388],[-112.98925800027118,40.76599000004456],[-113.13129400032227,40.72665299999287],[-113.14125800026599,40.72515299998356],[-113.38175000044694,40.7280999999719],[-113.94448099978588,40.74032399984373],[-113.96988699993777,40.74189000018554],[-113.99904800019807,40.74655699997991],[-113.99903099958131,40.733264999714265],[-114.00856500025306,40.7332469998706],[-114.00847200036662,40.689750000298666],[-114.0440039999456,40.689754999928105],[-114.04702000008726,39.906807999821176]]]}},{"type":"Feature","properties":{"GEOID":"49020","NAME":"State Senate District 20","BASENAME":"20","STATE":"49","SLDU":"020"},"geometry":{"type":"Polygon","coordinates":[[[-111.62095199999612,40.44977700032172],[-111.61832900021486,40.44881499966642],[-111.61582199988626,40.44414599981688],[-111.6174229998435,40.437985999879594],[-111.61058700019441,40.4309229997478],[-111.60845499978453,40.432299000004626],[-111.60816299970648,40.43490000032508],[-111.61171199995057,40.43716499972697],[-111.60898600023718,40.44080400013289],[-111.60973699989952,40.44578100032169],[-111.60585799994253,40.450410999963154],[-111.59545999963052,40.45096700022921],[-111.59042300030539,40.44955599970823],[-111.58729099981281,40.45167600022708],[-111.58254900004044,40.45058800005767],[-111.5813919995989,40.45352999986132],[-111.57897300003216,40.45255500021658],[-111.57647199955132,40.453657999936325],[-111.57249600040826,40.45088400017426],[-111.57196699960542,40.448311000261384],[-111.56271099966636,40.438534999871145],[-111.56000400021952,40.43912499984202],[-111.56047100019975,40.44139400001776],[-111.55753600024897,40.44060799986196],[-111.55508099979889,40.44217500017261],[-111.5563429998224,40.43981100009112],[-111.55481399983519,40.43308700021991],[-111.54957599977031,40.42696100032343],[-111.54790299984303,40.419814999907324],[-111.54241399970796,40.41452399974297],[-111.54229900008023,40.40759800008817],[-111.53984299980524,40.40546500003165],[-111.5321100000056,40.40573800017046],[-111.52943199997277,40.40805900009791],[-111.52671600030509,40.405719000184135],[-111.52345400011617,40.40588799973032],[-111.51389400040347,40.41190900032687],[-111.5129939998799,40.41465500004028],[-111.50989700044572,40.41448300011442],[-111.50843000038277,40.41598700019885],[-111.50362400013802,40.41480999992686],[-111.49856400034834,40.41032699987833],[-111.49094700000134,40.40811199996788],[-111.48277999983343,40.41097200006324],[-111.4802359996949,40.4102969997829],[-111.48180200039036,40.41186899976902],[-111.47817399960519,40.41167699990667],[-111.48887400004098,40.418886999875326],[-111.4928319996407,40.437243999851944],[-111.4891779998146,40.44070699996211],[-111.47750999998148,40.44461100031958],[-111.47844099956889,40.451008000177374],[-111.47647800011171,40.45372700008925],[-111.47667099955726,40.47387299970007],[-111.47044400017862,40.4787390002479],[-111.4700850001534,40.481335000214905],[-111.46432400003178,40.481669000269925],[-111.46045699977034,40.484721999857804],[-111.45753600006326,40.48399399975708],[-111.45750299955299,40.48174800000718],[-111.45504100032854,40.481764000141595],[-111.45746499991816,40.47804900029591],[-111.45745800024547,40.47619599986055],[-111.45577799974718,40.47619500015367],[-111.45744200035193,40.47262299965901],[-111.4527299998185,40.47261999969541],[-111.45193399995028,40.47806400026632],[-111.44607499991936,40.47806400026632],[-111.45005500015871,40.47219100010682],[-111.43815999964654,40.472593000017184],[-111.43929899964643,40.47408900022153],[-111.43349099966913,40.476747000072955],[-111.41626900030191,40.476756999791945],[-111.41734499965429,40.4786489999136],[-111.41447199962776,40.47911200010418],[-111.41447599982574,40.48043199998243],[-111.41097000013765,40.480279999977014],[-111.41105700017627,40.47813000023284],[-111.414473000351,40.47812699983197],[-111.41447099980286,40.476348000229414],[-111.40488299960278,40.47586300030427],[-111.40487099990719,40.47812299975284],[-111.40062999955197,40.47812299975284],[-111.40063399974993,40.47287999968603],[-111.39742299961459,40.47148100019332],[-111.39527500020951,40.47181899984097],[-111.39528400043034,40.47519800005877],[-111.39074500014925,40.472331999834296],[-111.3952819998822,40.4781719996808],[-111.34773599996537,40.47813900006793],[-111.34765099957654,40.49284300015462],[-111.3146289998009,40.49282000029819],[-111.3145710000746,40.494490000149696],[-111.29870999956678,40.49513300024044],[-111.29159000023556,40.497087999750946],[-111.27979199980777,40.495674999868584],[-111.27763400035694,40.49807299980188],[-111.27233299964453,40.49825100005336],[-111.27024399979065,40.49533200025334],[-111.26574399986764,40.496794999924504],[-111.25270000020818,40.49637000011005],[-111.24427699994722,40.48679299973789],[-111.24153000031741,40.48582700002688],[-111.23874400032953,40.48732100005173],[-111.23311799992715,40.48523700016275],[-111.23052899958275,40.47905500013202],[-111.22509200022452,40.474045000108376],[-111.22237999985649,40.46886599993922],[-111.22256099960646,40.465330999751195],[-111.2164100003958,40.46016400015085],[-111.21299000002314,40.453320999855535],[-111.20926000002903,40.45015299999844],[-111.21037999976234,40.44805100018639],[-111.20498299968878,40.445177999834904],[-111.2036739998096,40.44172199981622],[-111.20134800012927,40.4404549997312],[-111.20186000031535,40.435445999960876],[-111.20010299982418,40.43197599982013],[-111.19284500040068,40.42627999977886],[-111.18814100026317,40.42607600004794],[-111.1774779996373,40.42078099982322],[-111.17695700012872,40.41531699993882],[-111.18145899970155,40.412048000062796],[-111.18101400036093,40.40947900023527],[-111.18381500041743,40.4072079997747],[-111.19889900042529,40.40846600010682],[-111.20578299975494,40.409583999735],[-111.2098269995684,40.41211599985853],[-111.22289899971527,40.41329100014241],[-111.22282599992033,40.39910899975033],[-111.2249850000944,40.39278099991924],[-111.2252880000431,40.384618999950895],[-111.22817699996314,40.38098900019856],[-111.224667999902,40.36897900021248],[-111.22518599993585,40.36495799968027],[-111.22722100026137,40.363668999964254],[-111.22622899967625,40.36241699999336],[-111.2281119996658,40.35387599987031],[-111.22666399986946,40.351827000155275],[-111.22689999987101,40.34137100029594],[-111.22942200026823,40.33455899990667],[-111.22763700018797,40.319882000307196],[-111.22067599996709,40.29707499978993],[-111.2185779998924,40.28481700008123],[-111.21906199959105,40.27871799994972],[-111.21449200024617,40.27515500007047],[-111.20843200037379,40.262820000188455],[-111.1815740002276,40.241202000044865],[-111.18855200016691,40.2331370002623],[-111.19139500005618,40.22601100017986],[-111.1867269999037,40.21402699992319],[-111.18918099963054,40.2017159997706],[-111.18500899977057,40.18980699991564],[-111.19221100001587,40.18809800003526],[-111.19751500020301,40.180439000336115],[-111.19130100034486,40.17390000003828],[-111.19799999972659,40.16657100004063],[-111.19193400000646,40.16305399971503],[-111.1989839999158,40.16040199973344],[-111.20138300028937,40.15766100001242],[-111.20153999974988,40.15486699986917],[-111.20621700012322,40.152111000095616],[-111.21253800011151,40.15363200000053],[-111.21269899976998,40.152304999867944],[-111.22185500014996,40.15169499997549],[-111.22686200023617,40.1497020001786],[-111.22152600026197,40.12452299988713],[-111.22538900032545,40.120056999998226],[-111.22977600027056,40.10712700023572],[-111.23469799996796,40.1041909999736],[-111.2346019997085,40.0999689999046],[-111.23719000022797,40.09485000002192],[-111.2414590001723,40.0918180002825],[-111.24234399972897,40.085959999837165],[-111.23798500027127,40.080318999998745],[-111.24069300044133,40.0735030002974],[-111.23588299999861,40.06963499973195],[-111.24107099983479,40.06598400003939],[-111.24174100020463,40.06303299978542],[-111.24936699987411,40.05533400014192],[-111.24643000027352,40.05229699984872],[-111.24620699979242,40.04746600011891],[-111.24082300013767,40.04380300031909],[-111.23798199989821,40.038568000015424],[-111.22650099966283,40.03568600010435],[-111.22295300014194,40.04062399972287],[-111.21389800004432,40.04298400007296],[-111.2038300003435,40.04929800005701],[-111.20384000038926,40.04614399994936],[-111.19898999976357,40.040041000159114],[-111.20029399961987,40.03710699999433],[-111.19770799964854,40.03117900011032],[-111.19186000038661,40.03013699968755],[-111.18962699969437,40.023278999942086],[-111.18662999981932,40.02011200004606],[-111.1770979996957,40.016064000216275],[-111.1748849999933,40.01228300025475],[-111.17166499963713,40.01065700019376],[-111.16796099958233,40.00318400004083],[-111.1698670000364,39.9997330002293],[-111.16781400016755,39.99083200031738],[-111.1651710002948,39.99001200000528],[-111.15955800031118,39.99179400006141],[-111.15189999995631,39.984954999977745],[-111.1430430002254,39.98695500004681],[-111.14166700039905,39.984352000185524],[-111.13426199976416,39.979482999657236],[-111.13503400024125,39.97615299974056],[-111.13324900016099,39.97378100034154],[-111.1300110002615,39.97286100028759],[-111.1295600001748,39.970496999978806],[-111.12405000012332,39.970476000286766],[-111.11892099983838,39.96780000031244],[-111.11804999962709,39.96173799966039],[-111.12085800025459,39.9597029997151],[-111.12023300009061,39.95710400013268],[-111.12916299961644,39.95162299987268],[-111.13124300014778,39.947392999926095],[-111.11956299972077,39.94523900025434],[-111.11842200007108,39.943484000248844],[-111.08306100019632,39.94319800027248],[-111.0831020002042,39.90005900012829],[-110.85764700017543,39.899706999913725],[-110.85778000024482,39.81328499990201],[-110.51819500007444,39.811641000109695],[-110.51819800044748,39.806719000285895],[-109.88308000003107,39.806236000151756],[-109.8913490003062,39.80340400015984],[-109.89374600013164,39.80108000005029],[-109.89056299958544,39.79778299996513],[-109.87691200020365,39.79257699973741],[-109.87391299978044,39.78630400006631],[-109.87715700042604,39.783247999728246],[-109.88323300019194,39.78412400015809],[-109.89403700038478,39.78872300012341],[-109.89973900005687,39.78857899984392],[-109.90864500019157,39.785147000054124],[-109.9187220001132,39.78603399972462],[-109.91959999999717,39.794833999773964],[-109.92163000029984,39.79936400005039],[-109.92561600038694,39.79926899984798],[-109.92941199960495,39.79664799970684],[-109.92859300017052,39.79148200032481],[-109.92373900024518,39.78478400034003],[-109.9209740001737,39.77341300020183],[-109.92512299956913,39.767556000212686],[-109.93035999980911,39.7490220001092],[-109.93412199959026,39.74726900003001],[-109.94143299961549,39.75042299986374],[-109.94507599957095,39.74995199979926],[-109.94739700012673,39.74010900026931],[-109.95380500015364,39.73458300017729],[-109.95397400020804,39.72995300014178],[-109.94830599997282,39.722836999934145],[-109.95015899982515,39.71958199993584],[-109.95250399977205,39.71912100026277],[-109.96148799972455,39.725086000335075],[-109.96070699992498,39.73780499992535],[-109.96532599967367,39.742233999998795],[-109.9708750000832,39.74303599998682],[-109.98489399971102,39.74133000023919],[-109.99150500012753,39.73935599978499],[-109.99286500006033,39.73732499965703],[-109.99289299964944,39.73061100008665],[-109.98333499958656,39.725588000023784],[-109.9781059997425,39.71532200014497],[-109.97058700020311,39.70947799998857],[-109.97235700021474,39.70610200033605],[-109.97763600028755,39.704128000198246],[-109.98469000039482,39.70510800013984],[-109.99346799958468,39.70350900019013],[-109.99426799965087,39.6933099998179],[-110.005105000354,39.687175000269],[-110.00521800033192,39.684158000045954],[-110.00330000018226,39.68255499995934],[-109.99051000006767,39.684748000073284],[-109.98596400011394,39.68220700024384],[-109.98483400033489,39.679349999875384],[-109.98752700043633,39.67463899999422],[-109.98443400030179,39.663981000037026],[-109.98810700039446,39.660038999731114],[-109.9869280002116,39.65818399980928],[-109.98782600018707,39.65531300010914],[-109.99159800001394,39.65285199999317],[-109.99601900029425,39.646190999868786],[-109.99988900003042,39.64570200012374],[-110.0053730001426,39.6477020000868],[-110.01053099984156,39.646471000259275],[-110.01138500033441,39.637208999892586],[-110.00529100012685,39.63434200023775],[-109.9972269998911,39.62669000026293],[-110.00232000019105,39.624539999993445],[-110.0088239995791,39.625985999776056],[-110.01130300031863,39.624961999805365],[-110.01298299991859,39.61621599997087],[-110.01767000033769,39.61307000002281],[-110.0180390004086,39.60919900003137],[-110.02381300005074,39.607336999894045],[-110.02498100036293,39.60344999986162],[-110.0289780003207,39.600650999922706],[-110.02852600040907,39.5948259999134],[-110.0249799996397,39.59119999978444],[-110.02108800016222,39.589992999868144],[-110.01855099969639,39.586160000060154],[-110.02293400034185,39.579948000042265],[-110.03182600023285,39.577344999729604],[-110.03809699999242,39.56678899997047],[-110.03719200034428,39.560256000253],[-110.03277400043702,39.558603999939656],[-110.02870700015905,39.554299000163276],[-110.02801400022301,39.54808100022127],[-110.03055199961545,39.54303199990707],[-110.02953099961634,39.54018599981021],[-110.03385999983514,39.53648899980844],[-110.04414799964397,39.535571999925864],[-110.04822999999055,39.533149999755466],[-110.04299899959834,39.52984699970447],[-110.0397359995845,39.5249849999561],[-110.03478299992494,39.52319499988357],[-110.02739599973172,39.524016000208114],[-110.02542900007658,39.52114599966905],[-110.02566799955288,39.51196599985875],[-110.02308699960442,39.50642100021782],[-110.02233500011714,39.49953599982905],[-110.01781400027772,39.496785000021234],[-110.01467599993734,39.49090199996082],[-110.01654700023131,39.48446599991501],[-110.02445900013112,39.47780500000972],[-110.02383399996712,39.474259000054595],[-110.02109700038305,39.47165400014724],[-110.02396299983855,39.46926800027112],[-109.95334900004404,39.46927000023438],[-109.95334900004404,39.4618010003089],[-109.10690800010289,39.462099999904744],[-109.1045099995542,39.46365799990485],[-109.1042970000172,39.46937199967049],[-109.09586700008356,39.4713559999445],[-109.0960870001916,39.4788549999791],[-109.09025800029788,39.48409299988906],[-109.08756799967118,39.49233299991009],[-109.0829160003105,39.489373999748445],[-109.08034600023271,39.4904660000719],[-109.07675299960766,39.48919100029616],[-109.07285299973427,39.499874999843044],[-109.06850699979702,39.495549999776976],[-109.0629630003087,39.499616000241076],[-109.0572540000656,39.49981299981472],[-109.0529380002656,39.49716400015415],[-109.05122599998028,39.49773899993814],[-109.05124500024685,40.441598999993865],[-109.04776700014786,40.60987900019516],[-109.05002599988103,41.00069099983698],[-109.23250500023617,41.002106999768735],[-109.54369700042534,40.998396000051514],[-110.08696400038232,40.99712799978271],[-110.27411199981658,40.994817000092304],[-111.04681499986657,40.99787500010102],[-111.04676600036107,41.2516270002494],[-111.06161199981923,41.25107699966433],[-111.07556299967501,41.24361700019886],[-111.09139700041862,41.2245249999686],[-111.10153600026452,41.207712000245536],[-111.11030299958375,41.214690000232125],[-111.12181200030652,41.208829999776924],[-111.13326599987941,41.20684000026745],[-111.12949999990032,41.19756199980421],[-111.14173799964584,41.190754999869036],[-111.14087200035577,41.18722499975874],[-111.14874499989749,41.183182000329936],[-111.14892300017273,41.17805299980184],[-111.12412700011622,41.1780549998015],[-111.12417599962171,41.1343150002185],[-111.13467500021605,41.1343240001345],[-111.13290699985423,40.94318099990258],[-111.1123909996127,40.943088000315434],[-111.1124109997042,40.92845900001721],[-111.22739500033865,40.928641999675584],[-111.2278000003946,40.898860999849475],[-111.32350899999635,40.89818900008217],[-111.32458299969889,40.78211700000024],[-111.34344299973158,40.78215500023262],[-111.34344199990666,40.76700500008592],[-111.34135700025075,40.76702300031879],[-111.3413890000378,40.753046999728014],[-111.36911599984714,40.752863999822615],[-111.37490999958074,40.754370000314466],[-111.37599400022734,40.752857999828336],[-111.37925999971591,40.752841000181846],[-111.37932800038631,40.737891000251366],[-111.44054899997438,40.739214000170016],[-111.44301199992205,40.74163600023428],[-111.44874000043173,40.74032700006607],[-111.45373499992407,40.74751599970049],[-111.45415300039882,40.75385600027681],[-111.45926699971685,40.75411500007227],[-111.45878700021613,40.756060999719175],[-111.47129699994824,40.7564769997733],[-111.46960700030253,40.75345200003712],[-111.47076100037103,40.74610600001968],[-111.47270799993467,40.74374199981922],[-111.52011300028451,40.72159299967495],[-111.54119600006537,40.726004000049514],[-111.5498589996275,40.73039200020175],[-111.55625800033191,40.73750899996759],[-111.55674899970327,40.731723999960884],[-111.55970899976843,40.72796200031823],[-111.56865000006322,40.727014999715465],[-111.56870100011685,40.73255599973191],[-111.57569900014767,40.73453000016678],[-111.57637799983999,40.73725100004938],[-111.5814750003379,40.73922699976139],[-111.58341199985581,40.73651700001224],[-111.58466800003156,40.741012000104945],[-111.58895000039468,40.73854400014688],[-111.5935559997246,40.74077100017423],[-111.59645300004054,40.739289999996394],[-111.59881899990384,40.722404999877085],[-111.59672099982915,40.72038899987657],[-111.59355400007475,40.7110769998104],[-111.59535500004854,40.70852799975075],[-111.60038999972386,40.70847500020709],[-111.59396099978053,40.70277800029088],[-111.5927110003509,40.69917900029211],[-111.59958800000787,40.69175599995865],[-111.60114499958418,40.68789500019162],[-111.60301900025122,40.67745800015779],[-111.60187199985542,40.67103300011439],[-111.60474800025497,40.668907999810884],[-111.60453499981963,40.66657400030815],[-111.60026099985242,40.66416300024845],[-111.59619299974955,40.659115999853164],[-111.59387200009208,40.651656000074816],[-111.57824199956296,40.644086000169246],[-111.57659999959783,40.63351699967326],[-111.56896999973037,40.62940200013302],[-111.56741999982675,40.6232809997086],[-111.55758499975444,40.61959799984784],[-111.55885599999881,40.613427000081515],[-111.5531879997636,40.60964299992495],[-111.55911200009186,40.60194699996423],[-111.55840499991211,40.599946000264374],[-111.5609809998377,40.593165999727],[-111.5600229995878,40.59080000011178],[-111.56401399969776,40.584917000308955],[-111.5718009999241,40.58213899982479],[-111.57783700040532,40.583429999699305],[-111.58266399966818,40.58127800033057],[-111.58784800020472,40.58129500010132],[-111.59387899976478,40.57706299976793],[-111.5908609999733,40.57204699984255],[-111.58163199979842,40.56634599990998],[-111.57521500044898,40.554314999772664],[-111.56775499956251,40.54723999970851],[-111.57115599966862,40.543565000234985],[-111.57078599977275,40.53967699986778],[-111.57263199995238,40.53739999970263],[-111.57031499959457,40.534513999677564],[-111.56978400004023,40.52605899968556],[-111.57154900002901,40.52004499988101],[-111.57537500028258,40.51642299994608],[-111.57546800016897,40.50294100016526],[-111.57912600019304,40.5003560001449],[-111.57451999996479,40.49300400029519],[-111.57481000039304,40.486866000256455],[-111.59507499966605,40.46763599974429],[-111.60944900001944,40.46632099974876],[-111.60983499980881,40.46332800001064],[-111.61480300043529,40.45767500010161],[-111.6203300002052,40.45532099989542],[-111.61941200013825,40.45311199988327],[-111.62095199999612,40.44977700032172]]]}},{"type":"Feature","properties":{"GEOID":"49006","NAME":"State Senate District 6","BASENAME":"6","STATE":"49","SLDU":"006"},"geometry":{"type":"Polygon","coordinates":[[[-112.49351499959144,41.07688800009499],[-112.26021600033326,40.76909300001959],[-112.14827100030497,40.84613300016368],[-112.00813400013696,40.92101599987856],[-112.00761799975295,40.98548299992957],[-112.00310799978418,40.98572100006559],[-111.99777400035812,40.99097899966356],[-111.99059899987701,40.991463999910586],[-111.98400500007723,40.99394699985548],[-111.97651599977677,40.99285799969152],[-111.9742799996098,40.98666000022003],[-111.97271999966044,40.98601499980558],[-111.96909799962138,40.98699300015036],[-111.96651099982515,40.991779999880016],[-111.96285699999905,40.98871299969905],[-111.95070399974402,40.99409000017086],[-111.94362100022273,40.99462500001266],[-111.94210399993108,41.002351000029876],[-111.94504899992762,41.004384000315476],[-111.93973800006778,41.00983500033268],[-111.93673500034492,41.01063999990176],[-111.94641100040855,41.0286159998804],[-111.94838700028454,41.03784200033266],[-111.95741499971966,41.04565100016405],[-111.96188799987848,41.059039999923954],[-111.9766019999905,41.073973000304264],[-111.97346200000028,41.076162000117144],[-111.9734200001675,41.10359899995615],[-112.02647000028803,41.103872000096175],[-112.03276699998686,41.1101870001275],[-112.0313059997717,41.11114999983281],[-112.03281100036779,41.11084600020613],[-112.03939599994672,41.11807100002946],[-112.03186099961549,41.11805700007533],[-112.0352619997216,41.12532600020582],[-112.12216499964605,41.12519699983979],[-112.12227799962396,41.105926999960396],[-112.13500699963917,41.1008869999733],[-112.1420349998072,41.11149600009972],[-112.14994599988208,41.11419800024427],[-112.14878900033885,41.11530800009806],[-112.14912999992238,41.11611199999942],[-112.1517569999016,41.114388000288535],[-112.15486699975456,41.11661400005178],[-112.15448900036111,41.118297000035845],[-112.15734999979374,41.11735899973702],[-112.16135699979725,41.1193750000661],[-112.16275100006526,41.12191800009724],[-112.16513199999719,41.12118800020787],[-112.16779699961123,41.122621000167456],[-112.18132800024073,41.133374000159094],[-112.18500899983101,41.13863499993614],[-112.18635899971807,41.14374500016761],[-112.1816360002123,41.14528699975094],[-112.18654000036636,41.15302700025642],[-112.49351499959144,41.07688800009499]]]}},{"type":"Feature","properties":{"GEOID":"49014","NAME":"State Senate District 14","BASENAME":"14","STATE":"49","SLDU":"014"},"geometry":{"type":"Polygon","coordinates":[[[-111.88983700015828,40.62833000002425],[-111.88177600029559,40.63081000032284],[-111.84347600027206,40.63079999972312],[-111.82813299979811,40.63431600006347],[-111.81492699975695,40.63409899967548],[-111.81051600042072,40.635398000108445],[-111.80812700009287,40.638692999837474],[-111.80782400014418,40.65187299995826],[-111.80583499984941,40.66070299982816],[-111.80073300022694,40.66019599989286],[-111.80070999976242,40.66383899994492],[-111.78640599972923,40.66380500014153],[-111.78637499976709,40.66745700029956],[-111.77688500037459,40.66744499989959],[-111.77695099959854,40.707806000169434],[-111.79231199961582,40.70774300008838],[-111.7923240002097,40.71043199966645],[-111.78991099959241,40.710958000307684],[-111.78993900007983,40.71237400024892],[-111.7979630001326,40.71131300033508],[-111.8074750001647,40.71492399970381],[-111.82031899980764,40.7335780000369],[-111.85388999957928,40.73350800019044],[-111.85345100008644,40.7126909997853],[-111.85464799981264,40.710702999781745],[-111.84507999970404,40.68709600033736],[-111.85409299996888,40.6870699998606],[-111.85442600005479,40.659223999826196],[-111.86267699988828,40.66518999975155],[-111.87328500026257,40.666762999967055],[-111.8738359999084,40.67434900017845],[-111.88828600042974,40.67433100007548],[-111.88983700015828,40.62833000002425]]]}},{"type":"Feature","properties":{"GEOID":"49012","NAME":"State Senate District 12","BASENAME":"12","STATE":"49","SLDU":"012"},"geometry":{"type":"Polygon","coordinates":[[[-112.03004200009836,40.65305900016892],[-112.02938099994937,40.638558999726875],[-112.00538499995902,40.63860500026317],[-112.00545899957885,40.64029999996647],[-112.00393600033776,40.640314999753606],[-112.00459199956555,40.63857999997566],[-111.97672599983903,40.63857299989347],[-111.97839299991853,40.64581499987148],[-111.97693799955114,40.645816999678075],[-111.97701100024442,40.66754899966013],[-111.93884000009231,40.667652999939776],[-111.93879900008443,40.653171000260244],[-111.92345399996067,40.653057999692656],[-111.92101899960208,40.65877400003426],[-111.90815300021784,40.66542700027395],[-111.90793399993471,40.674986999855676],[-111.91181600026479,40.67732799999285],[-111.91215600002339,40.68205700017962],[-111.9173520002555,40.6837239998949],[-111.91748100012693,40.68558300025351],[-111.92110399999089,40.68632899971982],[-111.93888000027529,40.6821220001107],[-111.93890100019169,40.696620000201655],[-111.94838100043675,40.696221000230366],[-111.94845199968354,40.689399000174085],[-111.9579880000051,40.68938499977371],[-111.95798899983,40.692940000268884],[-111.97707599964342,40.692913000150526],[-111.97708300021444,40.696618999697755],[-111.99617699970054,40.69659199970811],[-111.99616900020291,40.69408800022537],[-112.00572200024291,40.696045000159536],[-112.00510299992672,40.69490900009485],[-112.01000600025587,40.69323200011871],[-112.01000399970773,40.691054999828324],[-112.0152529996433,40.69062900022361],[-112.01520699961252,40.68206000030362],[-112.02474299993408,40.68207799968221],[-112.02455700016125,40.65452500009492],[-112.02571899972736,40.65230100013458],[-112.02461700043568,40.65023999986261],[-112.02683699981083,40.65037900023399],[-112.02700699969013,40.65305300003702],[-112.03004200009836,40.65305900016892]]]}},{"type":"Feature","properties":{"GEOID":"49013","NAME":"State Senate District 13","BASENAME":"13","STATE":"49","SLDU":"013"},"geometry":{"type":"Polygon","coordinates":[[[-111.94545499980846,40.701837000129174],[-111.94348099958233,40.696609999929436],[-111.93890100019169,40.696620000201655],[-111.93888000027529,40.6821220001107],[-111.92110399999089,40.68632899971982],[-111.91748100012693,40.68558300025351],[-111.9173520002555,40.6837239998949],[-111.91215600002339,40.68205700017962],[-111.91181600026479,40.67732799999285],[-111.90793399993471,40.674986999855676],[-111.9080589996082,40.66558499970001],[-111.90931800015699,40.66390300028948],[-111.9164090000742,40.66200100006552],[-111.92101899960208,40.65877400003426],[-111.92345399996067,40.653057999692656],[-111.92955099964297,40.65300999998466],[-111.92938099976367,40.64728899987238],[-111.93203600023028,40.645133000310025],[-111.92937099971792,40.64255600029504],[-111.92925400044037,40.63794999986422],[-111.92692399966374,40.63780400002858],[-111.92700999987747,40.63153700016493],[-111.92925600009019,40.63134200020854],[-111.9292150000823,40.62831500027145],[-111.92616600032869,40.628595000328836],[-111.92328800027933,40.626268999961376],[-111.92304899990472,40.630036999792765],[-111.9212660003726,40.62777100009577],[-111.90633800000035,40.62784799978201],[-111.90396200009131,40.63097399999115],[-111.90285200040374,40.627823999729955],[-111.89840299963603,40.62781100020949],[-111.89843299977328,40.62614399987879],[-111.88996900040276,40.62691100003716],[-111.88828600042974,40.67433100007548],[-111.8738359999084,40.67434900017845],[-111.87328500026257,40.666762999967055],[-111.86267699988828,40.66518999975155],[-111.85442600005479,40.659223999826196],[-111.85409299996888,40.6870699998606],[-111.84507999970404,40.68709600033736],[-111.85464799981264,40.710702999781745],[-111.85345100008644,40.7126909997853],[-111.85388999957928,40.73350800019044],[-111.88820699988872,40.7335100000898],[-111.88821500028463,40.725455000244615],[-111.9261169999249,40.725969999958785],[-111.92419600030053,40.72445699978117],[-111.93895800009308,40.724191000273755],[-111.93892999960569,40.70394199978717],[-111.94185899970869,40.70393600014733],[-111.94176499999737,40.70183799987367],[-111.94545499980846,40.701837000129174]]]}},{"type":"Feature","properties":{"GEOID":"49003","NAME":"State Senate District 3","BASENAME":"3","STATE":"49","SLDU":"003"},"geometry":{"type":"Polygon","coordinates":[[[-112.01667399967546,41.32122599981502],[-112.01057600016827,41.313087000297486],[-112.01405900029015,41.31255400005189],[-111.99924999974357,41.289921000181195],[-112.0089450000738,41.29067400011484],[-112.00781600011965,41.28882799981459],[-112.00962499959104,41.25287900030686],[-112.00859299972129,41.24459299996497],[-112.01577999989796,41.2446500000752],[-112.00994500015649,41.22240299989495],[-112.00145199957534,41.2271559999305],[-111.9872749997638,41.230966999905085],[-111.98284599998587,41.229219000012925],[-111.96468300008718,41.228954999796485],[-111.96463299985847,41.23103799989195],[-111.95626300019929,41.230927999670094],[-111.95640899978916,41.22466399977732],[-111.93207600041325,41.224339999978724],[-111.9316229997784,41.22224100000056],[-111.92971700022264,41.22237499994188],[-111.92917400007443,41.23383700014675],[-111.92773200012586,41.235164000059314],[-111.91599599962233,41.236324000334655],[-111.89914900017384,41.24047899992219],[-111.87497499990826,41.25231400027083],[-111.84669800027802,41.25282300015448],[-111.84032000038835,41.25076199987783],[-111.84131600027308,41.253921000004944],[-111.82386600040192,41.25921799991093],[-111.81846199975736,41.25933200022471],[-111.81276699975797,41.25759200029089],[-111.80552299967987,41.252450999998004],[-111.79676999970604,41.25016600016581],[-111.79701599975334,41.25291800027609],[-111.79074900019172,41.25340899997477],[-111.78592000038074,41.251446999757206],[-111.78202100033226,41.254274999927006],[-111.77976300042398,41.249812000265244],[-111.77224800018425,41.248346999686326],[-111.77698199956068,41.24686000019893],[-111.77466500010117,41.241220999930654],[-111.77538300015158,41.23874500023721],[-111.78224700028807,41.23550999987088],[-111.78428900028626,41.23201199999686],[-111.79044399969489,41.22850299978649],[-111.78866600018564,41.22370400003493],[-111.79103299987385,41.2214339999532],[-111.79179399958196,41.21757300026966],[-111.7809819998915,41.218679000234225],[-111.77846299986733,41.21653900012564],[-111.7738089999585,41.21819500017813],[-111.76398099955891,41.21087899975745],[-111.76463599986012,41.20778100003288],[-111.75759199979856,41.210679999909225],[-111.75477999987142,41.214730000131325],[-111.74855699979243,41.214480999972665],[-111.74598099986684,41.21244800033009],[-111.74669399989436,41.20746699996232],[-111.74521099993791,41.2034680000655],[-111.72766099960933,41.197072000049054],[-111.7266809996181,41.19368300013468],[-111.72301099989848,41.19274000021406],[-111.71711000003476,41.18640500007145],[-111.70005199980075,41.182492000130964],[-111.70296300036043,41.17959800026991],[-111.70363500038006,41.174431000295726],[-111.70746599975817,41.17129200016091],[-111.70662800005717,41.169455000119015],[-111.70130200012872,41.168474000084785],[-111.6983720002008,41.1656989998563],[-111.70207200005767,41.16055199982169],[-111.70160599990233,41.15901900002472],[-111.70392599973488,41.15891799969984],[-111.7054820003846,41.15511200024639],[-111.70354400014347,41.151007000038696],[-111.69574699987142,41.15265299977994],[-111.6880500000568,41.15062899989314],[-111.68907799972858,41.14669000020474],[-111.70261600003079,41.14289500025943],[-111.70310899995029,41.137858000257026],[-111.69586200039745,41.12686400001525],[-111.69574799969632,41.12440399977698],[-111.69213800025115,41.11983200017596],[-111.68991799997771,41.119529999904685],[-111.68988799984051,41.11275300002652],[-111.68666099981166,41.11193400003275],[-111.68866000015217,41.110873000131946],[-111.68662300017682,41.10839400030777],[-111.69729599995011,41.10274400011901],[-111.69297000010438,41.09803299983201],[-111.6889870003903,41.09739999995778],[-111.69293999996715,41.09491100009706],[-111.69419899961763,41.09127900020351],[-111.6932599996343,41.088616999830435],[-111.68705300034713,41.085062000246914],[-111.69599999959142,41.07911199967581],[-111.6995060001778,41.07479100010092],[-111.7071019997101,41.074749999856714],[-111.70707099974797,41.06884599977991],[-111.71154800010477,41.06641899980465],[-111.68970299989256,41.053602999987106],[-111.6922899996888,41.05405800010851],[-111.69750500018749,41.04941999977372],[-111.69511900023271,41.04684999969073],[-111.68651699987161,41.04393500026485],[-111.68235400023248,41.03445799990989],[-111.69368700032987,41.030751999813546],[-111.7128810002734,41.03736400001253],[-111.72389600035345,41.0250709998112],[-111.72773900032544,41.02454000031006],[-111.73564200000439,41.01959600008699],[-111.7507860002867,41.023187000235055],[-111.78558300009685,41.025372999894316],[-111.80013300017731,41.015679999711246],[-111.79985000032009,41.01300600004695],[-111.80342100030553,41.01015700012039],[-111.81393400024524,41.00768099988633],[-111.81629300043586,41.00574799994783],[-111.810466000192,41.005085999778586],[-111.80612600010255,41.00168499972995],[-111.806699000388,40.999487000277334],[-111.80417199996789,40.99497300021138],[-111.79884799968927,40.9893490000569],[-111.7934149996307,40.98630600031946],[-111.7827710001697,40.96885299999379],[-111.77504099984482,40.9593159999734],[-111.78340100035656,40.95681899971574],[-111.7909650001018,40.96094200001468],[-111.7944309996069,40.961018000335066],[-111.80863799955573,40.957175999712916],[-111.81433500010324,40.960023000014],[-111.81541399982866,40.957429999723026],[-111.81168899985745,40.95016899974468],[-111.80687099991711,40.9491890001336],[-111.80387599969188,40.944236999752704],[-111.80398199999709,40.940700999798494],[-111.79105899981313,40.92795100010444],[-111.79334100001084,40.92406600027336],[-111.79364399995956,40.91566400020344],[-111.78214099998287,40.911990000165886],[-111.77608100011048,40.900495999931714],[-111.78146099956729,40.89560499975552],[-111.77475999963742,40.89564999971028],[-111.77041000040055,40.88795000021192],[-111.76434399978206,40.88901700003927],[-111.762156000194,40.887675999815734],[-111.76174699994009,40.88526500018568],[-111.76512899977962,40.87830099982755],[-111.76837699972484,40.875450999899904],[-111.76867800002374,40.87223300011771],[-111.76355700013468,40.87362699981208],[-111.74670099956707,40.871047999691456],[-111.74039299999755,40.86535099994838],[-111.7383810001366,40.8607639997712],[-111.72530399996684,40.85478299975245],[-111.72084199967867,40.85576300022252],[-111.7123609996914,40.851680000315035],[-111.70686099968567,40.852641999681985],[-111.70097499989058,40.86156400025169],[-111.69556199992348,40.86179500030631],[-111.68332300035304,40.856304000153635],[-111.67411400026965,40.855279000016225],[-111.66203200015974,40.848377000255276],[-111.66048300008102,40.845079000189784],[-111.66392299964689,40.84113799999218],[-111.66598999975945,40.83498000010729],[-111.6656910000087,40.83065800032175],[-111.65685799966892,40.83054600030345],[-111.6523789996623,40.82725400011106],[-111.65175799969629,40.824040000333426],[-111.64554600038626,40.823995999914715],[-111.64559400006684,40.820538999683194],[-111.6419939997691,40.81813599993534],[-111.63896500010698,40.80966300028205],[-111.64246900014527,40.80587300026919],[-111.64078199997431,40.80494099967202],[-111.64105200031103,40.798924999877904],[-111.64627899960696,40.79776499993128],[-111.64874300027788,40.7922449998124],[-111.64304099970748,40.785942999919655],[-111.64632600036094,40.782494000305036],[-111.64538999985236,40.77879300019863],[-111.64906100029518,40.77327499986271],[-111.63992800037975,40.770529999954825],[-111.63714099966867,40.76773600006469],[-111.63684100009301,40.76318799966896],[-111.62956100002992,40.760616999664364],[-111.62520599987185,40.76096399979195],[-111.62103800020985,40.75795000026242],[-111.62353700014255,40.75359399984869],[-111.61744999960769,40.74641800006021],[-111.62073500026115,40.742529000181264],[-111.62447500030096,40.74101699997],[-111.62454100042319,40.73945000031432],[-111.6216549999779,40.73772700004191],[-111.62329899959286,40.73124499995231],[-111.61346500024378,40.728065000239745],[-111.61638000010309,40.723056999834725],[-111.61479800041242,40.719506999994984],[-111.61191299979204,40.71902299972242],[-111.60038999972386,40.70847500020709],[-111.59535500004854,40.70852799975075],[-111.59361500017413,40.71069399987352],[-111.59666700030078,40.72026799969909],[-111.59881899990384,40.722404999877085],[-111.5971250000602,40.72857600008382],[-111.59756899957588,40.73632199997339],[-111.59645300004054,40.739289999996394],[-111.59376699961179,40.74076899981249],[-111.58900999977082,40.73853699966703],[-111.58466800003156,40.741012000104945],[-111.58341199985581,40.73651700001224],[-111.5814750003379,40.73922699976139],[-111.57644999981002,40.73729799978979],[-111.5765410000466,40.734993000152755],[-111.56870100011685,40.73255599973191],[-111.56865000006322,40.727014999715465],[-111.55970899976843,40.72796200031823],[-111.55674899970327,40.731723999960884],[-111.55625800033191,40.73750899996759],[-111.5498589996275,40.73039200020175],[-111.54174300041154,40.72625400022329],[-111.52147300021733,40.72146000011806],[-111.4732179995726,40.74338399978526],[-111.47084900023457,40.745857999780995],[-111.46964300028755,40.75319499968846],[-111.47129699994824,40.7564769997733],[-111.45878700021613,40.756060999719175],[-111.45926699971685,40.75411500007227],[-111.45415300039882,40.75385600027681],[-111.45373499992407,40.74751599970049],[-111.44874000043173,40.74032700006607],[-111.44301199992205,40.74163600023428],[-111.44054899997438,40.739214000170016],[-111.40498899990799,40.73807600028464],[-111.37932800038631,40.737891000251366],[-111.37925999971591,40.752841000181846],[-111.37599400022734,40.752857999828336],[-111.37500900021327,40.754352999693616],[-111.36911599984714,40.752863999822615],[-111.3413890000378,40.753046999728014],[-111.34135700025075,40.76702300031879],[-111.34344199990666,40.76700500008592],[-111.34344299973158,40.78215500023262],[-111.32458299969889,40.78211700000024],[-111.32350899999635,40.89818900008217],[-111.2278000003946,40.898860999849475],[-111.22739500033865,40.928641999675584],[-111.1124109997042,40.92845900001721],[-111.1123909996127,40.943088000315434],[-111.13290699985423,40.94318099990258],[-111.13467500021605,41.1343240001345],[-111.12417599962171,41.1343150002185],[-111.12412700011622,41.1780549998015],[-111.14892300017273,41.17805299980184],[-111.14874499989749,41.183182000329936],[-111.16102700002395,41.17605800015813],[-111.16884000018952,41.17554700026081],[-111.17576500042539,41.17029100024827],[-111.1881079997529,41.16961600006573],[-111.2061800003133,41.162266999727834],[-111.22331399981697,41.15153400029056],[-111.2250770001559,41.14833200031184],[-111.22842300001044,41.14716099999154],[-111.23240700044774,41.14297200025288],[-111.24116000042156,41.142002000197714],[-111.24452999966721,41.145196000194],[-111.2627489996424,41.14112299992534],[-111.26461999993637,41.1452620001008],[-111.26071699968995,41.14649400014825],[-111.25636800027799,41.152773000179764],[-111.24276999970132,41.16434600008866],[-111.2331160002773,41.17699800025999],[-111.2360729999694,41.18166299981638],[-111.23565200001993,41.183915000234784],[-111.22934699992514,41.186341999972406],[-111.22566200013692,41.19134900017493],[-111.23045599978781,41.1949879999292],[-111.23191299980502,41.19813500021866],[-111.2301729999306,41.20104600012264],[-111.23167599997855,41.20265099993465],[-111.2270610004278,41.20544699994624],[-111.22738399956967,41.20825300023111],[-111.22147799968309,41.212722999867346],[-111.22173799997408,41.214956000149556],[-111.23364799965655,41.21827100015033],[-111.24250500028576,41.21539700006565],[-111.25231400041879,41.21467800019005],[-111.25649499960127,41.21758300031282],[-111.25281900003385,41.22354499992706],[-111.25411399966934,41.229056000217625],[-111.28169200041408,41.22516299994709],[-111.28300600031615,41.22812799994461],[-111.28119600012153,41.23037000015286],[-111.26937799960226,41.23775399977178],[-111.27079100013685,41.240519999980464],[-111.27719199959273,41.244909000103775],[-111.27830600037659,41.25169800008203],[-111.27646400039491,41.25366300010089],[-111.27666199986332,41.2570520000379],[-111.28089300017284,41.26127399973916],[-111.2739210000813,41.26515799973913],[-111.27728299982934,41.27736800027901],[-111.27003799992633,41.283503000052754],[-111.26143399991541,41.286934999871534],[-111.25962600026895,41.293015999720495],[-111.26236000037828,41.29708600026787],[-111.27372699991254,41.29931200032814],[-111.27480399998814,41.30178199985411],[-111.28605099987178,41.30531599976598],[-111.2844619996101,41.309446000289775],[-111.29237100003516,41.309408999705376],[-111.29682800030047,41.31849600030434],[-111.2934869995705,41.32054500013759],[-111.29511699984006,41.33030299998672],[-111.30533299967887,41.33367000017301],[-111.31588099977867,41.34050499987591],[-111.3180009995947,41.343471000143985],[-111.32710000007324,41.34549000022806],[-111.32711500014186,41.35324700016656],[-111.33194399995284,41.35747199986844],[-111.3396359997446,41.3552500000829],[-111.34662100025493,41.35935000009381],[-111.34624200013823,41.361116000260694],[-111.34791000004262,41.36229599994483],[-111.36714800036711,41.36166099972261],[-111.36818899955937,41.36565999973933],[-111.38414600032662,41.37395800015588],[-111.39627899959184,41.373287000163614],[-111.40073000000939,41.36962400016913],[-111.40354299976144,41.3692950001199],[-111.40475899975421,41.36216899972188],[-111.42072800021704,41.36130799971723],[-111.42380700010787,41.36508299992605],[-111.43405899993171,41.362241999731665],[-111.43721499981541,41.36663200027447],[-111.44650400026478,41.36732099994334],[-111.44568199955899,41.3712730000394],[-111.44794700003827,41.37292300029698],[-111.45956399981777,41.37364899993322],[-111.46291499969514,41.379660999881835],[-111.47761799993651,41.38434800001069],[-111.47842499967537,41.39056899971766],[-111.4754489997167,41.399836000009074],[-111.48201099972941,41.401403000004336],[-111.48478199964866,41.40488600014402],[-111.49082999982548,41.40483699974331],[-111.49940500042239,41.4083170002202],[-111.50154100013192,41.412358000075756],[-111.50820299970373,41.41425000017473],[-111.5063830003617,41.4179870002463],[-111.51050699964276,41.42044600013012],[-111.51081499961433,41.42313799993136],[-111.51756499994802,41.42167700031834],[-111.52142100033879,41.416038999728045],[-111.53180700005692,41.414564000221155],[-111.53387499999438,41.41139000032168],[-111.54031900000632,41.40897999984857],[-111.54152300030353,41.405063000004816],[-111.54362399985294,41.40562699969158],[-111.54499600037964,41.409570999910834],[-111.55137000007137,41.41372400027897],[-111.55424999977059,41.42384800020799],[-111.55755499961722,41.4248010002823],[-111.56435600000454,41.423155000152036],[-111.57147500040915,41.425042999936785],[-111.57503399980071,41.4289170001211],[-111.58408600042358,41.41833599970778],[-111.59854199989442,41.42135099985758],[-111.60898399968903,41.41889599996082],[-111.61135299992537,41.419497000176214],[-111.61239099964291,41.42176999972],[-111.6185779997369,41.422380999937246],[-111.62662199988115,41.41763100032458],[-111.63123300013227,41.418276999735596],[-111.64010699958159,41.41451699988171],[-111.64312000024852,41.410648999800486],[-111.64389500020032,41.40607800011771],[-111.64773499979925,41.405431000102176],[-111.65255600011264,41.40779000026741],[-111.65234600005036,41.41073200007282],[-111.66058900038624,41.41893199996106],[-111.6666690003501,41.42879100021066],[-111.6791930003259,41.42720499974593],[-111.68558299991116,41.42314199974595],[-111.68516199996166,41.421363999948646],[-111.68853899977833,41.420850999926],[-111.68967299975535,41.418500999676624],[-111.69598200004805,41.41706899984861],[-111.70409399996439,41.421047000147794],[-111.70741700025269,41.425278000255],[-111.71188299984051,41.42318199989901],[-111.7140150002504,41.42512999969511],[-111.71867199963393,41.424747000102705],[-111.72146600001774,41.42735699984593],[-111.72288399967687,41.42303399995057],[-111.71783499975787,41.416052999934664],[-111.70672099994358,41.413019000015694],[-111.70654299966834,41.404854999936035],[-111.71239199965355,41.399280999780665],[-111.71072899977202,41.3965099997569],[-111.71211899984208,41.39505199976857],[-111.71617199987634,41.39488700021686],[-111.72632499996595,41.385573000291295],[-111.72717100006288,41.382018000047196],[-111.72517500009542,41.37793800015785],[-111.72614300039108,41.376071000203424],[-111.73773900025417,41.37421799969477],[-111.74629899988415,41.36978500006025],[-111.75252100013824,41.3706290000052],[-111.76059000039686,41.368817999677766],[-111.76707500041665,41.37034800003491],[-111.7716120001496,41.375927999805846],[-111.7807280003466,41.37861800005183],[-111.78373600009233,41.38223300011084],[-111.78922500022738,41.38457700003381],[-111.7929080003658,41.391433999726885],[-111.79762599984872,41.3923689999827],[-111.81360600018218,41.38799700031191],[-111.82010200007265,41.39191399972165],[-111.8278569996136,41.39269599973788],[-111.82952600024122,41.389472999897436],[-111.8331859999151,41.3899380003253],[-111.83673699980902,41.387944000022756],[-111.84273700030526,41.392201000080895],[-111.85492999984494,41.394347999795805],[-111.85700000033057,41.396744000186864],[-111.86101999985456,41.396189999867055],[-111.86294200020215,41.399627000076315],[-111.8684430000328,41.39856299986079],[-111.87515499983334,41.404939000095794],[-111.87563900043031,41.410186000296946],[-111.87999600023821,41.41391399987713],[-111.87904800003402,41.41679400011647],[-111.87227000011126,41.421305000032746],[-111.87567600024023,41.423661000205136],[-111.88553200022893,41.426342999706264],[-111.89149800038999,41.422785999790456],[-111.89301200030856,41.41809499967779],[-111.90141899977768,41.41943900025891],[-111.90488199980807,41.41807400002697],[-111.90549699992631,41.414917000207396],[-111.90820300044655,41.4159310002461],[-111.91406699960204,41.413069999852816],[-111.92635499957629,41.41253499979259],[-111.9318760003967,41.41627299989819],[-111.93828500024854,41.41587799982961],[-111.94054599963154,41.4204719999983],[-111.95298000009394,41.42828799968169],[-111.9549390002515,41.43209000004821],[-111.95857899983389,41.43387499998475],[-111.96375900017247,41.425184999815116],[-111.97247199996332,41.420052999844714],[-111.97149699999498,41.41437800018381],[-111.96760899981714,41.40961399981274],[-111.96745499983138,41.39551800009192],[-111.96918399983512,41.39131200030903],[-111.97579899955127,41.384469000152826],[-111.97422100005858,41.38206400005473],[-111.97495500000248,41.37718899982787],[-111.96318000003924,41.36533499987328],[-111.970434999988,41.36354899969966],[-111.98646800002491,41.35492600013995],[-111.98656900030727,41.35037800012496],[-111.97662499955672,41.35011699966345],[-111.97646100042348,41.347589000079466],[-111.97647800014194,41.34413500031401],[-111.9869099998908,41.34565999966749],[-111.9862129997568,41.343163999816],[-111.97159200042954,41.3429610002102],[-111.97154300002573,41.33948699992567],[-111.97637400038485,41.33961899967619],[-111.97636699981383,41.33671899975864],[-111.98373800011356,41.33667999994785],[-111.98392800008435,41.33483699973148],[-111.99088199973421,41.33291199995275],[-111.99162800027202,41.32997499986707],[-111.99407500032616,41.330066999910954],[-111.99552399994747,41.3280229999613],[-112.0009960003641,41.32941799967918],[-112.00541199972321,41.32281100003175],[-112.0101219997085,41.32552900033587],[-112.01667399967546,41.32122599981502]]]}},{"type":"Feature","properties":{"GEOID":"49015","NAME":"State Senate District 15","BASENAME":"15","STATE":"49","SLDU":"015"},"geometry":{"type":"Polygon","coordinates":[[[-111.94515299968468,40.58773099989042],[-111.94408099963196,40.58046200011143],[-111.91916400009994,40.5805170001456],[-111.9215890004128,40.57863500023333],[-111.91576499964366,40.57215300012483],[-111.90854200038028,40.569834999721834],[-111.88930300023088,40.569720000033335],[-111.88494899989774,40.573239999972884],[-111.87217100037705,40.57326900001325],[-111.87214399971457,40.56993000026479],[-111.85316900005414,40.562711000266354],[-111.85309299988616,40.609533999747086],[-111.85859399971679,40.61491399982957],[-111.85804200024606,40.61800500029912],[-111.84960499974143,40.61471800006599],[-111.84435699963078,40.61588299979395],[-111.83273800020145,40.613174999932085],[-111.83164799970704,40.61078700005083],[-111.83300099996718,40.60788199978577],[-111.82340899956912,40.604778000318824],[-111.80411800043953,40.60237000030219],[-111.79811200009553,40.589600000246705],[-111.79873600043459,40.58675200000574],[-111.8012360001922,40.584821999896405],[-111.8005890002869,40.58183600018259],[-111.79627099993876,40.58184300007048],[-111.79438100027653,40.58595399977786],[-111.79223899982088,40.586507000326286],[-111.79229400007247,40.580907000082874],[-111.78975400013191,40.578004999693164],[-111.77614100038494,40.57254599996362],[-111.74741100011987,40.57224600014409],[-111.74395999978502,40.5710599996844],[-111.72604999960633,40.572737999988355],[-111.7029840002768,40.57071500020036],[-111.69973600033158,40.57370300017435],[-111.67994700036131,40.575970999969],[-111.6747019997254,40.58002100005108],[-111.669555999722,40.57943999990859],[-111.65714800009715,40.586949000024234],[-111.64115900044116,40.589443999808196],[-111.64116100009097,40.594116999985076],[-111.63381400008073,40.594117999980384],[-111.63571299996377,40.59774900026541],[-111.63162099957147,40.59695799997417],[-111.63001299994151,40.59905200002935],[-111.6254629997898,40.59738800013107],[-111.61827899998616,40.60196100030362],[-111.61842600029925,40.60323800007715],[-111.61771499992156,40.60019500011458],[-111.61453599957328,40.60187399994945],[-111.60940600036174,40.597765999942126],[-111.6106859999286,40.59569799980102],[-111.60876600012915,40.59383200003171],[-111.60814099996516,40.586599000068915],[-111.59878899976661,40.584461000236395],[-111.59807900011214,40.577907999904966],[-111.59354400002903,40.57712500024899],[-111.58825800028355,40.581169999799535],[-111.58266399966818,40.58127800033057],[-111.57783700040532,40.583429999699305],[-111.57160099990755,40.5821859998197],[-111.56424100037681,40.58474499974308],[-111.56011700019744,40.590600999744794],[-111.5609809998377,40.593165999727],[-111.55840499991211,40.599946000264374],[-111.55911200009186,40.60194699996423],[-111.5531879997636,40.60964299992495],[-111.55885599999881,40.613427000081515],[-111.55758499975444,40.61959799984784],[-111.56741999982675,40.6232809997086],[-111.56896999973037,40.62940200013302],[-111.57659999959783,40.63351699967326],[-111.57824199956296,40.644086000169246],[-111.59387200009208,40.651656000074816],[-111.59619299974955,40.659115999853164],[-111.60026099985242,40.66416300024845],[-111.60453499981963,40.66657400030815],[-111.60474800025497,40.668907999810884],[-111.60187199985542,40.67103300011439],[-111.60301900025122,40.67745800015779],[-111.60114499958418,40.68789500019162],[-111.59958800000787,40.69175599995865],[-111.5927110003509,40.69917900029211],[-111.59474499995318,40.703685000201425],[-111.6062210001657,40.71285599999717],[-111.64650700011092,40.71269399989185],[-111.66330400022899,40.71103600029758],[-111.76818699975405,40.71089799999141],[-111.78152500003971,40.70900699982879],[-111.78152400021479,40.70780000019672],[-111.77695099959854,40.707806000169434],[-111.77688500037459,40.66744499989959],[-111.78637499976709,40.66745700029956],[-111.78640599972923,40.66380500014153],[-111.80070999976242,40.66383899994492],[-111.80073300022694,40.66019599989286],[-111.80583499984941,40.66070299982816],[-111.80782400014418,40.65187299995826],[-111.80812700009287,40.638692999837474],[-111.81051600042072,40.635398000108445],[-111.81492699975695,40.63409899967548],[-111.82813299979811,40.63431600006347],[-111.84347600027206,40.63079999972312],[-111.88177600029559,40.63081000032284],[-111.88801899956775,40.629841000085754],[-111.88996900040276,40.62691100003716],[-111.89550000037063,40.626142000164634],[-111.90285200040374,40.627823999729955],[-111.90396200009131,40.63097399999115],[-111.90610500037187,40.62786099997707],[-111.9212660003726,40.62777100009577],[-111.92304899990472,40.630036999792765],[-111.92328800027933,40.626268999961376],[-111.92616600032869,40.628595000328836],[-111.9292150000823,40.62831500027145],[-111.9291869995949,40.58779099985492],[-111.94515299968468,40.58773099989042]]]}},{"type":"Feature","properties":{"GEOID":"49010","NAME":"State Senate District 10","BASENAME":"10","STATE":"49","SLDU":"010"},"geometry":{"type":"Polygon","coordinates":[[[-112.25974299960691,40.76941900026831],[-112.22745200030047,40.72530599975057],[-112.22274899998787,40.72199499984268],[-112.19574299970365,40.727038000118384],[-112.17235599998378,40.728073999841996],[-112.16478600039078,40.727033999930484],[-112.15723699981582,40.72219500025801],[-112.14759099988942,40.719453000178376],[-112.12874500010044,40.71607399978574],[-112.11474200036614,40.718142999804904],[-112.09179300031417,40.71817399994942],[-112.09185000021556,40.682010000263375],[-112.07836899981478,40.68200500005288],[-112.07593699982924,40.68520800012558],[-112.0738289997088,40.68464399972029],[-112.07585900001143,40.68200199992645],[-112.01520699961252,40.68206000030362],[-112.0152529996433,40.69062900022361],[-112.01000399970773,40.691054999828324],[-112.01000600025587,40.69323200011871],[-112.00510299992672,40.69490900009485],[-112.00572200024291,40.696045000159536],[-111.99616900020291,40.69408800022537],[-111.99617699970054,40.69659199970811],[-111.97708300021444,40.696618999697755],[-111.97707599964342,40.692913000150526],[-111.95798899983,40.692940000268884],[-111.9579880000051,40.68938499977371],[-111.94845199968354,40.689399000174085],[-111.94838100043675,40.696221000230366],[-111.94348099958233,40.696609999929436],[-111.94545499980846,40.701837000129174],[-111.94176499999737,40.70183799987367],[-111.94185899970869,40.70393600014733],[-111.93892999960569,40.70394199978717],[-111.93900400012384,40.752246000290484],[-111.9342410004351,40.752253999675844],[-111.93424700028288,40.75498799983818],[-111.92473400042586,40.756279000229235],[-111.92474100009856,40.758454999694365],[-111.91371199977479,40.759654999703564],[-111.91381499970694,40.7634089998016],[-111.91023100020104,40.77228800030839],[-111.91030300017107,40.78053600006355],[-111.91056099991395,40.78237499996907],[-111.9330100003737,40.78259700012077],[-111.93663700043562,40.78442100009467],[-111.93677999965246,40.787042000168995],[-111.939359999776,40.787039000014204],[-111.93920400014039,40.79106700028605],[-111.93566300029218,40.79106899981452],[-111.93713500037802,40.79785399983552],[-111.93392000004474,40.80443299991414],[-111.93533900042709,40.806972999935994],[-111.93898900005523,40.80821000019674],[-111.93778499975802,40.82180100012885],[-111.94628900020982,40.82179000033534],[-111.94668599986987,40.82384500010977],[-111.94287300003509,40.830493999963636],[-111.94492300042923,40.832700000245474],[-111.9442870003946,40.83415400000716],[-111.95162199981095,40.84157199975612],[-111.94978300020234,40.843125000323454],[-111.95292099964442,40.84464799987445],[-111.95391800025239,40.84764099991589],[-111.95597199994617,40.84921099973966],[-111.96300299958892,40.84816999981814],[-111.95889799967611,40.849244999984776],[-111.95966299958218,40.85215099971609],[-111.96449399994128,40.85344500028024],[-111.96174700031149,40.85388300033414],[-111.96311399991701,40.8552309999996],[-111.96604300002002,40.8549559998991],[-111.9664499997258,40.85786699976043],[-111.96265199995965,40.86359900032341],[-111.96396400021189,40.86631299984032],[-111.96255800024831,40.868729000068534],[-111.96449499976622,40.87101700020108],[-111.96357400022454,40.87155699994212],[-111.96935399971443,40.87213800006873],[-111.96890699982568,40.87410700027436],[-111.97106900037281,40.87664500016832],[-111.9675560001137,40.88005899969531],[-111.9692469995843,40.88541500026772],[-111.96629400009019,40.88880199970215],[-111.96614699977708,40.891653000235536],[-111.96174399993846,40.893360000277305],[-111.96152800002838,40.8952820000871],[-111.95926599992215,40.896326999862495],[-111.9586719997203,40.9218220001568],[-112.0065659997917,40.92184600012557],[-112.14827100030497,40.84613300016368],[-112.25974299960691,40.76941900026831]]]}},{"type":"Feature","properties":{"GEOID":"49029","NAME":"State Senate District 29","BASENAME":"29","STATE":"49","SLDU":"029"},"geometry":{"type":"Polygon","coordinates":[[[-114.05227300022077,37.60479100006243],[-114.0516260003155,37.30390500008679],[-114.05254100000937,37.11288099970166],[-114.05005200012243,37.00019099985032],[-113.55807000029719,37.000013000121285],[-113.53999199988901,37.00510399993418],[-113.52753200038565,37.004919000034995],[-113.5132309998272,37.00883700015557],[-113.51717900027948,37.01349099974577],[-113.5154419998798,37.0176789998061],[-113.52193699994535,37.0199370000155],[-113.52024200027678,37.02326399994976],[-113.52230900038936,37.0241200002292],[-113.52233299978047,37.08080600035041],[-113.51780600009327,37.081495999937566],[-113.51795300040638,37.09605500014586],[-113.52260499976705,37.09599599978725],[-113.52243800026078,37.09777000011177],[-113.52941200000215,37.09774900012469],[-113.52591499963656,37.104941000183146],[-113.52350199991758,37.107025999666654],[-113.52139200014733,37.106387999710336],[-113.51959500037148,37.11029599991202],[-113.51364400027909,37.112242000308825],[-113.51379800026486,37.12453000032668],[-113.52266099984354,37.1258270000956],[-113.52564699984795,37.12462900030611],[-113.52737599985171,37.125343000338724],[-113.52749600040063,37.12842699999705],[-113.53236600021951,37.125111999738074],[-113.53641599988072,37.12529099971308],[-113.53657900008734,37.133487000296014],[-113.53442599976104,37.133496000341175],[-113.5345689998762,37.143150000159416],[-113.53223599962486,37.14717299984221],[-113.53421200039914,37.14838900014253],[-113.53575200025699,37.15310099974154],[-113.53474700015143,37.1589559997006],[-113.53230299957201,37.15967600020409],[-113.5333529998834,37.17667500024288],[-113.5243200004254,37.17668799980304],[-113.52432399972506,37.19118100025066],[-113.51865899986291,37.19118499984283],[-113.52220499973396,37.19405999988403],[-113.52161399990517,37.19757699984002],[-113.524107999815,37.19904600029341],[-113.52336600037346,37.20213800026367],[-113.52894900021987,37.20479899986891],[-113.53142800006107,37.208689999803596],[-113.53004700021187,37.212576000107],[-113.53174199988042,37.220950999952215],[-113.52989400005099,37.22300700025736],[-113.52971300030102,37.22724299985675],[-113.44247800011553,37.22614200005053],[-113.43983799971753,37.22936399998204],[-113.43935900004173,37.23325800002883],[-113.44171900005725,37.23911499991467],[-113.44101400042564,37.24430400016527],[-113.44226499968019,37.246326000231704],[-113.44032499978924,37.24578600026754],[-113.4397790001663,37.25276799993469],[-113.44263499957603,37.26015299972259],[-113.44095199960304,37.264753999713555],[-113.44297199985994,37.26890799992087],[-113.44056400016385,37.269502000302595],[-113.44078599992169,37.27540100024514],[-113.43895900000864,37.279221000239595],[-113.43672600021473,37.279862000217605],[-113.43643900015954,37.28533199976923],[-113.43466400012504,37.2849200002317],[-113.43102700001737,37.28812400029211],[-113.42429599995026,37.28835200030055],[-113.42163299998606,37.29137199968867],[-113.42295600010894,37.29430000020288],[-113.41995199966287,37.29504900008343],[-113.42932999980067,37.30911999999949],[-113.43759400005295,37.31087199981496],[-113.4446230000459,37.317503999899934],[-113.45403999964343,37.31729000019107],[-113.45405200023733,37.31547799992932],[-113.45660300004855,37.317609000225346],[-113.45877200026837,37.31594799995114],[-113.46276300037836,37.31692600003454],[-113.46398100002096,37.32116200023669],[-113.46712500020911,37.323220999982524],[-113.4661100000578,37.32441299976269],[-113.4697079998074,37.330222000297915],[-113.46942499995018,37.337683000198034],[-113.47323899960985,37.34273800020146],[-113.47000200043358,37.34411200016097],[-113.47134999977251,37.347726999802816],[-113.46989000028059,37.350360000064846],[-113.4711520003041,37.35150299997869],[-113.47155900000988,37.36260100013715],[-113.46918200027594,37.36649000002809],[-113.47176499987421,37.3704159998344],[-113.46894600027437,37.37361300008563],[-113.46492000000428,37.37502200006458],[-113.4662640000436,37.3773910002335],[-113.45563700030104,37.37470600012863],[-113.45185200005538,37.37646699989875],[-113.45019699967145,37.390930999777154],[-113.4605339998841,37.407919000054115],[-113.45300399957573,37.41338399979437],[-113.45783800030792,37.420305000006316],[-113.45616600020554,37.42195400031589],[-113.47171200017077,37.428482000175585],[-113.47316199961696,37.43803699969632],[-113.47037399997927,37.43937099981616],[-113.47174399995782,37.439644000183854],[-113.47135700034352,37.441709000077125],[-113.47510800025401,37.442842999755314],[-113.47621100026886,37.44683000003156],[-113.47385299990316,37.45345400007378],[-113.47348100035751,37.46542600022986],[-113.47863900005645,37.47822699975815],[-113.47821499973394,37.48442900024353],[-113.48715699985364,37.486891999793954],[-113.48999999974292,37.49007600017962],[-113.4889429997588,37.497759000356055],[-113.49106599994786,37.503370999887615],[-113.48689599973773,37.50360300035436],[-113.48539500023792,37.506173999895175],[-113.48467700018753,37.504406000307995],[-113.47823300017558,37.50644000002162],[-113.47289899985122,37.50981899993041],[-113.4690590002523,37.509155999686065],[-113.46739399982263,37.51817699970462],[-113.46360199990426,37.521221000099516],[-113.45849500025895,37.52165999976914],[-113.45488999993833,37.52914100032339],[-113.47402899963026,37.52908499971142],[-113.47448499973984,37.61828900013141],[-113.5877729999825,37.61822300019805],[-113.58779700027195,37.60461100030004],[-114.05227300022077,37.60479100006243]]]}},{"type":"Feature","properties":{"GEOID":"49005","NAME":"State Senate District 5","BASENAME":"5","STATE":"49","SLDU":"005"},"geometry":{"type":"Polygon","coordinates":[[[-112.03908799997514,41.11807100002946],[-112.03281100036779,41.11084600020613],[-112.0313059997717,41.11114999983281],[-112.03276699998686,41.1101870001275],[-112.02608799979828,41.10377199990634],[-111.95455799958668,41.1031980002168],[-111.95573900031765,41.107222000020826],[-111.95424299994241,41.107212999771924],[-111.954222000026,41.111159999885714],[-111.95663499974498,41.111059000297026],[-111.95658600023948,41.116563999865456],[-111.93966500027283,41.116166000245926],[-111.93973399986982,41.10712599978421],[-111.93000900030069,41.10704799995396],[-111.92993700033068,41.11071000005989],[-111.92706199975602,41.11073000029811],[-111.92514600015451,41.11436900010581],[-111.90886399969723,41.11410700019573],[-111.90785699994183,41.12747000020397],[-111.9121619998712,41.134828000225006],[-111.88847600040053,41.1377479996832],[-111.86125500003119,41.13751100032315],[-111.86164599984343,41.14021799992903],[-111.8560589997991,41.13861500008247],[-111.84307299986594,41.14014299988851],[-111.83013100031371,41.13825399971291],[-111.81940999996152,41.13922999989755],[-111.78937900021316,41.13668599967467],[-111.76734400003018,41.125541000252326],[-111.76282900003855,41.1141259997775],[-111.74953699978364,41.10878899988216],[-111.73318800027754,41.086383999882514],[-111.71154800010477,41.06641899980465],[-111.70707099974797,41.06884599977991],[-111.7071019997101,41.074749999856714],[-111.6995060001778,41.07479100010092],[-111.69599999959142,41.07911199967581],[-111.68705300034713,41.085062000246914],[-111.6932599996343,41.088616999830435],[-111.69419899961763,41.09127900020351],[-111.69293999996715,41.09491100009706],[-111.6889870003903,41.09739999995778],[-111.69297000010438,41.09803299983201],[-111.69729599995011,41.10274400011901],[-111.68662300017682,41.10839400030777],[-111.68866000015217,41.110873000131946],[-111.68666099981166,41.11193400003275],[-111.68988799984051,41.11275300002652],[-111.68991799997771,41.119529999904685],[-111.69213800025115,41.11983200017596],[-111.69574799969632,41.12440399977698],[-111.69586200039745,41.12686400001525],[-111.70310899995029,41.137858000257026],[-111.70261600003079,41.14289500025943],[-111.68907799972858,41.14669000020474],[-111.6880500000568,41.15062899989314],[-111.69574699987142,41.15265299977994],[-111.70354400014347,41.151007000038696],[-111.7054820003846,41.15511200024639],[-111.70392599973488,41.15891799969984],[-111.70160599990233,41.15901900002472],[-111.70207200005767,41.16055199982169],[-111.6983720002008,41.1656989998563],[-111.70130200012872,41.168474000084785],[-111.70662800005717,41.169455000119015],[-111.70746599975817,41.17129200016091],[-111.70363500038006,41.174431000295726],[-111.70296300036043,41.17959800026991],[-111.70005199980075,41.182492000130964],[-111.71711000003476,41.18640500007145],[-111.72301099989848,41.19274000021406],[-111.7266809996181,41.19368300013468],[-111.72766099960933,41.197072000049054],[-111.74521099993791,41.2034680000655],[-111.74669399989436,41.20746699996232],[-111.74598099986684,41.21244800033009],[-111.74855699979243,41.214480999972665],[-111.75477999987142,41.214730000131325],[-111.75759199979856,41.210679999909225],[-111.76463599986012,41.20778100003288],[-111.76398099955891,41.21087899975745],[-111.7738089999585,41.21819500017813],[-111.77846299986733,41.21653900012564],[-111.7809819998915,41.218679000234225],[-111.79179399958196,41.21757300026966],[-111.79103299987385,41.2214339999532],[-111.78866600018564,41.22370400003493],[-111.79044399969489,41.22850299978649],[-111.78428900028626,41.23201199999686],[-111.78224700028807,41.23550999987088],[-111.77538300015158,41.23874500023721],[-111.77466500010117,41.241220999930654],[-111.77698199956068,41.24686000019893],[-111.77224800018425,41.248346999686326],[-111.77976300042398,41.249812000265244],[-111.78202100033226,41.254274999927006],[-111.78592000038074,41.251446999757206],[-111.79074900019172,41.25340899997477],[-111.79701599975334,41.25291800027609],[-111.79676999970604,41.25016600016581],[-111.80552299967987,41.252450999998004],[-111.81276699975797,41.25759200029089],[-111.81846199975736,41.25933200022471],[-111.82386600040192,41.25921799991093],[-111.84131600027308,41.253921000004944],[-111.84032000038835,41.25076199987783],[-111.84669800027802,41.25282300015448],[-111.87497499990826,41.25231400027083],[-111.89914900017384,41.24047899992219],[-111.91599599962233,41.236324000334655],[-111.92773200012586,41.235164000059314],[-111.92917400007443,41.23383700014675],[-111.92971700022264,41.22237499994188],[-111.9316229997784,41.22224100000056],[-111.93207600041325,41.224339999978724],[-111.95640899978916,41.22466399977732],[-111.95626300019929,41.230927999670094],[-111.96463299985847,41.23103799989195],[-111.96468300008718,41.228954999796485],[-111.98284599998587,41.229219000012925],[-111.9872749997638,41.230966999905085],[-112.00557199955676,41.22524399970344],[-112.00994500015649,41.22240299989495],[-112.00282900012492,41.21750099977879],[-111.99496999992859,41.2073230003084],[-111.99407399960296,41.20234699992289],[-111.99681299973514,41.197907999852305],[-112.00129500011482,41.196048000294546],[-112.01105599966897,41.18535099974291],[-112.01879000019184,41.17959900024616],[-112.02047200033992,41.17622999973497],[-112.02597999984326,41.176209999854535],[-112.02605900038428,41.15264700016001],[-112.03753200022375,41.15262699984471],[-112.03606599998572,41.147197000038595],[-112.03545300041561,41.12532500007807],[-112.03186099961549,41.11805700007533],[-112.03908799997514,41.11807100002946]]]}},{"type":"Feature","properties":{"GEOID":"49004","NAME":"State Senate District 4","BASENAME":"4","STATE":"49","SLDU":"004"},"geometry":{"type":"Polygon","coordinates":[[[-112.49340599981147,41.07699700023135],[-112.18669299962892,41.15302799996184],[-112.1816360002123,41.14528699975094],[-112.18635899971807,41.14374500016761],[-112.18500899983101,41.13863499993614],[-112.18132800024073,41.133374000159094],[-112.16779699961123,41.122621000167456],[-112.16513199999719,41.12118800020787],[-112.16275100006526,41.12191800009724],[-112.16135699979725,41.1193750000661],[-112.15734999979374,41.11735899973702],[-112.15448900036111,41.118297000035845],[-112.15486699975456,41.11661400005178],[-112.1517569999016,41.114388000288535],[-112.14912999992238,41.11611199999942],[-112.14994599988208,41.11419800024427],[-112.1420349998072,41.11149600009972],[-112.13500699963917,41.1008869999733],[-112.12227799962396,41.105926999960396],[-112.12216499964605,41.12519699983979],[-112.03545300041561,41.12532500007807],[-112.03606599998572,41.147197000038595],[-112.03753200022375,41.15262699984471],[-112.02605900038428,41.15264700016001],[-112.02597999984326,41.176209999854535],[-112.02047200033992,41.17622999973497],[-112.01879000019184,41.17959900024616],[-112.01105599966897,41.18535099974291],[-112.00129500011482,41.196048000294546],[-111.99681299973514,41.197907999852305],[-111.993964999823,41.20289700029778],[-111.99496999992859,41.2073230003084],[-112.00354299997736,41.21839300008114],[-112.01099799994266,41.22392800017686],[-112.0157609996314,41.24450599987862],[-112.00859299972129,41.24459299996497],[-112.00962499959104,41.25287900030686],[-112.00781600011965,41.28882799981459],[-112.0089450000738,41.29067400011484],[-111.99924999974357,41.289921000181195],[-112.01405900029015,41.31255400005189],[-112.01057600016827,41.313087000297486],[-112.01667399967546,41.32122599981502],[-112.0101219997085,41.32552900033587],[-112.00541199972321,41.32281100003175],[-112.0009960003641,41.32941799967918],[-111.99552399994747,41.3280229999613],[-111.99407500032616,41.330066999910954],[-111.99162800027202,41.32997499986707],[-111.99088199973421,41.33291199995275],[-111.98392800008435,41.33483699973148],[-111.98373800011356,41.33667999994785],[-111.97636699981383,41.33671899975864],[-111.97637400038485,41.33961899967619],[-111.97154300002573,41.33948699992567],[-111.97159200042954,41.3429610002102],[-111.9862129997568,41.343163999816],[-111.9869099998908,41.34565999966749],[-111.97647800014194,41.34413500031401],[-111.97646100042348,41.347589000079466],[-111.97662499955672,41.35011699966345],[-111.98656900030727,41.35037800012496],[-111.98646800002491,41.35492600013995],[-111.9936409999579,41.35249199995697],[-111.99597599985908,41.34954900028261],[-112.00315800001289,41.349460000334204],[-112.0044190002115,41.345945000211294],[-112.0087350000115,41.34372800028975],[-112.02225300022221,41.34381199984192],[-112.0286720001198,41.33651199987332],[-112.23816400043184,41.336550999784706],[-112.49340599981147,41.07699700023135]]]}},{"type":"Feature","properties":{"GEOID":"49025","NAME":"State Senate District 25","BASENAME":"25","STATE":"49","SLDU":"025"},"geometry":{"type":"Polygon","coordinates":[[[-111.94290599964707,40.12496300005297],[-111.94192800020399,40.12122500024614],[-111.93746400026598,40.11693100033556],[-111.91672000041883,40.1044790000348],[-111.9198369999445,40.09927799994958],[-111.92938499996161,40.095010000259464],[-111.92697700026551,40.094692999698005],[-111.92656899983652,40.08909299988121],[-111.92795600043182,40.09355400017682],[-111.92876599964544,40.092579000206904],[-111.92577399979322,40.083282000269335],[-111.89816199961162,40.06284500026071],[-111.90341200027041,40.064897999736516],[-111.89434700012706,40.05817200021978],[-111.89220499967139,40.05481899975931],[-111.85285799970951,40.05482300019651],[-111.85300500002262,40.04002099982257],[-111.84357900020423,40.040056999873904],[-111.84352399995265,40.03278200025211],[-111.82495799964782,40.033284999702104],[-111.82473900026305,40.02578799979086],[-111.81771500029295,40.02587399967827],[-111.81767299956185,40.02227500021058],[-111.81533000016309,40.022303999678236],[-111.81528599978216,40.01870499969938],[-111.81296199975165,40.018732000094936],[-111.81292999996458,40.0169369998737],[-111.81059500006342,40.01696100000679],[-111.81067700007918,40.02415999981986],[-111.8083399996299,40.02418800033531],[-111.80832299991145,40.02058700013559],[-111.80599399985806,40.02061500005355],[-111.80579600038966,40.01342299966163],[-111.80099599999267,40.01167199980123],[-111.80095099978683,40.00804000009867],[-111.80261100019362,40.00803100016345],[-111.80486699955374,40.00486399997076],[-111.79418499955962,40.003361000106636],[-111.79402999974893,39.99578400010031],[-111.79596799999005,39.994135000095575],[-111.79524800028983,39.98847199969125],[-111.79713399975411,39.988155999706564],[-111.79671600017767,39.98298300007682],[-111.7979070000561,39.98322900001644],[-111.79786299967516,39.98043300026979],[-111.79418000043508,39.97891500021324],[-111.79341200015595,39.980598999666114],[-111.77690200009303,39.980523000150114],[-111.7769139997886,39.97882500028006],[-111.77224900000915,39.978955000222],[-111.77689399969712,39.975596000022996],[-111.77211599993974,39.97558399991488],[-111.76919000020982,39.978802000010454],[-111.76374399973244,39.991235999822585],[-111.76240100041638,40.01873500029115],[-111.7586160001707,40.01874999989409],[-111.75860000027717,40.016568999757084],[-111.75513999972154,40.01652299986096],[-111.75425400033996,40.012045999783425],[-111.750948999595,40.0121660000204],[-111.75093400042469,40.01575399990724],[-111.74438199955944,40.01573499966714],[-111.74583799975171,40.010851999967855],[-111.73440900029318,40.010667999920635],[-111.7332279995622,40.00861599967834],[-111.7297219998741,40.008628999931695],[-111.72981800013358,40.0122469999923],[-111.72019499977337,40.01235599973482],[-111.72027900033729,40.01596399978219],[-111.71653000007662,40.01597100006501],[-111.72110399961947,40.0202439996916],[-111.7224500002069,40.02410299991431],[-111.7223439999017,40.026470000270336],[-111.71619399961763,40.026863999709505],[-111.71060800029652,40.018335000260436],[-111.70379600003855,40.01249299980186],[-111.70093700025573,40.01251799981961],[-111.70062799956094,40.00060299995353],[-111.70313599971446,40.00360800011572],[-111.70495699977974,40.00332499995547],[-111.70207299988257,39.99952399985203],[-111.70072899984326,40.00012699990211],[-111.70060099979676,39.99811499985449],[-111.69122299965895,39.99812899995151],[-111.69117300032856,40.001033000113765],[-111.68929299981373,39.99814000032074],[-111.68470199965412,39.99815500032079],[-111.68464999977559,39.99454699971],[-111.66025600030031,39.993666000197244],[-111.65989899992493,39.98370199978426],[-111.65515700015257,39.98355700016417],[-111.63206400016057,39.97346999984339],[-111.62664199997263,39.97317299970022],[-111.62282999996279,39.97798100033984],[-111.61631499980575,39.977496999954745],[-111.61373100038257,39.98679700016988],[-111.61017299991762,39.989924000293385],[-111.60526700011374,39.989512000321966],[-111.60339699964467,39.993945999876836],[-111.60125400026244,39.991596000209846],[-111.60049299965601,39.99415500012087],[-111.59998600039113,39.98889100004791],[-111.59365600018201,39.98843700000019],[-111.59638500026847,39.98610999995429],[-111.58914600021325,39.985914000320264],[-111.5841220004086,39.98183700018425],[-111.58338900028959,39.98031800017368],[-111.58816600022203,39.9822689997017],[-111.59120400010498,39.98298099981625],[-111.59205500022478,39.98293000003541],[-111.58880100043176,39.979975999935455],[-111.59049000025254,39.97733399985698],[-111.58825099971254,39.97642100034014],[-111.57302399958955,39.97938800024628],[-111.54791399971369,39.976949000080054],[-111.54049599955833,39.97919899983704],[-111.5442819996289,39.982864000303],[-111.5417890004423,39.98576300003963],[-111.5391840002044,39.9962729999992],[-111.52928399983476,39.995659000246825],[-111.5290319999397,39.99824399965716],[-111.53156299965943,40.00089999991496],[-111.53052999996477,40.005336000127144],[-111.5254919999164,40.010889999721364],[-111.52597899998811,40.01520699975127],[-111.52400499976198,40.01672500028064],[-111.52333899959012,40.02015000014739],[-111.51499400004529,40.02009800032924],[-111.50722299971251,40.02596000014517],[-111.51938799966311,40.0336739999806],[-111.51604799965637,40.03377199975919],[-111.53494000037442,40.03831199991329],[-111.54524999992455,40.04267500030073],[-111.54802099984381,40.045868999996614],[-111.5484979998698,40.05313000010718],[-111.55989399971635,40.056063999703795],[-111.56779100044584,40.06042800018793],[-111.58871900041599,40.082721000225554],[-111.59162199968141,40.09431499993166],[-111.61487100020734,40.1273070000339],[-111.61444400041009,40.132127999955486],[-111.60529899990078,40.14480299986248],[-111.60883899992407,40.144764000097915],[-111.6076220001064,40.14661399972981],[-111.60898600023718,40.146850999897765],[-111.60973699989952,40.14479700026992],[-111.63936000011718,40.14462700014892],[-111.63738900026411,40.149673999745914],[-111.63751899996045,40.16683600013054],[-111.6279199998897,40.16675700030264],[-111.6279120003921,40.171954000000866],[-111.6227589998177,40.172955000241416],[-111.6179850002583,40.17108299966212],[-111.61805700022832,40.18110900028769],[-111.62032799965706,40.18612500030781],[-111.61371399976582,40.18567100027545],[-111.6137129999409,40.187062000183246],[-111.61071500024094,40.187058999852],[-111.61330399968698,40.19311199971482],[-111.63255500043024,40.21102799987654],[-111.64652800002732,40.22964599977576],[-111.64658400010381,40.23367000015271],[-111.72689499987834,40.23467899985865],[-111.73181999994878,40.23682100015841],[-111.73256099956541,40.239137999982056],[-111.73611400000749,40.23958800006907],[-111.73005999998288,40.25295300013236],[-111.73056100029832,40.25665299966949],[-111.75286199972176,40.27125200031876],[-111.7585869998584,40.27992199966743],[-111.77226400007777,40.28014999982462],[-111.77277700008875,40.34103799987241],[-111.77929800009359,40.347660999710705],[-111.78157400044351,40.34767199970921],[-111.78175099999552,40.341930000282446],[-111.78402499979731,40.34192899994856],[-111.78554200008897,40.33952599968435],[-111.79529599997039,40.34301299989283],[-111.79689799975257,40.34557800020747],[-111.79935599967736,40.345627999800975],[-111.79936599972312,40.34272500017427],[-111.80228800015344,40.34199199972981],[-111.80580200023743,40.345393000225364],[-111.81919099967841,40.35131899971233],[-111.83517799968459,40.35584400029089],[-111.86099899993816,40.36040100032869],[-111.88732099960883,40.36066399983741],[-111.8935350003653,40.359181999745665],[-111.90053300039611,40.35463199979686],[-111.90285900007645,40.34973699976654],[-111.9091440000797,40.34363000009364],[-111.91144999966856,40.33818500023552],[-111.89880600004217,40.3314080000628],[-111.895401999563,40.32355899968076],[-111.88423099984735,40.31254699966582],[-111.8840240001581,40.3099840003026],[-111.855806999904,40.26821900028928],[-111.84643799998703,40.268597000221305],[-111.84786900006497,40.26665700021596],[-111.85226900042886,40.265919000098485],[-111.85209299980345,40.264110999724295],[-111.85375800023311,40.26505499976095],[-111.85238099968356,40.26367899967075],[-111.85427000041919,40.264542999761005],[-111.85574199960669,40.262383000094786],[-111.85525899973291,40.25158000025271],[-111.85777399955916,40.25037099967212],[-111.86222800034973,40.24222499995408],[-111.86763700011885,40.22417600026686],[-111.87708999970141,40.20470499986679],[-111.88085599968049,40.19979500019564],[-111.8872400003163,40.19773300030424],[-111.89104899995309,40.19096500030978],[-111.89579900012136,40.189169999967135],[-111.90909100037626,40.176978000332234],[-111.92825000015971,40.15206800019135],[-111.93337699989652,40.14110799995757],[-111.94143600010938,40.13072300024362],[-111.94290599964707,40.12496300005297]]]}},{"type":"Feature","properties":{"GEOID":"49027","NAME":"State Senate District 27","BASENAME":"27","STATE":"49","SLDU":"027"},"geometry":{"type":"Polygon","coordinates":[[[-113.55806000025144,37.00028899999887],[-112.5659999996799,37.000684999663996],[-112.56592400041023,37.004065000178656],[-112.57581200018598,37.00405799990498],[-112.57581200018598,37.01484700012494],[-112.56526599973598,37.01497800017379],[-112.56523399994893,37.02243399982258],[-112.55637800004295,37.022362000033915],[-112.5562769997606,37.026844999965434],[-112.55185200018065,37.02591700026499],[-112.55179600010415,37.033108999898474],[-112.56076300033824,37.03319600011454],[-112.56075699959213,37.036639000253885],[-112.55623800030087,37.036647000004926],[-112.55625400019437,37.04031800012935],[-112.54732600031838,37.040310000048024],[-112.54740300031126,37.0374020003257],[-112.5429350001753,37.037431999803474],[-112.54288400012167,37.03960000004819],[-112.53834999986347,37.039601999908086],[-112.53835800025938,37.047533999769485],[-112.54287400007594,37.047525999731576],[-112.54288999996945,37.05113199981321],[-112.54742500005256,37.05111199994804],[-112.54741500000682,37.054751000346975],[-112.53526299957672,37.05476400006672],[-112.53714599956625,37.06006200015866],[-112.53613600033613,37.074124000082364],[-112.53848299993287,37.07800300017627],[-112.54308099976517,37.0949859997848],[-112.5477010002371,37.10074800000224],[-112.54916599975188,37.10797300031217],[-112.5454409997807,37.109337000067185],[-112.5472929998081,37.11204600015772],[-112.54338299988896,37.11503399980139],[-112.54526199968053,37.116049999682794],[-112.54273699980858,37.11718199966149],[-112.54515200007569,37.11831399990676],[-112.54442399997954,37.12109900018677],[-112.54029999980015,37.12364200010408],[-112.54244999975339,37.12615500034974],[-112.54125600040025,37.129198999794696],[-112.53910800009683,37.12934100031202],[-112.54113900022439,37.12986299968152],[-112.53975900020008,37.131818999943135],[-112.54130300025592,37.13271499983955],[-112.53872300013236,37.133726999701295],[-112.53872200030746,37.1367300002539],[-112.54066300002333,37.13875800028454],[-112.53909100037839,37.139718999902485],[-112.54029200030257,37.1425259996436],[-112.5379430001577,37.14668500005596],[-112.53886899972223,37.149948999736324],[-112.54059100005331,37.15055899985824],[-112.5378589995938,37.1527560000199],[-112.54119399957766,37.15508599987796],[-112.53798800036353,37.156508000104466],[-112.53847999955981,37.16430400031667],[-112.53596700028172,37.167798000153425],[-112.53750999961433,37.17122100001166],[-112.53528500021633,37.17490599992263],[-112.53634100037556,37.179571000334185],[-112.5385919997128,37.18124199986891],[-112.53782299960878,37.18380700003923],[-112.54082200003198,37.186152999706664],[-112.54053999999968,37.18925199994378],[-112.53564900026441,37.19502000030164],[-112.53632799995675,37.19918999981692],[-112.53820900029646,37.19971199999076],[-112.53927299995328,37.202936999888124],[-112.53778199960091,37.20527199991338],[-112.53883799976009,37.21362800021807],[-112.54221499957677,37.22164899975955],[-112.54434500033682,37.22303999996254],[-112.54075599990975,37.2325050001803],[-112.54496700012776,37.238696999670395],[-112.54408800041888,37.255622000343884],[-112.53620400010817,37.258038000232496],[-112.5364850003156,37.25940099998705],[-112.53297899972918,37.26105300011235],[-112.53018600006861,37.265567999760876],[-112.52672800006108,37.266934999659966],[-112.52542300037986,37.26556700031253],[-112.52072799956485,37.26607100014144],[-112.52046599962404,37.2675320002901],[-112.52384699963865,37.269978000177254],[-112.51363699964763,37.27259499995613],[-112.51320900002547,37.27533100007011],[-112.50647799995836,37.27682699973005],[-112.50585000031964,37.28028299999513],[-112.50134500037375,37.28197300024531],[-112.49866999981565,37.28558099965381],[-112.49418900015921,37.28800599985343],[-112.49505600017253,37.28863700005432],[-112.4924919999425,37.2900060002647],[-112.49207600001589,37.29201299979681],[-112.48267600013678,37.29456300017753],[-112.4845289999891,37.29594299996803],[-112.48115399982225,37.301294000289026],[-112.46514000005189,37.31879200032793],[-112.45629099981859,37.32424199965726],[-112.45340699992143,37.341527000144175],[-112.45023299959604,37.34837700019283],[-112.45014899993045,37.35804100014319],[-112.45171899992555,37.36061899980113],[-112.45115400003603,37.37009900028349],[-112.44938700039745,37.374460000336754],[-112.45100900027107,37.38058600003486],[-112.45013600040998,37.38289799976384],[-112.4469620000846,37.384659999913225],[-112.44359899961333,37.39424599991154],[-112.42437200005783,37.39075500021765],[-112.41282200022547,37.39783700005048],[-112.30600099956096,37.39858099994589],[-112.30600899995689,37.40962400010258],[-112.28444699960193,37.40962800022535],[-112.28484300033534,37.413595999644286],[-112.2662240003271,37.41323899998229],[-112.26621199973323,37.42772799971519],[-112.25704000035805,37.427707999652576],[-112.25676699964825,37.43134800008381],[-112.23891900029216,37.43124899965816],[-112.23893900038362,37.43482899964341],[-112.22071399966235,37.434871999675515],[-112.22076100041635,37.449776999910334],[-112.20122099996809,37.449811999680556],[-112.20132600044839,37.521832999812375],[-112.18307800016088,37.52180099979341],[-112.18299000029732,37.536859000257955],[-111.84080900010989,37.53579499965267],[-111.8408180003307,37.5397090002739],[-110.84608800012224,37.54059199982658],[-110.85605700008882,37.55499900026978],[-110.8623139996047,37.58107499996565],[-110.86467899964309,37.6103400002205],[-110.86786499966406,37.61603999990856],[-110.8799559999948,37.621950999882706],[-110.9097149997566,37.6576370000762],[-110.93106700004928,37.71027499972717],[-110.96345500033844,37.76909300001831],[-110.97345299971903,37.79454400026963],[-110.97548399984657,37.8043989998436],[-110.97303799961733,37.81227799975849],[-110.98159899997054,37.83301299989968],[-110.99468100016317,37.84386400024057],[-111.01268199968014,37.85569699979388],[-111.02998699978636,37.88390999994872],[-111.03646500013346,37.897373000194676],[-111.05063699992215,37.918356000193924],[-111.05649000010528,37.93658600005848],[-111.06879399997305,37.96597599974169],[-111.08244699990297,38.00703899985725],[-111.0784569996179,38.010421000144994],[-111.07826099979934,38.014045000282565],[-111.06566300020371,38.021438000117946],[-111.06500999955232,38.03036999995718],[-111.11438599975524,38.030529999773755],[-111.11430600028763,38.059778000290066],[-111.12346500014232,38.059777000161205],[-111.12332100020227,38.074279000127],[-111.11456499985538,38.07416199966398],[-111.1144660001212,38.08864500020948],[-111.10511899994553,38.088701999883675],[-111.10516999999913,38.09587799989734],[-111.09582100017367,38.09593399995242],[-111.09610499985578,38.11745200032593],[-111.10529100037297,38.11736999997195],[-111.10538400025938,38.12427099997493],[-111.11465400044216,38.12505999997967],[-111.11453800009122,38.15235700013596],[-111.11964200026182,38.15238699990501],[-111.11952799956069,38.192761999725896],[-111.13752300012818,38.1928960002989],[-111.13947700026286,38.28385699967888],[-111.11960000042902,38.28533300032201],[-111.11960299990376,38.3245029998996],[-111.13835900017938,38.32448500017282],[-111.13837599989782,38.338954000268124],[-111.15680499993528,38.33903599991845],[-111.15697399998967,38.38241299967502],[-111.17529000004923,38.38246099975153],[-111.17517399969829,38.396815999859186],[-111.19357900034463,38.39679299974205],[-111.19345600032096,38.42576499968641],[-111.17507499996408,38.425717000209225],[-111.17523899999561,38.45471700035077],[-111.19362600020027,38.45460800031013],[-111.19340199989429,38.468805000008274],[-111.2483579995706,38.46917299989623],[-111.24894400027482,38.499830999824134],[-111.30570099992488,38.49999800031196],[-111.30701099962899,38.67233100026854],[-111.29913800008727,38.67232900003623],[-111.29843199973244,38.75180399968666],[-111.29817700036263,39.016823999881794],[-111.29938400013458,39.017822000216874],[-111.29972300006827,39.29453599965883],[-111.30125600025346,39.32343900016279],[-111.30090499972587,39.46723700029998],[-111.24774800037352,39.46719899987827],[-111.24749599958014,39.81302800006482],[-111.52835700044531,39.812026999972495],[-111.62147300040304,39.81316599972901],[-111.75466500024369,39.81226599978065],[-111.76634300012256,39.81062500012459],[-111.75848099955317,39.824497999876066],[-111.74877000022775,39.833106000087525],[-111.75011900028991,39.84103200014911],[-111.74660900040388,39.85002300032111],[-111.7377690003914,39.85131000005449],[-111.73409100027585,39.8539010000463],[-111.73800000037008,39.86410699979857],[-111.75100399984659,39.87159600012947],[-111.75212899960276,39.8740100000391],[-111.75706200006914,39.87568399972416],[-111.76095699991967,39.883685999945556],[-111.7587209997527,39.88760600029176],[-111.75561699974752,39.88929000015901],[-111.75128900025196,39.899200000207486],[-111.75386799965226,39.901857000007745],[-111.75348000021306,39.910473999936066],[-111.75581900031217,39.91826699987915],[-111.75341599974064,39.922489000282724],[-111.75608600027589,39.92694400002414],[-111.76171099995507,39.93046700018662],[-111.76613200023537,39.93735799982833],[-111.77232199980408,39.94194000024111],[-111.7772929999053,39.94946500006448],[-111.77926899978125,39.957312000331925],[-111.7840239999724,39.96283300027612],[-111.78200700008857,39.96449599994814],[-111.77654700026581,39.96453400002188],[-111.77682799957489,39.97072699998642],[-111.77806700003221,39.97074800028976],[-111.77211599993974,39.97558399991488],[-111.77689399969712,39.975596000022996],[-111.77224900000915,39.978955000222],[-111.7769139997886,39.97882500028006],[-111.77690200009303,39.980523000150114],[-111.79341200015595,39.980598999666114],[-111.79396500034991,39.978894999855896],[-111.79786299967516,39.98043300026979],[-111.79713399975411,39.988155999706564],[-111.79524800028983,39.98847199969125],[-111.79596799999005,39.994135000095575],[-111.79402999974893,39.99578400010031],[-111.79418499955962,40.003361000106636],[-111.80486699955374,40.00486399997076],[-111.80261100019362,40.00803100016345],[-111.80095099978683,40.00804000009867],[-111.80099599999267,40.01167199980123],[-111.80579600038966,40.01342299966163],[-111.80599399985806,40.02061500005355],[-111.80832299991145,40.02058700013559],[-111.8083399996299,40.02418800033531],[-111.81067700007918,40.02415999981986],[-111.81059500006342,40.01696100000679],[-111.81292999996458,40.0169369998737],[-111.81296199975165,40.018732000094936],[-111.81528599978216,40.01870499969938],[-111.81533000016309,40.022303999678236],[-111.81767299956185,40.02227500021058],[-111.81771500029295,40.02587399967827],[-111.82473900026305,40.02578799979086],[-111.82495799964782,40.033284999702104],[-111.84352399995265,40.03278200025211],[-111.84357900020423,40.040056999873904],[-111.85300500002262,40.04002099982257],[-111.85285799970951,40.05482300019651],[-111.89220499967139,40.05481899975931],[-111.89434700012706,40.05817200021978],[-111.90346999999672,40.06470900023781],[-111.89773599963927,40.06219499991065],[-111.89950200035126,40.063954000068804],[-111.92325099957108,40.0803990000604],[-111.92747900040585,40.086605000274126],[-111.92876599964544,40.092579000206904],[-111.92795600043182,40.09355400017682],[-111.92656899983652,40.08909299988121],[-111.92718499977966,40.095219000140645],[-111.92938499996161,40.095010000259464],[-111.9198369999445,40.09927799994958],[-111.91672000041883,40.1044790000348],[-111.9314529998991,40.11238200017684],[-111.94085600015124,40.119852999717544],[-111.94287800005796,40.12373899988977],[-111.94143600010938,40.13072300024362],[-111.93005699998126,40.14757599987003],[-111.96166699994555,40.15101099979788],[-111.96578899957679,40.14576900014294],[-111.97266000028429,40.14728300009313],[-111.97399400027784,40.14545899995885],[-111.98873599997896,40.14071399981028],[-111.99993699983182,40.14417900025646],[-112.00560400024214,40.142931000330464],[-112.00901899969364,40.13682299999406],[-112.01898199981244,40.128685000200456],[-112.01937500017284,40.124592999729366],[-112.0165280000856,40.119605999669716],[-112.01706700003587,40.11761399991378],[-112.02585099997181,40.113914000060895],[-112.0355780000891,40.104309999791234],[-112.04831899979985,40.08679600014814],[-112.05507699963113,40.084417999807606],[-112.09703700022685,40.08596899979901],[-112.11498099984243,40.08039499975028],[-112.13071799960335,40.086224000284886],[-112.13221499980352,40.090838999799395],[-112.13765700008291,40.08997100031284],[-112.14252699990178,40.09319600012401],[-112.15714999977719,40.097947999866875],[-112.1579459996454,40.08910699986424],[-112.17141000032775,40.085551000316066],[-112.1745479997698,40.08183399993712],[-112.17405999987318,40.07969899994199],[-112.1759610003044,40.07771599974452],[-112.17197900041523,40.069053999926155],[-112.17314900037724,40.0662389997486],[-112.17998400020143,40.067219999791874],[-112.1837690004471,40.059963999825165],[-112.17871999962976,40.053380000172126],[-112.17761400014018,40.04735600020357],[-112.17198000024013,40.03957999988624],[-112.17485099971852,40.03543899994832],[-112.17397100018474,40.03285599990074],[-112.17751100020801,40.02969800006999],[-112.17689400043993,40.01942999998804],[-112.17980000007842,40.01165600030816],[-112.18654100019128,40.00614099986099],[-112.19168899984449,40.0040670002667],[-112.19986199986019,40.00414500006655],[-112.20222600007367,39.99963800007455],[-112.22449200023533,39.98854099965901],[-112.22588300013028,39.98616900009569],[-112.22475900019901,39.98215699968121],[-112.2367269996078,39.96663400003358],[-112.23637299960546,39.96043499970354],[-112.24059600041736,39.95747999973962],[-112.24493700033173,39.95704700001735],[-112.2494409995544,39.950431999856306],[-112.25422000003498,39.95059400014381],[-112.26080100031427,39.94275199996568],[-112.2672319999074,39.94176700032089],[-112.2702949999047,39.93901700011745],[-112.27828700017044,39.93924499978368],[-112.28083200013388,39.94137000006067],[-112.28244200031196,39.939887000163964],[-112.28691999959536,39.941130999995536],[-112.30203899976331,39.93664300010001],[-112.30550799964148,39.939967999755034],[-112.3065510002802,39.94544700003603],[-112.30929000041239,39.94496600001157],[-112.3093549998114,39.948393999692804],[-112.32351400007964,39.94449400009217],[-112.33271200029239,39.95263200018142],[-112.33469800021409,39.94567800027759],[-112.3380230001522,39.94557100016131],[-112.33977999974508,39.94368099967445],[-112.33544600040172,39.93085700027534],[-112.33708499999379,39.92757300023496],[-112.33533500007364,39.923673000224795],[-112.3430829999419,39.910847000051604],[-112.34198800032294,39.90445800022734],[-112.60392700033285,39.90367499987848],[-112.60299199964913,39.88739699969189],[-112.59899499969137,39.87011499982175],[-112.59012700008981,39.802438000302985],[-112.58481200003202,39.779590000018565],[-112.59002699963237,39.766493000041294],[-112.59114600043908,39.75602199991652],[-112.59977399984113,39.73861500022354],[-112.5897389997523,39.62347200031094],[-112.59281400034348,39.59882400028638],[-112.60132399974475,39.577886000147465],[-112.61197599960165,39.57049999988776],[-112.63268299963887,39.54940500014475],[-112.64919000022705,39.52423199978057],[-112.64954900025224,39.50880999974345],[-112.62825100038623,39.50822599972545],[-112.56522700027624,39.49201799989005],[-112.44113200036598,39.46621299971297],[-112.43324499968224,39.46177299989363],[-112.50336100043269,39.39688800033793],[-112.50067199963088,39.39693299975952],[-112.50072299968451,39.39330499995406],[-112.49603799981358,39.39331899969402],[-112.4962239995864,39.348583999935514],[-112.46922800024626,39.29592499991939],[-112.45213300020235,39.26739700031514],[-112.44282700003457,39.25599199971498],[-112.41001899962086,39.20361000031222],[-112.40990599964294,39.15495100031131],[-112.46595400036176,39.15587099970312],[-112.466597999894,39.15447199995027],[-112.48204500012501,39.154412000072234],[-112.47798899971771,39.12708099996436],[-112.47265899959127,39.11653400020332],[-112.48121599974655,39.10344500028656],[-112.4876480000629,39.10191800021779],[-112.49471999971354,39.094835000250534],[-112.49687999971252,39.089905999692725],[-112.49767300010599,39.08150699988588],[-112.49610899995868,39.07215499981653],[-112.49780299980235,39.071516999656396],[-112.50220200034133,39.06255899987531],[-112.50112199989269,39.057961999651546],[-112.50360499993185,39.05159100006057],[-112.50636599980537,39.05026500013591],[-112.50671499978483,39.042362000075194],[-112.5102759997245,39.03931900003924],[-112.51823500037825,39.02252400034381],[-112.52675599965018,39.01862400008029],[-112.53174500019306,39.00968199993514],[-112.53047599959852,39.00606899969667],[-112.5114020002039,38.994034000028805],[-112.51096199998786,38.985727000269186],[-112.50854500007092,38.98441099987467],[-112.51571100033121,38.97730199966689],[-112.52004899987251,38.981945999799755],[-112.52297399977758,38.98029299989202],[-112.52796900016823,38.98125499975313],[-112.53572899973203,38.97703099969875],[-112.54281100032672,38.97749799997677],[-112.55913300006867,38.97424999987244],[-112.56562200028645,38.969918999832274],[-112.56854600036658,38.9648980001556],[-112.57080500009977,38.95371800013349],[-112.56729199984065,38.94858500017516],[-112.56962000006914,38.94151699990287],[-112.56009799999127,38.94260799986213],[-112.53984700006365,38.9415339999407],[-112.54578999976015,38.93532799983722],[-112.55415000027189,38.93353700006083],[-112.56550299956244,38.92377299967424],[-112.56937400002182,38.91399199981982],[-112.56749100003229,38.90575699995484],[-112.56095499995884,38.89340799988154],[-112.55167200025562,38.89246400011222],[-112.5513910000482,38.89114400023035],[-112.53586299962633,38.886349000301635],[-112.53577399993787,38.88502800012864],[-112.54122600026302,38.881664000001145],[-112.54011300020241,38.88087299993828],[-112.54151499996803,38.87715300033486],[-112.54035900024972,38.86268399993511],[-112.5421269997132,38.84836400007634],[-112.54644500006134,38.84837399968452],[-112.54767600012273,38.83145499970619],[-112.5517209997611,38.829295999997015],[-112.55235000012303,38.81510299995606],[-112.5423159998591,38.815174000019006],[-112.54264899994504,38.77752000015643],[-112.55168300012625,38.76887799981784],[-112.55648400034815,38.76671200017815],[-112.55505699956987,38.764721999806305],[-112.58743200033852,38.73525100005784],[-112.59787499995807,38.71914700022911],[-112.60233200022338,38.69882000013656],[-112.60079099964229,38.69266700012515],[-112.60181599983933,38.686642000142385],[-112.58979700037692,38.67351099994587],[-112.58819700024459,38.66872599998856],[-112.6092830003985,38.63638000020378],[-112.6080230000248,38.62962499967601],[-112.60957399975331,38.6224700003436],[-112.60850400024874,38.60046799982093],[-112.60371899992039,38.581305000107776],[-112.60347899972085,38.57273300030425],[-112.5153940001388,38.572845000339825],[-112.51854099980171,38.566609999771515],[-112.51529399968138,38.55684199982473],[-112.51715499992962,38.55473700012874],[-112.51763500032864,38.546197000249165],[-112.51582000011115,38.54169600018723],[-112.51580300039272,38.53061700025355],[-112.5180129997221,38.52457800012142],[-112.52262700034625,38.52118000013668],[-112.52183800015074,38.51748200033364],[-112.51887700026067,38.5149380001565],[-112.51648999958267,38.503672999913114],[-112.5141470001839,38.502250999717496],[-112.51882200000911,38.5000289996611],[-112.51598400014268,38.49432600006424],[-112.51218300000347,38.49215800014726],[-112.5101069996701,38.48877500010688],[-112.51218499965331,38.485083999864784],[-112.51913500000353,38.48107900012781],[-112.51914199967624,38.47870900016373],[-112.51340700039218,38.475832000322654],[-112.509790000376,38.46757499965918],[-112.50153399962133,38.46599999977721],[-112.50095500038641,38.46268199993415],[-112.49673900014554,38.458045999754255],[-112.49718600003426,38.45557100018402],[-112.49338099969712,38.451624999943114],[-112.490055999759,38.45297600001245],[-112.48745300006924,38.448990000271195],[-112.4792289999999,38.44804900006559],[-112.47281500012522,38.44396200014645],[-112.47026699978872,38.44011399970453],[-112.46712199977566,38.43982000005107],[-112.4530110000863,38.42923199978345],[-112.45150800003837,38.41907200025765],[-112.44353500003922,38.40530599997059],[-112.4338189997926,38.40182500025958],[-112.4211609999225,38.410968999802094],[-112.41704799961377,38.41950700001899],[-112.4122410004424,38.4193129998196],[-112.40303400000884,38.41560100022769],[-112.39765600020185,38.40487600008959],[-112.40386300038732,38.4004530001149],[-112.40379499971694,38.39475700029908],[-112.39966300003996,38.39108600023353],[-112.39788999965528,38.386265000113866],[-112.39138999956683,38.38063299999082],[-112.38019299991188,38.379862000292036],[-112.37415099958287,38.377114000295244],[-112.37124499994441,38.36903700028253],[-112.36737199983519,38.367000999841174],[-112.36310299989086,38.361809999975875],[-112.36414999982924,38.35937400003214],[-112.3619299995558,38.35587700002554],[-112.35233100038336,38.34915199978162],[-112.34401500025253,38.34775999977641],[-112.33843300023105,38.34046600019028],[-112.3353810001044,38.332827000186136],[-112.33857999964583,38.330695000061795],[-112.34086500021658,38.325261999932806],[-112.34158599974174,38.31472000011232],[-112.33874100020262,38.31239999985447],[-112.34860399986401,38.3048920000329],[-112.3493849996636,38.30011199979924],[-112.34696600009686,38.29174499974555],[-112.34986099986467,38.28353300000937],[-112.35382000018761,38.278459000352],[-112.36279300026945,38.27198400027722],[-112.36841799994863,38.25983800021724],[-112.37396300016023,38.25718199987723],[-112.38083300014449,38.25061699991843],[-112.37984700030549,38.24436599966403],[-112.37526299981857,38.24214499999384],[-112.37478800034073,38.239104000104575],[-112.37158100040338,38.23828099982142],[-112.37143999993806,38.23481800004745],[-112.36323400031043,38.22706399978158],[-112.35705999973692,38.2249579998708],[-112.3649299998039,38.2151209997795],[-112.37549299997234,38.21069899982101],[-112.38390399963941,38.21063100023707],[-112.39053400032249,38.2064309996646],[-112.39520099975178,38.20590600011199],[-112.39784500034774,38.19935000009974],[-112.40882000024482,38.19340200030252],[-112.41052699960896,38.18856899965999],[-112.42274099996337,38.18319899988455],[-112.42428400019426,38.18094500006341],[-112.42245399990819,38.17082399968143],[-112.42639899998743,38.1667589998976],[-112.43501300004407,38.163340000043796],[-112.43220600013979,38.1567100002283],[-112.43365099956311,38.15346299999385],[-112.44399399962353,38.151348000292174],[-112.44421399973157,38.150000999938946],[-112.462430000232,38.150000999938946],[-112.47882200029413,38.147418999820445],[-112.47896500040926,37.9777310000027],[-112.46702100039161,37.97773000016973],[-112.46830000013358,37.89046300035228],[-112.58851699991173,37.890367000141005],[-112.58855999956944,37.88215199977987],[-112.57847000012735,37.88214699978366],[-112.57854999959496,37.80453999970327],[-112.64273399962124,37.80668200016188],[-112.68929700007213,37.80558999967503],[-112.68912100034503,37.71721299971057],[-112.68575700004884,37.717337999669],[-112.68677800004795,37.66033099985037],[-112.6852120002508,37.63236100014548],[-112.68359200002699,37.63188600025176],[-112.68375000021072,37.54369199978264],[-112.90116199992016,37.54348599986901],[-112.9009240002688,37.50002199992623],[-113.03708799987015,37.49974799986311],[-113.03704799968719,37.47447400017405],[-113.14608399970393,37.47429800017363],[-113.14610999964322,37.48102800010857],[-113.22085699983792,37.48198300017434],[-113.23601100016596,37.425926000163514],[-113.23431599959906,37.414113000235616],[-113.24916399960539,37.37819999997963],[-113.26056500037313,37.36394899977734],[-113.26920000034619,37.34878700029129],[-113.29616999974706,37.30959999983006],[-113.29940500017183,37.294248000109896],[-113.30635799999678,37.28364000005364],[-113.30447699965706,37.282280999939694],[-113.30309900018088,37.276209000147105],[-113.29714700026355,37.27356999964778],[-113.29334500029945,37.25975599967875],[-113.28827600028895,37.26071499968267],[-113.28640199962192,37.25907999996131],[-113.28368299958119,37.245417000223796],[-113.2808940001186,37.23953900017933],[-113.28176500032986,37.22518699986573],[-113.27219999969599,37.214918000336475],[-113.27229099993258,37.20167499999295],[-113.27815599981129,37.18914599973615],[-113.28395700011589,37.181377000354374],[-113.2844990004392,37.177367000037194],[-113.33379600010112,37.176337000157545],[-113.38280800025596,37.165377000053944],[-113.38969400013377,37.161610000353406],[-113.3952009998122,37.16264799987626],[-113.40014799962397,37.158668000156425],[-113.40573700021646,37.15025300015155],[-113.41005100036665,37.14780899990842],[-113.42168300021476,37.13513799973545],[-113.42162100029049,37.12675799998629],[-113.42615300000054,37.12673499973076],[-113.42570000026402,37.123957999660824],[-113.43059900039519,37.11950099989796],[-113.43065799994643,37.11510199974255],[-113.43691199998756,37.11254100015786],[-113.45049799997034,37.11412800025751],[-113.45835100031888,37.11215000022794],[-113.47711599991702,37.11207700025558],[-113.47697600017494,37.09635799972152],[-113.4948289995539,37.0961749998106],[-113.49652800031876,37.08895900034287],[-113.5178989999797,37.08876999976986],[-113.51780600009327,37.081495999937566],[-113.52233299978047,37.08080600035041],[-113.52230900038936,37.0241200002292],[-113.52024200027678,37.02326399994976],[-113.52193699994535,37.0199370000155],[-113.5154419998798,37.0176789998061],[-113.51717900027948,37.01349099974577],[-113.5132309998272,37.00883700015557],[-113.52753200038565,37.004919000034995],[-113.53999199988901,37.00510399993418],[-113.55806000025144,37.00028899999887]]]}},{"type":"Feature","properties":{"GEOID":"49016","NAME":"State Senate District 16","BASENAME":"16","STATE":"49","SLDU":"016"},"geometry":{"type":"Polygon","coordinates":[[[-112.02463400015414,40.638551000312034],[-112.0240969998537,40.587916000062776],[-111.99096899977285,40.58787900020566],[-111.99076999958123,40.58059600010309],[-111.94817200019938,40.58045999971242],[-111.94408099963196,40.58046200011143],[-111.94515299968468,40.58773099989042],[-111.9291869995949,40.58779099985492],[-111.92925600009019,40.63134200020854],[-111.92707099997683,40.631344999887084],[-111.92652500035389,40.63458999975323],[-111.92695799999895,40.63794299971597],[-111.92925400044037,40.63794999986422],[-111.92937099971792,40.64255600029504],[-111.93206100034463,40.644415999847624],[-111.92938099976367,40.64728899987238],[-111.92955099964297,40.65300999998466],[-111.93879900008443,40.653171000260244],[-111.93884000009231,40.667652999939776],[-111.97701100024442,40.66754899966013],[-111.97693799955114,40.645816999678075],[-111.97839299991853,40.64581499987148],[-111.97672599983903,40.63857299989347],[-112.00459199956555,40.63857999997566],[-112.00393600033776,40.640314999753606],[-112.00545899957885,40.64029999996647],[-112.00538499995902,40.63860500026317],[-112.02463400015414,40.638551000312034]]]}},{"type":"Feature","properties":{"GEOID":"49018","NAME":"State Senate District 18","BASENAME":"18","STATE":"49","SLDU":"018"},"geometry":{"type":"Polygon","coordinates":[[[-112.06962500006178,40.496890000246246],[-112.06741700038222,40.496869999973974],[-112.06743199955253,40.489470999882414],[-112.0575589998454,40.493512000340566],[-112.0564969998384,40.49170900022212],[-112.0542280000595,40.493187999787594],[-112.0320310003931,40.49326200031746],[-112.01530899971978,40.48323199983234],[-112.01111799959325,40.483017000317155],[-112.00865299999576,40.479241999955434],[-112.00465699986287,40.47843499974271],[-112.00479400013025,40.45655800003345],[-112.0374300001165,40.455513000267196],[-112.0401490001572,40.44921300028017],[-112.03848000042791,40.445786999911604],[-112.0402460002416,40.44266100018054],[-112.03742900029158,40.43939600032642],[-112.03469500018225,40.424162000053],[-112.01590000044689,40.40941799994256],[-112.01403800037374,40.40304799992851],[-112.01483400024195,40.39785599993068],[-112.01087699956882,40.391866999742234],[-111.9784199996827,40.39127899974806],[-111.97839100026872,40.3949619997702],[-111.94975300006512,40.39477600028907],[-111.94971899972995,40.39109900003595],[-111.9544680000733,40.39106600008219],[-111.95448399996681,40.38394499993661],[-111.93540300000119,40.38703399998584],[-111.93537799988684,40.39152800001627],[-111.9297430001619,40.39158000030503],[-111.9297430001619,40.39436300021488],[-111.92828399959657,40.3951720001117],[-111.93132900005052,40.39801400007077],[-111.92886000025507,40.399503999921365],[-111.92350599983922,40.39840400029298],[-111.91923000022217,40.39938500016744],[-111.92727799966607,40.42772399973285],[-111.91988200015034,40.4342199998189],[-111.91949600036097,40.43928300017903],[-111.92166499968245,40.441147000086545],[-111.919119999719,40.443190999936995],[-111.91485400014773,40.45223799997817],[-111.91331299956663,40.452522999695404],[-111.91428599988515,40.459196000117444],[-111.91307200044052,40.46420699997594],[-111.9018919996057,40.48052599991245],[-111.89176600017859,40.49106799976608],[-111.89094400037112,40.50002300022119],[-111.88180100040994,40.500680000238],[-111.8817849996181,40.5339480002379],[-111.88315100029702,40.53453099972069],[-111.88318200025915,40.537024999952614],[-111.88176500042492,40.53702300030336],[-111.88174699998326,40.544322999964855],[-111.9165699997327,40.54426500004544],[-111.91679900006154,40.540671000021426],[-111.91846699996593,40.53978800015156],[-111.91645299955682,40.538337000061716],[-111.91742199967739,40.53688999993841],[-111.9291310004167,40.53797700032499],[-111.92912399984571,40.54035500020774],[-111.93392099986964,40.54047699994519],[-111.9386690003881,40.53917199967465],[-111.93868799975634,40.53688499978095],[-111.99997700001481,40.53696199970675],[-111.99838600010331,40.522348000268586],[-112.0101069996399,40.52221500013859],[-112.01882700000175,40.51586499976307],[-112.02510199995928,40.51429400024951],[-112.0435419998674,40.51369399969281],[-112.06501600035881,40.50962299966579],[-112.06501299998578,40.49728199973398],[-112.06962500006178,40.496890000246246]]]}},{"type":"Feature","properties":{"GEOID":"49026","NAME":"State Senate District 26","BASENAME":"26","STATE":"49","SLDU":"026"},"geometry":{"type":"Polygon","coordinates":[[[-112.57584499979795,37.00482900034784],[-112.56592400041023,37.004065000178656],[-112.5659999996799,37.000684999663996],[-111.1505760000085,37.000949999809755],[-110.62569100023332,37.0037249997718],[-110.49029900021071,37.00362799979258],[-110.46973299974047,36.99765700001516],[-109.04517199995568,36.9989769999816],[-109.04563999976084,37.35972300017304],[-109.04157199965796,37.562138000329526],[-109.04257199974066,38.15701599979706],[-109.04283500040471,38.16626799973214],[-109.060204000085,38.27823799969793],[-109.05982400014341,38.71474599978691],[-109.05402200001389,38.87716100000002],[-109.05274800029481,38.99071700001907],[-109.05116599970583,39.14260300004778],[-109.05122599998028,39.49773899993814],[-109.0529380002656,39.49716400015415],[-109.0572540000656,39.49981299981472],[-109.0629630003087,39.499616000241076],[-109.06850699979702,39.495549999776976],[-109.07285299973427,39.499874999843044],[-109.07675299960766,39.48919100029616],[-109.08034600023271,39.4904660000719],[-109.0829160003105,39.489373999748445],[-109.08756799967118,39.49233299991009],[-109.09025800029788,39.48409299988906],[-109.0960870001916,39.4788549999791],[-109.09586700008356,39.4713559999445],[-109.1042970000172,39.46937199967049],[-109.1045099995542,39.46365799990485],[-109.10690800010289,39.462099999904744],[-109.95334900004404,39.4618010003089],[-109.95334900004404,39.46927000023438],[-110.02396299983855,39.46926800027112],[-110.02109700038305,39.47165400014724],[-110.02383399996712,39.474259000054595],[-110.02445900013112,39.47780500000972],[-110.01654700023131,39.48446599991501],[-110.01467599993734,39.49090199996082],[-110.01781400027772,39.496785000021234],[-110.02233500011714,39.49953599982905],[-110.02308699960442,39.50642100021782],[-110.02566799955288,39.51196599985875],[-110.02542900007658,39.52114599966905],[-110.02739599973172,39.524016000208114],[-110.03478299992494,39.52319499988357],[-110.0397359995845,39.5249849999561],[-110.04299899959834,39.52984699970447],[-110.04822999999055,39.533149999755466],[-110.04414799964397,39.535571999925864],[-110.03385999983514,39.53648899980844],[-110.02953099961634,39.54018599981021],[-110.03055199961545,39.54303199990707],[-110.02801400022301,39.54808100022127],[-110.02870700015905,39.554299000163276],[-110.03277400043702,39.558603999939656],[-110.03719200034428,39.560256000253],[-110.03809699999242,39.56678899997047],[-110.03182600023285,39.577344999729604],[-110.02293400034185,39.579948000042265],[-110.01855099969639,39.586160000060154],[-110.02108800016222,39.589992999868144],[-110.0249799996397,39.59119999978444],[-110.02852600040907,39.5948259999134],[-110.0289780003207,39.600650999922706],[-110.02498100036293,39.60344999986162],[-110.02381300005074,39.607336999894045],[-110.0180390004086,39.60919900003137],[-110.01767000033769,39.61307000002281],[-110.01298299991859,39.61621599997087],[-110.01130300031863,39.624961999805365],[-110.0088239995791,39.625985999776056],[-110.00232000019105,39.624539999993445],[-109.9972269998911,39.62669000026293],[-110.00529100012685,39.63434200023775],[-110.01138500033441,39.637208999892586],[-110.01053099984156,39.646471000259275],[-110.0053730001426,39.6477020000868],[-109.99988900003042,39.64570200012374],[-109.99601900029425,39.646190999868786],[-109.99159800001394,39.65285199999317],[-109.98782600018707,39.65531300010914],[-109.9869280002116,39.65818399980928],[-109.98810700039446,39.660038999731114],[-109.98443400030179,39.663981000037026],[-109.98752700043633,39.67463899999422],[-109.98483400033489,39.679349999875384],[-109.98596400011394,39.68220700024384],[-109.99051000006767,39.684748000073284],[-110.00330000018226,39.68255499995934],[-110.00521800033192,39.684158000045954],[-110.005105000354,39.687175000269],[-109.99426799965087,39.6933099998179],[-109.99346799958468,39.70350900019013],[-109.98469000039482,39.70510800013984],[-109.97763600028755,39.704128000198246],[-109.97235700021474,39.70610200033605],[-109.97058700020311,39.70947799998857],[-109.9781059997425,39.71532200014497],[-109.98333499958656,39.725588000023784],[-109.99289299964944,39.73061100008665],[-109.99286500006033,39.73732499965703],[-109.99150500012753,39.73935599978499],[-109.98489399971102,39.74133000023919],[-109.9708750000832,39.74303599998682],[-109.96532599967367,39.742233999998795],[-109.96070699992498,39.73780499992535],[-109.96148799972455,39.725086000335075],[-109.95250399977205,39.71912100026277],[-109.95015899982515,39.71958199993584],[-109.94830599997282,39.722836999934145],[-109.95397400020804,39.72995300014178],[-109.95380500015364,39.73458300017729],[-109.94739700012673,39.74010900026931],[-109.94507599957095,39.74995199979926],[-109.94143299961549,39.75042299986374],[-109.93412199959026,39.74726900003001],[-109.93035999980911,39.7490220001092],[-109.92512299956913,39.767556000212686],[-109.9209740001737,39.77341300020183],[-109.92373900024518,39.78478400034003],[-109.92859300017052,39.79148200032481],[-109.92941199960495,39.79664799970684],[-109.92561600038694,39.79926899984798],[-109.92163000029984,39.79936400005039],[-109.91959999999717,39.794833999773964],[-109.9187220001132,39.78603399972462],[-109.90864500019157,39.785147000054124],[-109.89973900005687,39.78857899984392],[-109.89403700038478,39.78872300012341],[-109.88323300019194,39.78412400015809],[-109.87715700042604,39.783247999728246],[-109.87391299978044,39.78630400006631],[-109.87691200020365,39.79257699973741],[-109.89056299958544,39.79778299996513],[-109.89374600013164,39.80108000005029],[-109.8913490003062,39.80340400015984],[-109.88308000003107,39.806236000151756],[-110.51819800044748,39.806719000285895],[-110.51819500007444,39.811641000109695],[-110.85778000024482,39.81328499990201],[-110.85764700017543,39.899706999913725],[-111.0831020002042,39.90005900012829],[-111.08306100019632,39.94319800027248],[-111.11842200007108,39.943484000248844],[-111.11956299972077,39.94523900025434],[-111.13124300014778,39.947392999926095],[-111.12916299961644,39.95162299987268],[-111.12023300009061,39.95710400013268],[-111.12085800025459,39.9597029997151],[-111.11804999962709,39.96173799966039],[-111.11892099983838,39.96780000031244],[-111.12405000012332,39.970476000286766],[-111.1295600001748,39.970496999978806],[-111.1300110002615,39.97286100028759],[-111.13324900016099,39.97378100034154],[-111.13503400024125,39.97615299974056],[-111.13426199976416,39.979482999657236],[-111.14166700039905,39.984352000185524],[-111.1430430002254,39.98695500004681],[-111.15189999995631,39.984954999977745],[-111.15955800031118,39.99179400006141],[-111.1651710002948,39.99001200000528],[-111.16781400016755,39.99083200031738],[-111.1698670000364,39.9997330002293],[-111.16796099958233,40.00318400004083],[-111.17166499963713,40.01065700019376],[-111.1748849999933,40.01228300025475],[-111.1770979996957,40.016064000216275],[-111.18662999981932,40.02011200004606],[-111.18962699969437,40.023278999942086],[-111.19186000038661,40.03013699968755],[-111.19770799964854,40.03117900011032],[-111.20029399961987,40.03710699999433],[-111.19898999976357,40.040041000159114],[-111.20384000038926,40.04614399994936],[-111.2038300003435,40.04929800005701],[-111.21389800004432,40.04298400007296],[-111.22295300014194,40.04062399972287],[-111.22366000032169,40.03794400023197],[-111.22670499987733,40.035692999739325],[-111.23823100031855,40.038733999772155],[-111.24082300013767,40.04380300031909],[-111.24561099994078,40.04650400028639],[-111.246999000361,40.05368699999028],[-111.24936699987411,40.05533400014192],[-111.24174100020463,40.06303299978542],[-111.24107099983479,40.06598400003939],[-111.23592400000648,40.06951700001504],[-111.24069300044133,40.0735030002974],[-111.23798500027127,40.080318999998745],[-111.24234399972897,40.085959999837165],[-111.24190900043409,40.090147999910265],[-111.23510300002391,40.09859900032004],[-111.23469799996796,40.1041909999736],[-111.22977600027056,40.10712700023572],[-111.22538900032545,40.120056999998226],[-111.22152600026197,40.12452299988713],[-111.22686200023617,40.1497020001786],[-111.22185500014996,40.15169499997549],[-111.21269899976998,40.152304999867944],[-111.21253800011151,40.15363200000053],[-111.20621700012322,40.152111000095616],[-111.20153999974988,40.15486699986917],[-111.20138300028937,40.15766100001242],[-111.1989839999158,40.16040199973344],[-111.19239099994094,40.16222399968382],[-111.19193300018154,40.16351899982183],[-111.19539500038701,40.164013999956765],[-111.197992000229,40.166863000172306],[-111.19131999971312,40.17424399978506],[-111.19751500020301,40.180439000336115],[-111.19221100001587,40.18809800003526],[-111.18500899977057,40.18980699991564],[-111.18918099963054,40.2017159997706],[-111.1867269999037,40.21402699992319],[-111.19139500005618,40.22601100017986],[-111.18855200016691,40.2331370002623],[-111.1815740002276,40.241202000044865],[-111.20843200037379,40.262820000188455],[-111.21449200024617,40.27515500007047],[-111.21906199959105,40.27871799994972],[-111.2185779998924,40.28481700008123],[-111.22072199999785,40.29731800018339],[-111.22815600004675,40.322499000049696],[-111.22941899989517,40.33468899987486],[-111.22707399994827,40.33962699995747],[-111.22665999967148,40.35162899978279],[-111.2280399996958,40.355472999871544],[-111.22622899967625,40.36241699999336],[-111.22722100026137,40.363668999964254],[-111.22518599993585,40.36495799968027],[-111.224667999902,40.36897900021248],[-111.22817699996314,40.38098900019856],[-111.2252880000431,40.384618999950895],[-111.2249850000944,40.39278099991924],[-111.22282599992033,40.39910899975033],[-111.22289899971527,40.41329100014241],[-111.2098269995684,40.41211599985853],[-111.20578299975494,40.409583999735],[-111.19889900042529,40.40846600010682],[-111.18381500041743,40.4072079997747],[-111.18101400036093,40.40947900023527],[-111.18145899970155,40.412048000062796],[-111.17695700012872,40.41531699993882],[-111.1778009996775,40.421491000031416],[-111.18814100026317,40.42607600004794],[-111.19284500040068,40.42627999977886],[-111.20010299982418,40.43197599982013],[-111.20186000031535,40.435445999960876],[-111.20134800012927,40.4404549997312],[-111.2036739998096,40.44172199981622],[-111.20498299968878,40.445177999834904],[-111.21037999976234,40.44805100018639],[-111.20926000002903,40.45015299999844],[-111.21299000002314,40.453320999855535],[-111.2164100003958,40.46016400015085],[-111.22256099960646,40.465330999751195],[-111.22243500010809,40.468990000242414],[-111.22688499980238,40.476970999845],[-111.23056399974284,40.47910800008374],[-111.23220400005815,40.48417400032153],[-111.23874400032953,40.48732100005173],[-111.24153000031741,40.48582700002688],[-111.24427699994722,40.48679299973789],[-111.25279800011747,40.49639699978937],[-111.26574399986764,40.496794999924504],[-111.27024399979065,40.49533200025334],[-111.27200899977944,40.49817899968618],[-111.2772309999508,40.49813300020806],[-111.27979199980777,40.495674999868584],[-111.29159000023556,40.497087999750946],[-111.29870999956678,40.49513300024044],[-111.3145710000746,40.494490000149696],[-111.3146289998009,40.49282000029819],[-111.34765099957654,40.49284300015462],[-111.34773599996537,40.47813900006793],[-111.3952819998822,40.4781719996808],[-111.39074500014925,40.472331999834296],[-111.3917760001941,40.471800999841946],[-111.39528400043034,40.47519800005877],[-111.39527500020951,40.47181899984097],[-111.40063399974993,40.47287999968603],[-111.40062999955197,40.47812299975284],[-111.40487099990719,40.47812299975284],[-111.40488299960278,40.47586300030427],[-111.41447099980286,40.476348000229414],[-111.414473000351,40.47812699983197],[-111.41105700017627,40.47813000023284],[-111.41097000013765,40.480279999977014],[-111.41447599982574,40.48043199998243],[-111.41447199962776,40.47911200010418],[-111.41734499965429,40.4786489999136],[-111.41626900030191,40.476756999791945],[-111.43349099966913,40.476747000072955],[-111.43929899964643,40.47408900022153],[-111.43815999964654,40.472593000017184],[-111.45005500015871,40.47219100010682],[-111.44607499991936,40.47806400026632],[-111.45193399995028,40.47806400026632],[-111.4527299998185,40.47261999969541],[-111.45744200035193,40.47262299965901],[-111.45577799974718,40.47619500015367],[-111.45745800024547,40.47619599986055],[-111.45746499991816,40.47804900029591],[-111.45504100032854,40.481764000141595],[-111.45750299955299,40.48174800000718],[-111.457730000232,40.48417900031133],[-111.46045699977034,40.484721999857804],[-111.46432400003178,40.481669000269925],[-111.4700850001534,40.481335000214905],[-111.47044400017862,40.4787390002479],[-111.47667099955726,40.47387299970007],[-111.47647800011171,40.45372700008925],[-111.47844099956889,40.451008000177374],[-111.47733699972912,40.44492199995149],[-111.4891779998146,40.44070699996211],[-111.49310299980235,40.43645799972054],[-111.48758199988022,40.417191999683816],[-111.4784690000563,40.412668000284505],[-111.47628399994296,40.41561900033064],[-111.47230399970363,40.41612000021737],[-111.46501299976987,40.42047499994062],[-111.46479900040794,40.416745999982375],[-111.45971299978068,40.41771300008712],[-111.45745999989528,40.42262199976489],[-111.45727099974938,40.42782100017131],[-111.45210499965452,40.42925600031769],[-111.44201600003733,40.427924000286374],[-111.44016499983483,40.42428300004221],[-111.43516500031961,40.4240590003315],[-111.43606900014285,40.42152499995357],[-111.43440799991113,40.420045999766444],[-111.43798100044471,40.418462000045785],[-111.43788699983507,40.409218999791825],[-111.43113300020173,40.411146000053314],[-111.41949200013278,40.40982699996191],[-111.41465900012385,40.407717999729975],[-111.41281399976913,40.397031999858804],[-111.40522099971157,40.3964109997413],[-111.39672300000588,40.398781000093436],[-111.39229300040306,40.40631100019082],[-111.3873209995786,40.406579000025424],[-111.38237399976686,40.409235000100665],[-111.38317700020606,40.41170200015846],[-111.38144200035453,40.415365999852206],[-111.37482500009025,40.41372100025234],[-111.3591860002386,40.395074999807306],[-111.34960499971122,40.39014999996972],[-111.34816299976262,40.383327999809964],[-111.34399500010062,40.37957400018648],[-111.34050699995588,40.37315700011826],[-111.33303000024928,40.37128699970735],[-111.33095399991588,40.36760200012815],[-111.33191100034088,40.36578199996963],[-111.33063199970061,40.360635000259464],[-111.32194099965106,40.35056500002376],[-111.32190300001622,40.33456400006806],[-111.4519210004298,40.33427200015402],[-111.44495500018606,40.32923799982679],[-111.4445500001301,40.326137999673705],[-111.43787400031458,40.32152300030221],[-111.4411919996817,40.32003499986173],[-111.44279099998913,40.31389700020183],[-111.45039599974224,40.30521800011964],[-111.47181300033226,40.292122999667406],[-111.48779399959233,40.28874299983042],[-111.49469100023911,40.289681999962355],[-111.50074400043879,40.28483800019425],[-111.5092630000609,40.284305000299184],[-111.51309000013936,40.28259200028441],[-111.51663199981245,40.27776500017345],[-111.52496499966172,40.27310700025464],[-111.53467500006055,40.2636550001581],[-111.53690000035687,40.264670999952905],[-111.53691500042547,40.26116599998919],[-111.54241500043119,40.26118699990734],[-111.54237100005024,40.24683899967337],[-111.55191700041756,40.2469209998973],[-111.55189499977796,40.24323099981723],[-111.57098199959134,40.24332799978946],[-111.57095499982717,40.23957299974863],[-111.5899449995562,40.23958299973406],[-111.58987699978412,40.23579000004011],[-111.61817500022909,40.23551199968307],[-111.61762000038533,40.20165799993027],[-111.62011599994496,40.20040599979855],[-111.61254299997888,40.192177999803775],[-111.61071500024094,40.187058999852],[-111.6137129999409,40.187062000183246],[-111.61371399976582,40.18567100027545],[-111.62032799965706,40.18612500030781],[-111.61805700022832,40.18110900028769],[-111.6179850002583,40.17108299966212],[-111.6227589998177,40.172955000241416],[-111.6279120003921,40.171954000000866],[-111.6279199998897,40.16675700030264],[-111.63751899996045,40.16683600013054],[-111.63738900026411,40.149673999745914],[-111.63936000011718,40.14462700014892],[-111.60973699989952,40.14479700026992],[-111.60898600023718,40.146850999897765],[-111.6076220001064,40.14661399972981],[-111.60883899992407,40.144764000097915],[-111.60529899990078,40.14480299986248],[-111.61444400041009,40.132127999955486],[-111.61487100020734,40.1273070000339],[-111.59162199968141,40.09431499993166],[-111.58871900041599,40.082721000225554],[-111.56779100044584,40.06042800018793],[-111.55989399971635,40.056063999703795],[-111.5484979998698,40.05313000010718],[-111.54802099984381,40.045868999996614],[-111.54524999992455,40.04267500030073],[-111.53494000037442,40.03831199991329],[-111.51604799965637,40.03377199975919],[-111.51938799966311,40.0336739999806],[-111.50723000028353,40.02593500023657],[-111.51499400004529,40.02009800032924],[-111.52333899959012,40.02015000014739],[-111.52400499976198,40.01672500028064],[-111.52597899998811,40.01520699975127],[-111.5254919999164,40.010889999721364],[-111.53052999996477,40.005336000127144],[-111.53156299965943,40.00089999991496],[-111.5290319999397,39.99824399965716],[-111.52928399983476,39.995659000246825],[-111.5391840002044,39.9962729999992],[-111.5417890004423,39.98576300003963],[-111.5442819996289,39.982864000303],[-111.54049599955833,39.97919899983704],[-111.54269599974027,39.97804999988939],[-111.5489139997964,39.9769659996636],[-111.56330400004329,39.979276999817955],[-111.57520500040326,39.979348999986094],[-111.58825099971254,39.97642100034014],[-111.59049000025254,39.97733399985698],[-111.58880100043176,39.979975999935455],[-111.59205500022478,39.98293000003541],[-111.58338900028959,39.98031800017368],[-111.5841220004086,39.98183700018425],[-111.58914600021325,39.985914000320264],[-111.59638500026847,39.98610999995429],[-111.59365600018201,39.98843700000019],[-111.59998600039113,39.98889100004791],[-111.60049299965601,39.99415500012087],[-111.60125400026244,39.991596000209846],[-111.60339699964467,39.993945999876836],[-111.60526700011374,39.989512000321966],[-111.61017299991762,39.989924000293385],[-111.61373100038257,39.98679700016988],[-111.61631499980575,39.977496999954745],[-111.62282999996279,39.97798100033984],[-111.62552700026221,39.97407799990792],[-111.62830999987703,39.97294200007341],[-111.63990599974015,39.976101999682086],[-111.65580800025583,39.98378100024997],[-111.65989899992493,39.98370199978426],[-111.66025600030031,39.993666000197244],[-111.68464999977559,39.99454699971],[-111.68470199965412,39.99815500032079],[-111.68929299981373,39.99814000032074],[-111.69117300032856,40.001033000113765],[-111.69122299965895,39.99812899995151],[-111.70060099979676,39.99811499985449],[-111.70072899984326,40.00012699990211],[-111.70207299988257,39.99952399985203],[-111.70495699977974,40.00332499995547],[-111.70313599971446,40.00360800011572],[-111.70062799956094,40.00060299995353],[-111.70093700025573,40.01251799981961],[-111.70379600003855,40.01249299980186],[-111.71060800029652,40.018335000260436],[-111.71619399961763,40.026863999709505],[-111.7223439999017,40.026470000270336],[-111.7224500002069,40.02410299991431],[-111.72110399961947,40.0202439996916],[-111.71653000007662,40.01597100006501],[-111.72027900033729,40.01596399978219],[-111.72019499977337,40.01235599973482],[-111.72981800013358,40.0122469999923],[-111.7297219998741,40.008628999931695],[-111.7332279995622,40.00861599967834],[-111.73440900029318,40.010667999920635],[-111.74583799975171,40.010851999967855],[-111.74438199955944,40.01573499966714],[-111.75093400042469,40.01575399990724],[-111.750948999595,40.0121660000204],[-111.75425400033996,40.012045999783425],[-111.75513999972154,40.01652299986096],[-111.75860000027717,40.016568999757084],[-111.7586160001707,40.01874999989409],[-111.76240100041638,40.01873500029115],[-111.76230799963164,40.00568199989203],[-111.76526500022204,39.98570200005499],[-111.76919000020982,39.978802000010454],[-111.77806700003221,39.97074800028976],[-111.77682799957489,39.97072699998642],[-111.77654700026581,39.96453400002188],[-111.78200700008857,39.96449599994814],[-111.7840239999724,39.96283300027612],[-111.77926899978125,39.957312000331925],[-111.7772929999053,39.94946500006448],[-111.77232199980408,39.94194000024111],[-111.76613200023537,39.93735799982833],[-111.76171099995507,39.93046700018662],[-111.75608600027589,39.92694400002414],[-111.75341599974064,39.922489000282724],[-111.75581900031217,39.91826699987915],[-111.75348000021306,39.910473999936066],[-111.75386799965226,39.901857000007745],[-111.75128900025196,39.899200000207486],[-111.75561699974752,39.88929000015901],[-111.7587209997527,39.88760600029176],[-111.76099999957736,39.88388800011418],[-111.75832499991759,39.88051499982815],[-111.75783600019604,39.87659599973242],[-111.7380649997691,39.864178999817796],[-111.73409100027585,39.8539010000463],[-111.7377690003914,39.85131000005449],[-111.74660900040388,39.85002300032111],[-111.75011900028991,39.84103200014911],[-111.74877000022775,39.833106000087525],[-111.75848099955317,39.824497999876066],[-111.76637800028267,39.81067400016494],[-111.75466500024369,39.81226599978065],[-111.62147300040304,39.81316599972901],[-111.52835700044531,39.812026999972495],[-111.24749599958014,39.81302800006482],[-111.24774800037352,39.46719899987827],[-111.30090499972587,39.46723700029998],[-111.30125600025346,39.32343900016279],[-111.29972300006827,39.29453599965883],[-111.29938400013458,39.017822000216874],[-111.29817700036263,39.016823999881794],[-111.29843199973244,38.75180399968666],[-111.29913800008727,38.67232900003623],[-111.30701099962899,38.67233100026854],[-111.30570099992488,38.49999800031196],[-111.24894400027482,38.499830999824134],[-111.2483579995706,38.46917299989623],[-111.19340199989429,38.468805000008274],[-111.19362600020027,38.45460800031013],[-111.17523899999561,38.45471700035077],[-111.17507499996408,38.425717000209225],[-111.19345600032096,38.42576499968641],[-111.19357900034463,38.39679299974205],[-111.17517399969829,38.396815999859186],[-111.17529000004923,38.38246099975153],[-111.15697399998967,38.38241299967502],[-111.15680499993528,38.33903599991845],[-111.13837599989782,38.338954000268124],[-111.13835900017938,38.32448500017282],[-111.11960299990376,38.3245029998996],[-111.11960000042902,38.28533300032201],[-111.13947700026286,38.28385699967888],[-111.13752300012818,38.1928960002989],[-111.11952799956069,38.192761999725896],[-111.11964200026182,38.15238699990501],[-111.11453800009122,38.15235700013596],[-111.11465400044216,38.12505999997967],[-111.10538400025938,38.12427099997493],[-111.10529100037297,38.11736999997195],[-111.09610499985578,38.11745200032593],[-111.09582100017367,38.09593399995242],[-111.10516999999913,38.09587799989734],[-111.10511899994553,38.088701999883675],[-111.1144660001212,38.08864500020948],[-111.11456499985538,38.07416199966398],[-111.12332100020227,38.074279000127],[-111.12346500014232,38.059777000161205],[-111.11430600028763,38.059778000290066],[-111.11438599975524,38.030529999773755],[-111.06500999955232,38.03036999995718],[-111.06566300020371,38.021438000117946],[-111.07826099979934,38.014045000282565],[-111.0784569996179,38.010421000144994],[-111.08244699990297,38.00703899985725],[-111.06879399997305,37.96597599974169],[-111.05649000010528,37.93658600005848],[-111.05063699992215,37.918356000193924],[-111.03646500013346,37.897373000194676],[-111.02998699978636,37.88390999994872],[-111.01268199968014,37.85569699979388],[-110.99468100016317,37.84386400024057],[-110.98159899997054,37.83301299989968],[-110.97303799961733,37.81227799975849],[-110.97548399984657,37.8043989998436],[-110.97345299971903,37.79454400026963],[-110.96345500033844,37.76909300001831],[-110.93106700004928,37.71027499972717],[-110.9097149997566,37.6576370000762],[-110.8799559999948,37.621950999882706],[-110.86786499966406,37.61603999990856],[-110.86467899964309,37.6103400002205],[-110.8623139996047,37.58107499996565],[-110.85605700008882,37.55499900026978],[-110.84608800012224,37.54059199982658],[-111.8408180003307,37.5397090002739],[-111.84080900010989,37.53579499965267],[-112.18299000029732,37.536859000257955],[-112.18307800016088,37.52180099979341],[-112.20132600044839,37.521832999812375],[-112.20122099996809,37.449811999680556],[-112.22076100041635,37.449776999910334],[-112.22071399966235,37.434871999675515],[-112.23893900038362,37.43482899964341],[-112.23891900029216,37.43124899965816],[-112.25676699964825,37.43134800008381],[-112.25704000035805,37.427707999652576],[-112.26621199973323,37.42772799971519],[-112.2662240003271,37.41323899998229],[-112.28484300033534,37.413595999644286],[-112.28444699960193,37.40962800022535],[-112.30600899995689,37.40962400010258],[-112.30600099956096,37.39858099994589],[-112.41282200022547,37.39783700005048],[-112.42437200005783,37.39075500021765],[-112.44359899961333,37.39424599991154],[-112.4469620000846,37.384659999913225],[-112.45013600040998,37.38289799976384],[-112.45100900027107,37.38058600003486],[-112.44938700039745,37.374460000336754],[-112.45115400003603,37.37009900028349],[-112.45171899992555,37.36061899980113],[-112.45014899993045,37.35804100014319],[-112.45023299959604,37.34837700019283],[-112.45340699992143,37.341527000144175],[-112.45629099981859,37.32424199965726],[-112.46514000005189,37.31879200032793],[-112.48115399982225,37.301294000289026],[-112.4845289999891,37.29594299996803],[-112.48267600013678,37.29456300017753],[-112.49207600001589,37.29201299979681],[-112.4924919999425,37.2900060002647],[-112.49505600017253,37.28863700005432],[-112.49418900015921,37.28800599985343],[-112.49866999981565,37.28558099965381],[-112.50134500037375,37.28197300024531],[-112.50585000031964,37.28028299999513],[-112.50647799995836,37.27682699973005],[-112.51320900002547,37.27533100007011],[-112.51363699964763,37.27259499995613],[-112.52384699963865,37.269978000177254],[-112.52046599962404,37.2675320002901],[-112.52072799956485,37.26607100014144],[-112.52542300037986,37.26556700031253],[-112.52672800006108,37.266934999659966],[-112.53018600006861,37.265567999760876],[-112.53297899972918,37.26105300011235],[-112.5364850003156,37.25940099998705],[-112.53620400010817,37.258038000232496],[-112.54423200035893,37.25539700004669],[-112.54496700012776,37.238696999670395],[-112.54075599990975,37.2325050001803],[-112.54434500033682,37.22303999996254],[-112.54221499957677,37.22164899975955],[-112.53883799976009,37.21362800021807],[-112.53778199960091,37.20527199991338],[-112.53927299995328,37.202936999888124],[-112.53820900029646,37.19971199999076],[-112.53632799995675,37.19918999981692],[-112.53564900026441,37.19502000030164],[-112.54053999999968,37.18925199994378],[-112.54082200003198,37.186152999706664],[-112.53782299960878,37.18380700003923],[-112.5385919997128,37.18124199986891],[-112.53634100037556,37.179571000334185],[-112.53528500021633,37.17490599992263],[-112.53750999961433,37.17122100001166],[-112.53596700028172,37.167798000153425],[-112.53847999955981,37.16430400031667],[-112.53798800036353,37.156508000104466],[-112.54119399957766,37.15508599987796],[-112.5378589995938,37.1527560000199],[-112.54059100005331,37.15055899985824],[-112.53886899972223,37.149948999736324],[-112.5379430001577,37.14668500005596],[-112.54029200030257,37.1425259996436],[-112.53909100037839,37.139718999902485],[-112.54066300002333,37.13875800028454],[-112.53872200030746,37.1367300002539],[-112.53872300013236,37.133726999701295],[-112.54130300025592,37.13271499983955],[-112.53975900020008,37.131818999943135],[-112.54113900022439,37.12986299968152],[-112.53910800009683,37.12934100031202],[-112.54125600040025,37.129198999794696],[-112.54244999975339,37.12615500034974],[-112.54029999980015,37.12364200010408],[-112.54442399997954,37.12109900018677],[-112.54515200007569,37.11831399990676],[-112.54273699980858,37.11718199966149],[-112.54526199968053,37.116049999682794],[-112.54338299988896,37.11503399980139],[-112.5472929998081,37.11204600015772],[-112.5454409997807,37.109337000067185],[-112.54916599975188,37.10797300031217],[-112.5477010002371,37.10074800000224],[-112.54308099976517,37.0949859997848],[-112.53848299993287,37.07800300017627],[-112.53613600033613,37.074124000082364],[-112.53714599956625,37.06006200015866],[-112.53526299957672,37.05476400006672],[-112.54741500000682,37.054751000346975],[-112.54742500005256,37.05111199994804],[-112.54288999996945,37.05113199981321],[-112.54287400007594,37.047525999731576],[-112.53835800025938,37.047533999769485],[-112.53834999986347,37.039601999908086],[-112.54288400012167,37.03960000004819],[-112.5429350001753,37.037431999803474],[-112.54740300031126,37.0374020003257],[-112.54732600031838,37.040310000048024],[-112.55625400019437,37.04031800012935],[-112.55623800030087,37.036647000004926],[-112.56075699959213,37.036639000253885],[-112.56076300033824,37.03319600011454],[-112.55179600010415,37.033108999898474],[-112.55185200018065,37.02591700026499],[-112.5562769997606,37.026844999965434],[-112.55637800004295,37.022362000033915],[-112.56523399994893,37.02243399982258],[-112.56526599973598,37.01497800017379],[-112.57581200018598,37.01484700012494],[-112.57584499979795,37.00482900034784]]]}},{"type":"Feature","properties":{"GEOID":"49024","NAME":"State Senate District 24","BASENAME":"24","STATE":"49","SLDU":"024"},"geometry":{"type":"Polygon","coordinates":[[[-111.7219430000437,40.43823499966164],[-111.72079099962504,40.434395000184],[-111.7105659995654,40.43198699973127],[-111.70916200014996,40.427259000044735],[-111.70581999959508,40.42521899979931],[-111.70696399961783,40.419642000313495],[-111.68347399996578,40.38223000021779],[-111.67549000009599,40.373294999926806],[-111.66602800029258,40.36785100031401],[-111.65510299972591,40.365266000040315],[-111.6541179997118,40.36327999985771],[-111.65535899981894,40.358915000288405],[-111.66007800002508,40.3560419999247],[-111.66275699988283,40.35194599972606],[-111.65830999966326,40.35193899979739],[-111.65832100043222,40.33372999992833],[-111.69625099966157,40.33381099979527],[-111.69592900034462,40.31924599966481],[-111.70469099964095,40.319252000260995],[-111.68143299979249,40.2663820000601],[-111.6675210002948,40.25063900031485],[-111.66913599959743,40.251279000114764],[-111.67415199990447,40.24431200033225],[-111.68808699986671,40.24007399973856],[-111.68152900005197,40.23378300022101],[-111.64658400010381,40.23367000015271],[-111.64652800002732,40.22964599977576],[-111.63255500043024,40.21102799987654],[-111.62011599994496,40.20040599979855],[-111.61762000038533,40.20165799993027],[-111.61817500022909,40.23551199968307],[-111.58987699978412,40.23579000004011],[-111.5899449995562,40.23958299973406],[-111.57095499982717,40.23957299974863],[-111.57098199959134,40.24332799978946],[-111.55189499977796,40.24323099981723],[-111.55191700041756,40.2469209998973],[-111.54237100005024,40.24683899967337],[-111.54241500043119,40.26118699990734],[-111.53691500042547,40.26116599998919],[-111.53690000035687,40.264670999952905],[-111.53467500006055,40.2636550001581],[-111.52496499966172,40.27310700025464],[-111.51663199981245,40.27776500017345],[-111.51309000013936,40.28259200028441],[-111.5092630000609,40.284305000299184],[-111.50074400043879,40.28483800019425],[-111.49469100023911,40.289681999962355],[-111.48779399959233,40.28874299983042],[-111.47181300033226,40.292122999667406],[-111.45039599974224,40.30521800011964],[-111.44279099998913,40.31389700020183],[-111.4411919996817,40.32003499986173],[-111.43787400031458,40.32152300030221],[-111.4445500001301,40.326137999673705],[-111.44495500018606,40.32923799982679],[-111.4519210004298,40.33427200015402],[-111.32190300001622,40.33456400006806],[-111.32194099965106,40.35056500002376],[-111.33063199970061,40.360635000259464],[-111.33191100034088,40.36578199996963],[-111.33095399991588,40.36760200012815],[-111.33303000024928,40.37128699970735],[-111.34050699995588,40.37315700011826],[-111.34399500010062,40.37957400018648],[-111.34816299976262,40.383327999809964],[-111.34960499971122,40.39014999996972],[-111.3591860002386,40.395074999807306],[-111.36381699968287,40.40171700032149],[-111.36746800003424,40.40362700020554],[-111.37037500039594,40.409157999947475],[-111.37695300030217,40.414560000330404],[-111.38144200035453,40.415365999852206],[-111.38317700020606,40.41170200015846],[-111.38237399976686,40.409235000100665],[-111.39357200014501,40.405405000281156],[-111.39672300000588,40.398781000093436],[-111.40473899966274,40.396456000269474],[-111.4123040001312,40.396727999796425],[-111.41436700004579,40.40061300000571],[-111.41465900012385,40.407717999729975],[-111.42664199960124,40.411037000285134],[-111.43788699983507,40.409218999791825],[-111.43798100044471,40.418462000045785],[-111.43440799991113,40.420045999766444],[-111.43606900014285,40.42152499995357],[-111.43516500031961,40.4240590003315],[-111.44016499983483,40.42428300004221],[-111.44201600003733,40.427924000286374],[-111.45210499965452,40.42925600031769],[-111.45791699982976,40.42740499982101],[-111.45745999989528,40.42262199976489],[-111.45971299978068,40.41771300008712],[-111.46479900040794,40.416745999982375],[-111.46501299976987,40.42047499994062],[-111.47230399970363,40.41612000021737],[-111.47628399994296,40.41561900033064],[-111.4782439999254,40.410945000236765],[-111.48180200039036,40.41186899976902],[-111.48227699986818,40.41131199968736],[-111.48024300026592,40.41102699967633],[-111.4802359996949,40.4102969997829],[-111.48277999983343,40.41097200006324],[-111.4919520001069,40.4080289996755],[-111.49856400034834,40.41032699987833],[-111.50362400013802,40.41480999992686],[-111.50843000038277,40.41598700019885],[-111.50989700044572,40.41448300011442],[-111.5129939998799,40.41465500004028],[-111.51389400040347,40.41190900032687],[-111.52345400011617,40.40588799973032],[-111.52671600030509,40.405719000184135],[-111.52943199997277,40.40805900009791],[-111.5321100000056,40.40573800017046],[-111.53947700010735,40.40538600020083],[-111.54229900008023,40.40759800008817],[-111.54241399970796,40.41452399974297],[-111.54790299984303,40.419814999907324],[-111.54957599977031,40.42696100032343],[-111.55481399983519,40.43308700021991],[-111.5563429998224,40.43981100009112],[-111.55508099979889,40.44217500017261],[-111.55753600024897,40.44060799986196],[-111.56047100019975,40.44139400001776],[-111.56000400021952,40.43912499984202],[-111.56271099966636,40.438534999871145],[-111.57196699960542,40.448311000261384],[-111.57249600040826,40.45088400017426],[-111.57647199955132,40.453657999936325],[-111.57897300003216,40.45255500021658],[-111.5813919995989,40.45352999986132],[-111.58254900004044,40.45058800005767],[-111.58729099981281,40.45167600022708],[-111.59042300030539,40.44955599970823],[-111.59545999963052,40.45096700022921],[-111.60628300008997,40.45019599994739],[-111.60973699989952,40.44578100032169],[-111.60898600023718,40.44080400013289],[-111.61171199995057,40.43716499972697],[-111.60816299970648,40.43490000032508],[-111.60845499978453,40.432299000004626],[-111.61045599977483,40.430917999895776],[-111.61768200030959,40.438495999687156],[-111.61573999987048,40.44366799976831],[-111.61832900021486,40.44881499966642],[-111.62095199999612,40.44977700032172],[-111.61945399997104,40.45331500025459],[-111.62599300041754,40.45121599977911],[-111.63097200001636,40.44721200014971],[-111.63865399976237,40.447100000291904],[-111.64437399987612,40.45058800005767],[-111.64058699998063,40.44655099983341],[-111.64121700016747,40.44563200030668],[-111.6469079999689,40.44947000033098],[-111.65131800037855,40.449265999857715],[-111.66223700019913,40.45373399969461],[-111.67585199959592,40.44872099978201],[-111.71030899964747,40.443055999718446],[-111.7219430000437,40.43823499966164]]]}},{"type":"Feature","properties":{"GEOID":"49001","NAME":"State Senate District 1","BASENAME":"1","STATE":"49","SLDU":"001"},"geometry":{"type":"Polygon","coordinates":[[[-114.0440030001207,40.689977000124394],[-114.00847200036662,40.689750000298666],[-114.00856500025306,40.7332469998706],[-113.99903099958131,40.733264999714265],[-113.99904800019807,40.74655699997991],[-113.96988699993777,40.74189000018554],[-113.94448099978588,40.74032399984373],[-113.38175000044694,40.7280999999719],[-113.13783200004553,40.72544200000464],[-112.98925800027118,40.76599000004456],[-112.97956799996385,40.77132299969388],[-112.92982500023808,40.80993199969046],[-112.90451000032282,40.82117500014133],[-112.89572200018888,40.82269399971201],[-112.88738299959353,40.820582999676056],[-112.77135500029209,40.757999000189415],[-112.63253100020123,40.74300899974793],[-112.57283000037953,40.702088999969796],[-112.56316000016368,40.6909620003005],[-112.56320899966917,40.67910099974712],[-112.54415500036603,40.67912100009556],[-112.54398700013653,40.67183599980332],[-112.54980799963433,40.67183100019243],[-112.55075199964053,40.65367699996008],[-112.55306499980038,40.65367699996008],[-112.55297399956379,40.65005700013342],[-112.55773999962557,40.650069000253964],[-112.55783099986216,40.64276600013566],[-112.55317699995338,40.64276600013566],[-112.55327900006063,40.63912200002056],[-112.53790299997472,40.63921800029421],[-112.5386479997893,40.635752999783854],[-112.54274400037957,40.635752999783854],[-112.54240899974552,40.60639499972391],[-112.51149599991523,40.60683800006998],[-112.51141700027253,40.60321099978966],[-112.50795000004416,40.60324399991225],[-112.50725100026034,40.57052600019177],[-112.47039800020829,40.57092799970028],[-112.470188000146,40.563615999931336],[-112.46552400019144,40.56337400014037],[-112.36741000036834,40.56465800011372],[-112.36743700013251,40.57700800030551],[-112.37015600017324,40.585479000319495],[-112.36448000044041,40.585504000016016],[-112.3645349997937,40.588464999759175],[-112.37023099961799,40.58831499989444],[-112.3703999996724,40.59379500003725],[-112.4186319998526,40.593288000096855],[-112.42124899978606,40.59220299998171],[-112.42134099984756,40.599560999741385],[-112.40873800022906,40.60028700012314],[-112.38695400011623,40.60637100014781],[-112.33306700011961,40.63378500009599],[-112.33301400041617,40.63050699968912],[-112.31388499987166,40.63082099968551],[-112.3137889996122,40.62352800009968],[-112.29302499967355,40.62374900032131],[-112.28786899962442,40.64186799969466],[-112.28915099973943,40.65322800002758],[-112.28417200014061,40.65445500028781],[-112.27627199993641,40.65315800022274],[-112.26381699955759,40.66024599993815],[-112.25883499958572,40.664652000022826],[-112.25101499974745,40.675799000153205],[-112.25080700023331,40.68597200007294],[-112.25530200013347,40.70149399970321],[-112.25451600031099,40.70507900009712],[-112.22407700013362,40.722909000208354],[-112.22745200030047,40.72530599975057],[-112.49351499959144,41.07688800009499],[-112.23816400043184,41.336550999784706],[-112.02847700012613,41.3365489999109],[-112.02225300022221,41.34381199984192],[-112.00838600003206,41.34384800029123],[-112.00419499990551,41.34618100008423],[-112.00315800001289,41.349460000334204],[-111.99597599985908,41.34954900028261],[-111.99221200042811,41.353279000050826],[-111.97806400003056,41.35843499987705],[-111.97017899989496,41.36366299975523],[-111.96318000003924,41.36533499987328],[-111.97495500000248,41.37718899982787],[-111.97422100005858,41.38206400005473],[-111.97579899955127,41.384469000152826],[-111.96918399983512,41.39131200030903],[-111.96745499983138,41.39551800009192],[-111.96760899981714,41.40961399981274],[-111.97149699999498,41.41437800018381],[-111.97247199996332,41.420052999844714],[-111.96375900017247,41.425184999815116],[-111.95877100035281,41.433860000127524],[-111.9549390002515,41.43209000004821],[-111.95298000009394,41.42828799968169],[-111.94054599963154,41.4204719999983],[-111.93828500024854,41.41587799982961],[-111.9318760003967,41.41627299989819],[-111.92635499957629,41.41253499979259],[-111.91406699960204,41.413069999852816],[-111.90820300044655,41.4159310002461],[-111.90549699992631,41.414917000207396],[-111.90488199980807,41.41807400002697],[-111.90141899977768,41.41943900025891],[-111.89301200030856,41.41809499967779],[-111.89149800038999,41.422785999790456],[-111.88553200022893,41.426342999706264],[-111.87567600024023,41.423661000205136],[-111.87227000011126,41.421305000032746],[-111.87904800003402,41.41679400011647],[-111.87999600023821,41.41391399987713],[-111.87563900043031,41.410186000296946],[-111.87515499983334,41.404939000095794],[-111.8684430000328,41.39856299986079],[-111.86294200020215,41.399627000076315],[-111.86101999985456,41.396189999867055],[-111.85700000033057,41.396744000186864],[-111.85492999984494,41.394347999795805],[-111.84273700030526,41.392201000080895],[-111.83673699980902,41.387944000022756],[-111.8331859999151,41.3899380003253],[-111.82952600024122,41.389472999897436],[-111.8278569996136,41.39269599973788],[-111.82010200007265,41.39191399972165],[-111.81360600018218,41.38799700031191],[-111.79762599984872,41.3923689999827],[-111.7929080003658,41.391433999726885],[-111.78922500022738,41.38457700003381],[-111.78373600009233,41.38223300011084],[-111.7807280003466,41.37861800005183],[-111.7716120001496,41.375927999805846],[-111.76707500041665,41.37034800003491],[-111.76059000039686,41.368817999677766],[-111.75252100013824,41.3706290000052],[-111.74629899988415,41.36978500006025],[-111.73773900025417,41.37421799969477],[-111.72614300039108,41.376071000203424],[-111.72517500009542,41.37793800015785],[-111.72717100006288,41.382018000047196],[-111.72632499996595,41.385573000291295],[-111.71617199987634,41.39488700021686],[-111.71211899984208,41.39505199976857],[-111.71072899977202,41.3965099997569],[-111.71239199965355,41.399280999780665],[-111.70654299966834,41.404854999936035],[-111.70672099994358,41.413019000015694],[-111.71783499975787,41.416052999934664],[-111.72288399967687,41.42303399995057],[-111.72146600001774,41.42735699984593],[-111.71867199963393,41.424747000102705],[-111.7140150002504,41.42512999969511],[-111.71188299984051,41.42318199989901],[-111.70741700025269,41.425278000255],[-111.70409399996439,41.421047000147794],[-111.69598200004805,41.41706899984861],[-111.68967299975535,41.418500999676624],[-111.68853899977833,41.420850999926],[-111.68516199996166,41.421363999948646],[-111.68558299991116,41.42314199974595],[-111.6791930003259,41.42720499974593],[-111.6666690003501,41.42879100021066],[-111.66058900038624,41.41893199996106],[-111.65234600005036,41.41073200007282],[-111.65255600011264,41.40779000026741],[-111.64773499979925,41.405431000102176],[-111.64389500020032,41.40607800011771],[-111.64312000024852,41.410648999800486],[-111.64010699958159,41.41451699988171],[-111.63123300013227,41.418276999735596],[-111.62662199988115,41.41763100032458],[-111.6185779997369,41.422380999937246],[-111.61239099964291,41.42176999972],[-111.61135299992537,41.419497000176214],[-111.60898399968903,41.41889599996082],[-111.59854199989442,41.42135099985758],[-111.58408600042358,41.41833599970778],[-111.57503399980071,41.4289170001211],[-111.57147500040915,41.425042999936785],[-111.56435600000454,41.423155000152036],[-111.55755499961722,41.4248010002823],[-111.55424999977059,41.42384800020799],[-111.55137000007137,41.41372400027897],[-111.54499600037964,41.409570999910834],[-111.54350300037744,41.40548400028326],[-111.54120100008824,41.405175000284395],[-111.54031900000632,41.40897999984857],[-111.53387499999438,41.41139000032168],[-111.53180700005692,41.414564000221155],[-111.52142100033879,41.416038999728045],[-111.51756499994802,41.42167700031834],[-111.51081499961433,41.42313799993136],[-111.51066599965142,41.4278290001571],[-111.50712200032848,41.4291370002873],[-111.50671999974728,41.43308500009459],[-111.50076100015724,41.43762400026163],[-111.50599099982622,41.443779000034915],[-111.50293600022484,41.44884099982192],[-111.50507199993437,41.45187200027183],[-111.50324199964825,41.453724000193745],[-111.50353799992428,41.459410999765225],[-111.50098200009018,41.46188099982747],[-111.50075699995928,41.46444899986696],[-111.48989800041313,41.466331000333206],[-111.48864100041249,41.46873400006292],[-111.49049000006686,41.472604999906174],[-111.4815389997263,41.476752000220564],[-111.48222300033983,41.478768999905135],[-111.47993100009636,41.483826999834825],[-111.47558900035709,41.48859900020199],[-111.47505899972936,41.49480800004108],[-111.47803100038838,41.497385000028146],[-111.47533599973879,41.498254000187444],[-111.4747020002523,41.50008800003381],[-111.47818600019907,41.503755000276136],[-111.4667119996364,41.50950999967161],[-111.46459600001833,41.51510799971032],[-111.45676600013432,41.52055699967687],[-111.45763399997257,41.5238060002301],[-111.45607999987098,41.526874000211286],[-111.45884599976736,41.52889800020858],[-111.4588890003234,41.53180799999936],[-111.45282299970492,41.5299629997302],[-111.44246399975097,41.53226400016339],[-111.4417599999443,41.53539699969718],[-111.44511199964657,41.544387000000945],[-111.44262399958455,41.546130000188356],[-111.44201500021241,41.54914600021472],[-111.43346200025513,41.55296200012515],[-111.42941699971847,41.56687999982575],[-111.43063500025936,41.56873000030304],[-111.43038400018918,41.57694400013888],[-111.42763599983616,41.57864499989412],[-111.42717800007676,41.58113700030435],[-111.42687900032601,41.58581299985662],[-111.42919699961043,41.59002399981439],[-111.42722499993242,41.59276599969873],[-111.42799400003646,41.6057770000276],[-111.42653600019433,41.610680999921414],[-111.42985500028468,41.618392999887355],[-111.4228029998272,41.62403699986274],[-111.41708000023871,41.622566000086984],[-111.41069899997599,41.62717999990825],[-111.4165079997782,41.63914299966616],[-111.40886500039025,41.64467099971801],[-111.40809600028624,41.649424000174704],[-111.40163399983264,41.654076000306546],[-111.4021529996914,41.659256999797094],[-111.40667100005608,41.662938999672306],[-111.405722000027,41.66491999983669],[-111.4068209998439,41.666583000020196],[-111.4139949996018,41.66661899995838],[-111.4146709998194,41.675573999734354],[-111.42131099964992,41.674141000006415],[-111.42591400040341,41.67673000024746],[-111.42541499973781,41.67389899968153],[-111.43123500030899,41.66706499998333],[-111.43287599955089,41.66773600000487],[-111.43015499986035,41.672924000160236],[-111.43716100028705,41.66681500016332],[-111.43573299968386,41.662295000077506],[-111.43760300015295,41.66055600007684],[-111.47582500035864,41.651763999907374],[-111.48466199999808,41.65287000014695],[-111.49795300042804,41.64834499973415],[-111.51612999967213,41.64664900003666],[-111.52526199976265,41.641749000028945],[-111.53601200042715,41.64174099986401],[-111.54967000037995,41.64473200010692],[-111.5517440001652,41.64962599991859],[-111.5584669998364,41.655254000300836],[-111.56286300000234,41.655003000197276],[-111.56917300011995,41.65842200001962],[-111.56671799966988,41.651255000183234],[-111.57270399992241,41.65055499968402],[-111.57668300033684,41.64828199973919],[-111.5848610003754,41.65323800019518],[-111.59438199973002,41.652475999949964],[-111.59678600012647,41.65471100024183],[-111.6046529998204,41.655434999974396],[-111.61192799986064,41.65857399987127],[-111.6288839999874,41.65948300018121],[-111.63333200003187,41.6633360001015],[-111.64854499991115,41.661033000328835],[-111.66139000027731,41.6631810002624],[-111.66781900022063,41.65984900004747],[-111.6766319995706,41.65840299976125],[-111.6835099999508,41.659199999744295],[-111.69813600019924,41.651897999984854],[-111.70648900014,41.64283399968829],[-111.72190899970852,41.6485500000053],[-111.7238999996531,41.65317099990706],[-111.73042999987875,41.65780000005942],[-111.73768599965243,41.65612800012264],[-111.74717199974526,41.659536999995204],[-111.75951999999394,41.65594000001946],[-111.80226200021416,41.665299999707315],[-111.80691399957482,41.668925000133676],[-111.80873800001315,41.67597999976571],[-111.8301379999864,41.67737500009937],[-111.83206000033401,41.67850199973662],[-111.8321080000146,41.680034000034716],[-111.83035399989647,41.68025999994959],[-111.83221900034268,41.68138199975726],[-111.83268899979764,41.687568999880384],[-111.84267700003083,41.686510999751725],[-111.84331100041564,41.6892509997825],[-111.84329600034701,41.686450000022916],[-111.84754299965172,41.686446999946774],[-111.84788499995848,41.69289800025604],[-111.85248299979081,41.692890999885385],[-111.85246400042254,41.69103200021314],[-111.85488999966199,41.6910160000506],[-111.85491999979921,41.69288999973656],[-111.86218499979371,41.692849999807336],[-111.86215600037971,41.690844000064544],[-111.86666700017338,41.691834000242004],[-111.86691700041862,41.68734699974225],[-111.86206299959498,41.68736199991171],[-111.86205599992226,41.68550499998141],[-111.86694699965754,41.685511999814125],[-111.86691300022066,41.68087600031888],[-111.87173199998591,41.68088400031974],[-111.8717739998187,41.68465599996406],[-111.87450399973008,41.68394699968153],[-111.87660600000274,41.685493999763644],[-111.87866999974226,41.68346600029549],[-111.87630200022912,41.68213699991867],[-111.87874199971228,41.67971099997488],[-111.87633599966601,41.67823899985186],[-111.87948200040229,41.67897800018545],[-111.88129000004876,41.67528100003935],[-111.88297800004464,41.67546699986979],[-111.89659900018752,41.66192300026543],[-111.90221499964588,41.66207499990708],[-111.90499899998393,41.6681190002913],[-111.92610100003137,41.66926400017811],[-111.9264960000416,41.67397400006529],[-111.93598399978426,41.68079299991582],[-111.93795600036057,41.67843300016166],[-111.94693399956697,41.675823999759146],[-111.9461739996838,41.67463699976401],[-111.9491170000305,41.673784000175935],[-111.94912299987827,41.670726999821085],[-111.97351100040409,41.670500000155464],[-111.97356499993245,41.67414399998532],[-111.97589700035888,41.67592400016818],[-112.00147500003989,41.66781399979065],[-112.00138600035143,41.66945599967276],[-112.00924299999961,41.66310699999544],[-112.0093750002441,41.665289999969],[-112.01818099992137,41.662514000217435],[-112.0275170002264,41.67175900013381],[-112.0309040000888,41.68183900032134],[-112.03662599985238,41.68279600017942],[-112.04626900030402,41.6880410001182],[-112.04922799964598,41.696710000099394],[-112.05186899986887,41.69990599997246],[-112.05164999958576,41.70414599988185],[-112.04279200002996,41.7104329999854],[-112.04547199971263,41.71857700004954],[-112.04501800015117,41.7274330002488],[-112.04275000019716,41.73250399985932],[-112.04397500041075,41.73525399991177],[-112.03349799955772,41.75046200002155],[-112.03138600013764,41.759527999930135],[-112.03317100021789,41.766823999795406],[-112.02655099958055,41.772276000062796],[-112.02637099965551,41.77641199984801],[-112.0199490002832,41.78004899979708],[-112.01409600010005,41.7809069996675],[-112.00869599965344,41.79490200022594],[-112.01818799959408,41.80456799972422],[-112.02971800023325,41.80849999994329],[-112.0293540001852,41.81244799993305],[-112.03093599987584,41.81550100026884],[-112.02849499966946,41.820110999755535],[-112.03481099963489,41.82392500021421],[-112.0354600000883,41.8273140000069],[-112.0382600003199,41.82831500014954],[-112.046153999778,41.842036000071374],[-112.04806000023208,41.84810799972942],[-112.04649799973458,41.85093699982153],[-112.05255799960696,41.862343000213926],[-112.05153699960786,41.86439200015054],[-112.05253099984279,41.86586099970151],[-112.05539899984642,41.86584300002151],[-112.0585870004155,41.86848399983993],[-112.06398199994092,41.86795200007052],[-112.06400500040547,41.875806999851534],[-112.06797399987582,41.88186700001052],[-112.07375400026403,41.88661799984246],[-112.08549400006719,41.903310999866555],[-112.10514999996809,41.9108609997203],[-112.10880799999214,41.91643899980044],[-112.11344699983233,41.918316999825514],[-112.11822200011495,41.92312200016602],[-112.12267500018233,41.92948700025627],[-112.12511899986342,41.943048000256404],[-112.1341789999839,41.958980999964],[-112.13751800016574,41.963812000032064],[-112.14265199957525,41.96349100004563],[-112.14455999967916,41.967267999804136],[-112.15070900013832,41.97028199970037],[-112.15448400033823,41.98619899991826],[-112.15787500039862,41.99142000002853],[-112.16610799979043,41.9960070001338],[-112.1591840002778,41.998382000147345],[-112.17314799965403,42.00151499997327],[-112.94468499993997,41.99867300028044],[-113.87334899995753,41.988181999870925],[-114.04147700042382,41.993872999699974],[-114.0394610003649,41.71887400001755],[-114.0440030001207,40.689977000124394]]]}},{"type":"Feature","properties":{"GEOID":"49008","NAME":"State Senate District 8","BASENAME":"8","STATE":"49","SLDU":"008"},"geometry":{"type":"Polygon","coordinates":[[[-111.97106900037281,40.87664500016832],[-111.96890699982568,40.87410700027436],[-111.96935399971443,40.87213800006873],[-111.96357400022454,40.87155699994212],[-111.96449499976622,40.87101700020108],[-111.96289200015914,40.87000400005796],[-111.96396400021189,40.86631299984032],[-111.96265199995965,40.86359900032341],[-111.9664499997258,40.85786699976043],[-111.96604300002002,40.8549559998991],[-111.96159900017349,40.854233000126314],[-111.96449399994128,40.85344500028024],[-111.95966299958218,40.85215099971609],[-111.95889799967611,40.849244999984776],[-111.96321500019934,40.84850500010027],[-111.95597199994617,40.84921099973966],[-111.95292099964442,40.84464799987445],[-111.94978300020234,40.843125000323454],[-111.95162199981095,40.84157199975612],[-111.94673299972553,40.8379590000159],[-111.94287300003509,40.830493999963636],[-111.94668599986987,40.82384500010977],[-111.94628900020982,40.82179000033534],[-111.93778499975802,40.82180100012885],[-111.93898900005523,40.80821000019674],[-111.93533900042709,40.806972999935994],[-111.93392000004474,40.80443299991414],[-111.93713500037802,40.79785399983552],[-111.93566300029218,40.79106899981452],[-111.93920400014039,40.79106700028605],[-111.939359999776,40.787039000014204],[-111.93677999965246,40.787042000168995],[-111.93663700043562,40.78442100009467],[-111.93204600027602,40.78241599973735],[-111.91056099991395,40.78237499996907],[-111.91024700009459,40.775860999884564],[-111.90971700036516,40.77803799969198],[-111.89532000044555,40.77804200021372],[-111.89391100010894,40.7759719997143],[-111.8855649998409,40.775950999889446],[-111.88504299960907,40.77398699985286],[-111.87455099958575,40.77397600029707],[-111.87455099958575,40.7773679997145],[-111.86559699977046,40.77735500009688],[-111.86559599994557,40.781882000192645],[-111.83883999990663,40.776395000215295],[-111.82935800001172,40.785263000221214],[-111.81539999958495,40.79167999984703],[-111.81441399974595,40.7979870003182],[-111.79975599971046,40.79842900023812],[-111.79981400033509,40.81240299972533],[-111.78714600041926,40.816878000004984],[-111.78715700028991,40.81967500002728],[-111.7405150001963,40.82490899990219],[-111.74078700018288,40.853372999947695],[-111.75198999968558,40.853269999892774],[-111.7472739998525,40.8599959998126],[-111.73891199969091,40.861173999848766],[-111.74030900033196,40.86523400010084],[-111.74637599987706,40.87090399985398],[-111.75199399988355,40.87237900025619],[-111.76355700013468,40.87362699981208],[-111.76867800002374,40.87223300011771],[-111.76837699972484,40.875450999899904],[-111.76512899977962,40.87830099982755],[-111.76174699994009,40.88526500018568],[-111.762156000194,40.887675999815734],[-111.76434399978206,40.88901700003927],[-111.77041000040055,40.88795000021192],[-111.77475999963742,40.89564999971028],[-111.78146099956729,40.89560499975552],[-111.78051900010921,40.89773799993849],[-111.77688200000155,40.89874800018418],[-111.77624900033999,40.90117099977155],[-111.78244800012952,40.91240699982095],[-111.79364399995956,40.91566400020344],[-111.79334100001084,40.92406600027336],[-111.7909580004291,40.92747399988583],[-111.7925080003327,40.93015500013846],[-111.7999420003816,40.92103799977919],[-111.80542800014362,40.91962100008402],[-111.8064109996096,40.9207670002156],[-111.80645800036355,40.91871299992494],[-111.80850200001159,40.917726000012294],[-111.8233640002616,40.91528799982451],[-111.82197599984137,40.91433399983196],[-111.82389800018899,40.91363499970374],[-111.82372999995948,40.91044799995982],[-111.82881999988638,40.91008199985505],[-111.83013200013863,40.908671999724774],[-111.83605899994161,40.90952999992738],[-111.83848099988141,40.907514999875694],[-111.85352399988138,40.90745499982898],[-111.85340000003283,40.914829999976455],[-111.86486899967434,40.91476500009961],[-111.86511999974451,40.91649999991076],[-111.86791199958014,40.91716500032038],[-111.87896900039132,40.91716999981838],[-111.87897199986605,40.915674000104886],[-111.88371100016367,40.915325999793865],[-111.88354700013214,40.913088000054486],[-111.89480999990931,40.91317899986441],[-111.89477899994718,40.91588700015812],[-111.90195000023031,40.91591100024537],[-111.9015190002351,40.91827700018857],[-111.90921500022482,40.91437300029153],[-111.91613700008763,40.90737199999147],[-111.92997199959245,40.90740799966387],[-111.93515500030409,40.90542000018201],[-111.9438160002164,40.90665700000523],[-111.9586430003063,40.912696999774084],[-111.95926599992215,40.896326999862495],[-111.96152800002838,40.8952820000871],[-111.96174399993846,40.893360000277305],[-111.96614699977708,40.891653000235536],[-111.96629400009019,40.88880199970215],[-111.9692469995843,40.88541500026772],[-111.9675560001137,40.88005899969531],[-111.97106900037281,40.87664500016832]]]}},{"type":"Feature","properties":{"GEOID":"49019","NAME":"State Senate District 19","BASENAME":"19","STATE":"49","SLDU":"019"},"geometry":{"type":"Polygon","coordinates":[[[-111.91564599981797,40.57216400027329],[-111.90915199957732,40.56672500020726],[-111.90797900014056,40.55893199992002],[-111.89840699983401,40.5588870003309],[-111.89493999960564,40.54431300007652],[-111.88174699998326,40.544322999964855],[-111.88176500042492,40.53702300030336],[-111.88318200025915,40.537024999952614],[-111.88315100029702,40.53453099972069],[-111.8817849996181,40.5339480002379],[-111.88180100040994,40.500680000238],[-111.86197899992938,40.50063000032155],[-111.86161800025437,40.49867099997227],[-111.85611599970049,40.500846000130636],[-111.85352300005647,40.49896800000625],[-111.85640000028094,40.49594500033589],[-111.87004200034022,40.490572999902966],[-111.86631499982087,40.4842950002437],[-111.86353300003096,40.48501299995848],[-111.86011900040437,40.478776000289585],[-111.8546379997669,40.47679000008411],[-111.8537299997457,40.47317200030459],[-111.85086099991716,40.473457000053564],[-111.85128500023968,40.47149799981793],[-111.85618199982275,40.471527999948954],[-111.85860299993763,40.46915699974879],[-111.85775099999293,40.46725299992654],[-111.86674400016625,40.45365399976681],[-111.86662000031771,40.44937700010153],[-111.86415099962393,40.446191999706215],[-111.85935299977508,40.44458400032102],[-111.85937399969147,40.44620900026202],[-111.84984400011602,40.44620699995559],[-111.84981900000166,40.44256200022335],[-111.84027199980946,40.44256900030794],[-111.84028100003027,40.44438199973453],[-111.83594099994083,40.44523300019533],[-111.83596000020741,40.4498809997155],[-111.83078200041696,40.44989300021365],[-111.83076499980021,40.4467789997203],[-111.82597199997423,40.448778000207575],[-111.82599100024079,40.44625999985273],[-111.82123600004967,40.4462919999381],[-111.82122000015615,40.438990999923035],[-111.8233020003373,40.4389950002816],[-111.8234770002395,40.43689000002191],[-111.82191599956691,40.43199299986851],[-111.78518800008663,40.43187600017248],[-111.78393799975868,40.444004000214555],[-111.77791399987132,40.44861099993938],[-111.77775200038793,40.464368999658916],[-111.77328500007685,40.46891499978878],[-111.76735099970288,40.468592999732465],[-111.76327000007953,40.46533499990894],[-111.74962299999737,40.46343499999226],[-111.74962299999737,40.457458000115984],[-111.74485000026287,40.457279999673844],[-111.73467500043196,40.46070200012814],[-111.7206769998222,40.45898100018636],[-111.70934999957262,40.469837000125054],[-111.69302299980784,40.47278699974195],[-111.69301000028733,40.4766130000046],[-111.69693699992493,40.485844000118654],[-111.69575100006938,40.502830000325666],[-111.68455600006426,40.51262500014501],[-111.68364700021816,40.515003000273005],[-111.68522200023612,40.5271749998253],[-111.68131599961663,40.53036100024477],[-111.6813139999668,40.5329180000351],[-111.67860400014693,40.53173699975922],[-111.6756879995644,40.53287400026112],[-111.672893000254,40.537697000254326],[-111.66397600024865,40.54129100009441],[-111.66139399957694,40.55003300025203],[-111.65673700019342,40.55180800032968],[-111.65030900007503,40.55116399972266],[-111.64496999972778,40.560777000024544],[-111.64170199969105,40.56242600024774],[-111.63789700025222,40.56797900006405],[-111.6057840003227,40.56438799997051],[-111.60215399988772,40.56910599993079],[-111.60223900027653,40.57532800009151],[-111.59807900011214,40.577907999904966],[-111.59878899976661,40.584461000236395],[-111.60814099996516,40.586599000068915],[-111.60876600012915,40.59383200003171],[-111.6106859999286,40.59569799980102],[-111.60940600036174,40.597765999942126],[-111.61453599957328,40.60187399994945],[-111.61771499992156,40.60019500011458],[-111.61806700027405,40.60326200009622],[-111.6254629997898,40.59738800013107],[-111.63001299994151,40.59905200002935],[-111.63162099957147,40.59695799997417],[-111.63571299996377,40.59774900026541],[-111.63381400008073,40.594117999980384],[-111.64116100009097,40.594116999985076],[-111.64115900044116,40.589443999808196],[-111.65714800009715,40.586949000024234],[-111.669555999722,40.57943999990859],[-111.6747019997254,40.58002100005108],[-111.67994700036131,40.575970999969],[-111.69973600033158,40.57370300017435],[-111.70269300002369,40.57074300030787],[-111.72604999960633,40.572737999988355],[-111.74358999988918,40.57106700001746],[-111.74741100011987,40.57224600014409],[-111.77198500041851,40.57177599983797],[-111.78845799977317,40.57701000012548],[-111.79220100018605,40.58064999983039],[-111.79223899982088,40.586507000326286],[-111.79438100027653,40.58595399977786],[-111.79627099993876,40.58184300007048],[-111.8005890002869,40.58183600018259],[-111.8012360001922,40.584821999896405],[-111.79873600043459,40.58675200000574],[-111.79811200009553,40.589600000246705],[-111.80411800043953,40.60237000030219],[-111.82340899956912,40.604778000318824],[-111.83300099996718,40.60788199978577],[-111.83164799970704,40.61078700005083],[-111.83273800020145,40.613174999932085],[-111.84435699963078,40.61588299979395],[-111.84960499974143,40.61471800006599],[-111.85804200024606,40.61800500029912],[-111.85859399971679,40.61491399982957],[-111.85309299988616,40.609533999747086],[-111.85316900005414,40.562711000266354],[-111.87214399971457,40.56993000026479],[-111.87217100037705,40.57326900001325],[-111.88494899989774,40.573239999972884],[-111.889663000081,40.569703000050794],[-111.90779400019264,40.56972499978659],[-111.91564599981797,40.57216400027329]]]}}]}